Setting random_seed seed for reproducible results.
2024-05-21 20:07:57 - WARNING  - Logging to: saved_models/model_MNIST_FedAvg_May.21_20.07.57_test
2024-05-21 20:08:09 - WARNING  - Running vanilla FL, no attack.
2024-05-21 20:08:09 - INFO     - {6: 1.0, 9: 1.0, 0: 1.0, 2: 1.0, 4: 1.0, 3: 1.0, 5: 1.0, 1: 1.0, 8: 1.0, 7: 1.0}
2024-05-21 20:08:13 - INFO     - {6: 1.0157183594208459, 9: 1.0158460907672462, 0: 1.0159257777608246, 2: 1.0153714046221431, 4: 1.0158284176742485, 3: 1.0153732130900897, 5: 1.0158313708275768, 1: 1.0157841601578148, 8: 1.0155457645469526, 7: 1.0156822118633888}
2024-05-21 20:08:13 - INFO     - 0.12222222222222222, 0.15555555555555556, 0.09259259259259259, 0.12962962962962962, 0.10740740740740741, 0.16296296296296298, 0.13703703703703704, 0.1111111111111111, 0.1111111111111111, 0.1037037037037037
2024-05-21 20:08:13 - WARNING  - Epoch: 0, Sum of Accs: 1.233, Sum of s_i: 10.156906770731132
2024-05-21 20:08:17 - INFO     - {6: 1.0310411950232667, 9: 1.0312588163729166, 0: 1.0314181903600734, 2: 1.0303094440827105, 4: 1.0312234701869212, 3: 1.0301631833314313, 5: 1.031043623105281, 1: 1.031025370433101, 8: 1.0305082862451571, 7: 1.0307855981431244}
2024-05-21 20:08:17 - INFO     - 0.08518518518518518, 0.11851851851851852, 0.07777777777777778, 0.10740740740740741, 0.0962962962962963, 0.12962962962962962, 0.09259259259259259, 0.07777777777777778, 0.08518518518518518, 0.08888888888888889
2024-05-21 20:08:17 - WARNING  - Epoch: 1, Sum of Accs: 0.959, Sum of s_i: 10.308777177283982
2024-05-21 20:08:21 - INFO     - {6: 1.0459949211912893, 9: 1.0463402738873397, 0: 1.0465793348680748, 2: 1.0449162154520304, 4: 1.0462872546083464, 3: 1.0447717631686977, 5: 1.0461103606800346, 1: 1.0460851903043118, 8: 1.0452894175392864, 7: 1.0457434697199095}
2024-05-21 20:08:21 - INFO     - 0.14074074074074075, 0.17407407407407408, 0.17407407407407408, 0.17037037037037037, 0.1814814814814815, 0.1814814814814815, 0.2037037037037037, 0.13703703703703704, 0.16666666666666666, 0.16666666666666666
2024-05-21 20:08:21 - WARNING  - Epoch: 2, Sum of Accs: 1.696, Sum of s_i: 10.458118201419321
2024-05-21 20:08:25 - INFO     - {6: 1.0605981938714133, 9: 1.0610376519288465, 0: 1.0613563999031599, 2: 1.0591389073484339, 4: 1.0609669595568554, 3: 1.0589962635330479, 5: 1.060793018781872, 1: 1.0607609307026065, 8: 1.0596864693604995, 7: 1.0603172618237782}
2024-05-21 20:08:25 - INFO     - 0.09259259259259259, 0.14814814814814814, 0.14814814814814814, 0.14074074074074075, 0.13703703703703704, 0.1259259259259259, 0.16296296296296298, 0.11481481481481481, 0.12222222222222222, 0.14074074074074075
2024-05-21 20:08:25 - WARNING  - Epoch: 3, Sum of Accs: 1.333, Sum of s_i: 10.603652056810514
2024-05-21 20:08:29 - INFO     - {6: 1.0748713121884965, 9: 1.07543850159233, 0: 1.0757731648705178, 2: 1.0729693915653238, 4: 1.0752863644376371, 3: 1.0728285562178843, 5: 1.0751153768159818, 1: 1.0749208358457079, 8: 1.0735368402719256, 7: 1.07434437301786}
2024-05-21 20:08:29 - INFO     - 0.08518518518518518, 0.11481481481481481, 0.13703703703703704, 0.11481481481481481, 0.1111111111111111, 0.08148148148148149, 0.14074074074074075, 0.08888888888888889, 0.08518518518518518, 0.1037037037037037
2024-05-21 20:08:29 - WARNING  - Epoch: 4, Sum of Accs: 1.063, Sum of s_i: 10.745084716823666
2024-05-21 20:08:34 - INFO     - {6: 1.0888338351978515, 9: 1.0894986242194713, 0: 1.0899129744912375, 2: 1.0865548280473618, 4: 1.0893288139717807, 3: 1.086415801167869, 5: 1.0891607795034537, 1: 1.088959320829637, 8: 1.0872966366787733, 7: 1.0882809097073631}
2024-05-21 20:08:34 - INFO     - 0.08518518518518518, 0.1111111111111111, 0.14444444444444443, 0.11851851851851852, 0.11481481481481481, 0.09259259259259259, 0.15185185185185185, 0.09259259259259259, 0.1, 0.1111111111111111
2024-05-21 20:08:34 - WARNING  - Epoch: 5, Sum of Accs: 1.122, Sum of s_i: 10.8842425238148
2024-05-21 20:08:38 - INFO     - {6: 1.1025001880516054, 9: 1.1032641112201864, 0: 1.103758148485531, 2: 1.0998456289029739, 4: 1.1030766278794981, 3: 1.0997084104914276, 5: 1.1029115465644994, 1: 1.1027031701871401, 8: 1.1007617974591948, 7: 1.1019228107704402}
2024-05-21 20:08:38 - INFO     - 0.18888888888888888, 0.23333333333333334, 0.22592592592592592, 0.17777777777777778, 0.18888888888888888, 0.18518518518518517, 0.18888888888888888, 0.2037037037037037, 0.18518518518518517, 0.1962962962962963
2024-05-21 20:08:38 - WARNING  - Epoch: 6, Sum of Accs: 1.974, Sum of s_i: 11.020452440012498
2024-05-21 20:08:42 - INFO     - {6: 1.1158853153669448, 9: 1.116749783474258, 0: 1.117323507733181, 2: 1.1128566150119423, 4: 1.1164637284508236, 3: 1.1126134297734143, 5: 1.1163824988789015, 1: 1.1160594295030712, 8: 1.1138393681980443, 7: 1.1150718533102568}
2024-05-21 20:08:42 - INFO     - 0.3074074074074074, 0.34814814814814815, 0.32592592592592595, 0.337037037037037, 0.2814814814814815, 0.32222222222222224, 0.28888888888888886, 0.32222222222222224, 0.2962962962962963, 0.29259259259259257
2024-05-21 20:08:42 - WARNING  - Epoch: 7, Sum of Accs: 3.122, Sum of s_i: 11.15324552970084
2024-05-21 20:08:46 - INFO     - {6: 1.129004187757826, 9: 1.1299704954638388, 0: 1.1305978877286949, 2: 1.1255766218687748, 4: 1.1296407483597615, 3: 1.1253352450981933, 5: 1.1295624719411677, 1: 1.1292324848617947, 8: 1.1267337349796862, 7: 1.1281429603745545}
2024-05-21 20:08:46 - INFO     - 0.4148148148148148, 0.4185185185185185, 0.4148148148148148, 0.43333333333333335, 0.37407407407407406, 0.43333333333333335, 0.4, 0.4111111111111111, 0.3814814814814815, 0.37037037037037035
2024-05-21 20:08:46 - WARNING  - Epoch: 8, Sum of Accs: 4.052, Sum of s_i: 11.283796838434291
2024-05-21 20:08:50 - INFO     - {6: 1.1418686137765786, 9: 1.1429379614977992, 0: 1.1436450407562337, 2: 1.138019676270044, 4: 1.1425905413007242, 3: 1.1378298334549972, 5: 1.1425152180354587, 1: 1.1421783132525432, 8: 1.1393511493057649, 7: 1.140986840470877}
2024-05-21 20:08:50 - INFO     - 0.5703703703703704, 0.5259259259259259, 0.5370370370370371, 0.5666666666666667, 0.4962962962962963, 0.5555555555555556, 0.5185185185185185, 0.5296296296296297, 0.4888888888888889, 0.5259259259259259
2024-05-21 20:08:50 - WARNING  - Epoch: 9, Sum of Accs: 5.315, Sum of s_i: 11.41192318812102
2024-05-21 20:08:54 - INFO     - {6: 1.154490096870135, 9: 1.1556871759377563, 0: 1.1564739421897692, 2: 1.1502942045648978, 4: 1.1552281647191227, 3: 1.1499888924113855, 5: 1.1551557946071855, 1: 1.1548119721207273, 8: 1.1517061195968674, 7: 1.153518551044635}
2024-05-21 20:08:54 - INFO     - 0.5111111111111111, 0.4962962962962963, 0.5, 0.4962962962962963, 0.4666666666666667, 0.5037037037037037, 0.46296296296296297, 0.4888888888888889, 0.45555555555555555, 0.4666666666666667
2024-05-21 20:08:54 - WARNING  - Epoch: 10, Sum of Accs: 4.848, Sum of s_i: 11.537354914062481
2024-05-21 20:08:58 - INFO     - {6: 1.1668800048589736, 9: 1.1681822679888907, 0: 1.169026041250296, 2: 1.162269206178195, 4: 1.1676829036930736, 3: 1.1619657024926293, 5: 1.1675907624259165, 1: 1.1672627465444638, 8: 1.1638554811349742, 7: 1.1658673771739456}
2024-05-21 20:08:58 - INFO     - 0.37037037037037035, 0.25925925925925924, 0.26666666666666666, 0.3111111111111111, 0.24814814814814815, 0.28888888888888886, 0.22962962962962963, 0.3074074074074074, 0.27037037037037037, 0.25925925925925924
2024-05-21 20:08:58 - WARNING  - Epoch: 11, Sum of Accs: 2.811, Sum of s_i: 11.660582493741359
2024-05-21 20:09:02 - INFO     - {6: 1.179048216475171, 9: 1.1804782109514884, 0: 1.181401671206472, 2: 1.1740904629956896, 4: 1.1799611735626736, 3: 1.1737887677780705, 5: 1.1798719854488449, 1: 1.1795370518638495, 8: 1.1758510978772783, 7: 1.1780397341989055}
2024-05-21 20:09:02 - INFO     - 0.26296296296296295, 0.29259259259259257, 0.3333333333333333, 0.26296296296296295, 0.3111111111111111, 0.2851851851851852, 0.3333333333333333, 0.2962962962962963, 0.29259259259259257, 0.3148148148148148
2024-05-21 20:09:02 - WARNING  - Epoch: 12, Sum of Accs: 2.985, Sum of s_i: 11.782068372358443
2024-05-21 20:09:06 - INFO     - {6: 1.1910033013082162, 9: 1.1925610271309341, 0: 1.193522627037162, 2: 1.1856361726064275, 4: 1.191963896225517, 3: 1.1853987062803597, 5: 1.1918776612650166, 1: 1.1915358099764786, 8: 1.187470018395354, 7: 1.1899365440171086}
2024-05-21 20:09:06 - INFO     - 0.2222222222222222, 0.2851851851851852, 0.28888888888888886, 0.2814814814814815, 0.26296296296296295, 0.25555555555555554, 0.2962962962962963, 0.22962962962962963, 0.24814814814814815, 0.2814814814814815
2024-05-21 20:09:06 - WARNING  - Epoch: 13, Sum of Accs: 2.652, Sum of s_i: 11.900905764242575
2024-05-21 20:09:10 - INFO     - {6: 1.202754947474243, 9: 1.2044205513377777, 0: 1.2054418502784532, 2: 1.1969809821464843, 4: 1.2037466886150423, 3: 1.196765364850916, 5: 1.2036247092929901, 1: 1.2032759403009097, 8: 1.1989701576575833, 7: 1.2015747260471137}
2024-05-21 20:09:10 - INFO     - 0.21851851851851853, 0.26666666666666666, 0.26296296296296295, 0.26666666666666666, 0.2518518518518518, 0.2518518518518518, 0.2777777777777778, 0.2, 0.22962962962962963, 0.25925925925925924
2024-05-21 20:09:10 - WARNING  - Epoch: 14, Sum of Accs: 2.485, Sum of s_i: 12.017555918001513
2024-05-21 20:09:14 - INFO     - {6: 1.2143115857997735, 9: 1.2160858483018862, 0: 1.217167626748495, 2: 1.2081331233635444, 4: 1.215337564772285, 3: 1.2079193145359226, 5: 1.2151813857583365, 1: 1.214881130019861, 8: 1.210296658799453, 7: 1.213077967471639}
2024-05-21 20:09:14 - INFO     - 0.3148148148148148, 0.3925925925925926, 0.37037037037037035, 0.34814814814814815, 0.34074074074074073, 0.3592592592592593, 0.3888888888888889, 0.34074074074074073, 0.35185185185185186, 0.37037037037037035
2024-05-21 20:09:14 - WARNING  - Epoch: 15, Sum of Accs: 3.578, Sum of s_i: 12.132392205571197
2024-05-21 20:09:18 - INFO     - {6: 1.2256806356688281, 9: 1.2275826295173413, 0: 1.228707250275763, 2: 1.219118373752131, 4: 1.22674369521125, 3: 1.2188702403907288, 5: 1.2266266023523567, 1: 1.2263194289103387, 8: 1.2214562691128492, 7: 1.22428841128037}
2024-05-21 20:09:18 - INFO     - 0.43333333333333335, 0.46296296296296297, 0.46296296296296297, 0.42962962962962964, 0.45555555555555555, 0.4666666666666667, 0.44074074074074077, 0.43703703703703706, 0.42592592592592593, 0.4444444444444444
2024-05-21 20:09:18 - WARNING  - Epoch: 16, Sum of Accs: 4.459, Sum of s_i: 12.245393536471957
2024-05-21 20:09:22 - INFO     - {6: 1.2368692082600248, 9: 1.238881281018617, 0: 1.2400855887706168, 2: 1.22990667953656, 4: 1.2379890140477847, 3: 1.2296960142148476, 5: 1.2378748743422197, 1: 1.237560783196659, 8: 1.232418934822088, 7: 1.2354278172722644}
2024-05-21 20:09:22 - INFO     - 0.5925925925925926, 0.5592592592592592, 0.5666666666666667, 0.5740740740740741, 0.5444444444444444, 0.5925925925925926, 0.5444444444444444, 0.5888888888888889, 0.5592592592592592, 0.5444444444444444
2024-05-21 20:09:22 - WARNING  - Epoch: 17, Sum of Accs: 5.667, Sum of s_i: 12.356710195481682
2024-05-21 20:09:26 - INFO     - {6: 1.2478838601161504, 9: 1.2500236642211429, 0: 1.251273488438892, 2: 1.240540206066154, 4: 1.2490795536294839, 3: 1.240331349212388, 5: 1.2489683670772471, 1: 1.2486473582281439, 8: 1.2432268212764912, 7: 1.2464124440093232}
2024-05-21 20:09:26 - INFO     - 0.6296296296296297, 0.6037037037037037, 0.5703703703703704, 0.5814814814814815, 0.5925925925925926, 0.6148148148148148, 0.6074074074074074, 0.6037037037037037, 0.5851851851851851, 0.6
2024-05-21 20:09:26 - WARNING  - Epoch: 18, Sum of Accs: 5.989, Sum of s_i: 12.466387112275417
2024-05-21 20:09:30 - INFO     - {6: 1.2587307919420694, 9: 1.2609983273934624, 0: 1.2622948899155588, 2: 1.2509906455171558, 4: 1.2599713090229403, 3: 1.2507679000216856, 5: 1.259895361620666, 1: 1.259550846181037, 8: 1.2538359235426517, 7: 1.2571982865581393}
2024-05-21 20:09:30 - INFO     - 0.3962962962962963, 0.34074074074074073, 0.37037037037037035, 0.362962962962963, 0.32592592592592595, 0.34444444444444444, 0.3111111111111111, 0.34814814814814815, 0.3148148148148148, 0.34814814814814815
2024-05-21 20:09:30 - WARNING  - Epoch: 19, Sum of Accs: 3.463, Sum of s_i: 12.574234281715366
2024-05-21 20:09:34 - INFO     - {6: 1.2694162195168714, 9: 1.271811486314665, 0: 1.2731877358303398, 2: 1.2612812581177704, 4: 1.2707189346756602, 3: 1.2610603210902467, 5: 1.2706459404267143, 1: 1.2702327689048285, 8: 1.2642391576893617, 7: 1.2677475114458234}
2024-05-21 20:09:34 - INFO     - 0.3962962962962963, 0.37777777777777777, 0.4074074074074074, 0.37037037037037035, 0.3851851851851852, 0.37037037037037035, 0.4185185185185185, 0.4148148148148148, 0.3851851851851852, 0.37037037037037035
2024-05-21 20:09:34 - WARNING  - Epoch: 20, Sum of Accs: 3.896, Sum of s_i: 12.68034133401228
2024-05-21 20:09:38 - INFO     - {6: 1.2799459605784917, 9: 1.2824536791447527, 0: 1.2838942037830487, 2: 1.2714487648027548, 4: 1.2813434544127502, 3: 1.2712142243722206, 5: 1.2812580014461754, 1: 1.280837912220747, 8: 1.2745810242991558, 7: 1.2782507064673159}
2024-05-21 20:09:38 - INFO     - 0.4222222222222222, 0.4703703703703704, 0.45185185185185184, 0.43333333333333335, 0.45555555555555555, 0.4740740740740741, 0.44814814814814813, 0.44814814814814813, 0.42962962962962964, 0.43703703703703706
2024-05-21 20:09:38 - WARNING  - Epoch: 21, Sum of Accs: 4.470, Sum of s_i: 12.785227931527414
2024-05-21 20:09:43 - INFO     - {6: 1.2903248484914913, 9: 1.2929455322259478, 0: 1.2944805100360273, 2: 1.2814659317388466, 4: 1.2918176344009475, 3: 1.281233199776259, 5: 1.2917351345877008, 1: 1.29130812765873, 8: 1.2847725511600572, 7: 1.2885022964950124}
2024-05-21 20:09:43 - INFO     - 0.40370370370370373, 0.4444444444444444, 0.43703703703703706, 0.4, 0.43703703703703706, 0.44814814814814813, 0.44814814814814813, 0.4185185185185185, 0.43333333333333335, 0.4
2024-05-21 20:09:43 - WARNING  - Epoch: 22, Sum of Accs: 4.270, Sum of s_i: 12.88858576657102
2024-05-21 20:09:47 - INFO     - {6: 1.3005579595593064, 9: 1.3032920941882085, 0: 1.3049067589918664, 2: 1.2913378075560042, 4: 1.3021039203617832, 3: 1.2910500352019458, 5: 1.3020101277508749, 1: 1.3015762031183613, 8: 1.294761938042607, 7: 1.2986684236602177}
2024-05-21 20:09:47 - INFO     - 0.5222222222222223, 0.5962962962962963, 0.5851851851851851, 0.5518518518518518, 0.5703703703703704, 0.5592592592592592, 0.5592592592592592, 0.5814814814814815, 0.5407407407407407, 0.5925925925925926
2024-05-21 20:09:47 - WARNING  - Epoch: 23, Sum of Accs: 5.659, Sum of s_i: 12.990265268431175
2024-05-21 20:09:51 - INFO     - {6: 1.3106503729115808, 9: 1.3135122388868834, 0: 1.3151787994621813, 2: 1.301041460499574, 4: 1.3122513717844047, 3: 1.3007284883353154, 5: 1.3121336064190456, 1: 1.311732904563822, 8: 1.3046129426328394, 7: 1.3087231768112524}
2024-05-21 20:09:51 - INFO     - 0.5333333333333333, 0.5925925925925926, 0.5888888888888889, 0.562962962962963, 0.562962962962963, 0.5851851851851851, 0.5666666666666667, 0.5814814814814815, 0.5481481481481482, 0.5888888888888889
2024-05-21 20:09:51 - WARNING  - Epoch: 24, Sum of Accs: 5.711, Sum of s_i: 13.0905653623069
2024-05-21 20:09:55 - INFO     - {6: 1.3206065630364272, 9: 1.3235961603581303, 0: 1.3253424079270064, 2: 1.3106506958257176, 4: 1.3223176201626536, 3: 1.3103395321294056, 5: 1.322202807950623, 1: 1.3217951883918566, 8: 1.3143965378837925, 7: 1.3186835123448613}
2024-05-21 20:09:55 - INFO     - 0.7185185185185186, 0.7222222222222222, 0.7074074074074074, 0.7037037037037037, 0.6703703703703704, 0.7037037037037037, 0.7037037037037037, 0.7333333333333333, 0.6888888888888889, 0.6925925925925925
2024-05-21 20:09:55 - WARNING  - Epoch: 25, Sum of Accs: 7.044, Sum of s_i: 13.189931026010475
2024-05-21 20:09:59 - INFO     - {6: 1.3304302468013713, 9: 1.333534605324605, 0: 1.3353605398870596, 2: 1.3200881773192896, 4: 1.3322383920361307, 3: 1.3197788220909241, 5: 1.3321265329774283, 1: 1.3316857183873196, 8: 1.324008379302174, 7: 1.328498371373698}
2024-05-21 20:09:59 - INFO     - 0.6111111111111112, 0.5666666666666667, 0.5407407407407407, 0.5925925925925926, 0.5518518518518518, 0.5851851851851851, 0.5592592592592592, 0.5777777777777777, 0.5222222222222223, 0.5296296296296297
2024-05-21 20:09:59 - WARNING  - Epoch: 26, Sum of Accs: 5.637, Sum of s_i: 13.2877497855
2024-05-21 20:10:03 - INFO     - {6: 1.3401258064608834, 9: 1.3433453201196184, 0: 1.3452635178865506, 2: 1.3294242059691996, 4: 1.3420314337381463, 3: 1.3291166592087806, 5: 1.341922527832772, 1: 1.3414000504698986, 8: 1.3335187678768936, 7: 1.3381855002310732}
2024-05-21 20:10:03 - INFO     - 0.4740740740740741, 0.43333333333333335, 0.48518518518518516, 0.45555555555555555, 0.4666666666666667, 0.45185185185185184, 0.4666666666666667, 0.4888888888888889, 0.4777777777777778, 0.4703703703703704
2024-05-21 20:10:03 - WARNING  - Epoch: 27, Sum of Accs: 4.670, Sum of s_i: 13.384333789793816
2024-05-21 20:10:07 - INFO     - {6: 1.3496970610672234, 9: 1.3530321048142453, 0: 1.3550176623285404, 2: 1.3386363045187233, 4: 1.3516641437713743, 3: 1.3383305662262508, 5: 1.351582265341514, 1: 1.3510287959529124, 8: 1.3428688247828258, 7: 1.347748698988062}
2024-05-21 20:10:07 - INFO     - 0.6259259259259259, 0.5666666666666667, 0.562962962962963, 0.6111111111111112, 0.5444444444444444, 0.5592592592592592, 0.5592592592592592, 0.5814814814814815, 0.5592592592592592, 0.5703703703703704
2024-05-21 20:10:07 - WARNING  - Epoch: 28, Sum of Accs: 5.741, Sum of s_i: 13.479606427791671
2024-05-21 20:10:11 - INFO     - {6: 1.3591477896563522, 9: 1.3625987202905445, 0: 1.3646639647984178, 2: 1.347704215881281, 4: 1.3612130861546756, 3: 1.3474243040253933, 5: 1.3610756460926148, 1: 1.3605152590004705, 8: 1.3521351140388314, 7: 1.3571917285267232}
2024-05-21 20:10:11 - INFO     - 0.6444444444444445, 0.5777777777777777, 0.5703703703703704, 0.6111111111111112, 0.5592592592592592, 0.5740740740740741, 0.5814814814814815, 0.5740740740740741, 0.5555555555555556, 0.5777777777777777
2024-05-21 20:10:11 - WARNING  - Epoch: 29, Sum of Accs: 5.826, Sum of s_i: 13.573669828465304
2024-05-21 20:10:15 - INFO     - {6: 1.368481511033764, 9: 1.3720486686233855, 0: 1.3741819717895805, 2: 1.356679478069019, 4: 1.3706337330592622, 3: 1.356389746345821, 5: 1.3704992461505296, 1: 1.3699435696900994, 8: 1.361273107816122, 7: 1.3665064625866696}
2024-05-21 20:10:15 - INFO     - 0.6481481481481481, 0.6185185185185185, 0.5925925925925926, 0.6370370370370371, 0.5703703703703704, 0.6074074074074074, 0.6037037037037037, 0.5851851851851851, 0.5925925925925926, 0.6185185185185185
2024-05-21 20:10:15 - WARNING  - Epoch: 30, Sum of Accs: 6.074, Sum of s_i: 13.666637495164252
2024-05-21 20:10:19 - INFO     - {6: 1.3777014847437805, 9: 1.38138519396544, 0: 1.3835868815041963, 2: 1.3655186479340344, 4: 1.3799412826873019, 3: 1.3652088455422384, 5: 1.3798097489318977, 1: 1.3792139089204614, 8: 1.370286637605947, 7: 1.375708099370069}
2024-05-21 20:10:19 - INFO     - 0.6777777777777778, 0.6555555555555556, 0.6407407407407407, 0.6444444444444445, 0.562962962962963, 0.6333333333333333, 0.6185185185185185, 0.662962962962963, 0.5740740740740741, 0.6185185185185185
2024-05-21 20:10:19 - WARNING  - Epoch: 31, Sum of Accs: 6.289, Sum of s_i: 13.758360731205364
2024-05-21 20:10:23 - INFO     - {6: 1.3868110387414692, 9: 1.3906116092325318, 0: 1.3929038538418637, 2: 1.3742812471330204, 4: 1.389150024861396, 3: 1.3739623831321737, 5: 1.38902144425932, 1: 1.388418686544341, 8: 1.3792127266527452, 7: 1.3848109286995227}
2024-05-21 20:10:23 - INFO     - 0.6962962962962963, 0.6851851851851852, 0.7111111111111111, 0.6888888888888889, 0.6962962962962963, 0.7037037037037037, 0.7222222222222222, 0.6814814814814815, 0.7, 0.6814814814814815
2024-05-21 20:10:23 - WARNING  - Epoch: 32, Sum of Accs: 6.967, Sum of s_i: 13.849183943098385
2024-05-21 20:10:27 - INFO     - {6: 1.3958129836231508, 9: 1.3997307119261875, 0: 1.4021026435290977, 2: 1.382925663681573, 4: 1.3982198833870514, 3: 1.3826086081486728, 5: 1.3980942559383038, 1: 1.3974845805197822, 8: 1.3879581757000714, 7: 1.3938064454555403}
2024-05-21 20:10:27 - INFO     - 0.7148148148148148, 0.6481481481481481, 0.6666666666666666, 0.6444444444444445, 0.6148148148148148, 0.6666666666666666, 0.6814814814814815, 0.6925925925925925, 0.6518518518518519, 0.674074074074074
2024-05-21 20:10:27 - WARNING  - Epoch: 33, Sum of Accs: 6.656, Sum of s_i: 13.93874395190943
2024-05-21 20:10:31 - INFO     - {6: 1.4047104617829829, 9: 1.408745630892857, 0: 1.4111868391772449, 2: 1.3914450121910982, 4: 1.4072067189486224, 3: 1.391140239126085, 5: 1.4070840446532031, 1: 1.4064674515311388, 8: 1.3966623581343465, 7: 1.402687368172471}
2024-05-21 20:10:31 - INFO     - 0.6962962962962963, 0.6666666666666666, 0.6666666666666666, 0.6703703703703704, 0.6851851851851852, 0.6703703703703704, 0.6703703703703704, 0.662962962962963, 0.6777777777777778, 0.6370370370370371
2024-05-21 20:10:31 - WARNING  - Epoch: 34, Sum of Accs: 6.704, Sum of s_i: 14.027336124610049
2024-05-21 20:10:35 - INFO     - {6: 1.4135061750584932, 9: 1.4176690755147678, 0: 1.4201698017528885, 2: 1.3998633999737584, 4: 1.4160725734928723, 3: 1.3995408501942261, 5: 1.4159428134588314, 1: 1.4153293415251744, 8: 1.4052455595513005, 7: 1.4114473098720806}
2024-05-21 20:10:35 - INFO     - 0.7481481481481481, 0.6888888888888889, 0.7111111111111111, 0.674074074074074, 0.6444444444444445, 0.6925925925925925, 0.7037037037037037, 0.7185185185185186, 0.6851851851851852, 0.7296296296296296
2024-05-21 20:10:35 - WARNING  - Epoch: 35, Sum of Accs: 6.996, Sum of s_i: 14.114786900394394
2024-05-21 20:10:39 - INFO     - {6: 1.4222029361444957, 9: 1.4264838077483846, 0: 1.4290642209800837, 2: 1.408203446062272, 4: 1.4248696326334913, 3: 1.4078827047506863, 5: 1.4247428257527788, 1: 1.424122436115579, 8: 1.4137599655646236, 7: 1.4201384561680592}
2024-05-21 20:10:39 - INFO     - 0.8481481481481481, 0.8333333333333334, 0.825925925925926, 0.8, 0.7703703703703704, 0.7962962962962963, 0.7962962962962963, 0.8407407407407408, 0.8074074074074075, 0.8185185185185185
2024-05-21 20:10:39 - WARNING  - Epoch: 36, Sum of Accs: 8.137, Sum of s_i: 14.201470431920454
2024-05-21 20:10:43 - INFO     - {6: 1.4308030546347912, 9: 1.4352116575850804, 0: 1.437871757810358, 2: 1.416456609753865, 4: 1.4335798093771894, 3: 1.4161376769102256, 5: 1.4334559556498052, 1: 1.4328286483090629, 8: 1.4221874891810258, 7: 1.428742720067117}
2024-05-21 20:10:43 - INFO     - 0.825925925925926, 0.7666666666666667, 0.8, 0.7703703703703704, 0.7222222222222222, 0.7962962962962963, 0.7925925925925926, 0.8481481481481481, 0.8111111111111111, 0.8185185185185185
2024-05-21 20:10:43 - WARNING  - Epoch: 37, Sum of Accs: 7.952, Sum of s_i: 14.287275379278517
2024-05-21 20:10:47 - INFO     - {6: 1.4393088942937966, 9: 1.4438452285904861, 0: 1.4465663462957556, 2: 1.4245968251005812, 4: 1.442177037776011, 3: 1.4242702504456337, 5: 1.4420561372019551, 1: 1.4414124618784154, 8: 1.4304744607299424, 7: 1.4372340356212983}
2024-05-21 20:10:47 - INFO     - 0.8555555555555555, 0.8518518518518519, 0.8629629629629629, 0.8185185185185185, 0.7888888888888889, 0.837037037037037, 0.8222222222222222, 0.8629629629629629, 0.8481481481481481, 0.8407407407407408
2024-05-21 20:10:47 - WARNING  - Epoch: 38, Sum of Accs: 8.389, Sum of s_i: 14.371941677933876
2024-05-21 20:10:51 - INFO     - {6: 1.447723028775967, 9: 1.45237805151616, 0: 1.4551878991179048, 2: 1.4326365648807575, 4: 1.4506921876086871, 3: 1.4322940944177873, 5: 1.4505558431875651, 1: 1.449905250160483, 8: 1.4386885604349284, 7: 1.4456248756089398}
2024-05-21 20:10:51 - INFO     - 0.8407407407407408, 0.774074074074074, 0.7851851851851852, 0.7592592592592593, 0.7222222222222222, 0.7851851851851852, 0.7962962962962963, 0.8333333333333334, 0.7962962962962963, 0.8222222222222222
2024-05-21 20:10:51 - WARNING  - Epoch: 39, Sum of Accs: 7.915, Sum of s_i: 14.455686355709181
2024-05-21 20:10:55 - INFO     - {6: 1.4560477229446271, 9: 1.4608216540400374, 0: 1.4637022520591731, 2: 1.4406054812595317, 4: 1.4591181170395666, 3: 1.440264819264508, 5: 1.458984725771773, 1: 1.4583272150411482, 8: 1.4468229001623247, 7: 1.4539359556189917}
2024-05-21 20:10:55 - INFO     - 0.837037037037037, 0.8, 0.7962962962962963, 0.7703703703703704, 0.7555555555555555, 0.8074074074074075, 0.7592592592592593, 0.8222222222222222, 0.7925925925925926, 0.7592592592592593
2024-05-21 20:10:55 - WARNING  - Epoch: 40, Sum of Accs: 7.900, Sum of s_i: 14.53863084320168
2024-05-21 20:10:59 - INFO     - {6: 1.4642850488040162, 9: 1.469186711245827, 0: 1.472129651839997, 2: 1.4484785079016742, 4: 1.4674481567338145, 3: 1.448139654374597, 5: 1.4673177186193491, 1: 1.4666532901851816, 8: 1.4548702867292767, 7: 1.4621600824685994}
2024-05-21 20:10:59 - INFO     - 0.7444444444444445, 0.7296296296296296, 0.7074074074074074, 0.6703703703703704, 0.6592592592592592, 0.6962962962962963, 0.7, 0.7518518518518519, 0.6888888888888889, 0.7111111111111111
2024-05-21 20:10:59 - WARNING  - Epoch: 41, Sum of Accs: 7.059, Sum of s_i: 14.620669108902332
2024-05-21 20:11:03 - INFO     - {6: 1.4724371297217957, 9: 1.4774581154249293, 0: 1.4804722233426888, 2: 1.4562667062656844, 4: 1.47569336814993, 3: 1.4559296612065538, 5: 1.475565883188793, 1: 1.4748945370510829, 8: 1.4628328450180965, 7: 1.4702993810400748}
2024-05-21 20:11:03 - INFO     - 0.7296296296296296, 0.6703703703703704, 0.6851851851851852, 0.6666666666666666, 0.725925925925926, 0.6777777777777778, 0.6814814814814815, 0.6666666666666666, 0.6777777777777778, 0.6148148148148148
2024-05-21 20:11:03 - WARNING  - Epoch: 42, Sum of Accs: 6.796, Sum of s_i: 14.70184985040963
2024-05-21 20:11:07 - INFO     - {6: 1.480505979282672, 9: 1.4856464838692582, 0: 1.488740278780596, 2: 1.4639636727083656, 4: 1.4838395447144699, 3: 1.4636206331869348, 5: 1.4836989884633787, 1: 1.4830367490654084, 8: 1.4706963684553405, 7: 1.4783396447599746}
2024-05-21 20:11:07 - INFO     - 0.7814814814814814, 0.7703703703703704, 0.8037037037037037, 0.725925925925926, 0.7, 0.7481481481481481, 0.7666666666666667, 0.7814814814814814, 0.7333333333333333, 0.774074074074074
2024-05-21 20:11:07 - WARNING  - Epoch: 43, Sum of Accs: 7.585, Sum of s_i: 14.782088343286402
2024-05-21 20:11:11 - INFO     - {6: 1.4884936403558793, 9: 1.493753851886432, 0: 1.4969191997602922, 2: 1.4715882205493804, 4: 1.49192110560759, 3: 1.4712469894958962, 5: 1.4917835025098272, 1: 1.4911143454083142, 8: 1.4784952762211647, 7: 1.4863152928084546}
2024-05-21 20:11:11 - INFO     - 0.8555555555555555, 0.8185185185185185, 0.8296296296296296, 0.825925925925926, 0.7555555555555555, 0.8185185185185185, 0.8296296296296296, 0.8629629629629629, 0.8592592592592593, 0.8444444444444444
2024-05-21 20:11:11 - WARNING  - Epoch: 44, Sum of Accs: 8.300, Sum of s_i: 14.86163142460323
2024-05-21 20:11:15 - INFO     - {6: 1.4964018538475963, 9: 1.501781953726899, 0: 1.5050269885943377, 2: 1.479125664432954, 4: 1.4999315343550594, 3: 1.4787862418474162, 5: 1.4997809125988344, 1: 1.4991048377937788, 8: 1.4862070800295477, 7: 1.4942198087112837}
2024-05-21 20:11:15 - INFO     - 0.8777777777777778, 0.8629629629629629, 0.8740740740740741, 0.8333333333333334, 0.7962962962962963, 0.8407407407407408, 0.837037037037037, 0.8740740740740741, 0.8888888888888888, 0.8629629629629629
2024-05-21 20:11:15 - WARNING  - Epoch: 45, Sum of Accs: 8.548, Sum of s_i: 14.940366875937707
2024-05-21 20:11:20 - INFO     - {6: 1.5042324251068633, 9: 1.5097325881251513, 0: 1.5130495340623746, 2: 1.4865938367623095, 4: 1.5078567197365205, 3: 1.4862333788237603, 5: 1.507716827057417, 1: 1.5070032148040673, 8: 1.4938496122837128, 7: 1.5019861999873276}
2024-05-21 20:11:20 - INFO     - 0.8851851851851852, 0.8518518518518519, 0.8592592592592593, 0.8296296296296296, 0.7888888888888889, 0.8407407407407408, 0.8518518518518519, 0.8777777777777778, 0.8777777777777778, 0.8629629629629629
2024-05-21 20:11:20 - WARNING  - Epoch: 46, Sum of Accs: 8.526, Sum of s_i: 15.018254336749504
2024-05-21 20:11:24 - INFO     - {6: 1.5119871505443807, 9: 1.517607545082597, 0: 1.5209965714079658, 2: 1.4939941075746521, 4: 1.5157140036009684, 3: 1.4936354581040494, 5: 1.5155399843642516, 1: 1.514848927512868, 8: 1.5014242430208649, 7: 1.5097375710071352}
2024-05-21 20:11:24 - INFO     - 0.8777777777777778, 0.8481481481481481, 0.8666666666666667, 0.8333333333333334, 0.8, 0.837037037037037, 0.8481481481481481, 0.8851851851851852, 0.8888888888888888, 0.8629629629629629
2024-05-21 20:11:24 - WARNING  - Epoch: 47, Sum of Accs: 8.548, Sum of s_i: 15.095485562219732
2024-05-21 20:11:28 - INFO     - {6: 1.5196675956152441, 9: 1.5254083843261999, 0: 1.5288696546190714, 2: 1.5013053150350943, 4: 1.5234971697515736, 3: 1.50095597664442, 5: 1.5233111580301275, 1: 1.5226206860871832, 8: 1.5089173130180984, 7: 1.5174073812870246}
2024-05-21 20:11:28 - INFO     - 0.8777777777777778, 0.8629629629629629, 0.8592592592592593, 0.837037037037037, 0.7925925925925926, 0.8407407407407408, 0.8555555555555555, 0.8814814814814815, 0.8925925925925926, 0.8703703703703703
2024-05-21 20:11:28 - WARNING  - Epoch: 48, Sum of Accs: 8.570, Sum of s_i: 15.171960634414038
2024-05-21 20:11:32 - INFO     - {6: 1.5272753808703743, 9: 1.533136720713564, 0: 1.536670392847568, 2: 1.5085589652773552, 4: 1.5311863823202072, 3: 1.5081827623704323, 5: 1.531024774477822, 1: 1.5303273848313352, 8: 1.516345323185169, 7: 1.524990681011018}
2024-05-21 20:11:32 - INFO     - 0.8777777777777778, 0.8518518518518519, 0.8592592592592593, 0.837037037037037, 0.8111111111111111, 0.837037037037037, 0.8555555555555555, 0.8962962962962963, 0.8888888888888888, 0.8777777777777778
2024-05-21 20:11:32 - WARNING  - Epoch: 49, Sum of Accs: 8.593, Sum of s_i: 15.247698767904847
2024-05-21 20:11:36 - INFO     - {6: 1.5348120676445338, 9: 1.5407941101647566, 0: 1.544407469292339, 2: 1.5157273376622187, 4: 1.5388117677571762, 3: 1.5153672741444681, 5: 1.5386327131783073, 1: 1.5379284058282778, 8: 1.52366765560503, 7: 1.5324897537135347}
2024-05-21 20:11:36 - INFO     - 0.8666666666666667, 0.8444444444444444, 0.8333333333333334, 0.8333333333333334, 0.7703703703703704, 0.837037037037037, 0.8222222222222222, 0.8777777777777778, 0.8481481481481481, 0.8444444444444444
2024-05-21 20:11:36 - WARNING  - Epoch: 50, Sum of Accs: 8.378, Sum of s_i: 15.322638554990641
2024-05-21 20:11:40 - INFO     - {6: 1.54227923470966, 9: 1.5483890085762835, 0: 1.552082054697444, 2: 1.5228475499286422, 4: 1.5463889930757053, 3: 1.5224892948788382, 5: 1.5462128916501645, 1: 1.545487792251967, 8: 1.5309622277962631, 7: 1.5399610661874235}
2024-05-21 20:11:40 - INFO     - 0.8444444444444444, 0.837037037037037, 0.8333333333333334, 0.825925925925926, 0.7962962962962963, 0.8148148148148148, 0.8185185185185185, 0.8629629629629629, 0.8629629629629629, 0.8518518518518519
2024-05-21 20:11:40 - WARNING  - Epoch: 51, Sum of Accs: 8.348, Sum of s_i: 15.39710011375239
2024-05-21 20:11:44 - INFO     - {6: 1.5496781292366317, 9: 1.5559156344496554, 0: 1.5596883675643944, 2: 1.5298994896569111, 4: 1.5538979458560795, 3: 1.5295430430750536, 5: 1.553724797583867, 1: 1.5529927804821269, 8: 1.5381885274493414, 7: 1.5473038993170904}
2024-05-21 20:11:44 - INFO     - 0.7925925925925926, 0.7481481481481481, 0.7703703703703704, 0.7333333333333333, 0.7333333333333333, 0.7444444444444445, 0.7333333333333333, 0.7777777777777778, 0.7814814814814814, 0.7888888888888889
2024-05-21 20:11:44 - WARNING  - Epoch: 52, Sum of Accs: 7.604, Sum of s_i: 15.47083261467115
2024-05-21 20:11:48 - INFO     - {6: 1.557010196031598, 9: 1.5633688288939602, 0: 1.567214543900724, 2: 1.536871292854559, 4: 1.561313741481036, 3: 1.5364969852875519, 5: 1.5611565669869487, 1: 1.560404611556869, 8: 1.5453346905717988, 7: 1.5546071332691072}
2024-05-21 20:11:48 - INFO     - 0.8074074074074075, 0.7444444444444445, 0.7888888888888889, 0.7444444444444445, 0.725925925925926, 0.7481481481481481, 0.762962962962963, 0.7592592592592593, 0.7962962962962963, 0.7555555555555555
2024-05-21 20:11:48 - WARNING  - Epoch: 53, Sum of Accs: 7.633, Sum of s_i: 15.543778590834153
2024-05-21 20:11:52 - INFO     - {6: 1.5642768959272975, 9: 1.5707567887350924, 0: 1.5746821907354343, 2: 1.5437845665505878, 4: 1.5686840282291705, 3: 1.5434120674515273, 5: 1.5685298068884113, 1: 1.567770933754789, 8: 1.5524223241926374, 7: 1.5618202185593717}
2024-05-21 20:11:52 - INFO     - 0.825925925925926, 0.8074074074074075, 0.8185185185185185, 0.8, 0.762962962962963, 0.7888888888888889, 0.8, 0.825925925925926, 0.8111111111111111, 0.8148148148148148
2024-05-21 20:11:52 - WARNING  - Epoch: 54, Sum of Accs: 8.056, Sum of s_i: 15.616139821024321
2024-05-21 20:11:56 - INFO     - {6: 1.5714794762717752, 9: 1.5780807571814404, 0: 1.5820794032182341, 2: 1.5506338488518328, 4: 1.5759903235825208, 3: 1.5502567152635922, 5: 1.5758326124379634, 1: 1.5750732645579248, 8: 1.5594395234615652, 7: 1.5690206010680816}
2024-05-21 20:11:56 - INFO     - 0.8814814814814815, 0.8666666666666667, 0.8629629629629629, 0.8444444444444444, 0.8074074074074075, 0.837037037037037, 0.8629629629629629, 0.8814814814814815, 0.8925925925925926, 0.8777777777777778
2024-05-21 20:11:56 - WARNING  - Epoch: 55, Sum of Accs: 8.615, Sum of s_i: 15.687886525894932
2024-05-21 20:12:00 - INFO     - {6: 1.5786191817495687, 9: 1.5853419748843793, 0: 1.5894203079147515, 2: 1.5574203804096687, 4: 1.583233868192462, 3: 1.5570450552893746, 5: 1.583079110201233, 1: 1.582306526612081, 8: 1.5664004149442106, 7: 1.5761582328333827}
2024-05-21 20:12:00 - INFO     - 0.8851851851851852, 0.8814814814814815, 0.8703703703703703, 0.837037037037037, 0.8, 0.8407407407407408, 0.8555555555555555, 0.8888888888888888, 0.8925925925925926, 0.8629629629629629
2024-05-21 20:12:00 - WARNING  - Epoch: 56, Sum of Accs: 8.615, Sum of s_i: 15.759025053031111
2024-05-21 20:12:04 - INFO     - {6: 1.5856972230150015, 9: 1.592541648629387, 0: 1.5966996686533375, 2: 1.5641514668763987, 4: 1.590397632214857, 3: 1.5637718513572256, 5: 1.5902458273769562, 1: 1.5894663260842616, 8: 1.5732997624689247, 7: 1.5832343206407524}
2024-05-21 20:12:04 - INFO     - 0.8851851851851852, 0.8740740740740741, 0.8629629629629629, 0.8481481481481481, 0.8074074074074075, 0.8407407407407408, 0.8629629629629629, 0.8888888888888888, 0.9037037037037037, 0.8703703703703703
2024-05-21 20:12:04 - WARNING  - Epoch: 57, Sum of Accs: 8.644, Sum of s_i: 15.829505727317102
2024-05-21 20:12:08 - INFO     - {6: 1.5927148256155539, 9: 1.59968698257634, 0: 1.6039246895938688, 2: 1.5708221146782484, 4: 1.5975252930688122, 3: 1.570444307627022, 5: 1.5973408513296803, 1: 1.5965900223880025, 8: 1.580144770195584, 7: 1.5902560686500673}
2024-05-21 20:12:08 - INFO     - 0.8851851851851852, 0.8777777777777778, 0.8666666666666667, 0.8518518518518519, 0.8074074074074075, 0.8407407407407408, 0.8592592592592593, 0.8962962962962963, 0.8888888888888888, 0.8629629629629629
2024-05-21 20:12:08 - WARNING  - Epoch: 58, Sum of Accs: 8.637, Sum of s_i: 15.899449925723179
2024-05-21 20:12:12 - INFO     - {6: 1.5996730847106506, 9: 1.606767103586335, 0: 1.6110844975974419, 2: 1.57742754954314, 4: 1.6045877409858091, 3: 1.5770515509598602, 5: 1.6044062524000056, 1: 1.6036485057547851, 8: 1.586924564985285, 7: 1.5972126037224241}
2024-05-21 20:12:12 - INFO     - 0.8888888888888888, 0.8777777777777778, 0.8555555555555555, 0.8518518518518519, 0.8148148148148148, 0.8444444444444444, 0.8555555555555555, 0.8888888888888888, 0.9, 0.8703703703703703
2024-05-21 20:12:12 - WARNING  - Epoch: 59, Sum of Accs: 8.648, Sum of s_i: 15.968783454245738
2024-05-21 20:12:16 - INFO     - {6: 1.6065731335616056, 9: 1.6137948837836904, 0: 1.6181919647883756, 2: 1.5839806435953923, 4: 1.6115978480901667, 3: 1.583606453480059, 5: 1.6114193126576914, 1: 1.6106546483089283, 8: 1.5936520189623467, 7: 1.6041167979821416}
2024-05-21 20:12:16 - INFO     - 0.8814814814814815, 0.8777777777777778, 0.8740740740740741, 0.8518518518518519, 0.8074074074074075, 0.8407407407407408, 0.8629629629629629, 0.8925925925925926, 0.8925925925925926, 0.8740740740740741
2024-05-21 20:12:16 - WARNING  - Epoch: 60, Sum of Accs: 8.656, Sum of s_i: 16.037587705210395
2024-05-21 20:12:20 - INFO     - {6: 1.613416013089841, 9: 1.6207598410804385, 0: 1.6252366090787018, 2: 1.590470914747037, 4: 1.6185451322939168, 3: 1.5900985330996502, 5: 1.61836955001477, 1: 1.6175979679624641, 8: 1.6003166500388009, 7: 1.6109581693412516}
2024-05-21 20:12:20 - INFO     - 0.8851851851851852, 0.8629629629629629, 0.8555555555555555, 0.8703703703703703, 0.8148148148148148, 0.8518518518518519, 0.8481481481481481, 0.8925925925925926, 0.9074074074074074, 0.8740740740740741
2024-05-21 20:12:20 - WARNING  - Epoch: 61, Sum of Accs: 8.663, Sum of s_i: 16.10576938074687
2024-05-21 20:12:24 - INFO     - {6: 1.6202028183176995, 9: 1.6276688271715318, 0: 1.6322308326465391, 2: 1.596910765176193, 4: 1.6254364452920125, 3: 1.596534641513587, 5: 1.6252693666493594, 1: 1.624490866893511, 8: 1.6069308603927661, 7: 1.6177491199778726}
2024-05-21 20:12:24 - INFO     - 0.8777777777777778, 0.8555555555555555, 0.8592592592592593, 0.8407407407407408, 0.7888888888888889, 0.8407407407407408, 0.8592592592592593, 0.8888888888888888, 0.8962962962962963, 0.8703703703703703
2024-05-21 20:12:24 - WARNING  - Epoch: 62, Sum of Accs: 8.578, Sum of s_i: 16.17342454403107
2024-05-21 20:12:28 - INFO     - {6: 1.626934542572675, 9: 1.6345228324129024, 0: 1.6391589811049452, 2: 1.603278942472079, 4: 1.632256495146745, 3: 1.6029046272774197, 5: 1.6320817378627062, 1: 1.6313176907151266, 8: 1.6134733976134616, 7: 1.624468397481224}
2024-05-21 20:12:28 - INFO     - 0.8851851851851852, 0.8481481481481481, 0.8592592592592593, 0.8592592592592593, 0.8037037037037037, 0.8518518518518519, 0.8518518518518519, 0.8888888888888888, 0.9, 0.8703703703703703
2024-05-21 20:12:28 - WARNING  - Epoch: 63, Sum of Accs: 8.619, Sum of s_i: 16.240397644659286
2024-05-21 20:12:33 - INFO     - {6: 1.6336122831044564, 9: 1.6413283042910842, 0: 1.646033336353786, 2: 1.6095989245822384, 4: 1.6390334903090098, 3: 1.6092264178555256, 5: 1.6388616861782992, 1: 1.638090721327177, 8: 1.6199359377207792, 7: 1.6311394797988483}
2024-05-21 20:12:33 - INFO     - 0.8296296296296296, 0.8185185185185185, 0.825925925925926, 0.8037037037037037, 0.7814814814814814, 0.8222222222222222, 0.8037037037037037, 0.8481481481481481, 0.8444444444444444, 0.8296296296296296
2024-05-21 20:12:33 - WARNING  - Epoch: 64, Sum of Accs: 8.207, Sum of s_i: 16.306860581521203
2024-05-21 20:12:37 - INFO     - {6: 1.6402369767491485, 9: 1.6480807292821769, 0: 1.6528548341476417, 2: 1.615860644695173, 4: 1.6457576280162893, 3: 1.6155059651694614, 5: 1.645588777038907, 1: 1.6448054899420026, 8: 1.6263720177585232, 7: 1.6377523001192482}
2024-05-21 20:12:37 - INFO     - 0.8333333333333334, 0.7888888888888889, 0.7925925925925926, 0.7851851851851852, 0.7555555555555555, 0.7851851851851852, 0.8, 0.8148148148148148, 0.825925925925926, 0.7851851851851852
2024-05-21 20:12:37 - WARNING  - Epoch: 65, Sum of Accs: 7.967, Sum of s_i: 16.372815362918573
2024-05-21 20:12:41 - INFO     - {6: 1.646809539567698, 9: 1.654775856071709, 0: 1.659624389309039, 2: 1.622075826717889, 4: 1.6524298230911105, 3: 1.6217075460695078, 5: 1.6522639252670566, 1: 1.6514482404646493, 8: 1.6327615597060485, 7: 1.6443185823494293}
2024-05-21 20:12:41 - INFO     - 0.7814814814814814, 0.7481481481481481, 0.7592592592592593, 0.7333333333333333, 0.7148148148148148, 0.7703703703703704, 0.7407407407407407, 0.7814814814814814, 0.7518518518518519, 0.7444444444444445
2024-05-21 20:12:41 - WARNING  - Epoch: 66, Sum of Accs: 7.526, Sum of s_i: 16.43821528861414
2024-05-21 20:12:45 - INFO     - {6: 1.65333090539924, 9: 1.6614249532496514, 0: 1.666342922321308, 2: 1.6282399865914763, 4: 1.6590409878793544, 3: 1.6278837655702938, 5: 1.6588828295944635, 1: 1.6580602270885136, 8: 1.6390900713669965, 7: 1.6508238342930328}
2024-05-21 20:12:45 - INFO     - 0.8111111111111111, 0.8074074074074075, 0.8111111111111111, 0.7925925925925926, 0.7481481481481481, 0.8296296296296296, 0.8148148148148148, 0.7962962962962963, 0.825925925925926, 0.8037037037037037
2024-05-21 20:12:45 - WARNING  - Epoch: 67, Sum of Accs: 8.041, Sum of s_i: 16.503120483354333
2024-05-21 20:12:49 - INFO     - {6: 1.6598019425725798, 9: 1.6680237217693918, 0: 1.6730213778346268, 2: 1.6343640689661134, 4: 1.665622083306097, 3: 1.6340096564128777, 5: 1.6654668781745345, 1: 1.664637357965042, 8: 1.6453885136664432, 7: 1.6572990168751351}
2024-05-21 20:12:49 - INFO     - 0.8666666666666667, 0.8444444444444444, 0.8555555555555555, 0.825925925925926, 0.7851851851851852, 0.8555555555555555, 0.8444444444444444, 0.8851851851851852, 0.8666666666666667, 0.8481481481481481
2024-05-21 20:12:49 - WARNING  - Epoch: 68, Sum of Accs: 8.478, Sum of s_i: 16.567634617542844
2024-05-21 20:12:53 - INFO     - {6: 1.6662234228894928, 9: 1.6745729334327053, 0: 1.6796403688429016, 2: 1.6404286868357068, 4: 1.6721437142277957, 3: 1.6400760827504175, 5: 1.6719914622495615, 1: 1.6711550243365263, 8: 1.651627491460846, 7: 1.6637147349521937}
2024-05-21 20:12:53 - INFO     - 0.8925925925925926, 0.8703703703703703, 0.8777777777777778, 0.8666666666666667, 0.8185185185185185, 0.8444444444444444, 0.8592592592592593, 0.9037037037037037, 0.9111111111111111, 0.8666666666666667
2024-05-21 20:12:53 - WARNING  - Epoch: 69, Sum of Accs: 8.711, Sum of s_i: 16.631573921978145
2024-05-21 20:12:57 - INFO     - {6: 1.6725962427653414, 9: 1.6810686592645534, 0: 1.6862108677784864, 2: 1.6464398468584478, 4: 1.6786118873026423, 3: 1.6460796326949165, 5: 1.6784675542518985, 1: 1.6776192328611585, 8: 1.6578130114083967, 7: 1.6700769951824}
2024-05-21 20:12:57 - INFO     - 0.8925925925925926, 0.8740740740740741, 0.8814814814814815, 0.8703703703703703, 0.8185185185185185, 0.8407407407407408, 0.8666666666666667, 0.9074074074074074, 0.9074074074074074, 0.8740740740740741
2024-05-21 20:12:57 - WARNING  - Epoch: 70, Sum of Accs: 8.733, Sum of s_i: 16.69498393036824
2024-05-21 20:13:01 - INFO     - {6: 1.678921246410142, 9: 1.6875166485864594, 0: 1.6927337105861122, 2: 1.6524083165273922, 4: 1.685037370023692, 3: 1.652054744339666, 5: 1.6848959901262766, 1: 1.684040751031994, 8: 1.6639276387091295, 7: 1.6763965650588095}
2024-05-21 20:13:01 - INFO     - 0.8925925925925926, 0.8777777777777778, 0.8851851851851852, 0.8703703703703703, 0.8222222222222222, 0.8407407407407408, 0.8629629629629629, 0.9037037037037037, 0.9111111111111111, 0.8814814814814815
2024-05-21 20:13:01 - WARNING  - Epoch: 71, Sum of Accs: 8.748, Sum of s_i: 16.757932981399673
2024-05-21 20:13:05 - INFO     - {6: 1.6851992106094014, 9: 1.6939223441321192, 0: 1.6992190931253504, 2: 1.6583393259279489, 4: 1.691425392476354, 3: 1.6579875622081692, 5: 1.691286965732267, 1: 1.6904248089344416, 8: 1.6700330080344956, 7: 1.6826786746668314}
2024-05-21 20:13:05 - INFO     - 0.8925925925925926, 0.8777777777777778, 0.8851851851851852, 0.8703703703703703, 0.8296296296296296, 0.8407407407407408, 0.8629629629629629, 0.9037037037037037, 0.9111111111111111, 0.8740740740740741
2024-05-21 20:13:05 - WARNING  - Epoch: 72, Sum of Accs: 8.748, Sum of s_i: 16.820516385847377
2024-05-21 20:13:09 - INFO     - {6: 1.6914308271069163, 9: 1.7002816919760346, 0: 1.7056581279628442, 2: 1.664223987626761, 4: 1.6977670672272718, 3: 1.663874032374928, 5: 1.6976315936365127, 1: 1.696762519135145, 8: 1.6760920296581174, 7: 1.6889144365731088}
2024-05-21 20:13:09 - INFO     - 0.8925925925925926, 0.8814814814814815, 0.8814814814814815, 0.8703703703703703, 0.8296296296296296, 0.8518518518518519, 0.8629629629629629, 0.9037037037037037, 0.9111111111111111, 0.8777777777777778
2024-05-21 20:13:09 - WARNING  - Epoch: 73, Sum of Accs: 8.763, Sum of s_i: 16.882636313277644
2024-05-21 20:13:13 - INFO     - {6: 1.697616846614417, 9: 1.706590924226427, 0: 1.712051565810324, 2: 1.6700585337320502, 4: 1.7040586263846664, 3: 1.6697103869481638, 5: 1.7039080095649972, 1: 1.7030408474664904, 8: 1.682082839305978, 7: 1.6950908166100285}
2024-05-21 20:13:13 - INFO     - 0.8925925925925926, 0.8814814814814815, 0.8814814814814815, 0.8703703703703703, 0.8296296296296296, 0.8518518518518519, 0.8666666666666667, 0.9037037037037037, 0.9111111111111111, 0.8777777777777778
2024-05-21 20:13:13 - WARNING  - Epoch: 74, Sum of Accs: 8.767, Sum of s_i: 16.944209396663545
2024-05-21 20:13:17 - INFO     - {6: 1.7037580661492728, 9: 1.7128598751076833, 0: 1.7184002036851584, 2: 1.6758392272765712, 4: 1.7102921581546227, 3: 1.6754928889606313, 5: 1.710148669314952, 1: 1.7092572520563967, 8: 1.6880337179486382, 7: 1.7012226103620145}
2024-05-21 20:13:17 - INFO     - 0.8925925925925926, 0.8851851851851852, 0.8814814814814815, 0.8666666666666667, 0.8333333333333334, 0.8518518518518519, 0.8666666666666667, 0.9037037037037037, 0.9111111111111111, 0.8777777777777778
2024-05-21 20:13:17 - WARNING  - Epoch: 75, Sum of Accs: 8.770, Sum of s_i: 17.005304669015942
2024-05-21 20:13:21 - INFO     - {6: 1.7098552178745774, 9: 1.7190803811638693, 0: 1.724704773750442, 2: 1.6815894242031733, 4: 1.71649936813333, 3: 1.6812448943551799, 5: 1.7163544554314685, 1: 1.7154604974848897, 8: 1.6939538977845305, 7: 1.7073239074960815}
2024-05-21 20:13:21 - INFO     - 0.8925925925925926, 0.8814814814814815, 0.8814814814814815, 0.8666666666666667, 0.8296296296296296, 0.8518518518518519, 0.8666666666666667, 0.9, 0.9111111111111111, 0.8814814814814815
2024-05-21 20:13:21 - WARNING  - Epoch: 76, Sum of Accs: 8.763, Sum of s_i: 17.06606681767754
2024-05-21 20:13:25 - INFO     - {6: 1.7159089173348943, 9: 1.725257503171211, 0: 1.7309571898825626, 2: 1.6872918600654117, 4: 1.7226544241788746, 3: 1.686949138685365, 5: 1.722495564794543, 1: 1.7216030980934427, 8: 1.6998263007027792, 7: 1.7133730506969858}
2024-05-21 20:13:25 - INFO     - 0.8925925925925926, 0.8814814814814815, 0.8814814814814815, 0.8666666666666667, 0.8296296296296296, 0.8518518518518519, 0.8666666666666667, 0.9, 0.9111111111111111, 0.8814814814814815
2024-05-21 20:13:25 - WARNING  - Epoch: 77, Sum of Accs: 8.763, Sum of s_i: 17.126317047606072
2024-05-21 20:13:29 - INFO     - {6: 1.7219198956855264, 9: 1.7313962128682436, 0: 1.7371755865731735, 2: 1.692955883617341, 4: 1.7287754607829093, 3: 1.692614970705241, 5: 1.728619554551906, 1: 1.727720170147263, 8: 1.705664684179518, 7: 1.7193881744563804}
2024-05-21 20:13:29 - INFO     - 0.8925925925925926, 0.8777777777777778, 0.8814814814814815, 0.8666666666666667, 0.8296296296296296, 0.8518518518518519, 0.8666666666666667, 0.9, 0.9111111111111111, 0.8814814814814815
2024-05-21 20:13:29 - WARNING  - Epoch: 78, Sum of Accs: 8.759, Sum of s_i: 17.186230593567505
2024-05-21 20:13:33 - INFO     - {6: 1.7278887478439555, 9: 1.7374886188694054, 0: 1.7433476795679137, 2: 1.6985736034733998, 4: 1.7348376990241237, 3: 1.6982220043622964, 5: 1.7346847459464487, 1: 1.7337660831463064, 8: 1.7114277016549355, 7: 1.7253279322144535}
2024-05-21 20:13:33 - INFO     - 0.8925925925925926, 0.8814814814814815, 0.8814814814814815, 0.8703703703703703, 0.825925925925926, 0.8518518518518519, 0.8703703703703703, 0.9, 0.9111111111111111, 0.8814814814814815
2024-05-21 20:13:33 - WARNING  - Epoch: 79, Sum of Accs: 8.767, Sum of s_i: 17.24556481610324
2024-05-21 20:13:37 - INFO     - {6: 1.7338162270703406, 9: 1.7435397150504524, 0: 1.7494784627425388, 2: 1.704141568445645, 4: 1.740858821828258, 3: 1.7038002228661866, 5: 1.7407126771241275, 1: 1.739795541684141, 8: 1.7171784716156888, 7: 1.7312469973941635}
2024-05-21 20:13:37 - INFO     - 0.8925925925925926, 0.8814814814814815, 0.8814814814814815, 0.8703703703703703, 0.825925925925926, 0.8518518518518519, 0.8703703703703703, 0.9, 0.9111111111111111, 0.8814814814814815
2024-05-21 20:13:37 - WARNING  - Epoch: 80, Sum of Accs: 8.767, Sum of s_i: 17.30456870582154
2024-05-21 20:13:41 - INFO     - {6: 1.7397029010969236, 9: 1.7495500676962585, 0: 1.7555685023819234, 2: 1.709677234946348, 4: 1.7468515013810664, 3: 1.7093376978348362, 5: 1.7467083098302643, 1: 1.7457842566867352, 8: 1.7228884980412014, 7: 1.737133764102332}
2024-05-21 20:13:41 - INFO     - 0.8925925925925926, 0.8814814814814815, 0.8814814814814815, 0.8703703703703703, 0.825925925925926, 0.8518518518518519, 0.8740740740740741, 0.9, 0.9111111111111111, 0.8814814814814815
2024-05-21 20:13:41 - WARNING  - Epoch: 81, Sum of Accs: 8.770, Sum of s_i: 17.363202733997888
2024-05-21 20:13:45 - INFO     - {6: 1.7455493551576622, 9: 1.7555202605935856, 0: 1.7616183822728289, 2: 1.715172741698572, 4: 1.7528040211853957, 3: 1.7148350130550067, 5: 1.752663782787922, 1: 1.7517328119408502, 8: 1.7285583647182348, 7: 1.7429803710620209}
2024-05-21 20:13:45 - INFO     - 0.8925925925925926, 0.8814814814814815, 0.8814814814814815, 0.8703703703703703, 0.825925925925926, 0.8518518518518519, 0.8703703703703703, 0.9, 0.9111111111111111, 0.8814814814814815
2024-05-21 20:13:45 - WARNING  - Epoch: 82, Sum of Accs: 8.767, Sum of s_i: 17.421435104472078
2024-05-21 20:13:49 - INFO     - {6: 1.7513561860998494, 9: 1.7614548228821734, 0: 1.7676326315549948, 2: 1.7206326178420566, 4: 1.7587052022872773, 3: 1.720277004706722, 5: 1.7585679170431319, 1: 1.7576300284925175, 8: 1.7341768926928205, 7: 1.7487756393192622}
2024-05-21 20:13:49 - INFO     - 0.8925925925925926, 0.8814814814814815, 0.8814814814814815, 0.8703703703703703, 0.825925925925926, 0.8518518518518519, 0.8703703703703703, 0.9, 0.9111111111111111, 0.8814814814814815
2024-05-21 20:13:49 - WARNING  - Epoch: 83, Sum of Accs: 8.767, Sum of s_i: 17.479208942920806
2024-05-21 20:13:53 - INFO     - {6: 1.7571240187957593, 9: 1.7673465105211164, 0: 1.7736000497118274, 2: 1.7260416587879228, 4: 1.764571256285249, 3: 1.7256918581928196, 5: 1.764425742804574, 1: 1.7634921179402747, 8: 1.739764297635781, 7: 1.7545357804725934}
2024-05-21 20:13:53 - INFO     - 0.8925925925925926, 0.8814814814814815, 0.8814814814814815, 0.8703703703703703, 0.825925925925926, 0.8518518518518519, 0.8666666666666667, 0.9, 0.9111111111111111, 0.8777777777777778
2024-05-21 20:13:53 - WARNING  - Epoch: 84, Sum of Accs: 8.759, Sum of s_i: 17.536593291147916
2024-05-21 20:13:58 - INFO     - {6: 1.7628534211946152, 9: 1.7731998238469633, 0: 1.7795330500312527, 2: 1.7314202859686667, 4: 1.7704068965180981, 3: 1.7310569869342, 5: 1.7702643361907515, 1: 1.7693237936229096, 8: 1.7453172847413343, 7: 1.7602655078608023}
2024-05-21 20:13:58 - INFO     - 0.8925925925925926, 0.8814814814814815, 0.8814814814814815, 0.8740740740740741, 0.8296296296296296, 0.8518518518518519, 0.8703703703703703, 0.9, 0.9111111111111111, 0.8814814814814815
2024-05-21 20:13:58 - WARNING  - Epoch: 85, Sum of Accs: 8.774, Sum of s_i: 17.593641386909592
2024-05-21 20:14:02 - INFO     - {6: 1.7685449164827893, 9: 1.779019050481538, 0: 1.7854319636594056, 2: 1.7367533168380134, 4: 1.7761934202005416, 3: 1.7363918262714935, 5: 1.7760464802343183, 1: 1.7751213826142722, 8: 1.7508246755354906, 7: 1.765961148557739}
2024-05-21 20:14:02 - INFO     - 0.8925925925925926, 0.8851851851851852, 0.8777777777777778, 0.8777777777777778, 0.8296296296296296, 0.8518518518518519, 0.8703703703703703, 0.9, 0.9111111111111111, 0.8814814814814815
2024-05-21 20:14:02 - WARNING  - Epoch: 86, Sum of Accs: 8.778, Sum of s_i: 17.650288180875602
2024-05-21 20:14:06 - INFO     - {6: 1.7741990620830337, 9: 1.7848009274281829, 0: 1.791293527599629, 2: 1.742060507639555, 4: 1.7819576240541888, 3: 1.7417008255409818, 5: 1.7818136372412938, 1: 1.780881621917705, 8: 1.7563062262618419, 7: 1.7716194395667457}
2024-05-21 20:14:06 - INFO     - 0.8925925925925926, 0.8851851851851852, 0.8777777777777778, 0.8777777777777778, 0.8296296296296296, 0.8518518518518519, 0.8703703703703703, 0.9, 0.9111111111111111, 0.8814814814814815
2024-05-21 20:14:06 - WARNING  - Epoch: 87, Sum of Accs: 8.778, Sum of s_i: 17.706633399333157
2024-05-21 20:14:10 - INFO     - {6: 1.7798163411420946, 9: 1.7905459378336441, 0: 1.7971182249986686, 2: 1.7473308318999132, 4: 1.7876849613666523, 3: 1.7469729582692866, 5: 1.7875439277070857, 1: 1.7866049946799543, 8: 1.7617217266752658, 7: 1.777240864034569}
2024-05-21 20:14:10 - INFO     - 0.8925925925925926, 0.8851851851851852, 0.8777777777777778, 0.8777777777777778, 0.8296296296296296, 0.8518518518518519, 0.8703703703703703, 0.9, 0.9111111111111111, 0.8814814814814815
2024-05-21 20:14:10 - WARNING  - Epoch: 88, Sum of Accs: 8.778, Sum of s_i: 17.762580768607133
2024-05-21 20:14:14 - INFO     - {6: 1.7853972914996254, 9: 1.7962546195375755, 0: 1.8028992961876469, 2: 1.752553797426955, 4: 1.793375969977586, 3: 1.7521977322642748, 5: 1.7932164549269933, 1: 1.7922706041963192, 8: 1.7671086476145492, 7: 1.782804525256508}
2024-05-21 20:14:14 - INFO     - 0.8925925925925926, 0.8851851851851852, 0.8777777777777778, 0.8777777777777778, 0.8296296296296296, 0.8518518518518519, 0.8666666666666667, 0.9, 0.9111111111111111, 0.8814814814814815
2024-05-21 20:14:14 - WARNING  - Epoch: 89, Sum of Accs: 8.774, Sum of s_i: 17.818078938888036
2024-05-21 20:14:18 - INFO     - {6: 1.7909424751460372, 9: 1.8019275345303878, 0: 1.8086518981740376, 2: 1.757752026274664, 4: 1.7990312118774006, 3: 1.7573977695799305, 5: 1.7988746499801362, 1: 1.7978971097351504, 8: 1.772481236387068, 7: 1.7883538543116821}
2024-05-21 20:14:18 - INFO     - 0.8925925925925926, 0.8888888888888888, 0.8777777777777778, 0.8777777777777778, 0.8296296296296296, 0.8518518518518519, 0.8666666666666667, 0.9, 0.9111111111111111, 0.8814814814814815
2024-05-21 20:14:18 - WARNING  - Epoch: 90, Sum of Accs: 8.778, Sum of s_i: 17.873309765996495
2024-05-21 20:14:22 - INFO     - {6: 1.7964523288291387, 9: 1.8075651195598899, 0: 1.8143620711720314, 2: 1.7629041938351298, 4: 1.804637117531083, 3: 1.762551745608343, 5: 1.804483508787147, 1: 1.8035023257975074, 8: 1.7778077638723433, 7: 1.7938538471207244}
2024-05-21 20:14:22 - INFO     - 0.8925925925925926, 0.8851851851851852, 0.8777777777777778, 0.8777777777777778, 0.8296296296296296, 0.8518518518518519, 0.8666666666666667, 0.9037037037037037, 0.9074074074074074, 0.8814814814814815
2024-05-21 20:14:22 - WARNING  - Epoch: 91, Sum of Accs: 8.774, Sum of s_i: 17.92812002211334
2024-05-21 20:14:26 - INFO     - {6: 1.801927379661376, 9: 1.8131679017385274, 0: 1.8200445403442473, 2: 1.7680322898686642, 4: 1.8102222266167227, 3: 1.7676643011583366, 5: 1.810071571026115, 1: 1.8090661213814454, 8: 1.7830826302266136, 7: 1.7993156944102366}
2024-05-21 20:14:26 - INFO     - 0.8925925925925926, 0.8814814814814815, 0.8777777777777778, 0.8777777777777778, 0.8296296296296296, 0.8518518518518519, 0.8666666666666667, 0.9037037037037037, 0.9074074074074074, 0.8814814814814815
2024-05-21 20:14:26 - WARNING  - Epoch: 92, Sum of Accs: 8.770, Sum of s_i: 17.982594656432283
2024-05-21 20:14:30 - INFO     - {6: 1.8073680928520908, 9: 1.8187363462756425, 0: 1.8256926718749409, 2: 1.7731260482606763, 4: 1.8157729980608401, 3: 1.7727598680182952, 5: 1.8156252956235608, 1: 1.8146129282753485, 8: 1.7883507485434351, 7: 1.804760553009714}
2024-05-21 20:14:30 - INFO     - 0.8925925925925926, 0.8814814814814815, 0.8777777777777778, 0.8814814814814815, 0.8333333333333334, 0.8518518518518519, 0.8666666666666667, 0.9037037037037037, 0.9074074074074074, 0.8814814814814815
2024-05-21 20:14:30 - WARNING  - Epoch: 93, Sum of Accs: 8.778, Sum of s_i: 18.036805550794544
2024-05-21 20:14:34 - INFO     - {6: 1.812774881589183, 9: 1.8242674962760155, 0: 1.8313000637778396, 2: 1.7781825121159462, 4: 1.821276395014339, 3: 1.7778046399484104, 5: 1.8211382805932117, 1: 1.8201089402394082, 8: 1.793571492369638, 7: 1.8101546166793476}
2024-05-21 20:14:34 - INFO     - 0.8925925925925926, 0.8814814814814815, 0.8777777777777778, 0.8814814814814815, 0.8333333333333334, 0.8518518518518519, 0.8666666666666667, 0.9037037037037037, 0.9074074074074074, 0.8814814814814815
2024-05-21 20:14:34 - WARNING  - Epoch: 94, Sum of Accs: 8.778, Sum of s_i: 18.09057931860334
2024-05-21 20:14:38 - INFO     - {6: 1.818148260315927, 9: 1.8297686063491598, 0: 1.8368808608445624, 2: 1.7832089360439876, 4: 1.8267598319944856, 3: 1.7828328723443982, 5: 1.8266246707266867, 1: 1.8255884126693405, 8: 1.7987722762224887, 7: 1.815532140814854}
2024-05-21 20:14:38 - INFO     - 0.8925925925925926, 0.8814814814814815, 0.8777777777777778, 0.8814814814814815, 0.8333333333333334, 0.8555555555555555, 0.8666666666666667, 0.9037037037037037, 0.9037037037037037, 0.8814814814814815
2024-05-21 20:14:38 - WARNING  - Epoch: 95, Sum of Accs: 8.778, Sum of s_i: 18.144116868325888
2024-05-21 20:14:42 - INFO     - {6: 1.8234886117345923, 9: 1.835233407473953, 0: 1.8424253489629336, 2: 1.7881990510236774, 4: 1.8322069600262807, 3: 1.7878247957920346, 5: 1.8320747519118101, 1: 1.8310315761509213, 8: 1.8039367511269881, 7: 1.820873356002009}
2024-05-21 20:14:42 - INFO     - 0.8925925925925926, 0.8814814814814815, 0.8777777777777778, 0.8814814814814815, 0.8333333333333334, 0.8555555555555555, 0.8666666666666667, 0.9037037037037037, 0.9074074074074074, 0.8814814814814815
2024-05-21 20:14:42 - WARNING  - Epoch: 96, Sum of Accs: 8.781, Sum of s_i: 18.197294610205198
2024-05-21 20:14:46 - INFO     - {6: 1.828796388533603, 9: 1.840665676814456, 0: 1.847937305297015, 2: 1.7931566342190772, 4: 1.8376215562737859, 3: 1.7927712029864833, 5: 1.8374923013126436, 1: 1.8364292233793145, 8: 1.8090557097782998, 7: 1.8261627550955417}
2024-05-21 20:14:46 - INFO     - 0.8925925925925926, 0.8814814814814815, 0.8777777777777778, 0.8814814814814815, 0.8333333333333334, 0.8555555555555555, 0.8666666666666667, 0.9037037037037037, 0.9074074074074074, 0.8814814814814815
2024-05-21 20:14:46 - WARNING  - Epoch: 97, Sum of Accs: 8.781, Sum of s_i: 18.250088753690218
2024-05-21 20:14:50 - INFO     - {6: 1.8340720509016044, 9: 1.846069070528858, 0: 1.8534203860049954, 2: 1.798085341788376, 4: 1.8430072768951902, 3: 1.7976856972458695, 5: 1.8428809750873762, 1: 1.8417949576726451, 8: 1.8141587772724082, 7: 1.8314425628723057}
2024-05-21 20:14:50 - INFO     - 0.8925925925925926, 0.8814814814814815, 0.8777777777777778, 0.8814814814814815, 0.8296296296296296, 0.8555555555555555, 0.8666666666666667, 0.9037037037037037, 0.9111111111111111, 0.8814814814814815
2024-05-21 20:14:50 - WARNING  - Epoch: 98, Sum of Accs: 8.781, Sum of s_i: 18.30261709626963
2024-05-21 20:14:54 - INFO     - {6: 1.8393159810436965, 9: 1.8514375761666892, 0: 1.8588653500615044, 2: 1.802979161281104, 4: 1.848348669601444, 3: 1.8025718853679644, 5: 1.8482315322106375, 1: 1.8471230427703693, 8: 1.8192237281150454, 7: 1.8366874825724988}
2024-05-21 20:14:54 - INFO     - 0.8925925925925926, 0.8851851851851852, 0.8777777777777778, 0.8814814814814815, 0.8333333333333334, 0.8592592592592593, 0.8666666666666667, 0.9037037037037037, 0.9111111111111111, 0.8814814814814815
2024-05-21 20:14:54 - WARNING  - Epoch: 99, Sum of Accs: 8.793, Sum of s_i: 18.354784409190955
2024-05-21 20:14:58 - INFO     - {6: 1.8445286126417035, 9: 1.8567748234424335, 0: 1.8642853999994902, 2: 1.807841722411745, 4: 1.8536713594528536, 3: 1.8074393706352152, 5: 1.8535540595467124, 1: 1.8524386524029015, 8: 1.824260649170496, 7: 1.841901143910605}
2024-05-21 20:14:58 - INFO     - 0.8925925925925926, 0.8814814814814815, 0.8777777777777778, 0.8814814814814815, 0.8296296296296296, 0.8592592592592593, 0.8666666666666667, 0.9037037037037037, 0.9111111111111111, 0.8814814814814815
2024-05-21 20:14:58 - WARNING  - Epoch: 100, Sum of Accs: 8.785, Sum of s_i: 18.406695793614155
2024-05-21 20:15:03 - INFO     - {6: 1.8497103104514285, 9: 1.8620811763324867, 0: 1.8696714398831218, 2: 1.8126733891566948, 4: 1.858960039249909, 3: 1.8122605106646976, 5: 1.8588456924970962, 1: 1.8577233676497427, 8: 1.8292666758402556, 7: 1.8470839108630202}
2024-05-21 20:15:03 - INFO     - 0.8925925925925926, 0.8851851851851852, 0.8777777777777778, 0.8814814814814815, 0.8296296296296296, 0.8592592592592593, 0.8666666666666667, 0.9037037037037037, 0.9111111111111111, 0.8814814814814815
2024-05-21 20:15:03 - WARNING  - Epoch: 101, Sum of Accs: 8.789, Sum of s_i: 18.458276512588455
2024-05-21 20:15:07 - INFO     - {6: 1.854861478201378, 9: 1.8673570377487947, 0: 1.8750238791879377, 2: 1.8174745644278996, 4: 1.864218227573219, 3: 1.8170634944038488, 5: 1.8641037248686643, 1: 1.862974482317768, 8: 1.8342422110362697, 7: 1.8522330772366196}
2024-05-21 20:15:07 - INFO     - 0.8925925925925926, 0.8814814814814815, 0.8777777777777778, 0.8814814814814815, 0.8296296296296296, 0.8592592592592593, 0.8666666666666667, 0.9037037037037037, 0.9111111111111111, 0.8814814814814815
2024-05-21 20:15:07 - WARNING  - Epoch: 102, Sum of Accs: 8.785, Sum of s_i: 18.509552177002398
2024-05-21 20:15:11 - INFO     - {6: 1.8599824987177804, 9: 1.8726057896115977, 0: 1.880352318044319, 2: 1.8222486301455993, 4: 1.8694493063430244, 3: 1.8218393685894951, 5: 1.8693377567917977, 1: 1.86818071726641, 8: 1.83916975740783, 7: 1.8573373638908355}
2024-05-21 20:15:11 - INFO     - 0.8925925925925926, 0.8851851851851852, 0.8740740740740741, 0.8814814814814815, 0.8296296296296296, 0.8629629629629629, 0.8666666666666667, 0.9037037037037037, 0.9111111111111111, 0.8814814814814815
2024-05-21 20:15:11 - WARNING  - Epoch: 103, Sum of Accs: 8.789, Sum of s_i: 18.56050350680869
2024-05-21 20:15:15 - INFO     - {6: 1.865073760574785, 9: 1.8778218199791084, 0: 1.8856480354054077, 2: 1.8269838632711095, 4: 1.874647663617537, 3: 1.826582521279849, 5: 1.8745390672196387, 1: 1.8733751099907083, 8: 1.8440793504581499, 7: 1.862429808320708}
2024-05-21 20:15:15 - INFO     - 0.8962962962962963, 0.8777777777777778, 0.8777777777777778, 0.8814814814814815, 0.825925925925926, 0.8629629629629629, 0.8666666666666667, 0.9037037037037037, 0.9111111111111111, 0.8814814814814815
2024-05-21 20:15:15 - WARNING  - Epoch: 104, Sum of Accs: 8.785, Sum of s_i: 18.611181000117
2024-05-21 20:15:19 - INFO     - {6: 1.8701356175568529, 9: 1.8830084817894708, 0: 1.8909113875155121, 2: 1.8316898032865714, 4: 1.8798136556410654, 3: 1.8312845754582356, 5: 1.8796992791355125, 1: 1.8785340985080612, 8: 1.8489626893543822, 7: 1.867486848543635}
2024-05-21 20:15:19 - INFO     - 0.8962962962962963, 0.8814814814814815, 0.8740740740740741, 0.8814814814814815, 0.825925925925926, 0.8629629629629629, 0.8666666666666667, 0.9037037037037037, 0.9111111111111111, 0.8814814814814815
2024-05-21 20:15:19 - WARNING  - Epoch: 105, Sum of Accs: 8.785, Sum of s_i: 18.6615264367893
2024-05-21 20:15:23 - INFO     - {6: 1.8751684519982599, 9: 1.8881661566349635, 0: 1.8961457886421158, 2: 1.8363668285242063, 4: 1.8849476939308059, 3: 1.835963409163817, 5: 1.884836270578581, 1: 1.883664172247587, 8: 1.8538140745168268, 7: 1.872514973988735}
2024-05-21 20:15:23 - INFO     - 0.8962962962962963, 0.8777777777777778, 0.8740740740740741, 0.8814814814814815, 0.825925925925926, 0.8629629629629629, 0.8666666666666667, 0.9037037037037037, 0.9111111111111111, 0.8814814814814815
2024-05-21 20:15:23 - WARNING  - Epoch: 106, Sum of Accs: 8.781, Sum of s_i: 18.7115878202259
2024-05-21 20:15:27 - INFO     - {6: 1.8801726133752827, 9: 1.8932980493583866, 0: 1.9013573683591174, 2: 1.841015281453708, 4: 1.8900619135612313, 3: 1.8406081112946076, 5: 1.8899364880024663, 1: 1.8887545721835928, 8: 1.858628685660088, 7: 1.8775232807745201}
2024-05-21 20:15:27 - INFO     - 0.8962962962962963, 0.8814814814814815, 0.8740740740740741, 0.8814814814814815, 0.825925925925926, 0.8629629629629629, 0.8666666666666667, 0.9037037037037037, 0.9111111111111111, 0.8814814814814815
2024-05-21 20:15:27 - WARNING  - Epoch: 107, Sum of Accs: 8.785, Sum of s_i: 18.761356364023
2024-05-21 20:15:31 - INFO     - {6: 1.8851484513310077, 9: 1.898401618660512, 0: 1.906540624654821, 2: 1.8456355146747032, 4: 1.8951365446973782, 3: 1.8452301529835493, 5: 1.8950166874288952, 1: 1.8938168851446275, 8: 1.8634319287419197, 7: 1.8825032641390074}
2024-05-21 20:15:31 - INFO     - 0.8962962962962963, 0.8777777777777778, 0.8740740740740741, 0.8814814814814815, 0.825925925925926, 0.8629629629629629, 0.8666666666666667, 0.9037037037037037, 0.9111111111111111, 0.8814814814814815
2024-05-21 20:15:31 - WARNING  - Epoch: 108, Sum of Accs: 8.781, Sum of s_i: 18.810861672456422
2024-05-21 20:15:35 - INFO     - {6: 1.8900962940019141, 9: 1.903477192677819, 0: 1.9116958856657065, 2: 1.850236402546907, 4: 1.9001944456216875, 3: 1.8498328493236997, 5: 1.9000775415065327, 1: 1.8988680332253152, 8: 1.868207176538933, 7: 1.8874552522186763}
2024-05-21 20:15:35 - INFO     - 0.8962962962962963, 0.8814814814814815, 0.8703703703703703, 0.8814814814814815, 0.825925925925926, 0.8629629629629629, 0.8666666666666667, 0.9037037037037037, 0.9111111111111111, 0.8814814814814815
2024-05-21 20:15:35 - WARNING  - Epoch: 109, Sum of Accs: 8.781, Sum of s_i: 18.860141073327192
2024-05-21 20:15:39 - INFO     - {6: 1.895016444202939, 9: 1.908522318885979, 0: 1.9168178753305816, 2: 1.8548011543718945, 4: 1.9052136590294957, 3: 1.8543968581473491, 5: 1.9050997080676693, 1: 1.903883282082909, 8: 1.872949152989936, 7: 1.8923685527818443}
2024-05-21 20:15:39 - INFO     - 0.8962962962962963, 0.8777777777777778, 0.8703703703703703, 0.8814814814814815, 0.825925925925926, 0.8629629629629629, 0.8666666666666667, 0.9037037037037037, 0.9111111111111111, 0.8814814814814815
2024-05-21 20:15:39 - WARNING  - Epoch: 110, Sum of Accs: 8.778, Sum of s_i: 18.909069005890597
2024-05-21 20:15:43 - INFO     - {6: 1.8999092707115706, 9: 1.913542876741011, 0: 1.921918120179192, 2: 1.8593470260818235, 4: 1.91021654379153, 3: 1.8589445383252245, 5: 1.9101055459830318, 1: 1.908882202294729, 8: 1.8776693846246744, 7: 1.8972655246992383}
2024-05-21 20:15:43 - INFO     - 0.8962962962962963, 0.8814814814814815, 0.8703703703703703, 0.8814814814814815, 0.825925925925926, 0.8629629629629629, 0.8666666666666667, 0.9037037037037037, 0.9111111111111111, 0.8814814814814815
2024-05-21 20:15:43 - WARNING  - Epoch: 111, Sum of Accs: 8.781, Sum of s_i: 18.957801033432023
2024-05-21 20:15:47 - INFO     - {6: 1.904775051075146, 9: 1.9185336971135136, 0: 1.9269886275452728, 2: 1.8638658516466962, 4: 1.9151816364806697, 3: 1.8634624810205704, 5: 1.9150735918255, 1: 1.9138433304336544, 8: 1.8823518241865183, 7: 1.902124704543738}
2024-05-21 20:15:47 - INFO     - 0.8962962962962963, 0.8777777777777778, 0.8703703703703703, 0.8814814814814815, 0.825925925925926, 0.8629629629629629, 0.8666666666666667, 0.9037037037037037, 0.9111111111111111, 0.8777777777777778
2024-05-21 20:15:47 - WARNING  - Epoch: 112, Sum of Accs: 8.774, Sum of s_i: 19.00620079587128
2024-05-21 20:15:51 - INFO     - {6: 1.9096141343490567, 9: 1.9234978514854915, 0: 1.9320324689108288, 2: 1.8683553198735707, 4: 1.9201281177596499, 3: 1.8679430849227814, 5: 1.9200230262578082, 1: 1.9187700076346863, 8: 1.887004979545592, 7: 1.9069441909275315}
2024-05-21 20:15:51 - INFO     - 0.8962962962962963, 0.8814814814814815, 0.8703703703703703, 0.8814814814814815, 0.825925925925926, 0.8629629629629629, 0.8666666666666667, 0.9037037037037037, 0.9111111111111111, 0.8777777777777778
2024-05-21 20:15:51 - WARNING  - Epoch: 113, Sum of Accs: 8.778, Sum of s_i: 19.054313181667
2024-05-21 20:15:55 - INFO     - {6: 1.9144268402721416, 9: 1.928438288754977, 0: 1.9370525931738927, 2: 1.872821070997953, 4: 1.9250508819361376, 3: 1.8724106445151103, 5: 1.9249487435876242, 1: 1.9236705052967271, 8: 1.891645090594784, 7: 1.9117375506418424}
2024-05-21 20:15:55 - INFO     - 0.8962962962962963, 0.8777777777777778, 0.8703703703703703, 0.8814814814814815, 0.825925925925926, 0.8629629629629629, 0.8666666666666667, 0.9037037037037037, 0.9111111111111111, 0.8777777777777778
2024-05-21 20:15:55 - WARNING  - Epoch: 114, Sum of Accs: 8.774, Sum of s_i: 19.10220220977119
2024-05-21 20:15:59 - INFO     - {6: 1.9192134495576536, 9: 1.9333500296005277, 0: 1.942041354887454, 2: 1.8772554595728326, 4: 1.9299422835631228, 3: 1.8768495076835046, 5: 1.9298430983679378, 1: 1.928557942373498, 8: 1.896256505220041, 7: 1.916525705549755}
2024-05-21 20:15:59 - INFO     - 0.8962962962962963, 0.8814814814814815, 0.8703703703703703, 0.8814814814814815, 0.825925925925926, 0.8629629629629629, 0.8666666666666667, 0.9037037037037037, 0.9111111111111111, 0.8777777777777778
2024-05-21 20:15:59 - WARNING  - Epoch: 115, Sum of Accs: 8.778, Sum of s_i: 19.149835336376327
2024-05-21 20:16:03 - INFO     - {6: 1.9239742569528524, 9: 1.9382359979731751, 0: 1.9470043739038396, 2: 1.8816641054505368, 4: 1.9348079424929323, 3: 1.8812522891083094, 5: 1.9347117104510756, 1: 1.9334119638322473, 8: 1.9008395110225547, 7: 1.9212854516349245}
2024-05-21 20:16:03 - INFO     - 0.8962962962962963, 0.8777777777777778, 0.8703703703703703, 0.8814814814814815, 0.825925925925926, 0.8629629629629629, 0.8666666666666667, 0.9037037037037037, 0.9111111111111111, 0.8777777777777778
2024-05-21 20:16:03 - WARNING  - Epoch: 116, Sum of Accs: 8.774, Sum of s_i: 19.19718760282245
2024-05-21 20:16:07 - INFO     - {6: 1.9287095668128995, 9: 1.9430990391796228, 0: 1.951941952114001, 2: 1.8860473105220166, 4: 1.9396431654634403, 3: 1.8856323074946584, 5: 1.9395449536966776, 1: 1.9382482174056181, 8: 1.9053920808657667, 7: 1.9260147617607921}
2024-05-21 20:16:07 - INFO     - 0.8962962962962963, 0.8814814814814815, 0.8703703703703703, 0.8814814814814815, 0.825925925925926, 0.8629629629629629, 0.8666666666666667, 0.9037037037037037, 0.9111111111111111, 0.8777777777777778
2024-05-21 20:16:07 - WARNING  - Epoch: 117, Sum of Accs: 8.778, Sum of s_i: 19.244273355315496
2024-05-21 20:16:11 - INFO     - {6: 1.9334196718776693, 9: 1.9479368755907929, 0: 1.9568594755187494, 2: 1.8904104607880836, 4: 1.9444633287816127, 3: 1.889997266228672, 5: 1.9443680701681783, 1: 1.9430644161735762, 8: 1.9099095417925842, 7: 1.9307290122343244}
2024-05-21 20:16:11 - INFO     - 0.8962962962962963, 0.8777777777777778, 0.8703703703703703, 0.8814814814814815, 0.825925925925926, 0.8629629629629629, 0.8666666666666667, 0.9037037037037037, 0.9111111111111111, 0.8777777777777778
2024-05-21 20:16:11 - WARNING  - Epoch: 118, Sum of Accs: 8.774, Sum of s_i: 19.29115811915424
2024-05-21 20:16:16 - INFO     - {6: 1.938104826367348, 9: 1.952747276131869, 0: 1.961752048348407, 2: 1.8947461751840564, 4: 1.9492585415246941, 3: 1.8943347890925912, 5: 1.9491637507695847, 1: 1.94785317907144, 8: 1.9144022807606413, 7: 1.9354158268377624}
2024-05-21 20:16:16 - INFO     - 0.8962962962962963, 0.8814814814814815, 0.8703703703703703, 0.8814814814814815, 0.825925925925926, 0.8629629629629629, 0.8666666666666667, 0.9037037037037037, 0.9111111111111111, 0.8777777777777778
2024-05-21 20:16:16 - WARNING  - Epoch: 119, Sum of Accs: 8.778, Sum of s_i: 19.337778694088392
2024-05-21 20:16:20 - INFO     - {6: 1.9427653147638029, 9: 1.9575330379388562, 0: 1.966614974622798, 2: 1.899054728319766, 4: 1.9540192777019687, 3: 1.8986451506962474, 5: 1.953932270110728, 1: 1.9526147807090406, 8: 1.9188851938211604, 7: 1.9400585175640066}
2024-05-21 20:16:20 - INFO     - 0.8962962962962963, 0.8777777777777778, 0.8703703703703703, 0.8814814814814815, 0.825925925925926, 0.8629629629629629, 0.8666666666666667, 0.9037037037037037, 0.9111111111111111, 0.8777777777777778
2024-05-21 20:16:20 - WARNING  - Epoch: 120, Sum of Accs: 8.774, Sum of s_i: 19.384123246248375
2024-05-21 20:16:24 - INFO     - {6: 1.947401424154069, 9: 1.9622944475982549, 0: 1.9714560712757752, 2: 1.9033414518340617, 4: 1.9587630142683696, 3: 1.9029239260026507, 5: 1.9586692031546185, 1: 1.9573545527252272, 8: 1.9233462772602654, 7: 1.9446963412857672}
2024-05-21 20:16:24 - INFO     - 0.8962962962962963, 0.8814814814814815, 0.8703703703703703, 0.8814814814814815, 0.825925925925926, 0.8629629629629629, 0.8666666666666667, 0.9037037037037037, 0.9111111111111111, 0.8777777777777778
2024-05-21 20:16:24 - WARNING  - Epoch: 121, Sum of Accs: 8.778, Sum of s_i: 19.43024670955906
2024-05-21 20:16:28 - INFO     - {6: 1.9520134093320516, 9: 1.96703175944554, 0: 1.9762706015199933, 2: 1.9075991015835672, 4: 1.963480184426012, 3: 1.907185891576134, 5: 1.9633917950622342, 1: 1.9620652509766237, 8: 1.9277782869345803, 7: 1.9493100671954142}
2024-05-21 20:16:28 - INFO     - 0.8962962962962963, 0.8777777777777778, 0.8703703703703703, 0.8851851851851852, 0.8296296296296296, 0.8629629629629629, 0.8666666666666667, 0.9037037037037037, 0.9111111111111111, 0.8777777777777778
2024-05-21 20:16:28 - WARNING  - Epoch: 122, Sum of Accs: 8.781, Sum of s_i: 19.476126348052148
2024-05-21 20:16:32 - INFO     - {6: 1.9566015337918121, 9: 1.97174523651299, 0: 1.9810613232523366, 2: 1.9118329692760776, 4: 1.968171065170628, 3: 1.911421567736591, 5: 1.9680856289601785, 1: 1.9667521671710253, 8: 1.9321772815050298, 7: 1.9538950350953899}
2024-05-21 20:16:32 - INFO     - 0.8962962962962963, 0.8814814814814815, 0.8703703703703703, 0.8814814814814815, 0.825925925925926, 0.8629629629629629, 0.8666666666666667, 0.9037037037037037, 0.9111111111111111, 0.8777777777777778
2024-05-21 20:16:32 - WARNING  - Epoch: 123, Sum of Accs: 8.778, Sum of s_i: 19.521743808472056
2024-05-21 20:16:36 - INFO     - {6: 1.9611660672557198, 9: 1.976435148060659, 0: 1.98582850526655, 2: 1.9160457781516096, 4: 1.9728408870982652, 3: 1.9156361850800696, 5: 1.972758404041144, 1: 1.9714180245484483, 8: 1.9365644503053712, 7: 1.958458944178387}
2024-05-21 20:16:36 - INFO     - 0.8962962962962963, 0.8777777777777778, 0.8703703703703703, 0.8851851851851852, 0.8296296296296296, 0.8666666666666667, 0.8666666666666667, 0.9037037037037037, 0.9111111111111111, 0.8777777777777778
2024-05-21 20:16:36 - WARNING  - Epoch: 124, Sum of Accs: 8.785, Sum of s_i: 19.567152393986223
2024-05-21 20:16:40 - INFO     - {6: 1.965707248772974, 9: 1.9811017327144407, 0: 1.99057477691391, 2: 1.920240004870161, 4: 1.9774828302254126, 3: 1.9198298920566945, 5: 1.9774102687552562, 1: 1.9760491073819426, 8: 1.9409168445617841, 7: 1.9629880787174556}
2024-05-21 20:16:40 - INFO     - 0.8962962962962963, 0.8814814814814815, 0.8703703703703703, 0.8851851851851852, 0.8296296296296296, 0.8666666666666667, 0.8666666666666667, 0.9037037037037037, 0.9111111111111111, 0.8777777777777778
2024-05-21 20:16:40 - WARNING  - Epoch: 125, Sum of Accs: 8.789, Sum of s_i: 19.61230078497003
2024-05-21 20:16:44 - INFO     - {6: 1.9702253407402444, 9: 1.9857475560281113, 0: 1.9952956162238928, 2: 1.9244111420387287, 4: 1.9821109804460855, 3: 1.9239981666959425, 5: 1.9820367011319913, 1: 1.9806572696883644, 8: 1.945262341655161, 7: 1.967505645096222}
2024-05-21 20:16:44 - INFO     - 0.8962962962962963, 0.8777777777777778, 0.8703703703703703, 0.8851851851851852, 0.8296296296296296, 0.8666666666666667, 0.8666666666666667, 0.9037037037037037, 0.9111111111111111, 0.8777777777777778
2024-05-21 20:16:44 - WARNING  - Epoch: 126, Sum of Accs: 8.785, Sum of s_i: 19.65725075974474
2024-05-21 20:16:48 - INFO     - {6: 1.9747205710106528, 9: 1.990368238255019, 0: 1.999993643744932, 2: 1.9285594175104344, 4: 1.9867116478805484, 3: 1.9281436295462466, 5: 1.9866426634192293, 1: 1.98525631427206, 8: 1.9495826976617752, 7: 1.9720027413854917}
2024-05-21 20:16:48 - INFO     - 0.8962962962962963, 0.8777777777777778, 0.8703703703703703, 0.8851851851851852, 0.8296296296296296, 0.8666666666666667, 0.8666666666666667, 0.9037037037037037, 0.9111111111111111, 0.8777777777777778
2024-05-21 20:16:48 - WARNING  - Epoch: 127, Sum of Accs: 8.785, Sum of s_i: 19.70198156468639
2024-05-21 20:16:52 - INFO     - {6: 1.9791931752652698, 9: 1.9949685738560363, 0: 2.0046690920376613, 2: 1.9326781374172526, 4: 1.991287380839472, 3: 1.9322641579210114, 5: 1.9912213495314812, 1: 1.9898280826807693, 8: 1.9538757774934028, 7: 1.976472561499775}
2024-05-21 20:16:52 - INFO     - 0.8962962962962963, 0.8777777777777778, 0.8666666666666667, 0.8851851851851852, 0.8296296296296296, 0.8666666666666667, 0.8666666666666667, 0.9037037037037037, 0.9111111111111111, 0.8777777777777778
2024-05-21 20:16:52 - WARNING  - Epoch: 128, Sum of Accs: 8.781, Sum of s_i: 19.746458288542133
2024-05-21 20:16:56 - INFO     - {6: 1.9836434039327782, 9: 1.9995443016792858, 0: 2.0093222129729713, 2: 1.936774553841322, 4: 1.995838758961349, 3: 1.9363647141855866, 5: 1.9957777321609842, 1: 1.994375496252432, 8: 1.958148885214841, 7: 1.9809247033853863}
2024-05-21 20:16:56 - INFO     - 0.8962962962962963, 0.8777777777777778, 0.8703703703703703, 0.8851851851851852, 0.8296296296296296, 0.8666666666666667, 0.8666666666666667, 0.9037037037037037, 0.9111111111111111, 0.8777777777777778
2024-05-21 20:16:56 - WARNING  - Epoch: 129, Sum of Accs: 8.785, Sum of s_i: 19.790714762586937
2024-05-21 20:17:00 - INFO     - {6: 1.9880714875549637, 9: 2.004097907462407, 0: 2.013953235177397, 2: 1.9408534734793397, 4: 2.000374691651472, 3: 1.940445442291551, 5: 2.0003166180044354, 1: 1.9989074643923408, 8: 1.9624021647776682, 7: 1.985354723230869}
2024-05-21 20:17:00 - INFO     - 0.8962962962962963, 0.8777777777777778, 0.8666666666666667, 0.8851851851851852, 0.8296296296296296, 0.8666666666666667, 0.8666666666666667, 0.9037037037037037, 0.9111111111111111, 0.8777777777777778
2024-05-21 20:17:00 - WARNING  - Epoch: 130, Sum of Accs: 8.781, Sum of s_i: 19.834777208022444
2024-05-21 20:17:04 - INFO     - {6: 1.9924776409756975, 9: 2.008631792229541, 0: 2.018562371674314, 2: 1.9449059520608334, 4: 2.004882175498718, 3: 1.9444997293409911, 5: 2.0048270550050096, 1: 2.003419711516263, 8: 1.9666357233245086, 7: 1.9897650220603653}
2024-05-21 20:17:04 - INFO     - 0.8962962962962963, 0.8777777777777778, 0.8666666666666667, 0.8851851851851852, 0.8296296296296296, 0.8666666666666667, 0.8666666666666667, 0.9037037037037037, 0.9111111111111111, 0.8777777777777778
2024-05-21 20:17:04 - WARNING  - Epoch: 131, Sum of Accs: 8.781, Sum of s_i: 19.87860717368624
2024-05-21 20:17:08 - INFO     - {6: 1.9968620955929164, 9: 2.013141813906072, 0: 2.0231498552687475, 2: 1.9489412875922614, 4: 2.009374524082251, 3: 1.9485346482646893, 5: 2.009311681503654, 1: 2.0079058704739055, 8: 1.970845418780746, 7: 1.9941492327235821}
2024-05-21 20:17:08 - INFO     - 0.8814814814814815, 0.8777777777777778, 0.8592592592592593, 0.8703703703703703, 0.825925925925926, 0.8629629629629629, 0.8592592592592593, 0.9074074074074074, 0.9037037037037037, 0.8814814814814815
2024-05-21 20:17:08 - WARNING  - Epoch: 132, Sum of Accs: 8.730, Sum of s_i: 19.922216428188825
2024-05-21 20:17:13 - INFO     - {6: 2.001225074332266, 9: 2.0176303815989534, 0: 2.0277159070678175, 2: 1.9529551691400395, 4: 2.013839008269246, 3: 1.952550338280414, 5: 2.0137749645069833, 1: 2.0123600509661594, 8: 1.9750336602533336, 7: 1.9985142144788253}
2024-05-21 20:17:13 - INFO     - 0.8814814814814815, 0.8777777777777778, 0.8629629629629629, 0.8629629629629629, 0.8222222222222222, 0.8740740740740741, 0.8592592592592593, 0.9111111111111111, 0.9074074074074074, 0.8814814814814815
2024-05-21 20:17:13 - WARNING  - Epoch: 133, Sum of Accs: 8.741, Sum of s_i: 19.965598768894036
2024-05-21 20:17:17 - INFO     - {6: 2.005566800593511, 9: 2.02209771834654, 0: 2.0322629308089826, 2: 1.956947819742523, 4: 2.018288671923835, 3: 1.9565469182109025, 5: 2.018217117985401, 1: 2.016805750070534, 8: 1.9792006707806264, 7: 2.002857965288774}
2024-05-21 20:17:17 - INFO     - 0.8851851851851852, 0.8777777777777778, 0.8666666666666667, 0.8629629629629629, 0.8185185185185185, 0.8629629629629629, 0.8518518518518519, 0.9074074074074074, 0.9074074074074074, 0.8777777777777778
2024-05-21 20:17:17 - WARNING  - Epoch: 134, Sum of Accs: 8.719, Sum of s_i: 20.00879236375163
2024-05-21 20:17:21 - INFO     - {6: 2.0098874766619708, 9: 2.026544026098458, 0: 2.036786765975466, 2: 1.96092154101228, 4: 2.022715147003742, 3: 1.960522447948606, 5: 2.0226487057976494, 1: 2.0212282606002265, 8: 1.9833466523122507, 7: 2.007180687103054}
2024-05-21 20:17:21 - INFO     - 0.8814814814814815, 0.8777777777777778, 0.8629629629629629, 0.8481481481481481, 0.8185185185185185, 0.8740740740740741, 0.8518518518518519, 0.9037037037037037, 0.9074074074074074, 0.8814814814814815
2024-05-21 20:17:21 - WARNING  - Epoch: 135, Sum of Accs: 8.707, Sum of s_i: 20.051781710513705
2024-05-21 20:17:25 - INFO     - {6: 2.014187310086111, 9: 2.030969512066298, 0: 2.04128980050272, 2: 1.9648744196377177, 4: 2.02712082144442, 3: 1.9644750562392894, 5: 2.02705947182582, 1: 2.0256299704906904, 8: 1.987471812059797, 7: 2.011480448699092}
2024-05-21 20:17:25 - INFO     - 0.8888888888888888, 0.8814814814814815, 0.8592592592592593, 0.8592592592592593, 0.8222222222222222, 0.8703703703703703, 0.8444444444444444, 0.9111111111111111, 0.9037037037037037, 0.8814814814814815
2024-05-21 20:17:25 - WARNING  - Epoch: 136, Sum of Accs: 8.722, Sum of s_i: 20.094558623051956
2024-05-21 20:17:29 - INFO     - {6: 2.0184665100391816, 9: 2.0353743850889336, 0: 2.0457722428921237, 2: 1.9688066647920854, 4: 2.031505903747248, 3: 1.9684049339579583, 5: 2.031447507281976, 1: 2.030011088243304, 8: 1.9915742412353288, 7: 2.015759618157279}
2024-05-21 20:17:29 - INFO     - 0.8814814814814815, 0.8814814814814815, 0.8592592592592593, 0.8481481481481481, 0.8185185185185185, 0.8703703703703703, 0.8555555555555555, 0.9111111111111111, 0.9074074074074074, 0.8814814814814815
2024-05-21 20:17:29 - WARNING  - Epoch: 137, Sum of Accs: 8.715, Sum of s_i: 20.137123095435417
2024-05-21 20:17:33 - INFO     - {6: 2.022725283360349, 9: 2.039758851677541, 0: 2.0502363964743093, 2: 1.9727164452355896, 4: 2.0358726972428576, 3: 1.972316522869409, 5: 2.035817253930914, 1: 2.034373917188699, 8: 1.9956583816036424, 7: 2.0200204988082486}
2024-05-21 20:17:33 - INFO     - 0.8888888888888888, 0.8814814814814815, 0.8592592592592593, 0.8592592592592593, 0.8222222222222222, 0.8703703703703703, 0.8518518518518519, 0.9148148148148149, 0.9037037037037037, 0.8814814814814815
2024-05-21 20:17:33 - WARNING  - Epoch: 138, Sum of Accs: 8.733, Sum of s_i: 20.17949624839156
2024-05-21 20:17:37 - INFO     - {6: 2.0269638245299797, 9: 2.0441231060005935, 0: 2.054678260801883, 2: 1.9766080316065178, 4: 2.040217201483855, 3: 1.976207899515305, 5: 2.0401568356296256, 1: 2.0387045210648567, 8: 1.9997202327173442, 7: 2.0242590902046063}
2024-05-21 20:17:37 - INFO     - 0.8851851851851852, 0.8777777777777778, 0.8629629629629629, 0.8481481481481481, 0.8185185185185185, 0.8703703703703703, 0.8592592592592593, 0.9111111111111111, 0.9037037037037037, 0.8814814814814815
2024-05-21 20:17:37 - WARNING  - Epoch: 139, Sum of Accs: 8.719, Sum of s_i: 20.221639003554568
2024-05-21 20:17:42 - INFO     - {6: 2.031182344435328, 9: 2.0484673586211852, 0: 2.0591001432611793, 2: 1.9804775980820062, 4: 2.044543781011449, 3: 1.9800792744587399, 5: 2.0444765124894584, 1: 2.043017280221147, 8: 2.003764159117642, 7: 2.0284699010664706}
2024-05-21 20:17:42 - INFO     - 0.8888888888888888, 0.8814814814814815, 0.8592592592592593, 0.8555555555555555, 0.8222222222222222, 0.8703703703703703, 0.8518518518518519, 0.9111111111111111, 0.9037037037037037, 0.8814814814814815
2024-05-21 20:17:42 - WARNING  - Epoch: 140, Sum of Accs: 8.726, Sum of s_i: 20.263578352764604
2024-05-21 20:17:46 - INFO     - {6: 2.0353810388805322, 9: 2.05279378441279, 0: 2.063502238109787, 2: 1.9843293377285078, 4: 2.048848515773481, 3: 1.983932822573188, 5: 2.0487842004048185, 1: 2.0473180504329647, 8: 2.007774471798987, 7: 2.03265507093227}
2024-05-21 20:17:46 - INFO     - 0.8851851851851852, 0.8740740740740741, 0.8629629629629629, 0.8555555555555555, 0.8185185185185185, 0.8703703703703703, 0.8592592592592593, 0.9111111111111111, 0.9037037037037037, 0.8814814814814815
2024-05-21 20:17:46 - WARNING  - Epoch: 141, Sum of Accs: 8.722, Sum of s_i: 20.305319531047324
2024-05-21 20:17:50 - INFO     - {6: 2.039560099084519, 9: 2.057098615546904, 0: 2.0678887166537527, 2: 1.9881594827175182, 4: 2.053129805734868, 3: 1.9877667364464189, 5: 2.053068443519534, 1: 2.0515953758441374, 8: 2.0117731086330783, 7: 2.036830448049017}
2024-05-21 20:17:50 - INFO     - 0.8888888888888888, 0.8629629629629629, 0.8555555555555555, 0.8481481481481481, 0.8185185185185185, 0.8666666666666667, 0.8555555555555555, 0.9111111111111111, 0.8962962962962963, 0.8814814814814815
2024-05-21 20:17:50 - WARNING  - Epoch: 142, Sum of Accs: 8.685, Sum of s_i: 20.346870832229747
2024-05-21 20:17:54 - INFO     - {6: 2.043719710334037, 9: 2.0613840163968526, 0: 2.0722518050274337, 2: 1.9919681979525177, 4: 2.057395534021973, 3: 1.9915792596192108, 5: 2.057329552226983, 1: 2.055849566848044, 8: 2.015748611059903, 7: 2.040990263491482}
2024-05-21 20:17:54 - INFO     - 0.8962962962962963, 0.8666666666666667, 0.8629629629629629, 0.8444444444444444, 0.8222222222222222, 0.8629629629629629, 0.8555555555555555, 0.9074074074074074, 0.9, 0.8814814814814815
2024-05-21 20:17:54 - WARNING  - Epoch: 143, Sum of Accs: 8.700, Sum of s_i: 20.38821651697844
2024-05-21 20:17:58 - INFO     - {6: 2.0478600632578026, 9: 2.0656501773012734, 0: 2.0765956720967877, 2: 1.99576159607758, 4: 2.0616420410047507, 3: 1.9953744662122197, 5: 2.061580993191734, 1: 2.0600921092806073, 8: 2.019701028446813, 7: 2.0451328384582643}
2024-05-21 20:17:58 - INFO     - 0.9, 0.8666666666666667, 0.8592592592592593, 0.8444444444444444, 0.8185185185185185, 0.8629629629629629, 0.8555555555555555, 0.9111111111111111, 0.9, 0.8814814814814815
2024-05-21 20:17:58 - WARNING  - Epoch: 144, Sum of Accs: 8.700, Sum of s_i: 20.429390985327835
2024-05-21 20:18:02 - INFO     - {6: 2.0519813305301158, 9: 2.0698972706647867, 0: 2.080920489994163, 2: 1.9995359085511908, 4: 2.065865759151917, 3: 1.9991486818985762, 5: 2.0658076644922283, 1: 2.0643175650009082, 8: 2.023642093466683, 7: 2.0492563458841393}
2024-05-21 20:18:02 - INFO     - 0.9, 0.8666666666666667, 0.8592592592592593, 0.8481481481481481, 0.8185185185185185, 0.8666666666666667, 0.8555555555555555, 0.9074074074074074, 0.9, 0.8814814814814815
2024-05-21 20:18:02 - WARNING  - Epoch: 145, Sum of Accs: 8.704, Sum of s_i: 20.47037310963471
2024-05-21 20:18:07 - INFO     - {6: 2.0560836927612507, 9: 2.0741273642423224, 0: 2.085230270565277, 2: 2.003291315983623, 4: 2.0700781796364547, 3: 2.002905897798955, 5: 2.070023038130094, 1: 2.0685128894426286, 8: 2.027558729331322, 7: 2.0533497220314336}
2024-05-21 20:18:07 - INFO     - 0.9, 0.8592592592592593, 0.8592592592592593, 0.8518518518518519, 0.8185185185185185, 0.8629629629629629, 0.8592592592592593, 0.9074074074074074, 0.9, 0.8814814814814815
2024-05-21 20:18:07 - WARNING  - Epoch: 146, Sum of Accs: 8.700, Sum of s_i: 20.511161099923363
2024-05-21 20:18:11 - INFO     - {6: 2.060167329481425, 9: 2.078338732308897, 0: 2.0895175283697447, 2: 2.0070222394886184, 4: 2.0742661161935554, 3: 2.0066386297718966, 5: 2.0742196862569995, 1: 2.072696861449515, 8: 2.0314640127611265, 7: 2.057433706904685}
2024-05-21 20:18:11 - INFO     - 0.9, 0.8703703703703703, 0.8592592592592593, 0.8481481481481481, 0.8185185185185185, 0.8629629629629629, 0.8592592592592593, 0.9074074074074074, 0.9037037037037037, 0.8777777777777778
2024-05-21 20:18:11 - WARNING  - Epoch: 147, Sum of Accs: 8.707, Sum of s_i: 20.551764842986465
2024-05-21 20:18:15 - INFO     - {6: 2.064232413831316, 9: 2.0825296954587516, 0: 2.0937862695213547, 2: 2.010736607501547, 4: 2.078437497258589, 3: 2.0103548062527716, 5: 2.0783940204753617, 1: 2.0768642779643343, 8: 2.035341730154621, 7: 2.0614864040840972}
2024-05-21 20:18:15 - INFO     - 0.8703703703703703, 0.8703703703703703, 0.8703703703703703, 0.8518518518518519, 0.8333333333333334, 0.8666666666666667, 0.8555555555555555, 0.8962962962962963, 0.9148148148148149, 0.8740740740740741
2024-05-21 20:18:15 - WARNING  - Epoch: 148, Sum of Accs: 8.704, Sum of s_i: 20.59216372250274
2024-05-21 20:18:19 - INFO     - {6: 2.0682791265140956, 9: 2.086702303982332, 0: 2.0980385650385136, 2: 2.0144345298800244, 4: 2.082592432689172, 3: 2.0140471625764627, 5: 2.082542863685409, 1: 2.0810062034708388, 8: 2.039214012457908, 7: 2.06553542667004}
2024-05-21 20:18:19 - INFO     - 0.8925925925925926, 0.8740740740740741, 0.8777777777777778, 0.8592592592592593, 0.825925925925926, 0.8703703703703703, 0.8703703703703703, 0.9037037037037037, 0.9222222222222223, 0.8888888888888888
2024-05-21 20:18:19 - WARNING  - Epoch: 149, Sum of Accs: 8.785, Sum of s_i: 20.632392626964794
2024-05-21 20:18:24 - INFO     - {6: 2.0723076305829977, 9: 2.0908585393976344, 0: 2.10227079325383, 2: 2.0181104761131867, 4: 2.08672539197444, 3: 2.01772139772488, 5: 2.086678776124005, 1: 2.0851351982058923, 8: 2.0430662274593527, 7: 2.0695624731106674}
2024-05-21 20:18:24 - INFO     - 0.8777777777777778, 0.8740740740740741, 0.8703703703703703, 0.8444444444444444, 0.8407407407407408, 0.8666666666666667, 0.8592592592592593, 0.9, 0.9111111111111111, 0.8851851851851852
2024-05-21 20:18:24 - WARNING  - Epoch: 150, Sum of Accs: 8.730, Sum of s_i: 20.67243690394689
2024-05-21 20:18:28 - INFO     - {6: 2.076318094029956, 9: 2.094994932028467, 0: 2.106485015006171, 2: 2.021768432814556, 4: 2.090844111512275, 3: 2.021381162894196, 5: 2.0908004488151684, 1: 2.089246203409153, 8: 2.0468985440855314, 7: 2.0735734219317923}
2024-05-21 20:18:28 - INFO     - 0.8962962962962963, 0.8777777777777778, 0.8629629629629629, 0.8629629629629629, 0.8185185185185185, 0.8629629629629629, 0.8703703703703703, 0.9037037037037037, 0.9259259259259259, 0.8851851851851852
2024-05-21 20:18:28 - WARNING  - Epoch: 151, Sum of Accs: 8.767, Sum of s_i: 20.71231036652727
2024-05-21 20:18:32 - INFO     - {6: 2.0803106769522786, 9: 2.09911524629719, 0: 2.1106850162684725, 2: 2.025414060938176, 4: 2.0949467526880006, 3: 2.025028599485762, 5: 2.0948954505629254, 1: 2.0933342874533674, 8: 2.0507185321339607, 7: 2.0775701502628774}
2024-05-21 20:18:32 - INFO     - 0.8777777777777778, 0.8777777777777778, 0.8629629629629629, 0.8296296296296296, 0.837037037037037, 0.8518518518518519, 0.8518518518518519, 0.9, 0.9148148148148149, 0.8814814814814815
2024-05-21 20:18:32 - WARNING  - Epoch: 152, Sum of Accs: 8.685, Sum of s_i: 20.752018773043012
2024-05-21 20:18:36 - INFO     - {6: 2.0842855352782776, 9: 2.1032178359695894, 0: 2.114863697370454, 2: 2.029038368901476, 4: 2.099028073703406, 3: 2.028649431881058, 5: 2.098979724731659, 1: 2.0974116439185586, 8: 2.0545207955860665, 7: 2.081549153997639}
2024-05-21 20:18:36 - INFO     - 0.9148148148148149, 0.8777777777777778, 0.8592592592592593, 0.8555555555555555, 0.8037037037037037, 0.8629629629629629, 0.8592592592592593, 0.8851851851851852, 0.9037037037037037, 0.8629629629629629
2024-05-21 20:18:36 - WARNING  - Epoch: 153, Sum of Accs: 8.685, Sum of s_i: 20.791544261338185
2024-05-21 20:18:41 - INFO     - {6: 2.088242831308204, 9: 2.107301109418284, 0: 2.1190284117403593, 2: 2.0326433031577262, 4: 2.103090021011762, 3: 2.0322527820466734, 5: 2.1030412326347614, 1: 2.1014696266767, 8: 2.058300089767126, 7: 2.0855051884613545}
2024-05-21 20:18:41 - INFO     - 0.8629629629629629, 0.8518518518518519, 0.8222222222222222, 0.8185185185185185, 0.8296296296296296, 0.8148148148148148, 0.8222222222222222, 0.8777777777777778, 0.8703703703703703, 0.8777777777777778
2024-05-21 20:18:41 - WARNING  - Epoch: 154, Sum of Accs: 8.448, Sum of s_i: 20.83087459622295
2024-05-21 20:18:45 - INFO     - {6: 2.092182731109347, 9: 2.1113670022482856, 0: 2.123173991563939, 2: 2.0362345098426244, 4: 2.1071330380240805, 3: 2.035840594474833, 5: 2.107087202800408, 1: 2.1055086791388042, 8: 2.062065656376834, 7: 2.089447495353718}
2024-05-21 20:18:45 - INFO     - 0.8148148148148148, 0.7703703703703704, 0.7814814814814814, 0.7814814814814814, 0.7592592592592593, 0.774074074074074, 0.7888888888888889, 0.8, 0.8037037037037037, 0.8
2024-05-21 20:18:45 - WARNING  - Epoch: 155, Sum of Accs: 7.874, Sum of s_i: 20.870040900932874
2024-05-21 20:18:49 - INFO     - {6: 2.096105385394218, 9: 2.1154156649533555, 0: 2.1273005638051012, 2: 2.039806708945105, 4: 2.111158872519405, 3: 2.039411224385998, 5: 2.1111193681083225, 1: 2.109533926743176, 8: 2.065812215404124, 7: 2.093367417004402}
2024-05-21 20:18:49 - INFO     - 0.7703703703703704, 0.7592592592592593, 0.762962962962963, 0.737037037037037, 0.7407407407407407, 0.7333333333333333, 0.7148148148148148, 0.7407407407407407, 0.7851851851851852, 0.7407407407407407
2024-05-21 20:18:49 - WARNING  - Epoch: 156, Sum of Accs: 7.485, Sum of s_i: 20.909031347263202
2024-05-21 20:18:53 - INFO     - {6: 2.100010948575101, 9: 2.1194472517261116, 0: 2.1314118375714357, 2: 2.043360051469411, 4: 2.1151676764691203, 3: 2.0429663753782505, 5: 2.1151379426959362, 1: 2.1135403177693726, 8: 2.0695315665289513, 7: 2.0972718597361726}
2024-05-21 20:18:53 - INFO     - 0.8444444444444444, 0.7851851851851852, 0.762962962962963, 0.8037037037037037, 0.7148148148148148, 0.8, 0.7518518518518519, 0.8185185185185185, 0.8148148148148148, 0.825925925925926
2024-05-21 20:18:53 - WARNING  - Epoch: 157, Sum of Accs: 7.922, Sum of s_i: 20.947845827919863
2024-05-21 20:18:57 - INFO     - {6: 2.1038995735891453, 9: 2.1234636080865563, 0: 2.135507880925459, 2: 2.046896499816942, 4: 2.1191596004631887, 3: 2.0465030947881604, 5: 2.1191328198433332, 1: 2.1175282772132267, 8: 2.073242374801292, 7: 2.101157870885601}
2024-05-21 20:18:57 - INFO     - 0.8814814814814815, 0.8703703703703703, 0.8703703703703703, 0.8518518518518519, 0.825925925925926, 0.8555555555555555, 0.8629629629629629, 0.8777777777777778, 0.9148148148148149, 0.8666666666666667
2024-05-21 20:18:57 - WARNING  - Epoch: 158, Sum of Accs: 8.678, Sum of s_i: 20.986491600412904
2024-05-21 20:19:02 - INFO     - {6: 2.1077714087265567, 9: 2.1274614965176393, 0: 2.139583724445279, 2: 2.0504179701980805, 4: 2.123138083896433, 3: 2.0500281055420864, 5: 2.1231142564299055, 1: 2.1215027960962565, 8: 2.07693820510724, 7: 2.105030441474205}
2024-05-21 20:19:02 - INFO     - 0.8925925925925926, 0.8962962962962963, 0.8703703703703703, 0.8592592592592593, 0.8222222222222222, 0.8629629629629629, 0.8703703703703703, 0.9111111111111111, 0.9148148148148149, 0.8851851851851852
2024-05-21 20:19:02 - WARNING  - Epoch: 159, Sum of Accs: 8.785, Sum of s_i: 21.024986488433683
2024-05-21 20:19:06 - INFO     - {6: 2.1116265931467786, 9: 2.1314427487782566, 0: 2.143642946563437, 2: 2.0539210692156478, 4: 2.127099945928015, 3: 2.053536480125547, 5: 2.1270725950175304, 1: 2.1254542169803385, 8: 2.0806109374142405, 7: 2.108879914063861}
2024-05-21 20:19:06 - INFO     - 0.8925925925925926, 0.8740740740740741, 0.8629629629629629, 0.8629629629629629, 0.8444444444444444, 0.8740740740740741, 0.8703703703703703, 0.9148148148148149, 0.9259259259259259, 0.8851851851851852
2024-05-21 20:19:06 - WARNING  - Epoch: 160, Sum of Accs: 8.807, Sum of s_i: 21.063287447233655
2024-05-21 20:19:10 - INFO     - {6: 2.115465283188596, 9: 2.1354075209950065, 0: 2.147685703192036, 2: 2.0574094527055657, 4: 2.1310453424700384, 3: 2.0570266720834116, 5: 2.131020944712882, 1: 2.1293956489721477, 8: 2.084273680828968, 7: 2.112708029409799}
2024-05-21 20:19:10 - INFO     - 0.8962962962962963, 0.8814814814814815, 0.8629629629629629, 0.8629629629629629, 0.8296296296296296, 0.8740740740740741, 0.8814814814814815, 0.9148148148148149, 0.9185185185185185, 0.8851851851851852
2024-05-21 20:19:10 - WARNING  - Epoch: 161, Sum of Accs: 8.807, Sum of s_i: 21.10143827855845
2024-05-21 20:19:14 - INFO     - {6: 2.119287614909873, 9: 2.1393559490333502, 0: 2.151715453253292, 2: 2.06088482962814, 4: 2.1349712023291727, 3: 2.0605038574739325, 5: 2.1349465971582067, 1: 2.1333143837139295, 8: 2.087916887560806, 7: 2.1165345065398387}
2024-05-21 20:19:14 - INFO     - 0.8962962962962963, 0.8777777777777778, 0.8629629629629629, 0.8703703703703703, 0.837037037037037, 0.8740740740740741, 0.8777777777777778, 0.9148148148148149, 0.9259259259259259, 0.8851851851851852
2024-05-21 20:19:14 - WARNING  - Epoch: 162, Sum of Accs: 8.822, Sum of s_i: 21.13943128160054
2024-05-21 20:19:19 - INFO     - {6: 2.1230937263732126, 9: 2.1432897918430904, 0: 2.155725687231138, 2: 2.0643439862927773, 4: 2.138887372045915, 3: 2.0639615267810436, 5: 2.1388657200282775, 1: 2.1372265888804574, 8: 2.0915504041502526, 7: 2.1203447634119406}
2024-05-21 20:19:19 - INFO     - 0.8962962962962963, 0.8777777777777778, 0.8629629629629629, 0.8703703703703703, 0.837037037037037, 0.8777777777777778, 0.8777777777777778, 0.9148148148148149, 0.9222222222222223, 0.8851851851851852
2024-05-21 20:19:19 - WARNING  - Epoch: 163, Sum of Accs: 8.822, Sum of s_i: 21.177289567038105
2024-05-21 20:19:23 - INFO     - {6: 2.12688374453704, 9: 2.1472059340433516, 0: 2.1597198563519533, 2: 2.0677820898843478, 4: 2.142784181080154, 3: 2.067403131231124, 5: 2.142765482215845, 1: 2.141117740973919, 8: 2.0951645600571958, 7: 2.124135659601539}
2024-05-21 20:19:23 - INFO     - 0.8962962962962963, 0.8777777777777778, 0.8629629629629629, 0.8703703703703703, 0.8407407407407408, 0.8814814814814815, 0.8777777777777778, 0.9148148148148149, 0.9259259259259259, 0.8851851851851852
2024-05-21 20:19:23 - WARNING  - Epoch: 164, Sum of Accs: 8.833, Sum of s_i: 21.21496237997647
2024-05-21 20:19:27 - INFO     - {6: 2.130657816639138, 9: 2.15110773749185, 0: 2.16370134679403, 2: 2.071209207187743, 4: 2.146661945546229, 3: 2.0708320570024656, 5: 2.1466525657246738, 1: 2.144997906779205, 8: 2.0987596713959746, 7: 2.1279138771123995}
2024-05-21 20:19:27 - INFO     - 0.8962962962962963, 0.8777777777777778, 0.8629629629629629, 0.8703703703703703, 0.8407407407407408, 0.8851851851851852, 0.8777777777777778, 0.9148148148148149, 0.9222222222222223, 0.8851851851851852
2024-05-21 20:19:27 - WARNING  - Epoch: 165, Sum of Accs: 8.833, Sum of s_i: 21.252494131673707
2024-05-21 20:19:31 - INFO     - {6: 2.1344160698226924, 9: 2.154993722021805, 0: 2.1676670183175637, 2: 2.074620505572595, 4: 2.150530256983186, 3: 2.0742451638552644, 5: 2.1505238303149596, 1: 2.148862253665948, 8: 2.1023453297056363, 7: 2.1316762757047165}
2024-05-21 20:19:31 - INFO     - 0.9, 0.8777777777777778, 0.8629629629629629, 0.8703703703703703, 0.8407407407407408, 0.8814814814814815, 0.8777777777777778, 0.9148148148148149, 0.9222222222222223, 0.8851851851851852
2024-05-21 20:19:31 - WARNING  - Epoch: 166, Sum of Accs: 8.833, Sum of s_i: 21.289880425964366
2024-05-21 20:19:36 - INFO     - {6: 2.1381586319121286, 9: 2.1588624483379006, 0: 2.1716154316272376, 2: 2.0780145457435872, 4: 2.154381310206284, 3: 2.0776410124942033, 5: 2.1543778366913857, 1: 2.1527093423388317, 8: 2.1059027946244706, 7: 2.135421416083174}
2024-05-21 20:19:36 - INFO     - 0.9, 0.8777777777777778, 0.8666666666666667, 0.8703703703703703, 0.837037037037037, 0.8814814814814815, 0.8814814814814815, 0.9148148148148149, 0.9222222222222223, 0.8851851851851852
2024-05-21 20:19:36 - WARNING  - Epoch: 167, Sum of Accs: 8.837, Sum of s_i: 21.3270847700592
2024-05-21 20:19:40 - INFO     - {6: 2.1418856447836303, 9: 2.162717192555803, 0: 2.175546702093065, 2: 2.0813914430707334, 4: 2.158212176446623, 3: 2.081016674150383, 5: 2.1582147002239656, 1: 2.156536244028956, 8: 2.109454051876426, 7: 2.139149413617785}
2024-05-21 20:19:40 - INFO     - 0.9037037037037037, 0.8777777777777778, 0.8666666666666667, 0.8703703703703703, 0.837037037037037, 0.8814814814814815, 0.8814814814814815, 0.9148148148148149, 0.9222222222222223, 0.8851851851851852
2024-05-21 20:19:40 - WARNING  - Epoch: 168, Sum of Accs: 8.841, Sum of s_i: 21.364124242847375
2024-05-21 20:19:44 - INFO     - {6: 2.1455972418771614, 9: 2.1665565209957345, 0: 2.179462582708775, 2: 2.0847513258899113, 4: 2.162030696975757, 3: 2.084379990095358, 5: 2.1620361739064275, 1: 2.1603508000078757, 8: 2.112989919278264, 7: 2.1428620213022787}
2024-05-21 20:19:44 - INFO     - 0.9037037037037037, 0.8777777777777778, 0.8666666666666667, 0.8703703703703703, 0.837037037037037, 0.8814814814814815, 0.8814814814814815, 0.9148148148148149, 0.9222222222222223, 0.8851851851851852
2024-05-21 20:19:44 - WARNING  - Epoch: 169, Sum of Accs: 8.841, Sum of s_i: 21.40101727303754
2024-05-21 20:19:48 - INFO     - {6: 2.149293547774163, 9: 2.170379029702665, 0: 2.1833631983502277, 2: 2.0880975683926826, 4: 2.165833952530633, 3: 2.0877280410660757, 5: 2.1658423826146325, 1: 2.164151671071594, 8: 2.1165105217058446, 7: 2.1465593640125147}
2024-05-21 20:19:48 - INFO     - 0.9037037037037037, 0.8777777777777778, 0.8666666666666667, 0.8666666666666667, 0.8333333333333334, 0.8814814814814815, 0.8814814814814815, 0.9148148148148149, 0.9222222222222223, 0.8851851851851852
2024-05-21 20:19:48 - WARNING  - Epoch: 170, Sum of Accs: 8.833, Sum of s_i: 21.437759277221033
2024-05-21 20:19:53 - INFO     - {6: 2.152974687818571, 9: 2.174187901093473, 0: 2.1872517567346144, 2: 2.091427069592798, 4: 2.1696190973044933, 3: 2.0910593507341377, 5: 2.1696318500201817, 1: 2.1679342207736005, 8: 2.120013013352409, 7: 2.150244649465685}
2024-05-21 20:19:53 - INFO     - 0.9037037037037037, 0.8777777777777778, 0.8666666666666667, 0.8666666666666667, 0.837037037037037, 0.8814814814814815, 0.8814814814814815, 0.9148148148148149, 0.9296296296296296, 0.8851851851851852
2024-05-21 20:19:53 - WARNING  - Epoch: 171, Sum of Accs: 8.844, Sum of s_i: 21.474343596889963
2024-05-21 20:19:57 - INFO     - {6: 2.156640788951791, 9: 2.1779802299180004, 0: 2.1911222177732377, 2: 2.09474315749274, 4: 2.1733921982565403, 3: 2.094377247102026, 5: 2.173407904125557, 1: 2.171703357175433, 8: 2.1235034611771604, 7: 2.153911837573092}
2024-05-21 20:19:57 - INFO     - 0.9037037037037037, 0.8740740740740741, 0.8666666666666667, 0.8666666666666667, 0.837037037037037, 0.8814814814814815, 0.8777777777777778, 0.9148148148148149, 0.9296296296296296, 0.8851851851851852
2024-05-21 20:19:57 - WARNING  - Epoch: 172, Sum of Accs: 8.837, Sum of s_i: 21.51078239954558
2024-05-21 20:20:01 - INFO     - {6: 2.160291971991387, 9: 2.181757652846905, 0: 2.194977785310609, 2: 2.09804435189143, 4: 2.1771474852626262, 3: 2.097677329523953, 5: 2.1771632674954784, 1: 2.175450272534635, 8: 2.12697609505595, 7: 2.1575641321792474}
2024-05-21 20:20:01 - INFO     - 0.9037037037037037, 0.8740740740740741, 0.8666666666666667, 0.8666666666666667, 0.837037037037037, 0.8814814814814815, 0.8777777777777778, 0.9148148148148149, 0.9296296296296296, 0.8851851851851852
2024-05-21 20:20:01 - WARNING  - Epoch: 173, Sum of Accs: 8.837, Sum of s_i: 21.54705034409222
2024-05-21 20:20:05 - INFO     - {6: 2.163928366989562, 9: 2.185520299766902, 0: 2.1988185890660445, 2: 2.101329221226991, 4: 2.18088803288517, 3: 2.100962672562338, 5: 2.180908103036473, 1: 2.1791868556069645, 8: 2.130433989551198, 7: 2.161198766957151}
2024-05-21 20:20:05 - INFO     - 0.9037037037037037, 0.8777777777777778, 0.8666666666666667, 0.8629629629629629, 0.837037037037037, 0.8814814814814815, 0.8777777777777778, 0.9148148148148149, 0.9296296296296296, 0.8851851851851852
2024-05-21 20:20:05 - WARNING  - Epoch: 174, Sum of Accs: 8.837, Sum of s_i: 21.58317489764879
2024-05-21 20:20:10 - INFO     - {6: 2.16755009167893, 9: 2.1892682882567334, 0: 2.2026462645494544, 2: 2.104599455774355, 4: 2.1846152804846395, 3: 2.104234715577648, 5: 2.1846383037892707, 1: 2.1829101386562195, 8: 2.133878584023371, 7: 2.16482010171198}
2024-05-21 20:20:10 - INFO     - 0.9037037037037037, 0.8777777777777778, 0.8666666666666667, 0.8629629629629629, 0.837037037037037, 0.8814814814814815, 0.8777777777777778, 0.9148148148148149, 0.9333333333333333, 0.8888888888888888
2024-05-21 20:20:10 - WARNING  - Epoch: 175, Sum of Accs: 8.844, Sum of s_i: 21.619161224502605
2024-05-21 20:20:14 - INFO     - {6: 2.171157260669164, 9: 2.1930017327762177, 0: 2.2064593960625167, 2: 2.107858214148736, 4: 2.1883266944728383, 3: 2.1074909249816884, 5: 2.188357028369085, 1: 2.1866219455324916, 8: 2.1373073448842743, 7: 2.168429960293826}
2024-05-21 20:20:14 - INFO     - 0.9037037037037037, 0.8777777777777778, 0.8666666666666667, 0.8629629629629629, 0.837037037037037, 0.8814814814814815, 0.8814814814814815, 0.9148148148148149, 0.9333333333333333, 0.8851851851851852
2024-05-21 20:20:14 - WARNING  - Epoch: 176, Sum of Accs: 8.844, Sum of s_i: 21.655010502190834
2024-05-21 20:20:18 - INFO     - {6: 2.174749987096197, 9: 2.196722190549651, 0: 2.2102595408295285, 2: 2.1110995202046428, 4: 2.192023712190277, 3: 2.1107312543255095, 5: 2.1920583006304257, 1: 2.1903163000902897, 8: 2.140727476437414, 7: 2.172022366557198}
2024-05-21 20:20:18 - INFO     - 0.9037037037037037, 0.8777777777777778, 0.8666666666666667, 0.8629629629629629, 0.837037037037037, 0.8814814814814815, 0.8814814814814815, 0.9148148148148149, 0.9333333333333333, 0.8851851851851852
2024-05-21 20:20:18 - WARNING  - Epoch: 177, Sum of Accs: 8.844, Sum of s_i: 21.690710648911132
2024-05-21 20:20:22 - INFO     - {6: 2.1783283879523228, 9: 2.2004268899492776, 0: 2.2140424444469686, 2: 2.1143280506834015, 4: 2.195706451114256, 3: 2.1139615932722147, 5: 2.195746797314618, 1: 2.193997879070939, 8: 2.144130366840982, 7: 2.175601997243422}
2024-05-21 20:20:22 - INFO     - 0.9037037037037037, 0.8777777777777778, 0.8666666666666667, 0.8629629629629629, 0.837037037037037, 0.8814814814814815, 0.8814814814814815, 0.9148148148148149, 0.9333333333333333, 0.8851851851851852
2024-05-21 20:20:22 - WARNING  - Epoch: 178, Sum of Accs: 8.844, Sum of s_i: 21.726270857888405
2024-05-21 20:20:27 - INFO     - {6: 2.181892575535616, 9: 2.2041173873650517, 0: 2.2178111575554964, 2: 2.1175438619540725, 4: 2.1993750212371594, 3: 2.1171749588109594, 5: 2.199421103489898, 1: 2.1976652675426767, 8: 2.1475205380364626, 7: 2.1791674374207335}
2024-05-21 20:20:27 - INFO     - 0.9037037037037037, 0.8777777777777778, 0.8666666666666667, 0.8629629629629629, 0.837037037037037, 0.8814814814814815, 0.8814814814814815, 0.9148148148148149, 0.9333333333333333, 0.8851851851851852
2024-05-21 20:20:27 - WARNING  - Epoch: 179, Sum of Accs: 8.844, Sum of s_i: 21.761689308948128
2024-05-21 20:20:31 - INFO     - {6: 2.185442661896499, 9: 2.2077937947052635, 0: 2.2215672518892866, 2: 2.120742632175663, 4: 2.2030295352267455, 3: 2.120374268216387, 5: 2.203079839916922, 1: 2.201317086266158, 8: 2.150892398898753, 7: 2.182720258823307}
2024-05-21 20:20:31 - INFO     - 0.9037037037037037, 0.8814814814814815, 0.8666666666666667, 0.8666666666666667, 0.837037037037037, 0.8851851851851852, 0.8814814814814815, 0.9148148148148149, 0.9333333333333333, 0.8851851851851852
2024-05-21 20:20:31 - WARNING  - Epoch: 180, Sum of Accs: 8.856, Sum of s_i: 21.796959728014986
2024-05-21 20:20:35 - INFO     - {6: 2.188978760601529, 9: 2.2114562253945076, 0: 2.2253107689342952, 2: 2.123930376719804, 4: 2.206675692185178, 3: 2.123558191514724, 5: 2.206721920952747, 1: 2.2049495540687007, 8: 2.1542488736539536, 7: 2.186253473861163}
2024-05-21 20:20:35 - INFO     - 0.9037037037037037, 0.8777777777777778, 0.8666666666666667, 0.8666666666666667, 0.837037037037037, 0.8851851851851852, 0.8814814814814815, 0.9148148148148149, 0.9333333333333333, 0.8851851851851852
2024-05-21 20:20:35 - WARNING  - Epoch: 181, Sum of Accs: 8.852, Sum of s_i: 21.8320838378866
2024-05-21 20:20:39 - INFO     - {6: 2.1925009835541003, 9: 2.2151047911968806, 0: 2.229037583994685, 2: 2.1271013506664627, 4: 2.210303679183942, 3: 2.1267309739293294, 5: 2.2103528611048393, 1: 2.2085750444923, 8: 2.1575942075254217, 7: 2.189775548015287}
2024-05-21 20:20:39 - INFO     - 0.9037037037037037, 0.8777777777777778, 0.8703703703703703, 0.8666666666666667, 0.8407407407407408, 0.8851851851851852, 0.8814814814814815, 0.9148148148148149, 0.9333333333333333, 0.8851851851851852
2024-05-21 20:20:39 - WARNING  - Epoch: 182, Sum of Accs: 8.859, Sum of s_i: 21.86707702366325
2024-05-21 20:20:43 - INFO     - {6: 2.1960094356511157, 9: 2.218739596876765, 0: 2.2327506498451, 2: 2.1302600433781964, 4: 2.2139193849477814, 3: 2.1298914751090097, 5: 2.2139715200220067, 1: 2.2121867857059248, 8: 2.1609272601619653, 7: 2.193285340934486}
2024-05-21 20:20:43 - INFO     - 0.9037037037037037, 0.8814814814814815, 0.8740740740740741, 0.8666666666666667, 0.8407407407407408, 0.8851851851851852, 0.8814814814814815, 0.9148148148148149, 0.9333333333333333, 0.8851851851851852
2024-05-21 20:20:43 - WARNING  - Epoch: 183, Sum of Accs: 8.867, Sum of s_i: 21.901941492632353
2024-05-21 20:20:48 - INFO     - {6: 2.199504220043466, 9: 2.2223607454551235, 0: 2.2364528525774294, 2: 2.1334078729718438, 4: 2.2175242275935343, 3: 2.133041113170604, 5: 2.2175779486606957, 1: 2.215778157971602, 8: 2.1642399438505606, 7: 2.1967842707355985}
2024-05-21 20:20:48 - INFO     - 0.9, 0.8814814814814815, 0.8777777777777778, 0.8666666666666667, 0.8407407407407408, 0.8851851851851852, 0.8814814814814815, 0.9148148148148149, 0.9333333333333333, 0.8851851851851852
2024-05-21 20:20:48 - WARNING  - Epoch: 184, Sum of Accs: 8.867, Sum of s_i: 21.936671353030455
2024-05-21 20:20:52 - INFO     - {6: 2.2029854413167187, 9: 2.2259696980747767, 0: 2.240138729582884, 2: 2.1365379415235775, 4: 2.2211127445124124, 3: 2.1361703753979584, 5: 2.2211641514099023, 1: 2.2193586602329005, 8: 2.167545807642143, 7: 2.2002616074868366}
2024-05-21 20:20:52 - INFO     - 0.9, 0.8814814814814815, 0.8777777777777778, 0.8666666666666667, 0.8444444444444444, 0.8851851851851852, 0.8814814814814815, 0.9148148148148149, 0.9333333333333333, 0.8851851851851852
2024-05-21 20:20:52 - WARNING  - Epoch: 185, Sum of Accs: 8.870, Sum of s_i: 21.971245157180107
2024-05-21 20:20:56 - INFO     - {6: 2.20645321150742, 9: 2.229563853263786, 0: 2.2438125717654716, 2: 2.139658756915576, 4: 2.2246892266084237, 3: 2.139291652909811, 5: 2.2247369603043214, 1: 2.222924551423777, 8: 2.1708396366108587, 7: 2.203721510608972}
2024-05-21 20:20:56 - INFO     - 0.9, 0.8814814814814815, 0.8777777777777778, 0.8666666666666667, 0.8444444444444444, 0.8851851851851852, 0.8814814814814815, 0.9148148148148149, 0.9333333333333333, 0.8851851851851852
2024-05-21 20:20:56 - WARNING  - Epoch: 186, Sum of Accs: 8.870, Sum of s_i: 22.005691931918417
2024-05-21 20:21:00 - INFO     - {6: 2.209907630462043, 9: 2.2331460035648094, 0: 2.2474716879206946, 2: 2.142766221071496, 4: 2.2282483679144462, 3: 2.1423982043942993, 5: 2.2283043906656754, 1: 2.226475777526306, 8: 2.1741187395522097, 7: 2.2071773538329786}
2024-05-21 20:21:00 - INFO     - 0.9, 0.8814814814814815, 0.8777777777777778, 0.8666666666666667, 0.8444444444444444, 0.8888888888888888, 0.8814814814814815, 0.9148148148148149, 0.9296296296296296, 0.8851851851851852
2024-05-21 20:21:00 - WARNING  - Epoch: 187, Sum of Accs: 8.870, Sum of s_i: 22.04001437690496
2024-05-21 20:21:05 - INFO     - {6: 2.2133487961638303, 9: 2.2367135745741935, 0: 2.2511189459236567, 2: 2.145859105935777, 4: 2.2317982658308324, 3: 2.1454928977265264, 5: 2.2318572417353897, 1: 2.230021710892478, 8: 2.1773859843412997, 7: 2.2106213389047245}
2024-05-21 20:21:05 - INFO     - 0.9, 0.8814814814814815, 0.8777777777777778, 0.8666666666666667, 0.8444444444444444, 0.8888888888888888, 0.8814814814814815, 0.9148148148148149, 0.9296296296296296, 0.8851851851851852
2024-05-21 20:21:05 - WARNING  - Epoch: 188, Sum of Accs: 8.870, Sum of s_i: 22.074217862028704
2024-05-21 20:21:09 - INFO     - {6: 2.2167768037326585, 9: 2.2402679974267423, 0: 2.254753055769784, 2: 2.1489388426432225, 4: 2.2353350155903837, 3: 2.14856914791217, 5: 2.235396944648269, 1: 2.233549201112066, 8: 2.180640080973555, 7: 2.2140468808298865}
2024-05-21 20:21:09 - INFO     - 0.9, 0.8814814814814815, 0.8777777777777778, 0.8666666666666667, 0.8444444444444444, 0.8888888888888888, 0.8814814814814815, 0.9148148148148149, 0.9333333333333333, 0.8851851851851852
2024-05-21 20:21:09 - WARNING  - Epoch: 189, Sum of Accs: 8.874, Sum of s_i: 22.108273970638734
2024-05-21 20:21:13 - INFO     - {6: 2.2201917583905484, 9: 2.2438093772200114, 0: 2.258372768499613, 2: 2.15200418223437, 4: 2.238857368233637, 3: 2.151636295971264, 5: 2.2389222504448503, 1: 2.2370611728131684, 8: 2.183879780489512, 7: 2.2174633206284993}
2024-05-21 20:21:13 - INFO     - 0.9, 0.8777777777777778, 0.8777777777777778, 0.8666666666666667, 0.8444444444444444, 0.8888888888888888, 0.8814814814814815, 0.9148148148148149, 0.9333333333333333, 0.8851851851851852
2024-05-21 20:21:13 - WARNING  - Epoch: 190, Sum of Accs: 8.870, Sum of s_i: 22.142198274925473
2024-05-21 20:21:17 - INFO     - {6: 2.2235937585438523, 9: 2.247337812242154, 0: 2.261980890515334, 2: 2.1550579311114095, 4: 2.2423681301627814, 3: 2.15469185331625, 5: 2.2424359655273234, 1: 2.2405679701920986, 8: 2.1871078892913607, 7: 2.220868169713004}
2024-05-21 20:21:17 - INFO     - 0.9037037037037037, 0.8777777777777778, 0.8777777777777778, 0.8666666666666667, 0.8444444444444444, 0.8888888888888888, 0.8814814814814815, 0.9148148148148149, 0.9333333333333333, 0.8851851851851852
2024-05-21 20:21:17 - WARNING  - Epoch: 191, Sum of Accs: 8.874, Sum of s_i: 22.17601037061557
2024-05-21 20:21:21 - INFO     - {6: 2.2269828943528784, 9: 2.2508533925425076, 0: 2.265574823441789, 2: 2.158100112121733, 4: 2.2458621855936673, 3: 2.157734555939447, 5: 2.2459329741115375, 1: 2.24406191284924, 8: 2.1903231433714208, 7: 2.2242601640757194}
2024-05-21 20:21:21 - INFO     - 0.9037037037037037, 0.8777777777777778, 0.8777777777777778, 0.8666666666666667, 0.8444444444444444, 0.8888888888888888, 0.8814814814814815, 0.9148148148148149, 0.9333333333333333, 0.8851851851851852
2024-05-21 20:21:21 - WARNING  - Epoch: 192, Sum of Accs: 8.874, Sum of s_i: 22.209686158399943
2024-05-21 20:21:26 - INFO     - {6: 2.2303592643833974, 9: 2.2543562165706095, 0: 2.2691560097669425, 2: 2.161126925308205, 4: 2.249346011832245, 3: 2.1607631775938656, 5: 2.2494147960703064, 1: 2.2475355027107735, 8: 2.1935193590495654, 7: 2.2276380774696567}
2024-05-21 20:21:26 - INFO     - 0.9037037037037037, 0.8777777777777778, 0.8777777777777778, 0.8666666666666667, 0.8444444444444444, 0.8888888888888888, 0.8814814814814815, 0.9185185185185185, 0.9333333333333333, 0.8851851851851852
2024-05-21 20:21:26 - WARNING  - Epoch: 193, Sum of Accs: 8.878, Sum of s_i: 22.24321534075557
2024-05-21 20:21:30 - INFO     - {6: 2.2337229702791674, 9: 2.2578463858527638, 0: 2.2727245508981713, 2: 2.164139749136453, 4: 2.2528147142733133, 3: 2.1637753698127233, 5: 2.2528840126175314, 1: 2.251001375040912, 8: 2.196707886966922, 7: 2.231003345669669}
2024-05-21 20:21:30 - INFO     - 0.9037037037037037, 0.8777777777777778, 0.8777777777777778, 0.8666666666666667, 0.8407407407407408, 0.8888888888888888, 0.8814814814814815, 0.9185185185185185, 0.9333333333333333, 0.8851851851851852
2024-05-21 20:21:30 - WARNING  - Epoch: 194, Sum of Accs: 8.874, Sum of s_i: 22.27662036054763
2024-05-21 20:21:34 - INFO     - {6: 2.2370741044162963, 9: 2.2613252513362934, 0: 2.276283103375279, 2: 2.167140028029294, 4: 2.2562708805570724, 3: 2.166781357619096, 5: 2.256344257715806, 1: 2.2544547024356443, 8: 2.1998825257845724, 7: 2.2343586252155605}
2024-05-21 20:21:34 - INFO     - 0.9037037037037037, 0.8777777777777778, 0.8777777777777778, 0.8666666666666667, 0.8407407407407408, 0.8888888888888888, 0.8814814814814815, 0.9185185185185185, 0.9333333333333333, 0.8851851851851852
2024-05-21 20:21:34 - WARNING  - Epoch: 195, Sum of Accs: 8.874, Sum of s_i: 22.309914836484914
2024-05-21 20:21:38 - INFO     - {6: 2.2404127533371763, 9: 2.264790382097748, 0: 2.279826624762467, 2: 2.1701278510821225, 4: 2.2597145996770487, 3: 2.1697698721549137, 5: 2.259790929989111, 1: 2.25789317003066, 8: 2.2030447087622105, 7: 2.2376951445161506}
2024-05-21 20:21:38 - INFO     - 0.9037037037037037, 0.8777777777777778, 0.8777777777777778, 0.8666666666666667, 0.8407407407407408, 0.8888888888888888, 0.8814814814814815, 0.9185185185185185, 0.9333333333333333, 0.8851851851851852
2024-05-21 20:21:38 - WARNING  - Epoch: 196, Sum of Accs: 8.874, Sum of s_i: 22.34306603640961
2024-05-21 20:21:42 - INFO     - {6: 2.2437390151199668, 9: 2.268244375226939, 0: 2.2833603048852362, 2: 2.173103313195524, 4: 2.263145966428859, 3: 2.172746034322565, 5: 2.263230203178632, 1: 2.2613216806459526, 8: 2.2061983756711077, 7: 2.2410255517077036}
2024-05-21 20:21:42 - INFO     - 0.9037037037037037, 0.8814814814814815, 0.8777777777777778, 0.8666666666666667, 0.8407407407407408, 0.8888888888888888, 0.8814814814814815, 0.9185185185185185, 0.9333333333333333, 0.8851851851851852
2024-05-21 20:21:42 - WARNING  - Epoch: 197, Sum of Accs: 8.878, Sum of s_i: 22.376114820382487
2024-05-21 20:21:47 - INFO     - {6: 2.247052971861133, 9: 2.2716848318357434, 0: 2.286880448487619, 2: 2.1760690836592254, 4: 2.266565063885522, 3: 2.1757136132542128, 5: 2.266649884232643, 1: 2.2647404996115448, 8: 2.209339737538381, 7: 2.244332667325575}
2024-05-21 20:21:47 - INFO     - 0.9037037037037037, 0.8814814814814815, 0.8777777777777778, 0.8666666666666667, 0.8407407407407408, 0.8888888888888888, 0.8814814814814815, 0.9185185185185185, 0.9333333333333333, 0.8851851851851852
2024-05-21 20:21:47 - WARNING  - Epoch: 198, Sum of Accs: 8.878, Sum of s_i: 22.4090288016916
2024-05-21 20:21:51 - INFO     - {6: 2.2503547170267186, 9: 2.2751143083477294, 0: 2.2903896119931835, 2: 2.1790238740261083, 4: 2.2699768673045106, 3: 2.178670212089042, 5: 2.2700646408049594, 1: 2.268148338480319, 8: 2.2124688878300733, 7: 2.247638557899923}
2024-05-21 20:21:51 - INFO     - 0.9037037037037037, 0.8814814814814815, 0.8777777777777778, 0.8666666666666667, 0.8407407407407408, 0.8888888888888888, 0.8814814814814815, 0.9185185185185185, 0.9333333333333333, 0.8851851851851852
2024-05-21 20:21:51 - WARNING  - Epoch: 199, Sum of Accs: 8.878, Sum of s_i: 22.441850015802565
2024-05-21 20:21:55 - INFO     - {6: 2.2536443278244307, 9: 2.2785304366338983, 0: 2.2938854272729308, 2: 2.181965316167174, 4: 2.273375322497682, 3: 2.1816134626980546, 5: 2.273466049151459, 1: 2.2715356069040293, 8: 2.2155846898959486, 7: 2.250931100248454}
2024-05-21 20:21:55 - INFO     - 0.9037037037037037, 0.8814814814814815, 0.8777777777777778, 0.8666666666666667, 0.8407407407407408, 0.8888888888888888, 0.8814814814814815, 0.9185185185185185, 0.9333333333333333, 0.8851851851851852
2024-05-21 20:21:55 - WARNING  - Epoch: 200, Sum of Accs: 8.878, Sum of s_i: 22.47453173929406
2024-05-21 20:21:59 - INFO     - {6: 2.256921898072151, 9: 2.281935738228019, 0: 2.29737041586063, 2: 2.1848959316161918, 4: 2.2767629509988048, 3: 2.1845458866150187, 5: 2.27685663080591, 1: 2.2749192708549377, 8: 2.2186896652697756, 7: 2.2542128159049364}
2024-05-21 20:21:59 - INFO     - 0.9037037037037037, 0.8814814814814815, 0.8777777777777778, 0.8666666666666667, 0.8407407407407408, 0.8888888888888888, 0.8814814814814815, 0.9185185185185185, 0.9333333333333333, 0.8851851851851852
2024-05-21 20:21:59 - WARNING  - Epoch: 201, Sum of Accs: 8.878, Sum of s_i: 22.507111204226373
2024-05-21 20:22:03 - INFO     - {6: 2.260187507195681, 9: 2.2853290786979494, 0: 2.3008434433241387, 2: 2.187814585941019, 4: 2.2801386183757373, 3: 2.1874603344497325, 5: 2.2802281702693317, 1: 2.278282659714242, 8: 2.2217826795194124, 7: 2.2574718967354075}
2024-05-21 20:22:03 - INFO     - 0.9037037037037037, 0.8814814814814815, 0.8777777777777778, 0.8666666666666667, 0.8407407407407408, 0.8888888888888888, 0.8814814814814815, 0.9185185185185185, 0.9333333333333333, 0.8851851851851852
2024-05-21 20:22:03 - WARNING  - Epoch: 202, Sum of Accs: 8.878, Sum of s_i: 22.539538974222655
2024-05-21 20:22:08 - INFO     - {6: 2.2634412520802987, 9: 2.2887105549289672, 0: 2.304304606548735, 2: 2.190721376026934, 4: 2.283497675584483, 3: 2.190362962144851, 5: 2.2835901806314056, 1: 2.281642498302048, 8: 2.2248543513879473, 7: 2.260725041099513}
2024-05-21 20:22:08 - INFO     - 0.9037037037037037, 0.8814814814814815, 0.8777777777777778, 0.8666666666666667, 0.8407407407407408, 0.8888888888888888, 0.8814814814814815, 0.9185185185185185, 0.9333333333333333, 0.8851851851851852
2024-05-21 20:22:08 - WARNING  - Epoch: 203, Sum of Accs: 8.878, Sum of s_i: 22.57185049873518
2024-05-21 20:22:12 - INFO     - {6: 2.2666832159322987, 9: 2.2920802501273676, 0: 2.3077539887407137, 2: 2.1936163850802313, 4: 2.2868496976898856, 3: 2.19325384897158, 5: 2.286938174949914, 1: 2.2849823590092977, 8: 2.227923720366054, 7: 2.2639641694200527}
2024-05-21 20:22:12 - INFO     - 0.9037037037037037, 0.8814814814814815, 0.8777777777777778, 0.8666666666666667, 0.8407407407407408, 0.8888888888888888, 0.8814814814814815, 0.9185185185185185, 0.9333333333333333, 0.8851851851851852
2024-05-21 20:22:12 - WARNING  - Epoch: 204, Sum of Accs: 8.878, Sum of s_i: 22.604045810287396
2024-05-21 20:22:16 - INFO     - {6: 2.2699134813117365, 9: 2.295438246853206, 0: 2.3111892834792616, 2: 2.196496061664601, 4: 2.290185344027018, 3: 2.1961353340238965, 5: 2.2902778177397174, 1: 2.288318718091924, 8: 2.230977756875234, 7: 2.2671881310610216}
2024-05-21 20:22:16 - INFO     - 0.9037037037037037, 0.8814814814814815, 0.8777777777777778, 0.8666666666666667, 0.8407407407407408, 0.8888888888888888, 0.8814814814814815, 0.9185185185185185, 0.9333333333333333, 0.8851851851851852
2024-05-21 20:22:16 - WARNING  - Epoch: 205, Sum of Accs: 8.878, Sum of s_i: 22.63612017512762
2024-05-21 20:22:20 - INFO     - {6: 2.2731321318626554, 9: 2.2987834653869608, 0: 2.314612980316325, 2: 2.199365385362983, 4: 2.293509408152095, 3: 2.1990029937428788, 5: 2.293607107643533, 1: 2.2916388176667866, 8: 2.234017968051079, 7: 2.2704062823414586}
2024-05-21 20:22:20 - INFO     - 0.9037037037037037, 0.8814814814814815, 0.8814814814814815, 0.8666666666666667, 0.8407407407407408, 0.8888888888888888, 0.8814814814814815, 0.9185185185185185, 0.9333333333333333, 0.8851851851851852
2024-05-21 20:22:20 - WARNING  - Epoch: 206, Sum of Accs: 8.881, Sum of s_i: 22.66807654052675
2024-05-21 20:22:25 - INFO     - {6: 2.276339249529532, 9: 2.3021183144002375, 0: 2.31802751632318, 2: 2.202225548231157, 4: 2.2968265840723743, 3: 2.201864965078999, 5: 2.2969272367171403, 1: 2.2949520290368515, 8: 2.237052490844062, 7: 2.2736175454170975}
2024-05-21 20:22:25 - INFO     - 0.9037037037037037, 0.8814814814814815, 0.8814814814814815, 0.8666666666666667, 0.8407407407407408, 0.8888888888888888, 0.8814814814814815, 0.9185185185185185, 0.9333333333333333, 0.8851851851851852
2024-05-21 20:22:25 - WARNING  - Epoch: 207, Sum of Accs: 8.881, Sum of s_i: 22.699951479650625
2024-05-21 20:22:29 - INFO     - {6: 2.279534902504583, 9: 2.3054405514482816, 0: 2.3214294403648026, 2: 2.205073099134098, 4: 2.300131148027421, 3: 2.2047143244498866, 5: 2.300234753825515, 1: 2.2982526284416838, 8: 2.2400744016718126, 7: 2.2768161965275038}
2024-05-21 20:22:29 - INFO     - 0.9037037037037037, 0.8814814814814815, 0.8814814814814815, 0.8666666666666667, 0.8407407407407408, 0.8888888888888888, 0.8814814814814815, 0.9185185185185185, 0.9333333333333333, 0.8851851851851852
2024-05-21 20:22:29 - WARNING  - Epoch: 208, Sum of Accs: 8.881, Sum of s_i: 22.73170144639559
2024-05-21 20:22:33 - INFO     - {6: 2.282719174082753, 9: 2.3087514150129156, 0: 2.3248199909230145, 2: 2.2079092765536283, 4: 2.303424338499057, 3: 2.2075523103373635, 5: 2.303530897450479, 1: 2.3015418543631054, 8: 2.243084939016153, 7: 2.2799944477923}
2024-05-21 20:22:33 - INFO     - 0.9037037037037037, 0.8814814814814815, 0.8814814814814815, 0.8666666666666667, 0.8407407407407408, 0.8888888888888888, 0.8814814814814815, 0.9185185185185185, 0.9333333333333333, 0.8851851851851852
2024-05-21 20:22:33 - WARNING  - Epoch: 209, Sum of Accs: 8.881, Sum of s_i: 22.763328644030768
2024-05-21 20:22:37 - INFO     - {6: 2.285892146140857, 9: 2.312050986881692, 0: 2.328198073503368, 2: 2.2107341622773014, 4: 2.3067028507706024, 3: 2.2103756180247505, 5: 2.306812362875353, 1: 2.3048164020844366, 8: 2.2460807981604027, 7: 2.283167047219205}
2024-05-21 20:22:37 - INFO     - 0.9037037037037037, 0.8814814814814815, 0.8814814814814815, 0.8666666666666667, 0.8407407407407408, 0.8888888888888888, 0.8814814814814815, 0.9185185185185185, 0.9333333333333333, 0.8851851851851852
2024-05-21 20:22:37 - WARNING  - Epoch: 210, Sum of Accs: 8.881, Sum of s_i: 22.79483044793797
2024-05-21 20:22:41 - INFO     - {6: 2.2890539008714157, 9: 2.3153393491584047, 0: 2.3315672465739055, 2: 2.21354547330634, 4: 2.309973539954317, 3: 2.213186578327111, 5: 2.3100836401098257, 1: 2.308083126717937, 8: 2.2490688342168217, 7: 2.286329458455709}
2024-05-21 20:22:41 - INFO     - 0.9037037037037037, 0.8814814814814815, 0.8814814814814815, 0.8666666666666667, 0.8407407407407408, 0.8888888888888888, 0.8814814814814815, 0.9185185185185185, 0.9333333333333333, 0.8851851851851852
2024-05-21 20:22:41 - WARNING  - Epoch: 211, Sum of Accs: 8.881, Sum of s_i: 22.826231147691786
2024-05-21 20:22:45 - INFO     - {6: 2.292204511240945, 9: 2.3186165747279137, 0: 2.334922998527624, 2: 2.216346852121377, 4: 2.3132319318214596, 3: 2.2159897656100944, 5: 2.3133449851302963, 1: 2.311337554034865, 8: 2.252044572956668, 7: 2.2894742590223705}
2024-05-21 20:22:45 - INFO     - 0.9037037037037037, 0.8851851851851852, 0.8814814814814815, 0.8666666666666667, 0.8407407407407408, 0.8888888888888888, 0.8814814814814815, 0.9185185185185185, 0.9333333333333333, 0.8851851851851852
2024-05-21 20:22:45 - WARNING  - Epoch: 212, Sum of Accs: 8.885, Sum of s_i: 22.85751400519361
2024-05-21 20:22:50 - INFO     - {6: 2.2953440555991915, 9: 2.321883850432561, 0: 2.338267699357144, 2: 2.2191371798122157, 4: 2.316477108074452, 3: 2.2187797372789277, 5: 2.3165909866446377, 1: 2.31457549391705, 8: 2.255003824261771, 7: 2.2926113945387434}
2024-05-21 20:22:50 - INFO     - 0.9037037037037037, 0.8851851851851852, 0.8814814814814815, 0.8666666666666667, 0.8407407407407408, 0.8888888888888888, 0.8814814814814815, 0.9185185185185185, 0.9333333333333333, 0.8851851851851852
2024-05-21 20:22:50 - WARNING  - Epoch: 213, Sum of Accs: 8.885, Sum of s_i: 22.88867132991669
2024-05-21 20:22:54 - INFO     - {6: 2.2984726144225944, 9: 2.3251401406023646, 0: 2.3416014297620844, 2: 2.221915364572699, 4: 2.3197157251512577, 3: 2.2215609030131334, 5: 2.3198303101163305, 1: 2.3178067271794243, 8: 2.2579597882112807, 7: 2.295744098770909}
2024-05-21 20:22:54 - INFO     - 0.9037037037037037, 0.8851851851851852, 0.8814814814814815, 0.8666666666666667, 0.8407407407407408, 0.8888888888888888, 0.8814814814814815, 0.9185185185185185, 0.9333333333333333, 0.8851851851851852
2024-05-21 20:22:54 - WARNING  - Epoch: 214, Sum of Accs: 8.885, Sum of s_i: 22.91974710180208
2024-05-21 20:22:58 - INFO     - {6: 2.301590252156206, 9: 2.3283855096823767, 0: 2.344926485835675, 2: 2.224682650053141, 4: 2.3229434211382722, 3: 2.224333394415989, 5: 2.3230575618022065, 1: 2.3210304586162245, 8: 2.2609014336165325, 7: 2.2988624844588164}
2024-05-21 20:22:58 - INFO     - 0.9037037037037037, 0.8851851851851852, 0.8814814814814815, 0.8666666666666667, 0.8407407407407408, 0.8888888888888888, 0.8814814814814815, 0.9185185185185185, 0.9333333333333333, 0.8851851851851852
2024-05-21 20:22:58 - WARNING  - Epoch: 215, Sum of Accs: 8.885, Sum of s_i: 22.950713651775438
2024-05-21 20:23:02 - INFO     - {6: 2.3046970424776685, 9: 2.331618944997058, 0: 2.3482384778814223, 2: 2.227440268960207, 4: 2.3261559324678176, 3: 2.227090701161375, 5: 2.32627302628508, 1: 2.3242390053955555, 8: 2.263833412448408, 7: 2.3019690829437214}
2024-05-21 20:23:02 - INFO     - 0.9037037037037037, 0.8851851851851852, 0.8814814814814815, 0.8666666666666667, 0.8407407407407408, 0.8888888888888888, 0.8814814814814815, 0.9185185185185185, 0.9333333333333333, 0.8851851851851852
2024-05-21 20:23:02 - WARNING  - Epoch: 216, Sum of Accs: 8.885, Sum of s_i: 22.98155589501831
2024-05-21 20:23:07 - INFO     - {6: 2.307793063789916, 9: 2.334842697655706, 0: 2.3515419175336487, 2: 2.2301859824870687, 4: 2.329362012033468, 3: 2.2298382231561833, 5: 2.329478706017375, 1: 2.327437767424308, 8: 2.2667482301311987, 7: 2.305059627571037}
2024-05-21 20:23:07 - INFO     - 0.9037037037037037, 0.8851851851851852, 0.8814814814814815, 0.8666666666666667, 0.8407407407407408, 0.8888888888888888, 0.8814814814814815, 0.9185185185185185, 0.9333333333333333, 0.8851851851851852
2024-05-21 20:23:07 - WARNING  - Epoch: 217, Sum of Accs: 8.885, Sum of s_i: 23.01228822779991
2024-05-21 20:23:11 - INFO     - {6: 2.3108783889152145, 9: 2.338054682193414, 0: 2.354832473492027, 2: 2.2329221653067655, 4: 2.33255520790527, 3: 2.2325762144438266, 5: 2.3326707051486704, 1: 2.3306228488520606, 8: 2.2696546229818697, 7: 2.3081395425199434}
2024-05-21 20:23:11 - INFO     - 0.9074074074074074, 0.8851851851851852, 0.8814814814814815, 0.8666666666666667, 0.8407407407407408, 0.8888888888888888, 0.8814814814814815, 0.9185185185185185, 0.9333333333333333, 0.8851851851851852
2024-05-21 20:23:11 - WARNING  - Epoch: 218, Sum of Accs: 8.889, Sum of s_i: 23.04290685175906
2024-05-21 20:23:15 - INFO     - {6: 2.313953091467548, 9: 2.3412560512514395, 0: 2.3581124211976365, 2: 2.2356488482196877, 4: 2.335738903870298, 3: 2.2353047058246953, 5: 2.3358573542670262, 1: 2.333802580266874, 8: 2.2725556658196013, 7: 2.3112173256403308}
2024-05-21 20:23:15 - INFO     - 0.9074074074074074, 0.8851851851851852, 0.8814814814814815, 0.8666666666666667, 0.8407407407407408, 0.8888888888888888, 0.8814814814814815, 0.9185185185185185, 0.9333333333333333, 0.8851851851851852
2024-05-21 20:23:15 - WARNING  - Epoch: 219, Sum of Accs: 8.889, Sum of s_i: 23.07344694782514
2024-05-21 20:23:19 - INFO     - {6: 2.317017232382712, 9: 2.3444468656971122, 0: 2.3613839804527794, 2: 2.2383649765202573, 4: 2.338912045222973, 3: 2.2380226425932115, 5: 2.3390282512898577, 1: 2.336965466983396, 8: 2.2754398639590416, 7: 2.314278264062427}
2024-05-21 20:23:19 - INFO     - 0.9074074074074074, 0.8851851851851852, 0.8777777777777778, 0.8666666666666667, 0.8407407407407408, 0.8888888888888888, 0.8814814814814815, 0.9185185185185185, 0.9333333333333333, 0.8851851851851852
2024-05-21 20:23:19 - WARNING  - Epoch: 220, Sum of Accs: 8.885, Sum of s_i: 23.103859589163765
2024-05-21 20:23:24 - INFO     - {6: 2.3200708890263924, 9: 2.347627202817312, 0: 2.364642910455772, 2: 2.241068412610788, 4: 2.3420715649186783, 3: 2.2407269577047577, 5: 2.34218870903667, 1: 2.340121022128887, 8: 2.278316730527451, 7: 2.317331870913492}
2024-05-21 20:23:24 - INFO     - 0.9074074074074074, 0.8851851851851852, 0.8777777777777778, 0.8666666666666667, 0.8407407407407408, 0.8888888888888888, 0.8814814814814815, 0.9185185185185185, 0.9333333333333333, 0.8851851851851852
2024-05-21 20:23:24 - WARNING  - Epoch: 221, Sum of Accs: 8.885, Sum of s_i: 23.1341662701402
2024-05-21 20:23:28 - INFO     - {6: 2.3231141308242225, 9: 2.3507971319647405, 0: 2.367891439489721, 2: 2.2437625685060554, 4: 2.3452206968228007, 3: 2.2434229220679716, 5: 2.345342831137371, 1: 2.343268226526045, 8: 2.281186333454586, 7: 2.3203771270162243}
2024-05-21 20:23:28 - INFO     - 0.9074074074074074, 0.8851851851851852, 0.8777777777777778, 0.8666666666666667, 0.8407407407407408, 0.8888888888888888, 0.8814814814814815, 0.9185185185185185, 0.9333333333333333, 0.8851851851851852
2024-05-21 20:23:28 - WARNING  - Epoch: 222, Sum of Accs: 8.885, Sum of s_i: 23.164383407809737
2024-05-21 20:23:32 - INFO     - {6: 2.326147021096887, 9: 2.353957753583806, 0: 2.371131748102364, 2: 2.2464452788581393, 4: 2.348359503669358, 3: 2.24611066600988, 5: 2.3484845911372565, 1: 2.3464072105018983, 8: 2.2840424871738474, 7: 2.3234100210181414}
2024-05-21 20:23:32 - INFO     - 0.9074074074074074, 0.8851851851851852, 0.8777777777777778, 0.8666666666666667, 0.8407407407407408, 0.8888888888888888, 0.8814814814814815, 0.9185185185185185, 0.9333333333333333, 0.8851851851851852
2024-05-21 20:23:32 - WARNING  - Epoch: 223, Sum of Accs: 8.885, Sum of s_i: 23.19449628115158
2024-05-21 20:23:36 - INFO     - {6: 2.3291696277522806, 9: 2.3571080915856, 0: 2.3743617730977364, 2: 2.249117726139805, 4: 2.3514889640031296, 3: 2.2487849217594924, 5: 2.3516141185789565, 1: 2.3495327062854554, 8: 2.2868924989553476, 7: 2.3264335685072726}
2024-05-21 20:23:36 - INFO     - 0.9074074074074074, 0.8851851851851852, 0.8777777777777778, 0.8629629629629629, 0.8407407407407408, 0.8888888888888888, 0.8814814814814815, 0.9185185185185185, 0.9333333333333333, 0.8851851851851852
2024-05-21 20:23:36 - WARNING  - Epoch: 224, Sum of Accs: 8.881, Sum of s_i: 23.224503996665074
2024-05-21 20:23:41 - INFO     - {6: 2.33218201852733, 9: 2.3602482137070497, 0: 2.3775794915522215, 2: 2.251779978584848, 4: 2.3546093223710383, 3: 2.2514489826724815, 5: 2.3547363372294328, 1: 2.3526480072323888, 8: 2.2897302041959606, 7: 2.3294469211597804}
2024-05-21 20:23:41 - INFO     - 0.9074074074074074, 0.8851851851851852, 0.8777777777777778, 0.8629629629629629, 0.8407407407407408, 0.8888888888888888, 0.8814814814814815, 0.9185185185185185, 0.9333333333333333, 0.8851851851851852
2024-05-21 20:23:41 - WARNING  - Epoch: 225, Sum of Accs: 8.881, Sum of s_i: 23.254409477232535
2024-05-21 20:23:45 - INFO     - {6: 2.335184259695882, 9: 2.363377169022717, 0: 2.3807881338614667, 2: 2.2544352649546973, 4: 2.3577206045937076, 3: 2.254105060310992, 5: 2.35785057260543, 1: 2.3557553249048437, 8: 2.2925588332913343, 7: 2.3324522905378093}
2024-05-21 20:23:45 - INFO     - 0.9074074074074074, 0.8851851851851852, 0.8777777777777778, 0.8629629629629629, 0.8407407407407408, 0.8888888888888888, 0.8814814814814815, 0.9185185185185185, 0.9333333333333333, 0.8851851851851852
2024-05-21 20:23:45 - WARNING  - Epoch: 226, Sum of Accs: 8.881, Sum of s_i: 23.28422751377888
2024-05-21 20:23:49 - INFO     - {6: 2.3381764120763977, 9: 2.366496042080867, 0: 2.3839856407732736, 2: 2.257079451867744, 4: 2.3608218045588596, 3: 2.2567500025520637, 5: 2.3609547257239107, 1: 2.3588515071798604, 8: 2.2953773801291906, 7: 2.3354465245184}
2024-05-21 20:23:49 - INFO     - 0.9074074074074074, 0.8851851851851852, 0.8777777777777778, 0.8629629629629629, 0.8407407407407408, 0.8888888888888888, 0.8814814814814815, 0.9185185185185185, 0.9333333333333333, 0.8851851851851852
2024-05-21 20:23:49 - WARNING  - Epoch: 227, Sum of Accs: 8.881, Sum of s_i: 23.31393949146057
2024-05-21 20:23:53 - INFO     - {6: 2.34115854234852, 9: 2.3696059036993895, 0: 2.3871751893853745, 2: 2.2597146273411637, 4: 2.3639099820795244, 3: 2.2593829754885695, 5: 2.3640458563979037, 1: 2.361935720150311, 8: 2.2981829045225597, 7: 2.3384328001992847}
2024-05-21 20:23:53 - INFO     - 0.9074074074074074, 0.8814814814814815, 0.8777777777777778, 0.8629629629629629, 0.8407407407407408, 0.8888888888888888, 0.8814814814814815, 0.9185185185185185, 0.9333333333333333, 0.8851851851851852
2024-05-21 20:23:53 - WARNING  - Epoch: 228, Sum of Accs: 8.878, Sum of s_i: 23.343544501612598
2024-05-21 20:23:58 - INFO     - {6: 2.3441307170355192, 9: 2.372704811922068, 0: 2.390352744568851, 2: 2.2623367433022, 4: 2.366990177176425, 3: 2.262004987639796, 5: 2.367125147367256, 1: 2.365011950696997, 8: 2.3009793804084056, 7: 2.341403225170668}
2024-05-21 20:23:58 - INFO     - 0.9074074074074074, 0.8814814814814815, 0.8777777777777778, 0.8629629629629629, 0.8407407407407408, 0.8925925925925926, 0.8814814814814815, 0.9185185185185185, 0.9333333333333333, 0.8851851851851852
2024-05-21 20:23:58 - WARNING  - Epoch: 229, Sum of Accs: 8.881, Sum of s_i: 23.373039885288183
2024-05-21 20:24:02 - INFO     - {6: 2.34709300309125, 9: 2.3757938378418806, 0: 2.3935204239009926, 2: 2.2649510830769097, 4: 2.37006153000324, 3: 2.264621135882452, 5: 2.370199453347399, 1: 2.3680793389735975, 8: 2.3037680801079246, 7: 2.3443676315715933}
2024-05-21 20:24:02 - INFO     - 0.9074074074074074, 0.8814814814814815, 0.8777777777777778, 0.8629629629629629, 0.8407407407407408, 0.8925925925925926, 0.8814814814814815, 0.9185185185185185, 0.9333333333333333, 0.8851851851851852
2024-05-21 20:24:02 - WARNING  - Epoch: 230, Sum of Accs: 8.881, Sum of s_i: 23.40245551779724
2024-05-21 20:24:06 - INFO     - {6: 2.3500454570360354, 9: 2.3788730379193144, 0: 2.396678283781633, 2: 2.2675535167251346, 4: 2.3731201090914507, 3: 2.2672253779986233, 5: 2.3732590984892656, 1: 2.3711339535115936, 8: 2.3065400826595996, 7: 2.3473154516308776}
2024-05-21 20:24:06 - INFO     - 0.9074074074074074, 0.8814814814814815, 0.8777777777777778, 0.8629629629629629, 0.8407407407407408, 0.8925925925925926, 0.8814814814814815, 0.9185185185185185, 0.9333333333333333, 0.8851851851851852
2024-05-21 20:24:06 - WARNING  - Epoch: 231, Sum of Accs: 8.881, Sum of s_i: 23.43174436884353
2024-05-21 20:24:10 - INFO     - {6: 2.3529881506708654, 9: 2.381943462900545, 0: 2.3998283957564417, 2: 2.270149255561262, 4: 2.3761728609796835, 3: 2.269822925302697, 5: 2.3763148035308266, 1: 2.374182740849612, 8: 2.309310181420537, 7: 2.35026229067447}
2024-05-21 20:24:10 - INFO     - 0.9074074074074074, 0.8814814814814815, 0.8777777777777778, 0.8629629629629629, 0.8407407407407408, 0.8925925925925926, 0.8814814814814815, 0.9185185185185185, 0.9333333333333333, 0.8851851851851852
2024-05-21 20:24:10 - WARNING  - Epoch: 232, Sum of Accs: 8.881, Sum of s_i: 23.46097506764694
2024-05-21 20:24:14 - INFO     - {6: 2.355921132523889, 9: 2.38500320323135, 0: 2.402967823080825, 2: 2.2727322544462014, 4: 2.3792128729167286, 3: 2.272405869503073, 5: 2.3793577686211997, 1: 2.377218788236443, 8: 2.3120656770777757, 7: 2.353194526614365}
2024-05-21 20:24:14 - INFO     - 0.9074074074074074, 0.8814814814814815, 0.8777777777777778, 0.8629629629629629, 0.8407407407407408, 0.8925925925925926, 0.8814814814814815, 0.9185185185185185, 0.9333333333333333, 0.8851851851851852
2024-05-21 20:24:14 - WARNING  - Epoch: 233, Sum of Accs: 8.881, Sum of s_i: 23.49007991625185
2024-05-21 20:24:19 - INFO     - {6: 2.3588444732185923, 9: 2.3880542752724536, 0: 2.406098582115507, 2: 2.275308640342202, 4: 2.3822424103351523, 3: 2.27498406386702, 5: 2.382394120722634, 1: 2.3802482226343344, 8: 2.3148164228985855, 7: 2.3561220127178304}
2024-05-21 20:24:19 - INFO     - 0.9074074074074074, 0.8814814814814815, 0.8777777777777778, 0.8629629629629629, 0.8407407407407408, 0.8925925925925926, 0.8814814814814815, 0.9185185185185185, 0.9333333333333333, 0.8851851851851852
2024-05-21 20:24:19 - WARNING  - Epoch: 234, Sum of Accs: 8.881, Sum of s_i: 23.51911322412431
2024-05-21 20:24:23 - INFO     - {6: 2.3617582249749236, 9: 2.3910947976078467, 0: 2.409219752211817, 2: 2.277872445744259, 4: 2.385263228789315, 3: 2.277549677737024, 5: 2.385417892330125, 1: 2.383261397030663, 8: 2.3175545882254527, 7: 2.359036918327353}
2024-05-21 20:24:23 - INFO     - 0.9074074074074074, 0.8814814814814815, 0.8777777777777778, 0.8629629629629629, 0.8407407407407408, 0.8925925925925926, 0.8777777777777778, 0.9185185185185185, 0.9333333333333333, 0.8851851851851852
2024-05-21 20:24:23 - WARNING  - Epoch: 235, Sum of Accs: 8.878, Sum of s_i: 23.548028922978776
2024-05-21 20:24:27 - INFO     - {6: 2.364662454831142, 9: 2.3941258040019675, 0: 2.412329449412669, 2: 2.2804277698064297, 4: 2.3882755659035912, 3: 2.280106810267141, 5: 2.3884294928916723, 1: 2.386269769594725, 8: 2.3202786071234742, 7: 2.3619433425969887}
2024-05-21 20:24:27 - INFO     - 0.9074074074074074, 0.8814814814814815, 0.8777777777777778, 0.8629629629629629, 0.8407407407407408, 0.8925925925925926, 0.8777777777777778, 0.9185185185185185, 0.9333333333333333, 0.8851851851851852
2024-05-21 20:24:27 - WARNING  - Epoch: 236, Sum of Accs: 8.878, Sum of s_i: 23.576849066429798
2024-05-21 20:24:31 - INFO     - {6: 2.367557222135305, 9: 2.3971473537440025, 0: 2.4154306861482824, 2: 2.2829746334033616, 4: 2.3912794425526283, 3: 2.2826554823320193, 5: 2.391436322694038, 1: 2.3892696816935475, 8: 2.3229998306452155, 7: 2.3648413064013853}
2024-05-21 20:24:31 - INFO     - 0.9074074074074074, 0.8814814814814815, 0.8777777777777778, 0.8629629629629629, 0.8407407407407408, 0.8925925925925926, 0.8777777777777778, 0.9185185185185185, 0.9333333333333333, 0.8851851851851852
2024-05-21 20:24:31 - WARNING  - Epoch: 237, Sum of Accs: 8.878, Sum of s_i: 23.605591961749784
2024-05-21 20:24:35 - INFO     - {6: 2.370442579859137, 9: 2.400159499751198, 0: 2.4185225191490565, 2: 2.2855120932654542, 4: 2.394273915466826, 3: 2.2851947506620585, 5: 2.394433748761564, 1: 2.392260190057531, 8: 2.3257116504321176, 7: 2.3677298664709427}
2024-05-21 20:24:35 - INFO     - 0.9074074074074074, 0.8814814814814815, 0.8777777777777778, 0.8666666666666667, 0.8407407407407408, 0.8925925925925926, 0.8777777777777778, 0.9185185185185185, 0.9333333333333333, 0.8851851851851852
2024-05-21 20:24:35 - WARNING  - Epoch: 238, Sum of Accs: 8.881, Sum of s_i: 23.634240813875884
2024-05-21 20:24:40 - INFO     - {6: 2.373318586112755, 9: 2.4031623000764117, 0: 2.4216059437426534, 2: 2.2880382248801356, 4: 2.3972562376151547, 3: 2.287720897441743, 5: 2.3974180532787357, 1: 2.3952375768711596, 8: 2.3284121419716084, 7: 2.3706053049901454}
2024-05-21 20:24:40 - INFO     - 0.9074074074074074, 0.8814814814814815, 0.8777777777777778, 0.8666666666666667, 0.8407407407407408, 0.8925925925925926, 0.8777777777777778, 0.9185185185185185, 0.9333333333333333, 0.8851851851851852
2024-05-21 20:24:40 - WARNING  - Epoch: 239, Sum of Accs: 8.881, Sum of s_i: 23.662775266980503
2024-05-21 20:24:44 - INFO     - {6: 2.376185305241563, 9: 2.4061567505516206, 0: 2.4246781768994827, 2: 2.290555087172345, 4: 2.400229295825067, 3: 2.2902424702397948, 5: 2.400394064641976, 1: 2.3982066705308576, 8: 2.331102547054225, 7: 2.3734732674898193}
2024-05-21 20:24:44 - INFO     - 0.9111111111111111, 0.8814814814814815, 0.8777777777777778, 0.8666666666666667, 0.8407407407407408, 0.8925925925925926, 0.8777777777777778, 0.9185185185185185, 0.9333333333333333, 0.8851851851851852
2024-05-21 20:24:44 - WARNING  - Epoch: 240, Sum of Accs: 8.885, Sum of s_i: 23.69122363564675
2024-05-21 20:24:48 - INFO     - {6: 2.3790427919814143, 9: 2.4091410427638604, 0: 2.427742156105301, 2: 2.2930646932394816, 4: 2.4031959149443094, 3: 2.292753884774878, 5: 2.4033636369145466, 1: 2.401169325099885, 8: 2.3337865130461712, 7: 2.3763339737644213}
2024-05-21 20:24:48 - INFO     - 0.9074074074074074, 0.8814814814814815, 0.8777777777777778, 0.8666666666666667, 0.8407407407407408, 0.8925925925925926, 0.8777777777777778, 0.9185185185185185, 0.9333333333333333, 0.8851851851851852
2024-05-21 20:24:48 - WARNING  - Epoch: 241, Sum of Accs: 8.881, Sum of s_i: 23.719593932634268
2024-05-21 20:24:52 - INFO     - {6: 2.381891098128517, 9: 2.4121170802573637, 0: 2.430797880592382, 2: 2.2955641630968833, 4: 2.4061542793448147, 3: 2.2952570445912244, 5: 2.40632495446838, 1: 2.404123724950176, 8: 2.336462224319381, 7: 2.3791864253202863}
2024-05-21 20:24:52 - INFO     - 0.9111111111111111, 0.8814814814814815, 0.8777777777777778, 0.8666666666666667, 0.8407407407407408, 0.8925925925925926, 0.8777777777777778, 0.9185185185185185, 0.9333333333333333, 0.8851851851851852
2024-05-21 20:24:52 - WARNING  - Epoch: 242, Sum of Accs: 8.885, Sum of s_i: 23.747878875069404
2024-05-21 20:24:56 - INFO     - {6: 2.3847302775007067, 9: 2.415083076291171, 0: 2.433842608359293, 2: 2.2980554729855873, 4: 2.4091026022856243, 3: 2.2977492076874, 5: 2.409275275302043, 1: 2.4070671280802967, 8: 2.3391278941328943, 7: 2.382027880155981}
2024-05-21 20:24:56 - INFO     - 0.9111111111111111, 0.8814814814814815, 0.8777777777777778, 0.8666666666666667, 0.8407407407407408, 0.8925925925925926, 0.8777777777777778, 0.9185185185185185, 0.9333333333333333, 0.8851851851851852
2024-05-21 20:24:56 - WARNING  - Epoch: 243, Sum of Accs: 8.885, Sum of s_i: 23.776061422780998
2024-05-21 20:25:01 - INFO     - {6: 2.3875603890486414, 9: 2.4180400100131214, 0: 2.436879229074822, 2: 2.300537720562435, 4: 2.4120418629145775, 3: 2.3002332637321943, 5: 2.412217489084324, 1: 2.4100024241590354, 8: 2.3417845016345513, 7: 2.3848612279402936}
2024-05-21 20:25:01 - INFO     - 0.9111111111111111, 0.8814814814814815, 0.8777777777777778, 0.8666666666666667, 0.8407407407407408, 0.8925925925925926, 0.8777777777777778, 0.9185185185185185, 0.9333333333333333, 0.8851851851851852
2024-05-21 20:25:01 - WARNING  - Epoch: 244, Sum of Accs: 8.885, Sum of s_i: 23.804158118164
2024-05-21 20:25:05 - INFO     - {6: 2.390381486037591, 9: 2.4209879346366137, 0: 2.43990589662656, 2: 2.303010959040824, 4: 2.4149711703797396, 3: 2.30270831067853, 5: 2.415150693768147, 1: 2.4129277670739833, 8: 2.34443210003775, 7: 2.3876846225608155}
2024-05-21 20:25:05 - INFO     - 0.9111111111111111, 0.8814814814814815, 0.8777777777777778, 0.8666666666666667, 0.8407407407407408, 0.8925925925925926, 0.8777777777777778, 0.9185185185185185, 0.9333333333333333, 0.8851851851851852
2024-05-21 20:25:05 - WARNING  - Epoch: 245, Sum of Accs: 8.885, Sum of s_i: 23.832160940840556
2024-05-21 20:25:09 - INFO     - {6: 2.393193623958372, 9: 2.4239269055996235, 0: 2.4429245545831484, 2: 2.305475243858731, 4: 2.4178924682497516, 3: 2.3051744039643833, 5: 2.4180749447914875, 1: 2.415845100393781, 8: 2.347070744780466, 7: 2.3905000075861875}
2024-05-21 20:25:09 - INFO     - 0.9111111111111111, 0.8814814814814815, 0.8777777777777778, 0.8666666666666667, 0.8407407407407408, 0.8925925925925926, 0.8777777777777778, 0.9185185185185185, 0.9333333333333333, 0.8851851851851852
2024-05-21 20:25:09 - WARNING  - Epoch: 246, Sum of Accs: 8.885, Sum of s_i: 23.86007799776593
2024-05-21 20:25:13 - INFO     - {6: 2.395996855363746, 9: 2.4268569754042177, 0: 2.44593337829983, 2: 2.307929694436731, 4: 2.420803931879857, 3: 2.307627997588182, 5: 2.420989361574921, 1: 2.4187499340515237, 8: 2.3496942590709504, 7: 2.3933028929495044}
2024-05-21 20:25:13 - INFO     - 0.9111111111111111, 0.8814814814814815, 0.8777777777777778, 0.8666666666666667, 0.8407407407407408, 0.8925925925925926, 0.8777777777777778, 0.9185185185185185, 0.9333333333333333, 0.8851851851851852
2024-05-21 20:25:13 - WARNING  - Epoch: 247, Sum of Accs: 8.885, Sum of s_i: 23.88788528061946
2024-05-21 20:25:17 - INFO     - {6: 2.3987912401035962, 9: 2.4297782038455824, 0: 2.4489351813796594, 2: 2.3103771243778786, 4: 2.4237074872282243, 3: 2.31007634835239, 5: 2.4238958700766164, 1: 2.4216442477854327, 8: 2.352316048936908, 7: 2.396100535453231}
2024-05-21 20:25:17 - INFO     - 0.9111111111111111, 0.8814814814814815, 0.8814814814814815, 0.8666666666666667, 0.8407407407407408, 0.8925925925925926, 0.8777777777777778, 0.9185185185185185, 0.9333333333333333, 0.8851851851851852
2024-05-21 20:25:17 - WARNING  - Epoch: 248, Sum of Accs: 8.889, Sum of s_i: 23.915622287539524
2024-05-21 20:25:22 - INFO     - {6: 2.4015768251233998, 9: 2.432690637822593, 0: 2.4519273023502484, 2: 2.312814872209786, 4: 2.4266022481122373, 3: 2.312515904652244, 5: 2.4267935841139576, 1: 2.4245350441192315, 8: 2.354928156693625, 7: 2.398889383492604}
2024-05-21 20:25:22 - INFO     - 0.9111111111111111, 0.8814814814814815, 0.8777777777777778, 0.8666666666666667, 0.8407407407407408, 0.8925925925925926, 0.8777777777777778, 0.9185185185185185, 0.9333333333333333, 0.8851851851851852
2024-05-21 20:25:22 - WARNING  - Epoch: 249, Sum of Accs: 8.885, Sum of s_i: 23.94327395868993
2024-05-21 20:25:26 - INFO     - {6: 2.4043536618435977, 9: 2.435594328706751, 0: 2.454911557410425, 2: 2.31524201779711, 4: 2.429486406751667, 3: 2.3149431825743494, 5: 2.429680695906715, 1: 2.427413562075281, 8: 2.357527986072593, 7: 2.4016659531542275}
2024-05-21 20:25:26 - INFO     - 0.9111111111111111, 0.8814814814814815, 0.8777777777777778, 0.8666666666666667, 0.8407407407407408, 0.8925925925925926, 0.8777777777777778, 0.9148148148148149, 0.9333333333333333, 0.8851851851851852
2024-05-21 20:25:26 - WARNING  - Epoch: 250, Sum of Accs: 8.881, Sum of s_i: 23.970819352292718
2024-05-21 20:25:30 - INFO     - {6: 2.4071218079627186, 9: 2.4384902061722724, 0: 2.4578871218695246, 2: 2.317663209117528, 4: 2.4323611281768303, 3: 2.317366182362714, 5: 2.432561853432567, 1: 2.43028431895023, 8: 2.3601235373178207, 7: 2.404438244682111}
2024-05-21 20:25:30 - INFO     - 0.9111111111111111, 0.8814814814814815, 0.8814814814814815, 0.8666666666666667, 0.8407407407407408, 0.8925925925925926, 0.8777777777777778, 0.9148148148148149, 0.9333333333333333, 0.8851851851851852
2024-05-21 20:25:30 - WARNING  - Epoch: 251, Sum of Accs: 8.885, Sum of s_i: 23.99829761004432
2024-05-21 20:25:34 - INFO     - {6: 2.4098813085095743, 9: 2.4413765711475204, 0: 2.460852267320849, 2: 2.3200730504425495, 4: 2.4352298200590803, 3: 2.319777832155682, 5: 2.4354325919506437, 1: 2.433148139764764, 8: 2.362708669555273, 7: 2.4072001172022186}
2024-05-21 20:25:34 - INFO     - 0.9111111111111111, 0.8814814814814815, 0.8814814814814815, 0.8666666666666667, 0.8407407407407408, 0.8925925925925926, 0.8777777777777778, 0.9148148148148149, 0.9333333333333333, 0.8851851851851852
2024-05-21 20:25:34 - WARNING  - Epoch: 252, Sum of Accs: 8.885, Sum of s_i: 24.02568036810815
2024-05-21 20:25:39 - INFO     - {6: 2.4126322171337096, 9: 2.4442543492608144, 0: 2.463808831075787, 2: 2.322477004267982, 4: 2.4380890237274424, 3: 2.322181831239885, 5: 2.438294748772334, 1: 2.436003378882911, 8: 2.365285220096339, 7: 2.4099474892463877}
2024-05-21 20:25:39 - INFO     - 0.9111111111111111, 0.8814814814814815, 0.8814814814814815, 0.8666666666666667, 0.8407407407407408, 0.8925925925925926, 0.8777777777777778, 0.9148148148148149, 0.9333333333333333, 0.8851851851851852
2024-05-21 20:25:39 - WARNING  - Epoch: 253, Sum of Accs: 8.885, Sum of s_i: 24.052974093703593
2024-05-21 20:25:43 - INFO     - {6: 2.4153745851265165, 9: 2.447124448600022, 0: 2.4667568640624307, 2: 2.324869743537657, 4: 2.4409380290707463, 3: 2.324579052901936, 5: 2.4411467072689663, 1: 2.4388484196760007, 8: 2.367851572312347, 7: 2.4126905817450517}
2024-05-21 20:25:43 - INFO     - 0.9111111111111111, 0.8814814814814815, 0.8814814814814815, 0.8666666666666667, 0.8407407407407408, 0.8925925925925926, 0.8777777777777778, 0.9148148148148149, 0.9333333333333333, 0.8851851851851852
2024-05-21 20:25:43 - WARNING  - Epoch: 254, Sum of Accs: 8.885, Sum of s_i: 24.080180004301674
2024-05-21 20:25:47 - INFO     - {6: 2.4181084630823846, 9: 2.449985206024854, 0: 2.469697308480841, 2: 2.3272558148173856, 4: 2.4437811134025806, 3: 2.326963497941972, 5: 2.4439927447541288, 1: 2.4416866482929547, 8: 2.37041111235222, 7: 2.4154277532322457}
2024-05-21 20:25:47 - INFO     - 0.9111111111111111, 0.8814814814814815, 0.8814814814814815, 0.8666666666666667, 0.8407407407407408, 0.8925925925925926, 0.8777777777777778, 0.9148148148148149, 0.9333333333333333, 0.8851851851851852
2024-05-21 20:25:47 - WARNING  - Epoch: 255, Sum of Accs: 8.885, Sum of s_i: 24.107309662381567
2024-05-21 20:25:51 - INFO     - {6: 2.42083389769048, 9: 2.452837525024292, 0: 2.4726293144738576, 2: 2.329631650898137, 4: 2.4466157593090214, 3: 2.329342939264254, 5: 2.446828547040314, 1: 2.4445155328755974, 8: 2.3729631051313644, 7: 2.4181546895204624}
2024-05-21 20:25:51 - INFO     - 0.9111111111111111, 0.8814814814814815, 0.8814814814814815, 0.8666666666666667, 0.8407407407407408, 0.8925925925925926, 0.8777777777777778, 0.9148148148148149, 0.9333333333333333, 0.8851851851851852
2024-05-21 20:25:51 - WARNING  - Epoch: 256, Sum of Accs: 8.885, Sum of s_i: 24.134352961227787
2024-05-21 20:25:55 - INFO     - {6: 2.423550938492959, 9: 2.45568145509499, 0: 2.475552050377475, 2: 2.332000013663073, 4: 2.449441135126063, 3: 2.3317131104971365, 5: 2.4496568760106836, 1: 2.4473360388241967, 8: 2.3755008331319165, 7: 2.4208741524928636}
2024-05-21 20:25:55 - INFO     - 0.9111111111111111, 0.8814814814814815, 0.8814814814814815, 0.8666666666666667, 0.8407407407407408, 0.8925925925925926, 0.8777777777777778, 0.9148148148148149, 0.9333333333333333, 0.8851851851851852
2024-05-21 20:25:55 - WARNING  - Epoch: 257, Sum of Accs: 8.885, Sum of s_i: 24.16130660371136
2024-05-21 20:26:00 - INFO     - {6: 2.426259635748768, 9: 2.4585170464502926, 0: 2.478466452498304, 2: 2.334360042645221, 4: 2.4522590533883677, 3: 2.334075824175282, 5: 2.4524777474263164, 1: 2.450149992536287, 8: 2.378034321714545, 7: 2.423584381358148}
2024-05-21 20:26:00 - INFO     - 0.9111111111111111, 0.8814814814814815, 0.8814814814814815, 0.8703703703703703, 0.8407407407407408, 0.8925925925925926, 0.8777777777777778, 0.9148148148148149, 0.9333333333333333, 0.8851851851851852
2024-05-21 20:26:00 - WARNING  - Epoch: 258, Sum of Accs: 8.889, Sum of s_i: 24.18818449794153
2024-05-21 20:26:04 - INFO     - {6: 2.4289600351209226, 9: 2.461344344710579, 0: 2.481372566413447, 2: 2.3367108880475986, 4: 2.455066911842851, 3: 2.3364284780456064, 5: 2.455288559034128, 1: 2.452953886440556, 8: 2.3805595270417323, 7: 2.426287222342075}
2024-05-21 20:26:04 - INFO     - 0.9111111111111111, 0.8814814814814815, 0.8814814814814815, 0.8703703703703703, 0.8407407407407408, 0.8925925925925926, 0.8777777777777778, 0.9148148148148149, 0.9333333333333333, 0.8851851851851852
2024-05-21 20:26:04 - WARNING  - Epoch: 259, Sum of Accs: 8.889, Sum of s_i: 24.214972419039498
2024-05-21 20:26:08 - INFO     - {6: 2.4316521863756195, 9: 2.4641633995973415, 0: 2.484271308293788, 2: 2.339055256789258, 4: 2.457868293636616, 3: 2.3387713174497593, 5: 2.458089556175768, 1: 2.455746386696748, 8: 2.383078255708201, 7: 2.4289826912911994}
2024-05-21 20:26:08 - INFO     - 0.9111111111111111, 0.8814814814814815, 0.8814814814814815, 0.8703703703703703, 0.8407407407407408, 0.8925925925925926, 0.8777777777777778, 0.9148148148148149, 0.9333333333333333, 0.8851851851851852
2024-05-21 20:26:08 - WARNING  - Epoch: 260, Sum of Accs: 8.889, Sum of s_i: 24.2416786520143
2024-05-21 20:26:12 - INFO     - {6: 2.434336136434941, 9: 2.4669742579898952, 0: 2.48716099198565, 2: 2.341389681733438, 4: 2.460659731632901, 3: 2.341107550861886, 5: 2.4608816615680507, 1: 2.458533860142819, 8: 2.3855870405771906, 7: 2.4316682164428447}
2024-05-21 20:26:12 - INFO     - 0.9111111111111111, 0.8814814814814815, 0.8814814814814815, 0.8703703703703703, 0.8407407407407408, 0.8925925925925926, 0.8777777777777778, 0.9148148148148149, 0.9333333333333333, 0.8851851851851852
2024-05-21 20:26:12 - WARNING  - Epoch: 261, Sum of Accs: 8.889, Sum of s_i: 24.268299129369616
2024-05-21 20:26:17 - INFO     - {6: 2.4370119331847198, 9: 2.469777786086074, 0: 2.490042531532754, 2: 2.343716848141861, 4: 2.4634439110934294, 3: 2.3434340831920024, 5: 2.463668794181907, 1: 2.461314075053133, 8: 2.3880861243641704, 7: 2.4343464830587327}
2024-05-21 20:26:17 - INFO     - 0.9111111111111111, 0.8814814814814815, 0.8814814814814815, 0.8703703703703703, 0.8407407407407408, 0.8925925925925926, 0.8777777777777778, 0.9148148148148149, 0.9333333333333333, 0.8851851851851852
2024-05-21 20:26:17 - WARNING  - Epoch: 262, Sum of Accs: 8.889, Sum of s_i: 24.294842569888786
2024-05-21 20:26:21 - INFO     - {6: 2.4396796215632066, 9: 2.4725732058109617, 0: 2.49291763825122, 2: 2.346035038987588, 4: 2.466219114991262, 3: 2.345754082505676, 5: 2.466446951233068, 1: 2.464085314400751, 8: 2.390578675134707, 7: 2.437015774111925}
2024-05-21 20:26:21 - INFO     - 0.9111111111111111, 0.8814814814814815, 0.8814814814814815, 0.8703703703703703, 0.8407407407407408, 0.8925925925925926, 0.8777777777777778, 0.9148148148148149, 0.9333333333333333, 0.8851851851851852
2024-05-21 20:26:21 - WARNING  - Epoch: 263, Sum of Accs: 8.889, Sum of s_i: 24.321305416990366
2024-05-21 20:26:25 - INFO     - {6: 2.4423392473265593, 9: 2.475360562920715, 0: 2.495784682354552, 2: 2.348347709952238, 4: 2.4689887990080175, 3: 2.348068561938273, 5: 2.469214811620801, 1: 2.466845416302138, 8: 2.393060088459012, 7: 2.4396747685016895}
2024-05-21 20:26:25 - INFO     - 0.9111111111111111, 0.8814814814814815, 0.8814814814814815, 0.8703703703703703, 0.8407407407407408, 0.8925925925925926, 0.8777777777777778, 0.9148148148148149, 0.9333333333333333, 0.8851851851851852
2024-05-21 20:26:25 - WARNING  - Epoch: 264, Sum of Accs: 8.889, Sum of s_i: 24.347684648383996
2024-05-21 20:26:29 - INFO     - {6: 2.444990856877723, 9: 2.4781390991906824, 0: 2.498642062700342, 2: 2.3506507171593465, 4: 2.4717496621849873, 3: 2.3503742205310836, 5: 2.4719746845081274, 1: 2.4696023149288933, 8: 2.395532683824821, 7: 2.4423257753910477}
2024-05-21 20:26:29 - INFO     - 0.9111111111111111, 0.8814814814814815, 0.8814814814814815, 0.8703703703703703, 0.8407407407407408, 0.8925925925925926, 0.8777777777777778, 0.9148148148148149, 0.9333333333333333, 0.8851851851851852
2024-05-21 20:26:29 - WARNING  - Epoch: 265, Sum of Accs: 8.889, Sum of s_i: 24.373982077297054
2024-05-21 20:26:33 - INFO     - {6: 2.447634495795584, 9: 2.4809104694549435, 0: 2.501491481254739, 2: 2.35294490062771, 4: 2.474500164892037, 3: 2.3526702124673937, 5: 2.474728140368505, 1: 2.4723488530857285, 8: 2.398001227217994, 7: 2.4449710590668765}
2024-05-21 20:26:33 - INFO     - 0.9111111111111111, 0.8814814814814815, 0.8814814814814815, 0.8703703703703703, 0.8407407407407408, 0.8925925925925926, 0.8777777777777778, 0.9148148148148149, 0.9333333333333333, 0.8851851851851852
2024-05-21 20:26:33 - WARNING  - Epoch: 266, Sum of Accs: 8.889, Sum of s_i: 24.400201004231512
2024-05-21 20:26:38 - INFO     - {6: 2.4502702083940266, 9: 2.483673117720418, 0: 2.504332982735946, 2: 2.3552328627480814, 4: 2.4772443062866683, 3: 2.3549599830557115, 5: 2.47747606869431, 1: 2.475089863707991, 8: 2.4004579958308767, 7: 2.447607740125659}
2024-05-21 20:26:38 - INFO     - 0.9111111111111111, 0.8814814814814815, 0.8814814814814815, 0.8740740740740741, 0.8407407407407408, 0.8925925925925926, 0.8777777777777778, 0.9148148148148149, 0.9333333333333333, 0.8851851851851852
2024-05-21 20:26:38 - WARNING  - Epoch: 267, Sum of Accs: 8.893, Sum of s_i: 24.426345129299687
2024-05-21 20:26:42 - INFO     - {6: 2.4528980376141845, 9: 2.4864286782869764, 0: 2.5071682302960827, 2: 2.3575137371695365, 4: 2.479982193760229, 3: 2.357242665945113, 5: 2.4802122390389543, 1: 2.4778237866313373, 8: 2.4029132301771416, 7: 2.4502350444723344}
2024-05-21 20:26:42 - INFO     - 0.9111111111111111, 0.8814814814814815, 0.8814814814814815, 0.8740740740740741, 0.8407407407407408, 0.8925925925925926, 0.8777777777777778, 0.9148148148148149, 0.9333333333333333, 0.8851851851851852
2024-05-21 20:26:42 - WARNING  - Epoch: 268, Sum of Accs: 8.893, Sum of s_i: 24.452417843391892
2024-05-21 20:26:46 - INFO     - {6: 2.4555180251309543, 9: 2.4891756102646307, 0: 2.5099948492673154, 2: 2.359784309717903, 4: 2.4827114526448852, 3: 2.359516720245611, 5: 2.4829405954121655, 1: 2.4805474076815948, 8: 2.4053581626503178, 7: 2.452856717228166}
2024-05-21 20:26:46 - INFO     - 0.9111111111111111, 0.8814814814814815, 0.8814814814814815, 0.8740740740740741, 0.8407407407407408, 0.8925925925925926, 0.8777777777777778, 0.9148148148148149, 0.9333333333333333, 0.8851851851851852
2024-05-21 20:26:46 - WARNING  - Epoch: 269, Sum of Accs: 8.893, Sum of s_i: 24.478403850243545
2024-05-21 20:26:50 - INFO     - {6: 2.4581302169643897, 9: 2.491914750897283, 0: 2.5128136768935456, 2: 2.362048764205452, 4: 2.4854305779809582, 3: 2.361782983201106, 5: 2.485662673901567, 1: 2.4832625684674534, 8: 2.4077969770626764, 7: 2.455469929719599}
2024-05-21 20:26:50 - INFO     - 0.9111111111111111, 0.8814814814814815, 0.8814814814814815, 0.8740740740740741, 0.8407407407407408, 0.8925925925925926, 0.8777777777777778, 0.9148148148148149, 0.9333333333333333, 0.8851851851851852
2024-05-21 20:26:50 - WARNING  - Epoch: 270, Sum of Accs: 8.893, Sum of s_i: 24.50431311929403
2024-05-21 20:26:55 - INFO     - {6: 2.4607346558844463, 9: 2.49464614291717, 0: 2.515624755907011, 2: 2.364303814564805, 4: 2.4881442969078473, 3: 2.3640398420284057, 5: 2.4883776904663537, 1: 2.4859706673286976, 8: 2.410226387346839, 7: 2.458076080286417}
2024-05-21 20:26:55 - INFO     - 0.9111111111111111, 0.8814814814814815, 0.8814814814814815, 0.8740740740740741, 0.8407407407407408, 0.8925925925925926, 0.8777777777777778, 0.9148148148148149, 0.9333333333333333, 0.8851851851851852
2024-05-21 20:26:55 - WARNING  - Epoch: 271, Sum of Accs: 8.893, Sum of s_i: 24.530144333637992
2024-05-21 20:26:59 - INFO     - {6: 2.463331384807943, 9: 2.497369829203558, 0: 2.5184281291869777, 2: 2.36655281470609, 4: 2.4908503101012376, 3: 2.3662906506376373, 5: 2.4910828644822853, 1: 2.4886727159718736, 8: 2.4126497474129334, 7: 2.460676180635167}
2024-05-21 20:26:59 - INFO     - 0.9111111111111111, 0.8814814814814815, 0.8814814814814815, 0.8740740740740741, 0.8407407407407408, 0.8962962962962963, 0.8777777777777778, 0.9148148148148149, 0.9333333333333333, 0.8851851851851852
2024-05-21 20:26:59 - WARNING  - Epoch: 272, Sum of Accs: 8.896, Sum of s_i: 24.555904627145708
2024-05-21 20:27:03 - INFO     - {6: 2.465920444283878, 9: 2.5000858502694427, 0: 2.5212246070028916, 2: 2.368794149626871, 4: 2.493548658074124, 3: 2.368533794026365, 5: 2.4937841656085, 1: 2.491367099394546, 8: 2.415065442258524, 7: 2.4632686157634134}
2024-05-21 20:27:03 - INFO     - 0.9111111111111111, 0.8814814814814815, 0.8814814814814815, 0.8740740740740741, 0.8407407407407408, 0.8962962962962963, 0.8777777777777778, 0.9148148148148149, 0.9333333333333333, 0.8851851851851852
2024-05-21 20:27:03 - WARNING  - Epoch: 273, Sum of Accs: 8.896, Sum of s_i: 24.581592826308555
2024-05-21 20:27:07 - INFO     - {6: 2.468501874980803, 9: 2.502794246747538, 0: 2.5240126904745654, 2: 2.371028625525094, 4: 2.496239381459222, 3: 2.3707662240696816, 5: 2.4964740921543522, 1: 2.4940507694718073, 8: 2.417470423758704, 7: 2.465849676311297}
2024-05-21 20:27:07 - INFO     - 0.9111111111111111, 0.8814814814814815, 0.8814814814814815, 0.8740740740740741, 0.8407407407407408, 0.8962962962962963, 0.8777777777777778, 0.9148148148148149, 0.9333333333333333, 0.8851851851851852
2024-05-21 20:27:07 - WARNING  - Epoch: 274, Sum of Accs: 8.896, Sum of s_i: 24.607188004953066
2024-05-21 20:27:11 - INFO     - {6: 2.471075723529328, 9: 2.5054950652295878, 0: 2.5267923971817017, 2: 2.373253137213464, 4: 2.4989217280797824, 3: 2.372991093951311, 5: 2.499156462417826, 1: 2.496725429693457, 8: 2.4198692953718837, 7: 2.468426908855709}
2024-05-21 20:27:11 - INFO     - 0.9111111111111111, 0.8814814814814815, 0.8814814814814815, 0.8777777777777778, 0.8407407407407408, 0.8962962962962963, 0.8777777777777778, 0.9148148148148149, 0.9333333333333333, 0.8851851851851852
2024-05-21 20:27:11 - WARNING  - Epoch: 275, Sum of Accs: 8.900, Sum of s_i: 24.63270724152405
2024-05-21 20:27:16 - INFO     - {6: 2.4736420312462326, 9: 2.508189104292893, 0: 2.529564571157336, 2: 2.375470938050417, 4: 2.50159654196884, 3: 2.375208443160245, 5: 2.5018319693642472, 1: 2.4993940189363353, 8: 2.4222614561336457, 7: 2.4709935498041613}
2024-05-21 20:27:16 - INFO     - 0.9111111111111111, 0.8814814814814815, 0.8814814814814815, 0.8777777777777778, 0.8407407407407408, 0.8962962962962963, 0.8777777777777778, 0.9148148148148149, 0.9333333333333333, 0.8851851851851852
2024-05-21 20:27:16 - WARNING  - Epoch: 276, Sum of Accs: 8.900, Sum of s_i: 24.658152624114358
2024-05-21 20:27:20 - INFO     - {6: 2.476200838599981, 9: 2.510875642993042, 0: 2.532330796851063, 2: 2.3776804329320345, 4: 2.504262400007943, 3: 2.3774197465098093, 5: 2.5044993464965466, 1: 2.502058919993272, 8: 2.4246446610454524, 7: 2.4735534949986238}
2024-05-21 20:27:20 - INFO     - 0.9111111111111111, 0.8814814814814815, 0.8814814814814815, 0.8777777777777778, 0.8407407407407408, 0.8962962962962963, 0.8777777777777778, 0.9148148148148149, 0.9333333333333333, 0.8851851851851852
2024-05-21 20:27:20 - WARNING  - Epoch: 277, Sum of Accs: 8.900, Sum of s_i: 24.683526280427767
2024-05-21 20:27:24 - INFO     - {6: 2.478752185207118, 9: 2.5135547209465794, 0: 2.5350880261570263, 2: 2.3798832890993165, 4: 2.506920813678272, 3: 2.3796244111450378, 5: 2.5071621688692622, 1: 2.5047111619592077, 8: 2.4270174369841278, 7: 2.4761059958243123}
2024-05-21 20:27:24 - INFO     - 0.9111111111111111, 0.8814814814814815, 0.8814814814814815, 0.8777777777777778, 0.8407407407407408, 0.8962962962962963, 0.8777777777777778, 0.9148148148148149, 0.9333333333333333, 0.8851851851851852
2024-05-21 20:27:24 - WARNING  - Epoch: 278, Sum of Accs: 8.900, Sum of s_i: 24.708820209870257
2024-05-21 20:27:29 - INFO     - {6: 2.4812961128074007, 9: 2.5162256347379914, 0: 2.537838626942017, 2: 2.3820795167456255, 4: 2.5095718241242584, 3: 2.381819441255289, 5: 2.509814714547685, 1: 2.50735820785498, 8: 2.429385794302818, 7: 2.478653323678086}
2024-05-21 20:27:29 - INFO     - 0.9111111111111111, 0.8814814814814815, 0.8814814814814815, 0.8777777777777778, 0.8407407407407408, 0.8962962962962963, 0.8777777777777778, 0.9148148148148149, 0.9333333333333333, 0.8851851851851852
2024-05-21 20:27:29 - WARNING  - Epoch: 279, Sum of Accs: 8.900, Sum of s_i: 24.734043196996147
2024-05-21 20:27:33 - INFO     - {6: 2.4838326603374763, 9: 2.51888917243771, 0: 2.540581851635314, 2: 2.3842683683002406, 4: 2.512217688730979, 3: 2.384010101277851, 5: 2.5124635323077342, 1: 2.510000107911486, 8: 2.431749005782243, 7: 2.4811932754401664}
2024-05-21 20:27:33 - INFO     - 0.9111111111111111, 0.8814814814814815, 0.8814814814814815, 0.8777777777777778, 0.8407407407407408, 0.8962962962962963, 0.8777777777777778, 0.9148148148148149, 0.9333333333333333, 0.8851851851851852
2024-05-21 20:27:33 - WARNING  - Epoch: 280, Sum of Accs: 8.900, Sum of s_i: 24.7592057641612
2024-05-21 20:27:37 - INFO     - {6: 2.48636186345131, 9: 2.5215453696681505, 0: 2.5433169618069456, 2: 2.3864491053331904, 4: 2.5148554388160345, 3: 2.3861926467787478, 5: 2.515104235546118, 1: 2.5126338934463273, 8: 2.4341041027400028, 7: 2.4837251126805815}
2024-05-21 20:27:37 - INFO     - 0.9111111111111111, 0.8814814814814815, 0.8814814814814815, 0.8777777777777778, 0.8407407407407408, 0.8962962962962963, 0.8777777777777778, 0.9148148148148149, 0.9333333333333333, 0.8851851851851852
2024-05-21 20:27:37 - WARNING  - Epoch: 281, Sum of Accs: 8.900, Sum of s_i: 24.784288730267406
2024-05-21 20:27:41 - INFO     - {6: 2.4888837631899436, 9: 2.5241950007531844, 0: 2.5460447763026255, 2: 2.3886225466901885, 4: 2.517485893225138, 3: 2.3883678966036923, 5: 2.51773764310855, 1: 2.5152603833052165, 8: 2.4364519040218107, 7: 2.4862496542450447}
2024-05-21 20:27:41 - INFO     - 0.9111111111111111, 0.8814814814814815, 0.8814814814814815, 0.8777777777777778, 0.8407407407407408, 0.8962962962962963, 0.8777777777777778, 0.9148148148148149, 0.9333333333333333, 0.8851851851851852
2024-05-21 20:27:41 - WARNING  - Epoch: 282, Sum of Accs: 8.900, Sum of s_i: 24.8092994614454
2024-05-21 20:27:45 - INFO     - {6: 2.491398398227337, 9: 2.526836637699884, 0: 2.5487661002429034, 2: 2.3907879424142076, 4: 2.5201083020012627, 3: 2.390535100795658, 5: 2.5203630050380026, 1: 2.517878827531127, 8: 2.438791659670639, 7: 2.488766150176529}
2024-05-21 20:27:45 - INFO     - 0.9111111111111111, 0.8814814814814815, 0.8814814814814815, 0.8777777777777778, 0.8407407407407408, 0.8962962962962963, 0.8777777777777778, 0.9148148148148149, 0.9333333333333333, 0.8851851851851852
2024-05-21 20:27:45 - WARNING  - Epoch: 283, Sum of Accs: 8.900, Sum of s_i: 24.83423212379755
2024-05-21 20:27:50 - INFO     - {6: 2.4939058087131785, 9: 2.5294717795321255, 0: 2.551479441114563, 2: 2.392946125362793, 4: 2.522724282786346, 3: 2.3926958769965827, 5: 2.5229819389764145, 1: 2.520487297334429, 8: 2.441124987328427, 7: 2.491276218116972}
2024-05-21 20:27:50 - INFO     - 0.9111111111111111, 0.8814814814814815, 0.8814814814814815, 0.8777777777777778, 0.8407407407407408, 0.8962962962962963, 0.8777777777777778, 0.9148148148148149, 0.9333333333333333, 0.8851851851851852
2024-05-21 20:27:50 - WARNING  - Epoch: 284, Sum of Accs: 8.900, Sum of s_i: 24.85909375626183
2024-05-21 20:27:54 - INFO     - {6: 2.496406032541794, 9: 2.5320990129313996, 0: 2.5541863615074156, 2: 2.3950971333118605, 4: 2.5253323037875193, 3: 2.394848693413597, 5: 2.525592913130916, 1: 2.523091353785388, 8: 2.443450355202304, 7: 2.4937798655786083}
2024-05-21 20:27:54 - INFO     - 0.9111111111111111, 0.8814814814814815, 0.8814814814814815, 0.8777777777777778, 0.8407407407407408, 0.8962962962962963, 0.8777777777777778, 0.9148148148148149, 0.9333333333333333, 0.8851851851851852
2024-05-21 20:27:54 - WARNING  - Epoch: 285, Sum of Accs: 8.900, Sum of s_i: 24.883884025190806
2024-05-21 20:27:58 - INFO     - {6: 2.4988991074969733, 9: 2.534719819232979, 0: 2.5568868548025736, 2: 2.397243253468337, 4: 2.5279325694576618, 3: 2.39699662203802, 5: 2.5281961319543864, 1: 2.525690522443756, 8: 2.445766601750936, 7: 2.4962742184041105}
2024-05-21 20:27:58 - INFO     - 0.9111111111111111, 0.8814814814814815, 0.8814814814814815, 0.8777777777777778, 0.8407407407407408, 0.8962962962962963, 0.8777777777777778, 0.9148148148148149, 0.9333333333333333, 0.8851851851851852
2024-05-21 20:27:58 - WARNING  - Epoch: 286, Sum of Accs: 8.900, Sum of s_i: 24.908605701049737
2024-05-21 20:28:02 - INFO     - {6: 2.501385070360785, 9: 2.537333513443192, 0: 2.559580236006364, 2: 2.399380023092255, 4: 2.530525738669995, 3: 2.3991374385710755, 5: 2.530795106224929, 1: 2.5282797271058746, 8: 2.4480771178359735, 7: 2.498757965214467}
2024-05-21 20:28:02 - INFO     - 0.9111111111111111, 0.8814814814814815, 0.8814814814814815, 0.8777777777777778, 0.8407407407407408, 0.8962962962962963, 0.8777777777777778, 0.9148148148148149, 0.9333333333333333, 0.8851851851851852
2024-05-21 20:28:02 - WARNING  - Epoch: 287, Sum of Accs: 8.900, Sum of s_i: 24.93325193652491
2024-05-21 20:28:07 - INFO     - {6: 2.5038639596798586, 9: 2.5399401341086656, 0: 2.5622665436654164, 2: 2.401509730555957, 4: 2.5331124591858023, 3: 2.401268954502724, 5: 2.5333847798940647, 1: 2.5308624830714677, 8: 2.4503777439992307, 7: 2.501238772885634}
2024-05-21 20:28:07 - INFO     - 0.9111111111111111, 0.8814814814814815, 0.8814814814814815, 0.8777777777777778, 0.8407407407407408, 0.8962962962962963, 0.8777777777777778, 0.9148148148148149, 0.9333333333333333, 0.8851851851851852
2024-05-21 20:28:07 - WARNING  - Epoch: 288, Sum of Accs: 8.900, Sum of s_i: 24.95782556154882
2024-05-21 20:28:11 - INFO     - {6: 2.506335812980872, 9: 2.5425390119253892, 0: 2.5649451084757184, 2: 2.403632413695895, 4: 2.5356921553778458, 3: 2.4033921026026452, 5: 2.5359674292394363, 1: 2.5334355273285323, 8: 2.452671365128831, 7: 2.503712556233037}
2024-05-21 20:28:11 - INFO     - 0.9111111111111111, 0.8814814814814815, 0.8814814814814815, 0.8777777777777778, 0.8407407407407408, 0.8962962962962963, 0.8777777777777778, 0.9148148148148149, 0.9333333333333333, 0.8851851851851852
2024-05-21 20:28:11 - WARNING  - Epoch: 289, Sum of Accs: 8.900, Sum of s_i: 24.982323482988203
2024-05-21 20:28:15 - INFO     - {6: 2.5088006684698416, 9: 2.5451308955884406, 0: 2.567617382304667, 2: 2.4057481100158706, 4: 2.538264261623285, 3: 2.4055096073905675, 5: 2.5385430917648457, 1: 2.5360036690237573, 8: 2.4549614213736164, 7: 2.506179352760478}
2024-05-21 20:28:15 - INFO     - 0.9111111111111111, 0.8814814814814815, 0.8814814814814815, 0.8777777777777778, 0.8407407407407408, 0.8962962962962963, 0.8777777777777778, 0.9148148148148149, 0.9333333333333333, 0.8851851851851852
2024-05-21 20:28:15 - WARNING  - Epoch: 290, Sum of Accs: 8.900, Sum of s_i: 25.006758460315375
2024-05-21 20:28:19 - INFO     - {6: 2.5112585605131503, 9: 2.54771651897815, 0: 2.5702826926879547, 2: 2.407856853797284, 4: 2.5408322119199966, 3: 2.4076188297275665, 5: 2.541110471839332, 1: 2.5385641313947005, 8: 2.4572411383376167, 7: 2.5086378668369953}
2024-05-21 20:28:19 - INFO     - 0.9111111111111111, 0.8814814814814815, 0.8814814814814815, 0.8777777777777778, 0.8407407407407408, 0.8962962962962963, 0.8777777777777778, 0.9148148148148149, 0.9333333333333333, 0.8851851851851852
2024-05-21 20:28:19 - WARNING  - Epoch: 291, Sum of Accs: 8.900, Sum of s_i: 25.031119276032744
2024-05-21 20:28:24 - INFO     - {6: 2.5137095264821574, 9: 2.550294520349849, 0: 2.5729410769969405, 2: 2.4099608649675885, 4: 2.5433932361424065, 3: 2.409723953422109, 5: 2.5436737532713614, 1: 2.541121191066896, 8: 2.459519509432731, 7: 2.5110867779800388}
2024-05-21 20:28:24 - INFO     - 0.9111111111111111, 0.8814814814814815, 0.8814814814814815, 0.8777777777777778, 0.8407407407407408, 0.8962962962962963, 0.8777777777777778, 0.9148148148148149, 0.9296296296296296, 0.8851851851851852
2024-05-21 20:28:24 - WARNING  - Epoch: 292, Sum of Accs: 8.896, Sum of s_i: 25.055424410112078
2024-05-21 20:28:28 - INFO     - {6: 2.5161535983110803, 9: 2.5528656311533187, 0: 2.5755911466086556, 2: 2.412056561440622, 4: 2.5459459456675457, 3: 2.411821458363089, 5: 2.5462294159498287, 1: 2.543669936041821, 8: 2.4617854624118403, 7: 2.5135335746605376}
2024-05-21 20:28:28 - INFO     - 0.9111111111111111, 0.8814814814814815, 0.8814814814814815, 0.8777777777777778, 0.8407407407407408, 0.8962962962962963, 0.8777777777777778, 0.9148148148148149, 0.9296296296296296, 0.8851851851851852
2024-05-21 20:28:28 - WARNING  - Epoch: 293, Sum of Accs: 8.896, Sum of s_i: 25.079652730608338
2024-05-21 20:28:32 - INFO     - {6: 2.5185908137439927, 9: 2.5554298891024967, 0: 2.5782343669886516, 2: 2.4141454086819367, 4: 2.5484904693234047, 3: 2.413910777434789, 5: 2.5487768927590158, 1: 2.546211831785026, 8: 2.4640473329404036, 7: 2.515968802824796}
2024-05-21 20:28:32 - INFO     - 0.9111111111111111, 0.8814814814814815, 0.8814814814814815, 0.8777777777777778, 0.8407407407407408, 0.8962962962962963, 0.8777777777777778, 0.9148148148148149, 0.9296296296296296, 0.8851851851851852
2024-05-21 20:28:32 - WARNING  - Epoch: 294, Sum of Accs: 8.896, Sum of s_i: 25.103806585584515
2024-05-21 20:28:36 - INFO     - {6: 2.521021209659252, 9: 2.5579873310462364, 0: 2.5808714959259698, 2: 2.4162281644805734, 4: 2.551030238174147, 3: 2.415995341701372, 5: 2.551319614763086, 1: 2.548747636085554, 8: 2.4663044486638497, 7: 2.518402658830898}
2024-05-21 20:28:36 - INFO     - 0.9111111111111111, 0.8814814814814815, 0.8814814814814815, 0.8777777777777778, 0.8407407407407408, 0.8962962962962963, 0.8777777777777778, 0.9148148148148149, 0.9296296296296296, 0.8851851851851852
2024-05-21 20:28:36 - WARNING  - Epoch: 295, Sum of Accs: 8.896, Sum of s_i: 25.127908139330934
2024-05-21 20:28:40 - INFO     - {6: 2.5234448165017382, 9: 2.5605379874033942, 0: 2.583501121872642, 2: 2.418303417288564, 4: 2.553562504034243, 3: 2.4180724029773093, 5: 2.5538548337765103, 1: 2.5512726068864167, 8: 2.46855406139665, 7: 2.5208290118463537}
2024-05-21 20:28:40 - INFO     - 0.9111111111111111, 0.8814814814814815, 0.8814814814814815, 0.8777777777777778, 0.8407407407407408, 0.8962962962962963, 0.8777777777777778, 0.9148148148148149, 0.9296296296296296, 0.8851851851851852
2024-05-21 20:28:40 - WARNING  - Epoch: 296, Sum of Accs: 8.896, Sum of s_i: 25.15193276398382
2024-05-21 20:28:45 - INFO     - {6: 2.5258616714769855, 9: 2.5630818953501744, 0: 2.5861247168130004, 2: 2.4203711891745114, 4: 2.556087288972296, 3: 2.4201414033488513, 5: 2.5563819918855395, 1: 2.553794877189985, 8: 2.4707929099426207, 7: 2.523243973413964}
2024-05-21 20:28:45 - INFO     - 0.9111111111111111, 0.8814814814814815, 0.8814814814814815, 0.8777777777777778, 0.8407407407407408, 0.8962962962962963, 0.8777777777777778, 0.9148148148148149, 0.9296296296296296, 0.8851851851851852
2024-05-21 20:28:45 - WARNING  - Epoch: 297, Sum of Accs: 8.896, Sum of s_i: 25.17588191756793
2024-05-21 20:28:49 - INFO     - {6: 2.5282718111830937, 9: 2.565619766402683, 0: 2.5887422748590874, 2: 2.422434374081917, 4: 2.558604791377773, 3: 2.4222063967242033, 5: 2.5589051429983787, 1: 2.55630642741641, 8: 2.4730304547748356, 7: 2.5256555629748005}
2024-05-21 20:28:49 - INFO     - 0.9111111111111111, 0.8814814814814815, 0.8814814814814815, 0.8777777777777778, 0.8407407407407408, 0.8962962962962963, 0.8777777777777778, 0.9148148148148149, 0.9296296296296296, 0.8851851851851852
2024-05-21 20:28:49 - WARNING  - Epoch: 298, Sum of Accs: 8.896, Sum of s_i: 25.19977700279318
2024-05-21 20:28:53 - INFO     - {6: 2.5306752660427394, 9: 2.5681502810643804, 0: 2.591351769634585, 2: 2.4244902025985113, 4: 2.5611169260666946, 3: 2.424263326828966, 5: 2.5614202308406284, 1: 2.5588145975551173, 8: 2.475259936336461, 7: 2.5280571834338805}
2024-05-21 20:28:53 - INFO     - 0.9111111111111111, 0.8814814814814815, 0.8814814814814815, 0.8777777777777778, 0.8407407407407408, 0.8962962962962963, 0.8777777777777778, 0.9148148148148149, 0.9296296296296296, 0.8851851851851852
2024-05-21 20:28:53 - WARNING  - Epoch: 299, Sum of Accs: 8.896, Sum of s_i: 25.223599720401964
2024-05-21 20:28:57 - INFO     - {6: 2.5330720714281423, 9: 2.570674149626447, 0: 2.59395532519023, 2: 2.426539385015475, 4: 2.5636231215357634, 3: 2.426314317713876, 5: 2.563926110570999, 1: 2.561316828473972, 8: 2.4774834786782343, 7: 2.5304574660583095}
2024-05-21 20:28:57 - INFO     - 0.9111111111111111, 0.8814814814814815, 0.8814814814814815, 0.8777777777777778, 0.8407407407407408, 0.8962962962962963, 0.8777777777777778, 0.9148148148148149, 0.9296296296296296, 0.8851851851851852
2024-05-21 20:28:57 - WARNING  - Epoch: 300, Sum of Accs: 8.896, Sum of s_i: 25.24736225429145
2024-05-21 20:29:02 - INFO     - {6: 2.5354622591363625, 9: 2.5731914038600334, 0: 2.596552931238429, 2: 2.428581953103958, 4: 2.566122702676352, 3: 2.4283586942703055, 5: 2.5664286448649154, 1: 2.563812445064346, 8: 2.479700406691527, 7: 2.5328511343542575}
2024-05-21 20:29:02 - INFO     - 0.9111111111111111, 0.8814814814814815, 0.8814814814814815, 0.8777777777777778, 0.8407407407407408, 0.8962962962962963, 0.8777777777777778, 0.9148148148148149, 0.9296296296296296, 0.8851851851851852
2024-05-21 20:29:02 - WARNING  - Epoch: 301, Sum of Accs: 8.896, Sum of s_i: 25.271062575260487
2024-05-21 20:29:06 - INFO     - {6: 2.537845861366154, 9: 2.5757020759379317, 0: 2.5991432903099057, 2: 2.4306165238994084, 4: 2.5686142865239074, 3: 2.4303950735337025, 5: 2.5689231818657996, 1: 2.566300064361687, 8: 2.481906137192258, 7: 2.535232994102028}
2024-05-21 20:29:06 - INFO     - 0.9111111111111111, 0.8814814814814815, 0.8814814814814815, 0.8777777777777778, 0.8407407407407408, 0.8962962962962963, 0.8777777777777778, 0.9148148148148149, 0.9296296296296296, 0.8851851851851852
2024-05-21 20:29:06 - WARNING  - Epoch: 302, Sum of Accs: 8.896, Sum of s_i: 25.294679489092783
2024-05-21 20:29:10 - INFO     - {6: 2.5402229160214915, 9: 2.5782062037354425, 0: 2.601726411870865, 2: 2.4326452723216865, 4: 2.571100047998291, 3: 2.432425630423927, 5: 2.5714118964935113, 1: 2.5687786474738017, 8: 2.4841060317272907, 7: 2.5376128427317712}
2024-05-21 20:29:10 - INFO     - 0.9111111111111111, 0.8814814814814815, 0.8814814814814815, 0.8777777777777778, 0.8407407407407408, 0.8962962962962963, 0.8777777777777778, 0.9148148148148149, 0.9296296296296296, 0.8851851851851852
2024-05-21 20:29:10 - WARNING  - Epoch: 303, Sum of Accs: 8.896, Sum of s_i: 25.31823590079808
2024-05-21 20:29:14 - INFO     - {6: 2.542593454475265, 9: 2.580703818600229, 0: 2.6043030238441927, 2: 2.4346667996220206, 4: 2.573578030225294, 3: 2.4344489661922077, 5: 2.5738928318738425, 1: 2.5712526651505905, 8: 2.4863019189524347, 7: 2.5399854702395706}
2024-05-21 20:29:14 - INFO     - 0.9111111111111111, 0.8814814814814815, 0.8814814814814815, 0.8777777777777778, 0.8407407407407408, 0.8962962962962963, 0.8777777777777778, 0.9148148148148149, 0.9296296296296296, 0.8851851851851852
2024-05-21 20:29:14 - WARNING  - Epoch: 304, Sum of Accs: 8.896, Sum of s_i: 25.341726979175647
2024-05-21 20:29:19 - INFO     - {6: 2.544957509274075, 9: 2.5831949530532254, 0: 2.6068738452907674, 2: 2.4366818530055583, 4: 2.576051491585293, 3: 2.436465828043692, 5: 2.576367851462814, 1: 2.5737221619603745, 8: 2.488491332260782, 7: 2.5423516238305734}
2024-05-21 20:29:19 - INFO     - 0.9111111111111111, 0.8814814814814815, 0.8814814814814815, 0.8777777777777778, 0.8407407407407408, 0.8962962962962963, 0.8777777777777778, 0.9148148148148149, 0.9296296296296296, 0.8851851851851852
2024-05-21 20:29:19 - WARNING  - Epoch: 305, Sum of Accs: 8.896, Sum of s_i: 25.365158449767154
2024-05-21 20:29:23 - INFO     - {6: 2.5473151112235874, 9: 2.5856796378754487, 0: 2.609438217106569, 2: 2.4386918516826785, 4: 2.5785185033145184, 3: 2.4384776351887587, 5: 2.5788364280561016, 1: 2.5761820376573055, 8: 2.490671165722987, 7: 2.544712722715159}
2024-05-21 20:29:23 - INFO     - 0.9111111111111111, 0.8814814814814815, 0.8814814814814815, 0.8777777777777778, 0.8407407407407408, 0.8962962962962963, 0.8777777777777778, 0.9148148148148149, 0.9296296296296296, 0.8851851851851852
2024-05-21 20:29:23 - WARNING  - Epoch: 306, Sum of Accs: 8.896, Sum of s_i: 25.38852331054311
2024-05-21 20:29:27 - INFO     - {6: 2.549666292897176, 9: 2.5881585508954377, 0: 2.6119954916585257, 2: 2.4406940515804947, 4: 2.5809771671362274, 3: 2.4404816435545214, 5: 2.5812985941593514, 1: 2.578637286057013, 8: 2.4928477255456127, 7: 2.5470660228204403}
2024-05-21 20:29:27 - INFO     - 0.9111111111111111, 0.8814814814814815, 0.8814814814814815, 0.8777777777777778, 0.8407407407407408, 0.8962962962962963, 0.8777777777777778, 0.9148148148148149, 0.9296296296296296, 0.8851851851851852
2024-05-21 20:29:27 - WARNING  - Epoch: 307, Sum of Accs: 8.896, Sum of s_i: 25.411822826304803
2024-05-21 20:29:31 - INFO     - {6: 2.552011086356068, 9: 2.5906304335883403, 0: 2.614547061345007, 2: 2.4426912481282943, 4: 2.5834313767361325, 3: 2.4424780553652847, 5: 2.5837557569125846, 1: 2.5810875311067036, 8: 2.4950192820182218, 7: 2.549414319575705}
2024-05-21 20:29:31 - INFO     - 0.9111111111111111, 0.8814814814814815, 0.8814814814814815, 0.8777777777777778, 0.8407407407407408, 0.8962962962962963, 0.8777777777777778, 0.9148148148148149, 0.9296296296296296, 0.8851851851851852
2024-05-21 20:29:31 - WARNING  - Epoch: 308, Sum of Accs: 8.896, Sum of s_i: 25.435066151132347
2024-05-21 20:29:36 - INFO     - {6: 2.5543495209977065, 9: 2.5930959606086286, 0: 2.617092914326624, 2: 2.4446820890034795, 4: 2.5858773181778854, 3: 2.4444707047084164, 5: 2.5862046515076655, 1: 2.583527628081769, 8: 2.4971825703326784, 7: 2.5517543481728175}
2024-05-21 20:29:36 - INFO     - 0.9111111111111111, 0.8814814814814815, 0.8814814814814815, 0.8777777777777778, 0.8407407407407408, 0.8962962962962963, 0.8777777777777778, 0.9148148148148149, 0.9296296296296296, 0.8851851851851852
2024-05-21 20:29:36 - WARNING  - Epoch: 309, Sum of Accs: 8.896, Sum of s_i: 25.45823770591767
2024-05-21 20:29:40 - INFO     - {6: 2.5566816303230735, 9: 2.5955551654318767, 0: 2.61963244199197, 2: 2.44666524525034, 4: 2.588319485756655, 3: 2.446457031854508, 5: 2.5886460273695233, 1: 2.5859658311103244, 8: 2.499338339913912, 7: 2.554090602906947}
2024-05-21 20:29:40 - INFO     - 0.9111111111111111, 0.8777777777777778, 0.8814814814814815, 0.8777777777777778, 0.8407407407407408, 0.8962962962962963, 0.8777777777777778, 0.9148148148148149, 0.9296296296296296, 0.8851851851851852
2024-05-21 20:29:40 - WARNING  - Epoch: 310, Sum of Accs: 8.893, Sum of s_i: 25.48135180190913
2024-05-21 20:29:44 - INFO     - {6: 2.559007443768007, 9: 2.5980080774706615, 0: 2.622165041024333, 2: 2.4486434711440217, 4: 2.5907528310013572, 3: 2.4484351725150515, 5: 2.591081126761467, 1: 2.5883971055058974, 8: 2.5014890320313183, 7: 2.556419929008094}
2024-05-21 20:29:44 - INFO     - 0.9111111111111111, 0.8777777777777778, 0.8814814814814815, 0.8777777777777778, 0.8407407407407408, 0.8962962962962963, 0.8777777777777778, 0.9148148148148149, 0.9296296296296296, 0.8851851851851852
2024-05-21 20:29:44 - WARNING  - Epoch: 311, Sum of Accs: 8.893, Sum of s_i: 25.50439923023021
2024-05-21 20:29:48 - INFO     - {6: 2.5613269931239473, 9: 2.6004553581730026, 0: 2.6246920087202525, 2: 2.4506140861398897, 4: 2.5931799244507987, 3: 2.4504064030821637, 5: 2.5935099805217203, 1: 2.5908183830595126, 8: 2.503630964708485, 7: 2.558741109612895}
2024-05-21 20:29:48 - INFO     - 0.9111111111111111, 0.8777777777777778, 0.8814814814814815, 0.8777777777777778, 0.8407407407407408, 0.8962962962962963, 0.8777777777777778, 0.9148148148148149, 0.9296296296296296, 0.8851851851851852
2024-05-21 20:29:48 - WARNING  - Epoch: 312, Sum of Accs: 8.893, Sum of s_i: 25.52737521159267
2024-05-21 20:29:53 - INFO     - {6: 2.5636403113173665, 9: 2.602895781078951, 0: 2.6272114577033556, 2: 2.4525784798250476, 4: 2.5956013311880617, 3: 2.452372605235268, 5: 2.595934340412312, 1: 2.5932334502430807, 8: 2.505769718318452, 7: 2.561056603505518}
2024-05-21 20:29:53 - INFO     - 0.9111111111111111, 0.8777777777777778, 0.8814814814814815, 0.8777777777777778, 0.8407407407407408, 0.8962962962962963, 0.8777777777777778, 0.9148148148148149, 0.9296296296296296, 0.8851851851851852
2024-05-21 20:29:53 - WARNING  - Epoch: 313, Sum of Accs: 8.893, Sum of s_i: 25.55029407882741
2024-05-21 20:29:57 - INFO     - {6: 2.565947427233321, 9: 2.605330004731842, 0: 2.629724710529846, 2: 2.4545373595128566, 4: 2.598016015779231, 3: 2.4543345748204666, 5: 2.5983507962926846, 1: 2.595645378432781, 8: 2.5079029579310705, 7: 2.563366583400792}
2024-05-21 20:29:57 - INFO     - 0.9111111111111111, 0.8777777777777778, 0.8814814814814815, 0.8777777777777778, 0.8407407407407408, 0.8962962962962963, 0.8777777777777778, 0.9148148148148149, 0.9296296296296296, 0.8851851851851852
2024-05-21 20:29:57 - WARNING  - Epoch: 314, Sum of Accs: 8.893, Sum of s_i: 25.57315580866489
2024-05-21 20:30:01 - INFO     - {6: 2.5682483696225167, 9: 2.6077580578599897, 0: 2.6322330712590203, 2: 2.4564913471033494, 4: 2.6004270164218295, 3: 2.456290370878906, 5: 2.6007610951335964, 1: 2.598052414525165, 8: 2.5100306848389247, 7: 2.565666145818503}
2024-05-21 20:30:01 - INFO     - 0.9111111111111111, 0.8777777777777778, 0.8814814814814815, 0.8777777777777778, 0.8407407407407408, 0.8962962962962963, 0.8777777777777778, 0.9148148148148149, 0.9296296296296296, 0.8851851851851852
2024-05-21 20:30:01 - WARNING  - Epoch: 315, Sum of Accs: 8.893, Sum of s_i: 25.5959585734618
2024-05-21 20:30:05 - INFO     - {6: 2.5705431675879553, 9: 2.6101799695439603, 0: 2.6347340182410974, 2: 2.4584372481394814, 4: 2.602829930510067, 3: 2.4582380803829844, 5: 2.603165269176042, 1: 2.600451364063188, 8: 2.512150945799866, 7: 2.5679631470621}
2024-05-21 20:30:05 - INFO     - 0.9111111111111111, 0.8777777777777778, 0.8814814814814815, 0.8777777777777778, 0.8407407407407408, 0.8962962962962963, 0.8777777777777778, 0.9148148148148149, 0.9296296296296296, 0.8851851851851852
2024-05-21 20:30:05 - WARNING  - Epoch: 316, Sum of Accs: 8.893, Sum of s_i: 25.618693140506743
2024-05-21 20:30:10 - INFO     - {6: 2.572831852570742, 9: 2.612596385873147, 0: 2.637228858058621, 2: 2.4603789783235652, 4: 2.6052274102410147, 3: 2.460180355529773, 5: 2.605565702060318, 1: 2.6028418800749784, 8: 2.5142657724035176, 7: 2.5702547139484073}
2024-05-21 20:30:10 - INFO     - 0.9111111111111111, 0.8777777777777778, 0.8814814814814815, 0.8777777777777778, 0.8407407407407408, 0.8962962962962963, 0.8777777777777778, 0.9148148148148149, 0.9296296296296296, 0.8851851851851852
2024-05-21 20:30:10 - WARNING  - Epoch: 317, Sum of Accs: 8.893, Sum of s_i: 25.641371909084086
2024-05-21 20:30:14 - INFO     - {6: 2.575114452532078, 9: 2.6150061054436686, 0: 2.639717618959215, 2: 2.462313366085478, 4: 2.607618811055033, 3: 2.4621147266479078, 5: 2.6079582309159397, 1: 2.6052293163387823, 8: 2.5163708978441712, 7: 2.5725360164540163}
2024-05-21 20:30:14 - INFO     - 0.9111111111111111, 0.8777777777777778, 0.8814814814814815, 0.8777777777777778, 0.8407407407407408, 0.8962962962962963, 0.8777777777777778, 0.9148148148148149, 0.9296296296296296, 0.8851851851851852
2024-05-21 20:30:14 - WARNING  - Epoch: 318, Sum of Accs: 8.893, Sum of s_i: 25.66397954227629
2024-05-21 20:30:18 - INFO     - {6: 2.5773909994009534, 9: 2.617409774832828, 0: 2.6422003326595935, 2: 2.464242349329534, 4: 2.6100048073511943, 3: 2.4640430589223614, 5: 2.6103447209278805, 1: 2.607607736064233, 8: 2.518474241013037, 7: 2.5748136404679887}
2024-05-21 20:30:18 - INFO     - 0.9111111111111111, 0.8777777777777778, 0.8814814814814815, 0.8777777777777778, 0.8407407407407408, 0.8962962962962963, 0.8777777777777778, 0.9148148148148149, 0.9296296296296296, 0.8851851851851852
2024-05-21 20:30:18 - WARNING  - Epoch: 319, Sum of Accs: 8.893, Sum of s_i: 25.686531660969607
2024-05-21 20:30:22 - INFO     - {6: 2.579661520777931, 9: 2.619807421619984, 0: 2.64467702671754, 2: 2.4661646702487987, 4: 2.612384141322565, 3: 2.465967188309573, 5: 2.612727008052579, 1: 2.609983105485389, 8: 2.5205709218571113, 7: 2.577087061594719}
2024-05-21 20:30:22 - INFO     - 0.9111111111111111, 0.8777777777777778, 0.8814814814814815, 0.8777777777777778, 0.8407407407407408, 0.8962962962962963, 0.8777777777777778, 0.9148148148148149, 0.9296296296296296, 0.8851851851851852
2024-05-21 20:30:22 - WARNING  - Epoch: 320, Sum of Accs: 8.893, Sum of s_i: 25.709030065986187
2024-05-21 20:30:26 - INFO     - {6: 2.581926043652209, 9: 2.6221990727735376, 0: 2.647147728080297, 2: 2.468080340790396, 4: 2.6147563150832656, 3: 2.467885325001595, 5: 2.6151009934819194, 1: 2.6123513146958754, 8: 2.5226580398238876, 7: 2.579353322510779}
2024-05-21 20:30:26 - INFO     - 0.9111111111111111, 0.8777777777777778, 0.8814814814814815, 0.8777777777777778, 0.8407407407407408, 0.8925925925925926, 0.8777777777777778, 0.9148148148148149, 0.9296296296296296, 0.8851851851851852
2024-05-21 20:30:26 - WARNING  - Epoch: 321, Sum of Accs: 8.889, Sum of s_i: 25.73145849589376
2024-05-21 20:30:31 - INFO     - {6: 2.584184599207187, 9: 2.624585359674916, 0: 2.6496124677260355, 2: 2.469991941546671, 4: 2.6171249288916463, 3: 2.4697987342258165, 5: 2.617472560443628, 1: 2.614715963954042, 8: 2.524744000504972, 7: 2.5816160234745196}
2024-05-21 20:30:31 - INFO     - 0.9111111111111111, 0.8777777777777778, 0.8814814814814815, 0.8777777777777778, 0.8407407407407408, 0.8925925925925926, 0.8777777777777778, 0.9148148148148149, 0.9296296296296296, 0.8851851851851852
2024-05-21 20:30:31 - WARNING  - Epoch: 322, Sum of Accs: 8.889, Sum of s_i: 25.75384657964943
2024-05-21 20:30:35 - INFO     - {6: 2.5864372106139046, 9: 2.626965105035001, 0: 2.6520712691069086, 2: 2.4718963697888627, 4: 2.6194875985517667, 3: 2.4717049709359546, 5: 2.6198381832570767, 1: 2.617073440698124, 8: 2.526822788671973, 7: 2.5838715519241764}
2024-05-21 20:30:35 - INFO     - 0.9111111111111111, 0.8777777777777778, 0.8814814814814815, 0.8777777777777778, 0.8407407407407408, 0.8925925925925926, 0.8777777777777778, 0.9148148148148149, 0.9296296296296296, 0.8851851851851852
2024-05-21 20:30:35 - WARNING  - Epoch: 323, Sum of Accs: 8.889, Sum of s_i: 25.77616848858375
2024-05-21 20:30:39 - INFO     - {6: 2.5886839077758883, 9: 2.6293389389561903, 0: 2.6545247900216764, 2: 2.473795517564949, 4: 2.6218437593799586, 3: 2.4736059271799875, 5: 2.6221943922189275, 1: 2.619422731956432, 8: 2.5288933913531997, 7: 2.5861188948880587}
2024-05-21 20:30:39 - INFO     - 0.9111111111111111, 0.8777777777777778, 0.8814814814814815, 0.8777777777777778, 0.8407407407407408, 0.8925925925925926, 0.8777777777777778, 0.9148148148148149, 0.9296296296296296, 0.8851851851851852
2024-05-21 20:30:39 - WARNING  - Epoch: 324, Sum of Accs: 8.889, Sum of s_i: 25.798422251295268
2024-05-21 20:30:44 - INFO     - {6: 2.590924720971776, 9: 2.6317068916952326, 0: 2.656971804507283, 2: 2.475687512933637, 4: 2.624193413778989, 3: 2.475500376994859, 5: 2.6245469997712862, 1: 2.621767775827011, 8: 2.530956888450534, 7: 2.588362636442449}
2024-05-21 20:30:44 - INFO     - 0.9111111111111111, 0.8777777777777778, 0.8814814814814815, 0.8777777777777778, 0.8407407407407408, 0.8925925925925926, 0.8777777777777778, 0.9148148148148149, 0.9296296296296296, 0.8851851851851852
2024-05-21 20:30:44 - WARNING  - Epoch: 325, Sum of Accs: 8.889, Sum of s_i: 25.820619021373055
2024-05-21 20:30:48 - INFO     - {6: 2.593159677392575, 9: 2.6340689904228243, 0: 2.6594135902284526, 2: 2.4775749255161252, 4: 2.626536076603133, 3: 2.4773878352348446, 5: 2.6268915018961265, 1: 2.6241053602483086, 8: 2.53301578429475, 7: 2.5906011492324024}
2024-05-21 20:30:48 - INFO     - 0.9111111111111111, 0.8777777777777778, 0.8814814814814815, 0.8777777777777778, 0.8407407407407408, 0.8925925925925926, 0.8777777777777778, 0.9148148148148149, 0.9296296296296296, 0.8851851851851852
2024-05-21 20:30:48 - WARNING  - Epoch: 326, Sum of Accs: 8.889, Sum of s_i: 25.842754891069543
2024-05-21 20:30:52 - INFO     - {6: 2.5953888051287333, 9: 2.636425263208791, 0: 2.661848930402133, 2: 2.4794552522961326, 4: 2.6288734164352454, 3: 2.479268861993608, 5: 2.6292317948815676, 1: 2.626438735530207, 8: 2.5350704709995666, 7: 2.592832576219875}
2024-05-21 20:30:52 - INFO     - 0.9111111111111111, 0.8777777777777778, 0.8814814814814815, 0.8777777777777778, 0.8407407407407408, 0.8925925925925926, 0.8777777777777778, 0.9148148148148149, 0.9296296296296296, 0.8851851851851852
2024-05-21 20:30:52 - WARNING  - Epoch: 327, Sum of Accs: 8.889, Sum of s_i: 25.86483410709586
2024-05-21 20:30:56 - INFO     - {6: 2.5976121310220504, 9: 2.638775736875008, 0: 2.6642784742458634, 2: 2.481331039817247, 4: 2.631204470727366, 3: 2.4811441003586037, 5: 2.6315651909840505, 1: 2.6287652139291473, 8: 2.5371165476253505, 7: 2.5950553931283147}
2024-05-21 20:30:56 - INFO     - 0.9111111111111111, 0.8777777777777778, 0.8814814814814815, 0.8777777777777778, 0.8407407407407408, 0.8925925925925926, 0.8777777777777778, 0.9148148148148149, 0.9296296296296296, 0.8851851851851852
2024-05-21 20:30:56 - WARNING  - Epoch: 328, Sum of Accs: 8.889, Sum of s_i: 25.886848298713
2024-05-21 20:31:00 - INFO     - {6: 2.5998296839811346, 9: 2.6411210211804925, 0: 2.6667034455449263, 2: 2.4832016379776283, 4: 2.633532081939853, 3: 2.4830165069869317, 5: 2.6338957553498656, 1: 2.63108886059142, 8: 2.5391615057105414, 7: 2.5972770914961614}
2024-05-21 20:31:00 - INFO     - 0.9111111111111111, 0.8777777777777778, 0.8814814814814815, 0.8777777777777778, 0.8407407407407408, 0.8925925925925926, 0.8777777777777778, 0.9148148148148149, 0.9296296296296296, 0.8851851851851852
2024-05-21 20:31:00 - WARNING  - Epoch: 329, Sum of Accs: 8.889, Sum of s_i: 25.908827590758953
2024-05-21 20:31:05 - INFO     - {6: 2.6020414849003095, 9: 2.643460553446068, 0: 2.66912266480408, 2: 2.4850646623308656, 4: 2.6358539411124307, 3: 2.484880246645629, 5: 2.636218745908537, 1: 2.6334067552137834, 8: 2.5411977968261015, 7: 2.599491216056864}
2024-05-21 20:31:05 - INFO     - 0.9111111111111111, 0.8777777777777778, 0.8814814814814815, 0.8777777777777778, 0.8407407407407408, 0.8925925925925926, 0.8777777777777778, 0.9148148148148149, 0.9296296296296296, 0.8851851851851852
2024-05-21 20:31:05 - WARNING  - Epoch: 330, Sum of Accs: 8.889, Sum of s_i: 25.93073806724467
2024-05-21 20:31:09 - INFO     - {6: 2.6042475634331677, 9: 2.6457937878039868, 0: 2.671534977589692, 2: 2.4869226019777964, 4: 2.638168893811467, 3: 2.486739994760506, 5: 2.6385372603267867, 1: 2.63571835192849, 8: 2.543230704963727, 7: 2.601700864477145}
2024-05-21 20:31:09 - INFO     - 0.9111111111111111, 0.8777777777777778, 0.8814814814814815, 0.8777777777777778, 0.8407407407407408, 0.8925925925925926, 0.8777777777777778, 0.9148148148148149, 0.9296296296296296, 0.8851851851851852
2024-05-21 20:31:09 - WARNING  - Epoch: 331, Sum of Accs: 8.889, Sum of s_i: 25.952595001072762
2024-05-21 20:31:13 - INFO     - {6: 2.606447945113795, 9: 2.648121327955252, 0: 2.673941598879542, 2: 2.488776028859721, 4: 2.6404781550147405, 3: 2.488592342101968, 5: 2.6408472836285095, 1: 2.6380219393038966, 8: 2.5452551219848254, 7: 2.6039020217808995}
2024-05-21 20:31:13 - INFO     - 0.9111111111111111, 0.8777777777777778, 0.8814814814814815, 0.8777777777777778, 0.8407407407407408, 0.8925925925925926, 0.8777777777777778, 0.9148148148148149, 0.9296296296296296, 0.8851851851851852
2024-05-21 20:31:13 - WARNING  - Epoch: 332, Sum of Accs: 8.889, Sum of s_i: 25.974383764623152
2024-05-21 20:31:17 - INFO     - {6: 2.6086426591596834, 9: 2.650443773347541, 0: 2.676342557701637, 2: 2.490621990970283, 4: 2.6427817537502594, 3: 2.4904401126804765, 5: 2.6431516549320406, 1: 2.6403193929038853, 8: 2.5472726928778497, 7: 2.606097527086462}
2024-05-21 20:31:17 - INFO     - 0.9111111111111111, 0.8777777777777778, 0.8814814814814815, 0.8777777777777778, 0.8407407407407408, 0.8925925925925926, 0.8777777777777778, 0.9148148148148149, 0.9296296296296296, 0.8851851851851852
2024-05-21 20:31:17 - WARNING  - Epoch: 333, Sum of Accs: 8.889, Sum of s_i: 25.99611411541012
2024-05-21 20:31:22 - INFO     - {6: 2.6108317321181493, 9: 2.6527600100076705, 0: 2.6787384813553445, 2: 2.4924623199722786, 4: 2.64507861888804, 3: 2.4922822501504185, 5: 2.6454519501394698, 1: 2.642612770407772, 8: 2.5492873818046546, 7: 2.6082884793796026}
2024-05-21 20:31:22 - INFO     - 0.9111111111111111, 0.8777777777777778, 0.8814814814814815, 0.8777777777777778, 0.8407407407407408, 0.8925925925925926, 0.8777777777777778, 0.9148148148148149, 0.9296296296296296, 0.8851851851851852
2024-05-21 20:31:22 - WARNING  - Epoch: 334, Sum of Accs: 8.889, Sum of s_i: 26.0177939942234
2024-05-21 20:31:26 - INFO     - {6: 2.6130151883578105, 9: 2.6550706325368942, 0: 2.6811281930358546, 2: 2.4942976585141072, 4: 2.647370970481974, 3: 2.4941193971601936, 5: 2.647747254886732, 1: 2.6449011574514913, 8: 2.5512970802712926, 7: 2.6104749181288964}
2024-05-21 20:31:26 - INFO     - 0.9111111111111111, 0.8777777777777778, 0.8814814814814815, 0.8777777777777778, 0.8407407407407408, 0.8925925925925926, 0.8777777777777778, 0.9148148148148149, 0.9296296296296296, 0.8851851851851852
2024-05-21 20:31:26 - WARNING  - Epoch: 335, Sum of Accs: 8.889, Sum of s_i: 26.03942245082525
2024-05-21 20:31:30 - INFO     - {6: 2.6151930523823976, 9: 2.6573756654209366, 0: 2.6835129129134754, 2: 2.4961280052530466, 4: 2.649656646971719, 3: 2.49594986906578, 5: 2.6500348223798253, 1: 2.647182869391022, 8: 2.553300103633742, 7: 2.6126546817740017}
2024-05-21 20:31:30 - INFO     - 0.9111111111111111, 0.8777777777777778, 0.8814814814814815, 0.8777777777777778, 0.8407407407407408, 0.8925925925925926, 0.8777777777777778, 0.9148148148148149, 0.9296296296296296, 0.8851851851851852
2024-05-21 20:31:30 - WARNING  - Epoch: 336, Sum of Accs: 8.889, Sum of s_i: 26.060988629185943
2024-05-21 20:31:34 - INFO     - {6: 2.6173653513831385, 9: 2.659675695768078, 0: 2.6858914775795797, 2: 2.4979521967804694, 4: 2.6519378515512475, 3: 2.4977758690611496, 5: 2.652318980112682, 1: 2.649457380841061, 8: 2.5552986550859744, 7: 2.61482997350889}
2024-05-21 20:31:34 - INFO     - 0.9111111111111111, 0.8777777777777778, 0.8814814814814815, 0.8777777777777778, 0.8407407407407408, 0.8925925925925926, 0.8777777777777778, 0.9148148148148149, 0.9296296296296296, 0.8851851851851852
2024-05-21 20:31:34 - WARNING  - Epoch: 337, Sum of Accs: 8.889, Sum of s_i: 26.082503431672265
2024-05-21 20:31:39 - INFO     - {6: 2.6195321096194073, 9: 2.6619696279476024, 0: 2.6882650967526827, 2: 2.4997702424548613, 4: 2.654212910277745, 3: 2.499594670998781, 5: 2.654598192352537, 1: 2.651728475017344, 8: 2.557288371976331, 7: 2.616999119390747}
2024-05-21 20:31:39 - INFO     - 0.9111111111111111, 0.8777777777777778, 0.8814814814814815, 0.8777777777777778, 0.8407407407407408, 0.8925925925925926, 0.8777777777777778, 0.9148148148148149, 0.9296296296296296, 0.8851851851851852
2024-05-21 20:31:39 - WARNING  - Epoch: 338, Sum of Accs: 8.889, Sum of s_i: 26.10395881678804
2024-05-21 20:31:43 - INFO     - {6: 2.6216933533059956, 9: 2.6642580480919995, 0: 2.690633203890658, 2: 2.5015827812884726, 4: 2.6564824621634613, 3: 2.5014079709928807, 5: 2.656870697391582, 1: 2.653994062352846, 8: 2.5592764659004343, 7: 2.6191595727537536}
2024-05-21 20:31:43 - INFO     - 0.9111111111111111, 0.8777777777777778, 0.8814814814814815, 0.8777777777777778, 0.8407407407407408, 0.8925925925925926, 0.8777777777777778, 0.9148148148148149, 0.9296296296296296, 0.8851851851851852
2024-05-21 20:31:43 - WARNING  - Epoch: 339, Sum of Accs: 8.889, Sum of s_i: 26.125358618132083
2024-05-21 20:31:47 - INFO     - {6: 2.6238491075544363, 9: 2.6665415336868405, 0: 2.6929963764790776, 2: 2.5033915807382106, 4: 2.658748274665305, 3: 2.5032157928904097, 5: 2.6591394630467535, 1: 2.656255910304475, 8: 2.5612596252749817, 7: 2.6213194724109568}
2024-05-21 20:31:47 - INFO     - 0.9111111111111111, 0.8777777777777778, 0.8814814814814815, 0.8777777777777778, 0.8407407407407408, 0.8925925925925926, 0.8777777777777778, 0.9148148148148149, 0.9296296296296296, 0.8888888888888888
2024-05-21 20:31:47 - WARNING  - Epoch: 340, Sum of Accs: 8.893, Sum of s_i: 26.146717137051446
2024-05-21 20:31:51 - INFO     - {6: 2.625999393704286, 9: 2.6688190012717175, 0: 2.695353531057533, 2: 2.5051931772947342, 4: 2.6610068842739336, 3: 2.505018160300335, 5: 2.661401025808711, 1: 2.6585105553628896, 8: 2.56323454414177, 7: 2.6234739039695687}
2024-05-21 20:31:51 - INFO     - 0.9111111111111111, 0.8777777777777778, 0.8814814814814815, 0.8777777777777778, 0.8407407407407408, 0.8925925925925926, 0.8777777777777778, 0.9148148148148149, 0.9296296296296296, 0.8888888888888888
2024-05-21 20:31:51 - WARNING  - Epoch: 341, Sum of Accs: 8.893, Sum of s_i: 26.16801017718548
2024-05-21 20:31:56 - INFO     - {6: 2.628144239179587, 9: 2.6710910306438467, 0: 2.6977052474232406, 2: 2.5069893407248003, 4: 2.663261240553065, 3: 2.5068173119953077, 5: 2.6636556635560287, 1: 2.660759767294847, 8: 2.565202427500878, 7: 2.625618026113291}
2024-05-21 20:31:56 - INFO     - 0.9111111111111111, 0.8777777777777778, 0.8814814814814815, 0.8777777777777778, 0.8407407407407408, 0.8925925925925926, 0.8777777777777778, 0.9148148148148149, 0.9296296296296296, 0.8888888888888888
2024-05-21 20:31:56 - WARNING  - Epoch: 342, Sum of Accs: 8.893, Sum of s_i: 26.189244294984892
2024-05-21 20:32:00 - INFO     - {6: 2.630283669606526, 9: 2.6733576474115646, 0: 2.700051551184537, 2: 2.508781271347415, 4: 2.665510184227785, 3: 2.5086088476791253, 5: 2.665907560384077, 1: 2.663002543012609, 8: 2.5671687180483023, 7: 2.627761056943371}
2024-05-21 20:32:00 - INFO     - 0.9111111111111111, 0.8777777777777778, 0.8814814814814815, 0.8777777777777778, 0.8407407407407408, 0.8925925925925926, 0.8777777777777778, 0.9148148148148149, 0.9296296296296296, 0.8888888888888888
2024-05-21 20:32:00 - WARNING  - Epoch: 343, Sum of Accs: 8.893, Sum of s_i: 26.210433049845314
2024-05-21 20:32:04 - INFO     - {6: 2.6324177070466557, 9: 2.6756188736202713, 0: 2.7023924643868216, 2: 2.5105678114110184, 4: 2.6677521136588926, 3: 2.510395002964154, 5: 2.668154066653114, 1: 2.6652421315781036, 8: 2.569127424790194, 7: 2.629896503967918}
2024-05-21 20:32:04 - INFO     - 0.9111111111111111, 0.8777777777777778, 0.8814814814814815, 0.8777777777777778, 0.8407407407407408, 0.8925925925925926, 0.8777777777777778, 0.9148148148148149, 0.9296296296296296, 0.8888888888888888
2024-05-21 20:32:04 - WARNING  - Epoch: 344, Sum of Accs: 8.893, Sum of s_i: 26.23156410007714
2024-05-21 20:32:08 - INFO     - {6: 2.634546376597623, 9: 2.677874734350182, 0: 2.7047280121103108, 2: 2.512347821246133, 4: 2.669989136546113, 3: 2.5121768212672153, 5: 2.6703940426936623, 1: 2.6674731518009183, 8: 2.571081794550118, 7: 2.632027614010498}
2024-05-21 20:32:08 - INFO     - 0.9111111111111111, 0.8777777777777778, 0.8814814814814815, 0.8777777777777778, 0.8407407407407408, 0.8925925925925926, 0.8777777777777778, 0.9148148148148149, 0.9296296296296296, 0.8888888888888888
2024-05-21 20:32:08 - WARNING  - Epoch: 345, Sum of Accs: 8.893, Sum of s_i: 26.252639505172773
2024-05-21 20:32:12 - INFO     - {6: 2.636669702721916, 9: 2.680125791820876, 0: 2.707057648789787, 2: 2.5141241925717233, 4: 2.6722225209238086, 3: 2.5139538932759566, 5: 2.672629272439891, 1: 2.6697014638436043, 8: 2.5730314180157223, 7: 2.6341550855435534}
2024-05-21 20:32:12 - INFO     - 0.9111111111111111, 0.8777777777777778, 0.8814814814814815, 0.8777777777777778, 0.8407407407407408, 0.8925925925925926, 0.8777777777777778, 0.9148148148148149, 0.9296296296296296, 0.8851851851851852
2024-05-21 20:32:12 - WARNING  - Epoch: 346, Sum of Accs: 8.889, Sum of s_i: 26.27367098994684
2024-05-21 20:32:17 - INFO     - {6: 2.6387877068081917, 9: 2.6823709918571197, 0: 2.7093825358196093, 2: 2.515894706462864, 4: 2.674450047867055, 3: 2.515726215635044, 5: 2.6748597525364652, 1: 2.6719250262366363, 8: 2.5749762918316725, 7: 2.6362766996421594}
2024-05-21 20:32:17 - INFO     - 0.9111111111111111, 0.8777777777777778, 0.8814814814814815, 0.8777777777777778, 0.8407407407407408, 0.8925925925925926, 0.8777777777777778, 0.9148148148148149, 0.9296296296296296, 0.8851851851851852
2024-05-21 20:32:17 - WARNING  - Epoch: 347, Sum of Accs: 8.889, Sum of s_i: 26.294649974696817
2024-05-21 20:32:21 - INFO     - {6: 2.6409004123180404, 9: 2.6846114287133687, 0: 2.7117026596694367, 2: 2.5176587738606653, 4: 2.6766711283169617, 3: 2.5174920915007917, 5: 2.6770837861397, 1: 2.6741438254496734, 8: 2.576914719154283, 7: 2.638391867247426}
2024-05-21 20:32:21 - INFO     - 0.9111111111111111, 0.8777777777777778, 0.8814814814814815, 0.8777777777777778, 0.8407407407407408, 0.8925925925925926, 0.8777777777777778, 0.9148148148148149, 0.9296296296296296, 0.8851851851851852
2024-05-21 20:32:21 - WARNING  - Epoch: 348, Sum of Accs: 8.889, Sum of s_i: 26.31557069237034
2024-05-21 20:32:25 - INFO     - {6: 2.6430078440616995, 9: 2.686846591803428, 0: 2.714016416317696, 2: 2.5194192508056217, 4: 2.6788875248786446, 3: 2.519253283478316, 5: 2.6793031358547115, 1: 2.676356257461142, 8: 2.5788484625886703, 7: 2.6405023509644683}
2024-05-21 20:32:25 - INFO     - 0.9111111111111111, 0.8777777777777778, 0.8814814814814815, 0.8777777777777778, 0.8407407407407408, 0.8925925925925926, 0.8777777777777778, 0.9148148148148149, 0.9296296296296296, 0.8851851851851852
2024-05-21 20:32:25 - WARNING  - Epoch: 349, Sum of Accs: 8.889, Sum of s_i: 26.336441118214395
2024-05-21 20:32:29 - INFO     - {6: 2.645110024733385, 9: 2.689076503821514, 0: 2.716324926611071, 2: 2.5211744766786044, 4: 2.681099763803733, 3: 2.521007652618592, 5: 2.681517239214839, 1: 2.6785634431177265, 8: 2.580773832781896, 7: 2.642606011844263}
2024-05-21 20:32:29 - INFO     - 0.9111111111111111, 0.8777777777777778, 0.8814814814814815, 0.8777777777777778, 0.8407407407407408, 0.8925925925925926, 0.8777777777777778, 0.9148148148148149, 0.9296296296296296, 0.8851851851851852
2024-05-21 20:32:29 - WARNING  - Epoch: 350, Sum of Accs: 8.889, Sum of s_i: 26.357253875225624
2024-05-21 20:32:33 - INFO     - {6: 2.647206978778959, 9: 2.691301189213488, 0: 2.718629298996624, 2: 2.5229244759254756, 4: 2.683306776102709, 3: 2.52275946033341, 5: 2.683727204667144, 1: 2.6807664908664885, 8: 2.5826981919535767, 7: 2.644707111298599}
2024-05-21 20:32:33 - INFO     - 0.9111111111111111, 0.8777777777777778, 0.8814814814814815, 0.8777777777777778, 0.8407407407407408, 0.8925925925925926, 0.8777777777777778, 0.9148148148148149, 0.9296296296296296, 0.8851851851851852
2024-05-21 20:32:33 - WARNING  - Epoch: 351, Sum of Accs: 8.889, Sum of s_i: 26.37802717813647
2024-05-21 20:32:38 - INFO     - {6: 2.6492987259740675, 9: 2.6935201440016288, 0: 2.720927385282354, 2: 2.524667613884844, 4: 2.685506927114183, 3: 2.5245034200756193, 5: 2.6859293221468405, 1: 2.682960703614037, 8: 2.584614703152649, 7: 2.6468013494654326}
2024-05-21 20:32:38 - INFO     - 0.9111111111111111, 0.8777777777777778, 0.8814814814814815, 0.8777777777777778, 0.8407407407407408, 0.8925925925925926, 0.8777777777777778, 0.9148148148148149, 0.9296296296296296, 0.8851851851851852
2024-05-21 20:32:38 - WARNING  - Epoch: 352, Sum of Accs: 8.889, Sum of s_i: 26.398730294711655
2024-05-21 20:32:42 - INFO     - {6: 2.65138529369319, 9: 2.6957339215933365, 0: 2.72322084986764, 2: 2.526406705331448, 4: 2.6877030316128927, 3: 2.5262448414639858, 5: 2.6881283797988784, 1: 2.6851528435625323, 8: 2.5865281545240633, 7: 2.648891541119502}
2024-05-21 20:32:42 - INFO     - 0.9111111111111111, 0.8777777777777778, 0.8814814814814815, 0.8777777777777778, 0.8407407407407408, 0.8925925925925926, 0.8777777777777778, 0.9148148148148149, 0.9296296296296296, 0.8851851851851852
2024-05-21 20:32:42 - WARNING  - Epoch: 353, Sum of Accs: 8.889, Sum of s_i: 26.419395562567466
2024-05-21 20:32:46 - INFO     - {6: 2.6534667011181905, 9: 2.697942541156417, 0: 2.7255091564242986, 2: 2.5281406387494254, 4: 2.689893978082975, 3: 2.5279805833499096, 5: 2.6903222794222894, 1: 2.6873398254824004, 8: 2.5884328239827505, 7: 2.6509765747449445}
2024-05-21 20:32:46 - INFO     - 0.9111111111111111, 0.8777777777777778, 0.8814814814814815, 0.8777777777777778, 0.8407407407407408, 0.8925925925925926, 0.8777777777777778, 0.9148148148148149, 0.9296296296296296, 0.8851851851851852
2024-05-21 20:32:46 - WARNING  - Epoch: 354, Sum of Accs: 8.889, Sum of s_i: 26.4400051025136
2024-05-21 20:32:50 - INFO     - {6: 2.6555429718039534, 9: 2.7001460262298522, 0: 2.727791779964751, 2: 2.5298699546364856, 4: 2.6920792415368515, 3: 2.529710642219627, 5: 2.692508523556263, 1: 2.6895221898713513, 8: 2.5903354343093308, 7: 2.65305699083947}
2024-05-21 20:32:50 - INFO     - 0.9111111111111111, 0.8777777777777778, 0.8814814814814815, 0.8777777777777778, 0.8407407407407408, 0.8925925925925926, 0.8777777777777778, 0.9148148148148149, 0.9296296296296296, 0.8851851851851852
2024-05-21 20:32:50 - WARNING  - Epoch: 355, Sum of Accs: 8.889, Sum of s_i: 26.460563754967936
2024-05-21 20:32:54 - INFO     - {6: 2.6576141279988366, 9: 2.7023449137711357, 0: 2.7300703544996128, 2: 2.5315925288983747, 4: 2.694258828850846, 3: 2.5314340558392345, 5: 2.694691064023586, 1: 2.6916968435249036, 8: 2.59223236849603, 7: 2.6551277160254814}
2024-05-21 20:32:54 - INFO     - 0.9111111111111111, 0.8777777777777778, 0.8814814814814815, 0.8777777777777778, 0.8407407407407408, 0.8925925925925926, 0.8777777777777778, 0.9148148148148149, 0.9296296296296296, 0.8851851851851852
2024-05-21 20:32:54 - WARNING  - Epoch: 356, Sum of Accs: 8.889, Sum of s_i: 26.481062801928044
2024-05-21 20:32:59 - INFO     - {6: 2.6596801940179184, 9: 2.7045387111366184, 0: 2.732342782266566, 2: 2.5333105835266463, 4: 2.696433896531223, 3: 2.5331539189354526, 5: 2.6968690848572914, 1: 2.693867946655066, 8: 2.5941247830491108, 7: 2.6571968708612177}
2024-05-21 20:32:59 - INFO     - 0.9111111111111111, 0.8777777777777778, 0.8814814814814815, 0.8777777777777778, 0.8407407407407408, 0.8925925925925926, 0.8777777777777778, 0.9148148148148149, 0.9296296296296296, 0.8851851851851852
2024-05-21 20:32:59 - WARNING  - Epoch: 357, Sum of Accs: 8.889, Sum of s_i: 26.50151877183711
2024-05-21 20:33:03 - INFO     - {6: 2.661741189976021, 9: 2.706727438441121, 0: 2.73461014443863, 2: 2.535023572560029, 4: 2.6986029135476395, 3: 2.5348671947223798, 5: 2.699041055027036, 1: 2.6960324624759378, 8: 2.596010610292901, 7: 2.6592594383876635}
2024-05-21 20:33:03 - INFO     - 0.9111111111111111, 0.8777777777777778, 0.8814814814814815, 0.8777777777777778, 0.8407407407407408, 0.8925925925925926, 0.8777777777777778, 0.9148148148148149, 0.9296296296296296, 0.8851851851851852
2024-05-21 20:33:03 - WARNING  - Epoch: 358, Sum of Accs: 8.889, Sum of s_i: 26.52191601986936
2024-05-21 20:33:07 - INFO     - {6: 2.6637971397708036, 9: 2.708910611468651, 0: 2.7368735125733914, 2: 2.536732567556109, 4: 2.700766892749359, 3: 2.536575969339941, 5: 2.701207031047376, 1: 2.698190986074419, 8: 2.5978934571001373, 7: 2.661316548410035}
2024-05-21 20:33:07 - INFO     - 0.9111111111111111, 0.8777777777777778, 0.8814814814814815, 0.8777777777777778, 0.8407407407407408, 0.8925925925925926, 0.8777777777777778, 0.9148148148148149, 0.9296296296296296, 0.8851851851851852
2024-05-21 20:33:07 - WARNING  - Epoch: 359, Sum of Accs: 8.889, Sum of s_i: 26.542264716090223
2024-05-21 20:33:11 - INFO     - {6: 2.665848064686005, 9: 2.71108876179044, 0: 2.739130812666605, 2: 2.5384360317327945, 4: 2.7029268327559968, 3: 2.5382807047624194, 5: 2.7033699242073417, 1: 2.700346961530842, 8: 2.5997707439794793, 7: 2.6633705755720323}
2024-05-21 20:33:11 - INFO     - 0.9111111111111111, 0.8777777777777778, 0.8814814814814815, 0.8777777777777778, 0.8407407407407408, 0.8925925925925926, 0.8777777777777778, 0.9148148148148149, 0.9296296296296296, 0.8851851851851852
2024-05-21 20:33:11 - WARNING  - Epoch: 360, Sum of Accs: 8.889, Sum of s_i: 26.562569413683956
2024-05-21 20:33:16 - INFO     - {6: 2.667893984793777, 9: 2.713262413244612, 0: 2.7413831122044554, 2: 2.5401339581319635, 4: 2.705081772207271, 3: 2.5399789371642996, 5: 2.7055278168119443, 1: 2.702497936431902, 8: 2.6016430303034577, 7: 2.665419602178666}
2024-05-21 20:33:16 - INFO     - 0.9111111111111111, 0.8777777777777778, 0.8814814814814815, 0.8777777777777778, 0.8407407407407408, 0.8925925925925926, 0.8777777777777778, 0.9148148148148149, 0.9296296296296296, 0.8851851851851852
2024-05-21 20:33:16 - WARNING  - Epoch: 361, Sum of Accs: 8.889, Sum of s_i: 26.582822563472348
2024-05-21 20:33:20 - INFO     - {6: 2.6699349219383337, 9: 2.715431081735569, 0: 2.7436304331263903, 2: 2.5418279404778175, 4: 2.70723173304263, 3: 2.5416747279781, 5: 2.707681765363232, 1: 2.704644967279647, 8: 2.603511372574121, 7: 2.667464684731985}
2024-05-21 20:33:20 - INFO     - 0.9111111111111111, 0.8777777777777778, 0.8814814814814815, 0.8777777777777778, 0.8407407407407408, 0.8925925925925926, 0.8777777777777778, 0.9148148148148149, 0.9296296296296296, 0.8851851851851852
2024-05-21 20:33:20 - WARNING  - Epoch: 362, Sum of Accs: 8.889, Sum of s_i: 26.60303362824783
2024-05-21 20:33:24 - INFO     - {6: 2.6719708955488684, 9: 2.7175942871896486, 0: 2.745873325574048, 2: 2.543516459786794, 4: 2.7093772654037114, 3: 2.543365055755023, 5: 2.709830250877642, 1: 2.7067865350905143, 8: 2.605374251807907, 7: 2.6695043042484268}
2024-05-21 20:33:24 - INFO     - 0.9111111111111111, 0.8777777777777778, 0.8814814814814815, 0.8777777777777778, 0.8407407407407408, 0.8925925925925926, 0.8777777777777778, 0.9148148148148149, 0.9296296296296296, 0.8851851851851852
2024-05-21 20:33:24 - WARNING  - Epoch: 363, Sum of Accs: 8.889, Sum of s_i: 26.62319263128258
2024-05-21 20:33:28 - INFO     - {6: 2.6740019274180753, 9: 2.719752553019705, 0: 2.748111278397683, 2: 2.5452000394717467, 4: 2.7115163697846563, 3: 2.545048955551809, 5: 2.711973796768029, 1: 2.708921674921245, 8: 2.607230703061556, 7: 2.6715374957847318}
2024-05-21 20:33:28 - INFO     - 0.9111111111111111, 0.8777777777777778, 0.8814814814814815, 0.8777777777777778, 0.8407407407407408, 0.8925925925925926, 0.8777777777777778, 0.9148148148148149, 0.9296296296296296, 0.8851851851851852
2024-05-21 20:33:28 - WARNING  - Epoch: 364, Sum of Accs: 8.889, Sum of s_i: 26.64329479417924
2024-05-21 20:33:32 - INFO     - {6: 2.676028040414092, 9: 2.7219059020790257, 0: 2.7503437881637143, 2: 2.5468787023859645, 4: 2.713652045750979, 3: 2.5467294269339735, 5: 2.7141124258876803, 1: 2.7110528600504855, 8: 2.6090802693350232, 7: 2.6735672589064143}
2024-05-21 20:33:32 - INFO     - 0.9111111111111111, 0.8777777777777778, 0.8814814814814815, 0.8777777777777778, 0.8407407407407408, 0.8925925925925926, 0.8777777777777778, 0.9148148148148149, 0.9296296296296296, 0.8851851851851852
2024-05-21 20:33:32 - WARNING  - Epoch: 365, Sum of Accs: 8.889, Sum of s_i: 26.663350719907353
2024-05-21 20:33:37 - INFO     - {6: 2.6780492547191503, 9: 2.7240543545362117, 0: 2.7525719276144787, 2: 2.548551401078099, 4: 2.7157828251151677, 3: 2.548403006620162, 5: 2.716244163311356, 1: 2.713177679770619, 8: 2.610926400478075, 7: 2.6755921254259625}
2024-05-21 20:33:37 - INFO     - 0.9111111111111111, 0.8777777777777778, 0.8814814814814815, 0.8777777777777778, 0.8407407407407408, 0.8925925925925926, 0.8777777777777778, 0.9148148148148149, 0.9296296296296296, 0.8851851851851852
2024-05-21 20:33:37 - WARNING  - Epoch: 366, Sum of Accs: 8.889, Sum of s_i: 26.683353138669283
2024-05-21 20:33:41 - INFO     - {6: 2.680065592202527, 9: 2.7261979322462597, 0: 2.7547946703041073, 2: 2.550219229442687, 4: 2.717907666531861, 3: 2.550072643452697, 5: 2.718371957881378, 1: 2.715298556637098, 8: 2.6127685887674725, 7: 2.6776110539980156}
2024-05-21 20:33:41 - INFO     - 0.9111111111111111, 0.8777777777777778, 0.8814814814814815, 0.8777777777777778, 0.8407407407407408, 0.8925925925925926, 0.8777777777777778, 0.9148148148148149, 0.9296296296296296, 0.8851851851851852
2024-05-21 20:33:41 - WARNING  - Epoch: 367, Sum of Accs: 8.889, Sum of s_i: 26.703307891464107
2024-05-21 20:33:45 - INFO     - {6: 2.6820770732204107, 9: 2.7283371446105438, 0: 2.757012560585668, 2: 2.551883755661868, 4: 2.7200272532120295, 3: 2.551737025548707, 5: 2.720494497714875, 1: 2.717414178767052, 8: 2.614607474911463, 7: 2.6796256713483597}
2024-05-21 20:33:45 - INFO     - 0.9111111111111111, 0.8777777777777778, 0.8814814814814815, 0.8777777777777778, 0.8407407407407408, 0.8925925925925926, 0.8777777777777778, 0.9148148148148149, 0.9296296296296296, 0.8851851851851852
2024-05-21 20:33:45 - WARNING  - Epoch: 368, Sum of Accs: 8.889, Sum of s_i: 26.723216635580975
2024-05-21 20:33:50 - INFO     - {6: 2.684083717642145, 9: 2.730471520378679, 0: 2.7592266233473812, 2: 2.5535434452848995, 4: 2.7221420112325743, 3: 2.5533960661066537, 5: 2.722611696010309, 1: 2.7195244593589436, 8: 2.6164415244593044, 7: 2.6816340036458253}
2024-05-21 20:33:50 - INFO     - 0.9111111111111111, 0.8777777777777778, 0.8814814814814815, 0.8777777777777778, 0.8407407407407408, 0.8925925925925926, 0.8777777777777778, 0.9148148148148149, 0.9296296296296296, 0.8851851851851852
2024-05-21 20:33:50 - WARNING  - Epoch: 369, Sum of Accs: 8.889, Sum of s_i: 26.743075067466716
2024-05-21 20:33:54 - INFO     - {6: 2.686085546297878, 9: 2.732600595403776, 0: 2.761434869657017, 2: 2.555197318455854, 4: 2.724252897455634, 3: 2.5550517477455545, 5: 2.724726051095737, 1: 2.721631381031789, 8: 2.618269757555068, 7: 2.6836394927332847}
2024-05-21 20:33:54 - INFO     - 0.9111111111111111, 0.8777777777777778, 0.8814814814814815, 0.8777777777777778, 0.8407407407407408, 0.8925925925925926, 0.8777777777777778, 0.9148148148148149, 0.9296296296296296, 0.8851851851851852
2024-05-21 20:33:54 - WARNING  - Epoch: 370, Sum of Accs: 8.889, Sum of s_i: 26.762889657431593
2024-05-21 20:33:58 - INFO     - {6: 2.6880825783659157, 9: 2.7347248758623435, 0: 2.7636393200650335, 2: 2.556845866219686, 4: 2.726359504821204, 3: 2.556701196429038, 5: 2.7268332589734534, 1: 2.7237329772975123, 8: 2.620093711793342, 7: 2.6856363774670315}
2024-05-21 20:33:58 - INFO     - 0.9111111111111111, 0.8777777777777778, 0.8814814814814815, 0.8777777777777778, 0.8407407407407408, 0.8925925925925926, 0.8777777777777778, 0.9148148148148149, 0.9296296296296296, 0.8851851851851852
2024-05-21 20:33:58 - WARNING  - Epoch: 371, Sum of Accs: 8.889, Sum of s_i: 26.782649667294557
2024-05-21 20:34:02 - INFO     - {6: 2.690074835539021, 9: 2.7368448643818493, 0: 2.7658389955781177, 2: 2.5584911685940885, 4: 2.7284618202477118, 3: 2.5583458796867395, 5: 2.7289360999686423, 1: 2.7258289005891583, 8: 2.621909537361579, 7: 2.6876327800488995}
2024-05-21 20:34:02 - INFO     - 0.9111111111111111, 0.8777777777777778, 0.8814814814814815, 0.8777777777777778, 0.8407407407407408, 0.8925925925925926, 0.8777777777777778, 0.9148148148148149, 0.9296296296296296, 0.8851851851851852
2024-05-21 20:34:02 - WARNING  - Epoch: 372, Sum of Accs: 8.889, Sum of s_i: 26.802364881995807
2024-05-21 20:34:07 - INFO     - {6: 2.6920623370604293, 9: 2.738960097249658, 0: 2.7680329268439285, 2: 2.560131715316794, 4: 2.730557467798714, 3: 2.5599882348773915, 5: 2.731033800588298, 1: 2.727921507218179, 8: 2.6237216317006102, 7: 2.68962442697907}
2024-05-21 20:34:07 - INFO     - 0.9111111111111111, 0.8777777777777778, 0.8814814814814815, 0.8777777777777778, 0.8407407407407408, 0.8925925925925926, 0.8777777777777778, 0.9148148148148149, 0.9296296296296296, 0.8851851851851852
2024-05-21 20:34:07 - WARNING  - Epoch: 373, Sum of Accs: 8.889, Sum of s_i: 26.822034145633072
2024-05-21 20:34:11 - INFO     - {6: 2.6940451023732024, 9: 2.741070593908832, 0: 2.7702221259180297, 2: 2.561766014818039, 4: 2.732648780352064, 3: 2.5616248692807577, 5: 2.7331280662949764, 1: 2.73000938165549, 8: 2.6255308175608394, 7: 2.6916098266877797}
2024-05-21 20:34:11 - INFO     - 0.9111111111111111, 0.8777777777777778, 0.8814814814814815, 0.8777777777777778, 0.8407407407407408, 0.8925925925925926, 0.8777777777777778, 0.9148148148148149, 0.9296296296296296, 0.8851851851851852
2024-05-21 20:34:11 - WARNING  - Epoch: 374, Sum of Accs: 8.889, Sum of s_i: 26.841655578850013
2024-05-21 20:34:15 - INFO     - {6: 2.696023151292505, 9: 2.7431763741745354, 0: 2.7724075931773116, 2: 2.5633971089386387, 4: 2.7347368875247695, 3: 2.5632577718693046, 5: 2.7352191266210104, 1: 2.732093524277981, 8: 2.627336271606249, 7: 2.693592021015845}
2024-05-21 20:34:15 - INFO     - 0.9111111111111111, 0.8777777777777778, 0.8814814814814815, 0.8777777777777778, 0.8407407407407408, 0.8925925925925926, 0.8777777777777778, 0.9148148148148149, 0.9296296296296296, 0.8851851851851852
2024-05-21 20:34:15 - WARNING  - Epoch: 375, Sum of Accs: 8.889, Sum of s_i: 26.861239830498153
2024-05-21 20:34:19 - INFO     - {6: 2.6979965009994453, 9: 2.745277455227876, 0: 2.7745883612242306, 2: 2.5650235038468763, 4: 2.7368202954851126, 3: 2.5648859752454887, 5: 2.7373054877346816, 1: 2.7341729676881097, 8: 2.629137026439296, 7: 2.6955695161315476}
2024-05-21 20:34:19 - INFO     - 0.9111111111111111, 0.8777777777777778, 0.8814814814814815, 0.8777777777777778, 0.8407407407407408, 0.8925925925925926, 0.8777777777777778, 0.9148148148148149, 0.9296296296296296, 0.8851851851851852
2024-05-21 20:34:19 - WARNING  - Epoch: 376, Sum of Accs: 8.889, Sum of s_i: 26.880777090022665
2024-05-21 20:34:24 - INFO     - {6: 2.699965170955749, 9: 2.7473733854286464, 0: 2.7767639784185794, 2: 2.5666447479025436, 4: 2.7388985525928855, 3: 2.5665071211464094, 5: 2.7393847913730895, 1: 2.736245353622975, 8: 2.63093072379708, 7: 2.697539953771987}
2024-05-21 20:34:24 - INFO     - 0.9111111111111111, 0.8777777777777778, 0.8814814814814815, 0.8777777777777778, 0.8407407407407408, 0.8925925925925926, 0.8777777777777778, 0.9148148148148149, 0.9296296296296296, 0.8851851851851852
2024-05-21 20:34:24 - WARNING  - Epoch: 377, Sum of Accs: 8.889, Sum of s_i: 26.900253779009944
2024-05-21 20:34:28 - INFO     - {6: 2.701929183787978, 9: 2.749465129607276, 0: 2.778935409590787, 2: 2.5682603186429698, 4: 2.7409711363854172, 3: 2.568124500354782, 5: 2.7414618156120496, 1: 2.7383139728652925, 8: 2.6327206544623154, 7: 2.6995066247198785}
2024-05-21 20:34:28 - INFO     - 0.9111111111111111, 0.8777777777777778, 0.8814814814814815, 0.8777777777777778, 0.8407407407407408, 0.8925925925925926, 0.8777777777777778, 0.9148148148148149, 0.9296296296296296, 0.8851851851851852
2024-05-21 20:34:28 - WARNING  - Epoch: 378, Sum of Accs: 8.889, Sum of s_i: 26.91968874602874
2024-05-21 20:34:32 - INFO     - {6: 2.7038885575320073, 9: 2.751551767445051, 0: 2.781101734422141, 2: 2.569872270335642, 4: 2.743038703009333, 3: 2.569738260515401, 5: 2.7435337335101555, 1: 2.7403789730598556, 8: 2.634506966079797, 7: 2.701469676620016}
2024-05-21 20:34:32 - INFO     - 0.9111111111111111, 0.8777777777777778, 0.8814814814814815, 0.8777777777777778, 0.8407407407407408, 0.8925925925925926, 0.8777777777777778, 0.9148148148148149, 0.9296296296296296, 0.8851851851851852
2024-05-21 20:34:32 - WARNING  - Epoch: 379, Sum of Accs: 8.889, Sum of s_i: 26.939080642529397
2024-05-21 20:34:36 - INFO     - {6: 2.705843310473241, 9: 2.7536337863867573, 0: 2.7832634403574255, 2: 2.571479603132245, 4: 2.7451030488580415, 3: 2.5713474017799505, 5: 2.7456010325121922, 1: 2.74243935435835, 8: 2.6362886588012096, 7: 2.703428109624084}
2024-05-21 20:34:36 - INFO     - 0.9111111111111111, 0.8777777777777778, 0.8814814814814815, 0.8777777777777778, 0.8407407407407408, 0.8925925925925926, 0.8777777777777778, 0.9148148148148149, 0.9296296296296296, 0.8851851851851852
2024-05-21 20:34:36 - WARNING  - Epoch: 380, Sum of Accs: 8.889, Sum of s_i: 26.958427746283494
2024-05-21 20:34:40 - INFO     - {6: 2.7077934612336416, 9: 2.755711205042316, 0: 2.785420052398736, 2: 2.5730813297067505, 4: 2.747161788484652, 3: 2.5729505563773745, 5: 2.7476627252921313, 1: 2.744494129434746, 8: 2.6380625180956288, 7: 2.7053800670450676}
2024-05-21 20:34:40 - INFO     - 0.9111111111111111, 0.8777777777777778, 0.8814814814814815, 0.8777777777777778, 0.8407407407407408, 0.8925925925925926, 0.8777777777777778, 0.9148148148148149, 0.9296296296296296, 0.8851851851851852
2024-05-21 20:34:40 - WARNING  - Epoch: 381, Sum of Accs: 8.889, Sum of s_i: 26.977717833111043
2024-05-21 20:34:45 - INFO     - {6: 2.7097390312610687, 9: 2.7577845064161437, 0: 2.7875730407661417, 2: 2.574679944935475, 4: 2.749217416765482, 3: 2.5745509800740454, 5: 2.7497213067262893, 1: 2.7465457931653616, 8: 2.639835493249163, 7: 2.707329782481257}
2024-05-21 20:34:45 - INFO     - 0.9111111111111111, 0.8777777777777778, 0.8814814814814815, 0.8777777777777778, 0.8407407407407408, 0.8925925925925926, 0.8777777777777778, 0.9148148148148149, 0.9296296296296296, 0.8851851851851852
2024-05-21 20:34:45 - WARNING  - Epoch: 382, Sum of Accs: 8.889, Sum of s_i: 26.996977295840427
2024-05-21 20:34:49 - INFO     - {6: 2.711680035663224, 9: 2.7598527824660586, 0: 2.7897214635082754, 2: 2.576272536449825, 4: 2.7512680197223993, 3: 2.5761463784468037, 5: 2.751773864446073, 1: 2.748591433181603, 8: 2.6416034430787843, 7: 2.7092734742030724}
2024-05-21 20:34:49 - INFO     - 0.9111111111111111, 0.8814814814814815, 0.8814814814814815, 0.8777777777777778, 0.8407407407407408, 0.8925925925925926, 0.8777777777777778, 0.9148148148148149, 0.9296296296296296, 0.8851851851851852
2024-05-21 20:34:49 - WARNING  - Epoch: 383, Sum of Accs: 8.893, Sum of s_i: 27.01618343116612
2024-05-21 20:34:53 - INFO     - {6: 2.7136164948597665, 9: 2.7619169730090016, 0: 2.7918643952514017, 2: 2.5778605885821, 4: 2.75331308490678, 3: 2.5777353805964904, 5: 2.753821024333247, 1: 2.750630816472546, 8: 2.6433663616080385, 7: 2.7112109091995897}
2024-05-21 20:34:53 - INFO     - 0.9111111111111111, 0.8814814814814815, 0.8814814814814815, 0.8777777777777778, 0.8407407407407408, 0.8925925925925926, 0.8777777777777778, 0.9148148148148149, 0.9296296296296296, 0.8851851851851852
2024-05-21 20:34:53 - WARNING  - Epoch: 384, Sum of Accs: 8.893, Sum of s_i: 27.03533602881896
2024-05-21 20:34:58 - INFO     - {6: 2.715548429236613, 9: 2.76397618273798, 0: 2.794003747968227, 2: 2.579445568160244, 4: 2.755355077537029, 3: 2.5793221686425807, 5: 2.7558632936511263, 1: 2.752666168086883, 8: 2.6451257011109917, 7: 2.7131469889851987}
2024-05-21 20:34:58 - INFO     - 0.9111111111111111, 0.8814814814814815, 0.8814814814814815, 0.8777777777777778, 0.8407407407407408, 0.8925925925925926, 0.8777777777777778, 0.9148148148148149, 0.9296296296296296, 0.8851851851851852
2024-05-21 20:34:58 - WARNING  - Epoch: 385, Sum of Accs: 8.893, Sum of s_i: 27.054453326116874
2024-05-21 20:35:02 - INFO     - {6: 2.7174758547989692, 9: 2.7660308854876967, 0: 2.796138137711522, 2: 2.5810255847648578, 4: 2.757392107193748, 3: 2.580902155149451, 5: 2.7579032764611737, 1: 2.7546992331933877, 8: 2.646880077640415, 7: 2.7150781057972773}
2024-05-21 20:35:02 - INFO     - 0.9111111111111111, 0.8814814814814815, 0.8814814814814815, 0.8777777777777778, 0.8407407407407408, 0.8925925925925926, 0.8777777777777778, 0.9148148148148149, 0.9296296296296296, 0.8851851851851852
2024-05-21 20:35:02 - WARNING  - Epoch: 386, Sum of Accs: 8.893, Sum of s_i: 27.0735254181985
2024-05-21 20:35:06 - INFO     - {6: 2.71939878982142, 9: 2.7680815518565476, 0: 2.7982684910739515, 2: 2.582600129410655, 4: 2.7594251004696013, 3: 2.5824799438411454, 5: 2.759939222890355, 1: 2.7567282619190268, 8: 2.648630417788972, 7: 2.7170051862284903}
2024-05-21 20:35:06 - INFO     - 0.9111111111111111, 0.8814814814814815, 0.8814814814814815, 0.8777777777777778, 0.8407407407407408, 0.8925925925925926, 0.8777777777777778, 0.9148148148148149, 0.9296296296296296, 0.8851851851851852
2024-05-21 20:35:06 - WARNING  - Epoch: 387, Sum of Accs: 8.893, Sum of s_i: 27.092557095300165
2024-05-21 20:35:10 - INFO     - {6: 2.721317251381335, 9: 2.770127294240128, 0: 2.800393440122668, 2: 2.58417070532069, 4: 2.761452689431742, 3: 2.5840523282191272, 5: 2.761968052773556, 1: 2.7587518863309533, 8: 2.6503753536238173, 7: 2.718926862345991}
2024-05-21 20:35:10 - INFO     - 0.9111111111111111, 0.8814814814814815, 0.8814814814814815, 0.8777777777777778, 0.8407407407407408, 0.8925925925925926, 0.8777777777777778, 0.9148148148148149, 0.9296296296296296, 0.8851851851851852
2024-05-21 20:35:10 - WARNING  - Epoch: 388, Sum of Accs: 8.893, Sum of s_i: 27.11153586379001
2024-05-21 20:35:14 - INFO     - {6: 2.7232312594192623, 9: 2.7721690336244555, 0: 2.8025148665005744, 2: 2.585737758559915, 4: 2.7634749640561593, 3: 2.5856189244779437, 5: 2.7639950722182145, 1: 2.760770196405156, 8: 2.6521145013394967, 7: 2.7208427503443255}
2024-05-21 20:35:14 - INFO     - 0.9111111111111111, 0.8814814814814815, 0.8814814814814815, 0.8777777777777778, 0.8407407407407408, 0.8925925925925926, 0.8777777777777778, 0.9148148148148149, 0.9296296296296296, 0.8851851851851852
2024-05-21 20:35:14 - WARNING  - Epoch: 389, Sum of Accs: 8.893, Sum of s_i: 27.1304693269455
2024-05-21 20:35:19 - INFO     - {6: 2.7251408320156423, 9: 2.774206337567236, 0: 2.804631857436933, 2: 2.587298957377823, 4: 2.765493175926173, 3: 2.5871819317637983, 5: 2.7660176562213254, 1: 2.7627844437249554, 8: 2.653850060082214, 7: 2.722755049369699}
2024-05-21 20:35:19 - INFO     - 0.9111111111111111, 0.8814814814814815, 0.8814814814814815, 0.8777777777777778, 0.8407407407407408, 0.8925925925925926, 0.8777777777777778, 0.9148148148148149, 0.9296296296296296, 0.8888888888888888
2024-05-21 20:35:19 - WARNING  - Epoch: 390, Sum of Accs: 8.896, Sum of s_i: 27.149360301485796
2024-05-21 20:35:23 - INFO     - {6: 2.7270459865217234, 9: 2.7762392234197173, 0: 2.8067435102105187, 2: 2.5888557437841095, 4: 2.7675074686131826, 3: 2.5887405266380314, 5: 2.76803321105442, 1: 2.764794278633133, 8: 2.65558120641331, 7: 2.7246629359834507}
2024-05-21 20:35:23 - INFO     - 0.9111111111111111, 0.8814814814814815, 0.8814814814814815, 0.8777777777777778, 0.8407407407407408, 0.8925925925925926, 0.8777777777777778, 0.9148148148148149, 0.9296296296296296, 0.8888888888888888
2024-05-21 20:35:23 - WARNING  - Epoch: 391, Sum of Accs: 8.896, Sum of s_i: 27.16820409127159
2024-05-21 20:35:27 - INFO     - {6: 2.7289467413170443, 9: 2.7782672661734678, 0: 2.8088507669595697, 2: 2.5904081360109523, 4: 2.769516873892131, 3: 2.590294727332821, 5: 2.770044376886157, 1: 2.766799719361867, 8: 2.657307958564963, 7: 2.7265664284177586}
2024-05-21 20:35:27 - INFO     - 0.9111111111111111, 0.8814814814814815, 0.8814814814814815, 0.8777777777777778, 0.8407407407407408, 0.8925925925925926, 0.8777777777777778, 0.9148148148148149, 0.9296296296296296, 0.8888888888888888
2024-05-21 20:35:27 - WARNING  - Epoch: 392, Sum of Accs: 8.896, Sum of s_i: 27.187002994916732
2024-05-21 20:35:31 - INFO     - {6: 2.730843114173472, 9: 2.780290928744146, 0: 2.810954116523826, 2: 2.591957112436527, 4: 2.7715215419727777, 3: 2.591844190829309, 5: 2.7720519981201317, 1: 2.768802185921483, 8: 2.6590299735183134, 7: 2.7284665050507986}
2024-05-21 20:35:31 - INFO     - 0.9111111111111111, 0.8814814814814815, 0.8814814814814815, 0.8777777777777778, 0.8407407407407408, 0.8925925925925926, 0.8777777777777778, 0.9148148148148149, 0.9296296296296296, 0.8888888888888888
2024-05-21 20:35:31 - WARNING  - Epoch: 393, Sum of Accs: 8.896, Sum of s_i: 27.20576166729078
2024-05-21 20:35:36 - INFO     - {6: 2.732735121711322, 9: 2.782310227741533, 0: 2.8130526331139754, 2: 2.5935007681610514, 4: 2.773522210749407, 3: 2.5933896550217796, 5: 2.7740556200500897, 1: 2.770798890147898, 8: 2.660747989167647, 7: 2.7303612609827876}
2024-05-21 20:35:36 - INFO     - 0.9111111111111111, 0.8814814814814815, 0.8814814814814815, 0.8777777777777778, 0.8407407407407408, 0.8925925925925926, 0.8777777777777778, 0.9148148148148149, 0.9296296296296296, 0.8888888888888888
2024-05-21 20:35:36 - WARNING  - Epoch: 394, Sum of Accs: 8.896, Sum of s_i: 27.22447437684749
2024-05-21 20:35:40 - INFO     - {6: 2.734622781817951, 9: 2.7843251810419947, 0: 2.81514680578934, 2: 2.59504103531641, 4: 2.775519490956871, 3: 2.5949312630264094, 5: 2.7760553857922066, 1: 2.7727917381864726, 8: 2.662462616247815, 7: 2.732252160726936}
2024-05-21 20:35:40 - INFO     - 0.9111111111111111, 0.8814814814814815, 0.8814814814814815, 0.8777777777777778, 0.8407407407407408, 0.8925925925925926, 0.8777777777777778, 0.9148148148148149, 0.9296296296296296, 0.8888888888888888
2024-05-21 20:35:40 - WARNING  - Epoch: 395, Sum of Accs: 8.896, Sum of s_i: 27.243148458902407
2024-05-21 20:35:44 - INFO     - {6: 2.7365061106111077, 9: 2.786335804753042, 0: 2.8172366506469886, 2: 2.5965765070353766, 4: 2.7775111359767606, 3: 2.596468543213323, 5: 2.7780508237166073, 1: 2.7747802584073304, 8: 2.664172913738569, 7: 2.734138732653368}
2024-05-21 20:35:44 - INFO     - 0.9111111111111111, 0.8814814814814815, 0.8814814814814815, 0.8777777777777778, 0.8407407407407408, 0.8925925925925926, 0.8777777777777778, 0.9148148148148149, 0.9296296296296296, 0.8888888888888888
2024-05-21 20:35:44 - WARNING  - Epoch: 396, Sum of Accs: 8.896, Sum of s_i: 27.26177748075247
2024-05-21 20:35:48 - INFO     - {6: 2.738385125636036, 9: 2.7883421164091615, 0: 2.8193226492966863, 2: 2.5981071860281237, 4: 2.779498828021613, 3: 2.5980010306740167, 5: 2.780041468914788, 1: 2.7767623580568825, 8: 2.6658779526561256, 7: 2.736018884008494}
2024-05-21 20:35:48 - INFO     - 0.9111111111111111, 0.8814814814814815, 0.8814814814814815, 0.8777777777777778, 0.8407407407407408, 0.8925925925925926, 0.8777777777777778, 0.9148148148148149, 0.9296296296296296, 0.8888888888888888
2024-05-21 20:35:48 - WARNING  - Epoch: 397, Sum of Accs: 8.896, Sum of s_i: 27.280357599701926
2024-05-21 20:35:52 - INFO     - {6: 2.7402598452578153, 9: 2.7903441343643993, 0: 2.8214043542455025, 2: 2.599633574848441, 4: 2.781482229894036, 3: 2.59953060396504, 5: 2.7820287669303565, 1: 2.778742738368908, 8: 2.6675796443910698, 7: 2.7378973160260935}
2024-05-21 20:35:52 - INFO     - 0.9111111111111111, 0.8814814814814815, 0.8814814814814815, 0.8777777777777778, 0.8407407407407408, 0.8925925925925926, 0.8777777777777778, 0.9148148148148149, 0.9296296296296296, 0.8888888888888888
2024-05-21 20:35:52 - WARNING  - Epoch: 398, Sum of Accs: 8.896, Sum of s_i: 27.29890320829166
2024-05-21 20:35:57 - INFO     - {6: 2.7421302844506252, 9: 2.792341873583292, 0: 2.8234813198607904, 2: 2.6011566279222302, 4: 2.783461005609448, 3: 2.601053719095361, 5: 2.7840104957990968, 1: 2.780717549534106, 8: 2.669275766979186, 7: 2.7397701788968654}
2024-05-21 20:35:57 - INFO     - 0.9111111111111111, 0.8814814814814815, 0.8814814814814815, 0.8777777777777778, 0.8407407407407408, 0.8925925925925926, 0.8777777777777778, 0.9148148148148149, 0.9296296296296296, 0.8888888888888888
2024-05-21 20:35:57 - WARNING  - Epoch: 399, Sum of Accs: 8.896, Sum of s_i: 27.317398821731
2024-05-21 20:36:01 - INFO     - {6: 2.743996461698799, 9: 2.794335352539188, 0: 2.8255549154489428, 2: 2.602675420733023, 4: 2.7854368114723465, 3: 2.6025743203741003, 5: 2.7859892548153233, 1: 2.78268939084679, 8: 2.670968919714788, 7: 2.7416400719151235}
2024-05-21 20:36:01 - INFO     - 0.9111111111111111, 0.8814814814814815, 0.8814814814814815, 0.8777777777777778, 0.8407407407407408, 0.8925925925925926, 0.8777777777777778, 0.9148148148148149, 0.9296296296296296, 0.8925925925925926
2024-05-21 20:36:01 - WARNING  - Epoch: 400, Sum of Accs: 8.900, Sum of s_i: 27.335860919558424
2024-05-21 20:36:05 - INFO     - {6: 2.745858391626386, 9: 2.7963250138131754, 0: 2.827623378501736, 2: 2.6041903958619077, 4: 2.7874087996533365, 3: 2.6040911039709314, 5: 2.7879641961496415, 1: 2.784654451124394, 8: 2.672658254768482, 7: 2.7435061472514732}
2024-05-21 20:36:05 - INFO     - 0.9111111111111111, 0.8814814814814815, 0.8814814814814815, 0.8777777777777778, 0.8407407407407408, 0.8925925925925926, 0.8777777777777778, 0.9148148148148149, 0.9296296296296296, 0.8925925925925926
2024-05-21 20:36:05 - WARNING  - Epoch: 401, Sum of Accs: 8.900, Sum of s_i: 27.354280132721463
2024-05-21 20:36:09 - INFO     - {6: 2.7477160909542926, 9: 2.7983104444874822, 0: 2.8296884961696214, 2: 2.6057011403911114, 4: 2.7893748551412054, 3: 2.6056015040003424, 5: 2.7899324075902316, 1: 2.7866152936303643, 8: 2.674340859928448, 7: 2.7453654926940945}
2024-05-21 20:36:09 - INFO     - 0.9111111111111111, 0.8851851851851852, 0.8777777777777778, 0.8777777777777778, 0.8407407407407408, 0.8925925925925926, 0.8777777777777778, 0.9148148148148149, 0.9296296296296296, 0.8925925925925926
2024-05-21 20:36:10 - WARNING  - Epoch: 402, Sum of Accs: 8.900, Sum of s_i: 27.372646584987198
2024-05-21 20:36:14 - INFO     - {6: 2.7495695786029213, 9: 2.8002916634825117, 0: 2.8317485236631135, 2: 2.607207673241038, 4: 2.791337522548121, 3: 2.607108966823099, 5: 2.791896416879001, 1: 2.7885739964870657, 8: 2.676020874208068, 7: 2.74722224725637}
2024-05-21 20:36:14 - INFO     - 0.9111111111111111, 0.8851851851851852, 0.8777777777777778, 0.8777777777777778, 0.8407407407407408, 0.8925925925925926, 0.8777777777777778, 0.9148148148148149, 0.9296296296296296, 0.8925925925925926
2024-05-21 20:36:14 - WARNING  - Epoch: 403, Sum of Accs: 8.900, Sum of s_i: 27.390977463191312
2024-05-21 20:36:18 - INFO     - {6: 2.7514188694870385, 9: 2.8022682627012343, 0: 2.833804809875414, 2: 2.608709586314657, 4: 2.793295183038515, 3: 2.608610975220488, 5: 2.793857030522723, 1: 2.7905276924272453, 8: 2.677695881571166, 7: 2.7490739949021235}
2024-05-21 20:36:18 - INFO     - 0.9111111111111111, 0.8851851851851852, 0.8777777777777778, 0.8777777777777778, 0.8407407407407408, 0.8925925925925926, 0.8777777777777778, 0.9148148148148149, 0.9296296296296296, 0.8925925925925926
2024-05-21 20:36:18 - WARNING  - Epoch: 404, Sum of Accs: 8.900, Sum of s_i: 27.409262286060603
2024-05-21 20:36:22 - INFO     - {6: 2.7532639808606754, 9: 2.804241105421272, 0: 2.835856467732574, 2: 2.610206402643117, 4: 2.795249480809099, 3: 2.610110068406913, 5: 2.7958142814466354, 1: 2.7924780256476147, 8: 2.679367526214454, 7: 2.7509219114380485}
2024-05-21 20:36:22 - INFO     - 0.9111111111111111, 0.8851851851851852, 0.8814814814814815, 0.8777777777777778, 0.8407407407407408, 0.8925925925925926, 0.8777777777777778, 0.9148148148148149, 0.9296296296296296, 0.8925925925925926
2024-05-21 20:36:22 - WARNING  - Epoch: 405, Sum of Accs: 8.904, Sum of s_i: 27.427509250620403
2024-05-21 20:36:26 - INFO     - {6: 2.7551049280429214, 9: 2.8062093641913526, 0: 2.8379044134962332, 2: 2.6116999752680945, 4: 2.797200066486182, 3: 2.6116054494998373, 5: 2.7977678202770466, 1: 2.7944246467744835, 8: 2.681032529344003, 7: 2.7527665842704914}
2024-05-21 20:36:26 - INFO     - 0.9111111111111111, 0.8851851851851852, 0.8814814814814815, 0.8777777777777778, 0.8407407407407408, 0.8925925925925926, 0.8777777777777778, 0.9148148148148149, 0.9296296296296296, 0.8925925925925926
2024-05-21 20:36:26 - WARNING  - Epoch: 406, Sum of Accs: 8.904, Sum of s_i: 27.44571577765064
2024-05-21 20:36:31 - INFO     - {6: 2.756941726883623, 9: 2.8081734762321355, 0: 2.8399477654757854, 2: 2.6131889541089652, 4: 2.799145254572625, 3: 2.613094990466966, 5: 2.799716765323351, 1: 2.7963666741172455, 8: 2.682695868109683, 7: 2.7546066633188273}
2024-05-21 20:36:31 - INFO     - 0.9111111111111111, 0.8851851851851852, 0.8777777777777778, 0.8777777777777778, 0.8407407407407408, 0.8925925925925926, 0.8777777777777778, 0.9148148148148149, 0.9296296296296296, 0.8925925925925926
2024-05-21 20:36:31 - WARNING  - Epoch: 407, Sum of Accs: 8.900, Sum of s_i: 27.463878138609207
2024-05-21 20:36:35 - INFO     - {6: 2.7587743940212213, 9: 2.810133458172165, 0: 2.8419869890020593, 2: 2.6146738044965576, 4: 2.8010871180123225, 3: 2.6145804075871135, 5: 2.801661581916377, 1: 2.7983045730067286, 8: 2.684355523829419, 7: 2.756442613913885}
2024-05-21 20:36:35 - INFO     - 0.9111111111111111, 0.8851851851851852, 0.8777777777777778, 0.8777777777777778, 0.8407407407407408, 0.8925925925925926, 0.8777777777777778, 0.9148148148148149, 0.9296296296296296, 0.8925925925925926
2024-05-21 20:36:35 - WARNING  - Epoch: 408, Sum of Accs: 8.900, Sum of s_i: 27.482000463957846
2024-05-21 20:36:39 - INFO     - {6: 2.7606029450941514, 9: 2.8120897405914955, 0: 2.84402209960022, 2: 2.616155400770785, 4: 2.803025727338655, 3: 2.616062953514539, 5: 2.8036007120510926, 1: 2.800238358968099, 8: 2.686011480028456, 7: 2.7582744515808293}
2024-05-21 20:36:39 - INFO     - 0.9111111111111111, 0.8851851851851852, 0.8777777777777778, 0.8777777777777778, 0.8407407407407408, 0.8925925925925926, 0.8777777777777778, 0.9148148148148149, 0.9296296296296296, 0.8925925925925926
2024-05-21 20:36:39 - WARNING  - Epoch: 409, Sum of Accs: 8.900, Sum of s_i: 27.50008386953832
2024-05-21 20:36:43 - INFO     - {6: 2.762427395430208, 9: 2.814041508906447, 0: 2.84605355490875, 2: 2.617631580686401, 4: 2.8049589203063765, 3: 2.6175409418981017, 5: 2.8055368581721423, 1: 2.8021675873856062, 8: 2.687662019868881, 7: 2.7601026339581427}
2024-05-21 20:36:43 - INFO     - 0.9111111111111111, 0.8851851851851852, 0.8777777777777778, 0.8777777777777778, 0.8407407407407408, 0.8925925925925926, 0.8777777777777778, 0.9148148148148149, 0.9296296296296296, 0.8925925925925926
2024-05-21 20:36:43 - WARNING  - Epoch: 410, Sum of Accs: 8.900, Sum of s_i: 27.51812300152106
2024-05-21 20:36:47 - INFO     - {6: 2.7642477615121184, 9: 2.8159891945411237, 0: 2.8480804870141974, 2: 2.6191049919696088, 4: 2.8068877008141135, 3: 2.619014081781621, 5: 2.8074678228093046, 1: 2.804093194854263, 8: 2.6893077112092634, 7: 2.7619262931323734}
2024-05-21 20:36:47 - INFO     - 0.9111111111111111, 0.8851851851851852, 0.8777777777777778, 0.8777777777777778, 0.8407407407407408, 0.8925925925925926, 0.8777777777777778, 0.9148148148148149, 0.9296296296296296, 0.8925925925925926
2024-05-21 20:36:47 - WARNING  - Epoch: 411, Sum of Accs: 8.900, Sum of s_i: 27.536119239637987
2024-05-21 20:36:51 - INFO     - {6: 2.7660640594493002, 9: 2.8179332238247063, 0: 2.850104203291358, 2: 2.620574335108088, 4: 2.808814057004698, 3: 2.6204831607152217, 5: 2.8093950594803925, 1: 2.806012747395656, 8: 2.690949341599727, 7: 2.7637467364783177}
2024-05-21 20:36:51 - INFO     - 0.9111111111111111, 0.8851851851851852, 0.8777777777777778, 0.8777777777777778, 0.8407407407407408, 0.8925925925925926, 0.8777777777777778, 0.9148148148148149, 0.9296296296296296, 0.8925925925925926
2024-05-21 20:36:52 - WARNING  - Epoch: 412, Sum of Accs: 8.900, Sum of s_i: 27.554076924347463
2024-05-21 20:36:56 - INFO     - {6: 2.767876304312459, 9: 2.819872791360247, 0: 2.852123457820477, 2: 2.622038323980508, 4: 2.810735058929224, 3: 2.6219489580555884, 5: 2.8113190145582463, 1: 2.8079297847699674, 8: 2.6925876903969566, 7: 2.765561825558203}
2024-05-21 20:36:56 - INFO     - 0.9111111111111111, 0.8851851851851852, 0.8777777777777778, 0.8777777777777778, 0.8407407407407408, 0.8925925925925926, 0.8777777777777778, 0.9148148148148149, 0.9296296296296296, 0.8925925925925926
2024-05-21 20:36:56 - WARNING  - Epoch: 413, Sum of Accs: 8.900, Sum of s_i: 27.571993209741876
2024-05-21 20:37:00 - INFO     - {6: 2.769684511758221, 9: 2.8218083230243907, 0: 2.854138676478199, 2: 2.623499169499549, 4: 2.8126529175003703, 3: 2.6234116120425757, 5: 2.8132398262827207, 1: 2.8098436787908994, 8: 2.6942228958408068, 7: 2.76737056235571}
2024-05-21 20:37:00 - INFO     - 0.9111111111111111, 0.8851851851851852, 0.8777777777777778, 0.8777777777777778, 0.8407407407407408, 0.8925925925925926, 0.8777777777777778, 0.9148148148148149, 0.9296296296296296, 0.8925925925925926
2024-05-21 20:37:00 - WARNING  - Epoch: 414, Sum of Accs: 8.900, Sum of s_i: 27.58987217357344
2024-05-21 20:37:04 - INFO     - {6: 2.771488696468857, 9: 2.823740239081427, 0: 2.856150279528814, 2: 2.6249551075169006, 4: 2.8145658685698276, 3: 2.624869358527874, 5: 2.815155730505506, 1: 2.8117526653101423, 8: 2.695853193782968, 7: 2.769177600580527}
2024-05-21 20:37:04 - INFO     - 0.9111111111111111, 0.8851851851851852, 0.8777777777777778, 0.8777777777777778, 0.8407407407407408, 0.8925925925925926, 0.8777777777777778, 0.9148148148148149, 0.9296296296296296, 0.8925925925925926
2024-05-21 20:37:04 - WARNING  - Epoch: 415, Sum of Accs: 8.900, Sum of s_i: 27.60770873987284
2024-05-21 20:37:08 - INFO     - {6: 2.773288874213078, 9: 2.8256677441090905, 0: 2.8581574715500557, 2: 2.626407926399461, 4: 2.8164744916151387, 3: 2.626323985878381, 5: 2.8170685155935002, 1: 2.813657323805239, 8: 2.697480372590338, 7: 2.770980310781198}
2024-05-21 20:37:08 - INFO     - 0.9111111111111111, 0.8851851851851852, 0.8777777777777778, 0.8777777777777778, 0.8407407407407408, 0.8925925925925926, 0.8777777777777778, 0.9148148148148149, 0.9296296296296296, 0.8925925925925926
2024-05-21 20:37:08 - WARNING  - Epoch: 416, Sum of Accs: 8.900, Sum of s_i: 27.62550701653548
2024-05-21 20:37:13 - INFO     - {6: 2.7750850597809236, 9: 2.8275912584794765, 0: 2.8601602419040932, 2: 2.627856323614817, 4: 2.8183803328925268, 3: 2.6277746225716103, 5: 2.818977310024217, 1: 2.815559200532413, 8: 2.69910356074043, 7: 2.7727802392139456}
2024-05-21 20:37:13 - INFO     - 0.9111111111111111, 0.8851851851851852, 0.8777777777777778, 0.8777777777777778, 0.8407407407407408, 0.8925925925925926, 0.8777777777777778, 0.9148148148148149, 0.9296296296296296, 0.8925925925925926
2024-05-21 20:37:13 - WARNING  - Epoch: 417, Sum of Accs: 8.900, Sum of s_i: 27.643268149754455
2024-05-21 20:37:17 - INFO     - {6: 2.7768772676525533, 9: 2.8295107966640813, 0: 2.86215903762598, 2: 2.629301175654319, 4: 2.820281768527837, 3: 2.629220853622762, 5: 2.8208816988128556, 1: 2.8174566716175087, 8: 2.7007223432484446, 7: 2.7745757620046154}
2024-05-21 20:37:17 - INFO     - 0.9111111111111111, 0.8851851851851852, 0.8777777777777778, 0.8777777777777778, 0.8407407407407408, 0.8925925925925926, 0.8777777777777778, 0.9148148148148149, 0.9296296296296296, 0.8925925925925926
2024-05-21 20:37:17 - WARNING  - Epoch: 418, Sum of Accs: 8.900, Sum of s_i: 27.66098737543096
2024-05-21 20:37:21 - INFO     - {6: 2.778665513320707, 9: 2.8314263741466363, 0: 2.8641547016341122, 2: 2.6307411933535065, 4: 2.822179672917394, 3: 2.6306619344460698, 5: 2.8227825563557407, 1: 2.819351010988851, 8: 2.7023379940427055, 7: 2.7763681530815316}
2024-05-21 20:37:21 - INFO     - 0.9111111111111111, 0.8851851851851852, 0.8777777777777778, 0.8777777777777778, 0.8407407407407408, 0.8925925925925926, 0.8777777777777778, 0.9148148148148149, 0.9296296296296296, 0.8925925925925926
2024-05-21 20:37:21 - WARNING  - Epoch: 419, Sum of Accs: 8.900, Sum of s_i: 27.678669104287252
2024-05-21 20:37:25 - INFO     - {6: 2.780449811237599, 9: 2.833338005370778, 0: 2.866145593475634, 2: 2.6321772680767275, 4: 2.824073631048538, 3: 2.6321002616168565, 5: 2.8246785972843953, 1: 2.8212410045697807, 8: 2.703948428690736, 7: 2.7781553280122173}
2024-05-21 20:37:25 - INFO     - 0.9111111111111111, 0.8851851851851852, 0.8777777777777778, 0.8777777777777778, 0.8407407407407408, 0.8925925925925926, 0.8777777777777778, 0.9111111111111111, 0.9296296296296296, 0.8925925925925926
2024-05-21 20:37:25 - WARNING  - Epoch: 420, Sum of Accs: 8.896, Sum of s_i: 27.696307929383266
2024-05-21 20:37:29 - INFO     - {6: 2.782230177008193, 9: 2.8352457059324965, 0: 2.8681325561812345, 2: 2.6336098576436466, 4: 2.825962472300428, 3: 2.633534659651722, 5: 2.826570391689614, 1: 2.8231258812714564, 8: 2.7055530367324416, 7: 2.779938256419467}
2024-05-21 20:37:29 - INFO     - 0.9111111111111111, 0.8851851851851852, 0.8777777777777778, 0.8777777777777778, 0.8407407407407408, 0.8925925925925926, 0.8777777777777778, 0.9111111111111111, 0.9296296296296296, 0.8925925925925926
2024-05-21 20:37:29 - WARNING  - Epoch: 421, Sum of Accs: 8.896, Sum of s_i: 27.7139029948307
2024-05-21 20:37:34 - INFO     - {6: 2.7840066263709247, 9: 2.8371498866416283, 0: 2.8701164238839447, 2: 2.6350393522076754, 4: 2.8278489799165625, 3: 2.6349659626836974, 5: 2.8284598524590763, 1: 2.8250084243373763, 8: 2.707153738451918, 7: 2.781718851190961}
2024-05-21 20:37:34 - INFO     - 0.9111111111111111, 0.8851851851851852, 0.8777777777777778, 0.8777777777777778, 0.8407407407407408, 0.8925925925925926, 0.8777777777777778, 0.9111111111111111, 0.9296296296296296, 0.8925925925925926
2024-05-21 20:37:34 - WARNING  - Epoch: 422, Sum of Accs: 8.896, Sum of s_i: 27.731468098143765
2024-05-21 20:37:38 - INFO     - {6: 2.7857791719426728, 9: 2.8390497699465014, 0: 2.8720959941823963, 2: 2.636463688102672, 4: 2.8297300127240765, 3: 2.636392107046641, 5: 2.830344154559507, 1: 2.826885492594676, 8: 2.7087521181321366, 7: 2.783494287293423}
2024-05-21 20:37:38 - INFO     - 0.9111111111111111, 0.8851851851851852, 0.8777777777777778, 0.8777777777777778, 0.8407407407407408, 0.8888888888888888, 0.8777777777777778, 0.9111111111111111, 0.9296296296296296, 0.8925925925925926
2024-05-21 20:37:38 - WARNING  - Epoch: 423, Sum of Accs: 8.893, Sum of s_i: 27.748986796524704
2024-05-21 20:37:42 - INFO     - {6: 2.7875478299432026, 9: 2.8409457671381757, 0: 2.8740712580447547, 2: 2.63788414100415, 4: 2.8316071638769262, 3: 2.6378148062382647, 5: 2.8322245736664184, 1: 2.828759431820244, 8: 2.710347368780623, 7: 2.7852636095429353}
2024-05-21 20:37:42 - INFO     - 0.9111111111111111, 0.8851851851851852, 0.8777777777777778, 0.8777777777777778, 0.8407407407407408, 0.8888888888888888, 0.8777777777777778, 0.9111111111111111, 0.9296296296296296, 0.8925925925925926
2024-05-21 20:37:42 - WARNING  - Epoch: 424, Sum of Accs: 8.893, Sum of s_i: 27.766465950055697
2024-05-21 20:37:46 - INFO     - {6: 2.789312615013934, 9: 2.8428378928496074, 0: 2.876042651918319, 2: 2.6393011617390325, 4: 2.8334811976639145, 3: 2.6392324709319994, 5: 2.8341003960976403, 1: 2.8306295010570177, 8: 2.711938749440315, 7: 2.787031730485283}
2024-05-21 20:37:46 - INFO     - 0.9111111111111111, 0.8851851851851852, 0.8777777777777778, 0.8777777777777778, 0.8407407407407408, 0.8888888888888888, 0.8777777777777778, 0.9074074074074074, 0.9296296296296296, 0.8925925925925926
2024-05-21 20:37:46 - WARNING  - Epoch: 425, Sum of Accs: 8.889, Sum of s_i: 27.78390836719706
2024-05-21 20:37:51 - INFO     - {6: 2.791073541123152, 9: 2.844726550305226, 0: 2.878010996367516, 2: 2.640713891376373, 4: 2.835350628206965, 3: 2.6406462838937426, 5: 2.8359743336135894, 1: 2.8324965208694244, 8: 2.71352708067564, 7: 2.7887933460451504}
2024-05-21 20:37:51 - INFO     - 0.9111111111111111, 0.8851851851851852, 0.8777777777777778, 0.8777777777777778, 0.8407407407407408, 0.8888888888888888, 0.8777777777777778, 0.9074074074074074, 0.9296296296296296, 0.8925925925925926
2024-05-21 20:37:51 - WARNING  - Epoch: 426, Sum of Accs: 8.889, Sum of s_i: 27.801313172476778
2024-05-21 20:37:55 - INFO     - {6: 2.792830622383229, 9: 2.846611362911703, 0: 2.879974692177231, 2: 2.642122780751446, 4: 2.8372165306341435, 3: 2.642056981736762, 5: 2.837843189194096, 1: 2.8343584587463884, 8: 2.715110329975522, 7: 2.7905533356276884}
2024-05-21 20:37:55 - INFO     - 0.9111111111111111, 0.8851851851851852, 0.8777777777777778, 0.8777777777777778, 0.8407407407407408, 0.8888888888888888, 0.8777777777777778, 0.9074074074074074, 0.9296296296296296, 0.8925925925925926
2024-05-21 20:37:55 - WARNING  - Epoch: 427, Sum of Accs: 8.889, Sum of s_i: 27.818678284138212
2024-05-21 20:37:59 - INFO     - {6: 2.7945838733156094, 9: 2.848491958784219, 0: 2.8819345606359383, 2: 2.6435278442671395, 4: 2.8390786072019427, 3: 2.643463134056155, 5: 2.8397074992509763, 1: 2.8362165707639733, 8: 2.7166897534160253, 7: 2.7923087796866004}
2024-05-21 20:37:59 - INFO     - 0.9111111111111111, 0.8851851851851852, 0.8777777777777778, 0.8777777777777778, 0.8407407407407408, 0.8888888888888888, 0.8777777777777778, 0.9074074074074074, 0.9296296296296296, 0.8925925925925926
2024-05-21 20:37:59 - WARNING  - Epoch: 428, Sum of Accs: 8.889, Sum of s_i: 27.83600258137858
2024-05-21 20:38:03 - INFO     - {6: 2.796333308636858, 9: 2.8503691254518677, 0: 2.8838914142971657, 2: 2.6449303247896854, 4: 2.8409365637624613, 3: 2.6448674230466476, 5: 2.841569945978956, 1: 2.8380720997884104, 8: 2.7182665938633805, 7: 2.7940623604166115}
2024-05-21 20:38:03 - INFO     - 0.9111111111111111, 0.8851851851851852, 0.8777777777777778, 0.8777777777777778, 0.8407407407407408, 0.8888888888888888, 0.8777777777777778, 0.9074074074074074, 0.9296296296296296, 0.8925925925925926
2024-05-21 20:38:03 - WARNING  - Epoch: 429, Sum of Accs: 8.889, Sum of s_i: 27.85329916003204
2024-05-21 20:38:08 - INFO     - {6: 2.798078940133315, 9: 2.8522421047142705, 0: 2.885843669053784, 2: 2.6463286179069847, 4: 2.842791869931866, 3: 2.646265969738918, 5: 2.8434277938023262, 1: 2.839923441407601, 8: 2.7198365706673497, 7: 2.7958101988484008}
2024-05-21 20:38:08 - INFO     - 0.9111111111111111, 0.8851851851851852, 0.8777777777777778, 0.8777777777777778, 0.8407407407407408, 0.8888888888888888, 0.8777777777777778, 0.9074074074074074, 0.9296296296296296, 0.8925925925925926
2024-05-21 20:38:08 - WARNING  - Epoch: 430, Sum of Accs: 8.889, Sum of s_i: 27.870549176204815
2024-05-21 20:38:12 - INFO     - {6: 2.7998207836869464, 9: 2.8541116796143027, 0: 2.8877929309473944, 2: 2.647723506661914, 4: 2.8446422459520524, 3: 2.6476626669617938, 5: 2.84528041100446, 1: 2.8417713786644208, 8: 2.7214058193470883, 7: 2.7975546620239466}
2024-05-21 20:38:12 - INFO     - 0.9111111111111111, 0.8851851851851852, 0.8777777777777778, 0.8777777777777778, 0.8407407407407408, 0.8888888888888888, 0.8777777777777778, 0.9074074074074074, 0.9296296296296296, 0.8925925925925926
2024-05-21 20:38:12 - WARNING  - Epoch: 431, Sum of Accs: 8.889, Sum of s_i: 27.887766084864317
2024-05-21 20:38:16 - INFO     - {6: 2.801558852174272, 9: 2.8559770986611563, 0: 2.8897380369878265, 2: 2.6491134049293645, 4: 2.8464888529048293, 3: 2.649054069330412, 5: 2.84712926217646, 1: 2.8436151600680626, 8: 2.7229697731725695, 7: 2.799294647197978}
2024-05-21 20:38:16 - INFO     - 0.9111111111111111, 0.8851851851851852, 0.8777777777777778, 0.8777777777777778, 0.8407407407407408, 0.8888888888888888, 0.8777777777777778, 0.9074074074074074, 0.9296296296296296, 0.8925925925925926
2024-05-21 20:38:16 - WARNING  - Epoch: 432, Sum of Accs: 8.889, Sum of s_i: 27.90493915760293
2024-05-21 20:38:20 - INFO     - {6: 2.803293160774936, 9: 2.8578391386082207, 0: 2.8916797639284693, 2: 2.650500758731326, 4: 2.8483317050705246, 3: 2.6504413140062986, 5: 2.848976582183855, 1: 2.8454540476835435, 8: 2.7245284604182456, 7: 2.801031586519033}
2024-05-21 20:38:20 - INFO     - 0.9111111111111111, 0.8851851851851852, 0.8777777777777778, 0.8777777777777778, 0.8407407407407408, 0.8888888888888888, 0.8777777777777778, 0.9074074074074074, 0.9296296296296296, 0.8925925925925926
2024-05-21 20:38:20 - WARNING  - Epoch: 433, Sum of Accs: 8.889, Sum of s_i: 27.922076517924452
2024-05-21 20:38:24 - INFO     - {6: 2.8050237228397785, 9: 2.8596970539941564, 0: 2.8936169605260993, 2: 2.651883159161805, 4: 2.850171118553109, 3: 2.651824819508421, 5: 2.8508193718482366, 1: 2.8472894966159137, 8: 2.7260852207735344, 7: 2.802765087156977}
2024-05-21 20:38:24 - INFO     - 0.9111111111111111, 0.8851851851851852, 0.8777777777777778, 0.8777777777777778, 0.8407407407407408, 0.8888888888888888, 0.8777777777777778, 0.9074074074074074, 0.9296296296296296, 0.8925925925925926
2024-05-21 20:38:24 - WARNING  - Epoch: 434, Sum of Accs: 8.889, Sum of s_i: 27.93917601097803
2024-05-21 20:38:29 - INFO     - {6: 2.806750552143656, 9: 2.8615512379882686, 0: 2.8955512081699557, 2: 2.65326303366698, 4: 2.852006502476574, 3: 2.653204998847727, 5: 2.8526577089250296, 1: 2.849120915989164, 8: 2.727637951569703, 7: 2.8044927193469924}
2024-05-21 20:38:29 - INFO     - 0.9111111111111111, 0.8851851851851852, 0.8777777777777778, 0.8777777777777778, 0.8407407407407408, 0.8888888888888888, 0.8777777777777778, 0.9074074074074074, 0.9296296296296296, 0.8925925925925926
2024-05-21 20:38:29 - WARNING  - Epoch: 435, Sum of Accs: 8.889, Sum of s_i: 27.95623682912405
2024-05-21 20:38:33 - INFO     - {6: 2.8084736625894893, 9: 2.8634020797805024, 0: 2.897480958607929, 2: 2.6546391893141106, 4: 2.8538381730687212, 3: 2.654582962962804, 5: 2.854492332670505, 1: 2.850948622031097, 8: 2.729186270430794, 7: 2.8062184770944993}
2024-05-21 20:38:33 - INFO     - 0.9111111111111111, 0.8851851851851852, 0.8777777777777778, 0.8777777777777778, 0.8407407407407408, 0.8888888888888888, 0.8777777777777778, 0.9074074074074074, 0.9296296296296296, 0.8925925925925926
2024-05-21 20:38:33 - WARNING  - Epoch: 436, Sum of Accs: 8.889, Sum of s_i: 27.973262728550456
2024-05-21 20:38:37 - INFO     - {6: 2.8101930672148696, 9: 2.8652488418112996, 0: 2.899407006054706, 2: 2.6560104448717996, 4: 2.8556668604289226, 3: 2.6559564457388465, 5: 2.8563235544336276, 1: 2.852773746418682, 8: 2.7307318859132925, 7: 2.807940832859653}
2024-05-21 20:38:37 - INFO     - 0.9111111111111111, 0.8851851851851852, 0.8777777777777778, 0.8777777777777778, 0.8407407407407408, 0.8888888888888888, 0.8777777777777778, 0.9074074074074074, 0.9296296296296296, 0.8925925925925926
2024-05-21 20:38:37 - WARNING  - Epoch: 437, Sum of Accs: 8.889, Sum of s_i: 27.990252685745702
2024-05-21 20:38:41 - INFO     - {6: 2.811908779235151, 9: 2.867092285177981, 0: 2.901329363547857, 2: 2.657378429226269, 4: 2.8574918578354973, 3: 2.6573262385612626, 5: 2.858151504993531, 1: 2.8545947792750423, 8: 2.7322742301925715, 7: 2.8096599174215875}
2024-05-21 20:38:41 - INFO     - 0.9111111111111111, 0.8851851851851852, 0.8777777777777778, 0.8777777777777778, 0.837037037037037, 0.8888888888888888, 0.8777777777777778, 0.9074074074074074, 0.9296296296296296, 0.8925925925925926
2024-05-21 20:38:41 - WARNING  - Epoch: 438, Sum of Accs: 8.885, Sum of s_i: 28.00720738546675
2024-05-21 20:38:45 - INFO     - {6: 2.813620811671927, 9: 2.8689316777054823, 0: 2.9032484430689367, 2: 2.6587431356086673, 4: 2.8593135772700005, 3: 2.6586912479630667, 5: 2.859974672132822, 1: 2.856412534159331, 8: 2.733813296499779, 7: 2.8113757240114503}
2024-05-21 20:38:45 - INFO     - 0.9111111111111111, 0.8851851851851852, 0.8777777777777778, 0.8777777777777778, 0.8407407407407408, 0.8888888888888888, 0.8777777777777778, 0.9074074074074074, 0.9296296296296296, 0.8925925925925926
2024-05-21 20:38:45 - WARNING  - Epoch: 439, Sum of Accs: 8.889, Sum of s_i: 28.024125120091465
2024-05-21 20:38:50 - INFO     - {6: 2.8153291778722096, 9: 2.8707674053279546, 0: 2.9051634602426537, 2: 2.660103779643703, 4: 2.8611312343571416, 3: 2.6600525980694454, 5: 2.8617952823732913, 1: 2.8582251242996546, 8: 2.735347198063021, 7: 2.8130849535435085}
2024-05-21 20:38:50 - INFO     - 0.9111111111111111, 0.8851851851851852, 0.8777777777777778, 0.8777777777777778, 0.8407407407407408, 0.8888888888888888, 0.8777777777777778, 0.9074074074074074, 0.9296296296296296, 0.8925925925925926
2024-05-21 20:38:50 - WARNING  - Epoch: 440, Sum of Accs: 8.889, Sum of s_i: 28.041000213792582
2024-05-21 20:38:54 - INFO     - {6: 2.8170338923646137, 9: 2.872599851166759, 0: 2.9070748283151233, 2: 2.661460361422082, 4: 2.8629448291876263, 3: 2.661410988315771, 5: 2.863611830357104, 1: 2.860034754579925, 8: 2.7368781397662096, 7: 2.814792635529353}
2024-05-21 20:38:54 - INFO     - 0.9111111111111111, 0.8851851851851852, 0.8777777777777778, 0.8777777777777778, 0.8407407407407408, 0.8888888888888888, 0.8777777777777778, 0.9074074074074074, 0.9296296296296296, 0.8925925925925926
2024-05-21 20:38:54 - WARNING  - Epoch: 441, Sum of Accs: 8.889, Sum of s_i: 28.057842111004565
2024-05-21 20:38:58 - INFO     - {6: 2.8187349675876363, 9: 2.8744282904520304, 0: 2.9089825598698575, 2: 2.6628137198381348, 4: 2.8647552006557846, 3: 2.6627661551997703, 5: 2.865423768085448, 1: 2.861841161497869, 8: 2.7384044712139293, 7: 2.816497094152871}
2024-05-21 20:38:58 - INFO     - 0.9111111111111111, 0.8851851851851852, 0.8777777777777778, 0.8777777777777778, 0.837037037037037, 0.8888888888888888, 0.8777777777777778, 0.9074074074074074, 0.9296296296296296, 0.8925925925925926
2024-05-21 20:38:58 - WARNING  - Epoch: 442, Sum of Accs: 8.885, Sum of s_i: 28.07464738855333
2024-05-21 20:39:02 - INFO     - {6: 2.8204324166761574, 9: 2.87625310491196, 0: 2.9108874272983574, 2: 2.664163044209126, 4: 2.8665623420227164, 3: 2.6641180919825436, 5: 2.867232087204589, 1: 2.8636425629134674, 8: 2.739927184052446, 7: 2.8181983226751623}
2024-05-21 20:39:02 - INFO     - 0.9111111111111111, 0.8851851851851852, 0.8777777777777778, 0.8777777777777778, 0.837037037037037, 0.8888888888888888, 0.8777777777777778, 0.9074074074074074, 0.9296296296296296, 0.8925925925925926
2024-05-21 20:39:02 - WARNING  - Epoch: 443, Sum of Accs: 8.885, Sum of s_i: 28.091416583946522
2024-05-21 20:39:07 - INFO     - {6: 2.8221262526046527, 9: 2.878074307513791, 0: 2.912787924858261, 2: 2.6655095606658534, 4: 2.8683647806889723, 3: 2.6654664169072175, 5: 2.86903856986675, 1: 2.865442127872086, 8: 2.7414469695914057, 7: 2.819895939339355}
2024-05-21 20:39:07 - INFO     - 0.9111111111111111, 0.8851851851851852, 0.8777777777777778, 0.8777777777777778, 0.837037037037037, 0.8888888888888888, 0.8777777777777778, 0.9074074074074074, 0.9296296296296296, 0.8925925925925926
2024-05-21 20:39:07 - WARNING  - Epoch: 444, Sum of Accs: 8.885, Sum of s_i: 28.10815284990834
2024-05-21 20:39:11 - INFO     - {6: 2.8238164876258174, 9: 2.879891910503274, 0: 2.914685214841322, 2: 2.6668528408883154, 4: 2.870164710585457, 3: 2.6668111422195437, 5: 2.8708414529165633, 1: 2.867238456596439, 8: 2.7429642463605948, 7: 2.8215899563911995}
2024-05-21 20:39:11 - INFO     - 0.9111111111111111, 0.8851851851851852, 0.8777777777777778, 0.8777777777777778, 0.837037037037037, 0.8888888888888888, 0.8777777777777778, 0.9074074074074074, 0.9296296296296296, 0.8925925925925926
2024-05-21 20:39:11 - WARNING  - Epoch: 445, Sum of Accs: 8.885, Sum of s_i: 28.124856418928523
2024-05-21 20:39:15 - INFO     - {6: 2.8255031339016257, 9: 2.8817059260354987, 0: 2.9165785279916103, 2: 2.6681913745675723, 4: 2.8719606636491695, 3: 2.6681508118048787, 5: 2.8726392802393854, 1: 2.869028693188039, 8: 2.744477139964661, 7: 2.8232799966102715}
2024-05-21 20:39:15 - INFO     - 0.9111111111111111, 0.8851851851851852, 0.8777777777777778, 0.8777777777777778, 0.837037037037037, 0.8888888888888888, 0.8777777777777778, 0.9074074074074074, 0.9296296296296296, 0.8925925925925926
2024-05-21 20:39:15 - WARNING  - Epoch: 446, Sum of Accs: 8.885, Sum of s_i: 28.141515547952714
2024-05-21 20:39:19 - INFO     - {6: 2.827186206071272, 9: 2.8835167295515456, 0: 2.9184690185012356, 2: 2.6695274919385157, 4: 2.8737537940722184, 3: 2.6694887376437686, 5: 2.874435363815763, 1: 2.8708178590608737, 8: 2.7459876172604143, 7: 2.82496721418868}
2024-05-21 20:39:19 - INFO     - 0.9111111111111111, 0.8851851851851852, 0.8777777777777778, 0.8777777777777778, 0.8407407407407408, 0.8888888888888888, 0.8777777777777778, 0.9074074074074074, 0.9296296296296296, 0.8925925925925926
2024-05-21 20:39:19 - WARNING  - Epoch: 447, Sum of Accs: 8.889, Sum of s_i: 28.158150032104288
2024-05-21 20:39:24 - INFO     - {6: 2.828865714485189, 9: 2.8853236097764103, 0: 2.92035519897497, 2: 2.6708592992735687, 4: 2.8755426144593765, 3: 2.670822353446768, 5: 2.8762257807226863, 1: 2.872603101642526, 8: 2.7474937845202767, 7: 2.8266505084759066}
2024-05-21 20:39:24 - INFO     - 0.9111111111111111, 0.8851851851851852, 0.8777777777777778, 0.8777777777777778, 0.837037037037037, 0.8888888888888888, 0.8777777777777778, 0.9074074074074074, 0.9296296296296296, 0.8925925925925926
2024-05-21 20:39:24 - WARNING  - Epoch: 448, Sum of Accs: 8.885, Sum of s_i: 28.17474196577768
2024-05-21 20:39:28 - INFO     - {6: 2.830541673289133, 9: 2.8871269416579683, 0: 2.9222382178501065, 2: 2.6721879450100237, 4: 2.877328273247937, 3: 2.6721528076511696, 5: 2.878014392664575, 1: 2.874385154149658, 8: 2.748996790181541, 7: 2.8283302544198268}
2024-05-21 20:39:28 - INFO     - 0.9111111111111111, 0.8851851851851852, 0.8777777777777778, 0.8777777777777778, 0.837037037037037, 0.8888888888888888, 0.8777777777777778, 0.9074074074074074, 0.9296296296296296, 0.8925925925925926
2024-05-21 20:39:28 - WARNING  - Epoch: 449, Sum of Accs: 8.885, Sum of s_i: 28.19130245012194
2024-05-21 20:39:32 - INFO     - {6: 2.8322140942102867, 9: 2.8889270939255227, 0: 2.9241173158839757, 2: 2.6735134111324745, 4: 2.8791093273693606, 3: 2.673479341014304, 5: 2.879797736985535, 1: 2.876162243720867, 8: 2.7504951911756685, 7: 2.830006820749743}
2024-05-21 20:39:32 - INFO     - 0.9111111111111111, 0.8851851851851852, 0.8777777777777778, 0.8777777777777778, 0.837037037037037, 0.8888888888888888, 0.8777777777777778, 0.9074074074074074, 0.9296296296296296, 0.8925925925925926
2024-05-21 20:39:32 - WARNING  - Epoch: 450, Sum of Accs: 8.885, Sum of s_i: 28.207822576167736
2024-05-21 20:39:36 - INFO     - {6: 2.833882990836685, 9: 2.890723721898322, 0: 2.925993630850353, 2: 2.6748353529601703, 4: 2.880888282249162, 3: 2.674803091309946, 5: 2.8815796450186646, 1: 2.8779347733324117, 8: 2.751991492928174, 7: 2.831679862784904}
2024-05-21 20:39:36 - INFO     - 0.9111111111111111, 0.8851851851851852, 0.8777777777777778, 0.8777777777777778, 0.837037037037037, 0.8888888888888888, 0.8777777777777778, 0.9074074074074074, 0.9296296296296296, 0.8925925925925926
2024-05-21 20:39:36 - WARNING  - Epoch: 451, Sum of Accs: 8.885, Sum of s_i: 28.22431284416879
2024-05-21 20:39:40 - INFO     - {6: 2.8355483744748335, 9: 2.8925164823733165, 0: 2.927866078318926, 2: 2.6761526472554893, 4: 2.8826625895965865, 3: 2.676122194073212, 5: 2.8833569055194177, 1: 2.8797037997499055, 8: 2.753483147148303, 7: 2.833348257287688}
2024-05-21 20:39:40 - INFO     - 0.9111111111111111, 0.8851851851851852, 0.8777777777777778, 0.8777777777777778, 0.837037037037037, 0.8888888888888888, 0.8777777777777778, 0.9074074074074074, 0.9296296296296296, 0.8925925925925926
2024-05-21 20:39:40 - WARNING  - Epoch: 452, Sum of Accs: 8.885, Sum of s_i: 28.240760475797675
2024-05-21 20:39:45 - INFO     - {6: 2.8372102591111883, 9: 2.8943060983560716, 0: 2.9297346476578943, 2: 2.6774668434557762, 4: 2.8844331225235447, 3: 2.677437522416011, 5: 2.8851318015625034, 1: 2.8814710444520837, 8: 2.7549717032733994, 7: 2.835012877370006}
2024-05-21 20:39:45 - INFO     - 0.9111111111111111, 0.8851851851851852, 0.8777777777777778, 0.8777777777777778, 0.837037037037037, 0.8888888888888888, 0.8777777777777778, 0.9074074074074074, 0.9296296296296296, 0.8925925925925926
2024-05-21 20:39:45 - WARNING  - Epoch: 453, Sum of Accs: 8.885, Sum of s_i: 28.25717592017848
2024-05-21 20:39:49 - INFO     - {6: 2.8388686564662136, 9: 2.8960918750195304, 0: 2.9315997322928316, 2: 2.6787771591585763, 4: 2.886201226094006, 3: 2.6787504214023135, 5: 2.886902858286293, 1: 2.883234408656775, 8: 2.756456378901009, 7: 2.836674293280271}
2024-05-21 20:39:49 - INFO     - 0.9111111111111111, 0.8851851851851852, 0.8777777777777778, 0.8777777777777778, 0.837037037037037, 0.8888888888888888, 0.8777777777777778, 0.9074074074074074, 0.9296296296296296, 0.8925925925925926
2024-05-21 20:39:49 - WARNING  - Epoch: 454, Sum of Accs: 8.885, Sum of s_i: 28.27355700955782
2024-05-21 20:39:53 - INFO     - {6: 2.8405235786817107, 9: 2.8978741777693715, 0: 2.9334620728483074, 2: 2.6800851265753707, 4: 2.887965855750849, 3: 2.680059846474998, 5: 2.8886704410964645, 1: 2.884995073763404, 8: 2.7579387062426126, 7: 2.8383330100924744}
2024-05-21 20:39:53 - INFO     - 0.9111111111111111, 0.8851851851851852, 0.8777777777777778, 0.8777777777777778, 0.837037037037037, 0.8888888888888888, 0.8777777777777778, 0.9074074074074074, 0.9296296296296296, 0.8925925925925926
2024-05-21 20:39:53 - WARNING  - Epoch: 455, Sum of Accs: 8.885, Sum of s_i: 28.28990788929556
2024-05-21 20:39:57 - INFO     - {6: 2.842175036981964, 9: 2.8996530178235984, 0: 2.9353205998961127, 2: 2.681389280484494, 4: 2.889727022712078, 3: 2.6813643904820883, 5: 2.890434561211022, 1: 2.8867522761744184, 8: 2.759417220076546, 7: 2.839988264209063}
2024-05-21 20:39:57 - INFO     - 0.9111111111111111, 0.8851851851851852, 0.8777777777777778, 0.8777777777777778, 0.837037037037037, 0.8888888888888888, 0.8777777777777778, 0.9074074074074074, 0.9296296296296296, 0.8925925925925926
2024-05-21 20:39:57 - WARNING  - Epoch: 456, Sum of Accs: 8.885, Sum of s_i: 28.306221670051386
2024-05-21 20:40:01 - INFO     - {6: 2.8438230440116383, 9: 2.901428407820121, 0: 2.937175301633069, 2: 2.6826892171263115, 4: 2.891483697725481, 3: 2.682666135591852, 5: 2.892194464058273, 1: 2.8885052613181266, 8: 2.7608915166431727, 7: 2.841637326990546}
2024-05-21 20:40:01 - INFO     - 0.9111111111111111, 0.8851851851851852, 0.8777777777777778, 0.8777777777777778, 0.837037037037037, 0.8888888888888888, 0.8777777777777778, 0.9074074074074074, 0.9296296296296296, 0.8925925925925926
2024-05-21 20:40:01 - WARNING  - Epoch: 457, Sum of Accs: 8.885, Sum of s_i: 28.322494372918595
2024-05-21 20:40:06 - INFO     - {6: 2.845467613213481, 9: 2.903200708368364, 0: 2.9390272891748905, 2: 2.6839868315294515, 4: 2.893238325180726, 3: 2.6839655584629387, 5: 2.8939520446668467, 1: 2.8902559242231574, 8: 2.762363490971122, 7: 2.843286041601151}
2024-05-21 20:40:06 - INFO     - 0.9111111111111111, 0.8851851851851852, 0.8777777777777778, 0.8777777777777778, 0.837037037037037, 0.8888888888888888, 0.8777777777777778, 0.9074074074074074, 0.9296296296296296, 0.8925925925925926
2024-05-21 20:40:06 - WARNING  - Epoch: 458, Sum of Accs: 8.885, Sum of s_i: 28.338743827392125
2024-05-21 20:40:10 - INFO     - {6: 2.8471087542261126, 9: 2.904969234753927, 0: 2.940875502554032, 2: 2.6852799094847346, 4: 2.8949881437081078, 3: 2.6852601724061613, 5: 2.8957041749363657, 1: 2.892001136789134, 8: 2.763830656371208, 7: 2.8449299472838923}
2024-05-21 20:40:10 - INFO     - 0.9111111111111111, 0.8851851851851852, 0.8777777777777778, 0.8777777777777778, 0.837037037037037, 0.8888888888888888, 0.8777777777777778, 0.9074074074074074, 0.9296296296296296, 0.8925925925925926
2024-05-21 20:40:10 - WARNING  - Epoch: 459, Sum of Accs: 8.885, Sum of s_i: 28.354947632513674
2024-05-21 20:40:14 - INFO     - {6: 2.848746481374953, 9: 2.906734693249168, 0: 2.942719931644855, 2: 2.686569965436876, 4: 2.896735212712355, 3: 2.6865520368262494, 5: 2.8974528980661134, 1: 2.8937442412431666, 8: 2.765295072248159, 7: 2.846571103443499}
2024-05-21 20:40:14 - INFO     - 0.9111111111111111, 0.8851851851851852, 0.8777777777777778, 0.8777777777777778, 0.837037037037037, 0.8888888888888888, 0.8777777777777778, 0.9074074074074074, 0.9296296296296296, 0.8925925925925926
2024-05-21 20:40:14 - WARNING  - Epoch: 460, Sum of Accs: 8.885, Sum of s_i: 28.37112163624539
2024-05-21 20:40:18 - INFO     - {6: 2.8503808056046935, 9: 2.9084964052316886, 0: 2.944561330620954, 2: 2.6878562339388012, 4: 2.8984784942663855, 3: 2.687840113796121, 5: 2.899198225558249, 1: 2.895483558246983, 8: 2.7667557006748935, 7: 2.848209229488382}
2024-05-21 20:40:18 - INFO     - 0.9111111111111111, 0.8851851851851852, 0.8777777777777778, 0.8777777777777778, 0.837037037037037, 0.8888888888888888, 0.8777777777777778, 0.9074074074074074, 0.9296296296296296, 0.8925925925925926
2024-05-21 20:40:18 - WARNING  - Epoch: 461, Sum of Accs: 8.885, Sum of s_i: 28.38726009742715
2024-05-21 20:40:22 - INFO     - {6: 2.8520117390306874, 9: 2.910254727590918, 0: 2.946398970868275, 2: 2.689139501047441, 4: 2.9002187744271306, 3: 2.6891255584781932, 5: 2.9009401690076952, 1: 2.8972185839928866, 8: 2.7682113085018845, 7: 2.8498423069398595}
2024-05-21 20:40:22 - INFO     - 0.9111111111111111, 0.8851851851851852, 0.8777777777777778, 0.8777777777777778, 0.837037037037037, 0.8888888888888888, 0.8777777777777778, 0.9074074074074074, 0.9296296296296296, 0.8925925925925926
2024-05-21 20:40:22 - WARNING  - Epoch: 462, Sum of Accs: 8.885, Sum of s_i: 28.403361639884974
2024-05-21 20:40:27 - INFO     - {6: 2.853639294017316, 9: 2.9120100139239473, 0: 2.9482339441948824, 2: 2.6904190074149117, 4: 2.901955025694952, 3: 2.690406605161856, 5: 2.902679373428845, 1: 2.8989508707104936, 8: 2.76966490664241, 7: 2.851472645363041}
2024-05-21 20:40:27 - INFO     - 0.9111111111111111, 0.8851851851851852, 0.8777777777777778, 0.8777777777777778, 0.837037037037037, 0.8888888888888888, 0.8777777777777778, 0.9074074074074074, 0.9296296296296296, 0.8925925925925926
2024-05-21 20:40:27 - WARNING  - Epoch: 463, Sum of Accs: 8.885, Sum of s_i: 28.41943168655266
2024-05-21 20:40:31 - INFO     - {6: 2.855263481752943, 9: 2.9137619330059747, 0: 2.950064843435816, 2: 2.6916955335171635, 4: 2.9036892716839815, 3: 2.6916839264127983, 5: 2.90441458515421, 1: 2.9006794319953806, 8: 2.771115792669472, 7: 2.853099258353502}
2024-05-21 20:40:31 - INFO     - 0.9111111111111111, 0.8851851851851852, 0.8777777777777778, 0.8777777777777778, 0.837037037037037, 0.8888888888888888, 0.8777777777777778, 0.9074074074074074, 0.9296296296296296, 0.8925925925925926
2024-05-21 20:40:31 - WARNING  - Epoch: 464, Sum of Accs: 8.885, Sum of s_i: 28.435468057981247
2024-05-21 20:40:35 - INFO     - {6: 2.8568843138460096, 9: 2.915510496445442, 0: 2.9518923893934526, 2: 2.6929687063361185, 4: 2.9054201620304507, 3: 2.6929589076997, 5: 2.9061464479190895, 1: 2.902405653316227, 8: 2.7725640298886454, 7: 2.854724235855331}
2024-05-21 20:40:35 - INFO     - 0.9111111111111111, 0.8851851851851852, 0.8777777777777778, 0.8777777777777778, 0.837037037037037, 0.8888888888888888, 0.8777777777777778, 0.9074074074074074, 0.9296296296296296, 0.8925925925925926
2024-05-21 20:40:35 - WARNING  - Epoch: 465, Sum of Accs: 8.885, Sum of s_i: 28.45147534273047
2024-05-21 20:40:39 - INFO     - {6: 2.8585018009094023, 9: 2.9172553771014726, 0: 2.9537165927394127, 2: 2.694238155735739, 4: 2.9071470052898345, 3: 2.694230546374925, 5: 2.9078758635241435, 1: 2.9041285320253962, 8: 2.7740082200207334, 7: 2.8563428732506204}
2024-05-21 20:40:39 - INFO     - 0.9111111111111111, 0.8851851851851852, 0.8777777777777778, 0.8777777777777778, 0.837037037037037, 0.8888888888888888, 0.8777777777777778, 0.9074074074074074, 0.9296296296296296, 0.8925925925925926
2024-05-21 20:40:39 - WARNING  - Epoch: 466, Sum of Accs: 8.885, Sum of s_i: 28.46744496697168
2024-05-21 20:40:44 - INFO     - {6: 2.86011595531078, 9: 2.9189969262449535, 0: 2.955537828876472, 2: 2.6955050187341167, 4: 2.9088698744732584, 3: 2.6954992178412494, 5: 2.909601062401202, 1: 2.905847436658606, 8: 2.7754484360768616, 7: 2.8579592061297103}
2024-05-21 20:40:44 - INFO     - 0.9111111111111111, 0.8851851851851852, 0.8740740740740741, 0.8777777777777778, 0.837037037037037, 0.8888888888888888, 0.8777777777777778, 0.9074074074074074, 0.9296296296296296, 0.8925925925925926
2024-05-21 20:40:44 - WARNING  - Epoch: 467, Sum of Accs: 8.881, Sum of s_i: 28.483380962747205
2024-05-21 20:40:48 - INFO     - {6: 2.861726788537743, 9: 2.9207354908183176, 0: 2.957356080443414, 2: 2.6967678211449386, 4: 2.910589427064367, 3: 2.6967632079417396, 5: 2.911324907034896, 1: 2.907562045030517, 8: 2.776886674429932, 7: 2.859574184765436}
2024-05-21 20:40:48 - INFO     - 0.9111111111111111, 0.8851851851851852, 0.8740740740740741, 0.8777777777777778, 0.837037037037037, 0.8888888888888888, 0.8777777777777778, 0.9074074074074074, 0.9296296296296296, 0.8925925925925926
2024-05-21 20:40:48 - WARNING  - Epoch: 468, Sum of Accs: 8.881, Sum of s_i: 28.499286627211298
2024-05-21 20:40:52 - INFO     - {6: 2.8633343113553957, 9: 2.922470744982371, 0: 2.9591710216010454, 2: 2.6980283891638885, 4: 2.9123070081354223, 3: 2.698025584428636, 5: 2.913043487307671, 1: 2.909275661551358, 8: 2.778319648422083, 7: 2.8611838990402427}
2024-05-21 20:40:52 - INFO     - 0.9111111111111111, 0.8851851851851852, 0.8740740740740741, 0.8777777777777778, 0.837037037037037, 0.8888888888888888, 0.8777777777777778, 0.9074074074074074, 0.9296296296296296, 0.8925925925925926
2024-05-21 20:40:52 - WARNING  - Epoch: 469, Sum of Accs: 8.881, Sum of s_i: 28.515159755988112
2024-05-21 20:40:56 - INFO     - {6: 2.86493853495292, 9: 2.9242023667346175, 0: 2.9609826635385486, 2: 2.699285324771032, 4: 2.9140209567946713, 3: 2.699284328503726, 5: 2.9147603891202483, 1: 2.910985645660393, 8: 2.7797509439540358, 7: 2.8627919348548514}
2024-05-21 20:40:56 - INFO     - 0.9111111111111111, 0.8851851851851852, 0.8740740740740741, 0.8777777777777778, 0.837037037037037, 0.8888888888888888, 0.8777777777777778, 0.9074074074074074, 0.9296296296296296, 0.8925925925925926
2024-05-21 20:40:56 - WARNING  - Epoch: 470, Sum of Accs: 8.881, Sum of s_i: 28.531003088885043
2024-05-21 20:41:01 - INFO     - {6: 2.866539469915712, 9: 2.9259307009780815, 0: 2.962790326334912, 2: 2.700538614428714, 4: 2.9157306248188215, 3: 2.7005387919437176, 5: 2.916472395843527, 1: 2.912691983819966, 8: 2.781178593536527, 7: 2.8643940713520837}
2024-05-21 20:41:01 - INFO     - 0.9111111111111111, 0.8851851851851852, 0.8740740740740741, 0.8777777777777778, 0.837037037037037, 0.8888888888888888, 0.8777777777777778, 0.9074074074074074, 0.9296296296296296, 0.8925925925925926
2024-05-21 20:41:01 - WARNING  - Epoch: 471, Sum of Accs: 8.881, Sum of s_i: 28.546805572972062
2024-05-21 20:41:05 - INFO     - {6: 2.8681371290858584, 9: 2.9276557605484004, 0: 2.9645947156122, 2: 2.701788256905734, 4: 2.9174376540095337, 3: 2.7017906165502708, 5: 2.9181820045259808, 1: 2.914395048460464, 8: 2.7826029695999432, 7: 2.865994814036569}
2024-05-21 20:41:05 - INFO     - 0.9111111111111111, 0.8851851851851852, 0.8740740740740741, 0.8777777777777778, 0.837037037037037, 0.8888888888888888, 0.8777777777777778, 0.9074074074074074, 0.9296296296296296, 0.8925925925925926
2024-05-21 20:41:05 - WARNING  - Epoch: 472, Sum of Accs: 8.881, Sum of s_i: 28.562578969334954
2024-05-21 20:41:09 - INFO     - {6: 2.8697315228303104, 9: 2.9293775558069446, 0: 2.9663958417260767, 2: 2.7030353660191753, 4: 2.919140789662439, 3: 2.703038547619017, 5: 2.9198874832060127, 1: 2.916094219563155, 8: 2.784023452125553, 7: 2.867592036844834}
2024-05-21 20:41:09 - INFO     - 0.9111111111111111, 0.8851851851851852, 0.8740740740740741, 0.8777777777777778, 0.837037037037037, 0.8888888888888888, 0.8777777777777778, 0.9074074074074074, 0.9296296296296296, 0.8925925925925926
2024-05-21 20:41:09 - WARNING  - Epoch: 473, Sum of Accs: 8.881, Sum of s_i: 28.578316815403515
2024-05-21 20:41:13 - INFO     - {6: 2.871322662819174, 9: 2.931096427142209, 0: 2.9681944000549194, 2: 2.704279551209336, 4: 2.920840675708385, 3: 2.7042834860189555, 5: 2.9215916346016075, 1: 2.917791453255207, 8: 2.7854419972405235, 7: 2.86918732224246}
2024-05-21 20:41:13 - INFO     - 0.9111111111111111, 0.8851851851851852, 0.8740740740740741, 0.8777777777777778, 0.837037037037037, 0.8888888888888888, 0.8777777777777778, 0.9074074074074074, 0.9296296296296296, 0.8925925925925926
2024-05-21 20:41:13 - WARNING  - Epoch: 474, Sum of Accs: 8.881, Sum of s_i: 28.59402961029278
2024-05-21 20:41:18 - INFO     - {6: 2.872910558518979, 9: 2.9328117265667077, 0: 2.9699897140947034, 2: 2.705519440318292, 4: 2.922537322155712, 3: 2.7055262353880045, 5: 2.923291489915997, 1: 2.9194851150364935, 8: 2.786856970444729, 7: 2.8707790357293206}
2024-05-21 20:41:18 - INFO     - 0.9111111111111111, 0.8851851851851852, 0.8740740740740741, 0.8777777777777778, 0.837037037037037, 0.8888888888888888, 0.8777777777777778, 0.9074074074074074, 0.9296296296296296, 0.8925925925925926
2024-05-21 20:41:18 - WARNING  - Epoch: 475, Sum of Accs: 8.881, Sum of s_i: 28.609707608168936
2024-05-21 20:41:22 - INFO     - {6: 2.8744952213760797, 9: 2.9345241207702086, 0: 2.9717817952917827, 2: 2.7067571483766897, 4: 2.9242320432662154, 3: 2.706765751914349, 5: 2.9249891641798285, 1: 2.9211758715967826, 8: 2.788269038427936, 7: 2.8723678439951836}
2024-05-21 20:41:22 - INFO     - 0.9111111111111111, 0.8851851851851852, 0.8740740740740741, 0.8777777777777778, 0.837037037037037, 0.8888888888888888, 0.8777777777777778, 0.9074074074074074, 0.9296296296296296, 0.8925925925925926
2024-05-21 20:41:22 - WARNING  - Epoch: 476, Sum of Accs: 8.881, Sum of s_i: 28.62535799919506
2024-05-21 20:41:26 - INFO     - {6: 2.876076661320874, 9: 2.936233292061403, 0: 2.9735706535765556, 2: 2.707991633522781, 4: 2.925923541464412, 3: 2.708002045528387, 5: 2.9266836155313536, 1: 2.922863405244765, 8: 2.789677883498837, 7: 2.87395342934874}
2024-05-21 20:41:26 - INFO     - 0.9111111111111111, 0.8851851851851852, 0.8740740740740741, 0.8777777777777778, 0.837037037037037, 0.8888888888888888, 0.8777777777777778, 0.9074074074074074, 0.9296296296296296, 0.8925925925925926
2024-05-21 20:41:26 - WARNING  - Epoch: 477, Sum of Accs: 8.881, Sum of s_i: 28.640976161098102
2024-05-21 20:41:30 - INFO     - {6: 2.877654889203512, 9: 2.9379392512904414, 0: 2.9753556249015705, 2: 2.7092222317091146, 4: 2.9276111527028505, 3: 2.7092334860064478, 5: 2.9283732137469016, 1: 2.92454608575677, 8: 2.7910818754337607, 7: 2.8755339086539116}
2024-05-21 20:41:30 - INFO     - 0.9111111111111111, 0.8851851851851852, 0.8740740740740741, 0.8777777777777778, 0.837037037037037, 0.8888888888888888, 0.8777777777777778, 0.9074074074074074, 0.9296296296296296, 0.8925925925925926
2024-05-21 20:41:30 - WARNING  - Epoch: 478, Sum of Accs: 8.881, Sum of s_i: 28.65655171940528
2024-05-21 20:41:35 - INFO     - {6: 2.879229917969772, 9: 2.9396420114031017, 0: 2.977138072007809, 2: 2.710450305676672, 4: 2.929296239722513, 3: 2.7104633684419515, 5: 2.9300612539198925, 1: 2.926227208226218, 8: 2.7924843093261273, 7: 2.8771102160318645}
2024-05-21 20:41:35 - INFO     - 0.9111111111111111, 0.8851851851851852, 0.8740740740740741, 0.8777777777777778, 0.837037037037037, 0.8888888888888888, 0.8777777777777778, 0.9074074074074074, 0.9296296296296296, 0.8925925925925926
2024-05-21 20:41:35 - WARNING  - Epoch: 479, Sum of Accs: 8.881, Sum of s_i: 28.672102902725925
2024-05-21 20:41:39 - INFO     - {6: 2.880801756786734, 9: 2.941341259372772, 0: 2.978916658708864, 2: 2.7116741547693652, 4: 2.9309771018673114, 3: 2.7116884308830356, 5: 2.9317450692180196, 1: 2.927904105820802, 8: 2.79388251834363, 7: 2.8786851653320227}
2024-05-21 20:41:39 - INFO     - 0.9111111111111111, 0.8851851851851852, 0.8740740740740741, 0.8777777777777778, 0.837037037037037, 0.8888888888888888, 0.8777777777777778, 0.9074074074074074, 0.9296296296296296, 0.8925925925925926
2024-05-21 20:41:39 - WARNING  - Epoch: 480, Sum of Accs: 8.881, Sum of s_i: 28.687616221102555
2024-05-21 20:41:43 - INFO     - {6: 2.8823704175560363, 9: 2.9430376514884746, 0: 2.9806920694669854, 2: 2.7128951923888054, 4: 2.932655152538857, 3: 2.7129112769704222, 5: 2.9334267413940527, 1: 2.9295781919421335, 8: 2.7952779158878798, 7: 2.880257303158928}
2024-05-21 20:41:43 - INFO     - 0.9111111111111111, 0.8851851851851852, 0.8740740740740741, 0.8777777777777778, 0.837037037037037, 0.8888888888888888, 0.8777777777777778, 0.9074074074074074, 0.9296296296296296, 0.8925925925925926
2024-05-21 20:41:43 - WARNING  - Epoch: 481, Sum of Accs: 8.881, Sum of s_i: 28.703101912792576
2024-05-21 20:41:47 - INFO     - {6: 2.8839359100481876, 9: 2.9447305552652048, 0: 2.9824643141736322, 2: 2.7141130639567703, 4: 2.9343300371589276, 3: 2.714130003639504, 5: 2.9351045791674513, 1: 2.9312491120119897, 8: 2.7966701473806546, 7: 2.881826274934358}
2024-05-21 20:41:47 - INFO     - 0.9111111111111111, 0.8851851851851852, 0.8740740740740741, 0.8777777777777778, 0.837037037037037, 0.8888888888888888, 0.8777777777777778, 0.9074074074074074, 0.9296296296296296, 0.8925925925925926
2024-05-21 20:41:47 - WARNING  - Epoch: 482, Sum of Accs: 8.881, Sum of s_i: 28.71855399773668
2024-05-21 20:41:52 - INFO     - {6: 2.8854982452253193, 9: 2.946420302784684, 0: 2.9842337486866897, 2: 2.7153274191692347, 4: 2.936001157571847, 3: 2.7153459194682648, 5: 2.936778652733699, 1: 2.9329165157263453, 8: 2.7980588625179283, 7: 2.8833914825026374}
2024-05-21 20:41:52 - INFO     - 0.9111111111111111, 0.8851851851851852, 0.8740740740740741, 0.8777777777777778, 0.837037037037037, 0.8888888888888888, 0.8777777777777778, 0.9074074074074074, 0.9296296296296296, 0.8925925925925926
2024-05-21 20:41:52 - WARNING  - Epoch: 483, Sum of Accs: 8.881, Sum of s_i: 28.733972306386654
2024-05-21 20:41:56 - INFO     - {6: 2.8870574340500674, 9: 2.9481072229558323, 0: 2.9860003558514165, 2: 2.71653965319528, 4: 2.937670404649998, 3: 2.7165599619622567, 5: 2.938450852965178, 1: 2.934581798254282, 8: 2.799445456468783, 7: 2.884954816736148}
2024-05-21 20:41:56 - INFO     - 0.9111111111111111, 0.8851851851851852, 0.8740740740740741, 0.8777777777777778, 0.837037037037037, 0.8888888888888888, 0.8777777777777778, 0.9074074074074074, 0.9296296296296296, 0.8925925925925926
2024-05-21 20:41:56 - WARNING  - Epoch: 484, Sum of Accs: 8.881, Sum of s_i: 28.74936795708924
2024-05-21 20:42:00 - INFO     - {6: 2.8886134851865317, 9: 2.9497906885343173, 0: 2.98776316561631, 2: 2.7177480898214923, 4: 2.9393352494055125, 3: 2.717769602133612, 5: 2.940119255796824, 1: 2.936243283382385, 8: 2.8008276480970014, 7: 2.886513748647022}
2024-05-21 20:42:00 - INFO     - 0.9111111111111111, 0.8851851851851852, 0.8740740740740741, 0.8777777777777778, 0.837037037037037, 0.8888888888888888, 0.8777777777777778, 0.9074074074074074, 0.9296296296296296, 0.8925925925925926
2024-05-21 20:42:00 - WARNING  - Epoch: 485, Sum of Accs: 8.881, Sum of s_i: 28.76472421662101
2024-05-21 20:42:04 - INFO     - {6: 2.8901664106773874, 9: 2.951471029508778, 0: 2.989522851851523, 2: 2.7189537446508494, 4: 2.9409975755541495, 3: 2.71897672369809, 5: 2.941784535098789, 1: 2.9379016449808075, 8: 2.8022073211183423, 7: 2.888068019897109}
2024-05-21 20:42:04 - INFO     - 0.9111111111111111, 0.8851851851851852, 0.8740740740740741, 0.8777777777777778, 0.837037037037037, 0.8888888888888888, 0.8777777777777778, 0.9074074074074074, 0.9296296296296296, 0.8925925925925926
2024-05-21 20:42:04 - WARNING  - Epoch: 486, Sum of Accs: 8.881, Sum of s_i: 28.780049857035827
2024-05-21 20:42:09 - INFO     - {6: 2.891716220745151, 9: 2.953148256096486, 0: 2.9912794247689614, 2: 2.72015659991991, 4: 2.942656788385012, 3: 2.7201807319447933, 5: 2.9434467010829795, 1: 2.9395568932614555, 8: 2.8035838808219085, 7: 2.889621319883331}
2024-05-21 20:42:09 - INFO     - 0.9111111111111111, 0.8851851851851852, 0.8740740740740741, 0.8777777777777778, 0.837037037037037, 0.8888888888888888, 0.8777777777777778, 0.9074074074074074, 0.9296296296296296, 0.8925925925925926
2024-05-21 20:42:09 - WARNING  - Epoch: 487, Sum of Accs: 8.881, Sum of s_i: 28.795346816909987
2024-05-21 20:42:13 - INFO     - {6: 2.8932629251879303, 9: 2.9548223780904674, 0: 2.993032894156449, 2: 2.721355340523613, 4: 2.9443128976859234, 3: 2.7213816366615458, 5: 2.945105763537219, 1: 2.9412086823670496, 8: 2.804957336995524, 7: 2.891171516339602}
2024-05-21 20:42:13 - INFO     - 0.9111111111111111, 0.8851851851851852, 0.8740740740740741, 0.8777777777777778, 0.837037037037037, 0.8888888888888888, 0.8777777777777778, 0.9074074074074074, 0.9296296296296296, 0.8925925925925926
2024-05-21 20:42:13 - WARNING  - Epoch: 488, Sum of Accs: 8.881, Sum of s_i: 28.81061137154532
2024-05-21 20:42:17 - INFO     - {6: 2.894806534529157, 9: 2.9564934060088475, 0: 2.9947832705266797, 2: 2.7225513437551623, 4: 2.9459659139695784, 3: 2.7225794483610417, 5: 2.946761732974202, 1: 2.9428577341004902, 8: 2.8063277001518827, 7: 2.8927186197786168}
2024-05-21 20:42:17 - INFO     - 0.9111111111111111, 0.8851851851851852, 0.8740740740740741, 0.8777777777777778, 0.837037037037037, 0.8888888888888888, 0.8777777777777778, 0.9074074074074074, 0.9296296296296296, 0.8925925925925926
2024-05-21 20:42:17 - WARNING  - Epoch: 489, Sum of Accs: 8.881, Sum of s_i: 28.825845704155658
2024-05-21 20:42:21 - INFO     - {6: 2.896347058818261, 9: 2.958161661644352, 0: 2.996530563855632, 2: 2.723744263945433, 4: 2.9476158472119547, 3: 2.723773248499501, 5: 2.9484136908501486, 1: 2.944502774272894, 8: 2.807694980266963, 7: 2.8942626401763527}
2024-05-21 20:42:21 - INFO     - 0.9111111111111111, 0.8851851851851852, 0.8740740740740741, 0.8777777777777778, 0.837037037037037, 0.8888888888888888, 0.8777777777777778, 0.9074074074074074, 0.9296296296296296, 0.8925925925925926
2024-05-21 20:42:21 - WARNING  - Epoch: 490, Sum of Accs: 8.881, Sum of s_i: 28.841046729541493
2024-05-21 20:42:25 - INFO     - {6: 2.897884508697931, 9: 2.959826842870422, 0: 2.9982754320752805, 2: 2.7249347590264, 4: 2.949262115036725, 3: 2.7249639791854734, 5: 2.950062579273608, 1: 2.9461441714820458, 8: 2.809058594964437, 7: 2.8958042354647846}
2024-05-21 20:42:25 - INFO     - 0.9111111111111111, 0.8851851851851852, 0.8740740740740741, 0.8777777777777778, 0.837037037037037, 0.8888888888888888, 0.8777777777777778, 0.9074074074074074, 0.9296296296296296, 0.8925925925925926
2024-05-21 20:42:25 - WARNING  - Epoch: 491, Sum of Accs: 8.881, Sum of s_i: 28.85621721807711
2024-05-21 20:42:30 - INFO     - {6: 2.899418894219063, 9: 2.9614889597379546, 0: 3.0000172359363915, 2: 2.7261221897488297, 4: 2.95090655881126, 3: 2.7261532183758495, 5: 2.9517099762014714, 1: 2.94778251048106, 8: 2.810420385611676, 7: 2.8973427663946794}
2024-05-21 20:42:30 - INFO     - 0.9111111111111111, 0.8851851851851852, 0.8740740740740741, 0.8777777777777778, 0.837037037037037, 0.8888888888888888, 0.8777777777777778, 0.9074074074074074, 0.9296296296296296, 0.8925925925925926
2024-05-21 20:42:30 - WARNING  - Epoch: 492, Sum of Accs: 8.881, Sum of s_i: 28.871362695518233
2024-05-21 20:42:34 - INFO     - {6: 2.90095022428822, 9: 2.963147712436759, 0: 3.0017556756287744, 2: 2.727306256302531, 4: 2.9525476384170672, 3: 2.7273390933974975, 5: 2.9533540089606065, 1: 2.949419625536653, 8: 2.811778812090187, 7: 2.898877933155846}
2024-05-21 20:42:34 - INFO     - 0.9111111111111111, 0.8851851851851852, 0.8740740740740741, 0.8777777777777778, 0.837037037037037, 0.8888888888888888, 0.8777777777777778, 0.9074074074074074, 0.9296296296296296, 0.8925925925925926
2024-05-21 20:42:34 - WARNING  - Epoch: 493, Sum of Accs: 8.881, Sum of s_i: 28.886476980214137
2024-05-21 20:42:38 - INFO     - {6: 2.9024785090307734, 9: 2.964803728525713, 0: 3.003490737604832, 2: 2.728487586246382, 4: 2.9541859814130236, 3: 2.7285222318092948, 5: 2.954995305109891, 1: 2.951054003982395, 8: 2.813134501958847, 7: 2.900410363307162}
2024-05-21 20:42:38 - INFO     - 0.9111111111111111, 0.8851851851851852, 0.8740740740740741, 0.8777777777777778, 0.837037037037037, 0.8888888888888888, 0.8777777777777778, 0.9074074074074074, 0.9296296296296296, 0.8925925925925926
2024-05-21 20:42:38 - WARNING  - Epoch: 494, Sum of Accs: 8.881, Sum of s_i: 28.90156294898831
2024-05-21 20:42:43 - INFO     - {6: 2.9040037579630535, 9: 2.9664567088043934, 0: 3.0052227657941515, 2: 2.7296648930892715, 4: 2.9558212885987065, 3: 2.729701695327879, 5: 2.956633565448902, 1: 2.9526843593271757, 8: 2.8144865169342945, 7: 2.9019397576482047}
2024-05-21 20:42:43 - INFO     - 0.9111111111111111, 0.8851851851851852, 0.8777777777777778, 0.8777777777777778, 0.837037037037037, 0.8888888888888888, 0.8777777777777778, 0.9074074074074074, 0.9296296296296296, 0.8925925925925926
2024-05-21 20:42:43 - WARNING  - Epoch: 495, Sum of Accs: 8.885, Sum of s_i: 28.91661530893603
2024-05-21 20:42:47 - INFO     - {6: 2.9055259816363326, 9: 2.9681066638240727, 0: 3.0069524078074092, 2: 2.7308391775999104, 4: 2.957453570525388, 3: 2.7308777883064645, 5: 2.9582678161649745, 1: 2.9543126767036427, 8: 2.8158361457336802, 7: 2.9034661267302457}
2024-05-21 20:42:47 - INFO     - 0.9111111111111111, 0.8814814814814815, 0.8777777777777778, 0.8777777777777778, 0.837037037037037, 0.8888888888888888, 0.8777777777777778, 0.9074074074074074, 0.9296296296296296, 0.8925925925925926
2024-05-21 20:42:47 - WARNING  - Epoch: 496, Sum of Accs: 8.881, Sum of s_i: 28.93163835503212
2024-05-21 20:42:51 - INFO     - {6: 2.907045189708266, 9: 2.969753298498428, 0: 3.008678729475343, 2: 2.7320111261291626, 4: 2.9590825321067453, 3: 2.7320515453036633, 5: 2.9598997308996604, 1: 2.9559376737347858, 8: 2.817182454187742, 7: 2.9049891754669632}
2024-05-21 20:42:51 - INFO     - 0.9111111111111111, 0.8814814814814815, 0.8777777777777778, 0.8777777777777778, 0.837037037037037, 0.8888888888888888, 0.8777777777777778, 0.9074074074074074, 0.9296296296296296, 0.8925925925925926
2024-05-21 20:42:51 - WARNING  - Epoch: 497, Sum of Accs: 8.881, Sum of s_i: 28.946631455510754
2024-05-21 20:42:55 - INFO     - {6: 2.9085613919344464, 9: 2.9713969283078763, 0: 3.010401717028921, 2: 2.7331800697935074, 4: 2.9607084888231956, 3: 2.7332222974359546, 5: 2.961527172326442, 1: 2.9575581974580243, 8: 2.818523639144971, 7: 2.906509219338773}
2024-05-21 20:42:55 - INFO     - 0.9111111111111111, 0.8814814814814815, 0.8777777777777778, 0.8777777777777778, 0.837037037037037, 0.8888888888888888, 0.8777777777777778, 0.9074074074074074, 0.9296296296296296, 0.8925925925925926
2024-05-21 20:42:55 - WARNING  - Epoch: 498, Sum of Accs: 8.881, Sum of s_i: 28.96158912159211
2024-05-21 20:43:00 - INFO     - {6: 2.9100745991398407, 9: 2.973037564072168, 0: 3.012122039786791, 2: 2.734346322200199, 4: 2.9623305458419855, 3: 2.7343900555230896, 5: 2.963151624575078, 1: 2.9591771955791035, 8: 2.819862485112983, 7: 2.908026269165427}
2024-05-21 20:43:00 - INFO     - 0.9111111111111111, 0.8814814814814815, 0.8777777777777778, 0.8777777777777778, 0.837037037037037, 0.8888888888888888, 0.8777777777777778, 0.9074074074074074, 0.9296296296296296, 0.8925925925925926
2024-05-21 20:43:00 - WARNING  - Epoch: 499, Sum of Accs: 8.881, Sum of s_i: 28.976518700996664
2024-05-21 20:43:04 - INFO     - {6: 2.9115848206479753, 9: 2.974675516926703, 0: 3.0138390505174004, 2: 2.7355086167412725, 4: 2.963950825603523, 3: 2.7355541585321097, 5: 2.9647748574899437, 1: 2.9607935107904266, 8: 2.8212001117472245, 7: 2.9095379616093826}
2024-05-21 20:43:04 - INFO     - 0.9111111111111111, 0.8814814814814815, 0.8777777777777778, 0.8777777777777778, 0.837037037037037, 0.8888888888888888, 0.8777777777777778, 0.9074074074074074, 0.9296296296296296, 0.8925925925925926
2024-05-21 20:43:04 - WARNING  - Epoch: 500, Sum of Accs: 8.881, Sum of s_i: 28.99141943060596
2024-05-21 20:43:08 - INFO     - {6: 2.9130920659073936, 9: 2.9763101926821247, 0: 3.0155530870229454, 2: 2.736668606351591, 4: 2.965567502022492, 3: 2.73671563036692, 5: 2.966394813305696, 1: 2.962406548902636, 8: 2.8225344612823524, 7: 2.9110490514271663}
2024-05-21 20:43:08 - INFO     - 0.9111111111111111, 0.8814814814814815, 0.8777777777777778, 0.8777777777777778, 0.837037037037037, 0.8888888888888888, 0.8777777777777778, 0.9074074074074074, 0.9296296296296296, 0.8925925925925926
2024-05-21 20:43:08 - WARNING  - Epoch: 501, Sum of Accs: 8.881, Sum of s_i: 29.00629195927132
2024-05-21 20:43:12 - INFO     - {6: 2.9145963442095284, 9: 2.9779419024417835, 0: 3.0172641585251108, 2: 2.737825304715075, 4: 2.9671812134380815, 3: 2.73787413719835, 5: 2.9680114778746134, 1: 2.964016295768011, 8: 2.823865519570646, 7: 2.9125568499981154}
2024-05-21 20:43:12 - INFO     - 0.9111111111111111, 0.8814814814814815, 0.8777777777777778, 0.8777777777777778, 0.837037037037037, 0.8888888888888888, 0.8777777777777778, 0.9074074074074074, 0.9296296296296296, 0.8925925925925926
2024-05-21 20:43:12 - WARNING  - Epoch: 502, Sum of Accs: 8.881, Sum of s_i: 29.021133203739314
2024-05-21 20:43:17 - INFO     - {6: 2.916097665432624, 9: 2.9795706560790847, 0: 3.018972274892346, 2: 2.7389787079268104, 4: 2.9687916297019226, 3: 2.739029348878032, 5: 2.9696248472917826, 1: 2.9656227474816377, 8: 2.825193282707191, 7: 2.9140616934341343}
2024-05-21 20:43:17 - INFO     - 0.9111111111111111, 0.8777777777777778, 0.8777777777777778, 0.8777777777777778, 0.837037037037037, 0.8888888888888888, 0.8777777777777778, 0.9074074074074074, 0.9296296296296296, 0.8925925925925926
2024-05-21 20:43:17 - WARNING  - Epoch: 503, Sum of Accs: 8.878, Sum of s_i: 29.035942853825567
2024-05-21 20:43:21 - INFO     - {6: 2.917596039487343, 9: 2.981196463499859, 0: 3.0206774460255326, 2: 2.7401295059213155, 4: 2.9703994407485332, 3: 2.740181955340484, 5: 2.9712356114917213, 1: 2.967226593978034, 8: 2.8265184406265056, 7: 2.9155635916361047}
2024-05-21 20:43:21 - INFO     - 0.9111111111111111, 0.8777777777777778, 0.8777777777777778, 0.8777777777777778, 0.837037037037037, 0.8888888888888888, 0.8777777777777778, 0.9074074074074074, 0.9296296296296296, 0.8925925925925926
2024-05-21 20:43:21 - WARNING  - Epoch: 504, Sum of Accs: 8.878, Sum of s_i: 29.050725088755428
2024-05-21 20:43:25 - INFO     - {6: 2.919091475424837, 9: 2.982819630783754, 0: 3.022379680907653, 2: 2.741277987060107, 4: 2.97200493493943, 3: 2.741332244947222, 5: 2.9728440588359466, 1: 2.9688281236187164, 8: 2.8278412816901066, 7: 2.9170631729823615}
2024-05-21 20:43:25 - INFO     - 0.9111111111111111, 0.8777777777777778, 0.8777777777777778, 0.8777777777777778, 0.837037037037037, 0.8888888888888888, 0.8777777777777778, 0.9074074074074074, 0.9296296296296296, 0.8925925925925926
2024-05-21 20:43:25 - WARNING  - Epoch: 505, Sum of Accs: 8.878, Sum of s_i: 29.065482591190133
2024-05-21 20:43:29 - INFO     - {6: 2.9205839817378485, 9: 2.9844398684431654, 0: 3.0240789880819077, 2: 2.7424229210956805, 4: 2.973606882027109, 3: 2.742478987450742, 5: 2.9744489590769536, 1: 2.970426723634916, 8: 2.8291605756504894, 7: 2.9185592072254}
2024-05-21 20:43:29 - INFO     - 0.9111111111111111, 0.8777777777777778, 0.8777777777777778, 0.8814814814814815, 0.837037037037037, 0.8888888888888888, 0.8777777777777778, 0.9074074074074074, 0.9296296296296296, 0.8925925925925926
2024-05-21 20:43:29 - WARNING  - Epoch: 506, Sum of Accs: 8.881, Sum of s_i: 29.08020709442421
2024-05-21 20:43:34 - INFO     - {6: 2.9220735685330936, 9: 2.9860568914328742, 0: 3.025775377703674, 2: 2.7435649375787654, 4: 2.9752059115622993, 3: 2.743622812401773, 5: 2.976050941765472, 1: 2.972020366005989, 8: 2.8304769520583837, 7: 2.92005232391595}
2024-05-21 20:43:34 - INFO     - 0.9111111111111111, 0.8777777777777778, 0.8777777777777778, 0.8814814814814815, 0.837037037037037, 0.8888888888888888, 0.8777777777777778, 0.9074074074074074, 0.9296296296296296, 0.8925925925925926
2024-05-21 20:43:34 - WARNING  - Epoch: 507, Sum of Accs: 8.881, Sum of s_i: 29.094900082958276
2024-05-21 20:43:38 - INFO     - {6: 2.9235602455935124, 9: 2.9876712998396937, 0: 3.027468859429385, 2: 2.7447040461657948, 4: 2.976802646876121, 3: 2.744763729456749, 5: 2.977650016557935, 1: 2.9736125230949098, 8: 2.8317904205702225, 7: 2.9215425327104447}
2024-05-21 20:43:38 - INFO     - 0.9111111111111111, 0.8777777777777778, 0.8777777777777778, 0.8814814814814815, 0.837037037037037, 0.8888888888888888, 0.8777777777777778, 0.9074074074074074, 0.9296296296296296, 0.8925925925925926
2024-05-21 20:43:38 - WARNING  - Epoch: 508, Sum of Accs: 8.881, Sum of s_i: 29.109566320294768
2024-05-21 20:43:42 - INFO     - {6: 2.9250440217316567, 9: 2.989282514034708, 0: 3.0291594421791253, 2: 2.745840574215706, 4: 2.9783953108939833, 3: 2.7459017475357546, 5: 2.979246192374428, 1: 2.9752003678149275, 8: 2.833100990106091, 7: 2.9230298425289685}
2024-05-21 20:43:42 - INFO     - 0.9111111111111111, 0.8777777777777778, 0.8777777777777778, 0.8814814814814815, 0.837037037037037, 0.8888888888888888, 0.8777777777777778, 0.9074074074074074, 0.9296296296296296, 0.8925925925925926
2024-05-21 20:43:42 - WARNING  - Epoch: 509, Sum of Accs: 8.881, Sum of s_i: 29.124201003415347
2024-05-21 20:43:47 - INFO     - {6: 2.926524906683165, 9: 2.9908908379674153, 0: 3.030847135620851, 2: 2.7469742120033103, 4: 2.979985087417492, 3: 2.7470368763067454, 5: 2.9808397963674658, 1: 2.976786736619863, 8: 2.8344089878185046, 7: 2.924514263039478}
2024-05-21 20:43:47 - INFO     - 0.9111111111111111, 0.8777777777777778, 0.8777777777777778, 0.8814814814814815, 0.837037037037037, 0.8888888888888888, 0.8777777777777778, 0.9074074074074074, 0.9296296296296296, 0.8925925925925926
2024-05-21 20:43:47 - WARNING  - Epoch: 510, Sum of Accs: 8.881, Sum of s_i: 29.13880883984429
2024-05-21 20:43:51 - INFO     - {6: 2.928002909226831, 9: 2.9924965718574814, 0: 3.032531948467084, 2: 2.7481052597482734, 4: 2.981572540177149, 3: 2.7481691244822435, 5: 2.982430202280451, 1: 2.978370224829306, 8: 2.835713787450866, 7: 2.925993829452808}
2024-05-21 20:43:51 - INFO     - 0.9111111111111111, 0.8777777777777778, 0.8814814814814815, 0.8814814814814815, 0.837037037037037, 0.8888888888888888, 0.8777777777777778, 0.9074074074074074, 0.9296296296296296, 0.8925925925925926
2024-05-21 20:43:51 - WARNING  - Epoch: 511, Sum of Accs: 8.885, Sum of s_i: 29.153386397972493
2024-05-21 20:43:55 - INFO     - {6: 2.9294780387923107, 9: 2.9940991422395626, 0: 3.034213890253194, 2: 2.749232828395702, 4: 2.9831574374662324, 3: 2.749298817187168, 5: 2.984018052722863, 1: 2.9799508419786256, 8: 2.8370157160231044, 7: 2.927472813897251}
2024-05-21 20:43:55 - INFO     - 0.9111111111111111, 0.8777777777777778, 0.8777777777777778, 0.8814814814814815, 0.837037037037037, 0.8888888888888888, 0.8777777777777778, 0.9074074074074074, 0.9296296296296296, 0.8925925925925926
2024-05-21 20:43:55 - WARNING  - Epoch: 512, Sum of Accs: 8.881, Sum of s_i: 29.16793757895601
2024-05-21 20:43:59 - INFO     - {6: 2.930950304014439, 9: 2.9956988491894436, 0: 3.0358929695478998, 2: 2.7503578492004794, 4: 2.9847394713231155, 3: 2.750425646459892, 5: 2.9856027250843207, 1: 2.9815289112852943, 8: 2.8383150967526913, 7: 2.92894862026074}
2024-05-21 20:43:59 - INFO     - 0.9111111111111111, 0.8777777777777778, 0.8777777777777778, 0.8814814814814815, 0.837037037037037, 0.8888888888888888, 0.8777777777777778, 0.9074074074074074, 0.9296296296296296, 0.8925925925925926
2024-05-21 20:43:59 - WARNING  - Epoch: 513, Sum of Accs: 8.881, Sum of s_i: 29.182460443118316
2024-05-21 20:44:03 - INFO     - {6: 2.932419713884711, 9: 2.9972959904061156, 0: 3.037569195277121, 2: 2.7514793725294964, 4: 2.9863189394467895, 3: 2.7515499099994076, 5: 2.9871834633927152, 1: 2.9831024215244515, 8: 2.8396102287804617, 7: 2.930422175539774}
2024-05-21 20:44:03 - INFO     - 0.9111111111111111, 0.8777777777777778, 0.8814814814814815, 0.8814814814814815, 0.837037037037037, 0.8888888888888888, 0.8777777777777778, 0.9074074074074074, 0.9296296296296296, 0.8925925925925926
2024-05-21 20:44:03 - WARNING  - Epoch: 514, Sum of Accs: 8.885, Sum of s_i: 29.196951410781043
2024-05-21 20:44:08 - INFO     - {6: 2.9338862780714376, 9: 2.998889998129569, 0: 3.0392425772133382, 2: 2.7525989819175205, 4: 2.9878952740772453, 3: 2.7526710400457044, 5: 2.988762751176499, 1: 2.9846730920720494, 8: 2.8409019027685187, 7: 2.9318925973255894}
2024-05-21 20:44:08 - INFO     - 0.9111111111111111, 0.8777777777777778, 0.8777777777777778, 0.8814814814814815, 0.837037037037037, 0.8888888888888888, 0.8777777777777778, 0.9074074074074074, 0.9296296296296296, 0.8925925925925926
2024-05-21 20:44:08 - WARNING  - Epoch: 515, Sum of Accs: 8.881, Sum of s_i: 29.21141449279747
2024-05-21 20:44:12 - INFO     - {6: 2.935350005428588, 9: 3.000481169921344, 0: 3.0409131241450957, 2: 2.7537151557105966, 4: 2.989468460922427, 3: 2.753788168017732, 5: 2.990338891175009, 1: 2.9862423143670167, 8: 2.842192436486404, 7: 2.9333598713261306}
2024-05-21 20:44:12 - INFO     - 0.9111111111111111, 0.8777777777777778, 0.8777777777777778, 0.8814814814814815, 0.837037037037037, 0.8888888888888888, 0.8777777777777778, 0.9074074074074074, 0.9296296296296296, 0.8925925925925926
2024-05-21 20:44:12 - WARNING  - Epoch: 516, Sum of Accs: 8.881, Sum of s_i: 29.225849597500343
2024-05-21 20:44:16 - INFO     - {6: 2.9368109048028965, 9: 3.002069514623891, 0: 3.042580844910456, 2: 2.754829100286203, 4: 2.9910391325319767, 3: 2.754902472316487, 5: 2.991912801956049, 1: 2.987809307444514, 8: 2.843478459749428, 7: 2.9348249161092017}
2024-05-21 20:44:16 - INFO     - 0.9111111111111111, 0.8777777777777778, 0.8814814814814815, 0.8814814814814815, 0.837037037037037, 0.8888888888888888, 0.8777777777777778, 0.9074074074074074, 0.9296296296296296, 0.8925925925925926
2024-05-21 20:44:16 - WARNING  - Epoch: 517, Sum of Accs: 8.885, Sum of s_i: 29.2402574547311
2024-05-21 20:44:20 - INFO     - {6: 2.9382689848732406, 9: 3.0036550409118714, 0: 3.0442457481797605, 2: 2.75593994042908, 4: 2.992606675714705, 3: 2.756015120927311, 5: 2.9934832982921056, 1: 2.989373196089282, 8: 2.8447633498048606, 7: 2.936286856459544}
2024-05-21 20:44:20 - INFO     - 0.9111111111111111, 0.8814814814814815, 0.8814814814814815, 0.8814814814814815, 0.837037037037037, 0.8888888888888888, 0.8777777777777778, 0.9074074074074074, 0.9296296296296296, 0.8925925925925926
2024-05-21 20:44:20 - WARNING  - Epoch: 518, Sum of Accs: 8.889, Sum of s_i: 29.254638211681765
2024-05-21 20:44:25 - INFO     - {6: 2.939724254265237, 9: 3.0052377574067166, 0: 3.045908151668184, 2: 2.757047970778822, 4: 2.994171719116552, 3: 2.7571249597449996, 5: 2.9950512948472814, 1: 2.990934274940915, 8: 2.846045740079412, 7: 2.937745987016751}
2024-05-21 20:44:25 - INFO     - 0.9111111111111111, 0.8814814814814815, 0.8814814814814815, 0.8814814814814815, 0.837037037037037, 0.8888888888888888, 0.8777777777777778, 0.9074074074074074, 0.9296296296296296, 0.8925925925925926
2024-05-21 20:44:25 - WARNING  - Epoch: 519, Sum of Accs: 8.889, Sum of s_i: 29.26899210986487
2024-05-21 20:44:29 - INFO     - {6: 2.9411767215330866, 9: 3.0068176726584794, 0: 3.047567753913525, 2: 2.758153199885481, 4: 2.995733961275317, 3: 2.7582319973196054, 5: 2.9966164901593744, 1: 2.9924925525494657, 8: 2.8473253291108813, 7: 2.9392023163308756}
2024-05-21 20:44:29 - INFO     - 0.9111111111111111, 0.8814814814814815, 0.8814814814814815, 0.8814814814814815, 0.837037037037037, 0.8888888888888888, 0.8777777777777778, 0.9074074074074074, 0.9296296296296296, 0.8925925925925926
2024-05-21 20:44:29 - WARNING  - Epoch: 520, Sum of Accs: 8.889, Sum of s_i: 29.283317994736088
2024-05-21 20:44:33 - INFO     - {6: 2.9426263954319603, 9: 3.0083947954181327, 0: 3.0492245636667565, 2: 2.7592556365000314, 4: 2.997293410941973, 3: 2.759336242402102, 5: 2.9981788929793582, 1: 2.994048037665907, 8: 2.848602125650241, 7: 2.940655853152891}
2024-05-21 20:44:33 - INFO     - 0.9111111111111111, 0.8814814814814815, 0.8814814814814815, 0.8814814814814815, 0.837037037037037, 0.8888888888888888, 0.8777777777777778, 0.9074074074074074, 0.9296296296296296, 0.8925925925925926
2024-05-21 20:44:33 - WARNING  - Epoch: 521, Sum of Accs: 8.889, Sum of s_i: 29.297615953809352
2024-05-21 20:44:38 - INFO     - {6: 2.944073284675291, 9: 3.009969134394941, 0: 3.050878283256163, 2: 2.760355289331736, 4: 2.998850076825783, 3: 2.7604373973207736, 5: 2.999738205635517, 1: 2.995600738999503, 8: 2.8498764200196787, 7: 2.942106606192061}
2024-05-21 20:44:38 - INFO     - 0.9111111111111111, 0.8814814814814815, 0.8814814814814815, 0.8814814814814815, 0.837037037037037, 0.8888888888888888, 0.8777777777777778, 0.9074074074074074, 0.9296296296296296, 0.8925925925925926
2024-05-21 20:44:38 - WARNING  - Epoch: 522, Sum of Accs: 8.889, Sum of s_i: 29.31188543665145
2024-05-21 20:44:42 - INFO     - {6: 2.945517398058996, 9: 3.0115406983806396, 0: 3.05252953423544, 2: 2.7614521671723318, 4: 3.000403967718484, 3: 2.7615349421109765, 5: 3.0012950496815463, 1: 2.9971490081289383, 8: 2.851146516266745, 7: 2.9435545842401214}
2024-05-21 20:44:42 - INFO     - 0.9111111111111111, 0.8814814814814815, 0.8814814814814815, 0.8814814814814815, 0.837037037037037, 0.8888888888888888, 0.8777777777777778, 0.9074074074074074, 0.9296296296296296, 0.8925925925925926
2024-05-21 20:44:42 - WARNING  - Epoch: 523, Sum of Accs: 8.889, Sum of s_i: 29.32612386599422
2024-05-21 20:44:46 - INFO     - {6: 2.946958744854684, 9: 3.0131094966425223, 0: 3.0541777148997324, 2: 2.762546279289111, 4: 3.0019547882962003, 3: 2.762630558104534, 5: 3.002847777457692, 1: 2.9986961687476086, 8: 2.8524146837171656, 7: 2.9449997965643657}
2024-05-21 20:44:46 - INFO     - 0.9111111111111111, 0.8851851851851852, 0.8814814814814815, 0.8814814814814815, 0.8333333333333334, 0.8888888888888888, 0.8777777777777778, 0.9074074074074074, 0.9296296296296296, 0.8925925925925926
2024-05-21 20:44:46 - WARNING  - Epoch: 524, Sum of Accs: 8.889, Sum of s_i: 29.340336008573615
2024-05-21 20:44:50 - INFO     - {6: 2.948397333382958, 9: 3.0146755374971885, 0: 3.0558234427479767, 2: 2.7636376339986737, 4: 3.0035023216457937, 3: 2.763723721282043, 5: 3.0043990983726885, 1: 3.0002405719590626, 8: 2.853680398351538, 7: 2.9464422514813937}
2024-05-21 20:44:50 - INFO     - 0.9074074074074074, 0.8703703703703703, 0.8740740740740741, 0.8666666666666667, 0.8444444444444444, 0.8740740740740741, 0.8740740740740741, 0.9259259259259259, 0.9148148148148149, 0.9
2024-05-21 20:44:50 - WARNING  - Epoch: 525, Sum of Accs: 8.852, Sum of s_i: 29.354522310719315
2024-05-21 20:44:55 - INFO     - {6: 2.9498331718548694, 9: 3.016238829151733, 0: 3.0574661185780627, 2: 2.7647259366900783, 4: 3.00504710847686, 3: 2.764814135259431, 5: 3.0059463281059666, 1: 3.001780584451563, 8: 2.854943363785789, 7: 2.9478819571983004}
2024-05-21 20:44:55 - INFO     - 0.9037037037037037, 0.8592592592592593, 0.8629629629629629, 0.8629629629629629, 0.8481481481481481, 0.8814814814814815, 0.8814814814814815, 0.9185185185185185, 0.9185185185185185, 0.8962962962962963
2024-05-21 20:44:55 - WARNING  - Epoch: 526, Sum of Accs: 8.833, Sum of s_i: 29.368677533552656
2024-05-21 20:44:59 - INFO     - {6: 2.9512662694725997, 9: 3.017799380804088, 0: 3.0591060552861404, 2: 2.7658115002594745, 4: 3.006589685098362, 3: 2.765901507296774, 5: 3.0074918578807965, 1: 3.003317861772683, 8: 2.8562032872799947, 7: 2.949318620975162}
2024-05-21 20:44:59 - INFO     - 0.9148148148148149, 0.8592592592592593, 0.8629629629629629, 0.8629629629629629, 0.8111111111111111, 0.8518518518518519, 0.8518518518518519, 0.9, 0.9037037037037037, 0.8925925925925926
2024-05-21 20:44:59 - WARNING  - Epoch: 527, Sum of Accs: 8.711, Sum of s_i: 29.382806026126076
2024-05-21 20:45:03 - INFO     - {6: 2.9526966345716024, 9: 3.019357477249491, 0: 3.060743838725122, 2: 2.7668949105597744, 4: 3.008130108450767, 3: 2.7669867260650203, 5: 3.009033623778186, 1: 3.0048543205748737, 8: 2.857461057505104, 7: 2.950753131482927}
2024-05-21 20:45:03 - INFO     - 0.9074074074074074, 0.8814814814814815, 0.8666666666666667, 0.8703703703703703, 0.8481481481481481, 0.8814814814814815, 0.8814814814814815, 0.9111111111111111, 0.9333333333333333, 0.9
2024-05-21 20:45:03 - WARNING  - Epoch: 528, Sum of Accs: 8.881, Sum of s_i: 29.39691182896287
2024-05-21 20:45:08 - INFO     - {6: 2.9541242746841627, 9: 3.020912573089018, 0: 3.0623783213688105, 2: 2.7679753202541986, 4: 3.0096672310078794, 3: 2.768068944227391, 5: 3.0105736994886265, 1: 3.0063874785817717, 8: 2.8587155269349207, 7: 2.9521846413848163}
2024-05-21 20:45:08 - INFO     - 0.9148148148148149, 0.8592592592592593, 0.8629629629629629, 0.8666666666666667, 0.8222222222222222, 0.8703703703703703, 0.8555555555555555, 0.9074074074074074, 0.9037037037037037, 0.9
2024-05-21 20:45:08 - WARNING  - Epoch: 529, Sum of Accs: 8.763, Sum of s_i: 29.410988011021594
2024-05-21 20:45:12 - INFO     - {6: 2.9555491986589413, 9: 3.022464953630983, 0: 3.0640100895830553, 2: 2.769052715329762, 4: 3.011201116860705, 3: 2.769148147770901, 5: 3.0121110607696235, 1: 3.0079179221592263, 8: 2.859967581256592, 7: 2.953613136667845}
2024-05-21 20:45:12 - INFO     - 0.9074074074074074, 0.8851851851851852, 0.8703703703703703, 0.8777777777777778, 0.8407407407407408, 0.8814814814814815, 0.8777777777777778, 0.9074074074074074, 0.9333333333333333, 0.9037037037037037
2024-05-21 20:45:12 - WARNING  - Epoch: 530, Sum of Accs: 8.885, Sum of s_i: 29.42503592268763
2024-05-21 20:45:16 - INFO     - {6: 2.9569714150596966, 9: 3.024014627435146, 0: 3.06563915192352, 2: 2.7701270908252087, 4: 3.012732298540023, 3: 2.770224943897907, 5: 3.0136446935182497, 1: 3.0094453461565642, 8: 2.861216928840461, 7: 2.95503922453437}
2024-05-21 20:45:16 - INFO     - 0.9185185185185185, 0.8666666666666667, 0.8555555555555555, 0.8666666666666667, 0.8333333333333334, 0.8703703703703703, 0.8666666666666667, 0.9037037037037037, 0.9148148148148149, 0.9111111111111111
2024-05-21 20:45:16 - WARNING  - Epoch: 531, Sum of Accs: 8.807, Sum of s_i: 29.439055720731144
2024-05-21 20:45:21 - INFO     - {6: 2.9583909323962514, 9: 3.0255616030073624, 0: 3.0672655168919927, 2: 2.7711993802523223, 4: 3.0142613034219194, 3: 2.7712990417929673, 5: 3.0151766515534746, 1: 3.0109690723105063, 8: 2.862463578192384, 7: 2.956462316571626}
2024-05-21 20:45:21 - INFO     - 0.9037037037037037, 0.8851851851851852, 0.8740740740740741, 0.8814814814814815, 0.8407407407407408, 0.8814814814814815, 0.8777777777777778, 0.9111111111111111, 0.9259259259259259, 0.9074074074074074
2024-05-21 20:45:21 - WARNING  - Epoch: 532, Sum of Accs: 8.889, Sum of s_i: 29.453049396390803
2024-05-21 20:45:25 - INFO     - {6: 2.959807758772174, 9: 3.0271058884473723, 0: 3.0688891925842885, 2: 2.7722689795472286, 4: 3.0157876190276394, 3: 2.77237044955582, 5: 3.0167062170538146, 1: 3.012491720107304, 8: 2.8637075374121004, 7: 2.9578830160739975}
2024-05-21 20:45:25 - INFO     - 0.9148148148148149, 0.8666666666666667, 0.8629629629629629, 0.8666666666666667, 0.8481481481481481, 0.8740740740740741, 0.8703703703703703, 0.9037037037037037, 0.9185185185185185, 0.9148148148148149
2024-05-21 20:45:25 - WARNING  - Epoch: 533, Sum of Accs: 8.841, Sum of s_i: 29.467018378581738
2024-05-21 20:45:29 - INFO     - {6: 2.9612219019945774, 9: 3.0286474915585626, 0: 3.070510186799978, 2: 2.773336167970929, 4: 3.0173112531567527, 3: 2.7734391749898535, 5: 3.018232804336256, 1: 3.014011389686203, 8: 2.864948814302997, 7: 2.9593013047051633}
2024-05-21 20:45:29 - INFO     - 0.9111111111111111, 0.8851851851851852, 0.8740740740740741, 0.8703703703703703, 0.8481481481481481, 0.8777777777777778, 0.8814814814814815, 0.9074074074074074, 0.9259259259259259, 0.9074074074074074
2024-05-21 20:45:29 - WARNING  - Epoch: 534, Sum of Accs: 8.889, Sum of s_i: 29.480960489501275
2024-05-21 20:45:34 - INFO     - {6: 2.962633370267057, 9: 3.0301866911774424, 0: 3.0721285076830087, 2: 2.774400681444706, 4: 3.0188322139532073, 3: 2.7745054969315768, 5: 3.019756718286039, 1: 3.015528385932443, 8: 2.8661876877015833, 7: 2.9607169183864053}
2024-05-21 20:45:34 - INFO     - 0.9111111111111111, 0.8777777777777778, 0.8666666666666667, 0.8666666666666667, 0.8481481481481481, 0.8740740740740741, 0.8740740740740741, 0.9074074074074074, 0.9222222222222223, 0.9111111111111111
2024-05-21 20:45:34 - WARNING  - Epoch: 535, Sum of Accs: 8.859, Sum of s_i: 29.494876671763475
2024-05-21 20:45:38 - INFO     - {6: 2.9640421715902208, 9: 3.031723223847007, 0: 3.073744727346152, 2: 2.775462527969167, 4: 3.0203499966968086, 3: 2.775569151923985, 5: 3.021277454182969, 1: 3.01704220412583, 8: 2.8674238941508543, 7: 2.9621298651183317}
2024-05-21 20:45:38 - INFO     - 0.9074074074074074, 0.8777777777777778, 0.8703703703703703, 0.8703703703703703, 0.8481481481481481, 0.8777777777777778, 0.8777777777777778, 0.9074074074074074, 0.9222222222222223, 0.9111111111111111
2024-05-21 20:45:38 - WARNING  - Epoch: 536, Sum of Accs: 8.870, Sum of s_i: 29.508765216951325
2024-05-21 20:45:42 - INFO     - {6: 2.9654483142697994, 9: 3.0332568288666097, 0: 3.0753577260034586, 2: 2.7765214468436668, 4: 3.02186512425677, 3: 2.776629879266431, 5: 3.022795042362803, 1: 3.018553367135577, 8: 2.868656879594289, 7: 2.963539590844422}
2024-05-21 20:45:42 - INFO     - 0.9074074074074074, 0.8740740740740741, 0.8666666666666667, 0.8666666666666667, 0.8444444444444444, 0.8777777777777778, 0.8777777777777778, 0.9074074074074074, 0.9222222222222223, 0.9111111111111111
2024-05-21 20:45:42 - WARNING  - Epoch: 537, Sum of Accs: 8.856, Sum of s_i: 29.52262419944383
2024-05-21 20:45:47 - INFO     - {6: 2.966851806956775, 9: 3.0347877847029427, 0: 3.076968076313955, 2: 2.7775777165348967, 4: 3.023378407000105, 3: 2.7776879574256075, 5: 3.0243109857400516, 1: 3.0200611027727824, 8: 2.8698872166909135, 7: 2.964946960743117}
2024-05-21 20:45:47 - INFO     - 0.9074074074074074, 0.8740740740740741, 0.8703703703703703, 0.8666666666666667, 0.8444444444444444, 0.8814814814814815, 0.8740740740740741, 0.9074074074074074, 0.9259259259259259, 0.9111111111111111
2024-05-21 20:45:47 - WARNING  - Epoch: 538, Sum of Accs: 8.863, Sum of s_i: 29.53645801488114
2024-05-21 20:45:51 - INFO     - {6: 2.9682526574391734, 9: 3.0363160991403757, 0: 3.0785757860582637, 2: 2.7786313448272266, 4: 3.0248887566578375, 3: 2.778743102499181, 5: 3.025823291256783, 1: 3.0215674878803007, 8: 2.871115204908053, 7: 2.96635040026188}
2024-05-21 20:45:51 - INFO     - 0.9074074074074074, 0.8777777777777778, 0.8703703703703703, 0.8666666666666667, 0.8444444444444444, 0.8814814814814815, 0.8740740740740741, 0.9074074074074074, 0.9259259259259259, 0.9111111111111111
2024-05-21 20:45:51 - WARNING  - Epoch: 539, Sum of Accs: 8.867, Sum of s_i: 29.55026413092908
2024-05-21 20:45:55 - INFO     - {6: 2.9696508739669283, 9: 3.037841780425057, 0: 3.080180863478652, 2: 2.7796820491089336, 4: 3.0263964739916496, 3: 2.7797959061067057, 5: 3.027332967573359, 1: 3.0230712406638984, 8: 2.872340269114569, 7: 2.967752495608923}
2024-05-21 20:45:55 - INFO     - 0.9074074074074074, 0.8777777777777778, 0.8666666666666667, 0.8703703703703703, 0.8444444444444444, 0.8814814814814815, 0.8740740740740741, 0.9074074074074074, 0.9259259259259259, 0.9111111111111111
2024-05-21 20:45:55 - WARNING  - Epoch: 540, Sum of Accs: 8.867, Sum of s_i: 29.564044920038675
2024-05-21 20:46:00 - INFO     - {6: 2.9710464643156373, 9: 3.0393648363289563, 0: 3.0817833163433703, 2: 2.7807304188677295, 4: 3.0279010620639752, 3: 2.7808460843334486, 5: 3.028840508799013, 1: 3.0245723688918265, 8: 2.873562708765416, 7: 2.969151675542425}
2024-05-21 20:46:00 - INFO     - 0.9074074074074074, 0.8777777777777778, 0.8666666666666667, 0.8703703703703703, 0.8407407407407408, 0.8814814814814815, 0.8740740740740741, 0.9074074074074074, 0.9259259259259259, 0.9111111111111111
2024-05-21 20:46:00 - WARNING  - Epoch: 541, Sum of Accs: 8.863, Sum of s_i: 29.577799444251795
2024-05-21 20:46:04 - INFO     - {6: 2.9724394364184827, 9: 3.0408855397782024, 0: 3.083383152527778, 2: 2.781776436171872, 4: 3.029403538161807, 3: 2.781893910105538, 5: 3.0303459380501727, 1: 3.0260708804394434, 8: 2.8747825317359514, 7: 2.970548793054033}
2024-05-21 20:46:04 - INFO     - 0.9074074074074074, 0.8777777777777778, 0.8666666666666667, 0.8703703703703703, 0.8444444444444444, 0.8814814814814815, 0.8740740740740741, 0.9074074074074074, 0.9259259259259259, 0.9111111111111111
2024-05-21 20:46:04 - WARNING  - Epoch: 542, Sum of Accs: 8.867, Sum of s_i: 29.591530156443284
2024-05-21 20:46:08 - INFO     - {6: 2.9738297977211436, 9: 3.0424033682217497, 0: 3.0849803795712645, 2: 2.7828192900766773, 4: 3.0309029035770556, 3: 2.782938860871929, 5: 3.0318482566187495, 1: 3.0275655127652494, 8: 2.876000033959205, 7: 2.9719427471663034}
2024-05-21 20:46:08 - INFO     - 0.9074074074074074, 0.8814814814814815, 0.8666666666666667, 0.8703703703703703, 0.8444444444444444, 0.8814814814814815, 0.8740740740740741, 0.9074074074074074, 0.9296296296296296, 0.9111111111111111
2024-05-21 20:46:08 - WARNING  - Epoch: 543, Sum of Accs: 8.874, Sum of s_i: 29.605231150549326
2024-05-21 20:46:13 - INFO     - {6: 2.9752175567707058, 9: 3.0439185951994685, 0: 3.086575005962762, 2: 2.7838595433294935, 4: 3.0323996698838043, 3: 2.7839809225926917, 5: 3.0333474944085346, 1: 3.029057548460372, 8: 2.87721493471663, 7: 2.97333311895812}
2024-05-21 20:46:13 - INFO     - 0.9111111111111111, 0.8814814814814815, 0.8666666666666667, 0.8703703703703703, 0.8444444444444444, 0.8851851851851852, 0.8740740740740741, 0.9074074074074074, 0.9296296296296296, 0.9111111111111111
2024-05-21 20:46:13 - WARNING  - Epoch: 544, Sum of Accs: 8.881, Sum of s_i: 29.618904390282584
2024-05-21 20:46:17 - INFO     - {6: 2.976602721718541, 9: 3.045431228859037, 0: 3.088167326615909, 2: 2.7848974908439588, 4: 3.0338946304503747, 3: 2.7850206785751035, 5: 3.034844142429811, 1: 3.030548544476728, 8: 2.8784272421559045, 7: 2.9747221666800505}
2024-05-21 20:46:17 - INFO     - 0.9111111111111111, 0.8851851851851852, 0.8666666666666667, 0.8703703703703703, 0.8444444444444444, 0.8851851851851852, 0.8777777777777778, 0.9074074074074074, 0.9296296296296296, 0.9111111111111111
2024-05-21 20:46:17 - WARNING  - Epoch: 545, Sum of Accs: 8.889, Sum of s_i: 29.632556172805415
2024-05-21 20:46:21 - INFO     - {6: 2.9779852995012797, 9: 3.04694127613377, 0: 3.08975706088422, 2: 2.7859328519735884, 4: 3.0353862216284746, 3: 2.7860578481726797, 5: 3.0363394697648745, 1: 3.0320354093812267, 8: 2.879636963210344, 7: 2.9761086280171454}
2024-05-21 20:46:21 - INFO     - 0.9111111111111111, 0.8851851851851852, 0.8666666666666667, 0.8703703703703703, 0.8444444444444444, 0.8851851851851852, 0.8777777777777778, 0.9074074074074074, 0.9296296296296296, 0.9111111111111111
2024-05-21 20:46:21 - WARNING  - Epoch: 546, Sum of Accs: 8.889, Sum of s_i: 29.646181028667602
2024-05-21 20:46:26 - INFO     - {6: 2.9793652980723833, 9: 3.048448744973519, 0: 3.0913442167175473, 2: 2.7869656346682343, 4: 3.036876017375226, 3: 2.787092439335272, 5: 3.0378309606411174, 1: 3.033521240577764, 8: 2.8808441058297993, 7: 2.9774925109192565}
2024-05-21 20:46:26 - INFO     - 0.9111111111111111, 0.8851851851851852, 0.8666666666666667, 0.8703703703703703, 0.8444444444444444, 0.8851851851851852, 0.8777777777777778, 0.9074074074074074, 0.9296296296296296, 0.9111111111111111
2024-05-21 20:46:26 - WARNING  - Epoch: 547, Sum of Accs: 8.889, Sum of s_i: 29.659781169110115
2024-05-21 20:46:30 - INFO     - {6: 2.9807427249460945, 9: 3.04995364288906, 0: 3.0929288016266665, 2: 2.787995846438672, 4: 3.0383632421977693, 3: 2.7881244595736563, 5: 3.0393211386169887, 1: 3.0350045008500928, 8: 2.882048677525047, 7: 2.9788738228971594}
2024-05-21 20:46:30 - INFO     - 0.9111111111111111, 0.8851851851851852, 0.8703703703703703, 0.8703703703703703, 0.8444444444444444, 0.8851851851851852, 0.8777777777777778, 0.9074074074074074, 0.9296296296296296, 0.9111111111111111
2024-05-21 20:46:30 - WARNING  - Epoch: 548, Sum of Accs: 8.893, Sum of s_i: 29.673356857561206
2024-05-21 20:46:34 - INFO     - {6: 2.9821175875670782, 9: 3.051456236856444, 0: 3.094511082587629, 2: 2.789023754260953, 4: 3.0398471273335996, 3: 2.789154175863884, 5: 3.040807502642309, 1: 3.0364844214357087, 8: 2.8832509452721373, 7: 2.9802528309269056}
2024-05-21 20:46:34 - INFO     - 0.9111111111111111, 0.8851851851851852, 0.8703703703703703, 0.8703703703703703, 0.8444444444444444, 0.8851851851851852, 0.8777777777777778, 0.9111111111111111, 0.9296296296296296, 0.9111111111111111
2024-05-21 20:46:34 - WARNING  - Epoch: 549, Sum of Accs: 8.896, Sum of s_i: 29.686905664746646
2024-05-21 20:46:39 - INFO     - {6: 2.983489893818501, 9: 3.0529560156856412, 0: 3.0960905484104044, 2: 2.790048846945047, 4: 3.041329233069799, 3: 2.7901810770159243, 5: 3.042292561531837, 1: 3.0379610361324856, 8: 2.8844503978810407, 7: 2.981629023818465}
2024-05-21 20:46:39 - INFO     - 0.9111111111111111, 0.8851851851851852, 0.8703703703703703, 0.8703703703703703, 0.8444444444444444, 0.8851851851851852, 0.8777777777777778, 0.9111111111111111, 0.9296296296296296, 0.9111111111111111
2024-05-21 20:46:39 - WARNING  - Epoch: 550, Sum of Accs: 8.896, Sum of s_i: 29.700428634309144
2024-05-21 20:46:43 - INFO     - {6: 2.9848596513659222, 9: 3.0544532465735537, 0: 3.097667184307923, 2: 2.791070812801883, 4: 3.0428080195488603, 3: 2.791204851340707, 5: 3.043773830014515, 1: 3.0394358580613323, 8: 2.885646723662686, 7: 2.983002089882766}
2024-05-21 20:46:43 - INFO     - 0.9111111111111111, 0.8851851851851852, 0.8703703703703703, 0.8703703703703703, 0.8444444444444444, 0.8851851851851852, 0.8777777777777778, 0.9111111111111111, 0.9296296296296296, 0.9111111111111111
2024-05-21 20:46:43 - WARNING  - Epoch: 551, Sum of Accs: 8.896, Sum of s_i: 29.713922267560147
2024-05-21 20:46:47 - INFO     - {6: 2.9862268685129467, 9: 3.0559479378201293, 0: 3.0992412813490158, 2: 2.7920910751502053, 4: 3.044284756503377, 3: 2.7922269221569755, 5: 3.045254058568271, 1: 3.0409073942032, 8: 2.8868413459358178, 7: 2.984373452438553}
2024-05-21 20:46:47 - INFO     - 0.9111111111111111, 0.8851851851851852, 0.8703703703703703, 0.8703703703703703, 0.8481481481481481, 0.8851851851851852, 0.8777777777777778, 0.9111111111111111, 0.9296296296296296, 0.9111111111111111
2024-05-21 20:46:47 - WARNING  - Epoch: 552, Sum of Accs: 8.900, Sum of s_i: 29.727395092638492
2024-05-21 20:46:52 - INFO     - {6: 2.9875915519378964, 9: 3.057440096100529, 0: 3.100813126622994, 2: 2.793108803776452, 4: 3.0457584747017306, 3: 2.793246459251169, 5: 3.046730729919953, 1: 3.0423771478513393, 8: 2.888033434486874, 7: 2.985742281272265}
2024-05-21 20:46:52 - INFO     - 0.9111111111111111, 0.8851851851851852, 0.8703703703703703, 0.8703703703703703, 0.8518518518518519, 0.8851851851851852, 0.8777777777777778, 0.9111111111111111, 0.9296296296296296, 0.9111111111111111
2024-05-21 20:46:52 - WARNING  - Epoch: 553, Sum of Accs: 8.904, Sum of s_i: 29.740842105921207
2024-05-21 20:46:56 - INFO     - {6: 2.988953709241529, 9: 3.058929729012086, 0: 3.1023824465281287, 2: 2.7941237505429055, 4: 3.047229669832981, 3: 2.794263214485569, 5: 3.04820564289184, 1: 3.043845143119684, 8: 2.8892227411781373, 7: 2.9871083282461837}
2024-05-21 20:46:56 - INFO     - 0.9111111111111111, 0.8851851851851852, 0.8703703703703703, 0.8703703703703703, 0.8518518518518519, 0.8851851851851852, 0.8777777777777778, 0.9111111111111111, 0.9296296296296296, 0.9111111111111111
2024-05-21 20:46:56 - WARNING  - Epoch: 554, Sum of Accs: 8.904, Sum of s_i: 29.754264375079043
2024-05-21 20:47:00 - INFO     - {6: 2.9903133478043538, 9: 3.06041684393196, 0: 3.103948969577074, 2: 2.795136179317676, 4: 3.0486988327953504, 3: 2.795276413928761, 5: 3.049676810158038, 1: 3.0453093926823387, 8: 2.890408302163711, 7: 2.988470629514413}
2024-05-21 20:47:00 - INFO     - 0.9111111111111111, 0.8851851851851852, 0.8703703703703703, 0.8703703703703703, 0.8518518518518519, 0.8851851851851852, 0.8777777777777778, 0.9111111111111111, 0.9296296296296296, 0.9111111111111111
2024-05-21 20:47:00 - WARNING  - Epoch: 555, Sum of Accs: 8.904, Sum of s_i: 29.767655721873673
2024-05-21 20:47:05 - INFO     - {6: 2.9916704761451025, 9: 3.0619014493752075, 0: 3.105512983920345, 2: 2.7961460986158206, 4: 3.0501654870520447, 3: 2.796288141694852, 5: 3.0511464175680607, 1: 3.0467720823888187, 8: 2.8915925813866648, 7: 2.9898316490200227}
2024-05-21 20:47:05 - INFO     - 0.9111111111111111, 0.8814814814814815, 0.8703703703703703, 0.8703703703703703, 0.8518518518518519, 0.8851851851851852, 0.8814814814814815, 0.9111111111111111, 0.9296296296296296, 0.9111111111111111
2024-05-21 20:47:05 - WARNING  - Epoch: 556, Sum of Accs: 8.904, Sum of s_i: 29.78102736716694
2024-05-21 20:47:09 - INFO     - {6: 2.993025100659618, 9: 3.0633838052361235, 0: 3.1070750267748393, 2: 2.7971537683316336, 4: 3.051630169819963, 3: 2.7972976198786115, 5: 3.052612579071155, 1: 3.0482310519895, 8: 2.892774611027287, 7: 2.9911904189433005}
2024-05-21 20:47:09 - INFO     - 0.9111111111111111, 0.8814814814814815, 0.8703703703703703, 0.8703703703703703, 0.8518518518518519, 0.8851851851851852, 0.8814814814814815, 0.9111111111111111, 0.9296296296296296, 0.9111111111111111
2024-05-21 20:47:09 - WARNING  - Epoch: 557, Sum of Accs: 8.904, Sum of s_i: 29.794374151732033
2024-05-21 20:47:13 - INFO     - {6: 2.994377228692194, 9: 3.0648634118527234, 0: 3.1086340438237543, 2: 2.79815868880313, 4: 3.053091347620927, 3: 2.7983040722567916, 5: 3.0540762489558957, 1: 3.049688744401625, 8: 2.8939536148623306, 7: 2.992546439622262}
2024-05-21 20:47:13 - INFO     - 0.9111111111111111, 0.8814814814814815, 0.8703703703703703, 0.8740740740740741, 0.8518518518518519, 0.8851851851851852, 0.8814814814814815, 0.9111111111111111, 0.9296296296296296, 0.9111111111111111
2024-05-21 20:47:13 - WARNING  - Epoch: 558, Sum of Accs: 8.907, Sum of s_i: 29.80769384089163
2024-05-21 20:47:18 - INFO     - {6: 2.9957268679853524, 9: 3.066340782492282, 0: 3.1101911014568913, 2: 2.7991613732975855, 4: 3.0545500394286624, 3: 2.7993085652191936, 5: 3.055538899655785, 1: 3.051142738956889, 8: 2.8951306592815955, 7: 2.993900224324183}
2024-05-21 20:47:18 - INFO     - 0.9111111111111111, 0.8814814814814815, 0.8703703703703703, 0.8740740740740741, 0.8518518518518519, 0.8851851851851852, 0.8814814814814815, 0.9111111111111111, 0.9296296296296296, 0.9111111111111111
2024-05-21 20:47:18 - WARNING  - Epoch: 559, Sum of Accs: 8.907, Sum of s_i: 29.820991252098416
2024-05-21 20:47:22 - INFO     - {6: 2.997074025362584, 9: 3.0678156712159144, 0: 3.1117456771741017, 2: 2.8001615758761145, 4: 3.056007255059297, 3: 2.800310576265669, 5: 3.0569976071112315, 1: 3.052595990037309, 8: 2.8963052217849343, 7: 2.995250065781661}
2024-05-21 20:47:22 - INFO     - 0.9111111111111111, 0.8814814814814815, 0.8703703703703703, 0.8740740740740741, 0.8518518518518519, 0.8851851851851852, 0.8814814814814815, 0.9111111111111111, 0.9296296296296296, 0.9111111111111111
2024-05-21 20:47:22 - WARNING  - Epoch: 560, Sum of Accs: 8.907, Sum of s_i: 29.834263665668814
2024-05-21 20:47:26 - INFO     - {6: 2.9984187081368066, 9: 3.0692878347717243, 0: 3.1132972534353054, 2: 2.8011590532868214, 4: 3.0574614712339248, 3: 2.8013098621443224, 5: 3.058455050727372, 1: 3.0540450384419073, 8: 2.8974770591204506, 7: 2.996598643399833}
2024-05-21 20:47:26 - INFO     - 0.9111111111111111, 0.8814814814814815, 0.8703703703703703, 0.8740740740740741, 0.8518518518518519, 0.8851851851851852, 0.8814814814814815, 0.9111111111111111, 0.9296296296296296, 0.9074074074074074
2024-05-21 20:47:26 - WARNING  - Epoch: 561, Sum of Accs: 8.904, Sum of s_i: 29.847509974698465
2024-05-21 20:47:31 - INFO     - {6: 2.9997609238080556, 9: 3.0707575319505525, 0: 3.114846637607712, 2: 2.8021535024499737, 4: 3.0589127484056173, 3: 2.802306681645994, 5: 3.059908825582297, 1: 3.0554923510633856, 8: 2.898646430078985, 7: 2.9979447546410234}
2024-05-21 20:47:31 - INFO     - 0.9111111111111111, 0.8814814814814815, 0.8703703703703703, 0.8740740740740741, 0.8555555555555555, 0.8851851851851852, 0.8814814814814815, 0.9074074074074074, 0.9296296296296296, 0.9074074074074074
2024-05-21 20:47:31 - WARNING  - Epoch: 562, Sum of Accs: 8.904, Sum of s_i: 29.8607303872336
2024-05-21 20:47:35 - INFO     - {6: 3.0011006798181743, 9: 3.072224770190961, 0: 3.116393290052135, 2: 2.8031460545452793, 4: 3.060362313553028, 3: 2.803301042209246, 5: 3.061360144867845, 1: 3.056937951660582, 8: 2.899813591215211, 7: 2.9992884069437937}
2024-05-21 20:47:35 - INFO     - 0.9111111111111111, 0.8814814814814815, 0.8703703703703703, 0.8740740740740741, 0.8555555555555555, 0.8851851851851852, 0.8814814814814815, 0.9074074074074074, 0.9296296296296296, 0.9074074074074074
2024-05-21 20:47:35 - WARNING  - Epoch: 563, Sum of Accs: 8.904, Sum of s_i: 29.873928245056256
2024-05-21 20:47:39 - INFO     - {6: 3.0024379829689583, 9: 3.073689804688146, 0: 3.117938011542898, 2: 2.8041364028973605, 4: 3.061808683723275, 3: 2.804293199029274, 5: 3.06281045942536, 1: 3.0583803572806145, 8: 2.900978299492102, 7: 3.00062985550334}
2024-05-21 20:47:39 - INFO     - 0.9111111111111111, 0.8814814814814815, 0.8703703703703703, 0.8740740740740741, 0.8555555555555555, 0.8851851851851852, 0.8814814814814815, 0.9074074074074074, 0.9296296296296296, 0.9074074074074074
2024-05-21 20:47:39 - WARNING  - Epoch: 564, Sum of Accs: 8.904, Sum of s_i: 29.88710305655133
2024-05-21 20:47:44 - INFO     - {6: 3.0037728401361807, 9: 3.0751521455218156, 0: 3.1194802870500995, 2: 2.8051243052658803, 4: 3.063252610818884, 3: 2.8052829098657406, 5: 3.06425808031936, 1: 3.059819600048116, 8: 2.9021405617854317, 7: 3.001967149976416}
2024-05-21 20:47:44 - INFO     - 0.9111111111111111, 0.9111111111111111, 0.8703703703703703, 0.8814814814814815, 0.8518518518518519, 0.8925925925925926, 0.8962962962962963, 0.9, 0.937037037037037, 0.9074074074074074
2024-05-21 20:47:44 - WARNING  - Epoch: 565, Sum of Accs: 8.959, Sum of s_i: 29.900250490787926
2024-05-21 20:47:48 - INFO     - {6: 3.0051052589809424, 9: 3.07661204874624, 0: 3.1210198772681017, 2: 2.8061097693119392, 4: 3.06469484095031, 3: 2.806269935413008, 5: 3.0657032636041146, 1: 3.061257865629328, 8: 2.9033001387895623, 7: 3.0033034672632017}
2024-05-21 20:47:48 - INFO     - 0.9148148148148149, 0.9111111111111111, 0.8703703703703703, 0.8814814814814815, 0.837037037037037, 0.8925925925925926, 0.8962962962962963, 0.9111111111111111, 0.9296296296296296, 0.9037037037037037
2024-05-21 20:47:48 - WARNING  - Epoch: 566, Sum of Accs: 8.948, Sum of s_i: 29.913376465956745
2024-05-21 20:47:52 - INFO     - {6: 3.0064352460485626, 9: 3.078069520903759, 0: 3.1225570364191992, 2: 2.8070928015808567, 4: 3.0661339036791024, 3: 2.8072545298933704, 5: 3.0671460158219643, 1: 3.0626937001436354, 8: 2.9044572847267878, 7: 3.004637353483083}
2024-05-21 20:47:52 - INFO     - 0.9148148148148149, 0.9185185185185185, 0.8703703703703703, 0.8814814814814815, 0.8407407407407408, 0.8962962962962963, 0.8962962962962963, 0.9037037037037037, 0.9333333333333333, 0.9
2024-05-21 20:47:52 - WARNING  - Epoch: 567, Sum of Accs: 8.956, Sum of s_i: 29.926477392700324
2024-05-21 20:47:57 - INFO     - {6: 3.0077628085319086, 9: 3.0795248147335053, 0: 3.124091502548186, 2: 2.8080734092655, 4: 3.067571009721513, 3: 2.8082364313516224, 5: 3.0685860750177034, 1: 3.0641268416358316, 8: 2.9056122523362404, 7: 3.0059685466808537}
2024-05-21 20:47:57 - INFO     - 0.9222222222222223, 0.9222222222222223, 0.8703703703703703, 0.8851851851851852, 0.837037037037037, 0.8962962962962963, 0.8925925925925926, 0.9111111111111111, 0.9259259259259259, 0.9037037037037037
2024-05-21 20:47:57 - WARNING  - Epoch: 568, Sum of Accs: 8.967, Sum of s_i: 29.939553691822866
2024-05-21 20:48:01 - INFO     - {6: 3.009087953527683, 9: 3.08097769107568, 0: 3.125623552622123, 2: 2.8090515994625718, 4: 3.069005699708874, 3: 2.8092164300166407, 5: 3.070024231420209, 1: 3.0655575670729784, 8: 2.9067642891963055, 7: 3.0072973238235745}
2024-05-21 20:48:01 - INFO     - 0.9222222222222223, 0.9222222222222223, 0.8703703703703703, 0.8814814814814815, 0.8407407407407408, 0.8962962962962963, 0.9, 0.9074074074074074, 0.9259259259259259, 0.9
2024-05-21 20:48:01 - WARNING  - Epoch: 569, Sum of Accs: 8.967, Sum of s_i: 29.952606337926646
2024-05-21 20:48:05 - INFO     - {6: 3.010410687934606, 9: 3.08242791268444, 0: 3.127153705369025, 2: 2.810027379070792, 4: 3.0704382482246366, 3: 2.8101940180928073, 5: 3.071458558388951, 1: 3.066984711760559, 8: 2.907914428729335, 7: 3.0086239594946966}
2024-05-21 20:48:05 - INFO     - 0.9259259259259259, 0.9222222222222223, 0.8666666666666667, 0.8814814814814815, 0.837037037037037, 0.8962962962962963, 0.8925925925925926, 0.9111111111111111, 0.9259259259259259, 0.9037037037037037
2024-05-21 20:48:05 - WARNING  - Epoch: 570, Sum of Accs: 8.963, Sum of s_i: 29.965633609749847
2024-05-21 20:48:10 - INFO     - {6: 3.01173101895134, 9: 3.0838759750475746, 0: 3.1286814547257378, 2: 2.8110007552888234, 4: 3.0718686374947732, 3: 2.8111692027787853, 5: 3.072891900812416, 1: 3.068409457562101, 8: 2.909062164872176, 7: 3.009948435920193}
2024-05-21 20:48:10 - INFO     - 0.9259259259259259, 0.9185185185185185, 0.8740740740740741, 0.8814814814814815, 0.8407407407407408, 0.8962962962962963, 0.9, 0.9074074074074074, 0.9259259259259259, 0.8962962962962963
2024-05-21 20:48:10 - WARNING  - Epoch: 571, Sum of Accs: 8.967, Sum of s_i: 29.97863900345392
2024-05-21 20:48:14 - INFO     - {6: 3.013048953114187, 9: 3.0853213978048752, 0: 3.1302068072285634, 2: 2.8119717346529676, 4: 3.073296629911023, 3: 2.812141990610876, 5: 3.074321435748716, 1: 3.069831811649607, 8: 2.9102075041611295, 7: 3.0112705154918022}
2024-05-21 20:48:14 - INFO     - 0.9222222222222223, 0.9222222222222223, 0.8703703703703703, 0.8814814814814815, 0.8333333333333334, 0.8925925925925926, 0.8962962962962963, 0.9111111111111111, 0.9259259259259259, 0.9037037037037037
2024-05-21 20:48:14 - WARNING  - Epoch: 572, Sum of Accs: 8.959, Sum of s_i: 29.991618780373745
2024-05-21 20:48:18 - INFO     - {6: 3.0143644976311195, 9: 3.086764431607991, 0: 3.1317295280252577, 2: 2.8129403243711972, 4: 3.074721990621141, 3: 2.813112388797052, 5: 3.0757485852292508, 1: 3.0712532078095105, 8: 2.9113504538041686, 7: 3.01258996335728}
2024-05-21 20:48:18 - INFO     - 0.9259259259259259, 0.9185185185185185, 0.8740740740740741, 0.8814814814814815, 0.8407407407407408, 0.8962962962962963, 0.9, 0.9074074074074074, 0.9259259259259259, 0.8962962962962963
2024-05-21 20:48:18 - WARNING  - Epoch: 573, Sum of Accs: 8.967, Sum of s_i: 30.00457537125397
2024-05-21 20:48:23 - INFO     - {6: 3.01567765924494, 9: 3.0882053245682126, 0: 3.133249601787088, 2: 2.813906531186315, 4: 3.076144247416724, 3: 2.8140804040801166, 5: 3.0771733560266847, 1: 3.072670799178065, 8: 2.9124905143521267, 7: 3.013906307308223}
2024-05-21 20:48:23 - INFO     - 0.9222222222222223, 0.9222222222222223, 0.8703703703703703, 0.8851851851851852, 0.8333333333333334, 0.8925925925925926, 0.8962962962962963, 0.9111111111111111, 0.9259259259259259, 0.9037037037037037
2024-05-21 20:48:23 - WARNING  - Epoch: 574, Sum of Accs: 8.963, Sum of s_i: 30.017504745148493
2024-05-21 20:48:27 - INFO     - {6: 3.0169884454217626, 9: 3.0896436014055677, 0: 3.1347675656180214, 2: 2.814870121878567, 4: 3.077564131554184, 3: 2.815046043926183, 5: 3.0785961933174733, 1: 3.074087438372208, 8: 2.913628464969188, 7: 3.01522099820794}
2024-05-21 20:48:27 - INFO     - 0.9222222222222223, 0.9222222222222223, 0.8777777777777778, 0.8851851851851852, 0.8333333333333334, 0.8925925925925926, 0.9, 0.9111111111111111, 0.9259259259259259, 0.8962962962962963
2024-05-21 20:48:27 - WARNING  - Epoch: 575, Sum of Accs: 8.967, Sum of s_i: 30.030413004671097
2024-05-21 20:48:31 - INFO     - {6: 3.0182968624891293, 9: 3.0910795098162254, 0: 3.1362831610222575, 2: 2.815831344144122, 4: 3.0789816493097106, 3: 2.816009074659684, 5: 3.080016227762858, 1: 3.075500294796285, 8: 2.914764047159552, 7: 3.0165321666553564}
2024-05-21 20:48:31 - INFO     - 0.9259259259259259, 0.9222222222222223, 0.8703703703703703, 0.8851851851851852, 0.8333333333333334, 0.8925925925925926, 0.9, 0.9111111111111111, 0.9259259259259259, 0.9
2024-05-21 20:48:31 - WARNING  - Epoch: 576, Sum of Accs: 8.967, Sum of s_i: 30.043294337815176
2024-05-21 20:48:36 - INFO     - {6: 3.01960291782407, 9: 3.092513296497567, 0: 3.1377966346971773, 2: 2.8167904446803598, 4: 3.080397762898054, 3: 2.816969983663869, 5: 3.08143529450453, 1: 3.076912443834414, 8: 2.9158975076206, 7: 3.0178423673990595}
2024-05-21 20:48:36 - INFO     - 0.9259259259259259, 0.9222222222222223, 0.8740740740740741, 0.8814814814814815, 0.8333333333333334, 0.8925925925925926, 0.9, 0.9111111111111111, 0.9259259259259259, 0.9
2024-05-21 20:48:36 - WARNING  - Epoch: 577, Sum of Accs: 8.967, Sum of s_i: 30.056158653619697
2024-05-21 20:48:40 - INFO     - {6: 3.0209066169708487, 9: 3.0939447269907463, 0: 3.1393072515380394, 2: 2.8177464119218087, 4: 3.081810743191608, 3: 2.8179285364798914, 5: 3.0828512279514126, 1: 3.078321459577754, 8: 2.9170278347868583, 7: 3.0191494348479733}
2024-05-21 20:48:40 - INFO     - 0.9222222222222223, 0.9222222222222223, 0.8777777777777778, 0.8851851851851852, 0.8333333333333334, 0.8925925925925926, 0.9, 0.9111111111111111, 0.9259259259259259, 0.9
2024-05-21 20:48:40 - WARNING  - Epoch: 578, Sum of Accs: 8.970, Sum of s_i: 30.068994244256942
2024-05-21 20:48:44 - INFO     - {6: 3.022207967601671, 9: 3.095373570995392, 0: 3.1408157825362633, 2: 2.8187008077539284, 4: 3.0832219141032557, 3: 2.8188845028073803, 5: 3.0842642078211306, 1: 3.079728665939187, 8: 2.9181565905437874, 7: 3.020453548719723}
2024-05-21 20:48:44 - INFO     - 0.9222222222222223, 0.9222222222222223, 0.8777777777777778, 0.8851851851851852, 0.8333333333333334, 0.8925925925925926, 0.9, 0.9111111111111111, 0.9259259259259259, 0.9
2024-05-21 20:48:44 - WARNING  - Epoch: 579, Sum of Accs: 8.970, Sum of s_i: 30.08180755882172
2024-05-21 20:48:49 - INFO     - {6: 3.023506976190916, 9: 3.096800310931037, 0: 3.142322209465487, 2: 2.8196528615444705, 4: 3.0846309809459034, 3: 2.819838365065869, 5: 3.0856762278171064, 1: 3.0811337682316204, 8: 2.919283004259139, 7: 3.02175670271773}
2024-05-21 20:48:49 - INFO     - 0.9222222222222223, 0.9222222222222223, 0.8777777777777778, 0.8851851851851852, 0.8333333333333334, 0.8888888888888888, 0.9, 0.9111111111111111, 0.9259259259259259, 0.9
2024-05-21 20:48:49 - WARNING  - Epoch: 580, Sum of Accs: 8.967, Sum of s_i: 30.09460140716928
2024-05-21 20:48:53 - INFO     - {6: 3.024803648684199, 9: 3.098224478137497, 0: 3.143826063665525, 2: 2.8206023426058273, 4: 3.086036767589557, 3: 2.8207896545951723, 5: 3.087085675083897, 1: 3.082536297794868, 8: 2.920406845245305, 7: 3.0230554288120453}
2024-05-21 20:48:53 - INFO     - 0.9222222222222223, 0.9222222222222223, 0.8777777777777778, 0.8851851851851852, 0.8333333333333334, 0.8888888888888888, 0.9, 0.9111111111111111, 0.9259259259259259, 0.9
2024-05-21 20:48:53 - WARNING  - Epoch: 581, Sum of Accs: 8.967, Sum of s_i: 30.107367202213894
2024-05-21 20:48:58 - INFO     - {6: 3.026097992578375, 9: 3.0996463174100737, 0: 3.1453273307484357, 2: 2.8215497317013005, 4: 3.087440674585891, 3: 2.8217386161905926, 5: 3.0884925352335597, 1: 3.0839364994242326, 8: 2.9215283582975884, 7: 3.024353682146984}
2024-05-21 20:48:58 - INFO     - 0.9222222222222223, 0.9222222222222223, 0.8777777777777778, 0.8851851851851852, 0.8333333333333334, 0.8888888888888888, 0.9, 0.9111111111111111, 0.9296296296296296, 0.9
2024-05-21 20:48:58 - WARNING  - Epoch: 582, Sum of Accs: 8.970, Sum of s_i: 30.120111738317036
2024-05-21 20:49:02 - INFO     - {6: 3.0273900141137875, 9: 3.1010658349863665, 0: 3.1468262768208812, 2: 2.82249479843801, 4: 3.0888425190691864, 3: 2.822685491395249, 5: 3.089897568175703, 1: 3.0853329925749016, 8: 2.9226477849591075, 7: 3.025649613785639}
2024-05-21 20:49:02 - INFO     - 0.9222222222222223, 0.9185185185185185, 0.8777777777777778, 0.8851851851851852, 0.8333333333333334, 0.8888888888888888, 0.9, 0.9111111111111111, 0.9296296296296296, 0.9
2024-05-21 20:49:02 - WARNING  - Epoch: 583, Sum of Accs: 8.967, Sum of s_i: 30.13283289431883
2024-05-21 20:49:06 - INFO     - {6: 3.0286797199015205, 9: 3.1024830374746175, 0: 3.1483229084881854, 2: 2.823437314781158, 4: 3.0902417906499147, 3: 2.823629558391818, 5: 3.0912997929097594, 1: 3.0867282996054155, 8: 2.9237646612270645, 7: 3.0269429725217267}
2024-05-21 20:49:06 - INFO     - 0.9222222222222223, 0.9148148148148149, 0.8777777777777778, 0.8851851851851852, 0.8333333333333334, 0.8888888888888888, 0.9, 0.9111111111111111, 0.9296296296296296, 0.9
2024-05-21 20:49:06 - WARNING  - Epoch: 584, Sum of Accs: 8.963, Sum of s_i: 30.14553005595118
2024-05-21 20:49:11 - INFO     - {6: 3.0299671166480007, 9: 3.103897931578392, 0: 3.1498177235746443, 2: 2.824377522739829, 4: 3.0916392456497976, 3: 2.8245715748184357, 5: 3.092699967073864, 1: 3.088121790055084, 8: 2.9248794630996513, 7: 3.028232446196904}
2024-05-21 20:49:11 - INFO     - 0.9222222222222223, 0.9148148148148149, 0.8777777777777778, 0.8851851851851852, 0.837037037037037, 0.8888888888888888, 0.8962962962962963, 0.9111111111111111, 0.9296296296296296, 0.9
2024-05-21 20:49:11 - WARNING  - Epoch: 585, Sum of Accs: 8.963, Sum of s_i: 30.1582047814346
2024-05-21 20:49:15 - INFO     - {6: 3.031252210760133, 9: 3.105310523701829, 0: 3.1513100026916594, 2: 2.8253154287181625, 4: 3.0930334670878445, 3: 2.825511289264716, 5: 3.0940978392576315, 1: 3.0895127445353086, 8: 2.9259917290027944, 7: 3.0295214523827023}
2024-05-21 20:49:15 - INFO     - 0.9222222222222223, 0.9148148148148149, 0.8777777777777778, 0.8851851851851852, 0.837037037037037, 0.8888888888888888, 0.8962962962962963, 0.9111111111111111, 0.9296296296296296, 0.9
2024-05-21 20:49:15 - WARNING  - Epoch: 586, Sum of Accs: 8.963, Sum of s_i: 30.170856687402782
2024-05-21 20:49:19 - INFO     - {6: 3.0325350086987086, 9: 3.106721052986805, 0: 3.1528002189702136, 2: 2.8262512718580353, 4: 3.094426323279823, 3: 2.826448940872535, 5: 3.095493648602938, 1: 3.0909016361770725, 8: 2.9271019320674765, 7: 3.0308083957300402}
2024-05-21 20:49:19 - INFO     - 0.9222222222222223, 0.9148148148148149, 0.8777777777777778, 0.8851851851851852, 0.837037037037037, 0.8888888888888888, 0.8925925925925926, 0.9111111111111111, 0.9296296296296296, 0.9
2024-05-21 20:49:19 - WARNING  - Epoch: 587, Sum of Accs: 8.959, Sum of s_i: 30.18348842924365
2024-05-21 20:49:23 - INFO     - {6: 3.0338155164275182, 9: 3.1081290600267657, 0: 3.154287657892174, 2: 2.827184824788142, 4: 3.095815963531428, 3: 2.827383376539981, 5: 3.096886242007871, 1: 3.0922866387356587, 8: 2.9282089191917855, 7: 3.032092123137005}
2024-05-21 20:49:23 - INFO     - 0.9222222222222223, 0.9148148148148149, 0.8777777777777778, 0.8851851851851852, 0.837037037037037, 0.8888888888888888, 0.8925925925925926, 0.9111111111111111, 0.9296296296296296, 0.9
2024-05-21 20:49:23 - WARNING  - Epoch: 588, Sum of Accs: 8.959, Sum of s_i: 30.196090322278327
2024-05-21 20:49:28 - INFO     - {6: 3.0350937416493107, 9: 3.109535016594959, 0: 3.1557733014539453, 2: 2.828116095211232, 4: 3.0972033237249095, 3: 2.8283164554310174, 5: 3.098276135486604, 1: 3.093670034378926, 8: 2.929314549539685, 7: 3.03337449376756}
2024-05-21 20:49:28 - INFO     - 0.9222222222222223, 0.9148148148148149, 0.8777777777777778, 0.8851851851851852, 0.837037037037037, 0.8888888888888888, 0.8925925925925926, 0.9111111111111111, 0.9296296296296296, 0.9
2024-05-21 20:49:28 - WARNING  - Epoch: 589, Sum of Accs: 8.959, Sum of s_i: 30.208673147238148
2024-05-21 20:49:32 - INFO     - {6: 3.036369690097618, 9: 3.110938696389667, 0: 3.157256668242231, 2: 2.8290450888608363, 4: 3.0985893304266194, 3: 2.8292472575485683, 5: 3.099665095341642, 1: 3.0950520765304215, 8: 2.9304179031140993, 7: 3.0346545876246296}
2024-05-21 20:49:32 - INFO     - 0.9222222222222223, 0.9148148148148149, 0.8777777777777778, 0.8851851851851852, 0.837037037037037, 0.8888888888888888, 0.8925925925925926, 0.9111111111111111, 0.9296296296296296, 0.9
2024-05-21 20:49:32 - WARNING  - Epoch: 590, Sum of Accs: 8.959, Sum of s_i: 30.22123639417633
2024-05-21 20:49:36 - INFO     - {6: 3.0376433675845305, 9: 3.112339875116596, 0: 3.158737280848483, 2: 2.8299713283284067, 4: 3.0999721482291105, 3: 2.8301757887047247, 5: 3.101051301014646, 1: 3.096431364499883, 8: 2.9315189857271187, 7: 3.0359303771274924}
2024-05-21 20:49:36 - INFO     - 0.9222222222222223, 0.9148148148148149, 0.8777777777777778, 0.8851851851851852, 0.837037037037037, 0.8888888888888888, 0.8925925925925926, 0.9111111111111111, 0.9296296296296296, 0.9
2024-05-21 20:49:37 - WARNING  - Epoch: 591, Sum of Accs: 8.959, Sum of s_i: 30.23377181718099
2024-05-21 20:49:41 - INFO     - {6: 3.038914781396665, 9: 3.113739020275131, 0: 3.160215631036094, 2: 2.8308957873418383, 4: 3.1013527047746234, 3: 2.831102056186103, 5: 3.1024348107134876, 1: 3.097808390050704, 8: 2.9326178046653597, 7: 3.037203908600337}
2024-05-21 20:49:41 - INFO     - 0.9222222222222223, 0.9148148148148149, 0.8814814814814815, 0.8851851851851852, 0.837037037037037, 0.8888888888888888, 0.8925925925925926, 0.9111111111111111, 0.9296296296296296, 0.9
2024-05-21 20:49:41 - WARNING  - Epoch: 592, Sum of Accs: 8.963, Sum of s_i: 30.24628489504034
2024-05-21 20:49:45 - INFO     - {6: 3.0401839378145596, 9: 3.1151359080394263, 0: 3.16169172512175, 2: 2.831817508288813, 4: 3.102731919445921, 3: 2.8320260662732415, 5: 3.1038156505435013, 1: 3.099182312177175, 8: 2.933714366209361, 7: 3.0384758824323823}
2024-05-21 20:49:45 - INFO     - 0.9222222222222223, 0.9148148148148149, 0.8851851851851852, 0.8814814814814815, 0.8407407407407408, 0.8888888888888888, 0.8925925925925926, 0.9111111111111111, 0.9296296296296296, 0.9
2024-05-21 20:49:45 - WARNING  - Epoch: 593, Sum of Accs: 8.967, Sum of s_i: 30.25877527634613
2024-05-21 20:49:50 - INFO     - {6: 3.0414508431668907, 9: 3.1165305447381577, 0: 3.1631655694286964, 2: 2.832737458842441, 4: 3.104107972592811, 3: 2.8329478252948164, 5: 3.1051942431317276, 1: 3.1005548318473313, 8: 2.934808676687799, 7: 3.039746933193476}
2024-05-21 20:49:50 - INFO     - 0.9222222222222223, 0.9148148148148149, 0.8851851851851852, 0.8814814814814815, 0.8407407407407408, 0.8888888888888888, 0.8925925925925926, 0.9111111111111111, 0.9296296296296296, 0.9
2024-05-21 20:49:50 - WARNING  - Epoch: 594, Sum of Accs: 8.967, Sum of s_i: 30.27124489892415
2024-05-21 20:49:54 - INFO     - {6: 3.042715503418318, 9: 3.1179227087634085, 0: 3.1646371699573326, 2: 2.833654936722589, 4: 3.1054824635250644, 3: 2.8338671116429106, 5: 3.106571687217309, 1: 3.10192535822937, 8: 2.935900514492756, 7: 3.041015260790896}
2024-05-21 20:49:54 - INFO     - 0.9222222222222223, 0.9148148148148149, 0.8814814814814815, 0.8814814814814815, 0.8407407407407408, 0.8888888888888888, 0.8925925925925926, 0.9074074074074074, 0.9296296296296296, 0.8962962962962963
2024-05-21 20:49:54 - WARNING  - Epoch: 595, Sum of Accs: 8.956, Sum of s_i: 30.283692714759955
2024-05-21 20:49:58 - INFO     - {6: 3.043977924707715, 9: 3.119312634453538, 0: 3.1661067826410405, 2: 2.8345704032132835, 4: 3.1068540376244314, 3: 2.8347841596558836, 5: 3.1079462144700045, 1: 3.103292967778523, 8: 2.936990113962592, 7: 3.0422809220456224}
2024-05-21 20:49:58 - INFO     - 0.9222222222222223, 0.9148148148148149, 0.8814814814814815, 0.8814814814814815, 0.8407407407407408, 0.8888888888888888, 0.8925925925925926, 0.9074074074074074, 0.9296296296296296, 0.8962962962962963
2024-05-21 20:49:58 - WARNING  - Epoch: 596, Sum of Accs: 8.956, Sum of s_i: 30.296116160552632
2024-05-21 20:50:03 - INFO     - {6: 3.0452381136196327, 9: 3.1207005547118563, 0: 3.167574389892937, 2: 2.835483637326498, 4: 3.1082242847897517, 3: 2.835699202237045, 5: 3.1093181015150084, 1: 3.1046592503936288, 8: 2.9380777080006166, 7: 3.0435452563663024}
2024-05-21 20:50:03 - INFO     - 0.9222222222222223, 0.9148148148148149, 0.8814814814814815, 0.8814814814814815, 0.8407407407407408, 0.8888888888888888, 0.8925925925925926, 0.9074074074074074, 0.9296296296296296, 0.8962962962962963
2024-05-21 20:50:03 - WARNING  - Epoch: 597, Sum of Accs: 8.956, Sum of s_i: 30.308520498853277
2024-05-21 20:50:07 - INFO     - {6: 3.046496075778386, 9: 3.1220862482170104, 0: 3.1690392961010123, 2: 2.8363939076240294, 4: 3.1095914048723268, 3: 2.8366112810025226, 5: 3.1106881747509116, 1: 3.1060224059259895, 8: 2.9391621749558956, 7: 3.0448058091849886}
2024-05-21 20:50:07 - INFO     - 0.9222222222222223, 0.9111111111111111, 0.8814814814814815, 0.8814814814814815, 0.8407407407407408, 0.8888888888888888, 0.8925925925925926, 0.9074074074074074, 0.9296296296296296, 0.8962962962962963
2024-05-21 20:50:07 - WARNING  - Epoch: 598, Sum of Accs: 8.952, Sum of s_i: 30.320896778413076
2024-05-21 20:50:11 - INFO     - {6: 3.0477518183996493, 9: 3.1234694971037666, 0: 3.170501984071947, 2: 2.83730269544659, 4: 3.1109569806660855, 3: 2.8375218772930295, 5: 3.1120564557885984, 1: 3.1073837692601334, 8: 2.9402453227032654, 7: 3.0460637085135116}
2024-05-21 20:50:11 - INFO     - 0.9222222222222223, 0.9111111111111111, 0.8814814814814815, 0.8814814814814815, 0.8407407407407408, 0.8888888888888888, 0.8925925925925926, 0.9074074074074074, 0.9296296296296296, 0.8962962962962963
2024-05-21 20:50:11 - WARNING  - Epoch: 599, Sum of Accs: 8.952, Sum of s_i: 30.333254109246575
2024-05-21 20:50:16 - INFO     - {6: 3.0490053470499094, 9: 3.124850757100427, 0: 3.171962459286651, 2: 2.8382087975226127, 4: 3.1123200957942134, 3: 2.838429787836999, 5: 3.113422524070055, 1: 3.108742919838047, 8: 2.9413257847040977, 7: 3.047320910796999}
2024-05-21 20:50:16 - INFO     - 0.9259259259259259, 0.9111111111111111, 0.8814814814814815, 0.8814814814814815, 0.8407407407407408, 0.8888888888888888, 0.8925925925925926, 0.9074074074074074, 0.9296296296296296, 0.9
2024-05-21 20:50:16 - WARNING  - Epoch: 600, Sum of Accs: 8.959, Sum of s_i: 30.34558938400001
2024-05-21 20:50:20 - INFO     - {6: 3.050256667838601, 9: 3.126229585384904, 0: 3.1734209745647064, 2: 2.8391131635126015, 4: 3.113681250985693, 3: 2.839335962294934, 5: 3.114785557757556, 1: 3.1100987921279364, 8: 2.942404286768281, 7: 3.0485748347924626}
2024-05-21 20:50:20 - INFO     - 0.9259259259259259, 0.9111111111111111, 0.8814814814814815, 0.8814814814814815, 0.8407407407407408, 0.8888888888888888, 0.8925925925925926, 0.9074074074074074, 0.9296296296296296, 0.9
2024-05-21 20:50:20 - WARNING  - Epoch: 601, Sum of Accs: 8.959, Sum of s_i: 30.357901076027673
2024-05-21 20:50:24 - INFO     - {6: 3.051505787133475, 9: 3.127606212786802, 0: 3.1748770429584203, 2: 2.8400151047693964, 4: 3.1150399592928304, 3: 2.8402397120196756, 5: 3.1161474652197847, 1: 3.1114535358848596, 8: 2.9434805879498853, 7: 3.049827876256723}
2024-05-21 20:50:24 - INFO     - 0.9259259259259259, 0.9111111111111111, 0.8814814814814815, 0.8814814814814815, 0.8407407407407408, 0.8888888888888888, 0.8925925925925926, 0.9074074074074074, 0.9296296296296296, 0.9
2024-05-21 20:50:24 - WARNING  - Epoch: 602, Sum of Accs: 8.959, Sum of s_i: 30.37019328427185
2024-05-21 20:50:29 - INFO     - {6: 3.052752710555134, 9: 3.1289808675548616, 0: 3.1763313847200583, 2: 2.840915073392353, 4: 3.1163960526843013, 3: 2.8411414891105786, 5: 3.117507400048175, 1: 3.1128065530097073, 8: 2.944554916497651, 7: 3.0510789450871445}
2024-05-21 20:50:29 - INFO     - 0.9259259259259259, 0.9111111111111111, 0.8814814814814815, 0.8814814814814815, 0.8407407407407408, 0.8888888888888888, 0.8925925925925926, 0.9074074074074074, 0.9296296296296296, 0.9
2024-05-21 20:50:29 - WARNING  - Epoch: 603, Sum of Accs: 8.959, Sum of s_i: 30.382465392659967
2024-05-21 20:50:33 - INFO     - {6: 3.0539974438209945, 9: 3.1303531101429685, 0: 3.1777830695589384, 2: 2.8418128518595105, 4: 3.1177499584656916, 3: 2.842040609278724, 5: 3.118864677953807, 1: 3.114155850580539, 8: 2.945627054889618, 7: 3.052325862762443}
2024-05-21 20:50:33 - INFO     - 0.9259259259259259, 0.9111111111111111, 0.8814814814814815, 0.8814814814814815, 0.8407407407407408, 0.8888888888888888, 0.8925925925925926, 0.9074074074074074, 0.9296296296296296, 0.9
2024-05-21 20:50:33 - WARNING  - Epoch: 604, Sum of Accs: 8.959, Sum of s_i: 30.394710489313233
2024-05-21 20:50:38 - INFO     - {6: 3.0552399938668664, 9: 3.131723391535241, 0: 3.1792325723674066, 2: 2.8427079815292973, 4: 3.119102101187584, 3: 2.8429380129938395, 5: 3.1202189554305213, 1: 3.115502969161874, 8: 2.946697010061597, 7: 3.0535725582170774}
2024-05-21 20:50:38 - INFO     - 0.9259259259259259, 0.9111111111111111, 0.8814814814814815, 0.8814814814814815, 0.8407407407407408, 0.8888888888888888, 0.8925925925925926, 0.9074074074074074, 0.9296296296296296, 0.9
2024-05-21 20:50:38 - WARNING  - Epoch: 605, Sum of Accs: 8.959, Sum of s_i: 30.406935546351303
2024-05-21 20:50:42 - INFO     - {6: 3.056480366370412, 9: 3.1330914953851874, 0: 3.180680363210931, 2: 2.84360139923414, 4: 3.120452531944532, 3: 2.843833239166629, 5: 3.1215723393407977, 1: 3.116849435368608, 8: 2.9477647876912494, 7: 3.0548170761293854}
2024-05-21 20:50:42 - INFO     - 0.9259259259259259, 0.9111111111111111, 0.8814814814814815, 0.8814814814814815, 0.8407407407407408, 0.8888888888888888, 0.8925925925925926, 0.9074074074074074, 0.9296296296296296, 0.9
2024-05-21 20:50:42 - WARNING  - Epoch: 606, Sum of Accs: 8.959, Sum of s_i: 30.41914303384187
2024-05-21 20:50:46 - INFO     - {6: 3.057718566556749, 9: 3.134457426917925, 0: 3.1821259817372467, 2: 2.8444926446217744, 4: 3.121799911730875, 3: 2.8447262930222097, 5: 3.1229235509338658, 1: 3.118193729258133, 8: 2.948830393003693, 7: 3.0560574762816426}
2024-05-21 20:50:46 - INFO     - 0.9259259259259259, 0.9111111111111111, 0.8814814814814815, 0.8814814814814815, 0.8407407407407408, 0.8888888888888888, 0.8925925925925926, 0.9074074074074074, 0.9296296296296296, 0.9
2024-05-21 20:50:46 - WARNING  - Epoch: 607, Sum of Accs: 8.959, Sum of s_i: 30.431325974064116
2024-05-21 20:50:51 - INFO     - {6: 3.058954600878996, 9: 3.1358209729625877, 0: 3.183568972519496, 2: 2.8453817241453185, 4: 3.1231455424265486, 3: 2.8456169613897155, 5: 3.1242721347828675, 1: 3.1195356376595837, 8: 2.9498936128280624, 7: 3.057297194132676}
2024-05-21 20:50:51 - INFO     - 0.9259259259259259, 0.9111111111111111, 0.8814814814814815, 0.8814814814814815, 0.8407407407407408, 0.8888888888888888, 0.8925925925925926, 0.9074074074074074, 0.9296296296296296, 0.9
2024-05-21 20:50:51 - WARNING  - Epoch: 608, Sum of Accs: 8.959, Sum of s_i: 30.443487353725857
2024-05-21 20:50:55 - INFO     - {6: 3.060188475244647, 9: 3.1371823596445574, 0: 3.185010046195044, 2: 2.846268643712267, 4: 3.1244892560155204, 3: 2.8465056894246104, 5: 3.1256177506148433, 1: 3.120874335788017, 8: 2.95095489231982, 7: 3.0585349948770073}
2024-05-21 20:50:55 - INFO     - 0.9259259259259259, 0.9148148148148149, 0.8814814814814815, 0.8814814814814815, 0.8481481481481481, 0.8888888888888888, 0.8925925925925926, 0.9074074074074074, 0.9296296296296296, 0.9
2024-05-21 20:50:55 - WARNING  - Epoch: 609, Sum of Accs: 8.970, Sum of s_i: 30.455626443836337
2024-05-21 20:51:00 - INFO     - {6: 3.0614201956766554, 9: 3.138541811422966, 0: 3.186449184967031, 2: 2.8471534093455726, 4: 3.1258301631663774, 3: 2.8473922635258626, 5: 3.1269624824535827, 1: 3.1222112783886597, 8: 2.9520140178779353, 7: 3.0597699891832244}
2024-05-21 20:51:00 - INFO     - 0.9259259259259259, 0.9148148148148149, 0.8814814814814815, 0.8814814814814815, 0.8481481481481481, 0.8888888888888888, 0.8925925925925926, 0.9074074074074074, 0.9296296296296296, 0.9
2024-05-21 20:51:00 - WARNING  - Epoch: 610, Sum of Accs: 8.970, Sum of s_i: 30.467744796007864
2024-05-21 20:51:04 - INFO     - {6: 3.062649767908908, 9: 3.139898897152013, 0: 3.1878857172723247, 2: 2.8480358089295166, 4: 3.1271689246293843, 3: 2.848276689427359, 5: 3.1283046078256285, 1: 3.123546075301452, 8: 2.9530707773866887, 7: 3.061003488974633}
2024-05-21 20:51:04 - INFO     - 0.9259259259259259, 0.9148148148148149, 0.8814814814814815, 0.8814814814814815, 0.8481481481481481, 0.8888888888888888, 0.8925925925925926, 0.9074074074074074, 0.9296296296296296, 0.9
2024-05-21 20:51:04 - WARNING  - Epoch: 611, Sum of Accs: 8.970, Sum of s_i: 30.47984075480791
2024-05-21 20:51:08 - INFO     - {6: 3.0638771979550246, 9: 3.14125405854453, 0: 3.1893201085475043, 2: 2.8489162841769304, 4: 3.128505955817988, 3: 2.8491589731427194, 5: 3.129643789855891, 1: 3.124878339628172, 8: 2.954125612558912, 7: 3.0622338050069273}
2024-05-21 20:51:08 - INFO     - 0.9259259259259259, 0.9148148148148149, 0.8814814814814815, 0.8814814814814815, 0.8481481481481481, 0.8888888888888888, 0.8925925925925926, 0.9074074074074074, 0.9296296296296296, 0.9
2024-05-21 20:51:08 - WARNING  - Epoch: 612, Sum of Accs: 8.970, Sum of s_i: 30.491914125234597
2024-05-21 20:51:13 - INFO     - {6: 3.0651024918490215, 9: 3.1426068671060476, 0: 3.1907526041025998, 2: 2.8497946232722247, 4: 3.1298404435387273, 3: 2.85003890402708, 5: 3.130981878477739, 1: 3.126208234878553, 8: 2.9551780949001354, 7: 3.063461751962883}
2024-05-21 20:51:13 - INFO     - 0.9259259259259259, 0.9148148148148149, 0.8814814814814815, 0.8814814814814815, 0.8481481481481481, 0.8888888888888888, 0.8925925925925926, 0.9074074074074074, 0.9296296296296296, 0.9
2024-05-21 20:51:13 - WARNING  - Epoch: 613, Sum of Accs: 8.970, Sum of s_i: 30.503965894115012
2024-05-21 20:51:17 - INFO     - {6: 3.066325655436434, 9: 3.143957762039861, 0: 3.192182731293495, 2: 2.8506708320609344, 4: 3.1311732106430465, 3: 2.8509169212837366, 5: 3.132317598735386, 1: 3.127537037432658, 8: 2.956228663613655, 7: 3.0646871525274}
2024-05-21 20:51:17 - INFO     - 0.9259259259259259, 0.9148148148148149, 0.8814814814814815, 0.8814814814814815, 0.8481481481481481, 0.8888888888888888, 0.8925925925925926, 0.9074074074074074, 0.9296296296296296, 0.9
2024-05-21 20:51:17 - WARNING  - Epoch: 614, Sum of Accs: 8.970, Sum of s_i: 30.515997565066606
2024-05-21 20:51:21 - INFO     - {6: 3.0675466942838123, 9: 3.1453063167159296, 0: 3.1936107349624834, 2: 2.85154491610961, 4: 3.1325034479981384, 3: 2.851792598282649, 5: 3.1336514334717855, 1: 3.128863954465515, 8: 2.95727689206943, 7: 3.0659118832651724}
2024-05-21 20:51:21 - INFO     - 0.9259259259259259, 0.9148148148148149, 0.8814814814814815, 0.8814814814814815, 0.8481481481481481, 0.8888888888888888, 0.8925925925925926, 0.9074074074074074, 0.9296296296296296, 0.9
2024-05-21 20:51:21 - WARNING  - Epoch: 615, Sum of Accs: 8.970, Sum of s_i: 30.52800887162453
2024-05-21 20:51:26 - INFO     - {6: 3.068765613991922, 9: 3.1466527528298447, 0: 3.1950366206674663, 2: 2.852416881019017, 4: 3.133832425959651, 3: 2.8526663716600025, 5: 3.134983149646031, 1: 3.1301889678768133, 8: 2.9583232169036466, 7: 3.067134496038939}
2024-05-21 20:51:26 - INFO     - 0.9259259259259259, 0.9148148148148149, 0.8814814814814815, 0.8814814814814815, 0.8481481481481481, 0.8888888888888888, 0.8925925925925926, 0.9074074074074074, 0.9296296296296296, 0.9
2024-05-21 20:51:26 - WARNING  - Epoch: 616, Sum of Accs: 8.970, Sum of s_i: 30.540000496593336
2024-05-21 20:51:30 - INFO     - {6: 3.0699824200283756, 9: 3.147997075846946, 0: 3.1964606306781462, 2: 2.853286732256768, 4: 3.135158435063993, 3: 2.8535380313656997, 5: 3.136311724901107, 1: 3.1315103915028124, 8: 2.959367428066207, 7: 3.068355447484155}
2024-05-21 20:51:30 - INFO     - 0.9259259259259259, 0.9148148148148149, 0.8814814814814815, 0.8814814814814815, 0.8481481481481481, 0.8888888888888888, 0.8925925925925926, 0.9074074074074074, 0.9296296296296296, 0.9
2024-05-21 20:51:30 - WARNING  - Epoch: 617, Sum of Accs: 8.970, Sum of s_i: 30.551968317194206
2024-05-21 20:51:34 - INFO     - {6: 3.07119711857398, 9: 3.149339291945583, 0: 3.19788274756373, 2: 2.85415447600367, 4: 3.136482338926592, 3: 2.8544075835805485, 5: 3.1376385819170345, 1: 3.1328311837516054, 8: 2.9604095317379184, 7: 3.069574291438522}
2024-05-21 20:51:34 - INFO     - 0.9259259259259259, 0.9148148148148149, 0.8814814814814815, 0.8814814814814815, 0.8481481481481481, 0.8888888888888888, 0.8925925925925926, 0.9074074074074074, 0.9296296296296296, 0.9
2024-05-21 20:51:34 - WARNING  - Epoch: 618, Sum of Accs: 8.970, Sum of s_i: 30.563917145439184
2024-05-21 20:51:39 - INFO     - {6: 3.0724097149488934, 9: 3.1506796196668967, 0: 3.199302762278622, 2: 2.8550201175798806, 4: 3.137804993554908, 3: 2.8552750336247055, 5: 3.1389641896986786, 1: 3.134149873829707, 8: 2.9614495332389383, 7: 3.0707910332221977}
2024-05-21 20:51:39 - INFO     - 0.9259259259259259, 0.9148148148148149, 0.8814814814814815, 0.8814814814814815, 0.8481481481481481, 0.8888888888888888, 0.8925925925925926, 0.9074074074074074, 0.9296296296296296, 0.9
2024-05-21 20:51:39 - WARNING  - Epoch: 619, Sum of Accs: 8.970, Sum of s_i: 30.575846871643424
2024-05-21 20:51:43 - INFO     - {6: 3.0736202144805125, 9: 3.152017850544916, 0: 3.200720232423947, 2: 2.855883662312797, 4: 3.1391255513399297, 3: 2.8561403868255684, 5: 3.1402877006370287, 1: 3.1354650024859154, 8: 2.962487437896664, 7: 3.072005230436307}
2024-05-21 20:51:43 - INFO     - 0.9259259259259259, 0.9148148148148149, 0.8814814814814815, 0.8814814814814815, 0.8481481481481481, 0.8888888888888888, 0.8925925925925926, 0.9074074074074074, 0.9296296296296296, 0.9
2024-05-21 20:51:43 - WARNING  - Epoch: 620, Sum of Accs: 8.970, Sum of s_i: 30.587753269383587
2024-05-21 20:51:47 - INFO     - {6: 3.0748286232260162, 9: 3.1533537785471144, 0: 3.202135847419724, 2: 2.8567449041698922, 4: 3.140443172283531, 3: 2.85700343715061, 5: 3.1416089086995576, 1: 3.136779292844902, 8: 2.963523039678569, 7: 3.0732175725008672}
2024-05-21 20:51:47 - INFO     - 0.9259259259259259, 0.9148148148148149, 0.8814814814814815, 0.8814814814814815, 0.8481481481481481, 0.8888888888888888, 0.8925925925925926, 0.9074074074074074, 0.9296296296296296, 0.9
2024-05-21 20:51:47 - WARNING  - Epoch: 621, Sum of Accs: 8.970, Sum of s_i: 30.599638576520782
2024-05-21 20:51:52 - INFO     - {6: 3.076034946836091, 9: 3.1546878335035897, 0: 3.203549143942746, 2: 2.857604272981264, 4: 3.1417595541470082, 3: 2.8578646144299285, 5: 3.142928243716363, 1: 3.1380902534328374, 8: 2.96455676841475, 7: 3.0744280415197043}
2024-05-21 20:51:52 - INFO     - 0.9259259259259259, 0.9148148148148149, 0.8814814814814815, 0.8814814814814815, 0.8481481481481481, 0.8888888888888888, 0.8925925925925926, 0.9074074074074074, 0.9296296296296296, 0.9
2024-05-21 20:51:52 - WARNING  - Epoch: 622, Sum of Accs: 8.970, Sum of s_i: 30.61150367292428
2024-05-21 20:51:56 - INFO     - {6: 3.077239190794358, 9: 3.1560195978428305, 0: 3.204960595275565, 2: 2.8584615621408287, 4: 3.1430730147577464, 3: 2.8587237120574396, 5: 3.1442442770386756, 1: 3.1393993690516075, 8: 2.965588206533697, 7: 3.0756352088440484}
2024-05-21 20:51:56 - INFO     - 0.9259259259259259, 0.9148148148148149, 0.8814814814814815, 0.8814814814814815, 0.8481481481481481, 0.8888888888888888, 0.8925925925925926, 0.9074074074074074, 0.9296296296296296, 0.9
2024-05-21 20:51:56 - WARNING  - Epoch: 623, Sum of Accs: 8.970, Sum of s_i: 30.623344734336797
2024-05-21 20:52:00 - INFO     - {6: 3.078441361241364, 9: 3.157349499636237, 0: 3.20637018406255, 2: 2.859316777789132, 4: 3.1443844040153017, 3: 2.8595807361736894, 5: 3.145558619449559, 1: 3.1407067937589486, 8: 2.96661778210681, 7: 3.0768406852569634}
2024-05-21 20:52:00 - INFO     - 0.9259259259259259, 0.9148148148148149, 0.8814814814814815, 0.8814814814814815, 0.8481481481481481, 0.8888888888888888, 0.8925925925925926, 0.9074074074074074, 0.9296296296296296, 0.9
2024-05-21 20:52:00 - WARNING  - Epoch: 624, Sum of Accs: 8.970, Sum of s_i: 30.635166843490556
2024-05-21 20:52:05 - INFO     - {6: 3.0796414634145934, 9: 3.158677123305509, 0: 3.2077774947254003, 2: 2.8601699251636585, 4: 3.1456937272957943, 3: 2.8604348548700234, 5: 3.146870517739161, 1: 3.1420117743450082, 8: 2.9676450795557883, 7: 3.078043080734273}
2024-05-21 20:52:05 - INFO     - 0.9259259259259259, 0.9148148148148149, 0.8814814814814815, 0.8814814814814815, 0.8481481481481481, 0.8888888888888888, 0.8925925925925926, 0.9074074074074074, 0.9296296296296296, 0.9
2024-05-21 20:52:05 - WARNING  - Epoch: 625, Sum of Accs: 8.970, Sum of s_i: 30.646965041149205
2024-05-21 20:52:09 - INFO     - {6: 3.0808395034062155, 9: 3.1600028946435312, 0: 3.2091825121727955, 2: 2.8610203240678467, 4: 3.1470009907320016, 3: 2.861286913722072, 5: 3.148180357252779, 1: 3.1433154671556127, 8: 2.9686696898647, 7: 3.0792440542499224}
2024-05-21 20:52:09 - INFO     - 0.9259259259259259, 0.9148148148148149, 0.8814814814814815, 0.8814814814814815, 0.8481481481481481, 0.8888888888888888, 0.8925925925925926, 0.9074074074074074, 0.9296296296296296, 0.9
2024-05-21 20:52:09 - WARNING  - Epoch: 626, Sum of Accs: 8.970, Sum of s_i: 30.65874270726748
2024-05-21 20:52:13 - INFO     - {6: 3.0820354867043607, 9: 3.1613264005436577, 0: 3.210585474087331, 2: 2.861869352567289, 4: 3.148306592559961, 3: 2.8621375419450414, 5: 3.1494891432132355, 1: 3.1446171044333577, 8: 2.9696928695445326, 7: 3.0804437432332414}
2024-05-21 20:52:13 - INFO     - 0.9259259259259259, 0.9148148148148149, 0.8814814814814815, 0.8814814814814815, 0.8481481481481481, 0.8888888888888888, 0.8925925925925926, 0.9074074074074074, 0.9296296296296296, 0.8962962962962963
2024-05-21 20:52:13 - WARNING  - Epoch: 627, Sum of Accs: 8.967, Sum of s_i: 30.670503708832012
2024-05-21 20:52:18 - INFO     - {6: 3.0832294181104163, 9: 3.1626480632961136, 0: 3.211986385193439, 2: 2.862715646297626, 4: 3.1496097518111674, 3: 2.862985644143325, 5: 3.150796086026022, 1: 3.1459156963799746, 8: 2.970713523199679, 7: 3.0816409896398076}
2024-05-21 20:52:18 - INFO     - 0.9259259259259259, 0.9148148148148149, 0.8814814814814815, 0.8814814814814815, 0.8481481481481481, 0.8888888888888888, 0.8925925925925926, 0.9074074074074074, 0.9296296296296296, 0.8962962962962963
2024-05-21 20:52:18 - WARNING  - Epoch: 628, Sum of Accs: 8.967, Sum of s_i: 30.682241204097572
2024-05-21 20:52:22 - INFO     - {6: 3.0844213036072836, 9: 3.1639674724923124, 0: 3.213385481383216, 2: 2.863560576995791, 4: 3.1509116955614376, 3: 2.863832383309436, 5: 3.1521009829296203, 1: 3.1472122458397873, 8: 2.971732813822653, 7: 3.082835187622456}
2024-05-21 20:52:22 - INFO     - 0.9259259259259259, 0.9148148148148149, 0.8814814814814815, 0.8814814814814815, 0.8481481481481481, 0.8888888888888888, 0.8925925925925926, 0.9074074074074074, 0.9296296296296296, 0.8962962962962963
2024-05-21 20:52:22 - WARNING  - Epoch: 629, Sum of Accs: 8.967, Sum of s_i: 30.693960143564
2024-05-21 20:52:26 - INFO     - {6: 3.08561114830242, 9: 3.165284841432197, 0: 3.214782308040922, 2: 2.8644030305148154, 4: 3.1522107724609545, 3: 2.864676874572164, 5: 3.1534034026540785, 1: 3.1485077478607026, 8: 2.972749856542244, 7: 3.0840283516773326}
2024-05-21 20:52:26 - INFO     - 0.9259259259259259, 0.9148148148148149, 0.8814814814814815, 0.8814814814814815, 0.8481481481481481, 0.8888888888888888, 0.8925925925925926, 0.9074074074074074, 0.9296296296296296, 0.8962962962962963
2024-05-21 20:52:26 - WARNING  - Epoch: 630, Sum of Accs: 8.967, Sum of s_i: 30.70565833405783
2024-05-21 20:52:30 - INFO     - {6: 3.0867989576733756, 9: 3.166600382149553, 0: 3.216177100445091, 2: 2.8652438850870685, 4: 3.153507816094579, 3: 2.8655195376123634, 5: 3.1547037881249995, 1: 3.1498012156280812, 8: 2.9737650710393067, 7: 3.085219871150285}
2024-05-21 20:52:30 - INFO     - 0.9259259259259259, 0.9148148148148149, 0.8814814814814815, 0.8814814814814815, 0.8481481481481481, 0.8888888888888888, 0.8925925925925926, 0.9074074074074074, 0.9296296296296296, 0.8962962962962963
2024-05-21 20:52:30 - WARNING  - Epoch: 631, Sum of Accs: 8.967, Sum of s_i: 30.717337625004706
2024-05-21 20:52:35 - INFO     - {6: 3.0879847368640525, 9: 3.1679138926866304, 0: 3.2175702979757466, 2: 2.8660827094790426, 4: 3.1548036535386585, 3: 2.866360170472284, 5: 3.1560025787224073, 1: 3.151093088521946, 8: 2.97477825535609, 7: 3.0864097957497245}
2024-05-21 20:52:35 - INFO     - 0.9259259259259259, 0.9148148148148149, 0.8814814814814815, 0.8814814814814815, 0.8481481481481481, 0.8888888888888888, 0.8925925925925926, 0.9074074074074074, 0.9296296296296296, 0.8962962962962963
2024-05-21 20:52:35 - WARNING  - Epoch: 632, Sum of Accs: 8.967, Sum of s_i: 30.728999179366582
2024-05-21 20:52:39 - INFO     - {6: 3.089168490805082, 9: 3.16922537797406, 0: 3.2189614702567546, 2: 2.8669195086213692, 4: 3.1560966459829007, 3: 2.867198778082557, 5: 3.157298524319978, 1: 3.152382116415974, 8: 2.975789414423226, 7: 3.0875968753493264}
2024-05-21 20:52:39 - INFO     - 0.9259259259259259, 0.9148148148148149, 0.8814814814814815, 0.8814814814814815, 0.8481481481481481, 0.8888888888888888, 0.8925925925925926, 0.9074074074074074, 0.9296296296296296, 0.8962962962962963
2024-05-21 20:52:39 - WARNING  - Epoch: 633, Sum of Accs: 8.967, Sum of s_i: 30.740637202231227
2024-05-21 20:52:43 - INFO     - {6: 3.0903502254213198, 9: 3.1705348439366987, 0: 3.2203506232129713, 2: 2.8677542884389045, 4: 3.157387621247278, 3: 2.868035366368039, 5: 3.158593270342947, 1: 3.1536699447354004, 8: 2.9767985541655713, 7: 3.088780946448737}
2024-05-21 20:52:43 - INFO     - 0.9259259259259259, 0.9148148148148149, 0.8814814814814815, 0.8814814814814815, 0.8481481481481481, 0.8888888888888888, 0.8925925925925926, 0.9074074074074074, 0.9296296296296296, 0.8962962962962963
2024-05-21 20:52:43 - WARNING  - Epoch: 634, Sum of Accs: 8.967, Sum of s_i: 30.752255684317866
2024-05-21 20:52:47 - INFO     - {6: 3.091529945932637, 9: 3.1718420913878234, 0: 3.2217373311768545, 2: 2.868587054151519, 4: 3.158676969124585, 3: 2.8688699405486, 5: 3.1598855713735823, 1: 3.154955328062493, 8: 2.9778056798029953, 7: 3.0899643814814035}
2024-05-21 20:52:47 - INFO     - 0.9259259259259259, 0.9148148148148149, 0.8814814814814815, 0.8814814814814815, 0.8481481481481481, 0.8888888888888888, 0.8925925925925926, 0.9074074074074074, 0.9296296296296296, 0.8962962962962963
2024-05-21 20:52:47 - WARNING  - Epoch: 635, Sum of Accs: 8.967, Sum of s_i: 30.763854293042492
2024-05-21 20:52:52 - INFO     - {6: 3.092707657604917, 9: 3.1731473305325504, 0: 3.2231222573151594, 2: 2.8694178110250963, 4: 3.159963925780315, 3: 2.8697025058901238, 5: 3.1611751144196005, 1: 3.1562383201680086, 8: 2.978810796601382, 7: 3.0911454252924933}
2024-05-21 20:52:52 - INFO     - 0.9259259259259259, 0.9148148148148149, 0.8814814814814815, 0.8814814814814815, 0.8481481481481481, 0.8888888888888888, 0.8925925925925926, 0.9074074074074074, 0.9296296296296296, 0.8962962962962963
2024-05-21 20:52:52 - WARNING  - Epoch: 636, Sum of Accs: 8.967, Sum of s_i: 30.775431144629646
2024-05-21 20:52:56 - INFO     - {6: 3.0938833660181886, 9: 3.1744507702922222, 0: 3.2245053840684097, 2: 2.870246564639665, 4: 3.161248881225961, 3: 2.870533067972639, 5: 3.16246265727854, 1: 3.1575193110634405, 8: 2.97981391014076, 7: 3.0923252791145273}
2024-05-21 20:52:56 - INFO     - 0.9259259259259259, 0.9148148148148149, 0.8814814814814815, 0.8814814814814815, 0.8481481481481481, 0.8888888888888888, 0.8925925925925926, 0.9074074074074074, 0.9296296296296296, 0.8962962962962963
2024-05-21 20:52:56 - WARNING  - Epoch: 637, Sum of Accs: 8.967, Sum of s_i: 30.786989191814346
2024-05-21 20:53:00 - INFO     - {6: 3.0950570762297165, 9: 3.175752211850151, 0: 3.2258865126199163, 2: 2.8710733200524903, 4: 3.162532649690892, 3: 2.8713616318534108, 5: 3.163749378896799, 1: 3.158797718783236, 8: 2.9808150254783947, 7: 3.0935013449073434}
2024-05-21 20:53:00 - INFO     - 0.9259259259259259, 0.9148148148148149, 0.8814814814814815, 0.8814814814814815, 0.8481481481481481, 0.8888888888888888, 0.8925925925925926, 0.9074074074074074, 0.9296296296296296, 0.8962962962962963
2024-05-21 20:53:00 - WARNING  - Epoch: 638, Sum of Accs: 8.967, Sum of s_i: 30.798526870362352
2024-05-21 20:53:05 - INFO     - {6: 3.096228793555744, 9: 3.17705145823386, 0: 3.2272654459972037, 2: 2.871897880291096, 4: 3.163814222981603, 3: 2.872188000559963, 5: 3.1650339053408385, 1: 3.1600743591350318, 8: 2.9818141479305296, 7: 3.0946760369647133}
2024-05-21 20:53:05 - INFO     - 0.9259259259259259, 0.9148148148148149, 0.8814814814814815, 0.8814814814814815, 0.8481481481481481, 0.8888888888888888, 0.8925925925925926, 0.9074074074074074, 0.9296296296296296, 0.8962962962962963
2024-05-21 20:53:05 - WARNING  - Epoch: 639, Sum of Accs: 8.967, Sum of s_i: 30.810044250990583
2024-05-21 20:53:09 - INFO     - {6: 3.0973985232885424, 9: 3.1783487175485954, 0: 3.2286421685652167, 2: 2.8727199922997038, 4: 3.1650932062783035, 3: 2.8730119210365173, 5: 3.1663154792099566, 1: 3.16134951964553, 8: 2.9828106198639466, 7: 3.095849249180786}
2024-05-21 20:53:09 - INFO     - 0.9259259259259259, 0.9148148148148149, 0.8814814814814815, 0.8814814814814815, 0.8481481481481481, 0.8888888888888888, 0.8925925925925926, 0.9074074074074074, 0.9296296296296296, 0.8962962962962963
2024-05-21 20:53:09 - WARNING  - Epoch: 640, Sum of Accs: 8.967, Sum of s_i: 30.8215393969171
2024-05-21 20:53:13 - INFO     - {6: 3.098566271042473, 9: 3.1796439954065576, 0: 3.23001691021805, 2: 2.8735407852549315, 4: 3.1663705878445607, 3: 2.8738340980186154, 5: 3.167595073971988, 1: 3.162622196704019, 8: 2.983805571501615, 7: 3.0970193670166215}
2024-05-21 20:53:13 - INFO     - 0.9259259259259259, 0.9148148148148149, 0.8814814814814815, 0.8814814814814815, 0.8481481481481481, 0.8888888888888888, 0.8925925925925926, 0.9074074074074074, 0.9296296296296296, 0.8962962962962963
2024-05-21 20:53:13 - WARNING  - Epoch: 641, Sum of Accs: 8.967, Sum of s_i: 30.833014856979435
2024-05-21 20:53:18 - INFO     - {6: 3.099732041980471, 9: 3.180937296968647, 0: 3.2313896761145093, 2: 2.874359601394227, 4: 3.1676456163953715, 3: 2.874654722625858, 5: 3.1688730556761273, 1: 3.163893637963688, 8: 2.984798546843411, 7: 3.0981888599818648}
2024-05-21 20:53:18 - INFO     - 0.9259259259259259, 0.9148148148148149, 0.8814814814814815, 0.8814814814814815, 0.8481481481481481, 0.8888888888888888, 0.8925925925925926, 0.9074074074074074, 0.9296296296296296, 0.8962962962962963
2024-05-21 20:53:18 - WARNING  - Epoch: 642, Sum of Accs: 8.967, Sum of s_i: 30.844473055944174
2024-05-21 20:53:22 - INFO     - {6: 3.100895840837006, 9: 3.1822286269674143, 0: 3.2327604709851747, 2: 2.8751760231262105, 4: 3.1689190511794605, 3: 2.8754729528257883, 5: 3.170149443613545, 1: 3.1651631081975626, 8: 2.9857893285002044, 7: 3.0993563819213135}
2024-05-21 20:53:22 - INFO     - 0.9259259259259259, 0.9148148148148149, 0.8814814814814815, 0.8814814814814815, 0.8481481481481481, 0.8888888888888888, 0.8925925925925926, 0.9074074074074074, 0.9296296296296296, 0.8962962962962963
2024-05-21 20:53:22 - WARNING  - Epoch: 643, Sum of Accs: 8.967, Sum of s_i: 30.855911228153683
2024-05-21 20:53:26 - INFO     - {6: 3.102057672811743, 9: 3.1835179906004885, 0: 3.2341297212998903, 2: 2.8759909003022446, 4: 3.1701909414075997, 3: 2.876289638469769, 5: 3.1714240873069497, 1: 3.166429659503824, 8: 2.986778565601048, 7: 3.100520597480602}
2024-05-21 20:53:26 - INFO     - 0.9259259259259259, 0.9148148148148149, 0.8814814814814815, 0.8814814814814815, 0.8481481481481481, 0.8888888888888888, 0.8925925925925926, 0.9074074074074074, 0.9296296296296296, 0.8962962962962963
2024-05-21 20:53:26 - WARNING  - Epoch: 644, Sum of Accs: 8.967, Sum of s_i: 30.86732977478416
2024-05-21 20:53:31 - INFO     - {6: 3.1032175430240527, 9: 3.1848053929852327, 0: 3.2354965896253383, 2: 2.876803395489011, 4: 3.171460449646472, 3: 2.877103942124482, 5: 3.1726958168503616, 1: 3.1676942530759877, 8: 2.987765420712624, 7: 3.10168324275834}
2024-05-21 20:53:31 - INFO     - 0.9259259259259259, 0.9148148148148149, 0.8814814814814815, 0.8814814814814815, 0.8481481481481481, 0.8888888888888888, 0.8925925925925926, 0.9074074074074074, 0.9296296296296296, 0.8962962962962963
2024-05-21 20:53:31 - WARNING  - Epoch: 645, Sum of Accs: 8.967, Sum of s_i: 30.8787260462919
2024-05-21 20:53:35 - INFO     - {6: 3.1043754570367326, 9: 3.186090839682326, 0: 3.236861502794325, 2: 2.877614354702988, 4: 3.1727280027288827, 3: 2.8779157000027817, 5: 3.1739663230861006, 1: 3.1689578416081843, 8: 2.988750320667739, 7: 3.1028448829961106}
2024-05-21 20:53:35 - INFO     - 0.9259259259259259, 0.9148148148148149, 0.8814814814814815, 0.8814814814814815, 0.8481481481481481, 0.8888888888888888, 0.8925925925925926, 0.9074074074074074, 0.9296296296296296, 0.8962962962962963
2024-05-21 20:53:35 - WARNING  - Epoch: 646, Sum of Accs: 8.967, Sum of s_i: 30.890105225306172
2024-05-21 20:53:39 - INFO     - {6: 3.105531419511811, 9: 3.1873743353519193, 0: 3.2382246854574968, 2: 2.878423362379364, 4: 3.173993825305478, 3: 2.878726516147104, 5: 3.1752350988160245, 1: 3.1702196996345653, 8: 2.9897336882689243, 7: 3.1040047927280656}
2024-05-21 20:53:39 - INFO     - 0.9259259259259259, 0.9148148148148149, 0.8814814814814815, 0.8814814814814815, 0.8481481481481481, 0.8888888888888888, 0.8925925925925926, 0.9074074074074074, 0.9296296296296296, 0.8962962962962963
2024-05-21 20:53:39 - WARNING  - Epoch: 647, Sum of Accs: 8.967, Sum of s_i: 30.901467423600753
2024-05-21 20:53:44 - INFO     - {6: 3.1066854350822344, 9: 3.1886558846250934, 0: 3.2395859217242493, 2: 2.879230225507435, 4: 3.175257110783673, 3: 2.8795351877431217, 5: 3.1765019281495293, 1: 3.171479020562546, 8: 2.990714911321805, 7: 3.105162165361621}
2024-05-21 20:53:44 - INFO     - 0.9259259259259259, 0.9148148148148149, 0.8814814814814815, 0.8814814814814815, 0.8481481481481481, 0.8888888888888888, 0.8925925925925926, 0.9074074074074074, 0.9296296296296296, 0.8962962962962963
2024-05-21 20:53:44 - WARNING  - Epoch: 648, Sum of Accs: 8.967, Sum of s_i: 30.91280779086131
2024-05-21 20:53:48 - INFO     - {6: 3.1078375092010955, 9: 3.189935492952868, 0: 3.2409452170456023, 2: 2.8800353448275935, 4: 3.17651904601845, 3: 2.8803419183937398, 5: 3.1777668165376345, 1: 3.172735831856963, 8: 2.9916943905667726, 7: 3.1063181877517576}
2024-05-21 20:53:48 - INFO     - 0.9259259259259259, 0.9148148148148149, 0.8814814814814815, 0.8814814814814815, 0.8481481481481481, 0.8888888888888888, 0.8925925925925926, 0.9074074074074074, 0.9296296296296296, 0.8962962962962963
2024-05-21 20:53:48 - WARNING  - Epoch: 649, Sum of Accs: 8.967, Sum of s_i: 30.924129755152475
2024-05-21 20:53:52 - INFO     - {6: 3.1089876467233757, 9: 3.1912133618215486, 0: 3.2423027729078613, 2: 2.880838527551171, 4: 3.177779241794133, 3: 2.8811469095852638, 5: 3.1790299654666456, 1: 3.1739907098941966, 8: 2.9926719332151595, 7: 3.107471117494565}
2024-05-21 20:53:52 - INFO     - 0.9259259259259259, 0.9148148148148149, 0.8814814814814815, 0.8814814814814815, 0.8481481481481481, 0.8888888888888888, 0.8925925925925926, 0.9074074074074074, 0.9296296296296296, 0.8962962962962963
2024-05-21 20:53:52 - WARNING  - Epoch: 650, Sum of Accs: 8.967, Sum of s_i: 30.935432186453923
2024-05-21 20:53:57 - INFO     - {6: 3.110135852686671, 9: 3.1924891030003044, 0: 3.243658397211136, 2: 2.881639778715764, 4: 3.1790373098798907, 3: 2.8819499692178034, 5: 3.180290986705732, 1: 3.17524481342974, 8: 2.993647544304562, 7: 3.1086217386535946}
2024-05-21 20:53:57 - INFO     - 0.9259259259259259, 0.9148148148148149, 0.8814814814814815, 0.8814814814814815, 0.8481481481481481, 0.8888888888888888, 0.8925925925925926, 0.9074074074074074, 0.9296296296296296, 0.8962962962962963
2024-05-21 20:53:57 - WARNING  - Epoch: 651, Sum of Accs: 8.967, Sum of s_i: 30.946715493805193
2024-05-21 20:54:01 - INFO     - {6: 3.111282132047879, 9: 3.19376291807734, 0: 3.24501189928175, 2: 2.8824391032782692, 4: 3.1802936474945014, 3: 2.882751102248255, 5: 3.181550081843098, 1: 3.1764969908635634, 8: 2.9946212287918765, 7: 3.109772163423565}
2024-05-21 20:54:01 - INFO     - 0.9259259259259259, 0.9148148148148149, 0.8814814814814815, 0.8814814814814815, 0.8481481481481481, 0.8888888888888888, 0.8925925925925926, 0.9074074074074074, 0.9296296296296296, 0.8962962962962963
2024-05-21 20:54:01 - WARNING  - Epoch: 652, Sum of Accs: 8.967, Sum of s_i: 30.9579812673501
2024-05-21 20:54:05 - INFO     - {6: 3.112426489482073, 9: 3.1950348117258796, 0: 3.246363479923868, 2: 2.883236310781706, 4: 3.181547868050043, 3: 2.883550118219638, 5: 3.1828063223968672, 1: 3.17774631371379, 8: 2.9955927962201225, 7: 3.1109195379793655}
2024-05-21 20:54:05 - INFO     - 0.9259259259259259, 0.9148148148148149, 0.8814814814814815, 0.8814814814814815, 0.8481481481481481, 0.8888888888888888, 0.8925925925925926, 0.9074074074074074, 0.9296296296296296, 0.8962962962962963
2024-05-21 20:54:05 - WARNING  - Epoch: 653, Sum of Accs: 8.967, Sum of s_i: 30.969224048493356
2024-05-21 20:54:10 - INFO     - {6: 3.1135689305844227, 9: 3.1963047895390098, 0: 3.247713144730576, 2: 2.884031797085353, 4: 3.1828001727701754, 3: 2.884347412991232, 5: 3.1840615802703276, 1: 3.178994653883708, 8: 2.996562642448579, 7: 3.1120644076691626}
2024-05-21 20:54:10 - INFO     - 0.9259259259259259, 0.9148148148148149, 0.8814814814814815, 0.8814814814814815, 0.8481481481481481, 0.8888888888888888, 0.8925925925925926, 0.9074074074074074, 0.9296296296296296, 0.8962962962962963
2024-05-21 20:54:10 - WARNING  - Epoch: 654, Sum of Accs: 8.967, Sum of s_i: 30.98044953197255
2024-05-21 20:54:14 - INFO     - {6: 3.114709459968389, 9: 3.1975728561283674, 0: 3.249060682483245, 2: 2.88482496169934, 4: 3.184050350436268, 3: 2.885142601903433, 5: 3.185314926920016, 1: 3.1802408669995863, 8: 2.997530166987376, 7: 3.113208672490615}
2024-05-21 20:54:14 - INFO     - 0.9296296296296296, 0.9148148148148149, 0.8814814814814815, 0.8814814814814815, 0.8481481481481481, 0.8888888888888888, 0.8925925925925926, 0.9074074074074074, 0.9296296296296296, 0.8962962962962963
2024-05-21 20:54:14 - WARNING  - Epoch: 655, Sum of Accs: 8.970, Sum of s_i: 30.991655546016638
2024-05-21 20:54:18 - INFO     - {6: 3.115848082607072, 9: 3.1988392101134506, 0: 3.250406314461762, 2: 2.8856162205391755, 4: 3.185298622328209, 3: 2.885935669211215, 5: 3.186566151965285, 1: 3.181485174341313, 8: 2.998495785752021, 7: 3.1143510315379155}
2024-05-21 20:54:18 - INFO     - 0.9296296296296296, 0.9148148148148149, 0.8814814814814815, 0.8814814814814815, 0.8481481481481481, 0.8888888888888888, 0.8925925925925926, 0.9074074074074074, 0.9296296296296296, 0.8962962962962963
2024-05-21 20:54:18 - WARNING  - Epoch: 656, Sum of Accs: 8.970, Sum of s_i: 31.002842262857413
2024-05-21 20:54:23 - INFO     - {6: 3.1169848034336423, 9: 3.200103662286421, 0: 3.251750453628311, 2: 2.886405350208399, 4: 3.186544765049538, 3: 2.886727243707029, 5: 3.187815247839942, 1: 3.1827279888710716, 8: 2.999458371963382, 7: 3.115491897773248}
2024-05-21 20:54:23 - INFO     - 0.9296296296296296, 0.9148148148148149, 0.8814814814814815, 0.8814814814814815, 0.8481481481481481, 0.8888888888888888, 0.8925925925925926, 0.9074074074074074, 0.9296296296296296, 0.8962962962962963
2024-05-21 20:54:23 - WARNING  - Epoch: 657, Sum of Accs: 8.970, Sum of s_i: 31.014009784760987
2024-05-21 20:54:27 - INFO     - {6: 3.118119627353362, 9: 3.2013660248839546, 0: 3.2530922889174008, 2: 2.8871928123588075, 4: 3.1877894545540735, 3: 2.887516514325384, 5: 3.189062676195784, 1: 3.1839687138253927, 8: 3.0004201940386, 7: 3.1166291681321967}
2024-05-21 20:54:27 - INFO     - 0.9296296296296296, 0.9148148148148149, 0.8814814814814815, 0.8814814814814815, 0.8481481481481481, 0.8888888888888888, 0.8925925925925926, 0.9074074074074074, 0.9296296296296296, 0.8962962962962963
2024-05-21 20:54:27 - WARNING  - Epoch: 658, Sum of Accs: 8.970, Sum of s_i: 31.025157474584955
2024-05-21 20:54:31 - INFO     - {6: 3.119252559369115, 9: 3.2026264960645374, 0: 3.2544326392731326, 2: 2.887978789575858, 4: 3.1890316782324883, 3: 2.88830353341964, 5: 3.1903075089351796, 1: 3.1852066288612453, 8: 3.001379420497371, 7: 3.117764551352289}
2024-05-21 20:54:31 - INFO     - 0.9296296296296296, 0.9148148148148149, 0.8814814814814815, 0.8814814814814815, 0.8481481481481481, 0.8888888888888888, 0.8925925925925926, 0.9074074074074074, 0.9296296296296296, 0.8962962962962963
2024-05-21 20:54:31 - WARNING  - Epoch: 659, Sum of Accs: 8.970, Sum of s_i: 31.036283805580858
2024-05-21 20:54:36 - INFO     - {6: 3.120383604731857, 9: 3.203885081077163, 0: 3.2557706979863226, 2: 2.88876268844338, 4: 3.190272590152116, 3: 2.889089240755109, 5: 3.1915504578007408, 1: 3.1864424494680335, 8: 3.002337465996689, 7: 3.1188993371342626}
2024-05-21 20:54:36 - INFO     - 0.9148148148148149, 0.9037037037037037, 0.8888888888888888, 0.8925925925925926, 0.8629629629629629, 0.8925925925925926, 0.9, 0.9259259259259259, 0.9333333333333333, 0.8962962962962963
2024-05-21 20:54:36 - WARNING  - Epoch: 660, Sum of Accs: 9.011, Sum of s_i: 31.047393613545673
2024-05-21 20:54:40 - INFO     - {6: 3.121512767862282, 9: 3.20514178434078, 0: 3.257107279456726, 2: 2.889544896775102, 4: 3.1915110488140823, 3: 2.8898732575547776, 5: 3.192791869616036, 1: 3.1876769435797856, 8: 3.00329327153136, 7: 3.1200309598119027}
2024-05-21 20:54:40 - INFO     - 0.9296296296296296, 0.9185185185185185, 0.8888888888888888, 0.8851851851851852, 0.8629629629629629, 0.8925925925925926, 0.8962962962962963, 0.9148148148148149, 0.9333333333333333, 0.8962962962962963
2024-05-21 20:54:40 - WARNING  - Epoch: 661, Sum of Accs: 9.019, Sum of s_i: 31.05848407934283
2024-05-21 20:54:44 - INFO     - {6: 3.1226400536489076, 9: 3.2063968014738067, 0: 3.2584415805277813, 2: 2.890325227763025, 4: 3.192747989798561, 3: 2.890655397010647, 5: 3.194031064557956, 1: 3.188909011258309, 8: 3.004246442298125, 7: 3.1211610791960003}
2024-05-21 20:54:44 - INFO     - 0.9296296296296296, 0.9111111111111111, 0.8962962962962963, 0.8888888888888888, 0.8592592592592593, 0.8925925925925926, 0.8962962962962963, 0.9111111111111111, 0.9333333333333333, 0.9
2024-05-21 20:54:44 - WARNING  - Epoch: 662, Sum of Accs: 9.019, Sum of s_i: 31.069554647533124
2024-05-21 20:54:49 - INFO     - {6: 3.1237654670637816, 9: 3.207649755982898, 0: 3.2597740102367827, 2: 2.891103284333345, 4: 3.1939827027204277, 3: 2.8914352620489137, 5: 3.1952683901966235, 1: 3.19014011633052, 8: 3.0051988587932543, 7: 3.122290235973785}
2024-05-21 20:54:49 - INFO     - 0.9333333333333333, 0.9148148148148149, 0.8962962962962963, 0.8851851851851852, 0.8592592592592593, 0.8925925925925926, 0.8962962962962963, 0.9148148148148149, 0.9333333333333333, 0.8962962962962963
2024-05-21 20:54:49 - WARNING  - Epoch: 663, Sum of Accs: 9.022, Sum of s_i: 31.08060808368033
2024-05-21 20:54:53 - INFO     - {6: 3.124889012601232, 9: 3.2089008430923918, 0: 3.2611045730422457, 2: 2.8918798750720933, 4: 3.195215549605749, 3: 2.892213471481251, 5: 3.1965041902352733, 1: 3.191368998665627, 8: 3.00614905255128, 7: 3.1234162540073998}
2024-05-21 20:54:53 - INFO     - 0.9296296296296296, 0.9148148148148149, 0.8962962962962963, 0.8851851851851852, 0.8555555555555555, 0.8925925925925926, 0.8962962962962963, 0.9148148148148149, 0.9333333333333333, 0.9
2024-05-21 20:54:53 - WARNING  - Epoch: 664, Sum of Accs: 9.019, Sum of s_i: 31.091641820354543
2024-05-21 20:54:58 - INFO     - {6: 3.126010695179551, 9: 3.2101500677187276, 0: 3.262433273858703, 2: 2.892654413553326, 4: 3.1964471011390874, 3: 2.8929900077288138, 5: 3.197737790486071, 1: 3.192596585648751, 8: 3.0070970465214533, 7: 3.124541681892641}
2024-05-21 20:54:58 - INFO     - 0.937037037037037, 0.9148148148148149, 0.8962962962962963, 0.8888888888888888, 0.8592592592592593, 0.8925925925925926, 0.8925925925925926, 0.9185185185185185, 0.9333333333333333, 0.9
2024-05-21 20:54:58 - WARNING  - Epoch: 665, Sum of Accs: 9.033, Sum of s_i: 31.102658663727123
2024-05-21 20:55:02 - INFO     - {6: 3.127130519233419, 9: 3.211397434294862, 0: 3.263760327428416, 2: 2.8934270939843576, 4: 3.197676230333166, 3: 2.893764496627792, 5: 3.1989698728334774, 1: 3.19382120492306, 8: 3.008042770847547, 7: 3.12566414650139}
2024-05-21 20:55:02 - INFO     - 0.937037037037037, 0.9185185185185185, 0.8962962962962963, 0.8888888888888888, 0.8592592592592593, 0.8925925925925926, 0.8962962962962963, 0.9185185185185185, 0.9333333333333333, 0.9
2024-05-21 20:55:02 - WARNING  - Epoch: 666, Sum of Accs: 9.041, Sum of s_i: 31.113654097007483
2024-05-21 20:55:06 - INFO     - {6: 3.1282484899493492, 9: 3.2126429480053984, 0: 3.26508552813253, 2: 2.894198109901585, 4: 3.198904070950704, 3: 2.8945373210129657, 5: 3.2002008549561385, 1: 3.195045080990384, 8: 3.008987958337789, 7: 3.1267862626260827}
2024-05-21 20:55:06 - INFO     - 0.937037037037037, 0.9185185185185185, 0.8925925925925926, 0.8888888888888888, 0.8592592592592593, 0.8962962962962963, 0.8962962962962963, 0.9185185185185185, 0.9333333333333333, 0.9
2024-05-21 20:55:06 - WARNING  - Epoch: 667, Sum of Accs: 9.041, Sum of s_i: 31.12463662486293
2024-05-21 20:55:11 - INFO     - {6: 3.129364611071096, 9: 3.213886612592552, 0: 3.266408670381427, 2: 2.8949672762246292, 4: 3.2001300624448596, 3: 2.8953081079229626, 5: 3.2014297996036225, 1: 3.1962672958153195, 8: 3.0099314845856426, 7: 3.1279048727096117}
2024-05-21 20:55:11 - INFO     - 0.9333333333333333, 0.9185185185185185, 0.8925925925925926, 0.8888888888888888, 0.8629629629629629, 0.8962962962962963, 0.8962962962962963, 0.9185185185185185, 0.9333333333333333, 0.9
2024-05-21 20:55:11 - WARNING  - Epoch: 668, Sum of Accs: 9.041, Sum of s_i: 31.135598793351722
2024-05-21 20:55:15 - INFO     - {6: 3.1304788875887564, 9: 3.2151284330445673, 0: 3.267730177827021, 2: 2.8957345979435867, 4: 3.201354209803877, 3: 2.8960770506978215, 5: 3.2026569001159686, 1: 3.1974874786241227, 8: 3.010871672243344, 7: 3.129023107223989}
2024-05-21 20:55:15 - INFO     - 0.9333333333333333, 0.9185185185185185, 0.8925925925925926, 0.8888888888888888, 0.8629629629629629, 0.8962962962962963, 0.8962962962962963, 0.9222222222222223, 0.9333333333333333, 0.9
2024-05-21 20:55:15 - WARNING  - Epoch: 669, Sum of Accs: 9.044, Sum of s_i: 31.146542515113055
2024-05-21 20:55:19 - INFO     - {6: 3.131591324160441, 9: 3.216368414017794, 0: 3.269049845793826, 2: 2.8964998927717103, 4: 3.202576517684106, 3: 2.8968441539938916, 5: 3.203882161149526, 1: 3.198705821954137, 8: 3.011811326996277, 7: 3.1301395022595777}
2024-05-21 20:55:19 - INFO     - 0.9333333333333333, 0.9185185185185185, 0.8925925925925926, 0.8888888888888888, 0.8629629629629629, 0.8962962962962963, 0.8962962962962963, 0.9222222222222223, 0.9333333333333333, 0.9
2024-05-21 20:55:19 - WARNING  - Epoch: 670, Sum of Accs: 9.044, Sum of s_i: 31.157468960781287
2024-05-21 20:55:24 - INFO     - {6: 3.132701925237992, 9: 3.2176065599623684, 0: 3.2703678652113557, 2: 2.8972635390505586, 4: 3.2037971770150597, 3: 2.8976096087406864, 5: 3.2051057736338078, 1: 3.1999225167348766, 8: 3.0127493331999347, 7: 3.131254248745891}
2024-05-21 20:55:24 - INFO     - 0.9333333333333333, 0.9185185185185185, 0.8888888888888888, 0.8888888888888888, 0.8629629629629629, 0.8962962962962963, 0.8962962962962963, 0.9222222222222223, 0.9333333333333333, 0.9037037037037037
2024-05-21 20:55:24 - WARNING  - Epoch: 671, Sum of Accs: 9.044, Sum of s_i: 31.168378547532527
2024-05-21 20:55:28 - INFO     - {6: 3.133810695194088, 9: 3.218842875249288, 0: 3.271683867491854, 2: 2.898025168192375, 4: 3.2050158192089815, 3: 2.8983730463504496, 5: 3.206327368981058, 1: 3.201137194378584, 8: 3.0136853222665607, 7: 3.132366978095173}
2024-05-21 20:55:28 - INFO     - 0.9333333333333333, 0.9185185185185185, 0.8888888888888888, 0.8888888888888888, 0.8629629629629629, 0.8962962962962963, 0.8962962962962963, 0.9185185185185185, 0.9333333333333333, 0.9037037037037037
2024-05-21 20:55:28 - WARNING  - Epoch: 672, Sum of Accs: 9.041, Sum of s_i: 31.179268335408413
2024-05-21 20:55:33 - INFO     - {6: 3.134917638885281, 9: 3.2200775502868817, 0: 3.2729982295230258, 2: 2.8987851570848657, 4: 3.206232821153577, 3: 2.8991348437108866, 5: 3.2075473240789822, 1: 3.2023502317729653, 8: 3.0146196710838606, 7: 3.1334780671951283}
2024-05-21 20:55:33 - INFO     - 0.9333333333333333, 0.9185185185185185, 0.8888888888888888, 0.8888888888888888, 0.8629629629629629, 0.8962962962962963, 0.8962962962962963, 0.9185185185185185, 0.9333333333333333, 0.9037037037037037
2024-05-21 20:55:33 - WARNING  - Epoch: 673, Sum of Accs: 9.041, Sum of s_i: 31.190141534775456
2024-05-21 20:55:37 - INFO     - {6: 3.1360227606202367, 9: 3.221310403368238, 0: 3.274310378036768, 2: 2.8995429324599264, 4: 3.2074472629711774, 3: 2.899893877611262, 5: 3.2087643886420256, 1: 3.2035607090403513, 8: 3.01555072300547, 7: 3.1345857035651514}
2024-05-21 20:55:37 - INFO     - 0.9333333333333333, 0.9185185185185185, 0.8888888888888888, 0.8851851851851852, 0.8629629629629629, 0.8962962962962963, 0.8962962962962963, 0.9185185185185185, 0.9333333333333333, 0.9
2024-05-21 20:55:37 - WARNING  - Epoch: 674, Sum of Accs: 9.033, Sum of s_i: 31.200989139320605
2024-05-21 20:55:41 - INFO     - {6: 3.1371260662060783, 9: 3.222541255665567, 0: 3.2756207113666895, 2: 2.9002992832470653, 4: 3.208660236214523, 3: 2.9006520368663473, 5: 3.2099805209996854, 1: 3.2047697177334826, 8: 3.0164810431215194, 7: 3.1356927639638568}
2024-05-21 20:55:41 - INFO     - 0.9333333333333333, 0.9185185185185185, 0.8888888888888888, 0.8851851851851852, 0.8629629629629629, 0.8962962962962963, 0.8962962962962963, 0.9185185185185185, 0.9333333333333333, 0.9
2024-05-21 20:55:41 - WARNING  - Epoch: 675, Sum of Accs: 9.033, Sum of s_i: 31.211823635384818
2024-05-21 20:55:46 - INFO     - {6: 3.1382275593495073, 9: 3.223770295977306, 0: 3.2769292331854647, 2: 2.901053637413701, 4: 3.209871053092605, 3: 2.9014081995009295, 5: 3.211194291031096, 1: 3.205976914915467, 8: 3.0174092068723057, 7: 3.1367976679972984}
2024-05-21 20:55:46 - INFO     - 0.9333333333333333, 0.9185185185185185, 0.8888888888888888, 0.8851851851851852, 0.8629629629629629, 0.8962962962962963, 0.8962962962962963, 0.9185185185185185, 0.9333333333333333, 0.9
2024-05-21 20:55:46 - WARNING  - Epoch: 676, Sum of Accs: 9.033, Sum of s_i: 31.22263805933568
2024-05-21 20:55:50 - INFO     - {6: 3.1393272449134146, 9: 3.2249977128876135, 0: 3.278236337089351, 2: 2.9018057610758645, 4: 3.2110800641839594, 3: 2.902162006008125, 5: 3.21240592747178, 1: 3.2071814313256963, 8: 3.0183355648363643, 7: 3.1379007662440124}
2024-05-21 20:55:50 - INFO     - 0.9333333333333333, 0.9185185185185185, 0.8888888888888888, 0.8851851851851852, 0.8629629629629629, 0.8962962962962963, 0.8962962962962963, 0.9185185185185185, 0.9333333333333333, 0.9
2024-05-21 20:55:50 - WARNING  - Epoch: 677, Sum of Accs: 9.033, Sum of s_i: 31.23343281603618
2024-05-21 20:55:54 - INFO     - {6: 3.1404251276829664, 9: 3.226223143733798, 0: 3.2795414549291135, 2: 2.902556505776946, 4: 3.2122878219371462, 3: 2.9029145591771526, 5: 3.213616638378295, 1: 3.2083841477548884, 8: 3.019260669462255, 7: 3.139002611152559}
2024-05-21 20:55:54 - INFO     - 0.9333333333333333, 0.9185185185185185, 0.8888888888888888, 0.8851851851851852, 0.8629629629629629, 0.8962962962962963, 0.8962962962962963, 0.9185185185185185, 0.9333333333333333, 0.9
2024-05-21 20:55:54 - WARNING  - Epoch: 678, Sum of Accs: 9.033, Sum of s_i: 31.244212679985118
2024-05-21 20:55:59 - INFO     - {6: 3.1415212116370146, 9: 3.2274467762162105, 0: 3.280844570331176, 2: 2.903305634932291, 4: 3.2134932350282073, 3: 2.9036654968004445, 5: 3.214824678439364, 1: 3.2095852701124143, 8: 3.0201829018500566, 7: 3.1401017852156587}
2024-05-21 20:55:59 - INFO     - 0.9333333333333333, 0.9185185185185185, 0.8888888888888888, 0.8851851851851852, 0.8629629629629629, 0.8962962962962963, 0.8962962962962963, 0.9185185185185185, 0.9333333333333333, 0.9
2024-05-21 20:55:59 - WARNING  - Epoch: 679, Sum of Accs: 9.033, Sum of s_i: 31.254971560562833
2024-05-21 20:56:03 - INFO     - {6: 3.1426155017615582, 9: 3.2286686153190516, 0: 3.2821462787956985, 2: 2.904052970258132, 4: 3.2146968560228495, 3: 2.904414640594232, 5: 3.2160317976025357, 1: 3.2107849265568422, 8: 3.021104414732604, 7: 3.141198613691984}
2024-05-21 20:56:03 - INFO     - 0.9333333333333333, 0.9185185185185185, 0.8851851851851852, 0.8851851851851852, 0.8629629629629629, 0.8962962962962963, 0.8962962962962963, 0.9185185185185185, 0.9333333333333333, 0.9
2024-05-21 20:56:03 - WARNING  - Epoch: 680, Sum of Accs: 9.030, Sum of s_i: 31.26571461533549
2024-05-21 20:56:07 - INFO     - {6: 3.143708002173331, 9: 3.2298886651574783, 0: 3.2834460156277037, 2: 2.904798515871202, 4: 3.215898689126303, 3: 2.9051618127555017, 5: 3.2172362594362642, 1: 3.211982270221739, 8: 3.0220230698204196, 7: 3.1422950775927725}
2024-05-21 20:56:07 - INFO     - 0.9333333333333333, 0.9185185185185185, 0.8851851851851852, 0.8851851851851852, 0.8629629629629629, 0.8962962962962963, 0.8962962962962963, 0.9185185185185185, 0.9333333333333333, 0.9
2024-05-21 20:56:07 - WARNING  - Epoch: 681, Sum of Accs: 9.030, Sum of s_i: 31.276438377782714
2024-05-21 20:56:12 - INFO     - {6: 3.144798717557602, 9: 3.231106930415044, 0: 3.284743967878848, 2: 2.905542094983665, 4: 3.217098739016785, 3: 2.905907200335911, 5: 3.218439262480075, 1: 3.213178355562007, 8: 3.022940466583606, 7: 3.1433883395927205}
2024-05-21 20:56:12 - INFO     - 0.9333333333333333, 0.9185185185185185, 0.8851851851851852, 0.8851851851851852, 0.8592592592592593, 0.8962962962962963, 0.8962962962962963, 0.9185185185185185, 0.9333333333333333, 0.9
2024-05-21 20:56:12 - WARNING  - Epoch: 682, Sum of Accs: 9.026, Sum of s_i: 31.287144074406267
2024-05-21 20:56:16 - INFO     - {6: 3.145887652386091, 9: 3.232323415561813, 0: 3.2860399378045684, 2: 2.9062840750134513, 4: 3.218297010132635, 3: 2.906650988833644, 5: 3.2196408254725477, 1: 3.2143726621276425, 8: 3.0238553637505103, 7: 3.14448069786393}
2024-05-21 20:56:16 - INFO     - 0.9333333333333333, 0.9185185185185185, 0.8851851851851852, 0.8851851851851852, 0.8592592592592593, 0.8962962962962963, 0.8962962962962963, 0.9185185185185185, 0.9333333333333333, 0.9
2024-05-21 20:56:16 - WARNING  - Epoch: 683, Sum of Accs: 9.026, Sum of s_i: 31.297832628946836
2024-05-21 20:56:20 - INFO     - {6: 3.146974810967967, 9: 3.2335383054900895, 0: 3.287334132357654, 2: 2.907023896427855, 4: 3.219493506806566, 3: 2.9073926187159946, 5: 3.2208406130923857, 1: 3.2155655320439376, 8: 3.024769545089724, 7: 3.1455704108956803}
2024-05-21 20:56:20 - INFO     - 0.9333333333333333, 0.9185185185185185, 0.8851851851851852, 0.8851851851851852, 0.8592592592592593, 0.8962962962962963, 0.8962962962962963, 0.9185185185185185, 0.9333333333333333, 0.9
2024-05-21 20:56:20 - WARNING  - Epoch: 684, Sum of Accs: 9.026, Sum of s_i: 31.308503371887852
2024-05-21 20:56:25 - INFO     - {6: 3.1480601977148273, 9: 3.23475124344034, 0: 3.288626556006371, 2: 2.9077623283760126, 4: 3.2206882333766234, 3: 2.9081326789890887, 5: 3.222038292815771, 1: 3.2167562940637806, 8: 3.0256816185324857, 7: 3.1466592246210974}
2024-05-21 20:56:25 - INFO     - 0.9333333333333333, 0.9185185185185185, 0.8851851851851852, 0.8851851851851852, 0.8592592592592593, 0.8962962962962963, 0.8962962962962963, 0.9185185185185185, 0.9333333333333333, 0.9
2024-05-21 20:56:25 - WARNING  - Epoch: 685, Sum of Accs: 9.026, Sum of s_i: 31.319156667936397
2024-05-21 20:56:29 - INFO     - {6: 3.1491438169688455, 9: 3.235962414337875, 0: 3.289917213059629, 2: 2.9084988131284444, 4: 3.2218811942418464, 3: 2.908870972209467, 5: 3.2232345429357814, 1: 3.2179452903787893, 8: 3.026592463209727, 7: 3.1477466087431387}
2024-05-21 20:56:29 - INFO     - 0.9333333333333333, 0.9185185185185185, 0.8851851851851852, 0.8851851851851852, 0.8629629629629629, 0.8962962962962963, 0.8962962962962963, 0.9185185185185185, 0.9333333333333333, 0.9
2024-05-21 20:56:29 - WARNING  - Epoch: 686, Sum of Accs: 9.030, Sum of s_i: 31.329793329213544
2024-05-21 20:56:33 - INFO     - {6: 3.150225672928861, 9: 3.237172001644291, 0: 3.291206487359623, 2: 2.909233714289757, 4: 3.2230723934426226, 3: 2.909607681838726, 5: 3.2244294103025277, 1: 3.219133240041993, 8: 3.027501724295849, 7: 3.1488310305664777}
2024-05-21 20:56:33 - INFO     - 0.9333333333333333, 0.9185185185185185, 0.8851851851851852, 0.8851851851851852, 0.8629629629629629, 0.8962962962962963, 0.8962962962962963, 0.9185185185185185, 0.9333333333333333, 0.9
2024-05-21 20:56:33 - WARNING  - Epoch: 687, Sum of Accs: 9.030, Sum of s_i: 31.340413356710727
2024-05-21 20:56:38 - INFO     - {6: 3.1513057697851483, 9: 3.238379651019638, 0: 3.2924936238003566, 2: 2.9099668563473418, 4: 3.22426216979678, 3: 2.9103426323642574, 5: 3.2256214868371944, 1: 3.2203182016007603, 8: 3.028407997277535, 7: 3.149914241103176}
2024-05-21 20:56:38 - INFO     - 0.9333333333333333, 0.9185185185185185, 0.8851851851851852, 0.8851851851851852, 0.8629629629629629, 0.8962962962962963, 0.8962962962962963, 0.9185185185185185, 0.9333333333333333, 0.9
2024-05-21 20:56:38 - WARNING  - Epoch: 688, Sum of Accs: 9.030, Sum of s_i: 31.351012629932193
2024-05-21 20:56:42 - INFO     - {6: 3.152384112401298, 9: 3.239585546590106, 0: 3.293779006888456, 2: 2.910698065772707, 4: 3.2254501927983035, 3: 2.911075828649651, 5: 3.226812462992046, 1: 3.2215022600520693, 8: 3.029313367151762, 7: 3.150995157627338}
2024-05-21 20:56:42 - INFO     - 0.9333333333333333, 0.9185185185185185, 0.8851851851851852, 0.8851851851851852, 0.8629629629629629, 0.8962962962962963, 0.8962962962962963, 0.9185185185185185, 0.9333333333333333, 0.9
2024-05-21 20:56:42 - WARNING  - Epoch: 689, Sum of Accs: 9.030, Sum of s_i: 31.36159600092374
2024-05-21 20:56:46 - INFO     - {6: 3.1534607048288366, 9: 3.2407898703640448, 0: 3.295062640642943, 2: 2.9114277034015426, 4: 3.2266364664662146, 3: 2.911807274746433, 5: 3.228001689813285, 1: 3.2226837230876693, 8: 3.030215946428402, 7: 3.152074672368512}
2024-05-21 20:56:46 - INFO     - 0.9333333333333333, 0.9185185185185185, 0.8851851851851852, 0.8851851851851852, 0.8629629629629629, 0.8962962962962963, 0.8962962962962963, 0.9185185185185185, 0.9333333333333333, 0.9
2024-05-21 20:56:46 - WARNING  - Epoch: 690, Sum of Accs: 9.030, Sum of s_i: 31.372160692147887
2024-05-21 20:56:51 - INFO     - {6: 3.15453555157004, 9: 3.241992448451649, 0: 3.296344905724125, 2: 2.9121555953440432, 4: 3.227821371460821, 3: 2.9125369751568804, 5: 3.2291885237825495, 1: 3.223864663532061, 8: 3.0311181982957125, 7: 3.153152640339808}
2024-05-21 20:56:51 - INFO     - 0.9333333333333333, 0.9185185185185185, 0.8851851851851852, 0.8851851851851852, 0.8629629629629629, 0.8962962962962963, 0.8962962962962963, 0.9185185185185185, 0.9333333333333333, 0.9
2024-05-21 20:56:51 - WARNING  - Epoch: 691, Sum of Accs: 9.030, Sum of s_i: 31.38271087365769
2024-05-21 20:56:55 - INFO     - {6: 3.1556086564298678, 9: 3.2431932846578775, 0: 3.2976250536703406, 2: 2.9128817454051683, 4: 3.2290045345740515, 3: 2.913264933685952, 5: 3.2303746400491082, 1: 3.2250438620950774, 8: 3.032018708281647, 7: 3.1542283303795733}
2024-05-21 20:56:55 - INFO     - 0.9333333333333333, 0.9185185185185185, 0.8851851851851852, 0.8851851851851852, 0.8629629629629629, 0.8962962962962963, 0.8962962962962963, 0.9185185185185185, 0.9333333333333333, 0.9
2024-05-21 20:56:55 - WARNING  - Epoch: 692, Sum of Accs: 9.030, Sum of s_i: 31.393243749228667
2024-05-21 20:56:59 - INFO     - {6: 3.156680023666984, 9: 3.244392206574888, 0: 3.2989034648980433, 2: 2.913606157843582, 4: 3.230185585715178, 3: 2.9139909779258053, 5: 3.231558644343563, 1: 3.2262211463688755, 8: 3.0329171062954776, 7: 3.1553034686760597}
2024-05-21 20:56:59 - INFO     - 0.9333333333333333, 0.9148148148148149, 0.8851851851851852, 0.8851851851851852, 0.8629629629629629, 0.8962962962962963, 0.8962962962962963, 0.9185185185185185, 0.9333333333333333, 0.9
2024-05-21 20:56:59 - WARNING  - Epoch: 693, Sum of Accs: 9.026, Sum of s_i: 31.403758782308454
2024-05-21 20:57:04 - INFO     - {6: 3.157749657619967, 9: 3.2455893956352724, 0: 3.3001801437133844, 2: 2.9143286607588634, 4: 3.231365101682565, 3: 2.9147152893090333, 5: 3.2327409162256564, 1: 3.22739566294114, 8: 3.0338139691355686, 7: 3.1563756958663345}
2024-05-21 20:57:04 - INFO     - 0.9333333333333333, 0.9148148148148149, 0.8851851851851852, 0.8851851851851852, 0.8629629629629629, 0.8962962962962963, 0.9, 0.9185185185185185, 0.9333333333333333, 0.9
2024-05-21 20:57:04 - WARNING  - Epoch: 694, Sum of Accs: 9.030, Sum of s_i: 31.414254492887785
2024-05-21 20:57:08 - INFO     - {6: 3.158817562862386, 9: 3.246785032224092, 0: 3.3014554672957823, 2: 2.91504961120258, 4: 3.232542363954907, 3: 2.9154380482206963, 5: 3.2339211316513268, 1: 3.2285684537566675, 8: 3.0347092795040944, 7: 3.157447746517516}
2024-05-21 20:57:08 - INFO     - 0.9333333333333333, 0.9148148148148149, 0.8851851851851852, 0.8851851851851852, 0.8629629629629629, 0.8962962962962963, 0.9, 0.9185185185185185, 0.9333333333333333, 0.9
2024-05-21 20:57:08 - WARNING  - Epoch: 695, Sum of Accs: 9.030, Sum of s_i: 31.42473469719005
2024-05-21 20:57:12 - INFO     - {6: 3.159883743330777, 9: 3.2479787686501633, 0: 3.3027288907154317, 2: 2.915768661483548, 4: 3.2337184272879806, 3: 2.9161589069696108, 5: 3.2351001481377284, 1: 3.229739522692325, 8: 3.035601467328143, 7: 3.1585178970059493}
2024-05-21 20:57:12 - INFO     - 0.9333333333333333, 0.9148148148148149, 0.8851851851851852, 0.8851851851851852, 0.8629629629629629, 0.8962962962962963, 0.9, 0.9185185185185185, 0.9333333333333333, 0.9
2024-05-21 20:57:12 - WARNING  - Epoch: 696, Sum of Accs: 9.030, Sum of s_i: 31.435196433601657
2024-05-21 20:57:17 - INFO     - {6: 3.160948203440803, 9: 3.249170785140687, 0: 3.304000594199534, 2: 2.916486166794871, 4: 3.2348927706855064, 3: 2.9168782207488806, 5: 3.236276610722771, 1: 3.230909067573825, 8: 3.0364923236325616, 7: 3.159585493593023}
2024-05-21 20:57:17 - INFO     - 0.9333333333333333, 0.9148148148148149, 0.8851851851851852, 0.8851851851851852, 0.8629629629629629, 0.8962962962962963, 0.9, 0.9185185185185185, 0.9333333333333333, 0.9
2024-05-21 20:57:17 - WARNING  - Epoch: 697, Sum of Accs: 9.030, Sum of s_i: 31.445640236532466
2024-05-21 20:57:21 - INFO     - {6: 3.1620109475115186, 9: 3.2503610860131595, 0: 3.305270386587873, 2: 2.917201956066884, 4: 3.2360648769437153, 3: 2.9175958184888398, 5: 3.2374513598802794, 1: 3.2320768990277906, 8: 3.0373824728293837, 7: 3.1606508461025493}
2024-05-21 20:57:21 - INFO     - 0.9333333333333333, 0.9148148148148149, 0.8851851851851852, 0.8851851851851852, 0.8629629629629629, 0.8962962962962963, 0.9, 0.9185185185185185, 0.9333333333333333, 0.9
2024-05-21 20:57:21 - WARNING  - Epoch: 698, Sum of Accs: 9.030, Sum of s_i: 31.45606664945199
2024-05-21 20:57:26 - INFO     - {6: 3.1630719797641933, 9: 3.2515498496122346, 0: 3.3065388371805264, 2: 2.917916033520856, 4: 3.2372352729714784, 3: 2.9183117044107583, 5: 3.238625403539685, 1: 3.233242828478865, 8: 3.0382697137033765, 7: 3.161714490515666}
2024-05-21 20:57:26 - INFO     - 0.9333333333333333, 0.9148148148148149, 0.8851851851851852, 0.8851851851851852, 0.8629629629629629, 0.8962962962962963, 0.9, 0.9185185185185185, 0.9333333333333333, 0.9
2024-05-21 20:57:26 - WARNING  - Epoch: 699, Sum of Accs: 9.030, Sum of s_i: 31.466476113697638
2024-05-21 20:57:30 - INFO     - {6: 3.1641313043393744, 9: 3.252736731827125, 0: 3.3078055800956863, 2: 2.918627827302224, 4: 3.238404655800062, 3: 2.919025882655183, 5: 3.239797163526487, 1: 3.234407670762124, 8: 3.0391562696979735, 7: 3.1627764308208075}
2024-05-21 20:57:30 - INFO     - 0.9333333333333333, 0.9148148148148149, 0.8851851851851852, 0.8851851851851852, 0.8629629629629629, 0.8962962962962963, 0.9, 0.9185185185185185, 0.9333333333333333, 0.9
2024-05-21 20:57:30 - WARNING  - Epoch: 700, Sum of Accs: 9.030, Sum of s_i: 31.476869516827044
2024-05-21 20:57:34 - INFO     - {6: 3.1651889252240286, 9: 3.253921910768247, 0: 3.3090704460303866, 2: 2.9193384933881754, 4: 3.239572161648186, 3: 2.9197381839191485, 5: 3.2409676225279394, 1: 3.2355701946807, 8: 3.040040105039468, 7: 3.163837006444958}
2024-05-21 20:57:34 - INFO     - 0.9333333333333333, 0.9148148148148149, 0.8851851851851852, 0.8851851851851852, 0.8629629629629629, 0.8962962962962963, 0.9, 0.9185185185185185, 0.9333333333333333, 0.9
2024-05-21 20:57:34 - WARNING  - Epoch: 701, Sum of Accs: 9.030, Sum of s_i: 31.487245049671237
2024-05-21 20:57:39 - INFO     - {6: 3.166244846693554, 9: 3.255105563584173, 0: 3.3103334191949316, 2: 2.9200474600589983, 4: 3.2407381413711143, 3: 2.920448959057918, 5: 3.242135558828284, 1: 3.2367322098534137, 8: 3.0409230649901415, 7: 3.1648955510190007}
2024-05-21 20:57:39 - INFO     - 0.9333333333333333, 0.9148148148148149, 0.8851851851851852, 0.8851851851851852, 0.8629629629629629, 0.8962962962962963, 0.9, 0.9185185185185185, 0.9333333333333333, 0.9
2024-05-21 20:57:39 - WARNING  - Epoch: 702, Sum of Accs: 9.030, Sum of s_i: 31.49760477465153
2024-05-21 20:57:43 - INFO     - {6: 3.1672990726774923, 9: 3.2562873484535877, 0: 3.3115948910579243, 2: 2.9207541591439705, 4: 3.241902253147531, 3: 2.9211574666108366, 5: 3.2433018023046865, 1: 3.237892357079616, 8: 3.04180370218592, 7: 3.165952928497435}
2024-05-21 20:57:43 - INFO     - 0.9333333333333333, 0.9148148148148149, 0.8851851851851852, 0.8851851851851852, 0.8629629629629629, 0.8962962962962963, 0.9, 0.9185185185185185, 0.9333333333333333, 0.9
2024-05-21 20:57:43 - WARNING  - Epoch: 703, Sum of Accs: 9.030, Sum of s_i: 31.507945981159
2024-05-21 20:57:47 - INFO     - {6: 3.168351607540857, 9: 3.257467442614665, 0: 3.3128546722125796, 2: 2.9214597392086326, 4: 3.2430641601376644, 3: 2.921864855143445, 5: 3.244466356997906, 1: 3.2390498037984576, 8: 3.0426826505985156, 7: 3.167009436720874}
2024-05-21 20:57:47 - INFO     - 0.9333333333333333, 0.9148148148148149, 0.8851851851851852, 0.8851851851851852, 0.8629629629629629, 0.8962962962962963, 0.9, 0.9185185185185185, 0.9333333333333333, 0.9
2024-05-21 20:57:47 - WARNING  - Epoch: 704, Sum of Accs: 9.030, Sum of s_i: 31.518270724973597
2024-05-21 20:57:52 - INFO     - {6: 3.1694024553042284, 9: 3.258645850086526, 0: 3.314112766678019, 2: 2.922163632173301, 4: 3.244224381668864, 3: 2.9225705565760602, 5: 3.2456292270227007, 1: 3.240206060779443, 8: 3.043560219002419, 7: 3.168063745407433}
2024-05-21 20:57:52 - INFO     - 0.9333333333333333, 0.9148148148148149, 0.8851851851851852, 0.8851851851851852, 0.8629629629629629, 0.8962962962962963, 0.9, 0.9185185185185185, 0.9333333333333333, 0.9
2024-05-21 20:57:52 - WARNING  - Epoch: 705, Sum of Accs: 9.030, Sum of s_i: 31.528578894698995
2024-05-21 20:57:56 - INFO     - {6: 3.1704516199985426, 9: 3.2598225748986507, 0: 3.3153689864529916, 2: 2.9228656708403222, 4: 3.2453832413572608, 3: 2.923274403711028, 5: 3.2467910398644255, 1: 3.2413611479483553, 8: 3.0444364255635197, 7: 3.1691155479755184}
2024-05-21 20:57:56 - INFO     - 0.9333333333333333, 0.9148148148148149, 0.8851851851851852, 0.8851851851851852, 0.8629629629629629, 0.8962962962962963, 0.9, 0.9185185185185185, 0.9333333333333333, 0.9
2024-05-21 20:57:56 - WARNING  - Epoch: 706, Sum of Accs: 9.030, Sum of s_i: 31.538870658610616
2024-05-21 20:58:00 - INFO     - {6: 3.1714991056194544, 9: 3.260997621045248, 0: 3.316623527986479, 2: 2.9235656346845826, 4: 3.2465401041343753, 3: 2.923976176023235, 5: 3.247951174464665, 1: 3.2425135540769756, 8: 3.045310953883135, 7: 3.1701664979079927}
2024-05-21 20:58:00 - INFO     - 0.9333333333333333, 0.9148148148148149, 0.8851851851851852, 0.8851851851851852, 0.8629629629629629, 0.8962962962962963, 0.9, 0.9185185185185185, 0.9333333333333333, 0.9
2024-05-21 20:58:00 - WARNING  - Epoch: 707, Sum of Accs: 9.030, Sum of s_i: 31.54914434982614
2024-05-21 20:58:05 - INFO     - {6: 3.1725449164264976, 9: 3.2621709927843456, 0: 3.317876395534957, 2: 2.924264129094379, 4: 3.2476956115962774, 3: 2.924676478900978, 5: 3.249109635079895, 1: 3.2436650969886633, 8: 3.046183808217741, 7: 3.1712160925252544}
2024-05-21 20:58:05 - INFO     - 0.9333333333333333, 0.9148148148148149, 0.8851851851851852, 0.8851851851851852, 0.8629629629629629, 0.8962962962962963, 0.9, 0.9185185185185185, 0.9333333333333333, 0.9
2024-05-21 20:58:05 - WARNING  - Epoch: 708, Sum of Accs: 9.030, Sum of s_i: 31.559403157148992
2024-05-21 20:58:09 - INFO     - {6: 3.173589056151618, 9: 3.263342693846516, 0: 3.319127592827583, 2: 2.924961144011446, 4: 3.248849448802327, 3: 2.925375111522869, 5: 3.2502664254392735, 1: 3.2448141627129345, 8: 3.047054992296495, 7: 3.1722628812047176}
2024-05-21 20:58:09 - INFO     - 0.9333333333333333, 0.9148148148148149, 0.8851851851851852, 0.8851851851851852, 0.8629629629629629, 0.8962962962962963, 0.9, 0.9185185185185185, 0.9333333333333333, 0.9
2024-05-21 20:58:09 - WARNING  - Epoch: 709, Sum of Accs: 9.030, Sum of s_i: 31.56964350881578
2024-05-21 20:58:13 - INFO     - {6: 3.1746315291007776, 9: 3.2645127285362117, 0: 3.320377314510857, 2: 2.925656662161903, 4: 3.250001810399025, 3: 2.9260724381412726, 5: 3.2514217401892997, 1: 3.245962559759418, 8: 3.047924700765897, 7: 3.173309329956775}
2024-05-21 20:58:13 - INFO     - 0.9333333333333333, 0.9148148148148149, 0.8851851851851852, 0.8851851851851852, 0.8629629629629629, 0.8962962962962963, 0.9, 0.9185185185185185, 0.9333333333333333, 0.9
2024-05-21 20:58:13 - WARNING  - Epoch: 710, Sum of Accs: 9.030, Sum of s_i: 31.579870813521442
2024-05-21 20:58:18 - INFO     - {6: 3.1756723386921686, 9: 3.265681100270333, 0: 3.321625373238557, 2: 2.9263505169545914, 4: 3.2511525090401485, 3: 2.9267681014019074, 5: 3.252575391983752, 1: 3.247109293850327, 8: 3.048792746279725, 7: 3.174354115753258}
2024-05-21 20:58:18 - INFO     - 0.9333333333333333, 0.9148148148148149, 0.8851851851851852, 0.8851851851851852, 0.8629629629629629, 0.8962962962962963, 0.9, 0.9185185185185185, 0.9333333333333333, 0.9
2024-05-21 20:58:18 - WARNING  - Epoch: 711, Sum of Accs: 9.030, Sum of s_i: 31.59008148746476
2024-05-21 20:58:22 - INFO     - {6: 3.1767114889197967, 9: 3.2668478130414593, 0: 3.3228715834945692, 2: 2.9270427123835168, 4: 3.2523010443922518, 3: 2.9274621052987793, 5: 3.2537268804891837, 1: 3.248253864652216, 8: 3.0496586285045324, 7: 3.175396738260721}
2024-05-21 20:58:22 - INFO     - 0.9333333333333333, 0.9148148148148149, 0.8851851851851852, 0.8851851851851852, 0.8629629629629629, 0.8962962962962963, 0.9, 0.9185185185185185, 0.9333333333333333, 0.9
2024-05-21 20:58:22 - WARNING  - Epoch: 712, Sum of Accs: 9.030, Sum of s_i: 31.600272859437027
2024-05-21 20:58:27 - INFO     - {6: 3.1777489842035633, 9: 3.268012871267965, 0: 3.3241161396211076, 2: 2.9277330844649194, 4: 3.2534479264226985, 3: 2.9281542858481284, 5: 3.2548767156729586, 1: 3.24939728523551, 8: 3.050523171417199, 7: 3.176438210549589}
2024-05-21 20:58:27 - INFO     - 0.9333333333333333, 0.9148148148148149, 0.8851851851851852, 0.8851851851851852, 0.8629629629629629, 0.8962962962962963, 0.9, 0.9185185185185185, 0.9333333333333333, 0.9
2024-05-21 20:58:27 - WARNING  - Epoch: 713, Sum of Accs: 9.030, Sum of s_i: 31.610448674703633
2024-05-21 20:58:31 - INFO     - {6: 3.178784828347208, 9: 3.2691764467580104, 0: 3.325359045391877, 2: 2.9284219738098614, 4: 3.254593828819746, 3: 2.9288449836610173, 5: 3.25602521451048, 1: 3.250538866369489, 8: 3.051386420686951, 7: 3.177478200101996}
2024-05-21 20:58:31 - INFO     - 0.9333333333333333, 0.9148148148148149, 0.8851851851851852, 0.8851851851851852, 0.8629629629629629, 0.8962962962962963, 0.9, 0.9185185185185185, 0.9333333333333333, 0.9
2024-05-21 20:58:31 - WARNING  - Epoch: 714, Sum of Accs: 9.030, Sum of s_i: 31.620609808456635
2024-05-21 20:58:35 - INFO     - {6: 3.1798190250053775, 9: 3.270338207153319, 0: 3.326600304513306, 2: 2.929109215669328, 4: 3.2557377278545987, 3: 2.929533866379169, 5: 3.2571714572830968, 1: 3.2516780057550685, 8: 3.0522466869786546, 7: 3.1785152066763556}
2024-05-21 20:58:35 - INFO     - 0.9333333333333333, 0.9148148148148149, 0.8851851851851852, 0.8851851851851852, 0.8629629629629629, 0.8962962962962963, 0.9, 0.9185185185185185, 0.9333333333333333, 0.9
2024-05-21 20:58:35 - WARNING  - Epoch: 715, Sum of Accs: 9.030, Sum of s_i: 31.630749703268275
2024-05-21 20:58:40 - INFO     - {6: 3.1808515788877885, 9: 3.271498325167816, 0: 3.3278401095213814, 2: 2.929794647538722, 4: 3.256880172776098, 3: 2.9302212739308238, 5: 3.25831605955673, 1: 3.252815690325159, 8: 3.0531056829716636, 7: 3.1795517387532146}
2024-05-21 20:58:40 - INFO     - 0.9333333333333333, 0.9148148148148149, 0.8851851851851852, 0.8851851851851852, 0.8629629629629629, 0.8962962962962963, 0.9, 0.9185185185185185, 0.9333333333333333, 0.9
2024-05-21 20:58:40 - WARNING  - Epoch: 716, Sum of Accs: 9.030, Sum of s_i: 31.640875279429398
2024-05-21 20:58:44 - INFO     - {6: 3.1818824935749634, 9: 3.272656804380714, 0: 3.329078275727858, 2: 2.9304786074271942, 4: 3.2580204804759574, 3: 2.9309068754665653, 5: 3.259459025045744, 1: 3.253952531894845, 8: 3.053963835964268, 7: 3.180586632028475}
2024-05-21 20:58:44 - INFO     - 0.9333333333333333, 0.9148148148148149, 0.8851851851851852, 0.8851851851851852, 0.8629629629629629, 0.8962962962962963, 0.9, 0.9185185185185185, 0.9333333333333333, 0.9
2024-05-21 20:58:44 - WARNING  - Epoch: 717, Sum of Accs: 9.030, Sum of s_i: 31.650985561986584
2024-05-21 20:58:48 - INFO     - {6: 3.1829117727983633, 9: 3.2738138149505143, 0: 3.3303149732912365, 2: 2.9311609318518914, 4: 3.25915981795276, 3: 2.931591008359209, 5: 3.2606013156758746, 1: 3.2550879048214334, 8: 3.0548205203137746, 7: 3.181620056660637}
2024-05-21 20:58:48 - INFO     - 0.9333333333333333, 0.9148148148148149, 0.8851851851851852, 0.8851851851851852, 0.8629629629629629, 0.8962962962962963, 0.9, 0.9185185185185185, 0.9333333333333333, 0.9
2024-05-21 20:58:48 - WARNING  - Epoch: 718, Sum of Accs: 9.030, Sum of s_i: 31.661082116675697
2024-05-21 20:58:53 - INFO     - {6: 3.18393942002941, 9: 3.2749690274905947, 0: 3.3315496861921923, 2: 2.9318416242842353, 4: 3.2602971707671395, 3: 2.9322731565894298, 5: 3.2617416216435826, 1: 3.2562212930855985, 8: 3.0556752200008583, 7: 3.1826514966303763}
2024-05-21 20:58:53 - INFO     - 0.9333333333333333, 0.9148148148148149, 0.8851851851851852, 0.8851851851851852, 0.8629629629629629, 0.8962962962962963, 0.9, 0.9185185185185185, 0.9333333333333333, 0.9
2024-05-21 20:58:53 - WARNING  - Epoch: 719, Sum of Accs: 9.030, Sum of s_i: 31.67115971671342
2024-05-21 20:58:57 - INFO     - {6: 3.184965439576956, 9: 3.2761227783845412, 0: 3.332782772177601, 2: 2.9325203371309625, 4: 3.2614328966659722, 3: 2.9329536779041034, 5: 3.262879698974724, 1: 3.257353054434217, 8: 3.056528292772395, 7: 3.1836802040443892}
2024-05-21 20:58:57 - INFO     - 0.9333333333333333, 0.9148148148148149, 0.8851851851851852, 0.8851851851851852, 0.8629629629629629, 0.8962962962962963, 0.9, 0.9185185185185185, 0.9333333333333333, 0.9
2024-05-21 20:58:57 - WARNING  - Epoch: 720, Sum of Accs: 9.030, Sum of s_i: 31.68121915206586
2024-05-21 20:59:01 - INFO     - {6: 3.1859898356140492, 9: 3.2772747405083122, 0: 3.334014235471068, 2: 2.93319761310963, 4: 3.262566692008376, 3: 2.933632576526835, 5: 3.264016447470456, 1: 3.2584828852264063, 8: 3.0573794349875025, 7: 3.1847080865421526}
2024-05-21 20:59:01 - INFO     - 0.9333333333333333, 0.9148148148148149, 0.8851851851851852, 0.8851851851851852, 0.8629629629629629, 0.8962962962962963, 0.9, 0.9185185185185185, 0.9333333333333333, 0.9
2024-05-21 20:59:01 - WARNING  - Epoch: 721, Sum of Accs: 9.030, Sum of s_i: 31.691262547464788
2024-05-21 20:59:06 - INFO     - {6: 3.1870126119631736, 9: 3.278425248203837, 0: 3.335244430160171, 2: 2.933872886063994, 4: 3.2636995266109032, 3: 2.934310206545203, 5: 3.265151686630254, 1: 3.2596106231839883, 8: 3.058228302672466, 7: 3.1857338762053087}
2024-05-21 20:59:06 - INFO     - 0.9333333333333333, 0.9148148148148149, 0.8851851851851852, 0.8851851851851852, 0.8629629629629629, 0.8962962962962963, 0.9, 0.9185185185185185, 0.9333333333333333, 0.9
2024-05-21 20:59:06 - WARNING  - Epoch: 722, Sum of Accs: 9.030, Sum of s_i: 31.701289398239297
2024-05-21 20:59:10 - INFO     - {6: 3.1880337725208783, 9: 3.279574140107942, 0: 3.3364730090578543, 2: 2.934547091822996, 4: 3.2648307454220107, 3: 2.9349862207721515, 5: 3.2662858585946895, 1: 3.2607378774448814, 8: 3.0590768683562772, 7: 3.186759182171776}
2024-05-21 20:59:10 - INFO     - 0.9333333333333333, 0.9148148148148149, 0.8851851851851852, 0.8851851851851852, 0.8629629629629629, 0.8962962962962963, 0.9, 0.9185185185185185, 0.9333333333333333, 0.9
2024-05-21 20:59:10 - WARNING  - Epoch: 723, Sum of Accs: 9.030, Sum of s_i: 31.71130476627146
2024-05-21 20:59:14 - INFO     - {6: 3.189053320361543, 9: 3.2807214192950074, 0: 3.3376999752384977, 2: 2.935219684864958, 4: 3.265960351516078, 3: 2.93566062228206, 5: 3.267418417842085, 1: 3.2618635189887346, 8: 3.059923821323049, 7: 3.187782875421203}
2024-05-21 20:59:14 - INFO     - 0.9333333333333333, 0.9148148148148149, 0.8851851851851852, 0.8851851851851852, 0.8629629629629629, 0.8962962962962963, 0.9, 0.9185185185185185, 0.9333333333333333, 0.9
2024-05-21 20:59:14 - WARNING  - Epoch: 724, Sum of Accs: 9.030, Sum of s_i: 31.721304007133213
2024-05-21 20:59:19 - INFO     - {6: 3.190071259301046, 9: 3.281867089580911, 0: 3.3389253325179795, 2: 2.9358906690057585, 4: 3.267088348708984, 3: 2.936333414890807, 5: 3.26854842574717, 1: 3.262986609190277, 8: 3.06076822294751, 7: 3.1888040173283194}
2024-05-21 20:59:19 - INFO     - 0.9333333333333333, 0.9148148148148149, 0.8851851851851852, 0.8851851851851852, 0.8629629629629629, 0.8962962962962963, 0.9, 0.9185185185185185, 0.9333333333333333, 0.9
2024-05-21 20:59:19 - WARNING  - Epoch: 725, Sum of Accs: 9.030, Sum of s_i: 31.731283389218763
2024-05-21 20:59:23 - INFO     - {6: 3.191087593747814, 9: 3.28301099203499, 0: 3.340149085304726, 2: 2.9365600486538237, 4: 3.268214741409155, 3: 2.9370046030068186, 5: 3.2696768314434452, 1: 3.2641090373402335, 8: 3.061611799181296, 7: 3.189824333844761}
2024-05-21 20:59:23 - INFO     - 0.9333333333333333, 0.9148148148148149, 0.8851851851851852, 0.8851851851851852, 0.8629629629629629, 0.8962962962962963, 0.9, 0.9185185185185185, 0.9333333333333333, 0.9
2024-05-21 20:59:23 - WARNING  - Epoch: 726, Sum of Accs: 9.030, Sum of s_i: 31.741249065967065
2024-05-21 20:59:28 - INFO     - {6: 3.1921023271135107, 9: 3.284153456747087, 0: 3.3413712370104016, 2: 2.9372278272208177, 4: 3.269338883162864, 3: 2.937674190041759, 5: 3.270804576215873, 1: 3.2652292145437283, 8: 3.0624532878077093, 7: 3.1908425627538297}
2024-05-21 20:59:28 - INFO     - 0.9333333333333333, 0.9111111111111111, 0.8851851851851852, 0.8851851851851852, 0.8629629629629629, 0.8962962962962963, 0.9, 0.9185185185185185, 0.9333333333333333, 0.9
2024-05-21 20:59:28 - WARNING  - Epoch: 727, Sum of Accs: 9.026, Sum of s_i: 31.75119756261758
2024-05-21 20:59:32 - INFO     - {6: 3.1931154633611567, 9: 3.285294161761004, 0: 3.3425916290178965, 2: 2.9378934672476795, 4: 3.2704614294509957, 3: 2.9383421799586493, 5: 3.2719300756573326, 1: 3.2663477962816456, 8: 3.063293180968545, 7: 3.191859196197321}
2024-05-21 20:59:32 - INFO     - 0.9333333333333333, 0.9111111111111111, 0.8851851851851852, 0.8851851851851852, 0.8629629629629629, 0.8962962962962963, 0.9, 0.9185185185185185, 0.9333333333333333, 0.9
2024-05-21 20:59:32 - WARNING  - Epoch: 728, Sum of Accs: 9.026, Sum of s_i: 31.761128579902227
2024-05-21 20:59:36 - INFO     - {6: 3.19412700649426, 9: 3.286433436240508, 0: 3.3438105904909787, 2: 2.9385580555820803, 4: 3.271583030837502, 3: 2.9390085767609966, 5: 3.273054630197167, 1: 3.2674654331179376, 8: 3.064132129227755, 7: 3.192874884739187}
2024-05-21 20:59:36 - INFO     - 0.9333333333333333, 0.9111111111111111, 0.8851851851851852, 0.8851851851851852, 0.8629629629629629, 0.8962962962962963, 0.9, 0.9185185185185185, 0.9333333333333333, 0.9
2024-05-21 20:59:36 - WARNING  - Epoch: 729, Sum of Accs: 9.026, Sum of s_i: 31.77104777368837
2024-05-21 20:59:40 - INFO     - {6: 3.1951369596024604, 9: 3.287570958868676, 0: 3.3450276178604037, 2: 2.9392208920651455, 4: 3.272702396965453, 3: 2.9396732217120083, 5: 3.274177250633344, 1: 3.2685813181028935, 8: 3.0649681979633727, 7: 3.193887559873352}
2024-05-21 20:59:40 - INFO     - 0.9333333333333333, 0.9111111111111111, 0.8851851851851852, 0.8851851851851852, 0.8629629629629629, 0.8962962962962963, 0.9, 0.9185185185185185, 0.9333333333333333, 0.9
2024-05-21 20:59:40 - WARNING  - Epoch: 730, Sum of Accs: 9.026, Sum of s_i: 31.78094637364711
2024-05-21 20:59:45 - INFO     - {6: 3.196145327174157, 9: 3.2887068963351336, 0: 3.3462432423204396, 2: 2.9398823048381395, 4: 3.2738208227905528, 3: 2.940336442952949, 5: 3.275297700652342, 1: 3.269694850418349, 8: 3.0658038092095365, 7: 3.194899911402171}
2024-05-21 20:59:45 - INFO     - 0.9333333333333333, 0.9111111111111111, 0.8851851851851852, 0.8851851851851852, 0.8629629629629629, 0.8962962962962963, 0.9, 0.9185185185185185, 0.9333333333333333, 0.9
2024-05-21 20:59:45 - WARNING  - Epoch: 731, Sum of Accs: 9.026, Sum of s_i: 31.79083130809377
2024-05-21 20:59:49 - INFO     - {6: 3.197152112580576, 9: 3.289841252009893, 0: 3.347457103515105, 2: 2.9405421354458556, 4: 3.2749370241803635, 3: 2.9409980820286115, 5: 3.2764165708489026, 1: 3.270806802911367, 8: 3.0666373574720516, 7: 3.1959101999473414}
2024-05-21 20:59:49 - INFO     - 0.9333333333333333, 0.9111111111111111, 0.8851851851851852, 0.8851851851851852, 0.8629629629629629, 0.8962962962962963, 0.9, 0.9185185185185185, 0.9333333333333333, 0.9
2024-05-21 20:59:49 - WARNING  - Epoch: 732, Sum of Accs: 9.026, Sum of s_i: 31.800698640940062
2024-05-21 20:59:53 - INFO     - {6: 3.1981573198160955, 9: 3.2909740298859758, 0: 3.348669387298394, 2: 2.9412002271768354, 4: 3.276051648911899, 3: 2.9416578011411656, 5: 3.2775341487337664, 1: 3.271917179516436, 8: 3.067469045500039, 7: 3.196919210799414}
2024-05-21 20:59:53 - INFO     - 0.9333333333333333, 0.9111111111111111, 0.8851851851851852, 0.8888888888888888, 0.8629629629629629, 0.8962962962962963, 0.9, 0.9185185185185185, 0.9333333333333333, 0.9
2024-05-21 20:59:53 - WARNING  - Epoch: 733, Sum of Accs: 9.030, Sum of s_i: 31.810549998780026
2024-05-21 20:59:58 - INFO     - {6: 3.1991609526076985, 9: 3.292105233689074, 0: 3.3498802780950707, 2: 2.9418567448348307, 4: 3.2771647006523623, 3: 2.9423162876020124, 5: 3.2786498707099008, 1: 3.273026266706685, 8: 3.068299444113206, 7: 3.197925578944529}
2024-05-21 20:59:58 - INFO     - 0.9333333333333333, 0.9111111111111111, 0.8851851851851852, 0.8888888888888888, 0.8629629629629629, 0.8962962962962963, 0.9, 0.9185185185185185, 0.9333333333333333, 0.9
2024-05-21 20:59:58 - WARNING  - Epoch: 734, Sum of Accs: 9.030, Sum of s_i: 31.82038535795537
2024-05-21 21:00:02 - INFO     - {6: 3.200163014679218, 9: 3.293235027106994, 0: 3.3510894182000173, 2: 2.942511511801096, 4: 3.2782768209772843, 3: 2.942972863036224, 5: 3.2797646038815995, 1: 3.274134082174841, 8: 3.0691285710042804, 7: 3.198931446118259}
2024-05-21 21:00:02 - INFO     - 0.9333333333333333, 0.9111111111111111, 0.8851851851851852, 0.8888888888888888, 0.8629629629629629, 0.8962962962962963, 0.9, 0.9185185185185185, 0.9333333333333333, 0.9
2024-05-21 21:00:02 - WARNING  - Epoch: 735, Sum of Accs: 9.030, Sum of s_i: 31.830207358979813
2024-05-21 21:00:06 - INFO     - {6: 3.20116350932635, 9: 3.2943632531005265, 0: 3.3522969916325405, 2: 2.943165051649525, 4: 3.279387373877819, 3: 2.9436282113525998, 5: 3.2808771919572894, 1: 3.2752397525469883, 8: 3.0699555527993465, 7: 3.1999351681959807}
2024-05-21 21:00:06 - INFO     - 0.9333333333333333, 0.9111111111111111, 0.8851851851851852, 0.8888888888888888, 0.8629629629629629, 0.8962962962962963, 0.9, 0.9185185185185185, 0.9333333333333333, 0.9
2024-05-21 21:00:07 - WARNING  - Epoch: 736, Sum of Accs: 9.030, Sum of s_i: 31.840012056438965
2024-05-21 21:00:11 - INFO     - {6: 3.2021624404677587, 9: 3.2954899155883353, 0: 3.353503002308609, 2: 2.9438166891869124, 4: 3.280496024467312, 3: 2.9442816573579336, 5: 3.2819887957001104, 1: 3.276343684635996, 8: 3.070781550261543, 7: 3.200937905940833}
2024-05-21 21:00:11 - INFO     - 0.9333333333333333, 0.9111111111111111, 0.8851851851851852, 0.8888888888888888, 0.8629629629629629, 0.8962962962962963, 0.9, 0.9185185185185185, 0.9333333333333333, 0.9
2024-05-21 21:00:11 - WARNING  - Epoch: 737, Sum of Accs: 9.030, Sum of s_i: 31.849801665915344
2024-05-21 21:00:15 - INFO     - {6: 3.203159811661862, 9: 3.296614859265074, 0: 3.3547077918426913, 2: 2.944467105582313, 4: 3.2816032950510534, 3: 2.9449338822212807, 5: 3.2830991783009447, 1: 3.2774471495332875, 8: 3.0716061677179884, 7: 3.201938025172724}
2024-05-21 21:00:15 - INFO     - 0.9333333333333333, 0.9111111111111111, 0.8851851851851852, 0.8888888888888888, 0.8629629629629629, 0.8962962962962963, 0.9, 0.9185185185185185, 0.9333333333333333, 0.9
2024-05-21 21:00:15 - WARNING  - Epoch: 738, Sum of Accs: 9.030, Sum of s_i: 31.859577266349216
2024-05-21 21:00:20 - INFO     - {6: 3.2041556262888173, 9: 3.297738246739368, 0: 3.3559108663105635, 2: 2.9451158069115038, 4: 3.2827090094323492, 3: 2.945584392018418, 5: 3.284207845835569, 1: 3.278548899364369, 8: 3.0724292289719886, 7: 3.20293782670938}
2024-05-21 21:00:20 - INFO     - 0.9333333333333333, 0.9111111111111111, 0.8851851851851852, 0.8888888888888888, 0.8629629629629629, 0.8962962962962963, 0.9, 0.9185185185185185, 0.9333333333333333, 0.9
2024-05-21 21:00:20 - WARNING  - Epoch: 739, Sum of Accs: 9.030, Sum of s_i: 31.869337748582332
2024-05-21 21:00:24 - INFO     - {6: 3.2051498878990734, 9: 3.298860081560434, 0: 3.357112388125208, 2: 2.9457629555874667, 4: 3.283812698777204, 3: 2.946233507297918, 5: 3.2853149607169656, 1: 3.2796490965422227, 8: 3.073250265189547, 7: 3.2039348431108516}
2024-05-21 21:00:24 - INFO     - 0.9333333333333333, 0.9111111111111111, 0.8851851851851852, 0.8888888888888888, 0.8629629629629629, 0.8962962962962963, 0.9, 0.9185185185185185, 0.9333333333333333, 0.9
2024-05-21 21:00:24 - WARNING  - Epoch: 740, Sum of Accs: 9.030, Sum of s_i: 31.87908068480689
2024-05-21 21:00:28 - INFO     - {6: 3.206142600422455, 9: 3.29998036765678, 0: 3.3583123612151318, 2: 2.9464087133121457, 4: 3.284914840456834, 3: 2.946880915717107, 5: 3.2864197775818145, 1: 3.2807472736716385, 8: 3.0740697537418815, 7: 3.2049303138526484}
2024-05-21 21:00:28 - INFO     - 0.9333333333333333, 0.9111111111111111, 0.8851851851851852, 0.8888888888888888, 0.8629629629629629, 0.8962962962962963, 0.9, 0.9185185185185185, 0.9333333333333333, 0.9
2024-05-21 21:00:28 - WARNING  - Epoch: 741, Sum of Accs: 9.030, Sum of s_i: 31.88880691762844
2024-05-21 21:00:32 - INFO     - {6: 3.207133767647642, 9: 3.3010992662283676, 0: 3.359510946780298, 2: 2.9470529257386304, 4: 3.2860154382299607, 3: 2.9475263089060753, 5: 3.287523051308463, 1: 3.281843906894551, 8: 3.074887421187906, 7: 3.2059242425862142}
2024-05-21 21:00:32 - INFO     - 0.9333333333333333, 0.9111111111111111, 0.8851851851851852, 0.8888888888888888, 0.8629629629629629, 0.8962962962962963, 0.9, 0.9185185185185185, 0.9333333333333333, 0.9
2024-05-21 21:00:32 - WARNING  - Epoch: 742, Sum of Accs: 9.030, Sum of s_i: 31.898517275508105
2024-05-21 21:00:37 - INFO     - {6: 3.2081233932248314, 9: 3.3022166231519576, 0: 3.360707990697466, 2: 2.947695596517117, 4: 3.287115122060553, 3: 2.9481707881525083, 5: 3.288625688292383, 1: 3.2829396261749286, 8: 3.0757044518912022, 7: 3.206918013572166}
2024-05-21 21:00:37 - INFO     - 0.9333333333333333, 0.9111111111111111, 0.8851851851851852, 0.8888888888888888, 0.8629629629629629, 0.8962962962962963, 0.9, 0.9185185185185185, 0.9333333333333333, 0.9
2024-05-21 21:00:37 - WARNING  - Epoch: 743, Sum of Accs: 9.030, Sum of s_i: 31.908217293735117
2024-05-21 21:00:41 - INFO     - {6: 3.20911147991969, 9: 3.303332284498872, 0: 3.361903339037959, 2: 2.9483365717189285, 4: 3.28821311031447, 3: 2.9488135718222663, 5: 3.2897266296996284, 1: 3.2840327313273945, 8: 3.0765188684665867, 7: 3.2079100889814427}
2024-05-21 21:00:41 - INFO     - 0.9333333333333333, 0.9111111111111111, 0.8851851851851852, 0.8888888888888888, 0.8629629629629629, 0.8962962962962963, 0.9, 0.9185185185185185, 0.9333333333333333, 0.9
2024-05-21 21:00:41 - WARNING  - Epoch: 744, Sum of Accs: 9.030, Sum of s_i: 31.917898675787235
2024-05-21 21:00:46 - INFO     - {6: 3.2100980318079153, 9: 3.3044465677334984, 0: 3.363097309266163, 2: 2.9489761688084513, 4: 3.289309097047554, 3: 2.9494549773797356, 5: 3.2908255695860404, 1: 3.285124753510264, 8: 3.077332825480919, 7: 3.2088994116927134}
2024-05-21 21:00:46 - INFO     - 0.9333333333333333, 0.9111111111111111, 0.8851851851851852, 0.8888888888888888, 0.8629629629629629, 0.8962962962962963, 0.9, 0.9185185185185185, 0.9333333333333333, 0.9
2024-05-21 21:00:46 - WARNING  - Epoch: 745, Sum of Accs: 9.030, Sum of s_i: 31.927564712313256
2024-05-21 21:00:50 - INFO     - {6: 3.211083052436497, 9: 3.3055593197084803, 0: 3.3642897482347234, 2: 2.94961423463833, 4: 3.290404175929538, 3: 2.950094851677561, 5: 3.2919227049889837, 1: 3.2862147975495595, 8: 3.078144354603238, 7: 3.2098875074375828}
2024-05-21 21:00:50 - INFO     - 0.9333333333333333, 0.9111111111111111, 0.8851851851851852, 0.8888888888888888, 0.8629629629629629, 0.8962962962962963, 0.9, 0.9185185185185185, 0.9333333333333333, 0.9
2024-05-21 21:00:50 - WARNING  - Epoch: 746, Sum of Accs: 9.030, Sum of s_i: 31.937214747204493
2024-05-21 21:00:54 - INFO     - {6: 3.2120665454498027, 9: 3.306670544068187, 0: 3.365480659588008, 2: 2.9502507728529332, 4: 3.291497106627799, 3: 2.9507331983601106, 5: 3.2930183149746317, 1: 3.2873033165385808, 8: 3.078954632174203, 7: 3.2108742514252624}
2024-05-21 21:00:54 - INFO     - 0.9333333333333333, 0.9111111111111111, 0.8851851851851852, 0.8888888888888888, 0.8629629629629629, 0.8962962962962963, 0.9, 0.9185185185185185, 0.9333333333333333, 0.9
2024-05-21 21:00:54 - WARNING  - Epoch: 747, Sum of Accs: 9.030, Sum of s_i: 31.946849342059515
2024-05-21 21:00:59 - INFO     - {6: 3.2130485143967467, 9: 3.3077800890888827, 0: 3.366669716170604, 2: 2.9508857870011744, 4: 3.292588514749282, 3: 2.9513700209762983, 5: 3.294112676249443, 1: 3.2883907601098494, 8: 3.07976338716839, 7: 3.211859746702105}
2024-05-21 21:00:59 - INFO     - 0.9333333333333333, 0.9111111111111111, 0.8851851851851852, 0.8888888888888888, 0.8629629629629629, 0.8962962962962963, 0.9, 0.9185185185185185, 0.9333333333333333, 0.9
2024-05-21 21:00:59 - WARNING  - Epoch: 748, Sum of Accs: 9.030, Sum of s_i: 31.95646921261278
2024-05-21 21:01:03 - INFO     - {6: 3.2140289627067085, 9: 3.308888113825018, 0: 3.367857252835522, 2: 2.9515192805124335, 4: 3.293678403641614, 3: 2.952005322955504, 5: 3.295205245786055, 1: 3.2894766844519667, 8: 3.0805703504243778, 7: 3.212842978744971}
2024-05-21 21:01:03 - INFO     - 0.9333333333333333, 0.9111111111111111, 0.8851851851851852, 0.8888888888888888, 0.8629629629629629, 0.8962962962962963, 0.9, 0.9185185185185185, 0.9333333333333333, 0.9
2024-05-21 21:01:03 - WARNING  - Epoch: 749, Sum of Accs: 9.030, Sum of s_i: 31.966072595884167
2024-05-21 21:01:07 - INFO     - {6: 3.2150078940812756, 9: 3.3099946219769425, 0: 3.369043602550068, 2: 2.952151257088298, 4: 3.2947672387005404, 3: 2.952639107999315, 5: 3.2962963003402352, 1: 3.2905608213026047, 8: 3.081375455405041, 7: 3.2138248240082903}
2024-05-21 21:01:07 - INFO     - 0.9333333333333333, 0.9111111111111111, 0.8851851851851852, 0.8888888888888888, 0.8629629629629629, 0.8962962962962963, 0.9, 0.9185185185185185, 0.9333333333333333, 0.9
2024-05-21 21:01:07 - WARNING  - Epoch: 750, Sum of Accs: 9.030, Sum of s_i: 31.975661123452614
2024-05-21 21:01:12 - INFO     - {6: 3.2159853119578408, 9: 3.311099771199908, 0: 3.370228438766612, 2: 2.9527817201661604, 4: 3.295854099884408, 3: 2.9532707645990235, 5: 3.297386114677431, 1: 3.291644332882358, 8: 3.082179663461613, 7: 3.2148057723475176}
2024-05-21 21:01:12 - INFO     - 0.9333333333333333, 0.9111111111111111, 0.8851851851851852, 0.8888888888888888, 0.8629629629629629, 0.8962962962962963, 0.9, 0.9185185185185185, 0.9333333333333333, 0.9
2024-05-21 21:01:12 - WARNING  - Epoch: 751, Sum of Accs: 9.030, Sum of s_i: 31.98523598994287
2024-05-21 21:01:16 - INFO     - {6: 3.2169612195792596, 9: 3.312203256297579, 0: 3.371411436886302, 2: 2.953410345147169, 4: 3.2969394523346613, 3: 2.9539011980479786, 5: 3.298474420281013, 1: 3.292725720782397, 8: 3.0829823627845707, 7: 3.2157844730924388}
2024-05-21 21:01:16 - INFO     - 0.9333333333333333, 0.9111111111111111, 0.8851851851851852, 0.8888888888888888, 0.8629629629629629, 0.8962962962962963, 0.9, 0.9185185185185185, 0.9333333333333333, 0.9
2024-05-21 21:01:16 - WARNING  - Epoch: 752, Sum of Accs: 9.030, Sum of s_i: 31.994793885233367
2024-05-21 21:01:20 - INFO     - {6: 3.2179356207041865, 9: 3.3133052352464, 0: 3.3725931028287013, 2: 2.954037637950887, 4: 3.2980237581904848, 3: 2.954530299319643, 5: 3.2995616792901643, 1: 3.293806062088006, 8: 3.083784015513098, 7: 3.216762866103622}
2024-05-21 21:01:20 - INFO     - 0.9333333333333333, 0.9111111111111111, 0.8851851851851852, 0.8888888888888888, 0.8629629629629629, 0.8962962962962963, 0.9, 0.9185185185185185, 0.9333333333333333, 0.9
2024-05-21 21:01:20 - WARNING  - Epoch: 753, Sum of Accs: 9.030, Sum of s_i: 32.004340277235194
2024-05-21 21:01:25 - INFO     - {6: 3.2189085182235075, 9: 3.314405710936218, 0: 3.3737730922633737, 2: 2.954663427495602, 4: 3.299106387538581, 3: 2.9551577240835805, 5: 3.300647435040313, 1: 3.2948847268858876, 8: 3.0845839917338984, 7: 3.2177385627094552}
2024-05-21 21:01:25 - INFO     - 0.9333333333333333, 0.9111111111111111, 0.8851851851851852, 0.8888888888888888, 0.8629629629629629, 0.8962962962962963, 0.9, 0.9185185185185185, 0.9333333333333333, 0.9
2024-05-21 21:01:25 - WARNING  - Epoch: 754, Sum of Accs: 9.030, Sum of s_i: 32.013869576910416
2024-05-21 21:01:29 - INFO     - {6: 3.219879915902484, 9: 3.3155046871310563, 0: 3.37495158256267, 2: 2.955287717545337, 4: 3.300187690640421, 3: 2.955783822601262, 5: 3.3017315184063616, 1: 3.2959620654375135, 8: 3.085382641708443, 7: 3.2187139529666555}
2024-05-21 21:01:29 - INFO     - 0.9333333333333333, 0.9111111111111111, 0.8851851851851852, 0.8888888888888888, 0.8629629629629629, 0.8962962962962963, 0.9, 0.9185185185185185, 0.9333333333333333, 0.9
2024-05-21 21:01:29 - WARNING  - Epoch: 755, Sum of Accs: 9.030, Sum of s_i: 32.0233855949022
2024-05-21 21:01:33 - INFO     - {6: 3.2208498169004, 9: 3.316602166989103, 0: 3.376128749414295, 2: 2.955910511258281, 4: 3.30126749740547, 3: 2.9564084247821523, 5: 3.302814278324739, 1: 3.297037907652348, 8: 3.086179795346196, 7: 3.2196866590721505}
2024-05-21 21:01:33 - INFO     - 0.9333333333333333, 0.9111111111111111, 0.8851851851851852, 0.8888888888888888, 0.8629629629629629, 0.8962962962962963, 0.9, 0.9185185185185185, 0.9333333333333333, 0.9
2024-05-21 21:01:33 - WARNING  - Epoch: 756, Sum of Accs: 9.030, Sum of s_i: 32.032885807145135
2024-05-21 21:01:38 - INFO     - {6: 3.2218182247675538, 9: 3.317698306202657, 0: 3.3773042512809495, 2: 2.956531964326732, 4: 3.3023453569246453, 3: 2.9570316863185497, 5: 3.3038953732581455, 1: 3.298111802621309, 8: 3.0869752839989784, 7: 3.2206588880075886}
2024-05-21 21:01:38 - INFO     - 0.9333333333333333, 0.9111111111111111, 0.8851851851851852, 0.8888888888888888, 0.8629629629629629, 0.8962962962962963, 0.9, 0.9185185185185185, 0.9333333333333333, 0.9
2024-05-21 21:01:38 - WARNING  - Epoch: 757, Sum of Accs: 9.030, Sum of s_i: 32.042371137707114
2024-05-21 21:01:42 - INFO     - {6: 3.2227851429027856, 9: 3.3187928038830443, 0: 3.3784784359549147, 2: 2.9571517758620156, 4: 3.3034221815120346, 3: 2.95765330632178, 5: 3.304974431022529, 1: 3.2991837733467113, 8: 3.087768397937571, 7: 3.2216297997503376}
2024-05-21 21:01:42 - INFO     - 0.9333333333333333, 0.9111111111111111, 0.8851851851851852, 0.8888888888888888, 0.8629629629629629, 0.8925925925925926, 0.9, 0.9185185185185185, 0.9333333333333333, 0.9
2024-05-21 21:01:42 - WARNING  - Epoch: 758, Sum of Accs: 9.026, Sum of s_i: 32.05184004849372
2024-05-21 21:01:46 - INFO     - {6: 3.2237505749401993, 9: 3.3198858158063556, 0: 3.379650963409317, 2: 2.957770101640224, 4: 3.3044973488798606, 3: 2.9582732691054474, 5: 3.3060525515436834, 1: 3.300254976164323, 8: 3.0885609121781012, 7: 3.2225990542735237}
2024-05-21 21:01:46 - INFO     - 0.9333333333333333, 0.9111111111111111, 0.8851851851851852, 0.8888888888888888, 0.8629629629629629, 0.8925925925925926, 0.9, 0.9185185185185185, 0.9333333333333333, 0.9
2024-05-21 21:01:46 - WARNING  - Epoch: 759, Sum of Accs: 9.026, Sum of s_i: 32.06129556794103
2024-05-21 21:01:51 - INFO     - {6: 3.2247145240325645, 9: 3.3209773451242763, 0: 3.380822008612046, 2: 2.9583870959338863, 4: 3.3055710339960136, 3: 2.9588920718670564, 5: 3.3071291898131645, 1: 3.3013246967302616, 8: 3.089351944166958, 7: 3.2235668265450363}
2024-05-21 21:01:51 - INFO     - 0.9333333333333333, 0.9111111111111111, 0.8851851851851852, 0.8888888888888888, 0.8629629629629629, 0.8925925925925926, 0.9, 0.9185185185185185, 0.9333333333333333, 0.9
2024-05-21 21:01:51 - WARNING  - Epoch: 760, Sum of Accs: 9.026, Sum of s_i: 32.07073673682126
2024-05-21 21:01:55 - INFO     - {6: 3.2256769934774177, 9: 3.322067395133228, 0: 3.381991574858373, 2: 2.959002289041532, 4: 3.306643240155765, 3: 2.9595090734426486, 5: 3.308204349126244, 1: 3.3023929383397985, 8: 3.0901414971994137, 7: 3.2245321164981933}
2024-05-21 21:01:55 - INFO     - 0.9333333333333333, 0.9111111111111111, 0.8851851851851852, 0.8888888888888888, 0.8629629629629629, 0.8925925925925926, 0.9, 0.9185185185185185, 0.9333333333333333, 0.9
2024-05-21 21:01:55 - WARNING  - Epoch: 761, Sum of Accs: 9.026, Sum of s_i: 32.08016146727262
2024-05-21 21:01:59 - INFO     - {6: 3.22663798689335, 9: 3.3231559694506165, 0: 3.3831598361693396, 2: 2.959616177213817, 4: 3.3077141413801554, 3: 2.96012477008288, 5: 3.3092782035039625, 1: 3.3034598750139748, 8: 3.090929745296508, 7: 3.2254971048779435}
2024-05-21 21:01:59 - INFO     - 0.9333333333333333, 0.9111111111111111, 0.8851851851851852, 0.8888888888888888, 0.8629629629629629, 0.8925925925925926, 0.9, 0.9185185185185185, 0.9333333333333333, 0.9
2024-05-21 21:01:59 - WARNING  - Epoch: 762, Sum of Accs: 9.026, Sum of s_i: 32.08957380988255
2024-05-21 21:02:04 - INFO     - {6: 3.227597507258764, 9: 3.324243071053808, 0: 3.384326454711525, 2: 2.9602287427805285, 4: 3.308783121549, 3: 2.960739144117538, 5: 3.3103505851674844, 1: 3.3045253389739537, 8: 3.0917160723380563, 7: 3.2264604504889123}
2024-05-21 21:02:04 - INFO     - 0.9333333333333333, 0.9111111111111111, 0.8851851851851852, 0.8888888888888888, 0.8629629629629629, 0.8925925925925926, 0.9, 0.9185185185185185, 0.9333333333333333, 0.9
2024-05-21 21:02:04 - WARNING  - Epoch: 763, Sum of Accs: 9.026, Sum of s_i: 32.09897048843957
2024-05-21 21:02:08 - INFO     - {6: 3.2285555580591274, 9: 3.3253287034271186, 0: 3.385491604372918, 2: 2.9608395193032395, 4: 3.3098509111238164, 3: 2.961351729108196, 5: 3.3114207877001887, 1: 3.305589163998556, 8: 3.092501208785577, 7: 3.2274213308876054}
2024-05-21 21:02:08 - INFO     - 0.9333333333333333, 0.9111111111111111, 0.8851851851851852, 0.8888888888888888, 0.8629629629629629, 0.8925925925925926, 0.9, 0.9185185185185185, 0.9333333333333333, 0.9
2024-05-21 21:02:08 - WARNING  - Epoch: 764, Sum of Accs: 9.026, Sum of s_i: 32.10835051676634
2024-05-21 21:02:12 - INFO     - {6: 3.229512142927782, 9: 3.3264128702027107, 0: 3.3866552887844605, 2: 2.9614488305761006, 4: 3.310917404806411, 3: 2.9619628488490037, 5: 3.312489526250374, 1: 3.306651693130936, 8: 3.0932843410551385, 7: 3.228381203439822}
2024-05-21 21:02:12 - INFO     - 0.9333333333333333, 0.9111111111111111, 0.8851851851851852, 0.8888888888888888, 0.8629629629629629, 0.8925925925925926, 0.9, 0.9185185185185185, 0.9333333333333333, 0.9
2024-05-21 21:02:12 - WARNING  - Epoch: 765, Sum of Accs: 9.026, Sum of s_i: 32.117716150022744
2024-05-21 21:02:17 - INFO     - {6: 3.2304672651395046, 9: 3.3274955746542636, 0: 3.3878178293361616, 2: 2.9620569979891203, 4: 3.3119825852715357, 3: 2.96257282472997, 5: 3.3135576598688274, 1: 3.3077129090458466, 8: 3.0940667192863973, 7: 3.2293391607942605}
2024-05-21 21:02:17 - INFO     - 0.9333333333333333, 0.9111111111111111, 0.8851851851851852, 0.8888888888888888, 0.8629629629629629, 0.8925925925925926, 0.9, 0.9185185185185185, 0.9333333333333333, 0.9
2024-05-21 21:02:17 - WARNING  - Epoch: 766, Sum of Accs: 9.026, Sum of s_i: 32.12706952611589
2024-05-21 21:02:21 - INFO     - {6: 3.2314209276298014, 9: 3.328576819716267, 0: 3.3889787613917433, 2: 2.9626637056807144, 4: 3.313046157240541, 3: 2.9631811921148166, 5: 3.3146234798709178, 1: 3.3087725164646375, 8: 3.0948469330078634, 7: 3.230296114798382}
2024-05-21 21:02:21 - INFO     - 0.9333333333333333, 0.9111111111111111, 0.8851851851851852, 0.8888888888888888, 0.8629629629629629, 0.8925925925925926, 0.9, 0.9185185185185185, 0.9333333333333333, 0.9
2024-05-21 21:02:21 - WARNING  - Epoch: 767, Sum of Accs: 9.026, Sum of s_i: 32.13640660791569
2024-05-21 21:02:25 - INFO     - {6: 3.2323731339585495, 9: 3.3296566089474404, 0: 3.3901380692957863, 2: 2.96326895721076, 4: 3.3141078300225244, 3: 2.9637881036688336, 5: 3.315688380841713, 1: 3.30983049973189, 8: 3.0956259526625507, 7: 3.231251874735725}
2024-05-21 21:02:25 - INFO     - 0.9333333333333333, 0.9111111111111111, 0.8851851851851852, 0.8888888888888888, 0.8629629629629629, 0.8925925925925926, 0.9, 0.9185185185185185, 0.9333333333333333, 0.9
2024-05-21 21:02:25 - WARNING  - Epoch: 768, Sum of Accs: 9.026, Sum of s_i: 32.14572941107577
2024-05-21 21:02:30 - INFO     - {6: 3.233323887365283, 9: 3.3307349455862374, 0: 3.3912959249508305, 2: 2.9638727558187905, 4: 3.315168051199303, 3: 2.964393710744811, 5: 3.3167512957389866, 1: 3.310886331406193, 8: 3.0964030957597726, 7: 3.2322057581156023}
2024-05-21 21:02:30 - INFO     - 0.9333333333333333, 0.9111111111111111, 0.8851851851851852, 0.8888888888888888, 0.8629629629629629, 0.8925925925925926, 0.9, 0.9185185185185185, 0.9333333333333333, 0.9
2024-05-21 21:02:30 - WARNING  - Epoch: 769, Sum of Accs: 9.026, Sum of s_i: 32.155035756685805
2024-05-21 21:02:34 - INFO     - {6: 3.234273191423112, 9: 3.331811833204613, 0: 3.39245233192764, 2: 2.964475105077917, 4: 3.3162268243393744, 3: 2.9649972793007233, 5: 3.3178130220323863, 1: 3.3119411399960503, 8: 3.0971792157725484, 7: 3.2331586184110335}
2024-05-21 21:02:34 - INFO     - 0.9333333333333333, 0.9111111111111111, 0.8851851851851852, 0.8888888888888888, 0.8629629629629629, 0.8925925925925926, 0.9, 0.9185185185185185, 0.9333333333333333, 0.9
2024-05-21 21:02:34 - WARNING  - Epoch: 770, Sum of Accs: 9.026, Sum of s_i: 32.1643285614854
2024-05-21 21:02:38 - INFO     - {6: 3.2352210492450397, 9: 3.332887274914523, 0: 3.3936072933370895, 2: 2.965076008101142, 4: 3.317284152551557, 3: 2.965599402928747, 5: 3.3188730453162982, 1: 3.3129945036580186, 8: 3.097953632775836, 7: 3.23410932665553}
2024-05-21 21:02:38 - INFO     - 0.9333333333333333, 0.9111111111111111, 0.8851851851851852, 0.8888888888888888, 0.8629629629629629, 0.8925925925925926, 0.9, 0.9185185185185185, 0.9333333333333333, 0.9
2024-05-21 21:02:38 - WARNING  - Epoch: 771, Sum of Accs: 9.026, Sum of s_i: 32.17360568948378
2024-05-21 21:02:43 - INFO     - {6: 3.2361674642707787, 9: 3.3339612741545603, 0: 3.394760979570705, 2: 2.965675468328178, 4: 3.3183400392451428, 3: 2.9662006716237297, 5: 3.3199316276169246, 1: 3.314046168255102, 8: 3.0987266087958383, 7: 3.235059300504475}
2024-05-21 21:02:43 - INFO     - 0.9333333333333333, 0.9111111111111111, 0.8851851851851852, 0.8888888888888888, 0.8629629629629629, 0.8925925925925926, 0.9, 0.9185185185185185, 0.9333333333333333, 0.9
2024-05-21 21:02:43 - WARNING  - Epoch: 772, Sum of Accs: 9.026, Sum of s_i: 32.18286960236544
2024-05-21 21:02:47 - INFO     - {6: 3.23711243955155, 9: 3.3350338339749177, 0: 3.3959133731914553, 2: 2.9662733420034324, 4: 3.3193949259725026, 3: 2.9668003537669305, 5: 3.3209894674976126, 1: 3.315097090432247, 8: 3.099498842395902, 7: 3.236007131576691}
2024-05-21 21:02:47 - INFO     - 0.9333333333333333, 0.9111111111111111, 0.8851851851851852, 0.8888888888888888, 0.8629629629629629, 0.8925925925925926, 0.9, 0.9185185185185185, 0.9333333333333333, 0.9
2024-05-21 21:02:47 - WARNING  - Epoch: 773, Sum of Accs: 9.026, Sum of s_i: 32.19212080036324
2024-05-21 21:02:51 - INFO     - {6: 3.2380559780556815, 9: 3.336104957342915, 0: 3.397064017275679, 2: 2.9668696129489747, 4: 3.3204482099701504, 3: 2.9673984331804193, 5: 3.3220454334922453, 1: 3.3161464098796807, 8: 3.1002686191220574, 7: 3.2369545027296986}
2024-05-21 21:02:51 - INFO     - 0.9333333333333333, 0.9111111111111111, 0.8851851851851852, 0.8888888888888888, 0.8629629629629629, 0.8925925925925926, 0.9, 0.9185185185185185, 0.9333333333333333, 0.9
2024-05-21 21:02:51 - WARNING  - Epoch: 774, Sum of Accs: 9.026, Sum of s_i: 32.20135617399751
2024-05-21 21:02:56 - INFO     - {6: 3.238998083228871, 9: 3.337174647703136, 0: 3.3982133946294786, 2: 2.9674647633234614, 4: 3.321500227237374, 3: 2.967995245863484, 5: 3.323100403912797, 1: 3.31719446259669, 8: 3.101037983261985, 7: 3.237900607152282}
2024-05-21 21:02:56 - INFO     - 0.9333333333333333, 0.9111111111111111, 0.8851851851851852, 0.8888888888888888, 0.8629629629629629, 0.8925925925925926, 0.9, 0.9185185185185185, 0.9333333333333333, 0.9
2024-05-21 21:02:56 - WARNING  - Epoch: 775, Sum of Accs: 9.026, Sum of s_i: 32.21057981890956
2024-05-21 21:03:00 - INFO     - {6: 3.239938757875793, 9: 3.33824290785929, 0: 3.3993614876163796, 2: 2.968058483171681, 4: 3.3225509601376992, 3: 2.96859077417965, 5: 3.3241540899664503, 1: 3.318241230946801, 8: 3.1018059171978454, 7: 3.2388454272079668}
2024-05-21 21:03:00 - INFO     - 0.9333333333333333, 0.9111111111111111, 0.8851851851851852, 0.8888888888888888, 0.8629629629629629, 0.8925925925925926, 0.9, 0.9185185185185185, 0.9333333333333333, 0.9
2024-05-21 21:03:00 - WARNING  - Epoch: 776, Sum of Accs: 9.026, Sum of s_i: 32.21979003615956
2024-05-21 21:03:04 - INFO     - {6: 3.240878005059638, 9: 3.3393097408735444, 0: 3.4005080076242122, 2: 2.968650287170019, 4: 3.323599685521283, 3: 2.9691842949790748, 5: 3.3252062030410348, 1: 3.3192855744912855, 8: 3.102571410445061, 7: 3.23978833141377}
2024-05-21 21:03:04 - INFO     - 0.9333333333333333, 0.9111111111111111, 0.8851851851851852, 0.8851851851851852, 0.8629629629629629, 0.8925925925925926, 0.9, 0.9185185185185185, 0.9333333333333333, 0.9
2024-05-21 21:03:04 - WARNING  - Epoch: 777, Sum of Accs: 9.022, Sum of s_i: 32.228981540618925
2024-05-21 21:03:09 - INFO     - {6: 3.2418158286566428, 9: 3.3403751506209334, 0: 3.4016529394282826, 2: 2.969241155968321, 4: 3.3246472572387775, 3: 2.9697768270493072, 5: 3.3262567279118573, 1: 3.3203291816585656, 8: 3.103336329035259, 7: 3.2407299902866242}
2024-05-21 21:03:09 - INFO     - 0.9333333333333333, 0.9111111111111111, 0.8851851851851852, 0.8851851851851852, 0.8629629629629629, 0.8925925925925926, 0.9, 0.9185185185185185, 0.9333333333333333, 0.9
2024-05-21 21:03:09 - WARNING  - Epoch: 778, Sum of Accs: 9.022, Sum of s_i: 32.238161387854575
2024-05-21 21:03:13 - INFO     - {6: 3.242752231444497, 9: 3.341439139878193, 0: 3.402796451074645, 2: 2.969830603957473, 4: 3.3256935734030395, 3: 2.97036793862941, 5: 3.3273059972294474, 1: 3.32137068506461, 8: 3.104099143864222, 7: 3.2416702290017705}
2024-05-21 21:03:13 - INFO     - 0.9333333333333333, 0.9111111111111111, 0.8851851851851852, 0.8851851851851852, 0.8629629629629629, 0.8925925925925926, 0.9, 0.9185185185185185, 0.9333333333333333, 0.9
2024-05-21 21:03:13 - WARNING  - Epoch: 779, Sum of Accs: 9.022, Sum of s_i: 32.247325993547314
2024-05-21 21:03:17 - INFO     - {6: 3.2436872167504456, 9: 3.3425017119714924, 0: 3.4039388547205722, 2: 2.9704186344647185, 4: 3.3267386169623903, 3: 2.9709577776046023, 5: 3.3283538493830775, 1: 3.322410773106627, 8: 3.104861389737228, 7: 3.242609215157432}
2024-05-21 21:03:17 - INFO     - 0.9333333333333333, 0.9111111111111111, 0.8851851851851852, 0.8851851851851852, 0.8629629629629629, 0.8925925925925926, 0.9, 0.9185185185185185, 0.9333333333333333, 0.9
2024-05-21 21:03:17 - WARNING  - Epoch: 780, Sum of Accs: 9.022, Sum of s_i: 32.256478039858585
2024-05-21 21:03:22 - INFO     - {6: 3.2446207874815487, 9: 3.343563014048996, 0: 3.405079843791654, 2: 2.971005250397119, 4: 3.3277822459468958, 3: 2.9715462020049492, 5: 3.3294004315209116, 1: 3.323450437540918, 8: 3.1056223655944377, 7: 3.2435456644214424}
2024-05-21 21:03:22 - INFO     - 0.9333333333333333, 0.9111111111111111, 0.8851851851851852, 0.8851851851851852, 0.8629629629629629, 0.8925925925925926, 0.9, 0.9185185185185185, 0.9333333333333333, 0.9
2024-05-21 21:03:22 - WARNING  - Epoch: 781, Sum of Accs: 9.022, Sum of s_i: 32.26561624274887
2024-05-21 21:03:26 - INFO     - {6: 3.2455529467382354, 9: 3.3446227607259513, 0: 3.406219277462188, 2: 2.9715903109289714, 4: 3.328824319530854, 3: 2.972133071004748, 5: 3.3304454582581977, 1: 3.3244885465746616, 8: 3.1063817860510996, 7: 3.24448182516076}
2024-05-21 21:03:26 - INFO     - 0.9333333333333333, 0.9111111111111111, 0.8851851851851852, 0.8851851851851852, 0.8629629629629629, 0.8925925925925926, 0.9, 0.9185185185185185, 0.9333333333333333, 0.9
2024-05-21 21:03:26 - WARNING  - Epoch: 782, Sum of Accs: 9.022, Sum of s_i: 32.27474030243566
2024-05-21 21:03:30 - INFO     - {6: 3.246483697661907, 9: 3.3456812429960237, 0: 3.407357139807055, 2: 2.9721741070539403, 4: 3.3298648217891444, 3: 2.9727186755976636, 5: 3.331488913669817, 1: 3.325525084282738, 8: 3.107138797964144, 7: 3.2454164145744104}
2024-05-21 21:03:30 - INFO     - 0.9333333333333333, 0.9111111111111111, 0.8851851851851852, 0.8851851851851852, 0.8629629629629629, 0.8925925925925926, 0.9, 0.9185185185185185, 0.9333333333333333, 0.9
2024-05-21 21:03:30 - WARNING  - Epoch: 783, Sum of Accs: 9.022, Sum of s_i: 32.283848895396844
2024-05-21 21:03:35 - INFO     - {6: 3.2474130435926845, 9: 3.346738176975848, 0: 3.4084939040778117, 2: 2.972756498186015, 4: 3.330904225973325, 3: 2.9733028751976853, 5: 3.3325311277099714, 1: 3.3265595417215366, 8: 3.1078955490210287, 7: 3.2463497626165965}
2024-05-21 21:03:35 - INFO     - 0.9333333333333333, 0.9111111111111111, 0.8851851851851852, 0.8851851851851852, 0.8629629629629629, 0.8925925925925926, 0.9, 0.9185185185185185, 0.9333333333333333, 0.9
2024-05-21 21:03:35 - WARNING  - Epoch: 784, Sum of Accs: 9.022, Sum of s_i: 32.2929447050725
2024-05-21 21:03:39 - INFO     - {6: 3.2483409874514306, 9: 3.347793709196523, 0: 3.4096291232920652, 2: 2.973337344261587, 4: 3.331942085101002, 3: 2.973885529741204, 5: 3.333571939990977, 1: 3.3275925993516906, 8: 3.10865075502141, 7: 3.2472805965424216}
2024-05-21 21:03:39 - INFO     - 0.9333333333333333, 0.9111111111111111, 0.8851851851851852, 0.8851851851851852, 0.8629629629629629, 0.8925925925925926, 0.9, 0.9185185185185185, 0.9333333333333333, 0.9
2024-05-21 21:03:39 - WARNING  - Epoch: 785, Sum of Accs: 9.022, Sum of s_i: 32.30202466995031
2024-05-21 21:03:43 - INFO     - {6: 3.249267532625542, 9: 3.3488478430443713, 0: 3.4107627818262216, 2: 2.9739167919643323, 4: 3.332978383548582, 3: 2.9744667859118956, 5: 3.3346111915918852, 1: 3.3286249332490563, 8: 3.1094035687455843, 7: 3.2482109821453613}
2024-05-21 21:03:43 - INFO     - 0.9333333333333333, 0.9111111111111111, 0.8851851851851852, 0.8851851851851852, 0.8629629629629629, 0.8925925925925926, 0.9, 0.9185185185185185, 0.9333333333333333, 0.9
2024-05-21 21:03:43 - WARNING  - Epoch: 786, Sum of Accs: 9.022, Sum of s_i: 32.311090794652834
2024-05-21 21:03:48 - INFO     - {6: 3.250192682188091, 9: 3.3499005815914638, 0: 3.4118952073668924, 2: 2.9744945081524814, 4: 3.3340134490026765, 3: 2.9750466467818315, 5: 3.3356485366758233, 1: 3.329655201066489, 8: 3.110155644858543, 7: 3.249139461231331}
2024-05-21 21:03:48 - INFO     - 0.9333333333333333, 0.9111111111111111, 0.8851851851851852, 0.8851851851851852, 0.8629629629629629, 0.8925925925925926, 0.9, 0.9185185185185185, 0.9333333333333333, 0.9
2024-05-21 21:03:48 - WARNING  - Epoch: 787, Sum of Accs: 9.022, Sum of s_i: 32.320141918915624
2024-05-21 21:03:52 - INFO     - {6: 3.2511164393853758, 9: 3.3509519280830604, 0: 3.413026240852067, 2: 2.9750713105510633, 4: 3.335047122401275, 3: 2.975625115596271, 5: 3.33668516322775, 1: 3.3306849099148734, 8: 3.110906665129846, 7: 3.2500672217852893}
2024-05-21 21:03:52 - INFO     - 0.9333333333333333, 0.9111111111111111, 0.8851851851851852, 0.8851851851851852, 0.8629629629629629, 0.8925925925925926, 0.9, 0.9185185185185185, 0.9333333333333333, 0.9
2024-05-21 21:03:52 - WARNING  - Epoch: 788, Sum of Accs: 9.022, Sum of s_i: 32.329182116926866
2024-05-21 21:03:56 - INFO     - {6: 3.2520388068320343, 9: 3.3520020268761197, 0: 3.4141557235351936, 2: 2.975646723199019, 4: 3.336078983046963, 3: 2.9762017716578004, 5: 3.337719729914513, 1: 3.3317125588980936, 8: 3.1116556255359846, 7: 3.250993169586337}
2024-05-21 21:03:56 - INFO     - 0.9333333333333333, 0.9111111111111111, 0.8851851851851852, 0.8851851851851852, 0.8629629629629629, 0.8925925925925926, 0.9, 0.9185185185185185, 0.9333333333333333, 0.9
2024-05-21 21:03:56 - WARNING  - Epoch: 789, Sum of Accs: 9.022, Sum of s_i: 32.33820511908206
2024-05-21 21:04:01 - INFO     - {6: 3.2529597881012937, 9: 3.3530505980563308, 0: 3.415284123144432, 2: 2.9762207496695763, 4: 3.337109881134176, 3: 2.976777606596304, 5: 3.338753722590504, 1: 3.3327394924350924, 8: 3.112404011931351, 7: 3.251918296264359}
2024-05-21 21:04:01 - INFO     - 0.9333333333333333, 0.9111111111111111, 0.8851851851851852, 0.8851851851851852, 0.8629629629629629, 0.8925925925925926, 0.9, 0.9185185185185185, 0.9333333333333333, 0.9
2024-05-21 21:04:01 - WARNING  - Epoch: 790, Sum of Accs: 9.022, Sum of s_i: 32.34721826992342
2024-05-21 21:04:05 - INFO     - {6: 3.2538793856330037, 9: 3.3540977858059065, 0: 3.416410837189796, 2: 2.9767930905762587, 4: 3.338139235092964, 3: 2.977351916668723, 5: 3.33978602970262, 1: 3.333764881843666, 8: 3.1131498903676103, 7: 3.252841737378507}
2024-05-21 21:04:05 - INFO     - 0.9333333333333333, 0.9111111111111111, 0.8851851851851852, 0.8851851851851852, 0.8629629629629629, 0.8925925925925926, 0.9, 0.9185185185185185, 0.9333333333333333, 0.9
2024-05-21 21:04:05 - WARNING  - Epoch: 791, Sum of Accs: 9.022, Sum of s_i: 32.35621479025906
2024-05-21 21:04:09 - INFO     - {6: 3.2547976029028307, 9: 3.3551435935994327, 0: 3.417536171597918, 2: 2.9773642122246815, 4: 3.339166949282361, 3: 2.977924268701653, 5: 3.3408164517234664, 1: 3.3347883861609695, 8: 3.1138947061078324, 7: 3.2537632934013847}
2024-05-21 21:04:09 - INFO     - 0.9333333333333333, 0.9111111111111111, 0.8851851851851852, 0.8851851851851852, 0.8629629629629629, 0.8925925925925926, 0.9, 0.9185185185185185, 0.9333333333333333, 0.9
2024-05-21 21:04:09 - WARNING  - Epoch: 792, Sum of Accs: 9.022, Sum of s_i: 32.36519563570253
2024-05-21 21:04:14 - INFO     - {6: 3.2557144432339955, 9: 3.3561880247590867, 0: 3.4186604302690613, 2: 2.9779339572392325, 4: 3.3401937073490173, 3: 2.9784958221841507, 5: 3.341846162943451, 1: 3.3358111796774113, 8: 3.1146388110471928, 7: 3.254684138623401}
2024-05-21 21:04:14 - INFO     - 0.9333333333333333, 0.9111111111111111, 0.8851851851851852, 0.8851851851851852, 0.8629629629629629, 0.8925925925925926, 0.9, 0.9185185185185185, 0.9333333333333333, 0.9
2024-05-21 21:04:14 - WARNING  - Epoch: 793, Sum of Accs: 9.022, Sum of s_i: 32.374166677326
2024-05-21 21:04:18 - INFO     - {6: 3.2566299090447997, 9: 3.357231081702329, 0: 3.4197830144614882, 2: 2.9785023280373717, 4: 3.3412186725109914, 3: 2.9790660014502364, 5: 3.3428738370165463, 1: 3.336832180289171, 8: 3.115381123081871, 7: 3.2556025194231366}
2024-05-21 21:04:18 - INFO     - 0.9333333333333333, 0.9111111111111111, 0.8851851851851852, 0.8851851851851852, 0.8629629629629629, 0.8925925925925926, 0.9, 0.9185185185185185, 0.9333333333333333, 0.9
2024-05-21 21:04:18 - WARNING  - Epoch: 794, Sum of Accs: 9.022, Sum of s_i: 32.38312066701794
2024-05-21 21:04:23 - INFO     - {6: 3.2575440038591177, 9: 3.3582727679519495, 0: 3.4209043877046867, 2: 2.9790693281418887, 4: 3.342242685667614, 3: 2.9796348100227, 5: 3.343900803326497, 1: 3.337852228895579, 8: 3.116122483111198, 7: 3.256520619735119}
2024-05-21 21:04:23 - INFO     - 0.9333333333333333, 0.9111111111111111, 0.8851851851851852, 0.8851851851851852, 0.8629629629629629, 0.8925925925925926, 0.9, 0.9185185185185185, 0.9333333333333333, 0.9
2024-05-21 21:04:23 - WARNING  - Epoch: 795, Sum of Accs: 9.022, Sum of s_i: 32.39206411841635
2024-05-21 21:04:27 - INFO     - {6: 3.25845673019842, 9: 3.3593130860285587, 0: 3.422024392774874, 2: 2.9796349600733945, 4: 3.343264913749895, 3: 2.980202250422152, 5: 3.3449264014634363, 1: 3.338870909328976, 8: 3.116862474967513, 7: 3.25743735187409}
2024-05-21 21:04:27 - INFO     - 0.9333333333333333, 0.9111111111111111, 0.8851851851851852, 0.8851851851851852, 0.8629629629629629, 0.8925925925925926, 0.9, 0.9185185185185185, 0.9333333333333333, 0.9
2024-05-21 21:04:27 - WARNING  - Epoch: 796, Sum of Accs: 9.022, Sum of s_i: 32.40099347088131
2024-05-21 21:04:31 - INFO     - {6: 3.2593680911244083, 9: 3.36035203899288, 0: 3.4231428739328162, 2: 2.9801992268926125, 4: 3.344286034821261, 3: 2.9807683257093167, 5: 3.3459499759694844, 1: 3.3398880658501278, 8: 3.1176001313861565, 7: 3.2583520603821694}
2024-05-21 21:04:31 - INFO     - 0.9333333333333333, 0.9111111111111111, 0.8851851851851852, 0.8851851851851852, 0.8629629629629629, 0.8925925925925926, 0.9, 0.9185185185185185, 0.9333333333333333, 0.9
2024-05-21 21:04:31 - WARNING  - Epoch: 797, Sum of Accs: 9.022, Sum of s_i: 32.40990682506124
2024-05-21 21:04:36 - INFO     - {6: 3.260278089983806, 9: 3.3613896301905988, 0: 3.4242601521241136, 2: 2.9807622709533077, 4: 3.345305952925982, 3: 2.9813324683507183, 5: 3.3469721902005674, 1: 3.340903362377668, 8: 3.1183367393366153, 7: 3.259265408615284}
2024-05-21 21:04:36 - INFO     - 0.9333333333333333, 0.9111111111111111, 0.8851851851851852, 0.8851851851851852, 0.8629629629629629, 0.8925925925925926, 0.9, 0.9185185185185185, 0.9333333333333333, 0.9037037037037037
2024-05-21 21:04:36 - WARNING  - Epoch: 798, Sum of Accs: 9.026, Sum of s_i: 32.41880626505866
2024-05-21 21:04:40 - INFO     - {6: 3.2611867297994945, 9: 3.3624260013526874, 0: 3.4253762102797807, 2: 2.9813239559702933, 4: 3.346324650995073, 3: 2.9818959618356504, 5: 3.3479938414229866, 1: 3.3419180958965446, 8: 3.119071679107026, 7: 3.2601781938397347}
2024-05-21 21:04:40 - INFO     - 0.9333333333333333, 0.9111111111111111, 0.8851851851851852, 0.8851851851851852, 0.8629629629629629, 0.8925925925925926, 0.9, 0.9185185185185185, 0.9333333333333333, 0.9037037037037037
2024-05-21 21:04:40 - WARNING  - Epoch: 799, Sum of Accs: 9.026, Sum of s_i: 32.427695320499275
2024-05-21 21:04:44 - INFO     - {6: 3.2620940130508362, 9: 3.3634610159504295, 0: 3.426490615574602, 2: 2.9818839881264334, 4: 3.3473414408029627, 3: 2.982457802459737, 5: 3.3490138397845604, 1: 3.3429311765545755, 8: 3.11980581578762, 7: 3.2610893262033396}
2024-05-21 21:04:44 - INFO     - 0.9333333333333333, 0.9111111111111111, 0.8851851851851852, 0.8851851851851852, 0.8629629629629629, 0.8925925925925926, 0.9, 0.9185185185185185, 0.9333333333333333, 0.9037037037037037
2024-05-21 21:04:44 - WARNING  - Epoch: 800, Sum of Accs: 9.026, Sum of s_i: 32.4365690342951
2024-05-21 21:04:49 - INFO     - {6: 3.262999942968993, 9: 3.364494539101284, 0: 3.427603668164389, 2: 2.9824429632458873, 4: 3.348356878440698, 3: 2.9830185860471374, 5: 3.3500319903427003, 1: 3.343942254247061, 8: 3.1205383600651357, 7: 3.2619988509964344}
2024-05-21 21:04:49 - INFO     - 0.9333333333333333, 0.9111111111111111, 0.8851851851851852, 0.8851851851851852, 0.8629629629629629, 0.8925925925925926, 0.9, 0.9185185185185185, 0.9333333333333333, 0.9037037037037037
2024-05-21 21:04:49 - WARNING  - Epoch: 801, Sum of Accs: 9.026, Sum of s_i: 32.44542803361972
2024-05-21 21:04:53 - INFO     - {6: 3.2639045226841334, 9: 3.3655268501628255, 0: 3.428715666219509, 2: 2.983000588162325, 4: 3.3493709669926717, 3: 2.9835780194315222, 5: 3.3510487923834713, 1: 3.3449519837290973, 8: 3.1212697954898134, 7: 3.262907026703768}
2024-05-21 21:04:53 - INFO     - 0.9333333333333333, 0.9111111111111111, 0.8851851851851852, 0.8851851851851852, 0.8629629629629629, 0.8925925925925926, 0.9, 0.9185185185185185, 0.9333333333333333, 0.9037037037037037
2024-05-21 21:04:53 - WARNING  - Epoch: 802, Sum of Accs: 9.026, Sum of s_i: 32.45427421195914
2024-05-21 21:04:57 - INFO     - {6: 3.264807755032893, 9: 3.3665576763357503, 0: 3.4298260224481183, 2: 2.983556865712382, 4: 3.350383963134705, 3: 2.9841361054495255, 5: 3.352064248831299, 1: 3.3459603679241483, 8: 3.121999645657017, 7: 3.26381440446129}
2024-05-21 21:04:57 - INFO     - 0.9333333333333333, 0.9111111111111111, 0.8851851851851852, 0.8851851851851852, 0.8629629629629629, 0.8925925925925926, 0.9, 0.9185185185185185, 0.9333333333333333, 0.9037037037037037
2024-05-21 21:04:57 - WARNING  - Epoch: 803, Sum of Accs: 9.026, Sum of s_i: 32.46310705498713
2024-05-21 21:05:02 - INFO     - {6: 3.265709642925516, 9: 3.3675872955747743, 0: 3.4309353286807207, 2: 2.984111798806303, 4: 3.3513953622198707, 3: 2.984692847011393, 5: 3.3530791481306537, 1: 3.34696834951996, 8: 3.1227289386757473, 7: 3.2647198907018153}
2024-05-21 21:05:02 - INFO     - 0.9333333333333333, 0.9111111111111111, 0.8851851851851852, 0.8851851851851852, 0.8629629629629629, 0.8925925925925926, 0.9, 0.9185185185185185, 0.9333333333333333, 0.9037037037037037
2024-05-21 21:05:02 - WARNING  - Epoch: 804, Sum of Accs: 9.026, Sum of s_i: 32.471928602246756
2024-05-21 21:05:06 - INFO     - {6: 3.266610188957322, 9: 3.3686155729529808, 0: 3.43204299977239, 2: 2.984665390039406, 4: 3.3524054206613685, 3: 2.985248246712443, 5: 3.3540921597254796, 1: 3.3479744434112435, 8: 3.123456343989949, 7: 3.265624036298673}
2024-05-21 21:05:06 - INFO     - 0.9333333333333333, 0.9111111111111111, 0.8851851851851852, 0.8851851851851852, 0.8629629629629629, 0.8925925925925926, 0.9, 0.9185185185185185, 0.9333333333333333, 0.9037037037037037
2024-05-21 21:05:06 - WARNING  - Epoch: 805, Sum of Accs: 9.026, Sum of s_i: 32.480734802521255
2024-05-21 21:05:10 - INFO     - {6: 3.267509396335095, 9: 3.3696425116771542, 0: 3.4331496254901417, 2: 2.985217642618476, 4: 3.353414686292544, 3: 2.9858023077594598, 5: 3.355103596298778, 1: 3.3489797444922047, 8: 3.124182956493829, 7: 3.266526190186462}
2024-05-21 21:05:10 - INFO     - 0.9333333333333333, 0.9111111111111111, 0.8851851851851852, 0.8851851851851852, 0.8629629629629629, 0.8925925925925926, 0.9, 0.9185185185185185, 0.9333333333333333, 0.9037037037037037
2024-05-21 21:05:10 - WARNING  - Epoch: 806, Sum of Accs: 9.026, Sum of s_i: 32.48952865764415
2024-05-21 21:05:15 - INFO     - {6: 3.2684072678043896, 9: 3.370667978142552, 0: 3.434254623233372, 2: 2.985768559289068, 4: 3.3544223239491986, 3: 2.986355032897998, 5: 3.3561141871087607, 1: 3.349982775878736, 8: 3.1249079410231873, 7: 3.2674272732785674}
2024-05-21 21:05:15 - INFO     - 0.9333333333333333, 0.9111111111111111, 0.8851851851851852, 0.8851851851851852, 0.8629629629629629, 0.8925925925925926, 0.9, 0.9185185185185185, 0.9333333333333333, 0.9037037037037037
2024-05-21 21:05:15 - WARNING  - Epoch: 807, Sum of Accs: 9.026, Sum of s_i: 32.498307962605836
2024-05-21 21:05:19 - INFO     - {6: 3.2693038064409525, 9: 3.3716921120658685, 0: 3.435358288737647, 2: 2.9863178516546616, 4: 3.3554286293668976, 3: 2.986906133731538, 5: 3.357122958582262, 1: 3.350985116746221, 8: 3.1256308011357117, 7: 3.2683271787541}
2024-05-21 21:05:19 - INFO     - 0.9333333333333333, 0.9111111111111111, 0.8851851851851852, 0.8851851851851852, 0.8629629629629629, 0.8925925925925926, 0.9, 0.9185185185185185, 0.9333333333333333, 0.9037037037037037
2024-05-21 21:05:19 - WARNING  - Epoch: 808, Sum of Accs: 9.026, Sum of s_i: 32.507072877215855
2024-05-21 21:05:23 - INFO     - {6: 3.270199015291201, 9: 3.3727149164925714, 0: 3.4364606250474528, 2: 2.9868661057062074, 4: 3.3564337607006025, 3: 2.9874561962510304, 5: 3.35813088795882, 1: 3.3519861284192363, 8: 3.1263531242316454, 7: 3.2692262421326896}
2024-05-21 21:05:23 - INFO     - 0.9333333333333333, 0.9111111111111111, 0.8851851851851852, 0.8851851851851852, 0.8629629629629629, 0.8925925925925926, 0.9, 0.9185185185185185, 0.9333333333333333, 0.9037037037037037
2024-05-21 21:05:23 - WARNING  - Epoch: 809, Sum of Accs: 9.026, Sum of s_i: 32.51582700223146
2024-05-21 21:05:28 - INFO     - {6: 3.2710928968507575, 9: 3.3737363939174556, 0: 3.4375616346567304, 2: 2.9874128969859886, 4: 3.357437160516771, 3: 2.988004795998758, 5: 3.3591376454440347, 1: 3.3529855636851904, 8: 3.1270733318182473, 7: 3.270123729104218}
2024-05-21 21:05:28 - INFO     - 0.9333333333333333, 0.9111111111111111, 0.8851851851851852, 0.8851851851851852, 0.8629629629629629, 0.8925925925925926, 0.9, 0.9185185185185185, 0.9333333333333333, 0.9037037037037037
2024-05-21 21:05:28 - WARNING  - Epoch: 810, Sum of Accs: 9.026, Sum of s_i: 32.52456604897816
2024-05-21 21:05:32 - INFO     - {6: 3.271985454260903, 9: 3.3747565474808354, 0: 3.4386614752136886, 2: 2.9879584995974313, 4: 3.3584392372896947, 3: 2.988551668187523, 5: 3.3601426753702865, 1: 3.3539840796053584, 8: 3.127792755463875, 7: 3.271019893032501}
2024-05-21 21:05:32 - INFO     - 0.9333333333333333, 0.9111111111111111, 0.8851851851851852, 0.8851851851851852, 0.8629629629629629, 0.8925925925925926, 0.9, 0.9185185185185185, 0.9333333333333333, 0.9037037037037037
2024-05-21 21:05:32 - WARNING  - Epoch: 811, Sum of Accs: 9.026, Sum of s_i: 32.5332922855021
2024-05-21 21:05:36 - INFO     - {6: 3.2728766903143924, 9: 3.3757753799745776, 0: 3.4397598404914898, 2: 2.988502780852218, 4: 3.3594402424809195, 3: 2.989097468794589, 5: 3.36114663371484, 1: 3.3549804856577086, 8: 3.128511107527804, 7: 3.2719149853790856}
2024-05-21 21:05:36 - INFO     - 0.9333333333333333, 0.9111111111111111, 0.8851851851851852, 0.8851851851851852, 0.8629629629629629, 0.8925925925925926, 0.9, 0.9185185185185185, 0.9333333333333333, 0.9037037037037037
2024-05-21 21:05:36 - WARNING  - Epoch: 812, Sum of Accs: 9.026, Sum of s_i: 32.54200561518762
2024-05-21 21:05:41 - INFO     - {6: 3.273766607814074, 9: 3.37679302882066, 0: 3.44085717633115, 2: 2.9890457435531967, 4: 3.3604396815923177, 3: 2.9896422399635143, 5: 3.362149025979566, 1: 3.3559759602188923, 8: 3.1292284301535926, 7: 3.272807867564505}
2024-05-21 21:05:41 - INFO     - 0.9333333333333333, 0.9111111111111111, 0.8851851851851852, 0.8851851851851852, 0.8629629629629629, 0.8925925925925926, 0.9, 0.9185185185185185, 0.9333333333333333, 0.9037037037037037
2024-05-21 21:05:41 - WARNING  - Epoch: 813, Sum of Accs: 9.026, Sum of s_i: 32.550705761991466
2024-05-21 21:05:45 - INFO     - {6: 3.2746552095999912, 9: 3.377809227618194, 0: 3.4419530621222627, 2: 2.989587256205628, 4: 3.3614378061904513, 3: 2.990185561083892, 5: 3.363149870768718, 1: 3.3569701202668116, 8: 3.1299439016244306, 7: 3.273699846355688}
2024-05-21 21:05:45 - INFO     - 0.9333333333333333, 0.9111111111111111, 0.8851851851851852, 0.8851851851851852, 0.8629629629629629, 0.8925925925925926, 0.9, 0.9185185185185185, 0.9333333333333333, 0.9037037037037037
2024-05-21 21:05:45 - WARNING  - Epoch: 814, Sum of Accs: 9.026, Sum of s_i: 32.55939186183607
2024-05-21 21:05:50 - INFO     - {6: 3.2755424986381305, 9: 3.3788241139522652, 0: 3.443047635449912, 2: 2.990127456394596, 4: 3.362434619176552, 3: 2.9907275697408067, 5: 3.3641500371631197, 1: 3.357962968702698, 8: 3.130658461738208, 7: 3.2745907464971484}
2024-05-21 21:05:50 - INFO     - 0.9333333333333333, 0.9111111111111111, 0.8851851851851852, 0.8851851851851852, 0.8629629629629629, 0.8925925925925926, 0.9, 0.9185185185185185, 0.9333333333333333, 0.9037037037037037
2024-05-21 21:05:50 - WARNING  - Epoch: 815, Sum of Accs: 9.026, Sum of s_i: 32.56806610745344
2024-05-21 21:05:54 - INFO     - {6: 3.2764284775585644, 9: 3.3798378242190994, 0: 3.444140745901884, 2: 2.9906661937078862, 4: 3.3634303695419474, 3: 2.9912681155220433, 5: 3.3651487406818434, 1: 3.358954754517879, 8: 3.1313715589763076, 7: 3.2754805840179033}
2024-05-21 21:05:54 - INFO     - 0.9333333333333333, 0.9111111111111111, 0.8851851851851852, 0.8851851851851852, 0.8629629629629629, 0.8925925925925926, 0.9, 0.9185185185185185, 0.9333333333333333, 0.9037037037037037
2024-05-21 21:05:54 - WARNING  - Epoch: 816, Sum of Accs: 9.026, Sum of s_i: 32.57672736464536
2024-05-21 21:05:58 - INFO     - {6: 3.277313149158312, 9: 3.3808500936808357, 0: 3.445232549630749, 2: 2.9912037770245195, 4: 3.3644248131842365, 3: 2.9918073545801738, 5: 3.366146137477461, 1: 3.359945233609954, 8: 3.132082572517274, 7: 3.276369114815552}
2024-05-21 21:05:58 - INFO     - 0.9333333333333333, 0.9111111111111111, 0.8851851851851852, 0.8851851851851852, 0.8629629629629629, 0.8925925925925926, 0.9, 0.9185185185185185, 0.9333333333333333, 0.9037037037037037
2024-05-21 21:05:58 - WARNING  - Epoch: 817, Sum of Accs: 9.026, Sum of s_i: 32.585374795679066
2024-05-21 21:06:03 - INFO     - {6: 3.27819651635621, 9: 3.3818611922251343, 0: 3.4463230495132287, 2: 2.991740189423715, 4: 3.3654179529801396, 3: 2.9923452897919183, 5: 3.3671422304266927, 1: 3.3609344088556425, 8: 3.1327930591858815, 7: 3.2772563417668152}
2024-05-21 21:06:03 - INFO     - 0.9333333333333333, 0.9074074074074074, 0.8851851851851852, 0.8851851851851852, 0.8629629629629629, 0.8925925925925926, 0.9, 0.9185185185185185, 0.9333333333333333, 0.9037037037037037
2024-05-21 21:06:03 - WARNING  - Epoch: 818, Sum of Accs: 9.022, Sum of s_i: 32.59401023052538
2024-05-21 21:06:07 - INFO     - {6: 3.279078581790587, 9: 3.382870989005912, 0: 3.4474125332875842, 2: 2.992275300059389, 4: 3.3664100766679192, 3: 2.992882208895539, 5: 3.3681373072678005, 1: 3.361922567993208, 8: 3.133502529746365, 7: 3.2781413868037452}
2024-05-21 21:06:07 - INFO     - 0.9333333333333333, 0.9074074074074074, 0.8851851851851852, 0.8851851851851852, 0.8629629629629629, 0.8962962962962963, 0.9, 0.9185185185185185, 0.9333333333333333, 0.9037037037037037
2024-05-21 21:06:07 - WARNING  - Epoch: 819, Sum of Accs: 9.026, Sum of s_i: 32.60263348151805
2024-05-21 21:06:11 - INFO     - {6: 3.2799593481238376, 9: 3.383879486685563, 0: 3.4485004334514766, 2: 2.992809111593937, 4: 3.3674009012545723, 3: 2.9934178288980333, 5: 3.369130800498445, 1: 3.36290914352031, 8: 3.1342107012057223, 7: 3.279025135367673}
2024-05-21 21:06:11 - INFO     - 0.9333333333333333, 0.9074074074074074, 0.8851851851851852, 0.8851851851851852, 0.8629629629629629, 0.8962962962962963, 0.9, 0.9185185185185185, 0.9333333333333333, 0.9037037037037037
2024-05-21 21:06:11 - WARNING  - Epoch: 820, Sum of Accs: 9.026, Sum of s_i: 32.61124289059957
2024-05-21 21:06:16 - INFO     - {6: 3.2808388182636694, 9: 3.3848865558090067, 0: 3.4495870380122167, 2: 2.9933414945722774, 4: 3.3683901457287364, 3: 2.99395202034432, 5: 3.3701229981259373, 1: 3.363893801332777, 8: 3.1349166704411076, 7: 3.2799086185534785}
2024-05-21 21:06:16 - INFO     - 0.9333333333333333, 0.9074074074074074, 0.8851851851851852, 0.8851851851851852, 0.8629629629629629, 0.8962962962962963, 0.9, 0.9185185185185185, 0.9333333333333333, 0.9037037037037037
2024-05-21 21:06:16 - WARNING  - Epoch: 821, Sum of Accs: 9.026, Sum of s_i: 32.61983816118352
2024-05-21 21:06:20 - INFO     - {6: 3.281716995157701, 9: 3.3858923319648473, 0: 3.4506725011616357, 2: 2.993872270078818, 4: 3.369377854471063, 3: 2.9944846043188074, 5: 3.3711136600215923, 1: 3.364877545524889, 8: 3.1356221203766546, 7: 3.2807908087716813}
2024-05-21 21:06:20 - INFO     - 0.9333333333333333, 0.9074074074074074, 0.8851851851851852, 0.8851851851851852, 0.8629629629629629, 0.8962962962962963, 0.9, 0.9185185185185185, 0.9333333333333333, 0.9037037037037037
2024-05-21 21:06:20 - WARNING  - Epoch: 822, Sum of Accs: 9.026, Sum of s_i: 32.62842069184769
2024-05-21 21:06:24 - INFO     - {6: 3.2825938815385514, 9: 3.3868968178848484, 0: 3.451756523098568, 2: 2.994401918877069, 4: 3.370364516321419, 3: 2.9950160615850048, 5: 3.372103275025277, 1: 3.365860242825031, 8: 3.136326129099715, 7: 3.2816715577773974}
2024-05-21 21:06:24 - INFO     - 0.9333333333333333, 0.9074074074074074, 0.8851851851851852, 0.8851851851851852, 0.8629629629629629, 0.8962962962962963, 0.9, 0.9185185185185185, 0.9333333333333333, 0.9037037037037037
2024-05-21 21:06:24 - WARNING  - Epoch: 823, Sum of Accs: 9.026, Sum of s_i: 32.63699092403289
2024-05-21 21:06:28 - INFO     - {6: 3.283469480068167, 9: 3.387900147760865, 0: 3.452839257729523, 2: 2.9949302803693425, 4: 3.371349648889981, 3: 2.9955465137838644, 5: 3.373091602722984, 1: 3.366841652819195, 8: 3.137028608540981, 7: 3.282551019477136}
2024-05-21 21:06:28 - INFO     - 0.9333333333333333, 0.9074074074074074, 0.8851851851851852, 0.8851851851851852, 0.8629629629629629, 0.8962962962962963, 0.9, 0.9185185185185185, 0.9333333333333333, 0.9037037037037037
2024-05-21 21:06:28 - WARNING  - Epoch: 824, Sum of Accs: 9.026, Sum of s_i: 32.64554821216204
2024-05-21 21:06:33 - INFO     - {6: 3.2843437935011957, 9: 3.388902192540294, 0: 3.4539209895025302, 2: 2.9954571949585005, 4: 3.372333497445108, 3: 2.9960756808861366, 5: 3.3740784044314394, 1: 3.3678211616610185, 8: 3.1377295768929376, 7: 3.2834283278636467}
2024-05-21 21:06:33 - INFO     - 0.9333333333333333, 0.9074074074074074, 0.8851851851851852, 0.8851851851851852, 0.8629629629629629, 0.8962962962962963, 0.9, 0.9185185185185185, 0.9333333333333333, 0.9037037037037037
2024-05-21 21:06:33 - WARNING  - Epoch: 825, Sum of Accs: 9.026, Sum of s_i: 32.65409081968281
2024-05-21 21:06:37 - INFO     - {6: 3.2852168248484355, 9: 3.389902955233934, 0: 3.455001439189749, 2: 2.9959832715070376, 4: 3.3733165870457507, 3: 2.9966035659026202, 5: 3.37506444718541, 1: 3.368800286711447, 8: 3.138430013366284, 7: 3.284305504619649}
2024-05-21 21:06:37 - INFO     - 0.9333333333333333, 0.9074074074074074, 0.8851851851851852, 0.8851851851851852, 0.8629629629629629, 0.8962962962962963, 0.9, 0.9185185185185185, 0.9333333333333333, 0.9037037037037037
2024-05-21 21:06:37 - WARNING  - Epoch: 826, Sum of Accs: 9.026, Sum of s_i: 32.66262489561032
2024-05-21 21:06:42 - INFO     - {6: 3.2860885761938348, 9: 3.390902437925734, 0: 3.456080328321325, 2: 2.996508068053734, 4: 3.374298116090751, 3: 2.9971301709172633, 5: 3.3760489293837384, 1: 3.369777237183, 8: 3.1391281288461323, 7: 3.285181120820009}
2024-05-21 21:06:42 - INFO     - 0.9333333333333333, 0.9074074074074074, 0.8851851851851852, 0.8851851851851852, 0.8629629629629629, 0.8962962962962963, 0.9, 0.9185185185185185, 0.9333333333333333, 0.9037037037037037
2024-05-21 21:06:42 - WARNING  - Epoch: 827, Sum of Accs: 9.026, Sum of s_i: 32.67114311373552
2024-05-21 21:06:46 - INFO     - {6: 3.2869590507160265, 9: 3.3919005133610827, 0: 3.457158090750252, 2: 2.997031146330894, 4: 3.3752781290571225, 3: 2.997654979299476, 5: 3.3770316700813967, 1: 3.3707532855991573, 8: 3.139825488685208, 7: 3.2860552993046337}
2024-05-21 21:06:46 - INFO     - 0.9333333333333333, 0.9074074074074074, 0.8851851851851852, 0.8851851851851852, 0.8629629629629629, 0.8962962962962963, 0.9, 0.9185185185185185, 0.9333333333333333, 0.9037037037037037
2024-05-21 21:06:46 - WARNING  - Epoch: 828, Sum of Accs: 9.026, Sum of s_i: 32.67964765318525
2024-05-21 21:06:50 - INFO     - {6: 3.287828251262141, 9: 3.3928974452535976, 0: 3.4582344301970145, 2: 2.9975529514826316, 4: 3.3762568691375856, 3: 2.9981785929191602, 5: 3.378013363315188, 1: 3.371728061129406, 8: 3.140521653761755, 7: 3.2869275045727737}
2024-05-21 21:06:50 - INFO     - 0.9333333333333333, 0.9074074074074074, 0.8851851851851852, 0.8851851851851852, 0.8629629629629629, 0.8962962962962963, 0.9, 0.9185185185185185, 0.9333333333333333, 0.9037037037037037
2024-05-21 21:06:50 - WARNING  - Epoch: 829, Sum of Accs: 9.026, Sum of s_i: 32.688139123031256
2024-05-21 21:06:55 - INFO     - {6: 3.2886961805836123, 9: 3.393892976031817, 0: 3.4593097778584645, 2: 2.9980739260054, 4: 3.377234726822807, 3: 2.998701246020223, 5: 3.3789941741537377, 1: 3.372701954264413, 8: 3.1412168583196807, 7: 3.287798440682825}
2024-05-21 21:06:55 - INFO     - 0.9333333333333333, 0.9074074074074074, 0.8851851851851852, 0.8851851851851852, 0.8629629629629629, 0.8962962962962963, 0.9, 0.9185185185185185, 0.9333333333333333, 0.9037037037037037
2024-05-21 21:06:55 - WARNING  - Epoch: 830, Sum of Accs: 9.026, Sum of s_i: 32.69662026074298
2024-05-21 21:06:59 - INFO     - {6: 3.2895628410180806, 9: 3.3948872381936486, 0: 3.4603838566329115, 2: 2.9985936316411657, 4: 3.3782113158916407, 3: 2.999222630504898, 5: 3.3799737163759, 1: 3.3736745787830325, 8: 3.1419107942612188, 7: 3.2886691169070184}
2024-05-21 21:06:59 - INFO     - 0.9333333333333333, 0.9074074074074074, 0.8851851851851852, 0.8851851851851852, 0.8629629629629629, 0.8962962962962963, 0.9, 0.9185185185185185, 0.9333333333333333, 0.9037037037037037
2024-05-21 21:06:59 - WARNING  - Epoch: 831, Sum of Accs: 9.026, Sum of s_i: 32.705089720209514
2024-05-21 21:07:03 - INFO     - {6: 3.2904282351008094, 9: 3.3958802342735592, 0: 3.461456391294813, 2: 2.9991120709251917, 4: 3.379186252705116, 3: 2.9997428782568707, 5: 3.380951382921321, 1: 3.3746453276249104, 8: 3.1426035934700542, 7: 3.2895385270492907}
2024-05-21 21:07:03 - INFO     - 0.9333333333333333, 0.9074074074074074, 0.8851851851851852, 0.8851851851851852, 0.8629629629629629, 0.8962962962962963, 0.9, 0.9185185185185185, 0.9333333333333333, 0.9037037037037037
2024-05-21 21:07:03 - WARNING  - Epoch: 832, Sum of Accs: 9.026, Sum of s_i: 32.713544893621936
2024-05-21 21:07:08 - INFO     - {6: 3.2912923657526694, 9: 3.3968720962718195, 0: 3.4625276630562, 2: 2.999629246778349, 4: 3.3801601643799266, 3: 3.0002618625779744, 5: 3.38192824774946, 1: 3.3756152747495065, 8: 3.143294852017569, 7: 3.290406803109913}
2024-05-21 21:07:08 - INFO     - 0.9333333333333333, 0.9074074074074074, 0.8851851851851852, 0.8851851851851852, 0.8629629629629629, 0.8962962962962963, 0.9, 0.9185185185185185, 0.9333333333333333, 0.9037037037037037
2024-05-21 21:07:08 - WARNING  - Epoch: 833, Sum of Accs: 9.026, Sum of s_i: 32.72198857644339
2024-05-21 21:07:12 - INFO     - {6: 3.29215523547254, 9: 3.3978625685259667, 0: 3.4635976744529113, 2: 3.0001451616995167, 4: 3.3811329635410763, 3: 3.0007789274043843, 5: 3.3829038522129236, 1: 3.3765833568563535, 8: 3.143984245547334, 7: 3.2912736894264225}
2024-05-21 21:07:12 - INFO     - 0.9333333333333333, 0.9074074074074074, 0.8851851851851852, 0.8851851851851852, 0.8629629629629629, 0.8962962962962963, 0.9, 0.9185185185185185, 0.9333333333333333, 0.9037037037037037
2024-05-21 21:07:12 - WARNING  - Epoch: 834, Sum of Accs: 9.026, Sum of s_i: 32.73041767513943
2024-05-21 21:07:17 - INFO     - {6: 3.2930168472169683, 9: 3.3988519116167955, 0: 3.4646667045373185, 2: 3.0006598186452424, 4: 3.3821046335389076, 3: 3.0012953928180566, 5: 3.383877741038595, 1: 3.3775510623039704, 8: 3.1446732624178693, 7: 3.2921394465796134}
2024-05-21 21:07:17 - INFO     - 0.937037037037037, 0.9111111111111111, 0.9, 0.9, 0.8777777777777778, 0.9037037037037037, 0.9, 0.9222222222222223, 0.9296296296296296, 0.9074074074074074
2024-05-21 21:07:17 - WARNING  - Epoch: 835, Sum of Accs: 9.089, Sum of s_i: 32.73883682071334
2024-05-21 21:07:21 - INFO     - {6: 3.293877203247285, 9: 3.3998398707152027, 0: 3.465734350629304, 2: 3.0011730915985466, 4: 3.383074919544317, 3: 3.0018104742393072, 5: 3.3848509801973328, 1: 3.3785173837591653, 8: 3.145360895295983, 7: 3.293003819740383}
2024-05-21 21:07:21 - INFO     - 0.9259259259259259, 0.9111111111111111, 0.8888888888888888, 0.8888888888888888, 0.8703703703703703, 0.8962962962962963, 0.8962962962962963, 0.9185185185185185, 0.9296296296296296, 0.8962962962962963
2024-05-21 21:07:21 - WARNING  - Epoch: 836, Sum of Accs: 9.022, Sum of s_i: 32.747242988966825
2024-05-21 21:07:26 - INFO     - {6: 3.2947363062720347, 9: 3.4008267050863528, 0: 3.46680059694589, 2: 3.0016848059206978, 4: 3.384043570684721, 3: 3.0023241558851583, 5: 3.3858225844910654, 1: 3.379482305438961, 8: 3.146047128398697, 7: 3.293865946573809}
2024-05-21 21:07:26 - INFO     - 0.9222222222222223, 0.9111111111111111, 0.8888888888888888, 0.8888888888888888, 0.8703703703703703, 0.9, 0.8962962962962963, 0.9111111111111111, 0.9296296296296296, 0.8925925925925926
2024-05-21 21:07:26 - WARNING  - Epoch: 837, Sum of Accs: 9.011, Sum of s_i: 32.75563410569739
2024-05-21 21:07:30 - INFO     - {6: 3.2955941593044042, 9: 3.4018121617173547, 0: 3.467865593830435, 2: 3.002195429666561, 4: 3.3850109728859255, 3: 3.002836353502204, 5: 3.3867931744423623, 1: 3.380445599065253, 8: 3.146731877472605, 7: 3.294727435930373}
2024-05-21 21:07:30 - INFO     - 0.9185185185185185, 0.9111111111111111, 0.8851851851851852, 0.8888888888888888, 0.8703703703703703, 0.9, 0.8962962962962963, 0.9111111111111111, 0.9296296296296296, 0.8925925925925926
2024-05-21 21:07:30 - WARNING  - Epoch: 838, Sum of Accs: 9.004, Sum of s_i: 32.76401275781748
2024-05-21 21:07:35 - INFO     - {6: 3.2964507649677666, 9: 3.402796371243372, 0: 3.4689294903500305, 2: 3.0027050805312205, 4: 3.385977509318945, 3: 3.0033476853510646, 5: 3.38776266402871, 1: 3.3814074262251976, 8: 3.147415760778329, 7: 3.295587069986374}
2024-05-21 21:07:35 - INFO     - 0.9222222222222223, 0.9111111111111111, 0.8851851851851852, 0.8888888888888888, 0.8703703703703703, 0.9, 0.8962962962962963, 0.9111111111111111, 0.9296296296296296, 0.8925925925925926
2024-05-21 21:07:35 - WARNING  - Epoch: 839, Sum of Accs: 9.007, Sum of s_i: 32.77237982278101
2024-05-21 21:07:39 - INFO     - {6: 3.2973061257509015, 9: 3.4037794633729073, 0: 3.469992269473144, 2: 3.003213055038618, 4: 3.386942421340892, 3: 3.0038573927888526, 5: 3.388730604741541, 1: 3.3823683736969303, 8: 3.1480980952105355, 7: 3.2964460691636805}
2024-05-21 21:07:39 - INFO     - 0.9222222222222223, 0.9111111111111111, 0.8851851851851852, 0.8851851851851852, 0.8703703703703703, 0.9, 0.8962962962962963, 0.9111111111111111, 0.9296296296296296, 0.9
2024-05-21 21:07:39 - WARNING  - Epoch: 840, Sum of Accs: 9.011, Sum of s_i: 32.780733870578004
2024-05-21 21:07:43 - INFO     - {6: 3.2981602443513234, 9: 3.404761186361665, 0: 3.4710535335398247, 2: 3.003720218840337, 4: 3.3879064712366516, 3: 3.0043662381004532, 5: 3.389697734748694, 1: 3.3833285860005406, 8: 3.1487786077204656, 7: 3.297304333172865}
2024-05-21 21:07:43 - INFO     - 0.9148148148148149, 0.9111111111111111, 0.8851851851851852, 0.8851851851851852, 0.8740740740740741, 0.9, 0.8962962962962963, 0.9148148148148149, 0.9296296296296296, 0.9
2024-05-21 21:07:43 - WARNING  - Epoch: 841, Sum of Accs: 9.011, Sum of s_i: 32.78907715407282
2024-05-21 21:07:48 - INFO     - {6: 3.2990131231276596, 9: 3.4057416697880254, 0: 3.4721138306561397, 2: 3.004225712992794, 4: 3.388868978441214, 3: 3.0048734656439167, 5: 3.3906629770839474, 1: 3.3842869106322517, 8: 3.149457882813149, 7: 3.298160927532787}
2024-05-21 21:07:48 - INFO     - 0.9148148148148149, 0.9111111111111111, 0.8851851851851852, 0.8851851851851852, 0.8740740740740741, 0.9, 0.8962962962962963, 0.9148148148148149, 0.9296296296296296, 0.9
2024-05-21 21:07:48 - WARNING  - Epoch: 842, Sum of Accs: 9.011, Sum of s_i: 32.79740547871189
2024-05-21 21:07:52 - INFO     - {6: 3.2998647650576975, 9: 3.4067209166289043, 0: 3.4731727644905965, 2: 3.0047304001241293, 4: 3.389830552189095, 3: 3.0053799612431984, 5: 3.3916275039851564, 1: 3.3852445198299184, 8: 3.150136803433734, 7: 3.2990165884360274}
2024-05-21 21:07:52 - INFO     - 0.9148148148148149, 0.9111111111111111, 0.8851851851851852, 0.8851851851851852, 0.8740740740740741, 0.9, 0.8962962962962963, 0.9148148148148149, 0.9296296296296296, 0.9
2024-05-21 21:07:52 - WARNING  - Epoch: 843, Sum of Accs: 9.011, Sum of s_i: 32.80572477541846
2024-05-21 21:07:57 - INFO     - {6: 3.3007151722345096, 9: 3.4076990551521167, 0: 3.4742303187146617, 2: 3.0052338525022386, 4: 3.3907910176193097, 3: 3.0058849507965286, 5: 3.3925909225686994, 1: 3.386200157583401, 8: 3.1508143444439276, 7: 3.299871141021602}
2024-05-21 21:07:57 - INFO     - 0.9148148148148149, 0.9111111111111111, 0.8851851851851852, 0.8851851851851852, 0.8777777777777778, 0.9, 0.8962962962962963, 0.9148148148148149, 0.9296296296296296, 0.9037037037037037
2024-05-21 21:07:57 - WARNING  - Epoch: 844, Sum of Accs: 9.019, Sum of s_i: 32.814030932636996
2024-05-21 21:08:01 - INFO     - {6: 3.3015643473577554, 9: 3.4086758357056572, 0: 3.475286912177886, 2: 3.0057356454327557, 4: 3.3917497492105686, 3: 3.0063884778036285, 5: 3.3935529831825706, 1: 3.387154999015809, 8: 3.151490422907891, 7: 3.3007240341595843}
2024-05-21 21:08:01 - INFO     - 0.9185185185185185, 0.9111111111111111, 0.8851851851851852, 0.8851851851851852, 0.8777777777777778, 0.9, 0.8962962962962963, 0.9148148148148149, 0.9296296296296296, 0.9037037037037037
2024-05-21 21:08:01 - WARNING  - Epoch: 845, Sum of Accs: 9.022, Sum of s_i: 32.822323406954105
2024-05-21 21:08:06 - INFO     - {6: 3.302412293203429, 9: 3.4096515128977316, 0: 3.476342276363539, 2: 3.0062366364797266, 4: 3.392707753309645, 3: 3.0068912773185463, 5: 3.3945139404349756, 1: 3.388109038564671, 8: 3.1521657738796716, 7: 3.301575024455394}
2024-05-21 21:08:06 - INFO     - 0.9185185185185185, 0.9111111111111111, 0.8851851851851852, 0.8851851851851852, 0.8777777777777778, 0.9, 0.8962962962962963, 0.9185185185185185, 0.9296296296296296, 0.9037037037037037
2024-05-21 21:08:06 - WARNING  - Epoch: 846, Sum of Accs: 9.026, Sum of s_i: 32.830605526907334
2024-05-21 21:08:10 - INFO     - {6: 3.303259012050219, 9: 3.410625837691092, 0: 3.4773964135503084, 2: 3.006736275127984, 4: 3.3936641046245137, 3: 3.0073927244347503, 5: 3.3954735452886666, 1: 3.3890617257148192, 8: 3.1528397724527384, 7: 3.3024257633111165}
2024-05-21 21:08:10 - INFO     - 0.9185185185185185, 0.9111111111111111, 0.8851851851851852, 0.8851851851851852, 0.8740740740740741, 0.9, 0.8925925925925926, 0.9185185185185185, 0.9296296296296296, 0.9037037037037037
2024-05-21 21:08:10 - WARNING  - Epoch: 847, Sum of Accs: 9.019, Sum of s_i: 32.838875174246205
2024-05-21 21:08:15 - INFO     - {6: 3.304104506486926, 9: 3.4115989383313647, 0: 3.4784492011841595, 2: 3.0072343898000073, 4: 3.3946195321717885, 3: 3.0078929473978664, 5: 3.39643192598927, 1: 3.3900131887118796, 8: 3.1535125468727174, 7: 3.303275278013751}
2024-05-21 21:08:15 - INFO     - 0.9185185185185185, 0.9148148148148149, 0.8851851851851852, 0.8851851851851852, 0.8740740740740741, 0.9, 0.8925925925925926, 0.9185185185185185, 0.9296296296296296, 0.9037037037037037
2024-05-21 21:08:15 - WARNING  - Epoch: 848, Sum of Accs: 9.022, Sum of s_i: 32.847132454959734
2024-05-21 21:08:19 - INFO     - {6: 3.3049487790826872, 9: 3.4125708173869116, 0: 3.4795006234803854, 2: 3.007731283450721, 4: 3.3955735943814385, 3: 3.0083918050233573, 5: 3.3973887858454175, 1: 3.390963430124214, 8: 3.15418409970797, 7: 3.304122602241726}
2024-05-21 21:08:19 - INFO     - 0.9185185185185185, 0.9111111111111111, 0.8851851851851852, 0.8851851851851852, 0.8740740740740741, 0.9, 0.8925925925925926, 0.9185185185185185, 0.9296296296296296, 0.9037037037037037
2024-05-21 21:08:19 - WARNING  - Epoch: 849, Sum of Accs: 9.019, Sum of s_i: 32.855375820724824
2024-05-21 21:08:23 - INFO     - {6: 3.3057918326316, 9: 3.413541602282225, 0: 3.4805510953692766, 2: 3.0082269587923163, 4: 3.3965262827751395, 3: 3.0088892888328993, 5: 3.398344139803535, 1: 3.3919121539677004, 8: 3.154854134974375, 7: 3.3049693777907865}
2024-05-21 21:08:23 - INFO     - 0.9185185185185185, 0.9111111111111111, 0.8851851851851852, 0.8851851851851852, 0.8740740740740741, 0.9, 0.8925925925925926, 0.9185185185185185, 0.9296296296296296, 0.9037037037037037
2024-05-21 21:08:23 - WARNING  - Epoch: 850, Sum of Accs: 9.019, Sum of s_i: 32.86360686721985
2024-05-21 21:08:28 - INFO     - {6: 3.306633669687656, 9: 3.4145110463080903, 0: 3.481600083168404, 2: 3.008721573452762, 4: 3.397477910487691, 3: 3.0093857119612917, 5: 3.3992987206694143, 1: 3.3928598171300375, 8: 3.1555231095596303, 7: 3.3058150926586976}
2024-05-21 21:08:28 - INFO     - 0.9185185185185185, 0.9111111111111111, 0.8851851851851852, 0.8851851851851852, 0.8740740740740741, 0.9, 0.8925925925925926, 0.9185185185185185, 0.9296296296296296, 0.9037037037037037
2024-05-21 21:08:28 - WARNING  - Epoch: 851, Sum of Accs: 9.019, Sum of s_i: 32.87182673508368
2024-05-21 21:08:32 - INFO     - {6: 3.307474292632515, 9: 3.4154792764766526, 0: 3.4826480003305447, 2: 3.0092151174762214, 4: 3.3984284675632552, 3: 3.0098810644526974, 5: 3.400252230898307, 1: 3.3938064096553875, 8: 3.1561901490916866, 7: 3.3066588724734096}
2024-05-21 21:08:32 - INFO     - 0.9185185185185185, 0.9111111111111111, 0.8851851851851852, 0.8851851851851852, 0.8740740740740741, 0.9, 0.8925925925925926, 0.9148148148148149, 0.9296296296296296, 0.9037037037037037
2024-05-21 21:08:32 - WARNING  - Epoch: 852, Sum of Accs: 9.015, Sum of s_i: 32.88003388105068
2024-05-21 21:08:37 - INFO     - {6: 3.3083137040719857, 9: 3.416446419262524, 0: 3.483694830109994, 2: 3.009707574116989, 4: 3.39937744356501, 3: 3.0103748358702935, 5: 3.40120394720789, 1: 3.394751421106928, 8: 3.156856965657264, 7: 3.3075019356305244}
2024-05-21 21:08:37 - INFO     - 0.9185185185185185, 0.9111111111111111, 0.8851851851851852, 0.8851851851851852, 0.8740740740740741, 0.9, 0.8925925925925926, 0.9148148148148149, 0.9296296296296296, 0.9037037037037037
2024-05-21 21:08:37 - WARNING  - Epoch: 853, Sum of Accs: 9.015, Sum of s_i: 32.88822907659941
2024-05-21 21:08:41 - INFO     - {6: 3.3091519064941046, 9: 3.4174122294138263, 0: 3.484740184827578, 2: 3.010198401549529, 4: 3.4003252840496554, 3: 3.01086747177078, 5: 3.4021547408458637, 1: 3.395695297041359, 8: 3.157521588942849, 7: 3.3083438632705295}
2024-05-21 21:08:41 - INFO     - 0.9185185185185185, 0.9111111111111111, 0.8851851851851852, 0.8851851851851852, 0.8740740740740741, 0.9, 0.8925925925925926, 0.9148148148148149, 0.9296296296296296, 0.9037037037037037
2024-05-21 21:08:41 - WARNING  - Epoch: 854, Sum of Accs: 9.015, Sum of s_i: 32.89641096820608
2024-05-21 21:08:45 - INFO     - {6: 3.3099889025826355, 9: 3.4183768334831135, 0: 3.4857844758904437, 2: 3.0106883194737133, 4: 3.401272215025945, 3: 3.0113586903707747, 5: 3.4031047483411254, 1: 3.3966375433226594, 8: 3.1581858667918428, 7: 3.309184881402179}
2024-05-21 21:08:45 - INFO     - 0.9185185185185185, 0.9111111111111111, 0.8851851851851852, 0.8851851851851852, 0.8740740740740741, 0.9, 0.8925925925925926, 0.9148148148148149, 0.9296296296296296, 0.9037037037037037
2024-05-21 21:08:45 - WARNING  - Epoch: 855, Sum of Accs: 9.015, Sum of s_i: 32.90458247668443
2024-05-21 21:08:50 - INFO     - {6: 3.310824694586962, 9: 3.4193403568338403, 0: 3.486827421199296, 2: 3.0111767380361063, 4: 3.4022176466404437, 3: 3.0118489174011143, 5: 3.4040528497563676, 1: 3.397579010386943, 8: 3.158848645279045, 7: 3.310024400172037}
2024-05-21 21:08:50 - INFO     - 0.9185185185185185, 0.9111111111111111, 0.8851851851851852, 0.8851851851851852, 0.8740740740740741, 0.9, 0.8925925925925926, 0.9148148148148149, 0.9296296296296296, 0.9037037037037037
2024-05-21 21:08:50 - WARNING  - Epoch: 856, Sum of Accs: 9.015, Sum of s_i: 32.91274068029216
2024-05-21 21:08:54 - INFO     - {6: 3.3116592851832642, 9: 3.4203026787765434, 0: 3.4878691656114573, 2: 3.0116641093095864, 4: 3.4031618058916715, 3: 3.012338097142541, 5: 3.4050001872352813, 1: 3.398519430162314, 8: 3.1595103764773347, 7: 3.3108628716529824}
2024-05-21 21:08:54 - INFO     - 0.9185185185185185, 0.9111111111111111, 0.8851851851851852, 0.8851851851851852, 0.8740740740740741, 0.9, 0.8925925925925926, 0.9148148148148149, 0.9296296296296296, 0.9037037037037037
2024-05-21 21:08:54 - WARNING  - Epoch: 857, Sum of Accs: 9.015, Sum of s_i: 32.920888007442976
2024-05-21 21:08:59 - INFO     - {6: 3.3124926766863245, 9: 3.421263801626004, 0: 3.488909711440266, 2: 3.0121501289273693, 4: 3.404104991633904, 3: 3.0128259252282703, 5: 3.405946173058498, 1: 3.3994584982819878, 8: 3.1601701968021554, 7: 3.3117001445505747}
2024-05-21 21:08:59 - INFO     - 0.9185185185185185, 0.9111111111111111, 0.8851851851851852, 0.8851851851851852, 0.8740740740740741, 0.9, 0.8925925925925926, 0.9185185185185185, 0.9296296296296296, 0.9
2024-05-21 21:08:59 - WARNING  - Epoch: 858, Sum of Accs: 9.015, Sum of s_i: 32.929022248235356
2024-05-21 21:09:03 - INFO     - {6: 3.3133248717324277, 9: 3.4222237280185075, 0: 3.48994906132043, 2: 3.012635105668852, 4: 3.40504675732407, 3: 3.0133127104376993, 5: 3.406891116005414, 1: 3.400396523525361, 8: 3.1608295334684473, 7: 3.312536221499522}
2024-05-21 21:09:03 - INFO     - 0.9185185185185185, 0.9111111111111111, 0.8851851851851852, 0.8851851851851852, 0.8740740740740741, 0.9, 0.8925925925925926, 0.9185185185185185, 0.9296296296296296, 0.9
2024-05-21 21:09:03 - WARNING  - Epoch: 859, Sum of Accs: 9.015, Sum of s_i: 32.93714562900073
2024-05-21 21:09:08 - INFO     - {6: 3.3141558726266616, 9: 3.4231823381403372, 0: 3.490987358435838, 2: 3.0131190296455785, 4: 3.405987694352902, 3: 3.0137984428823725, 5: 3.4078350061875744, 1: 3.4013334960039785, 8: 3.1614878173699834, 7: 3.313370298575022}
2024-05-21 21:09:08 - INFO     - 0.9185185185185185, 0.9111111111111111, 0.8851851851851852, 0.8814814814814815, 0.8740740740740741, 0.9037037037037037, 0.8925925925925926, 0.9185185185185185, 0.9296296296296296, 0.9
2024-05-21 21:09:08 - WARNING  - Epoch: 860, Sum of Accs: 9.015, Sum of s_i: 32.94525735422025
2024-05-21 21:09:12 - INFO     - {6: 3.3149856817875247, 9: 3.4241398786476007, 0: 3.4920243234430393, 2: 3.01360146923907, 4: 3.406927076157692, 3: 3.0142826909438107, 5: 3.4087774119864998, 1: 3.40226939886803, 8: 3.162144546047478, 7: 3.314203767535172}
2024-05-21 21:09:12 - INFO     - 0.9185185185185185, 0.9111111111111111, 0.8851851851851852, 0.8814814814814815, 0.8740740740740741, 0.9037037037037037, 0.8925925925925926, 0.9185185185185185, 0.9296296296296296, 0.9
2024-05-21 21:09:12 - WARNING  - Epoch: 861, Sum of Accs: 9.015, Sum of s_i: 32.953356244655915
2024-05-21 21:09:16 - INFO     - {6: 3.3158143018029844, 9: 3.4250961083842366, 0: 3.4930600998265384, 2: 3.0140828724838875, 4: 3.407865492454615, 3: 3.0147655422912814, 5: 3.409718781436751, 1: 3.4032038506147386, 8: 3.162800309217105, 7: 3.315036270987455}
2024-05-21 21:09:16 - INFO     - 0.9185185185185185, 0.9111111111111111, 0.8851851851851852, 0.8814814814814815, 0.8740740740740741, 0.9037037037037037, 0.8925925925925926, 0.9185185185185185, 0.9296296296296296, 0.9
2024-05-21 21:09:16 - WARNING  - Epoch: 862, Sum of Accs: 9.015, Sum of s_i: 32.96144362949959
2024-05-21 21:09:21 - INFO     - {6: 3.316641735062096, 9: 3.4260512729897483, 0: 3.4940949514256285, 2: 3.0145629376711773, 4: 3.4088025002848603, 3: 3.0152478292196365, 5: 3.4106588128294746, 1: 3.4041369643039197, 8: 3.1634547343292043, 7: 3.315866787196183}
2024-05-21 21:09:21 - INFO     - 0.9185185185185185, 0.9111111111111111, 0.8851851851851852, 0.8814814814814815, 0.8740740740740741, 0.9037037037037037, 0.8925925925925926, 0.9185185185185185, 0.9296296296296296, 0.9
2024-05-21 21:09:21 - WARNING  - Epoch: 863, Sum of Accs: 9.015, Sum of s_i: 32.969518525311926
2024-05-21 21:09:25 - INFO     - {6: 3.3174679840945323, 9: 3.4270051322339996, 0: 3.4951283578292753, 2: 3.015041819451435, 4: 3.4097383951172233, 3: 3.015728449273507, 5: 3.4115978122998736, 1: 3.405069185904959, 8: 3.164107976034271, 7: 3.3166970605027966}
2024-05-21 21:09:25 - INFO     - 0.9185185185185185, 0.9111111111111111, 0.8851851851851852, 0.8814814814814815, 0.8740740740740741, 0.9037037037037037, 0.8925925925925926, 0.9222222222222223, 0.9296296296296296, 0.9
2024-05-21 21:09:25 - WARNING  - Epoch: 864, Sum of Accs: 9.019, Sum of s_i: 32.97758217274187
2024-05-21 21:09:30 - INFO     - {6: 3.31829305124437, 9: 3.4279579307302375, 0: 3.496160582832003, 2: 3.0155199318025696, 4: 3.410673260033375, 3: 3.0162081096054996, 5: 3.412535890856442, 1: 3.4060000862708963, 8: 3.1647601878231266, 7: 3.3175262730613966}
2024-05-21 21:09:30 - INFO     - 0.9185185185185185, 0.9111111111111111, 0.8851851851851852, 0.8814814814814815, 0.8740740740740741, 0.9037037037037037, 0.8962962962962963, 0.9222222222222223, 0.9296296296296296, 0.9
2024-05-21 21:09:30 - WARNING  - Epoch: 865, Sum of Accs: 9.022, Sum of s_i: 32.985635304259915
2024-05-21 21:09:34 - INFO     - {6: 3.319116938744941, 9: 3.4289094289304236, 0: 3.4971917680257674, 2: 3.0159964535510784, 4: 3.411606725067418, 3: 3.0166862333956943, 5: 3.413472669116959, 1: 3.406929656521296, 8: 3.165411359803019, 7: 3.3183538950173705}
2024-05-21 21:09:34 - INFO     - 0.9185185185185185, 0.9111111111111111, 0.8851851851851852, 0.8814814814814815, 0.8740740740740741, 0.9037037037037037, 0.8962962962962963, 0.9222222222222223, 0.9296296296296296, 0.9
2024-05-21 21:09:34 - WARNING  - Epoch: 866, Sum of Accs: 9.022, Sum of s_i: 32.993675128173976
2024-05-21 21:09:38 - INFO     - {6: 3.319939649234875, 9: 3.4298597503627675, 0: 3.4982216373807575, 2: 3.016471949767387, 4: 3.412539014058893, 3: 3.0171635380799495, 5: 3.4144077050207846, 1: 3.407858201239496, 8: 3.1660607894262207, 7: 3.319180064923228}
2024-05-21 21:09:38 - INFO     - 0.9185185185185185, 0.9111111111111111, 0.8851851851851852, 0.8814814814814815, 0.8740740740740741, 0.9037037037037037, 0.8962962962962963, 0.9222222222222223, 0.9296296296296296, 0.9
2024-05-21 21:09:38 - WARNING  - Epoch: 867, Sum of Accs: 9.022, Sum of s_i: 33.00170229949436
2024-05-21 21:09:43 - INFO     - {6: 3.3207611852530023, 9: 3.4308088975653583, 0: 3.4992503327588826, 2: 3.016946410824875, 4: 3.4134703493504417, 3: 3.017639807605384, 5: 3.415342132283706, 1: 3.40878557198083, 8: 3.166709471590474, 7: 3.320005626188181}
2024-05-21 21:09:43 - INFO     - 0.9185185185185185, 0.9111111111111111, 0.8851851851851852, 0.8814814814814815, 0.8740740740740741, 0.9037037037037037, 0.8962962962962963, 0.9222222222222223, 0.9296296296296296, 0.9
2024-05-21 21:09:43 - WARNING  - Epoch: 868, Sum of Accs: 9.022, Sum of s_i: 33.00971978540113
2024-05-21 21:09:47 - INFO     - {6: 3.321581548900591, 9: 3.4317568726388137, 0: 3.5002778562600874, 2: 3.017419561187398, 4: 3.4144005127650705, 3: 3.0181147664358536, 5: 3.416275248851663, 1: 3.409711209807742, 8: 3.1673569818778065, 7: 3.3208298767581694}
2024-05-21 21:09:47 - INFO     - 0.9185185185185185, 0.9111111111111111, 0.8851851851851852, 0.8814814814814815, 0.8740740740740741, 0.9037037037037037, 0.8962962962962963, 0.9222222222222223, 0.9296296296296296, 0.9
2024-05-21 21:09:47 - WARNING  - Epoch: 869, Sum of Accs: 9.022, Sum of s_i: 33.017724435483196
2024-05-21 21:09:51 - INFO     - {6: 3.3224007427361384, 9: 3.432703678140889, 0: 3.5013043487557405, 2: 3.01789168054437, 4: 3.4153296451741477, 3: 3.018588694260772, 5: 3.4172073344140683, 1: 3.410636377666605, 8: 3.1680034611595875, 7: 3.3216530963226063}
2024-05-21 21:09:51 - INFO     - 0.9185185185185185, 0.9111111111111111, 0.8851851851851852, 0.8814814814814815, 0.8740740740740741, 0.9037037037037037, 0.8962962962962963, 0.9222222222222223, 0.9296296296296296, 0.9
2024-05-21 21:09:51 - WARNING  - Epoch: 870, Sum of Accs: 9.022, Sum of s_i: 33.025719059174925
2024-05-21 21:09:56 - INFO     - {6: 3.323218768904089, 9: 3.4336493162153716, 0: 3.5023295357601865, 2: 3.018362632473749, 4: 3.4162576101556326, 3: 3.0190615740979663, 5: 3.4181382525488813, 1: 3.4115603780978754, 8: 3.1686487730137767, 7: 3.322475148459451}
2024-05-21 21:09:56 - INFO     - 0.9222222222222223, 0.9111111111111111, 0.8851851851851852, 0.8814814814814815, 0.8740740740740741, 0.9037037037037037, 0.8962962962962963, 0.9222222222222223, 0.9296296296296296, 0.9
2024-05-21 21:09:56 - WARNING  - Epoch: 871, Sum of Accs: 9.026, Sum of s_i: 33.03370198972698
2024-05-21 21:10:00 - INFO     - {6: 3.324035629789005, 9: 3.4345937892461187, 0: 3.503353557970936, 2: 3.018832419359393, 4: 3.417184410093382, 3: 3.01953267847595, 5: 3.419067514664352, 1: 3.4124832134854106, 8: 3.1692924288486233, 7: 3.323295544576953}
2024-05-21 21:10:00 - INFO     - 0.9222222222222223, 0.9111111111111111, 0.8851851851851852, 0.8814814814814815, 0.8740740740740741, 0.9037037037037037, 0.8962962962962963, 0.9222222222222223, 0.9296296296296296, 0.9
2024-05-21 21:10:00 - WARNING  - Epoch: 872, Sum of Accs: 9.026, Sum of s_i: 33.04167118651013
2024-05-21 21:10:05 - INFO     - {6: 3.3248513280695366, 9: 3.4355370999110186, 0: 3.5043764180650863, 2: 3.019300906314862, 4: 3.4181099101009567, 3: 3.020003111463693, 5: 3.419996105389582, 1: 3.4134048865070983, 8: 3.169935413293229, 7: 3.324115269304215}
2024-05-21 21:10:05 - INFO     - 0.9222222222222223, 0.9111111111111111, 0.8851851851851852, 0.8814814814814815, 0.8740740740740741, 0.9037037037037037, 0.8962962962962963, 0.9222222222222223, 0.9296296296296296, 0.9
2024-05-21 21:10:05 - WARNING  - Epoch: 873, Sum of Accs: 9.026, Sum of s_i: 33.04963044841928
2024-05-21 21:10:09 - INFO     - {6: 3.3256658658665743, 9: 3.4364793690544566, 0: 3.5053983742021027, 2: 3.019768489313197, 4: 3.4190345061513967, 3: 3.0204725029299744, 5: 3.420923654593351, 1: 3.414325518007324, 8: 3.1705773562163735, 7: 3.3249339525100146}
2024-05-21 21:10:09 - INFO     - 0.9222222222222223, 0.9111111111111111, 0.8851851851851852, 0.8814814814814815, 0.8740740740740741, 0.9, 0.8962962962962963, 0.9222222222222223, 0.9296296296296296, 0.9
2024-05-21 21:10:09 - WARNING  - Epoch: 874, Sum of Accs: 9.022, Sum of s_i: 33.05757958884477
2024-05-21 21:10:14 - INFO     - {6: 3.3264792453251304, 9: 3.4374203613725074, 0: 3.5064189164458885, 2: 3.0202346584183015, 4: 3.4199576883086067, 3: 3.0209404805030253, 5: 3.421849789903889, 1: 3.4152447356143196, 8: 3.171217197388344, 7: 3.325751221822584}
2024-05-21 21:10:14 - INFO     - 0.9222222222222223, 0.9111111111111111, 0.8851851851851852, 0.8814814814814815, 0.8740740740740741, 0.9, 0.8962962962962963, 0.9222222222222223, 0.9296296296296296, 0.9
2024-05-21 21:10:14 - WARNING  - Epoch: 875, Sum of Accs: 9.022, Sum of s_i: 33.065514295102595
2024-05-21 21:10:18 - INFO     - {6: 3.3272914692150133, 9: 3.438360316608791, 0: 3.507438303587347, 2: 3.0206996724210784, 4: 3.420879715363489, 3: 3.0214073029737487, 5: 3.4227747701120994, 1: 3.4161627981189877, 8: 3.17185657131593, 7: 3.3265673360328263}
2024-05-21 21:10:18 - INFO     - 0.9222222222222223, 0.9111111111111111, 0.8851851851851852, 0.8814814814814815, 0.8740740740740741, 0.9, 0.8962962962962963, 0.9222222222222223, 0.9296296296296296, 0.9
2024-05-21 21:10:18 - WARNING  - Epoch: 876, Sum of Accs: 9.022, Sum of s_i: 33.073438255749316
2024-05-21 21:10:22 - INFO     - {6: 3.3281025397651374, 9: 3.4392990004906636, 0: 3.5084565378884656, 2: 3.021163385445469, 4: 3.4218003739802185, 3: 3.021872757006319, 5: 3.4236985974799703, 1: 3.4170794921855028, 8: 3.172494576805364, 7: 3.3273820818049153}
2024-05-21 21:10:22 - INFO     - 0.9222222222222223, 0.9111111111111111, 0.8851851851851852, 0.8814814814814815, 0.8740740740740741, 0.9, 0.8962962962962963, 0.9222222222222223, 0.9296296296296296, 0.9
2024-05-21 21:10:22 - WARNING  - Epoch: 877, Sum of Accs: 9.022, Sum of s_i: 33.08134934285203
2024-05-21 21:10:27 - INFO     - {6: 3.328912459510633, 9: 3.4402365338029757, 0: 3.5094736218656823, 2: 3.0216259483981878, 4: 3.422720351979117, 3: 3.0223369274205703, 5: 3.424621126638123, 1: 3.417995251525929, 8: 3.173131499682892, 7: 3.328195744965099}
2024-05-21 21:10:27 - INFO     - 0.9222222222222223, 0.9111111111111111, 0.8851851851851852, 0.8814814814814815, 0.8740740740740741, 0.9, 0.8962962962962963, 0.9222222222222223, 0.9296296296296296, 0.9
2024-05-21 21:10:27 - WARNING  - Epoch: 878, Sum of Accs: 9.022, Sum of s_i: 33.08924946578921
2024-05-21 21:10:31 - INFO     - {6: 3.3297212307053563, 9: 3.4411730363440998, 0: 3.5104898114003844, 2: 3.022087363477089, 4: 3.4236387130615658, 3: 3.02280008391886, 5: 3.4255425079224575, 1: 3.418909715106721, 8: 3.1737676760037226, 7: 3.3290086615685848}
2024-05-21 21:10:31 - INFO     - 0.9222222222222223, 0.9111111111111111, 0.8851851851851852, 0.8814814814814815, 0.8740740740740741, 0.9, 0.8962962962962963, 0.9222222222222223, 0.9296296296296296, 0.9
2024-05-21 21:10:31 - WARNING  - Epoch: 879, Sum of Accs: 9.022, Sum of s_i: 33.09713879950884
2024-05-21 21:10:35 - INFO     - {6: 3.3305288555744754, 9: 3.442108275248173, 0: 3.5115048546094827, 2: 3.0225480335475052, 4: 3.4245562788726414, 3: 3.0232625624572234, 5: 3.426463026886861, 1: 3.4198233163675824, 8: 3.174402588687502, 7: 3.32982031453502}
2024-05-21 21:10:35 - INFO     - 0.9222222222222223, 0.9111111111111111, 0.8851851851851852, 0.8814814814814815, 0.8740740740740741, 0.9, 0.8962962962962963, 0.9222222222222223, 0.9296296296296296, 0.9
2024-05-21 21:10:35 - WARNING  - Epoch: 880, Sum of Accs: 9.022, Sum of s_i: 33.10501810678647
2024-05-21 21:10:40 - INFO     - {6: 3.3313353362291993, 9: 3.4430423701709527, 0: 3.5125185009300433, 2: 3.0230073067293843, 4: 3.425472351312218, 3: 3.023723644107049, 5: 3.427382266274174, 1: 3.4207356380513523, 8: 3.1750360079997826, 7: 3.3306304741299564}
2024-05-21 21:10:40 - INFO     - 0.9259259259259259, 0.9111111111111111, 0.8851851851851852, 0.8814814814814815, 0.8740740740740741, 0.9, 0.8962962962962963, 0.9222222222222223, 0.9296296296296296, 0.9
2024-05-21 21:10:40 - WARNING  - Epoch: 881, Sum of Accs: 9.026, Sum of s_i: 33.112883895934104
2024-05-21 21:10:44 - INFO     - {6: 3.332140675284333, 9: 3.4439753237265065, 0: 3.5135311414791754, 2: 3.0234652918833276, 4: 3.426387349518267, 3: 3.0241832385677228, 5: 3.4283004998900584, 1: 3.4216466717071867, 8: 3.1756686353350427, 7: 3.331439559491365}
2024-05-21 21:10:44 - INFO     - 0.9259259259259259, 0.9111111111111111, 0.8851851851851852, 0.8851851851851852, 0.8740740740740741, 0.9, 0.8962962962962963, 0.9222222222222223, 0.9296296296296296, 0.9
2024-05-21 21:10:44 - WARNING  - Epoch: 882, Sum of Accs: 9.030, Sum of s_i: 33.120738386882984
2024-05-21 21:10:49 - INFO     - {6: 3.332944875028886, 9: 3.444907138203174, 0: 3.5145427595637075, 2: 3.023922536829178, 4: 3.4273011428282243, 3: 3.0246418272935216, 5: 3.4292175944270564, 1: 3.422556965154928, 8: 3.1762997755177045, 7: 3.3322468846392184}
2024-05-21 21:10:49 - INFO     - 0.9259259259259259, 0.9111111111111111, 0.8851851851851852, 0.8851851851851852, 0.8740740740740741, 0.9, 0.8962962962962963, 0.9222222222222223, 0.9296296296296296, 0.9
2024-05-21 21:10:49 - WARNING  - Epoch: 883, Sum of Accs: 9.030, Sum of s_i: 33.128581499485605
2024-05-21 21:10:53 - INFO     - {6: 3.333747937760162, 9: 3.4458378158975878, 0: 3.515552989382405, 2: 3.0243782471218825, 4: 3.4282140125603453, 3: 3.0250994924414836, 5: 3.4301334173125055, 1: 3.423465326664257, 8: 3.1769294484499517, 7: 3.3330532978541214}
2024-05-21 21:10:53 - INFO     - 0.9259259259259259, 0.9111111111111111, 0.8851851851851852, 0.8851851851851852, 0.8740740740740741, 0.9, 0.8962962962962963, 0.9222222222222223, 0.9296296296296296, 0.9
2024-05-21 21:10:53 - WARNING  - Epoch: 884, Sum of Accs: 9.030, Sum of s_i: 33.136411985444695
2024-05-21 21:10:57 - INFO     - {6: 3.334549865952943, 9: 3.4467674754367694, 0: 3.5165620851168473, 2: 3.0248332205159607, 4: 3.4291257482082114, 3: 3.025556023505191, 5: 3.4310481061137, 1: 3.424373097761909, 8: 3.177558530970522, 7: 3.3338591206573476}
2024-05-21 21:10:57 - INFO     - 0.9259259259259259, 0.9111111111111111, 0.8851851851851852, 0.8851851851851852, 0.8703703703703703, 0.9, 0.8962962962962963, 0.9222222222222223, 0.9296296296296296, 0.9
2024-05-21 21:10:57 - WARNING  - Epoch: 885, Sum of Accs: 9.026, Sum of s_i: 33.1442332742394
2024-05-21 21:11:02 - INFO     - {6: 3.3353506615819155, 9: 3.447695886488915, 0: 3.5175700487741404, 2: 3.0252868110345723, 4: 3.4300363517789285, 3: 3.026011422491749, 5: 3.4319616628377454, 1: 3.4252797367824117, 8: 3.178186481413943, 7: 3.3346638113834244}
2024-05-21 21:11:02 - INFO     - 0.9259259259259259, 0.9111111111111111, 0.8851851851851852, 0.8851851851851852, 0.8703703703703703, 0.9, 0.8962962962962963, 0.9222222222222223, 0.9296296296296296, 0.9
2024-05-21 21:11:02 - WARNING  - Epoch: 886, Sum of Accs: 9.026, Sum of s_i: 33.15204287456774
2024-05-21 21:11:06 - INFO     - {6: 3.3361503269794355, 9: 3.448623283232836, 0: 3.518577132511639, 2: 3.0257395216333896, 4: 3.4309460754298513, 3: 3.026465348943217, 5: 3.4328737470267003, 1: 3.426184903267824, 8: 3.1788129593222743, 7: 3.335467029574411}
2024-05-21 21:11:06 - INFO     - 0.9259259259259259, 0.9111111111111111, 0.8851851851851852, 0.8851851851851852, 0.8703703703703703, 0.9, 0.8962962962962963, 0.9222222222222223, 0.9296296296296296, 0.9
2024-05-21 21:11:06 - WARNING  - Epoch: 887, Sum of Accs: 9.026, Sum of s_i: 33.15984032792158
2024-05-21 21:11:11 - INFO     - {6: 3.336948864540778, 9: 3.4495494366747517, 0: 3.5195828390368398, 2: 3.026190855019909, 4: 3.4318542112167543, 3: 3.026918148863356, 5: 3.4337847046843266, 1: 3.427088943221908, 8: 3.1794384419818815, 7: 3.3362692525166735}
2024-05-21 21:11:11 - INFO     - 0.9259259259259259, 0.9111111111111111, 0.8851851851851852, 0.8851851851851852, 0.8703703703703703, 0.9, 0.8962962962962963, 0.9222222222222223, 0.9296296296296296, 0.9037037037037037
2024-05-21 21:11:11 - WARNING  - Epoch: 888, Sum of Accs: 9.030, Sum of s_i: 33.16762569775718
2024-05-21 21:11:15 - INFO     - {6: 3.3377462766485646, 9: 3.4504744648907875, 0: 3.520587554246454, 2: 3.0266411970908416, 4: 3.4327612224208557, 3: 3.027369824437067, 5: 3.4346944727400213, 1: 3.42799179357406, 8: 3.180062603756952, 7: 3.337070694795071}
2024-05-21 21:11:15 - INFO     - 0.9259259259259259, 0.9111111111111111, 0.8851851851851852, 0.8851851851851852, 0.8703703703703703, 0.9, 0.8962962962962963, 0.9222222222222223, 0.9296296296296296, 0.9037037037037037
2024-05-21 21:11:15 - WARNING  - Epoch: 889, Sum of Accs: 9.030, Sum of s_i: 33.17540010460067
2024-05-21 21:11:19 - INFO     - {6: 3.3385425655201098, 9: 3.451398370097612, 0: 3.521591146446857, 2: 3.027090531163684, 4: 3.433667454534682, 3: 3.0278208519667347, 5: 3.4356037730182973, 1: 3.4288941761487934, 8: 3.1806861827434827, 7: 3.3378711290753786}
2024-05-21 21:11:19 - INFO     - 0.9259259259259259, 0.9111111111111111, 0.8851851851851852, 0.8851851851851852, 0.8703703703703703, 0.9, 0.8962962962962963, 0.9222222222222223, 0.9296296296296296, 0.9037037037037037
2024-05-21 21:11:19 - WARNING  - Epoch: 890, Sum of Accs: 9.030, Sum of s_i: 33.18316618071563
2024-05-21 21:11:24 - INFO     - {6: 3.3393377329895673, 9: 3.4523211541288106, 0: 3.522593617471634, 2: 3.0275386290497797, 4: 3.434572565472883, 3: 3.028270758320777, 5: 3.436511298997131, 1: 3.4297946534635404, 8: 3.181307971481148, 7: 3.338670327168939}
2024-05-21 21:11:24 - INFO     - 0.9259259259259259, 0.9111111111111111, 0.8851851851851852, 0.8851851851851852, 0.8703703703703703, 0.9, 0.8962962962962963, 0.9222222222222223, 0.9296296296296296, 0.9037037037037037
2024-05-21 21:11:24 - WARNING  - Epoch: 891, Sum of Accs: 9.030, Sum of s_i: 33.19091870854421
2024-05-21 21:11:28 - INFO     - {6: 3.3401317816413307, 9: 3.4532429341269744, 0: 3.523594836925749, 2: 3.027985475365213, 4: 3.4354764248404215, 3: 3.028719413104157, 5: 3.437418111517998, 1: 3.4306945482808646, 8: 3.1819291777213907, 7: 3.3394682736918377}
2024-05-21 21:11:28 - INFO     - 0.9259259259259259, 0.9111111111111111, 0.8851851851851852, 0.8851851851851852, 0.8703703703703703, 0.9, 0.8962962962962963, 0.9222222222222223, 0.9296296296296296, 0.9037037037037037
2024-05-21 21:11:28 - WARNING  - Epoch: 892, Sum of Accs: 9.030, Sum of s_i: 33.19866097721594
2024-05-21 21:11:32 - INFO     - {6: 3.3409247135817295, 9: 3.4541634830799812, 0: 3.5245949401455143, 2: 3.028431061259174, 4: 3.436379023786488, 3: 3.0291669516531874, 5: 3.4383238078045157, 1: 3.431593459590659, 8: 3.1825486045586695, 7: 3.340265103980387}
2024-05-21 21:11:32 - INFO     - 0.9259259259259259, 0.9111111111111111, 0.8851851851851852, 0.8851851851851852, 0.8703703703703703, 0.9, 0.8962962962962963, 0.9222222222222223, 0.9296296296296296, 0.9037037037037037
2024-05-21 21:11:32 - WARNING  - Epoch: 893, Sum of Accs: 9.030, Sum of s_i: 33.2063911494403
2024-05-21 21:11:37 - INFO     - {6: 3.3417165311788932, 9: 3.4550830320235453, 0: 3.525593929464723, 2: 3.028875924057635, 4: 3.437280653019121, 3: 3.0296133763016613, 5: 3.4392279879259484, 1: 3.432491124273078, 8: 3.1831675806640063, 7: 3.3410608203683796}
2024-05-21 21:11:37 - INFO     - 0.9259259259259259, 0.9111111111111111, 0.8851851851851852, 0.8851851851851852, 0.8703703703703703, 0.9, 0.8962962962962963, 0.9222222222222223, 0.9296296296296296, 0.9037037037037037
2024-05-21 21:11:37 - WARNING  - Epoch: 894, Sum of Accs: 9.030, Sum of s_i: 33.214110959276994
2024-05-21 21:11:41 - INFO     - {6: 3.342507236547771, 9: 3.456001354853314, 0: 3.52659205317358, 2: 3.0293192847429786, 4: 3.438181302755892, 3: 3.0300588214542734, 5: 3.4401315908160477, 1: 3.4333871456808813, 8: 3.183784913494728, 7: 3.3418555572605104}
2024-05-21 21:11:41 - INFO     - 0.9259259259259259, 0.9111111111111111, 0.8851851851851852, 0.8851851851851852, 0.8703703703703703, 0.9, 0.8962962962962963, 0.9222222222222223, 0.9296296296296296, 0.9037037037037037
2024-05-21 21:11:41 - WARNING  - Epoch: 895, Sum of Accs: 9.030, Sum of s_i: 33.221819260779974
2024-05-21 21:11:46 - INFO     - {6: 3.3432968319652874, 9: 3.4569185679549013, 0: 3.527588953268746, 2: 3.0297615361896075, 4: 3.439080842764482, 3: 3.030503156878704, 5: 3.4410338084681102, 1: 3.434282445629401, 8: 3.1844018003760217, 7: 3.34264918442446}
2024-05-21 21:11:46 - INFO     - 0.9259259259259259, 0.9111111111111111, 0.8851851851851852, 0.8851851851851852, 0.8703703703703703, 0.9, 0.8962962962962963, 0.9222222222222223, 0.9296296296296296, 0.9037037037037037
2024-05-21 21:11:46 - WARNING  - Epoch: 896, Sum of Accs: 9.030, Sum of s_i: 33.22951712791972
2024-05-21 21:11:50 - INFO     - {6: 3.344085319550593, 9: 3.4578347868866075, 0: 3.52858485919403, 2: 3.0302030689762103, 4: 3.439978936580943, 3: 3.0309459169320117, 5: 3.441934662576772, 1: 3.4351764457166527, 8: 3.185017693087434, 7: 3.3434408258333974}
2024-05-21 21:11:50 - INFO     - 0.9259259259259259, 0.9111111111111111, 0.8851851851851852, 0.8851851851851852, 0.8703703703703703, 0.9, 0.8962962962962963, 0.9222222222222223, 0.9296296296296296, 0.9037037037037037
2024-05-21 21:11:50 - WARNING  - Epoch: 897, Sum of Accs: 9.030, Sum of s_i: 33.23720251533465
2024-05-21 21:11:55 - INFO     - {6: 3.34487270171396, 9: 3.4587497871784945, 0: 3.529579414919458, 2: 3.030643108574184, 4: 3.440875989231022, 3: 3.0313879079867045, 5: 3.442834668380179, 1: 3.4360691486909256, 8: 3.1856317074846254, 7: 3.3442315805132443}
2024-05-21 21:11:55 - INFO     - 0.9259259259259259, 0.9111111111111111, 0.8851851851851852, 0.8851851851851852, 0.8703703703703703, 0.9, 0.8962962962962963, 0.9222222222222223, 0.9296296296296296, 0.9037037037037037
2024-05-21 21:11:55 - WARNING  - Epoch: 898, Sum of Accs: 9.030, Sum of s_i: 33.2448760146728
2024-05-21 21:11:59 - INFO     - {6: 3.345658980777161, 9: 3.459663797588096, 0: 3.5305728679810473, 2: 3.031082045745928, 4: 3.441771876386414, 3: 3.031828653626395, 5: 3.443733571757357, 1: 3.436961134364561, 8: 3.186245004581179, 7: 3.3450210174074573}
2024-05-21 21:11:59 - INFO     - 0.9259259259259259, 0.9111111111111111, 0.8851851851851852, 0.8851851851851852, 0.8703703703703703, 0.9, 0.8962962962962963, 0.9222222222222223, 0.9296296296296296, 0.9037037037037037
2024-05-21 21:11:59 - WARNING  - Epoch: 899, Sum of Accs: 9.030, Sum of s_i: 33.252538950215595
2024-05-21 21:12:03 - INFO     - {6: 3.346444158868435, 9: 3.4605767070257705, 0: 3.5315654644123, 2: 3.031520269038499, 4: 3.4426671127310904, 3: 3.0322686853869127, 5: 3.4446317612553616, 1: 3.437852406159023, 8: 3.1868575877985594, 7: 3.3458103409074935}
2024-05-21 21:12:03 - INFO     - 0.9259259259259259, 0.9111111111111111, 0.8851851851851852, 0.8851851851851852, 0.8703703703703703, 0.9, 0.8962962962962963, 0.9222222222222223, 0.9296296296296296, 0.9037037037037037
2024-05-21 21:12:03 - WARNING  - Epoch: 900, Sum of Accs: 9.030, Sum of s_i: 33.26019449358345
2024-05-21 21:12:08 - INFO     - {6: 3.34722823765772, 9: 3.4614884046055097, 0: 3.532556718117767, 2: 3.031957280473135, 4: 3.4435608013497547, 3: 3.032707169421418, 5: 3.445528403027354, 1: 3.438741810365864, 8: 3.1874683034283184, 7: 3.346597581563672}
2024-05-21 21:12:08 - INFO     - 0.9259259259259259, 0.9111111111111111, 0.8851851851851852, 0.8851851851851852, 0.8703703703703703, 0.9, 0.8962962962962963, 0.9222222222222223, 0.9296296296296296, 0.9037037037037037
2024-05-21 21:12:08 - WARNING  - Epoch: 901, Sum of Accs: 9.030, Sum of s_i: 33.26783471001051
2024-05-21 21:12:12 - INFO     - {6: 3.3480112199511742, 9: 3.462399118245364, 0: 3.533546875760006, 2: 3.0323930649766924, 4: 3.4444538418966117, 3: 3.033144762392922, 5: 3.4464241537363454, 1: 3.4396306433713124, 8: 3.1880784478566855, 7: 3.3473844662746943}
2024-05-21 21:12:12 - INFO     - 0.9259259259259259, 0.9111111111111111, 0.8851851851851852, 0.8851851851851852, 0.8703703703703703, 0.9, 0.8962962962962963, 0.9222222222222223, 0.9296296296296296, 0.9037037037037037
2024-05-21 21:12:12 - WARNING  - Epoch: 902, Sum of Accs: 9.030, Sum of s_i: 33.27546659446181
2024-05-21 21:12:17 - INFO     - {6: 3.348793107547783, 9: 3.463308737188373, 0: 3.5345359391530455, 2: 3.0328277552310503, 4: 3.445345787746623, 3: 3.0335812611152266, 5: 3.447319052739685, 1: 3.440518382127561, 8: 3.188687498035853, 7: 3.348170256736517}
2024-05-21 21:12:17 - INFO     - 0.9259259259259259, 0.9111111111111111, 0.8851851851851852, 0.8851851851851852, 0.8703703703703703, 0.9, 0.8962962962962963, 0.9222222222222223, 0.9296296296296296, 0.9037037037037037
2024-05-21 21:12:17 - WARNING  - Epoch: 903, Sum of Accs: 9.030, Sum of s_i: 33.28308777762172
2024-05-21 21:12:21 - INFO     - {6: 3.3495739025836553, 9: 3.4642171516710136, 0: 3.5355240406292645, 2: 3.03326159546822, 4: 3.446236529136266, 3: 3.0340167979207107, 5: 3.448212747282656, 1: 3.44140515896699, 8: 3.1892955862981998, 7: 3.3489550852815198}
2024-05-21 21:12:21 - INFO     - 0.9259259259259259, 0.9111111111111111, 0.8851851851851852, 0.8851851851851852, 0.8703703703703703, 0.9, 0.8962962962962963, 0.9222222222222223, 0.9296296296296296, 0.9037037037037037
2024-05-21 21:12:21 - WARNING  - Epoch: 904, Sum of Accs: 9.030, Sum of s_i: 33.290698595238496
2024-05-21 21:12:25 - INFO     - {6: 3.3503536071438114, 9: 3.465124475895516, 0: 3.536511051847345, 2: 3.033694233547619, 4: 3.447126180267771, 3: 3.0344512444680563, 5: 3.4491053515674888, 1: 3.44229084554828, 8: 3.1899025843024087, 7: 3.349738823568384}
2024-05-21 21:12:25 - INFO     - 0.9259259259259259, 0.9111111111111111, 0.8851851851851852, 0.8851851851851852, 0.8703703703703703, 0.9, 0.8962962962962963, 0.9222222222222223, 0.9296296296296296, 0.9037037037037037
2024-05-21 21:12:25 - WARNING  - Epoch: 905, Sum of Accs: 9.030, Sum of s_i: 33.29829839815668
2024-05-21 21:12:30 - INFO     - {6: 3.351132223403295, 9: 3.4660307120363054, 0: 3.5374970864468076, 2: 3.0341255126758075, 4: 3.448014743315562, 3: 3.034884602931689, 5: 3.4499968677686086, 1: 3.443175444045857, 8: 3.1905084942229043, 7: 3.350521473771535}
2024-05-21 21:12:30 - INFO     - 0.9259259259259259, 0.9111111111111111, 0.8851851851851852, 0.8851851851851852, 0.8703703703703703, 0.9, 0.8962962962962963, 0.9222222222222223, 0.9296296296296296, 0.9037037037037037
2024-05-21 21:12:30 - WARNING  - Epoch: 906, Sum of Accs: 9.030, Sum of s_i: 33.30588716061837
2024-05-21 21:12:34 - INFO     - {6: 3.351909753537781, 9: 3.466935862268438, 0: 3.5384819236725185, 2: 3.034555976762837, 4: 3.448902220454697, 3: 3.0353164165631923, 5: 3.4508872980610716, 1: 3.444058497711305, 8: 3.1911126701830805, 7: 3.3513030380660296}
2024-05-21 21:12:34 - INFO     - 0.9259259259259259, 0.9111111111111111, 0.8851851851851852, 0.8851851851851852, 0.8703703703703703, 0.9, 0.8962962962962963, 0.9222222222222223, 0.9296296296296296, 0.9037037037037037
2024-05-21 21:12:34 - WARNING  - Epoch: 907, Sum of Accs: 9.030, Sum of s_i: 33.31346365728095
2024-05-21 21:12:39 - INFO     - {6: 3.3526861998951216, 9: 3.4678399289391155, 0: 3.539465548061629, 2: 3.034985087371492, 4: 3.4497884847572315, 3: 3.0357474762815677, 5: 3.451776125188882, 1: 3.4449407974636252, 8: 3.1917158910302668, 7: 3.3520829991958716}
2024-05-21 21:12:39 - INFO     - 0.9259259259259259, 0.9111111111111111, 0.8851851851851852, 0.8851851851851852, 0.8703703703703703, 0.9, 0.8962962962962963, 0.9222222222222223, 0.9296296296296296, 0.9037037037037037
2024-05-21 21:12:39 - WARNING  - Epoch: 908, Sum of Accs: 9.030, Sum of s_i: 33.321028538184805
2024-05-21 21:12:43 - INFO     - {6: 3.3534615647269295, 9: 3.4687430251173237, 0: 3.5404483312334154, 2: 3.035413497404597, 4: 3.450673907842442, 3: 3.0361776947826193, 5: 3.452664501427421, 1: 3.4458222559986216, 8: 3.1923186609881813, 7: 3.352862509436442}
2024-05-21 21:12:43 - INFO     - 0.9259259259259259, 0.9111111111111111, 0.8851851851851852, 0.8851851851851852, 0.8703703703703703, 0.9, 0.8962962962962963, 0.9222222222222223, 0.9296296296296296, 0.9037037037037037
2024-05-21 21:12:43 - WARNING  - Epoch: 909, Sum of Accs: 9.030, Sum of s_i: 33.32858594895799
2024-05-21 21:12:47 - INFO     - {6: 3.354235849689445, 9: 3.469644930822785, 0: 3.541429923932455, 2: 3.03584044794062, 4: 3.4515578104533327, 3: 3.036606392809351, 5: 3.45355135719164, 1: 3.446702524060871, 8: 3.192919971449014, 7: 3.35364056017993}
2024-05-21 21:12:47 - INFO     - 0.9259259259259259, 0.9111111111111111, 0.8851851851851852, 0.8851851851851852, 0.8703703703703703, 0.9, 0.8962962962962963, 0.9222222222222223, 0.9296296296296296, 0.9037037037037037
2024-05-21 21:12:47 - WARNING  - Epoch: 910, Sum of Accs: 9.030, Sum of s_i: 33.336129768529446
2024-05-21 21:12:52 - INFO     - {6: 3.355009057310632, 9: 3.470545869790372, 0: 3.542410310886198, 2: 3.036266461755681, 4: 3.4524410763279225, 3: 3.037034075142027, 5: 3.454437576219558, 1: 3.447581586377823, 8: 3.193520345188885, 7: 3.3544176742024563}
2024-05-21 21:12:52 - INFO     - 0.9259259259259259, 0.9111111111111111, 0.8851851851851852, 0.8851851851851852, 0.8703703703703703, 0.9, 0.8962962962962963, 0.9222222222222223, 0.9296296296296296, 0.9037037037037037
2024-05-21 21:12:52 - WARNING  - Epoch: 911, Sum of Accs: 9.030, Sum of s_i: 33.343664033201556
2024-05-21 21:12:56 - INFO     - {6: 3.3557811895388814, 9: 3.471445623188731, 0: 3.543389751278135, 2: 3.036691529008937, 4: 3.4533228278724573, 3: 3.0374609508632293, 5: 3.4553226096782472, 1: 3.44845970213297, 8: 3.194119443606124, 7: 3.3551938416631772}
2024-05-21 21:12:56 - INFO     - 0.9259259259259259, 0.9111111111111111, 0.8851851851851852, 0.8851851851851852, 0.8703703703703703, 0.9, 0.8962962962962963, 0.9222222222222223, 0.9296296296296296, 0.9037037037037037
2024-05-21 21:12:56 - WARNING  - Epoch: 912, Sum of Accs: 9.030, Sum of s_i: 33.351187468830894
2024-05-21 21:13:00 - INFO     - {6: 3.3565522485016315, 9: 3.472344303534288, 0: 3.5443679904608154, 2: 3.0371153950529357, 4: 3.4542035070376707, 3: 3.037886299875599, 5: 3.4562064419276797, 1: 3.4493362911792844, 8: 3.194717669574932, 7: 3.3559688079146412}
2024-05-21 21:13:00 - INFO     - 0.9259259259259259, 0.9111111111111111, 0.8851851851851852, 0.8851851851851852, 0.8703703703703703, 0.9, 0.8962962962962963, 0.9222222222222223, 0.9296296296296296, 0.9037037037037037
2024-05-21 21:13:00 - WARNING  - Epoch: 913, Sum of Accs: 9.030, Sum of s_i: 33.35869895505948
2024-05-21 21:13:05 - INFO     - {6: 3.3573222364830624, 9: 3.4732420228621197, 0: 3.545345396782225, 2: 3.0375380512353884, 4: 3.455083176272229, 3: 3.0383111415262736, 5: 3.4570894413158415, 1: 3.4502116239145875, 8: 3.19531506268247, 7: 3.3567419825227214}
2024-05-21 21:13:05 - INFO     - 0.9259259259259259, 0.9111111111111111, 0.8851851851851852, 0.8851851851851852, 0.8703703703703703, 0.9, 0.8962962962962963, 0.9222222222222223, 0.9296296296296296, 0.9037037037037037
2024-05-21 21:13:05 - WARNING  - Epoch: 914, Sum of Accs: 9.030, Sum of s_i: 33.36620013559691
2024-05-21 21:13:09 - INFO     - {6: 3.35809115552998, 9: 3.4741386732554376, 0: 3.5463217341691213, 2: 3.0379596391434656, 4: 3.4559617772324116, 3: 3.038734914242435, 5: 3.45797137176949, 1: 3.451086260324556, 8: 3.1959110105153563, 7: 3.3575150469784014}
2024-05-21 21:13:09 - INFO     - 0.9259259259259259, 0.9111111111111111, 0.8851851851851852, 0.8851851851851852, 0.8703703703703703, 0.9, 0.8962962962962963, 0.9222222222222223, 0.9296296296296296, 0.9037037037037037
2024-05-21 21:13:09 - WARNING  - Epoch: 915, Sum of Accs: 9.030, Sum of s_i: 33.37369158316065
2024-05-21 21:13:14 - INFO     - {6: 3.3588590076048237, 9: 3.4750342566766816, 0: 3.547297004583944, 2: 3.0383801607378578, 4: 3.4568393118789094, 3: 3.0391576199865225, 5: 3.458851859569316, 1: 3.451959830420839, 8: 3.196505892034558, 7: 3.358286668780259}
2024-05-21 21:13:14 - INFO     - 0.9259259259259259, 0.9111111111111111, 0.8851851851851852, 0.8851851851851852, 0.8703703703703703, 0.9, 0.8962962962962963, 0.9222222222222223, 0.9296296296296296, 0.9037037037037037
2024-05-21 21:13:14 - WARNING  - Epoch: 916, Sum of Accs: 9.030, Sum of s_i: 33.38117161227371
2024-05-21 21:13:18 - INFO     - {6: 3.3596257949072146, 9: 3.4759286662066518, 0: 3.548270973834798, 2: 3.0387996182654544, 4: 3.457715722777639, 3: 3.039578701609998, 5: 3.4597310390238123, 1: 3.452832602307597, 8: 3.197099709486964, 7: 3.3590572265153207}
2024-05-21 21:13:18 - INFO     - 0.9259259259259259, 0.9111111111111111, 0.8851851851851852, 0.8851851851851852, 0.8703703703703703, 0.9, 0.8962962962962963, 0.9222222222222223, 0.9296296296296296, 0.9037037037037037
2024-05-21 21:13:18 - WARNING  - Epoch: 917, Sum of Accs: 9.030, Sum of s_i: 33.38864005493545
2024-05-21 21:13:22 - INFO     - {6: 3.36039151965761, 9: 3.4768221223034477, 0: 3.5492441169251725, 2: 3.0392183882171473, 4: 3.4585910718596025, 3: 3.0399988461078027, 5: 3.460609157044797, 1: 3.453703986839346, 8: 3.1976919724818718, 7: 3.359826662752644}
2024-05-21 21:13:22 - INFO     - 0.9259259259259259, 0.9148148148148149, 0.8851851851851852, 0.8851851851851852, 0.8703703703703703, 0.9, 0.8962962962962963, 0.9222222222222223, 0.9296296296296296, 0.9037037037037037
2024-05-21 21:13:22 - WARNING  - Epoch: 918, Sum of Accs: 9.033, Sum of s_i: 33.39609784418944
2024-05-21 21:13:27 - INFO     - {6: 3.3611561839407393, 9: 3.4777144092329535, 0: 3.5502159640137254, 2: 3.0396357240326246, 4: 3.4594653614117297, 3: 3.0404181285256207, 5: 3.461486597200102, 1: 3.454574509291109, 8: 3.1982838063565526, 7: 3.3605952369099805}
2024-05-21 21:13:27 - INFO     - 0.9259259259259259, 0.9148148148148149, 0.8851851851851852, 0.8851851851851852, 0.8703703703703703, 0.9, 0.8962962962962963, 0.9222222222222223, 0.9296296296296296, 0.9037037037037037
2024-05-21 21:13:27 - WARNING  - Epoch: 919, Sum of Accs: 9.033, Sum of s_i: 33.40354592091514
2024-05-21 21:13:31 - INFO     - {6: 3.361919789704782, 9: 3.478605746343397, 0: 3.5511869881177467, 2: 3.0400523749979644, 4: 3.460339025429175, 3: 3.040836587958907, 5: 3.4623632143708756, 1: 3.455443468457928, 8: 3.198874817246702, 7: 3.3613629880827856}
2024-05-21 21:13:31 - INFO     - 0.9259259259259259, 0.9148148148148149, 0.8851851851851852, 0.8851851851851852, 0.8703703703703703, 0.9, 0.8962962962962963, 0.9222222222222223, 0.9296296296296296, 0.9037037037037037
2024-05-21 21:13:31 - WARNING  - Epoch: 920, Sum of Accs: 9.033, Sum of s_i: 33.41098500071026
2024-05-21 21:13:36 - INFO     - {6: 3.3626823387936526, 9: 3.479495918495202, 0: 3.5521567208644425, 2: 3.0404677346059787, 4: 3.4612113980892945, 3: 3.0412534355256704, 5: 3.463238219675126, 1: 3.4563115560586355, 8: 3.1994645367795256, 7: 3.362129574296953}
2024-05-21 21:13:36 - INFO     - 0.9259259259259259, 0.9148148148148149, 0.8851851851851852, 0.8851851851851852, 0.8703703703703703, 0.9, 0.8962962962962963, 0.9222222222222223, 0.9296296296296296, 0.9037037037037037
2024-05-21 21:13:36 - WARNING  - Epoch: 921, Sum of Accs: 9.033, Sum of s_i: 33.41841143318449
2024-05-21 21:13:40 - INFO     - {6: 3.36344383356689, 9: 3.480385036538747, 0: 3.553125525901566, 2: 3.040882166504421, 4: 3.462082520568167, 3: 3.0416692298126633, 5: 3.4641121127032988, 1: 3.4571787139872936, 8: 3.2000530061311023, 7: 3.3628951064028603}
2024-05-21 21:13:40 - INFO     - 0.9259259259259259, 0.9148148148148149, 0.8851851851851852, 0.8851851851851852, 0.8703703703703703, 0.9, 0.8962962962962963, 0.9222222222222223, 0.9296296296296296, 0.9037037037037037
2024-05-21 21:13:40 - WARNING  - Epoch: 922, Sum of Accs: 9.033, Sum of s_i: 33.42582725211701
2024-05-21 21:13:44 - INFO     - {6: 3.364204276092233, 9: 3.481273102541193, 0: 3.5540931529322695, 2: 3.0412955463617637, 4: 3.4629529134776154, 3: 3.0420839728649023, 5: 3.464985013493025, 1: 3.4580450163812064, 8: 3.2006407459132546, 7: 3.363658752421089}
2024-05-21 21:13:44 - INFO     - 0.9259259259259259, 0.9148148148148149, 0.8851851851851852, 0.8851851851851852, 0.8703703703703703, 0.9, 0.8962962962962963, 0.9222222222222223, 0.9296296296296296, 0.9037037037037037
2024-05-21 21:13:44 - WARNING  - Epoch: 923, Sum of Accs: 9.033, Sum of s_i: 33.43323249247855
2024-05-21 21:13:49 - INFO     - {6: 3.364963668429635, 9: 3.4821601185619167, 0: 3.555059730197037, 2: 3.04170775048785, 4: 3.4638219352061026, 3: 3.042497790009231, 5: 3.4658571838245447, 1: 3.4589100735594793, 8: 3.20122730996415, 7: 3.3644220567546403}
2024-05-21 21:13:49 - INFO     - 0.9259259259259259, 0.9148148148148149, 0.8851851851851852, 0.8851851851851852, 0.8703703703703703, 0.9, 0.8962962962962963, 0.9222222222222223, 0.9296296296296296, 0.9037037037037037
2024-05-21 21:13:49 - WARNING  - Epoch: 924, Sum of Accs: 9.033, Sum of s_i: 33.44062761699459
2024-05-21 21:13:53 - INFO     - {6: 3.3657220125706657, 9: 3.483046086591926, 0: 3.556025259686295, 2: 3.0421189068384265, 4: 3.464690104608785, 3: 3.042910754827754, 5: 3.466728306380555, 1: 3.459774278411947, 8: 3.2018128262395362, 7: 3.365184313312682}
2024-05-21 21:13:53 - INFO     - 0.9259259259259259, 0.9148148148148149, 0.8851851851851852, 0.8851851851851852, 0.8703703703703703, 0.9, 0.8962962962962963, 0.9222222222222223, 0.9296296296296296, 0.9037037037037037
2024-05-21 21:13:53 - WARNING  - Epoch: 925, Sum of Accs: 9.033, Sum of s_i: 33.448012849468576
2024-05-21 21:13:58 - INFO     - {6: 3.3664793104724953, 9: 3.4839310085878377, 0: 3.556989868675785, 2: 3.042528880773897, 4: 3.4655570915963607, 3: 3.043322537231171, 5: 3.467598246521459, 1: 3.4606373008493088, 8: 3.202396675637639, 7: 3.3659449029934407}
2024-05-21 21:13:58 - INFO     - 0.9259259259259259, 0.9148148148148149, 0.8851851851851852, 0.8851851851851852, 0.8703703703703703, 0.9, 0.8962962962962963, 0.9222222222222223, 0.9296296296296296, 0.9037037037037037
2024-05-21 21:13:58 - WARNING  - Epoch: 926, Sum of Accs: 9.033, Sum of s_i: 33.4553858233394
2024-05-21 21:14:02 - INFO     - {6: 3.3672355644246466, 9: 3.4848149938863893, 0: 3.557953540967915, 2: 3.0429381799273454, 4: 3.466423403801915, 3: 3.043733644852566, 5: 3.468467511880341, 1: 3.4614996485046485, 8: 3.202980334715897, 7: 3.3667053023543545}
2024-05-21 21:14:02 - INFO     - 0.9259259259259259, 0.9148148148148149, 0.8851851851851852, 0.8851851851851852, 0.8703703703703703, 0.9, 0.8962962962962963, 0.9222222222222223, 0.9296296296296296, 0.9037037037037037
2024-05-21 21:14:02 - WARNING  - Epoch: 927, Sum of Accs: 9.033, Sum of s_i: 33.462752125316015
2024-05-21 21:14:06 - INFO     - {6: 3.3679907759230705, 9: 3.4856978298874046, 0: 3.5589160639625086, 2: 3.0433460687347975, 4: 3.4672883056614725, 3: 3.0441433421279647, 5: 3.469335627941687, 1: 3.462360585813992, 8: 3.203562583448159, 7: 3.367464291369272}
2024-05-21 21:14:06 - INFO     - 0.9259259259259259, 0.9148148148148149, 0.8851851851851852, 0.8851851851851852, 0.8703703703703703, 0.9, 0.8962962962962963, 0.9222222222222223, 0.9296296296296296, 0.9037037037037037
2024-05-21 21:14:06 - WARNING  - Epoch: 928, Sum of Accs: 9.033, Sum of s_i: 33.47010547487033
2024-05-21 21:14:11 - INFO     - {6: 3.3687449473499047, 9: 3.48657962602022, 0: 3.559877422409565, 2: 3.043752918123304, 4: 3.468152304021953, 3: 3.0445518203223605, 5: 3.4702022061297413, 1: 3.463220246298503, 8: 3.204143555355589, 7: 3.3682220035593575}
2024-05-21 21:14:11 - INFO     - 0.9259259259259259, 0.9148148148148149, 0.8851851851851852, 0.8851851851851852, 0.8703703703703703, 0.9, 0.8962962962962963, 0.9222222222222223, 0.9296296296296296, 0.9037037037037037
2024-05-21 21:14:11 - WARNING  - Epoch: 929, Sum of Accs: 9.033, Sum of s_i: 33.477447049590495
2024-05-21 21:14:15 - INFO     - {6: 3.3694980809175497, 9: 3.4874603844966368, 0: 3.5608377434124567, 2: 3.044158990454618, 4: 3.4690150718577284, 3: 3.044959261668837, 5: 3.4710682446664887, 1: 3.4640792426646043, 8: 3.204723987611712, 7: 3.368979051631033}
2024-05-21 21:14:15 - INFO     - 0.9259259259259259, 0.9148148148148149, 0.8851851851851852, 0.8851851851851852, 0.8703703703703703, 0.9, 0.8962962962962963, 0.9222222222222223, 0.9296296296296296, 0.9037037037037037
2024-05-21 21:14:15 - WARNING  - Epoch: 930, Sum of Accs: 9.033, Sum of s_i: 33.48478005938166
2024-05-21 21:14:20 - INFO     - {6: 3.3702501783819523, 9: 3.488340107072092, 0: 3.5617970287260943, 2: 3.0445639026295734, 4: 3.4698768044157884, 3: 3.045365789642738, 5: 3.4719327512751867, 1: 3.46493670949419, 8: 3.205302887939786, 7: 3.369735064013454}
2024-05-21 21:14:20 - INFO     - 0.9259259259259259, 0.9148148148148149, 0.8851851851851852, 0.8851851851851852, 0.8703703703703703, 0.9, 0.8962962962962963, 0.9222222222222223, 0.9296296296296296, 0.9037037037037037
2024-05-21 21:14:20 - WARNING  - Epoch: 931, Sum of Accs: 9.033, Sum of s_i: 33.49210122359085
2024-05-21 21:14:24 - INFO     - {6: 3.3710012419599136, 9: 3.4892187959627887, 0: 3.5627552805660594, 2: 3.044967781330857, 4: 3.4707376961691776, 3: 3.0457714768119684, 5: 3.4727962251342177, 1: 3.465793265649678, 8: 3.2058807555181925, 7: 3.3704896718745165}
2024-05-21 21:14:24 - INFO     - 0.9259259259259259, 0.9148148148148149, 0.8851851851851852, 0.8851851851851852, 0.8703703703703703, 0.9, 0.8962962962962963, 0.9222222222222223, 0.9296296296296296, 0.9037037037037037
2024-05-21 21:14:24 - WARNING  - Epoch: 932, Sum of Accs: 9.033, Sum of s_i: 33.499412190977374
2024-05-21 21:14:28 - INFO     - {6: 3.3717512736325457, 9: 3.490096558981821, 0: 3.56371273057867, 2: 3.045370493440174, 4: 3.4715974213306002, 3: 3.0461763621538442, 5: 3.4736589034489684, 1: 3.4666490262608862, 8: 3.2064581923169313, 7: 3.371243484191299}
2024-05-21 21:14:28 - INFO     - 0.9259259259259259, 0.9148148148148149, 0.8851851851851852, 0.8851851851851852, 0.8703703703703703, 0.9, 0.8962962962962963, 0.9222222222222223, 0.9296296296296296, 0.9037037037037037
2024-05-21 21:14:28 - WARNING  - Epoch: 933, Sum of Accs: 9.033, Sum of s_i: 33.506714446335735
2024-05-21 21:14:33 - INFO     - {6: 3.3725002751688904, 9: 3.490973186232655, 0: 3.5646690448230824, 2: 3.045772176069517, 4: 3.4724563754884366, 3: 3.0465801117275215, 5: 3.474520810760133, 1: 3.467504015868508, 8: 3.2070344933474715, 7: 3.371996525504495}
2024-05-21 21:14:33 - INFO     - 0.9259259259259259, 0.9148148148148149, 0.8851851851851852, 0.8851851851851852, 0.8703703703703703, 0.9, 0.8962962962962963, 0.9222222222222223, 0.9296296296296296, 0.9037037037037037
2024-05-21 21:14:33 - WARNING  - Epoch: 934, Sum of Accs: 9.033, Sum of s_i: 33.51400701499071
2024-05-21 21:14:37 - INFO     - {6: 3.373248248473053, 9: 3.4918487854513947, 0: 3.5656244364672243, 2: 3.0461730891431538, 4: 3.4733143016141788, 3: 3.0469828332691047, 5: 3.475381690039203, 1: 3.468357977444036, 8: 3.2076097663459175, 7: 3.37274772387091}
2024-05-21 21:14:37 - INFO     - 0.9259259259259259, 0.9148148148148149, 0.8851851851851852, 0.8851851851851852, 0.8703703703703703, 0.9, 0.8962962962962963, 0.9222222222222223, 0.9296296296296296, 0.9037037037037037
2024-05-21 21:14:37 - WARNING  - Epoch: 935, Sum of Accs: 9.033, Sum of s_i: 33.521288852118175
2024-05-21 21:14:41 - INFO     - {6: 3.3739951955938037, 9: 3.4927234639185456, 0: 3.566578573475312, 2: 3.0465730814652017, 4: 3.4741713069883318, 3: 3.0473844056064574, 5: 3.4762416485666847, 1: 3.4692110182679747, 8: 3.208184118592775, 7: 3.373498816400423}
2024-05-21 21:14:41 - INFO     - 0.9259259259259259, 0.9148148148148149, 0.8851851851851852, 0.8851851851851852, 0.8703703703703703, 0.9, 0.8962962962962963, 0.9222222222222223, 0.9296296296296296, 0.9037037037037037
2024-05-21 21:14:41 - WARNING  - Epoch: 936, Sum of Accs: 9.033, Sum of s_i: 33.52856162887551
2024-05-21 21:14:46 - INFO     - {6: 3.374741118341829, 9: 3.4935971180129712, 0: 3.567531914563316, 2: 3.0469716871459727, 4: 3.4750268696032323, 3: 3.047784819755175, 5: 3.4770999875218274, 1: 3.470062672450637, 8: 3.208757028080379, 7: 3.374248522288659}
2024-05-21 21:14:46 - INFO     - 0.9259259259259259, 0.9148148148148149, 0.8851851851851852, 0.8851851851851852, 0.8703703703703703, 0.9, 0.8962962962962963, 0.9222222222222223, 0.9296296296296296, 0.9037037037037037
2024-05-21 21:14:46 - WARNING  - Epoch: 937, Sum of Accs: 9.033, Sum of s_i: 33.535821737764
2024-05-21 21:14:50 - INFO     - {6: 3.3754860190331506, 9: 3.494469750050693, 0: 3.5684842335946163, 2: 3.0473696330385915, 4: 3.4758818285479562, 3: 3.0481845741157403, 5: 3.47795789961988, 1: 3.4709136668451466, 8: 3.2093293338978075, 7: 3.3749975683887428}
2024-05-21 21:14:50 - INFO     - 0.9259259259259259, 0.9148148148148149, 0.8851851851851852, 0.8851851851851852, 0.8703703703703703, 0.9, 0.8962962962962963, 0.9222222222222223, 0.9296296296296296, 0.9037037037037037
2024-05-21 21:14:50 - WARNING  - Epoch: 938, Sum of Accs: 9.033, Sum of s_i: 33.543074507132324
2024-05-21 21:14:55 - INFO     - {6: 3.376229899231093, 9: 3.495341256958088, 0: 3.569435304913278, 2: 3.047766331218572, 4: 3.4767353502237888, 3: 3.0485827711738094, 5: 3.478814564005294, 1: 3.471763413527018, 8: 3.2098997864659844, 7: 3.3757450571863306}
2024-05-21 21:14:55 - INFO     - 0.9259259259259259, 0.9148148148148149, 0.8851851851851852, 0.8851851851851852, 0.8703703703703703, 0.9, 0.8962962962962963, 0.9222222222222223, 0.9296296296296296, 0.9037037037037037
2024-05-21 21:14:55 - WARNING  - Epoch: 939, Sum of Accs: 9.033, Sum of s_i: 33.550313734903256
2024-05-21 21:14:59 - INFO     - {6: 3.3769727613689633, 9: 3.496211746002714, 0: 3.5703854809514826, 2: 3.048162134118095, 4: 3.4775881661754173, 3: 3.048980382541279, 5: 3.4796703331102505, 1: 3.472612264928432, 8: 3.210469949290317, 7: 3.3764911532528274}
2024-05-21 21:14:59 - INFO     - 0.9259259259259259, 0.9148148148148149, 0.8851851851851852, 0.8851851851851852, 0.8703703703703703, 0.9, 0.8962962962962963, 0.9222222222222223, 0.9296296296296296, 0.9037037037037037
2024-05-21 21:14:59 - WARNING  - Epoch: 940, Sum of Accs: 9.033, Sum of s_i: 33.55754437173978
2024-05-21 21:15:03 - INFO     - {6: 3.3777146071810447, 9: 3.4970812189183595, 0: 3.5713346408607065, 2: 3.0485569208886374, 4: 3.4784399659980654, 3: 3.049376977779768, 5: 3.4805250860862267, 1: 3.4734601002008656, 8: 3.2110390959856687, 7: 3.377237040230835}
2024-05-21 21:15:03 - INFO     - 0.9259259259259259, 0.9148148148148149, 0.8851851851851852, 0.8851851851851852, 0.8703703703703703, 0.9, 0.8962962962962963, 0.9222222222222223, 0.9296296296296296, 0.9037037037037037
2024-05-21 21:15:03 - WARNING  - Epoch: 941, Sum of Accs: 9.033, Sum of s_i: 33.564765654130184
2024-05-21 21:15:08 - INFO     - {6: 3.3784554385065975, 9: 3.4979496775437697, 0: 3.5722826645154693, 2: 3.0489504382752184, 4: 3.479290441178362, 3: 3.0497722483759055, 5: 3.4813785144198515, 1: 3.474306610830948, 8: 3.211606504449913, 7: 3.3779816025664915}
2024-05-21 21:15:08 - INFO     - 0.9259259259259259, 0.9148148148148149, 0.8851851851851852, 0.8851851851851852, 0.8703703703703703, 0.9, 0.8962962962962963, 0.9222222222222223, 0.9296296296296296, 0.9037037037037037
2024-05-21 21:15:08 - WARNING  - Epoch: 942, Sum of Accs: 9.033, Sum of s_i: 33.571974140662526
2024-05-21 21:15:12 - INFO     - {6: 3.379195257665557, 9: 3.4988172280491296, 0: 3.5732299020144076, 2: 3.0493433026354753, 4: 3.4801403185907245, 3: 3.050166921204109, 5: 3.482231344985542, 1: 3.4751525236930956, 8: 3.2121737287349794, 7: 3.3787255671342136}
2024-05-21 21:15:12 - INFO     - 0.9259259259259259, 0.9148148148148149, 0.8851851851851852, 0.8851851851851852, 0.8703703703703703, 0.9, 0.8962962962962963, 0.9222222222222223, 0.9296296296296296, 0.9037037037037037
2024-05-21 21:15:12 - WARNING  - Epoch: 943, Sum of Accs: 9.033, Sum of s_i: 33.579176094707236
2024-05-21 21:15:17 - INFO     - {6: 3.3799340660959194, 9: 3.4996836641702864, 0: 3.5741760251291423, 2: 3.0497350526115286, 4: 3.4809890816188833, 3: 3.0505604796481087, 5: 3.483083061167029, 1: 3.475996719216956, 8: 3.2127398386358426, 7: 3.379468417317732}
2024-05-21 21:15:17 - INFO     - 0.9259259259259259, 0.9148148148148149, 0.8851851851851852, 0.8851851851851852, 0.8703703703703703, 0.9, 0.8962962962962963, 0.9222222222222223, 0.9296296296296296, 0.9037037037037037
2024-05-21 21:15:17 - WARNING  - Epoch: 944, Sum of Accs: 9.033, Sum of s_i: 33.58636640561143
2024-05-21 21:15:21 - INFO     - {6: 3.380671865950566, 9: 3.5005490919104045, 0: 3.575121139862839, 2: 3.0501255403391156, 4: 3.481836582398576, 3: 3.0509527758436423, 5: 3.4839335151000497, 1: 3.4768405093138623, 8: 3.213304686288239, 7: 3.3802094600101547}
2024-05-21 21:15:21 - INFO     - 0.9259259259259259, 0.9148148148148149, 0.8851851851851852, 0.8851851851851852, 0.8703703703703703, 0.9, 0.8962962962962963, 0.9222222222222223, 0.9296296296296296, 0.9037037037037037
2024-05-21 21:15:21 - WARNING  - Epoch: 945, Sum of Accs: 9.033, Sum of s_i: 33.593545167017446
2024-05-21 21:15:25 - INFO     - {6: 3.3814086593663575, 9: 3.5014136166725964, 0: 3.5760651271894472, 2: 3.0505151545270426, 4: 3.4826832096386084, 3: 3.0513441984995158, 5: 3.484782735123087, 1: 3.4776831720036805, 8: 3.2138686604009754, 7: 3.3809503988347087}
2024-05-21 21:15:25 - INFO     - 0.9259259259259259, 0.9148148148148149, 0.8851851851851852, 0.8851851851851852, 0.8703703703703703, 0.9, 0.8962962962962963, 0.9222222222222223, 0.9296296296296296, 0.9037037037037037
2024-05-21 21:15:25 - WARNING  - Epoch: 946, Sum of Accs: 9.033, Sum of s_i: 33.60071493225602
2024-05-21 21:15:30 - INFO     - {6: 3.382144448119595, 9: 3.5022770336990257, 0: 3.5770083342826635, 2: 3.0509039884815774, 4: 3.4835286460527692, 3: 3.0517343119215363, 5: 3.4856314322098467, 1: 3.4785245254596457, 8: 3.2144310339719846, 7: 3.3816902299235}
2024-05-21 21:15:30 - INFO     - 0.9259259259259259, 0.9148148148148149, 0.8851851851851852, 0.8851851851851852, 0.8703703703703703, 0.9, 0.8962962962962963, 0.9222222222222223, 0.9296296296296296, 0.9037037037037037
2024-05-21 21:15:30 - WARNING  - Epoch: 947, Sum of Accs: 9.033, Sum of s_i: 33.60787398412214
2024-05-21 21:15:34 - INFO     - {6: 3.382879234224708, 9: 3.503139448270398, 0: 3.5779504358476144, 2: 3.051291464273723, 4: 3.4843731348970204, 3: 3.0521238488157523, 5: 3.48647912684155, 1: 3.479365302387806, 8: 3.21499286968894, 7: 3.382428805923111}
2024-05-21 21:15:34 - INFO     - 0.9259259259259259, 0.9148148148148149, 0.8851851851851852, 0.8851851851851852, 0.8703703703703703, 0.9, 0.8962962962962963, 0.9222222222222223, 0.9296296296296296, 0.9037037037037037
2024-05-21 21:15:34 - WARNING  - Epoch: 948, Sum of Accs: 9.033, Sum of s_i: 33.615023671170626
2024-05-21 21:15:38 - INFO     - {6: 3.383613019504728, 9: 3.5040008622092396, 0: 3.5788914162386756, 2: 3.0516780715261027, 4: 3.485216755201505, 3: 3.0525122645360785, 5: 3.4873253421639467, 1: 3.4802050786834355, 8: 3.2155534787307127, 7: 3.3831661552475394}
2024-05-21 21:15:38 - INFO     - 0.9259259259259259, 0.9148148148148149, 0.8851851851851852, 0.8851851851851852, 0.8703703703703703, 0.9, 0.8962962962962963, 0.9222222222222223, 0.9296296296296296, 0.9037037037037037
2024-05-21 21:15:38 - WARNING  - Epoch: 949, Sum of Accs: 9.033, Sum of s_i: 33.62216244404196
2024-05-21 21:15:43 - INFO     - {6: 3.3843458059970253, 9: 3.504861277552375, 0: 3.5798315185753893, 2: 3.052063800724135, 4: 3.486059497451643, 3: 3.052899378591265, 5: 3.4881710375674126, 1: 3.481043856383359, 8: 3.216113144242762, 7: 3.383902984653037}
2024-05-21 21:15:43 - INFO     - 0.9259259259259259, 0.9148148148148149, 0.8851851851851852, 0.8851851851851852, 0.8703703703703703, 0.9, 0.8962962962962963, 0.9222222222222223, 0.9296296296296296, 0.9037037037037037
2024-05-21 21:15:43 - WARNING  - Epoch: 950, Sum of Accs: 9.033, Sum of s_i: 33.629292301738396
2024-05-21 21:15:47 - INFO     - {6: 3.3850775954568006, 9: 3.5057206960545146, 0: 3.5807705039313755, 2: 3.0524486353852076, 4: 3.486901242860785, 3: 3.053286021720284, 5: 3.4890156159901506, 1: 3.4818815171025546, 8: 3.216671524551026, 7: 3.3846386970778064}
2024-05-21 21:15:47 - INFO     - 0.9222222222222223, 0.9148148148148149, 0.8851851851851852, 0.8851851851851852, 0.8703703703703703, 0.9, 0.8962962962962963, 0.9222222222222223, 0.9296296296296296, 0.9037037037037037
2024-05-21 21:15:47 - WARNING  - Epoch: 951, Sum of Accs: 9.030, Sum of s_i: 33.6364120501305
2024-05-21 21:15:52 - INFO     - {6: 3.3858083898038447, 9: 3.506579119634928, 0: 3.5817084945656537, 2: 3.0528323728205176, 4: 3.487741873408487, 3: 3.0536714476838274, 5: 3.4898593196308942, 1: 3.4827181831000424, 8: 3.217229501971432, 7: 3.385372746192893}
2024-05-21 21:15:52 - INFO     - 0.9222222222222223, 0.9148148148148149, 0.8851851851851852, 0.8851851851851852, 0.8703703703703703, 0.9, 0.8962962962962963, 0.9222222222222223, 0.9296296296296296, 0.9037037037037037
2024-05-21 21:15:52 - WARNING  - Epoch: 952, Sum of Accs: 9.030, Sum of s_i: 33.64352144881253
2024-05-21 21:15:56 - INFO     - {6: 3.386538190989006, 9: 3.50743665216649, 0: 3.582645714090794, 2: 3.0532148666555603, 4: 3.4885813802956354, 3: 3.0540561025382327, 5: 3.4907017796713706, 1: 3.4835537254369764, 8: 3.217785897127008, 7: 3.386106340235401}
2024-05-21 21:15:56 - INFO     - 0.9222222222222223, 0.9148148148148149, 0.8851851851851852, 0.8851851851851852, 0.8703703703703703, 0.9, 0.8962962962962963, 0.9222222222222223, 0.9296296296296296, 0.9037037037037037
2024-05-21 21:15:56 - WARNING  - Epoch: 953, Sum of Accs: 9.030, Sum of s_i: 33.65062064920647
2024-05-21 21:16:00 - INFO     - {6: 3.387267000939434, 9: 3.508293091730723, 0: 3.583581721107298, 2: 3.0535963698944495, 4: 3.48941989658663, 3: 3.054439243979467, 5: 3.491543499295934, 1: 3.484388277177757, 8: 3.218341590025106, 7: 3.386839193861996}
2024-05-21 21:16:00 - INFO     - 0.9222222222222223, 0.9148148148148149, 0.8851851851851852, 0.8851851851851852, 0.8703703703703703, 0.9, 0.8962962962962963, 0.9222222222222223, 0.9296296296296296, 0.9
2024-05-21 21:16:00 - WARNING  - Epoch: 954, Sum of Accs: 9.026, Sum of s_i: 33.657709884598795
2024-05-21 21:16:05 - INFO     - {6: 3.3879948215472058, 9: 3.509148542141745, 0: 3.5845167391689916, 2: 3.0539771341603683, 4: 3.490257673904654, 3: 3.054821697370426, 5: 3.49238411042438, 1: 3.485221499604758, 8: 3.218896714215834, 7: 3.3875709389924733}
2024-05-21 21:16:05 - INFO     - 0.9222222222222223, 0.9148148148148149, 0.8851851851851852, 0.8851851851851852, 0.8703703703703703, 0.9, 0.8962962962962963, 0.9222222222222223, 0.9296296296296296, 0.9
2024-05-21 21:16:05 - WARNING  - Epoch: 955, Sum of Accs: 9.026, Sum of s_i: 33.664789871530836
2024-05-21 21:16:09 - INFO     - {6: 3.3887216546020107, 9: 3.510003005188752, 0: 3.585450889209577, 2: 3.0543569110622717, 4: 3.491094463858663, 3: 3.055203282740276, 5: 3.4932238535317173, 1: 3.4860543250085527, 8: 3.2194508510425472, 7: 3.388301816101842}
2024-05-21 21:16:09 - INFO     - 0.9222222222222223, 0.9148148148148149, 0.8851851851851852, 0.8851851851851852, 0.8703703703703703, 0.9, 0.8962962962962963, 0.9222222222222223, 0.9296296296296296, 0.9
2024-05-21 21:16:09 - WARNING  - Epoch: 956, Sum of Accs: 9.026, Sum of s_i: 33.67186105234621
2024-05-21 21:16:14 - INFO     - {6: 3.389447501829574, 9: 3.5108565837627155, 0: 3.586384154777119, 2: 3.0547358034911323, 4: 3.4919303693396286, 3: 3.055583464169883, 5: 3.494062192698811, 1: 3.486886265939304, 8: 3.220003583929017, 7: 3.389031289270967}
2024-05-21 21:16:14 - INFO     - 0.9222222222222223, 0.9148148148148149, 0.8851851851851852, 0.8851851851851852, 0.8703703703703703, 0.9, 0.8962962962962963, 0.9222222222222223, 0.9296296296296296, 0.9
2024-05-21 21:16:14 - WARNING  - Epoch: 957, Sum of Accs: 9.026, Sum of s_i: 33.67892120920815
2024-05-21 21:16:18 - INFO     - {6: 3.3901723652623748, 9: 3.5117091785419166, 0: 3.5873164365498984, 2: 3.0551133625257414, 4: 3.4927649414263433, 3: 3.0559626628484833, 5: 3.494900067538343, 1: 3.4877168734758044, 8: 3.2205558524879243, 7: 3.38976029811253}
2024-05-21 21:16:18 - INFO     - 0.9222222222222223, 0.9148148148148149, 0.8851851851851852, 0.8851851851851852, 0.8703703703703703, 0.9, 0.8962962962962963, 0.9222222222222223, 0.9296296296296296, 0.9
2024-05-21 21:16:18 - WARNING  - Epoch: 958, Sum of Accs: 9.026, Sum of s_i: 33.68597203876936
2024-05-21 21:16:22 - INFO     - {6: 3.3908962466939796, 9: 3.5125607913199217, 0: 3.588247736321482, 2: 3.0554902891586435, 4: 3.493598881111351, 3: 3.056341397949332, 5: 3.4957369603766786, 1: 3.4885468486105977, 8: 3.221107139045636, 7: 3.3904883249528974}
2024-05-21 21:16:22 - INFO     - 0.9222222222222223, 0.9148148148148149, 0.8851851851851852, 0.8851851851851852, 0.8703703703703703, 0.9, 0.8962962962962963, 0.9222222222222223, 0.9296296296296296, 0.9
2024-05-21 21:16:22 - WARNING  - Epoch: 959, Sum of Accs: 9.026, Sum of s_i: 33.69301461554051
2024-05-21 21:16:27 - INFO     - {6: 3.391619147766107, 9: 3.5134114237384493, 0: 3.5891778367576124, 2: 3.055865887033051, 4: 3.4944314920378634, 3: 3.0567189337147274, 5: 3.4965723038206717, 1: 3.489375494986896, 8: 3.221657226267894, 7: 3.3912150230347695}
2024-05-21 21:16:27 - INFO     - 0.9222222222222223, 0.9148148148148149, 0.8851851851851852, 0.8851851851851852, 0.8703703703703703, 0.9, 0.8962962962962963, 0.9222222222222223, 0.9296296296296296, 0.9
2024-05-21 21:16:27 - WARNING  - Epoch: 960, Sum of Accs: 9.026, Sum of s_i: 33.70004476915803
2024-05-21 21:16:31 - INFO     - {6: 3.3923410706984938, 9: 3.5142610780172365, 0: 3.590107178029978, 2: 3.056240855166735, 4: 3.4952634732236527, 3: 3.057095710316358, 5: 3.4974072381597896, 1: 3.4902035116224708, 8: 3.2222057549990417, 7: 3.391940215780898}
2024-05-21 21:16:31 - INFO     - 0.9222222222222223, 0.9148148148148149, 0.8851851851851852, 0.8851851851851852, 0.8703703703703703, 0.9, 0.8962962962962963, 0.9222222222222223, 0.9296296296296296, 0.9
2024-05-21 21:16:31 - WARNING  - Epoch: 961, Sum of Accs: 9.026, Sum of s_i: 33.707066086014656
2024-05-21 21:16:36 - INFO     - {6: 3.3930620172093153, 9: 3.515109655643446, 0: 3.591035324681177, 2: 3.056614746647841, 4: 3.4960942597882756, 3: 3.057471410265411, 5: 3.498240629186307, 1: 3.4910303336368793, 8: 3.222753539744935, 7: 3.3926647408094466}
2024-05-21 21:16:36 - INFO     - 0.9222222222222223, 0.9148148148148149, 0.8851851851851852, 0.8851851851851852, 0.8703703703703703, 0.9, 0.8962962962962963, 0.9222222222222223, 0.9296296296296296, 0.9
2024-05-21 21:16:36 - WARNING  - Epoch: 962, Sum of Accs: 9.026, Sum of s_i: 33.714076657613035
2024-05-21 21:16:40 - INFO     - {6: 3.3937819892797645, 9: 3.5159572590146992, 0: 3.5919626150460084, 2: 3.0569876638739912, 4: 3.496924190066531, 3: 3.0578461359595077, 5: 3.499073512617891, 1: 3.4918557178801723, 8: 3.2233008168958945, 7: 3.393388758243062}
2024-05-21 21:16:40 - INFO     - 0.9222222222222223, 0.9148148148148149, 0.8851851851851852, 0.8851851851851852, 0.8703703703703703, 0.9, 0.8962962962962963, 0.9222222222222223, 0.9296296296296296, 0.9
2024-05-21 21:16:40 - WARNING  - Epoch: 963, Sum of Accs: 9.026, Sum of s_i: 33.72107865887752
2024-05-21 21:16:44 - INFO     - {6: 3.3945009885863753, 9: 3.5168038898070657, 0: 3.59288881525133, 2: 3.0573593623174715, 4: 3.4977529015621163, 3: 3.0582196428709345, 5: 3.4999053058899645, 1: 3.4926804648255434, 8: 3.223847003887344, 7: 3.39411180309779}
2024-05-21 21:16:44 - INFO     - 0.9222222222222223, 0.9148148148148149, 0.8851851851851852, 0.8851851851851852, 0.8703703703703703, 0.9, 0.8962962962962963, 0.9222222222222223, 0.9296296296296296, 0.9
2024-05-21 21:16:44 - WARNING  - Epoch: 964, Sum of Accs: 9.026, Sum of s_i: 33.72807017809593
2024-05-21 21:16:49 - INFO     - {6: 3.3952190170689476, 9: 3.517649549959832, 0: 3.593814262073881, 2: 3.057730090483088, 4: 3.4985805913240946, 3: 3.0585921280487542, 5: 3.5007362461030613, 1: 3.493504241493051, 8: 3.2243916443187186, 7: 3.394833580015128}
2024-05-21 21:16:49 - INFO     - 0.9222222222222223, 0.9148148148148149, 0.8851851851851852, 0.8851851851851852, 0.8703703703703703, 0.9, 0.8962962962962963, 0.9222222222222223, 0.9296296296296296, 0.9
2024-05-21 21:16:49 - WARNING  - Epoch: 965, Sum of Accs: 9.026, Sum of s_i: 33.735051350888554
2024-05-21 21:16:53 - INFO     - {6: 3.3959360766459503, 9: 3.518494241390959, 0: 3.594738640498586, 2: 3.058100095769112, 4: 3.4994073128949226, 3: 3.058963645035423, 5: 3.5015659208272174, 1: 3.4943269985136647, 8: 3.224936009529552, 7: 3.395553917819463}
2024-05-21 21:16:53 - INFO     - 0.9222222222222223, 0.9148148148148149, 0.8851851851851852, 0.8851851851851852, 0.8703703703703703, 0.9, 0.8962962962962963, 0.9222222222222223, 0.9296296296296296, 0.9
2024-05-21 21:16:53 - WARNING  - Epoch: 966, Sum of Accs: 9.026, Sum of s_i: 33.74202285892485
2024-05-21 21:16:58 - INFO     - {6: 3.3966521691388376, 9: 3.5193379659214106, 0: 3.5956619350200594, 2: 3.058469017151903, 4: 3.5002332473298194, 3: 3.0593340811849647, 5: 3.502394514714246, 1: 3.4951486746971505, 8: 3.2254789971359563, 7: 3.3962736457085234}
2024-05-21 21:16:58 - INFO     - 0.9222222222222223, 0.9148148148148149, 0.8851851851851852, 0.8851851851851852, 0.8703703703703703, 0.9, 0.8962962962962963, 0.9222222222222223, 0.9296296296296296, 0.9
2024-05-21 21:16:58 - WARNING  - Epoch: 967, Sum of Accs: 9.026, Sum of s_i: 33.74898424800287
2024-05-21 21:17:02 - INFO     - {6: 3.3973672964296906, 9: 3.5201807254327697, 0: 3.5965842647140955, 2: 3.058836973707258, 4: 3.501058038110381, 3: 3.059703846208266, 5: 3.5032224374750345, 1: 3.495969500927498, 8: 3.2260213136161204, 7: 3.3969927024713433}
2024-05-21 21:17:02 - INFO     - 0.9222222222222223, 0.9148148148148149, 0.8851851851851852, 0.8851851851851852, 0.8703703703703703, 0.9, 0.8962962962962963, 0.9222222222222223, 0.9296296296296296, 0.9
2024-05-21 21:17:02 - WARNING  - Epoch: 968, Sum of Accs: 9.026, Sum of s_i: 33.755937099092456
2024-05-21 21:17:07 - INFO     - {6: 3.3980814601791325, 9: 3.521022620528612, 0: 3.5975056312266798, 2: 3.0592039670811606, 4: 3.5018820445363894, 3: 3.0600726480501153, 5: 3.504049397054371, 1: 3.496789084573569, 8: 3.2265620951760448, 7: 3.3977107960527113}
2024-05-21 21:17:07 - INFO     - 0.9222222222222223, 0.9148148148148149, 0.8851851851851852, 0.8851851851851852, 0.8703703703703703, 0.9, 0.8962962962962963, 0.9222222222222223, 0.9296296296296296, 0.9
2024-05-21 21:17:07 - WARNING  - Epoch: 969, Sum of Accs: 9.026, Sum of s_i: 33.762879744458786
2024-05-21 21:17:11 - INFO     - {6: 3.398794662276644, 9: 3.521863553972524, 0: 3.5984260364600145, 2: 3.0595702143799692, 4: 3.5027050896831478, 3: 3.060440488612715, 5: 3.504875610558613, 1: 3.497608380374269, 8: 3.227101916384315, 7: 3.398428143558985}
2024-05-21 21:17:11 - INFO     - 0.9222222222222223, 0.9148148148148149, 0.8851851851851852, 0.8851851851851852, 0.8703703703703703, 0.9, 0.8962962962962963, 0.9222222222222223, 0.9296296296296296, 0.9
2024-05-21 21:17:11 - WARNING  - Epoch: 970, Sum of Accs: 9.026, Sum of s_i: 33.7698140962612
2024-05-21 21:17:15 - INFO     - {6: 3.3995069043446167, 9: 3.5227034288070076, 0: 3.5993454820492214, 2: 3.0599351595869853, 4: 3.5035272914246334, 3: 3.0608072422876775, 5: 3.505700521971063, 1: 3.4984263740831762, 8: 3.2276412215161403, 7: 3.3991441889734664}
2024-05-21 21:17:15 - INFO     - 0.9222222222222223, 0.9148148148148149, 0.8851851851851852, 0.8851851851851852, 0.8703703703703703, 0.9, 0.8962962962962963, 0.9222222222222223, 0.9296296296296296, 0.9
2024-05-21 21:17:15 - WARNING  - Epoch: 971, Sum of Accs: 9.026, Sum of s_i: 33.77673781504399
2024-05-21 21:17:20 - INFO     - {6: 3.4002181883270626, 9: 3.5235423457369923, 0: 3.600263969923602, 2: 3.0602992743226842, 4: 3.5043484192124374, 3: 3.061173165491323, 5: 3.5065246029121955, 1: 3.499243537320766, 8: 3.2281796961766487, 7: 3.3998594039166306}
2024-05-21 21:17:20 - INFO     - 0.9222222222222223, 0.9148148148148149, 0.8851851851851852, 0.8851851851851852, 0.8703703703703703, 0.9, 0.8962962962962963, 0.9222222222222223, 0.9296296296296296, 0.8962962962962963
2024-05-21 21:17:20 - WARNING  - Epoch: 972, Sum of Accs: 9.022, Sum of s_i: 33.78365260334034
2024-05-21 21:17:24 - INFO     - {6: 3.4009285159300737, 9: 3.5243803064681085, 0: 3.6011815017883064, 2: 3.0606623061947866, 4: 3.5051687068505557, 3: 3.061537842243027, 5: 3.5073476009897315, 1: 3.500059289929793, 8: 3.2287167602085938, 7: 3.400573372407853}
2024-05-21 21:17:24 - INFO     - 0.9222222222222223, 0.9148148148148149, 0.8851851851851852, 0.8851851851851852, 0.8703703703703703, 0.9, 0.8962962962962963, 0.9222222222222223, 0.9296296296296296, 0.8962962962962963
2024-05-21 21:17:24 - WARNING  - Epoch: 973, Sum of Accs: 9.022, Sum of s_i: 33.79055620301083
2024-05-21 21:17:28 - INFO     - {6: 3.4016378891696877, 9: 3.525217411054123, 0: 3.6020980796447644, 2: 3.061024510912563, 4: 3.5059879246204377, 3: 3.06190185542875, 5: 3.5081697719129417, 1: 3.5008747568725953, 8: 3.2292533248511797, 7: 3.4012866773330948}
2024-05-21 21:17:28 - INFO     - 0.9222222222222223, 0.9148148148148149, 0.8851851851851852, 0.8851851851851852, 0.8703703703703703, 0.9, 0.8962962962962963, 0.9222222222222223, 0.9296296296296296, 0.9
2024-05-21 21:17:28 - WARNING  - Epoch: 974, Sum of Accs: 9.026, Sum of s_i: 33.79745220180014
2024-05-21 21:17:33 - INFO     - {6: 3.4023463095637303, 9: 3.5260535627945657, 0: 3.6030139183787857, 2: 3.061385976507903, 4: 3.5068064032678827, 3: 3.062265129492036, 5: 3.508991203713715, 1: 3.501689270969826, 8: 3.229789150371329, 7: 3.4019992431359}
2024-05-21 21:17:33 - INFO     - 0.9222222222222223, 0.9148148148148149, 0.8851851851851852, 0.8851851851851852, 0.8703703703703703, 0.9, 0.8962962962962963, 0.9222222222222223, 0.9296296296296296, 0.8962962962962963
2024-05-21 21:17:33 - WARNING  - Epoch: 975, Sum of Accs: 9.022, Sum of s_i: 33.80434016819567
2024-05-21 21:17:37 - INFO     - {6: 3.4030537786877404, 9: 3.526888763264976, 0: 3.6039288058427745, 2: 3.0617461515422275, 4: 3.5076239306452957, 3: 3.06262745228529, 5: 3.509811684244456, 1: 3.5025028337970245, 8: 3.2303240246214457, 7: 3.4027108576686724}
2024-05-21 21:17:37 - INFO     - 0.9222222222222223, 0.9148148148148149, 0.8851851851851852, 0.8851851851851852, 0.8703703703703703, 0.9, 0.8962962962962963, 0.9222222222222223, 0.9296296296296296, 0.8962962962962963
2024-05-21 21:17:37 - WARNING  - Epoch: 976, Sum of Accs: 9.022, Sum of s_i: 33.8112182825999
2024-05-21 21:17:42 - INFO     - {6: 3.4037602983664206, 9: 3.5277229167893167, 0: 3.6048426463606935, 2: 3.062105618921465, 4: 3.5084405085773787, 3: 3.062988728132474, 5: 3.5106311178291274, 1: 3.5033153496781533, 8: 3.2308578519254927, 7: 3.403421425255375}
2024-05-21 21:17:42 - INFO     - 0.9222222222222223, 0.9148148148148149, 0.8851851851851852, 0.8851851851851852, 0.8703703703703703, 0.9, 0.8962962962962963, 0.9222222222222223, 0.9296296296296296, 0.8962962962962963
2024-05-21 21:17:42 - WARNING  - Epoch: 977, Sum of Accs: 9.022, Sum of s_i: 33.8180864618359
2024-05-21 21:17:46 - INFO     - {6: 3.4044658704336337, 9: 3.5285561228804116, 0: 3.605755539445367, 2: 3.062464138867457, 4: 3.509256041575476, 3: 3.0633490565464125, 5: 3.511449603980553, 1: 3.5041263528347195, 8: 3.231390731796294, 7: 3.4041310454088323}
2024-05-21 21:17:46 - INFO     - 0.9222222222222223, 0.9148148148148149, 0.8851851851851852, 0.8851851851851852, 0.8703703703703703, 0.9, 0.8962962962962963, 0.9222222222222223, 0.9296296296296296, 0.8962962962962963
2024-05-21 21:17:46 - WARNING  - Epoch: 978, Sum of Accs: 9.022, Sum of s_i: 33.82494450376915
2024-05-21 21:17:50 - INFO     - {6: 3.4051704967487875, 9: 3.529388480541966, 0: 3.6066675841004994, 2: 3.062821810383908, 4: 3.5100707261440327, 3: 3.06370853653081, 5: 3.5122672417024376, 1: 3.5049370728530618, 8: 3.231922763237555, 7: 3.4048398171327485}
2024-05-21 21:17:50 - INFO     - 0.9222222222222223, 0.9148148148148149, 0.8851851851851852, 0.8851851851851852, 0.8703703703703703, 0.9, 0.8962962962962963, 0.9222222222222223, 0.9296296296296296, 0.8962962962962963
2024-05-21 21:17:50 - WARNING  - Epoch: 979, Sum of Accs: 9.022, Sum of s_i: 33.831794529375806
2024-05-21 21:17:55 - INFO     - {6: 3.4058741788766533, 9: 3.5302198940162324, 0: 3.6075784730382296, 2: 3.0631782006769455, 4: 3.5108840803864676, 3: 3.064066686189086, 5: 3.5130835982009088, 1: 3.5057464625452823, 8: 3.2324535134554018, 7: 3.405547307633251}
2024-05-21 21:17:55 - INFO     - 0.9259259259259259, 0.9148148148148149, 0.8851851851851852, 0.8851851851851852, 0.8703703703703703, 0.9, 0.8962962962962963, 0.9222222222222223, 0.9296296296296296, 0.8962962962962963
2024-05-21 21:17:55 - WARNING  - Epoch: 980, Sum of Accs: 9.026, Sum of s_i: 33.83863239501846
2024-05-21 21:17:59 - INFO     - {6: 3.406576918950807, 9: 3.5310502686460756, 0: 3.6084885346616513, 2: 3.0635338891616857, 4: 3.5116964932457857, 3: 3.0644242799324832, 5: 3.5138988030993374, 1: 3.5065547497401686, 8: 3.2329835618649514, 7: 3.406253807647929}
2024-05-21 21:17:59 - INFO     - 0.9259259259259259, 0.9148148148148149, 0.8851851851851852, 0.8851851851851852, 0.8703703703703703, 0.9, 0.8962962962962963, 0.9222222222222223, 0.9296296296296296, 0.8962962962962963
2024-05-21 21:17:59 - WARNING  - Epoch: 981, Sum of Accs: 9.026, Sum of s_i: 33.84546130695088
2024-05-21 21:18:04 - INFO     - {6: 3.4072787186606663, 9: 3.5318797030879416, 0: 3.6093975419178586, 2: 3.0638885232792115, 4: 3.512508140415417, 3: 3.064780436864925, 5: 3.5147131177692663, 1: 3.5073621467065546, 8: 3.233512270254256, 7: 3.4069592563198894}
2024-05-21 21:18:04 - INFO     - 0.9259259259259259, 0.9148148148148149, 0.8851851851851852, 0.8851851851851852, 0.8703703703703703, 0.9, 0.8962962962962963, 0.9222222222222223, 0.9296296296296296, 0.8962962962962963
2024-05-21 21:18:04 - WARNING  - Epoch: 982, Sum of Accs: 9.026, Sum of s_i: 33.85227985527598
2024-05-21 21:18:08 - INFO     - {6: 3.4079795798875536, 9: 3.532708199222665, 0: 3.61030572504616, 2: 3.064242094322264, 4: 3.5133189634571425, 3: 3.0651360553224913, 5: 3.5155266550177524, 1: 3.5081687662514978, 8: 3.2340404401686857, 7: 3.4076641665169745}
2024-05-21 21:18:08 - INFO     - 0.9259259259259259, 0.9148148148148149, 0.8851851851851852, 0.8851851851851852, 0.8703703703703703, 0.9, 0.8962962962962963, 0.9222222222222223, 0.9296296296296296, 0.8962962962962963
2024-05-21 21:18:08 - WARNING  - Epoch: 983, Sum of Accs: 9.026, Sum of s_i: 33.859090645213186
2024-05-21 21:18:13 - INFO     - {6: 3.4086795041520963, 9: 3.533535758570454, 0: 3.611212857576413, 2: 3.0645948537138357, 4: 3.5141285626454555, 3: 3.0654906231820096, 5: 3.5163392073593935, 1: 3.5089741290901246, 8: 3.234567559485067, 7: 3.4083680261160114}
2024-05-21 21:18:13 - INFO     - 0.9259259259259259, 0.9148148148148149, 0.8851851851851852, 0.8851851851851852, 0.8703703703703703, 0.9, 0.8962962962962963, 0.9222222222222223, 0.9296296296296296, 0.8962962962962963
2024-05-21 21:18:13 - WARNING  - Epoch: 984, Sum of Accs: 9.026, Sum of s_i: 33.86589108189086
2024-05-21 21:18:17 - INFO     - {6: 3.409378493329786, 9: 3.534362383006316, 0: 3.6121191690058536, 2: 3.0649467920045947, 4: 3.51493722741435, 3: 3.0658440833667457, 5: 3.517150665561449, 1: 3.509778829308805, 8: 3.235093571126666, 7: 3.409070778040266}
2024-05-21 21:18:17 - INFO     - 0.9259259259259259, 0.9148148148148149, 0.8851851851851852, 0.8851851851851852, 0.8703703703703703, 0.9, 0.8962962962962963, 0.9222222222222223, 0.9296296296296296, 0.8962962962962963
2024-05-21 21:18:17 - WARNING  - Epoch: 985, Sum of Accs: 9.026, Sum of s_i: 33.87268199216483
2024-05-21 21:18:21 - INFO     - {6: 3.4100765491801344, 9: 3.5351881702030648, 0: 3.6130246431961806, 2: 3.0652978930562402, 4: 3.5157453415181013, 3: 3.0661969928863377, 5: 3.517961732818528, 1: 3.5105829788623417, 8: 3.235619032103121, 7: 3.4097729792993765}
2024-05-21 21:18:21 - INFO     - 0.9259259259259259, 0.9148148148148149, 0.8851851851851852, 0.8851851851851852, 0.8703703703703703, 0.9, 0.8962962962962963, 0.9222222222222223, 0.9296296296296296, 0.8962962962962963
2024-05-21 21:18:21 - WARNING  - Epoch: 986, Sum of Accs: 9.026, Sum of s_i: 33.87946631312342
2024-05-21 21:18:26 - INFO     - {6: 3.41077367305708, 9: 3.5360130254264113, 0: 3.613929185413105, 2: 3.0656480621344833, 4: 3.51655252364845, 3: 3.0665489704325273, 5: 3.518771868102205, 1: 3.5113855447448263, 8: 3.2361435611061737, 7: 3.4104742485850847}
2024-05-21 21:18:26 - INFO     - 0.9259259259259259, 0.9148148148148149, 0.8851851851851852, 0.8851851851851852, 0.8703703703703703, 0.9, 0.8962962962962963, 0.9222222222222223, 0.9296296296296296, 0.8962962962962963
2024-05-21 21:18:26 - WARNING  - Epoch: 987, Sum of Accs: 9.026, Sum of s_i: 33.886240662650344
2024-05-21 21:18:30 - INFO     - {6: 3.4114698667772254, 9: 3.536836854926879, 0: 3.614832588826676, 2: 3.0659969684140087, 4: 3.517358442980081, 3: 3.0668996851799992, 5: 3.519580740587164, 1: 3.512187499526243, 8: 3.236666951305873, 7: 3.4111742550720754}
2024-05-21 21:18:30 - INFO     - 0.9259259259259259, 0.9148148148148149, 0.8851851851851852, 0.8851851851851852, 0.8703703703703703, 0.9, 0.8962962962962963, 0.9222222222222223, 0.9296296296296296, 0.8962962962962963
2024-05-21 21:18:30 - WARNING  - Epoch: 988, Sum of Accs: 9.026, Sum of s_i: 33.89300385359623
2024-05-21 21:18:35 - INFO     - {6: 3.4121651323177824, 9: 3.5376597564208656, 0: 3.615735177314241, 2: 3.066345183762892, 4: 3.518163386889017, 3: 3.067249424504777, 5: 3.520388637649429, 1: 3.512988478884965, 8: 3.2371892420875135, 7: 3.411873286136372}
2024-05-21 21:18:35 - INFO     - 0.9259259259259259, 0.9148148148148149, 0.8851851851851852, 0.8851851851851852, 0.8703703703703703, 0.9, 0.8962962962962963, 0.9222222222222223, 0.9296296296296296, 0.8962962962962963
2024-05-21 21:18:35 - WARNING  - Epoch: 989, Sum of Accs: 9.026, Sum of s_i: 33.89975770596785
2024-05-21 21:18:39 - INFO     - {6: 3.4128594714038627, 9: 3.5384817316330306, 0: 3.6166367268019473, 2: 3.066692360111917, 4: 3.518967576290147, 3: 3.0675981278326887, 5: 3.5211954987148277, 1: 3.5137884222468214, 8: 3.2377107783613477, 7: 3.412571562692862}
2024-05-21 21:18:39 - INFO     - 0.9259259259259259, 0.9148148148148149, 0.8851851851851852, 0.8851851851851852, 0.8703703703703703, 0.9, 0.8962962962962963, 0.9222222222222223, 0.9296296296296296, 0.8962962962962963
2024-05-21 21:18:39 - WARNING  - Epoch: 990, Sum of Accs: 9.026, Sum of s_i: 33.90650225608945
2024-05-21 21:18:43 - INFO     - {6: 3.413552885753462, 9: 3.53930287732903, 0: 3.6175373518928655, 2: 3.0670388196628133, 4: 3.519771048893149, 3: 3.067945907221274, 5: 3.522001924471158, 1: 3.514587930299609, 8: 3.2382315978370535, 7: 3.4132691224512235}
2024-05-21 21:18:43 - INFO     - 0.9259259259259259, 0.9148148148148149, 0.8851851851851852, 0.8851851851851852, 0.8703703703703703, 0.9, 0.8962962962962963, 0.9222222222222223, 0.9296296296296296, 0.8962962962962963
2024-05-21 21:18:43 - WARNING  - Epoch: 991, Sum of Accs: 9.026, Sum of s_i: 33.913239465811635
2024-05-21 21:18:48 - INFO     - {6: 3.4142453768136547, 9: 3.5401230048593164, 0: 3.61843716641673, 2: 3.067384261047996, 4: 3.5205735033304375, 3: 3.0682931570744034, 5: 3.5228073320617743, 1: 3.515386420186683, 8: 3.2387513991470462, 7: 3.4139656640438716}
2024-05-21 21:18:48 - INFO     - 0.9259259259259259, 0.9148148148148149, 0.8851851851851852, 0.8851851851851852, 0.8703703703703703, 0.9, 0.8962962962962963, 0.9222222222222223, 0.9296296296296296, 0.9
2024-05-21 21:18:48 - WARNING  - Epoch: 992, Sum of Accs: 9.030, Sum of s_i: 33.91996728498191
2024-05-21 21:18:52 - INFO     - {6: 3.414936946310539, 9: 3.5409422109976485, 0: 3.6193359473708586, 2: 3.067728668863443, 4: 3.52137492419799, 3: 3.068639373357797, 5: 3.5236117060826553, 1: 3.516183876504021, 8: 3.239270166887303, 7: 3.4146611720667837}
2024-05-21 21:18:52 - INFO     - 0.9259259259259259, 0.9148148148148149, 0.8851851851851852, 0.8851851851851852, 0.8703703703703703, 0.9, 0.9, 0.9222222222222223, 0.9296296296296296, 0.9
2024-05-21 21:18:52 - WARNING  - Epoch: 993, Sum of Accs: 9.033, Sum of s_i: 33.92668499263904
2024-05-21 21:18:57 - INFO     - {6: 3.415627596066764, 9: 3.5417605921002746, 0: 3.6202338089214265, 2: 3.0680721572753296, 4: 3.522175425661982, 3: 3.0689845473550545, 5: 3.5244151606999754, 1: 3.516980413417799, 8: 3.2397880152239993, 7: 3.4153557606861353}
2024-05-21 21:18:57 - INFO     - 0.9259259259259259, 0.9148148148148149, 0.8851851851851852, 0.8851851851851852, 0.8703703703703703, 0.9, 0.8962962962962963, 0.9222222222222223, 0.9296296296296296, 0.9
2024-05-21 21:18:57 - WARNING  - Epoch: 994, Sum of Accs: 9.030, Sum of s_i: 33.933393477408735
2024-05-21 21:19:01 - INFO     - {6: 3.4163173277811354, 9: 3.5425779607974235, 0: 3.621130864612154, 2: 3.068414605293368, 4: 3.5229748398884944, 3: 3.069329038375047, 5: 3.525217809457455, 1: 3.5177761444717355, 8: 3.2403050577008545, 7: 3.416049543445646}
2024-05-21 21:19:01 - INFO     - 0.9259259259259259, 0.9148148148148149, 0.8851851851851852, 0.8851851851851852, 0.8703703703703703, 0.9, 0.8962962962962963, 0.9222222222222223, 0.9296296296296296, 0.9
2024-05-21 21:19:01 - WARNING  - Epoch: 995, Sum of Accs: 9.030, Sum of s_i: 33.940093191823316
2024-05-21 21:19:06 - INFO     - {6: 3.4170061430884826, 9: 3.543394507451171, 0: 3.6220270982594798, 2: 3.0687561374102623, 4: 3.5237737134492444, 3: 3.069672707351638, 5: 3.526019104876794, 1: 3.518571053482271, 8: 3.2408212781343084, 7: 3.4167425041617556}
2024-05-21 21:19:06 - INFO     - 0.9259259259259259, 0.9148148148148149, 0.8851851851851852, 0.8851851851851852, 0.8703703703703703, 0.9, 0.9, 0.9222222222222223, 0.9296296296296296, 0.9
2024-05-21 21:19:06 - WARNING  - Epoch: 996, Sum of Accs: 9.033, Sum of s_i: 33.94678424766541
2024-05-21 21:19:10 - INFO     - {6: 3.4176940436063608, 9: 3.5442101393154495, 0: 3.6229224171173366, 2: 3.0690970831294377, 4: 3.524571297765133, 3: 3.0700149780890107, 5: 3.5268196423460108, 1: 3.519365047703338, 8: 3.2413358356792417, 7: 3.4174345500883963}
2024-05-21 21:19:10 - INFO     - 0.9259259259259259, 0.9148148148148149, 0.8851851851851852, 0.8851851851851852, 0.8703703703703703, 0.9, 0.9, 0.9222222222222223, 0.9296296296296296, 0.9
2024-05-21 21:19:10 - WARNING  - Epoch: 997, Sum of Accs: 9.033, Sum of s_i: 33.95346503483972
2024-05-21 21:19:15 - INFO     - {6: 3.4183810311703278, 9: 3.5450248582258173, 0: 3.6238168230212824, 2: 3.069437115894702, 4: 3.5253683435825027, 3: 3.0703568193222215, 5: 3.5276196413167087, 1: 3.5201581289704933, 8: 3.241850228369316, 7: 3.4181256830611257}
2024-05-21 21:19:15 - INFO     - 0.9259259259259259, 0.9148148148148149, 0.8851851851851852, 0.8851851851851852, 0.8703703703703703, 0.9, 0.9, 0.9222222222222223, 0.9296296296296296, 0.9
2024-05-21 21:19:15 - WARNING  - Epoch: 998, Sum of Accs: 9.033, Sum of s_i: 33.9601386729345
2024-05-21 21:19:19 - INFO     - {6: 3.4190671071876637, 9: 3.545838665589554, 0: 3.6247101125699492, 2: 3.0697762371133352, 4: 3.526164104775501, 3: 3.0706975442001534, 5: 3.5284185239321277, 1: 3.52095009388237, 8: 3.2423635047041106, 7: 3.4188156996785763}
2024-05-21 21:19:19 - INFO     - 0.9259259259259259, 0.9148148148148149, 0.8851851851851852, 0.8851851851851852, 0.8703703703703703, 0.9, 0.9, 0.9222222222222223, 0.9296296296296296, 0.9
2024-05-21 21:19:19 - WARNING  - Epoch: 999, Sum of Accs: 9.033, Sum of s_i: 33.96680159363334
2024-05-21 21:19:24 - INFO     - {6: 3.4197522735510284, 9: 3.5466515632993194, 0: 3.6256026972732927, 2: 3.070114122399515, 4: 3.5269593293922683, 3: 3.07103723795428, 5: 3.5292167017022233, 1: 3.521741027670441, 8: 3.242875332101891, 7: 3.4195046851722215}
2024-05-21 21:19:24 - INFO     - 0.9259259259259259, 0.9148148148148149, 0.8851851851851852, 0.8851851851851852, 0.8703703703703703, 0.9, 0.9, 0.9222222222222223, 0.9296296296296296, 0.9
2024-05-21 21:19:24 - WARNING  - Epoch: 1000, Sum of Accs: 9.033, Sum of s_i: 33.97345497051648
MNIST_FedAvgTask
27
