Setting random_seed seed for reproducible results.
2024-05-21 16:01:40 - WARNING  - Logging to: saved_models/model_MNIST_FedAvg_May.21_16.01.40_test
2024-05-21 16:01:50 - WARNING  - Running vanilla FL, no attack.
2024-05-21 16:01:50 - INFO     - {6: 1.0, 9: 1.0, 0: 1.0, 2: 1.0, 4: 1.0, 3: 1.0, 5: 1.0, 1: 1.0, 8: 1.0, 7: 1.0}
2024-05-21 16:01:55 - INFO     - {6: 1.325997551757784, 9: 1.3059854107244275, 0: 1.3188666432100111, 2: 1.3312712559744997, 4: 1.3206078496192377, 3: 1.3340091411815798, 5: 1.3139379365873514, 1: 1.3220226792674636, 8: 1.3235137572220175, 7: 1.3210377151513755}
2024-05-21 16:01:55 - INFO     - 0.12222222222222222, 0.15555555555555556, 0.09259259259259259, 0.12962962962962962, 0.10740740740740741, 0.16296296296296298, 0.13703703703703704, 0.1111111111111111, 0.1111111111111111, 0.1037037037037037
2024-05-21 16:01:55 - WARNING  - Epoch: 0, Sum of Accs: 1.233, Sum of s_i: 13.217249940695746
2024-05-21 16:01:59 - INFO     - {6: 1.5412270440466922, 9: 1.5286775669540436, 0: 1.5204516816885398, 2: 1.5441179726113818, 4: 1.5378086425727584, 3: 1.5434017172399868, 5: 1.5252876428770816, 1: 1.5379443527697896, 8: 1.5403923379012394, 7: 1.5283206756549013}
2024-05-21 16:01:59 - INFO     - 0.08518518518518518, 0.11851851851851852, 0.07777777777777778, 0.10740740740740741, 0.0962962962962963, 0.12962962962962962, 0.09259259259259259, 0.07777777777777778, 0.08518518518518518, 0.08888888888888889
2024-05-21 16:01:59 - WARNING  - Epoch: 1, Sum of Accs: 0.959, Sum of s_i: 15.347629634316416
2024-05-21 16:02:03 - INFO     - {6: 1.7172785396534724, 9: 1.7023585990285401, 0: 1.693996969013634, 2: 1.7134671096578, 4: 1.7041662897264207, 3: 1.7137077702928698, 5: 1.6981416090834305, 1: 1.7028800242859108, 8: 1.7171313189112853, 7: 1.6955348613821424}
2024-05-21 16:02:03 - INFO     - 0.12962962962962962, 0.16296296296296298, 0.14814814814814814, 0.16296296296296298, 0.16666666666666666, 0.17407407407407408, 0.18888888888888888, 0.11851851851851852, 0.15555555555555556, 0.15925925925925927
2024-05-21 16:02:03 - WARNING  - Epoch: 2, Sum of Accs: 1.567, Sum of s_i: 17.058663091035505
2024-05-21 16:02:08 - INFO     - {6: 1.860901089871994, 9: 1.856217629243777, 0: 1.8449875869950765, 2: 1.8595529143782703, 4: 1.8553835981963651, 3: 1.858433704948131, 5: 1.847040929636936, 1: 1.8506211578812308, 8: 1.8578990185287398, 7: 1.847659923426923}
2024-05-21 16:02:08 - INFO     - 0.13333333333333333, 0.17407407407407408, 0.17777777777777778, 0.16666666666666666, 0.16666666666666666, 0.16296296296296298, 0.1962962962962963, 0.13703703703703704, 0.13703703703703704, 0.15925925925925927
2024-05-21 16:02:08 - WARNING  - Epoch: 3, Sum of Accs: 1.611, Sum of s_i: 18.538697553107447
2024-05-21 16:02:12 - INFO     - {6: 1.9892100780349682, 9: 1.9904006404896761, 0: 1.9736031845883206, 2: 1.9915805691334827, 4: 1.9920540839611571, 3: 1.9924526010464465, 5: 1.9820291505485657, 1: 1.9821281289231696, 8: 1.9876920651960148, 7: 1.9783040388167898}
2024-05-21 16:02:12 - INFO     - 0.09259259259259259, 0.14814814814814814, 0.14814814814814814, 0.14074074074074075, 0.13703703703703704, 0.1259259259259259, 0.15925925925925927, 0.1111111111111111, 0.11851851851851852, 0.13333333333333333
2024-05-21 16:02:12 - WARNING  - Epoch: 4, Sum of Accs: 1.315, Sum of s_i: 19.859454540738593
2024-05-21 16:02:16 - INFO     - {6: 2.1062745452582163, 9: 2.1124987635485644, 0: 2.0921797487537526, 2: 2.109779552444807, 4: 2.112670509783903, 3: 2.1149547955404557, 5: 2.100289723945756, 1: 2.0990536939724502, 8: 2.1090100190729046, 7: 2.1030562640467942}
2024-05-21 16:02:16 - INFO     - 0.08888888888888889, 0.12962962962962962, 0.14074074074074075, 0.12222222222222222, 0.12962962962962962, 0.09259259259259259, 0.14814814814814814, 0.1, 0.10740740740740741, 0.1111111111111111
2024-05-21 16:02:16 - WARNING  - Epoch: 5, Sum of Accs: 1.170, Sum of s_i: 21.05976761636761
2024-05-21 16:02:21 - INFO     - {6: 2.2259867369478807, 9: 2.217935493138006, 0: 2.2002175428195456, 2: 2.2188883778463158, 4: 2.218377543116647, 3: 2.222694094397848, 5: 2.209796866404006, 1: 2.2100663887099623, 8: 2.2171325036506815, 7: 2.213502243358946}
2024-05-21 16:02:21 - INFO     - 0.08518518518518518, 0.11851851851851852, 0.13703703703703704, 0.11481481481481481, 0.11851851851851852, 0.08518518518518518, 0.14444444444444443, 0.0962962962962963, 0.08888888888888889, 0.10740740740740741
2024-05-21 16:02:21 - WARNING  - Epoch: 6, Sum of Accs: 1.096, Sum of s_i: 22.15459779038984
2024-05-21 16:02:25 - INFO     - {6: 2.3306622744453476, 9: 2.3189354642984457, 0: 2.3065247238597473, 2: 2.322409203540683, 4: 2.323815648403614, 3: 2.3169346641711592, 5: 2.3077290857044135, 1: 2.3141881487489444, 8: 2.3178619403957748, 7: 2.3159579411926643}
2024-05-21 16:02:25 - INFO     - 0.12222222222222222, 0.18888888888888888, 0.1814814814814815, 0.16296296296296298, 0.15555555555555556, 0.14814814814814814, 0.18518518518518517, 0.15185185185185185, 0.14074074074074075, 0.16666666666666666
2024-05-21 16:02:25 - WARNING  - Epoch: 7, Sum of Accs: 1.604, Sum of s_i: 23.175019094760795
2024-05-21 16:02:29 - INFO     - {6: 2.4244985573302897, 9: 2.412522629117365, 0: 2.400312831269189, 2: 2.41945333145401, 4: 2.417598869010065, 3: 2.4180285002720985, 5: 2.402701668854573, 1: 2.4091982087695167, 8: 2.414226796573509, 7: 2.41495094113871}
2024-05-21 16:02:29 - INFO     - 0.22962962962962963, 0.27037037037037037, 0.25925925925925924, 0.24444444444444444, 0.21851851851851853, 0.24814814814814815, 0.22592592592592592, 0.23333333333333334, 0.23703703703703705, 0.23333333333333334
2024-05-21 16:02:29 - WARNING  - Epoch: 8, Sum of Accs: 2.400, Sum of s_i: 24.133492333789327
2024-05-21 16:02:34 - INFO     - {6: 2.515641244715945, 9: 2.5053338394266076, 0: 2.4968546285343214, 2: 2.5055564307186744, 4: 2.5052792494553793, 3: 2.5107771161165453, 5: 2.4948352634815274, 1: 2.50526565106027, 8: 2.5034098391996755, 7: 2.503204691801644}
2024-05-21 16:02:34 - INFO     - 0.2962962962962963, 0.3333333333333333, 0.3037037037037037, 0.3074074074074074, 0.25925925925925924, 0.31851851851851853, 0.26296296296296295, 0.3037037037037037, 0.2851851851851852, 0.27037037037037037
2024-05-21 16:02:34 - WARNING  - Epoch: 9, Sum of Accs: 2.941, Sum of s_i: 25.04615795451059
2024-05-21 16:02:39 - INFO     - {6: 2.602123863921287, 9: 2.5918190466508806, 0: 2.584771873965369, 2: 2.59135177938103, 4: 2.589941304575629, 3: 2.5901253296027864, 5: 2.581827731730986, 1: 2.591178757681794, 8: 2.585492207441391, 7: 2.591213126365399}
2024-05-21 16:02:39 - INFO     - 0.34444444444444444, 0.3851851851851852, 0.3592592592592593, 0.37407407407407406, 0.31851851851851853, 0.37037037037037035, 0.34074074074074073, 0.3592592592592593, 0.337037037037037, 0.3296296296296296
2024-05-21 16:02:39 - WARNING  - Epoch: 10, Sum of Accs: 3.519, Sum of s_i: 25.899845021316555
2024-05-21 16:02:43 - INFO     - {6: 2.685280377194273, 9: 2.672194302353489, 0: 2.666274716406264, 2: 2.672152276368785, 4: 2.671986787081704, 3: 2.6715936700928182, 5: 2.658913911136514, 1: 2.672389907482118, 8: 2.6647359457577338, 7: 2.674902252501656}
2024-05-21 16:02:43 - INFO     - 0.4777777777777778, 0.4777777777777778, 0.45185185185185184, 0.4925925925925926, 0.4111111111111111, 0.4740740740740741, 0.42592592592592593, 0.42962962962962964, 0.4074074074074074, 0.44074074074074077
2024-05-21 16:02:43 - WARNING  - Epoch: 11, Sum of Accs: 4.489, Sum of s_i: 26.710424146375352
2024-05-21 16:02:47 - INFO     - {6: 2.7635158816720624, 9: 2.7492508580530144, 0: 2.743752386193131, 2: 2.750014017572127, 4: 2.7485475754957474, 3: 2.7472411391888967, 5: 2.73868275738692, 1: 2.7485669278917517, 8: 2.7445394585296876, 7: 2.7561256830171152}
2024-05-21 16:02:47 - INFO     - 0.5444444444444444, 0.5333333333333333, 0.5407407407407407, 0.5444444444444444, 0.48148148148148145, 0.5592592592592592, 0.5037037037037037, 0.5074074074074074, 0.5, 0.5111111111111111
2024-05-21 16:02:47 - WARNING  - Epoch: 12, Sum of Accs: 5.226, Sum of s_i: 27.49023668500045
2024-05-21 16:02:52 - INFO     - {6: 2.8386579754735886, 9: 2.825581776383225, 0: 2.8172956680250896, 2: 2.8261062124873186, 4: 2.824550359762824, 3: 2.8184948912292356, 5: 2.8142671383933298, 1: 2.8199406386316657, 8: 2.8196093721802704, 7: 2.8306607121064973}
2024-05-21 16:02:52 - INFO     - 0.6111111111111112, 0.5592592592592592, 0.5703703703703704, 0.5851851851851851, 0.5518518518518518, 0.6148148148148148, 0.5555555555555556, 0.5666666666666667, 0.5518518518518518, 0.5518518518518518
2024-05-21 16:02:52 - WARNING  - Epoch: 13, Sum of Accs: 5.719, Sum of s_i: 28.235164744673042
2024-05-21 16:02:56 - INFO     - {6: 2.9112741233486172, 9: 2.896908558223139, 0: 2.89310760040147, 2: 2.8999613403961852, 4: 2.8969959991469434, 3: 2.889092096241571, 5: 2.8858500651431758, 1: 2.893931648330748, 8: 2.889315781388907, 7: 2.899983825661962}
2024-05-21 16:02:56 - INFO     - 0.6481481481481481, 0.5777777777777777, 0.5925925925925926, 0.6074074074074074, 0.5777777777777777, 0.6407407407407407, 0.5925925925925926, 0.5962962962962963, 0.5703703703703704, 0.5888888888888889
2024-05-21 16:02:56 - WARNING  - Epoch: 14, Sum of Accs: 5.993, Sum of s_i: 28.95642103828272
2024-05-21 16:03:01 - INFO     - {6: 2.9784091139635103, 9: 2.9637153912605667, 0: 2.9576812503757828, 2: 2.972074134586193, 4: 2.966352134971917, 3: 2.9572061454713023, 5: 2.954824330367131, 1: 2.965868461106436, 8: 2.9586900275742427, 7: 2.969076907283566}
2024-05-21 16:03:01 - INFO     - 0.662962962962963, 0.5962962962962963, 0.6074074074074074, 0.6185185185185185, 0.6, 0.6444444444444445, 0.6148148148148148, 0.6037037037037037, 0.5888888888888889, 0.6037037037037037
2024-05-21 16:03:01 - WARNING  - Epoch: 15, Sum of Accs: 6.141, Sum of s_i: 29.64389789696065
2024-05-21 16:03:05 - INFO     - {6: 3.0439783463002072, 9: 3.0266897593507434, 0: 3.0255883371026333, 2: 3.0405995976503393, 4: 3.032547210470706, 3: 3.01979014678123, 5: 3.022489795467001, 1: 3.0308169871413324, 8: 3.026058219333788, 7: 3.0355557992012843}
2024-05-21 16:03:05 - INFO     - 0.6814814814814815, 0.6148148148148148, 0.6222222222222222, 0.6370370370370371, 0.6296296296296297, 0.6481481481481481, 0.6296296296296297, 0.6333333333333333, 0.6222222222222222, 0.6148148148148148
2024-05-21 16:03:05 - WARNING  - Epoch: 16, Sum of Accs: 6.333, Sum of s_i: 30.30411419879926
2024-05-21 16:03:10 - INFO     - {6: 3.1087200976596567, 9: 3.0900107543248976, 0: 3.091835581789321, 2: 3.105443404505903, 4: 3.0972614350539294, 3: 3.0851074199567137, 5: 3.088386286478918, 1: 3.0965352490307625, 8: 3.0912099013155596, 7: 3.0978893905069413}
2024-05-21 16:03:10 - INFO     - 0.6666666666666666, 0.6111111111111112, 0.6481481481481481, 0.6259259259259259, 0.6222222222222222, 0.6851851851851852, 0.6222222222222222, 0.6444444444444445, 0.6037037037037037, 0.6148148148148148
2024-05-21 16:03:10 - WARNING  - Epoch: 17, Sum of Accs: 6.344, Sum of s_i: 30.952399520622603
2024-05-21 16:03:15 - INFO     - {6: 3.1686906913450357, 9: 3.1546340417288308, 0: 3.1530292981558654, 2: 3.1669957980728576, 4: 3.1586287481873287, 3: 3.1508931160407236, 5: 3.1493843598515237, 1: 3.1580960641743197, 8: 3.1540612788703175, 7: 3.1597127794609476}
2024-05-21 16:03:15 - INFO     - 0.5814814814814815, 0.5074074074074074, 0.5, 0.5222222222222223, 0.5333333333333333, 0.5370370370370371, 0.48518518518518516, 0.5444444444444444, 0.5185185185185185, 0.4925925925925926
2024-05-21 16:03:15 - WARNING  - Epoch: 18, Sum of Accs: 5.222, Sum of s_i: 31.57412617588775
2024-05-21 16:03:19 - INFO     - {6: 3.229763877146818, 9: 3.2139680394011796, 0: 3.2129263132913923, 2: 3.2284065516153593, 4: 3.217725366393785, 3: 3.2136151829397717, 5: 3.2130559556539438, 1: 3.222317157060447, 8: 3.21658925294806, 7: 3.224393678350537}
2024-05-21 16:03:19 - INFO     - 0.07407407407407407, 0.09259259259259259, 0.1259259259259259, 0.0962962962962963, 0.10740740740740741, 0.07037037037037037, 0.1259259259259259, 0.07037037037037037, 0.08148148148148149, 0.08518518518518518
2024-05-21 16:03:19 - WARNING  - Epoch: 19, Sum of Accs: 0.930, Sum of s_i: 32.19276137480129
2024-05-21 16:03:24 - INFO     - {6: 3.28849732719716, 9: 3.270326674836237, 0: 3.2730366617094813, 2: 3.285777130507265, 4: 3.277600928150729, 3: 3.272376783740021, 5: 3.272211671599242, 1: 3.2828459745087244, 8: 3.276943823387771, 7: 3.285338666190949}
2024-05-21 16:03:24 - INFO     - 0.1962962962962963, 0.21851851851851853, 0.1814814814814815, 0.22962962962962963, 0.1962962962962963, 0.23333333333333334, 0.1925925925925926, 0.18888888888888888, 0.17037037037037037, 0.23333333333333334
2024-05-21 16:03:24 - WARNING  - Epoch: 20, Sum of Accs: 2.041, Sum of s_i: 32.78495564182758
2024-05-21 16:03:28 - INFO     - {6: 3.3437681189937023, 9: 3.3301214531837284, 0: 3.332010792599854, 2: 3.342694046387112, 4: 3.3337138073152266, 3: 3.328295567885425, 5: 3.329726319392268, 1: 3.3418541775921957, 8: 3.3324399891442895, 7: 3.3397417381097636}
2024-05-21 16:03:28 - INFO     - 0.27037037037037037, 0.24444444444444444, 0.2037037037037037, 0.2518518518518518, 0.23333333333333334, 0.2777777777777778, 0.22592592592592592, 0.24444444444444444, 0.21481481481481482, 0.26296296296296295
2024-05-21 16:03:28 - WARNING  - Epoch: 21, Sum of Accs: 2.430, Sum of s_i: 33.35436601060357
2024-05-21 16:03:33 - INFO     - {6: 3.4001598569592906, 9: 3.384154705931317, 0: 3.387063577442981, 2: 3.3987084623604202, 4: 3.3910601848351645, 3: 3.3829719859086476, 5: 3.385503372421009, 1: 3.3955226586220064, 8: 3.3887966676117633, 7: 3.3948969520895074}
2024-05-21 16:03:33 - INFO     - 0.3, 0.29259259259259257, 0.24814814814814815, 0.3074074074074074, 0.2518518518518518, 0.337037037037037, 0.24444444444444444, 0.29259259259259257, 0.22592592592592592, 0.29259259259259257
2024-05-21 16:03:33 - WARNING  - Epoch: 22, Sum of Accs: 2.793, Sum of s_i: 33.90883842418211
2024-05-21 16:03:37 - INFO     - {6: 3.4538542623013737, 9: 3.438650075708393, 0: 3.4421511004837098, 2: 3.4510281056902943, 4: 3.4453839245834748, 3: 3.437176380329596, 5: 3.43809590073863, 1: 3.4505951972381923, 8: 3.4408886436319737, 7: 3.4508537716905563}
2024-05-21 16:03:37 - INFO     - 0.34074074074074073, 0.3148148148148148, 0.27037037037037037, 0.337037037037037, 0.28888888888888886, 0.3592592592592593, 0.2740740740740741, 0.31851851851851853, 0.24814814814814815, 0.3
2024-05-21 16:03:37 - WARNING  - Epoch: 23, Sum of Accs: 3.052, Sum of s_i: 34.4486773623962
2024-05-21 16:03:42 - INFO     - {6: 3.5048233505173467, 9: 3.4932719895791275, 0: 3.494646608612203, 2: 3.5042569572699436, 4: 3.4987730567478703, 3: 3.490477743094371, 5: 3.493934448640578, 1: 3.504227870545791, 8: 3.4949238187803044, 7: 3.503786963443859}
2024-05-21 16:03:42 - INFO     - 0.37407407407407406, 0.3296296296296296, 0.2777777777777778, 0.34814814814814815, 0.2962962962962963, 0.36666666666666664, 0.27037037037037037, 0.337037037037037, 0.2777777777777778, 0.3148148148148148
2024-05-21 16:03:42 - WARNING  - Epoch: 24, Sum of Accs: 3.193, Sum of s_i: 34.983122807231396
2024-05-21 16:03:47 - INFO     - {6: 3.5574444386237483, 9: 3.5424785949471476, 0: 3.5490966936675274, 2: 3.556370372177757, 4: 3.5502555205045443, 3: 3.5419578816710353, 5: 3.5454114758358863, 1: 3.5572269079921166, 8: 3.545130851460274, 7: 3.554543917436681}
2024-05-21 16:03:47 - INFO     - 0.3925925925925926, 0.34444444444444444, 0.2777777777777778, 0.3592592592592593, 0.3, 0.36666666666666664, 0.27037037037037037, 0.34814814814814815, 0.2814814814814815, 0.32222222222222224
2024-05-21 16:03:47 - WARNING  - Epoch: 25, Sum of Accs: 3.263, Sum of s_i: 35.49991665431672
2024-05-21 16:03:51 - INFO     - {6: 3.6093513806409683, 9: 3.5929092911877527, 0: 3.597921522762262, 2: 3.606540283888628, 4: 3.5998926203445247, 3: 3.592780176122852, 5: 3.59649946059482, 1: 3.6064474117158043, 8: 3.5969351270459953, 7: 3.603978885865053}
2024-05-21 16:03:51 - INFO     - 0.3925925925925926, 0.35185185185185186, 0.29259259259259257, 0.36666666666666664, 0.3074074074074074, 0.37777777777777777, 0.2740740740740741, 0.34074074074074073, 0.29259259259259257, 0.32592592592592595
2024-05-21 16:03:51 - WARNING  - Epoch: 26, Sum of Accs: 3.322, Sum of s_i: 36.00325616016866
2024-05-21 16:03:56 - INFO     - {6: 3.6596590438962266, 9: 3.644711649382316, 0: 3.646720250307703, 2: 3.656663548308674, 4: 3.652447551548981, 3: 3.642848531633643, 5: 3.6463761621584396, 1: 3.6580772136984874, 8: 3.6486850072216135, 7: 3.6535607550088263}
2024-05-21 16:03:56 - INFO     - 0.3851851851851852, 0.35185185185185186, 0.29259259259259257, 0.362962962962963, 0.3111111111111111, 0.3851851851851852, 0.2851851851851852, 0.34444444444444444, 0.2962962962962963, 0.337037037037037
2024-05-21 16:03:56 - WARNING  - Epoch: 27, Sum of Accs: 3.352, Sum of s_i: 36.50974971316491
2024-05-21 16:04:01 - INFO     - {6: 3.7081734987396784, 9: 3.69171737691318, 0: 3.6967319565485974, 2: 3.7079868877759883, 4: 3.701776933969328, 3: 3.6930479062609542, 5: 3.694307805084325, 1: 3.708289349192359, 8: 3.697200759196052, 7: 3.7004813611182916}
2024-05-21 16:04:01 - INFO     - 0.3814814814814815, 0.35185185185185186, 0.3, 0.362962962962963, 0.3111111111111111, 0.3925925925925926, 0.2814814814814815, 0.34444444444444444, 0.2962962962962963, 0.32592592592592595
2024-05-21 16:04:01 - WARNING  - Epoch: 28, Sum of Accs: 3.348, Sum of s_i: 36.999713834798754
2024-05-21 16:04:05 - INFO     - {6: 3.7573332354387095, 9: 3.740906750401949, 0: 3.7461081233811395, 2: 3.7536506586272043, 4: 3.7492919574219865, 3: 3.7426147003633723, 5: 3.7439202606711692, 1: 3.7542650077633786, 8: 3.7469993658161465, 7: 3.7471007204436497}
2024-05-21 16:04:05 - INFO     - 0.3814814814814815, 0.34814814814814815, 0.3, 0.35555555555555557, 0.3074074074074074, 0.3925925925925926, 0.2814814814814815, 0.337037037037037, 0.3, 0.32592592592592595
2024-05-21 16:04:05 - WARNING  - Epoch: 29, Sum of Accs: 3.330, Sum of s_i: 37.4821907803287
2024-05-21 16:04:10 - INFO     - {6: 3.8055424537464178, 9: 3.7874420484637907, 0: 3.791387156137232, 2: 3.801848725187178, 4: 3.7935688115051662, 3: 3.790468688499128, 5: 3.7911548563050044, 1: 3.80177372099689, 8: 3.793681468911531, 7: 3.7925855237534076}
2024-05-21 16:04:10 - INFO     - 0.3851851851851852, 0.34444444444444444, 0.3, 0.34814814814814815, 0.3074074074074074, 0.3925925925925926, 0.2740740740740741, 0.337037037037037, 0.3074074074074074, 0.3296296296296296
2024-05-21 16:04:10 - WARNING  - Epoch: 30, Sum of Accs: 3.326, Sum of s_i: 37.94945345350575
2024-05-21 16:04:14 - INFO     - {6: 3.8498957343161253, 9: 3.831343460660161, 0: 3.8382665151139217, 2: 3.846521319797996, 4: 3.838171409367132, 3: 3.838045293615978, 5: 3.834681849744852, 1: 3.849134978670916, 8: 3.838428724308518, 7: 3.838057402175083}
2024-05-21 16:04:14 - INFO     - 0.3888888888888889, 0.35185185185185186, 0.2962962962962963, 0.34444444444444444, 0.3148148148148148, 0.3888888888888889, 0.2740740740740741, 0.337037037037037, 0.31851851851851853, 0.3333333333333333
2024-05-21 16:04:14 - WARNING  - Epoch: 31, Sum of Accs: 3.348, Sum of s_i: 38.40254668777069
2024-05-21 16:04:19 - INFO     - {6: 3.893866403780303, 9: 3.8774688445084973, 0: 3.886410980541165, 2: 3.8907958526209585, 4: 3.884965400873302, 3: 3.8835051895286403, 5: 3.8797634977578253, 1: 3.8927336094888467, 8: 3.8840252492463883, 7: 3.8819471110761268}
2024-05-21 16:04:19 - INFO     - 0.40370370370370373, 0.35555555555555557, 0.3, 0.34444444444444444, 0.32592592592592595, 0.3888888888888889, 0.2814814814814815, 0.34444444444444444, 0.31851851851851853, 0.337037037037037
2024-05-21 16:04:19 - WARNING  - Epoch: 32, Sum of Accs: 3.400, Sum of s_i: 38.85548213942205
2024-05-21 16:04:23 - INFO     - {6: 3.937684662295054, 9: 3.9214785738938707, 0: 3.929754391471013, 2: 3.935380058702642, 4: 3.927917899415639, 3: 3.925507209872365, 5: 3.9244074240030433, 1: 3.9380071975923534, 8: 3.9274721027068735, 7: 3.9247279007387537}
2024-05-21 16:04:23 - INFO     - 0.4148148148148148, 0.37777777777777777, 0.3, 0.34814814814814815, 0.34814814814814815, 0.3962962962962963, 0.28888888888888886, 0.34814814814814815, 0.32592592592592595, 0.34444444444444444
2024-05-21 16:04:23 - WARNING  - Epoch: 33, Sum of Accs: 3.493, Sum of s_i: 39.2923374206916
2024-05-21 16:04:28 - INFO     - {6: 3.9823384675590536, 9: 3.968108992696673, 0: 3.9764615439251663, 2: 3.9796658235176325, 4: 3.9723962401850343, 3: 3.968923729356377, 5: 3.9702896043690488, 1: 3.982006541135134, 8: 3.969850017858436, 7: 3.966206059279324}
2024-05-21 16:04:28 - INFO     - 0.42592592592592593, 0.3925925925925926, 0.32222222222222224, 0.35555555555555557, 0.362962962962963, 0.4148148148148148, 0.29259259259259257, 0.362962962962963, 0.337037037037037, 0.35185185185185186
2024-05-21 16:04:28 - WARNING  - Epoch: 34, Sum of Accs: 3.619, Sum of s_i: 39.73624701988188
2024-05-21 16:04:33 - INFO     - {6: 4.025657706655437, 9: 4.010174759192651, 0: 4.020106962559358, 2: 4.0241786080416855, 4: 4.016719200408651, 3: 4.01282223518581, 5: 4.014590853160094, 1: 4.024909771157971, 8: 4.014601059365545, 7: 4.008490193860179}
2024-05-21 16:04:33 - INFO     - 0.43703703703703706, 0.3962962962962963, 0.34074074074074073, 0.36666666666666664, 0.37777777777777777, 0.42592592592592593, 0.3148148148148148, 0.37037037037037035, 0.35185185185185186, 0.37037037037037035
2024-05-21 16:04:33 - WARNING  - Epoch: 35, Sum of Accs: 3.752, Sum of s_i: 40.17225134958738
2024-05-21 16:04:37 - INFO     - {6: 4.066515796026744, 9: 4.051194756583977, 0: 4.0613624733064615, 2: 4.066774667558439, 4: 4.056688819758486, 3: 4.054962473647461, 5: 4.0581886657034945, 1: 4.064890794943756, 8: 4.057150195017307, 7: 4.050458015533417}
2024-05-21 16:04:37 - INFO     - 0.4666666666666667, 0.4074074074074074, 0.362962962962963, 0.3888888888888889, 0.3888888888888889, 0.44074074074074077, 0.35555555555555557, 0.3851851851851852, 0.37037037037037035, 0.3851851851851852
2024-05-21 16:04:37 - WARNING  - Epoch: 36, Sum of Accs: 3.952, Sum of s_i: 40.58818665807954
2024-05-21 16:04:42 - INFO     - {6: 4.108659977347366, 9: 4.090668152437393, 0: 4.1010262571312435, 2: 4.108846062464717, 4: 4.098778513352813, 3: 4.095824065605241, 5: 4.101336162222568, 1: 4.105714684952661, 8: 4.098843811622956, 7: 4.092798024219888}
2024-05-21 16:04:42 - INFO     - 0.4962962962962963, 0.43703703703703706, 0.4111111111111111, 0.43333333333333335, 0.44814814814814813, 0.48518518518518516, 0.4, 0.4185185185185185, 0.43333333333333335, 0.4222222222222222
2024-05-21 16:04:42 - WARNING  - Epoch: 37, Sum of Accs: 4.385, Sum of s_i: 41.00249571135684
2024-05-21 16:04:47 - INFO     - {6: 4.148082935964065, 9: 4.131625940928951, 0: 4.142379636106802, 2: 4.148932290889009, 4: 4.140192443087826, 3: 4.137405041261624, 5: 4.141494024410513, 1: 4.148124374832056, 8: 4.139868151801164, 7: 4.133461739774645}
2024-05-21 16:04:47 - INFO     - 0.5555555555555556, 0.4666666666666667, 0.46296296296296297, 0.4777777777777778, 0.48148148148148145, 0.5148148148148148, 0.4777777777777778, 0.45555555555555555, 0.4740740740740741, 0.48148148148148145
2024-05-21 16:04:47 - WARNING  - Epoch: 38, Sum of Accs: 4.848, Sum of s_i: 41.41156657905666
2024-05-21 16:04:52 - INFO     - {6: 4.189821377386868, 9: 4.172849082623282, 0: 4.180892916640206, 2: 4.19087096465352, 4: 4.180066700912065, 3: 4.177491268392579, 5: 4.179871190996289, 1: 4.1899975494387425, 8: 4.179721683669187, 7: 4.172501613738335}
2024-05-21 16:04:52 - INFO     - 0.5925925925925926, 0.5222222222222223, 0.5, 0.5074074074074074, 0.5222222222222223, 0.5370370370370371, 0.5037037037037037, 0.5, 0.5111111111111111, 0.5148148148148148
2024-05-21 16:04:52 - WARNING  - Epoch: 39, Sum of Accs: 5.211, Sum of s_i: 41.81408434845107
2024-05-21 16:04:56 - INFO     - {6: 4.230288449888714, 9: 4.2130032215399265, 0: 4.22229042036649, 2: 4.2307559733387405, 4: 4.221339763214658, 3: 4.217244554450776, 5: 4.219279699522686, 1: 4.229604982495637, 8: 4.21672762556399, 7: 4.210748844251469}
2024-05-21 16:04:56 - INFO     - 0.6074074074074074, 0.5555555555555556, 0.5333333333333333, 0.5444444444444444, 0.5555555555555556, 0.5592592592592592, 0.5222222222222223, 0.5296296296296297, 0.5370370370370371, 0.5407407407407407
2024-05-21 16:04:56 - WARNING  - Epoch: 40, Sum of Accs: 5.485, Sum of s_i: 42.21128353463309
2024-05-21 16:05:01 - INFO     - {6: 4.26977129618133, 9: 4.2500330233522, 0: 4.260317392849246, 2: 4.2721644108731756, 4: 4.257284534975651, 3: 4.257673499518062, 5: 4.259008154276756, 1: 4.269116228592963, 8: 4.255926542227127, 7: 4.251707247258767}
2024-05-21 16:05:01 - INFO     - 0.6296296296296297, 0.5814814814814815, 0.5592592592592592, 0.5740740740740741, 0.5740740740740741, 0.5814814814814815, 0.5555555555555556, 0.562962962962963, 0.5518518518518518, 0.5592592592592592
2024-05-21 16:05:01 - WARNING  - Epoch: 41, Sum of Accs: 5.730, Sum of s_i: 42.60300233010528
2024-05-21 16:05:06 - INFO     - {6: 4.3088674238940055, 9: 4.28777981485467, 0: 4.299511735306756, 2: 4.310388561550739, 4: 4.296849442373048, 3: 4.296210743558812, 5: 4.297972056745374, 1: 4.307703291202113, 8: 4.29394755810925, 7: 4.287205143079363}
2024-05-21 16:05:06 - INFO     - 0.6407407407407407, 0.5925925925925926, 0.5777777777777777, 0.6074074074074074, 0.5962962962962963, 0.6111111111111112, 0.5814814814814815, 0.5740740740740741, 0.562962962962963, 0.5666666666666667
2024-05-21 16:05:06 - WARNING  - Epoch: 42, Sum of Accs: 5.911, Sum of s_i: 42.986435770674134
2024-05-21 16:05:10 - INFO     - {6: 4.345412409081487, 9: 4.325158458954359, 0: 4.339380567217871, 2: 4.346283589564389, 4: 4.335235449900278, 3: 4.334485981523458, 5: 4.336472647028528, 1: 4.345735736630941, 8: 4.3315823815887375, 7: 4.324819892601136}
2024-05-21 16:05:10 - INFO     - 0.6555555555555556, 0.6, 0.5962962962962963, 0.6111111111111112, 0.6185185185185185, 0.6333333333333333, 0.5925925925925926, 0.5814814814814815, 0.5666666666666667, 0.5925925925925926
2024-05-21 16:05:10 - WARNING  - Epoch: 43, Sum of Accs: 6.048, Sum of s_i: 43.36456711409118
2024-05-21 16:05:15 - INFO     - {6: 4.383091810823888, 9: 4.362093292617462, 0: 4.377656472522924, 2: 4.383822479520364, 4: 4.372643620066663, 3: 4.371834520887317, 5: 4.373019836755395, 1: 4.382297400690081, 8: 4.3672776798848725, 7: 4.362698832662828}
2024-05-21 16:05:15 - INFO     - 0.6703703703703704, 0.6259259259259259, 0.6222222222222222, 0.6481481481481481, 0.6148148148148148, 0.6444444444444445, 0.6074074074074074, 0.5925925925925926, 0.6148148148148148, 0.6074074074074074
2024-05-21 16:05:15 - WARNING  - Epoch: 44, Sum of Accs: 6.248, Sum of s_i: 43.7364359464318
2024-05-21 16:05:20 - INFO     - {6: 4.419096559021777, 9: 4.3986943011098445, 0: 4.413844964755831, 2: 4.422155648628549, 4: 4.408434292647884, 3: 4.409498525216662, 5: 4.409561282411998, 1: 4.417544249752578, 8: 4.404211209853888, 7: 4.399908947389205}
2024-05-21 16:05:20 - INFO     - 0.674074074074074, 0.5703703703703704, 0.5814814814814815, 0.6, 0.6037037037037037, 0.6481481481481481, 0.5888888888888889, 0.5888888888888889, 0.5925925925925926, 0.5703703703703704
2024-05-21 16:05:20 - WARNING  - Epoch: 45, Sum of Accs: 6.019, Sum of s_i: 44.102949980788225
2024-05-21 16:05:25 - INFO     - {6: 4.455625834434593, 9: 4.4351842159965305, 0: 4.450115174793295, 2: 4.460429052121826, 4: 4.446149839381605, 3: 4.447839295910633, 5: 4.448059846053616, 1: 4.454010155548374, 8: 4.439609832379274, 7: 4.436822891497658}
2024-05-21 16:05:25 - INFO     - 0.37407407407407406, 0.35185185185185186, 0.4148148148148148, 0.4, 0.37777777777777777, 0.4185185185185185, 0.34814814814814815, 0.3851851851851852, 0.3592592592592593, 0.37777777777777777
2024-05-21 16:05:25 - WARNING  - Epoch: 46, Sum of Accs: 3.807, Sum of s_i: 44.47384613811741
2024-05-21 16:05:30 - INFO     - {6: 4.490244859444243, 9: 4.471674174296271, 0: 4.488521414515133, 2: 4.497572671014039, 4: 4.4813129538532035, 3: 4.482680619346733, 5: 4.485302594079753, 1: 4.490568289989226, 8: 4.475336791904055, 7: 4.4701226508358065}
2024-05-21 16:05:30 - INFO     - 0.48148148148148145, 0.45925925925925926, 0.43333333333333335, 0.45185185185185184, 0.45555555555555555, 0.5037037037037037, 0.3962962962962963, 0.5148148148148148, 0.4185185185185185, 0.45555555555555555
2024-05-21 16:05:30 - WARNING  - Epoch: 47, Sum of Accs: 4.570, Sum of s_i: 44.83333701927847
2024-05-21 16:05:34 - INFO     - {6: 4.526390213888407, 9: 4.506807624081906, 0: 4.5265820056219255, 2: 4.533366077209872, 4: 4.516896236865757, 3: 4.516667761764562, 5: 4.51888292962863, 1: 4.525968423577333, 8: 4.509078793711682, 7: 4.5039735453278595}
2024-05-21 16:05:34 - INFO     - 0.6444444444444445, 0.5925925925925926, 0.5962962962962963, 0.5851851851851851, 0.5592592592592592, 0.6222222222222222, 0.562962962962963, 0.6296296296296297, 0.6, 0.6074074074074074
2024-05-21 16:05:34 - WARNING  - Epoch: 48, Sum of Accs: 6.000, Sum of s_i: 45.18461361167793
2024-05-21 16:05:39 - INFO     - {6: 4.562068674508953, 9: 4.541636672965014, 0: 4.561457365043575, 2: 4.569372336276201, 4: 4.550986797868959, 3: 4.553956662333848, 5: 4.553876243246053, 1: 4.561356189189996, 8: 4.543959571948234, 7: 4.536862128146041}
2024-05-21 16:05:39 - INFO     - 0.662962962962963, 0.6222222222222222, 0.5814814814814815, 0.6037037037037037, 0.5666666666666667, 0.6518518518518519, 0.5851851851851851, 0.6296296296296297, 0.5925925925925926, 0.6074074074074074
2024-05-21 16:05:39 - WARNING  - Epoch: 49, Sum of Accs: 6.104, Sum of s_i: 45.53553264152687
2024-05-21 16:05:44 - INFO     - {6: 4.5980772007056565, 9: 4.575824332043366, 0: 4.596620331367328, 2: 4.603831538789891, 4: 4.583488744091637, 3: 4.58822208808812, 5: 4.588243391246403, 1: 4.595855500459802, 8: 4.577442602541523, 7: 4.572091607603418}
2024-05-21 16:05:44 - INFO     - 0.674074074074074, 0.6111111111111112, 0.5814814814814815, 0.6148148148148148, 0.5814814814814815, 0.6666666666666666, 0.6111111111111112, 0.6518518518518519, 0.6222222222222222, 0.6037037037037037
2024-05-21 16:05:44 - WARNING  - Epoch: 50, Sum of Accs: 6.219, Sum of s_i: 45.87969733693715
2024-05-21 16:05:49 - INFO     - {6: 4.632954467589923, 9: 4.60968577049346, 0: 4.631033218150495, 2: 4.637090166643659, 4: 4.6170503196450765, 3: 4.622560533014805, 5: 4.624339075527553, 1: 4.630082858328063, 8: 4.611006692975524, 7: 4.605893888967662}
2024-05-21 16:05:49 - INFO     - 0.7555555555555555, 0.6518518518518519, 0.6259259259259259, 0.6555555555555556, 0.6296296296296297, 0.7, 0.6592592592592592, 0.7111111111111111, 0.662962962962963, 0.662962962962963
2024-05-21 16:05:49 - WARNING  - Epoch: 51, Sum of Accs: 6.715, Sum of s_i: 46.22169699133622
2024-05-21 16:05:53 - INFO     - {6: 4.666746602970269, 9: 4.643283843206806, 0: 4.666116542474812, 2: 4.671036983346999, 4: 4.65189143562075, 3: 4.655981698318004, 5: 4.658934113654318, 1: 4.6657315363713145, 8: 4.6429390704735995, 7: 4.638986542883285}
2024-05-21 16:05:53 - INFO     - 0.7888888888888889, 0.7444444444444445, 0.6777777777777778, 0.7037037037037037, 0.6888888888888889, 0.7555555555555555, 0.7222222222222222, 0.7407407407407407, 0.7148148148148148, 0.737037037037037
2024-05-21 16:05:53 - WARNING  - Epoch: 52, Sum of Accs: 7.274, Sum of s_i: 46.56164836932017
2024-05-21 16:05:58 - INFO     - {6: 4.701598668606893, 9: 4.676213453342789, 0: 4.6998022768005665, 2: 4.704734673975887, 4: 4.684047372909199, 3: 4.688865375042196, 5: 4.694328269083772, 1: 4.699942956543049, 8: 4.67867456292268, 7: 4.671791535547923}
2024-05-21 16:05:58 - INFO     - 0.825925925925926, 0.7888888888888889, 0.737037037037037, 0.7481481481481481, 0.7296296296296296, 0.7962962962962963, 0.7592592592592593, 0.7814814814814814, 0.7666666666666667, 0.774074074074074
2024-05-21 16:05:58 - WARNING  - Epoch: 53, Sum of Accs: 7.707, Sum of s_i: 46.89999914477495
2024-05-21 16:06:03 - INFO     - {6: 4.733578397226028, 9: 4.709306632556809, 0: 4.734917203393636, 2: 4.737923286090404, 4: 4.7164132589131, 3: 4.721957463464195, 5: 4.726035351822675, 1: 4.733015995436854, 8: 4.7125712118906495, 7: 4.704512747483971}
2024-05-21 16:06:03 - INFO     - 0.8296296296296296, 0.8148148148148148, 0.7814814814814814, 0.774074074074074, 0.7555555555555555, 0.825925925925926, 0.762962962962963, 0.8333333333333334, 0.7925925925925926, 0.8074074074074075
2024-05-21 16:06:03 - WARNING  - Epoch: 54, Sum of Accs: 7.978, Sum of s_i: 47.23023154827831
2024-05-21 16:06:07 - INFO     - {6: 4.767953461125543, 9: 4.740935013620877, 0: 4.76940643779455, 2: 4.76943690849569, 4: 4.748148315984372, 3: 4.753016822624345, 5: 4.759696887877257, 1: 4.764442070069244, 8: 4.7456611263617345, 7: 4.736493119433754}
2024-05-21 16:06:07 - INFO     - 0.8481481481481481, 0.825925925925926, 0.8074074074074075, 0.7851851851851852, 0.774074074074074, 0.825925925925926, 0.7888888888888889, 0.8703703703703703, 0.8148148148148148, 0.825925925925926
2024-05-21 16:06:07 - WARNING  - Epoch: 55, Sum of Accs: 8.167, Sum of s_i: 47.555190163387365
2024-05-21 16:06:12 - INFO     - {6: 4.800231997152571, 9: 4.772993504320729, 0: 4.801755470747469, 2: 4.800959364943096, 4: 4.7814781294843, 3: 4.784764115136217, 5: 4.790690325975609, 1: 4.79591293626285, 8: 4.778884116403564, 7: 4.767971420010103}
2024-05-21 16:06:12 - INFO     - 0.8407407407407408, 0.8555555555555555, 0.8185185185185185, 0.7814814814814814, 0.774074074074074, 0.825925925925926, 0.7962962962962963, 0.8777777777777778, 0.825925925925926, 0.825925925925926
2024-05-21 16:06:12 - WARNING  - Epoch: 56, Sum of Accs: 8.222, Sum of s_i: 47.87564138043651
2024-05-21 16:06:17 - INFO     - {6: 4.833102032746727, 9: 4.803011829514691, 0: 4.83512216271181, 2: 4.833620145685449, 4: 4.81403852525086, 3: 4.817335243315563, 5: 4.8229121308052125, 1: 4.827858409106, 8: 4.811049693907737, 7: 4.800523432885949}
2024-05-21 16:06:17 - INFO     - 0.8555555555555555, 0.8555555555555555, 0.8222222222222222, 0.7814814814814814, 0.774074074074074, 0.837037037037037, 0.7888888888888889, 0.9, 0.8407407407407408, 0.837037037037037
2024-05-21 16:06:17 - WARNING  - Epoch: 57, Sum of Accs: 8.293, Sum of s_i: 48.19857360593001
2024-05-21 16:06:22 - INFO     - {6: 4.864646524800546, 9: 4.835399465832906, 0: 4.867602237679746, 2: 4.8648552992048515, 4: 4.844130231786931, 3: 4.848464369405693, 5: 4.855057479517598, 1: 4.859602306114694, 8: 4.841226091126224, 7: 4.833289133919413}
2024-05-21 16:06:22 - INFO     - 0.8629629629629629, 0.8703703703703703, 0.8148148148148148, 0.7925925925925926, 0.7777777777777778, 0.8407407407407408, 0.8, 0.8703703703703703, 0.8481481481481481, 0.837037037037037
2024-05-21 16:06:22 - WARNING  - Epoch: 58, Sum of Accs: 8.315, Sum of s_i: 48.51427313938861
2024-05-21 16:06:26 - INFO     - {6: 4.895485923930093, 9: 4.866610731257566, 0: 4.899448059358795, 2: 4.897036315394848, 4: 4.875486044938696, 3: 4.879660310439922, 5: 4.888708050443796, 1: 4.8917974989326165, 8: 4.870751256271153, 7: 4.865447285074549}
2024-05-21 16:06:26 - INFO     - 0.8333333333333334, 0.8185185185185185, 0.8222222222222222, 0.774074074074074, 0.7592592592592593, 0.8, 0.7888888888888889, 0.8740740740740741, 0.8037037037037037, 0.8333333333333334
2024-05-21 16:06:26 - WARNING  - Epoch: 59, Sum of Accs: 8.107, Sum of s_i: 48.830431476042044
2024-05-21 16:06:31 - INFO     - {6: 4.925792230604511, 9: 4.897430668525655, 0: 4.930014746914194, 2: 4.928179748434135, 4: 4.905989234717365, 3: 4.910955044900691, 5: 4.918377191233045, 1: 4.921964050105211, 8: 4.902451370820099, 7: 4.896533242044062}
2024-05-21 16:06:31 - INFO     - 0.737037037037037, 0.7333333333333333, 0.7111111111111111, 0.7296296296296296, 0.7111111111111111, 0.7555555555555555, 0.7333333333333333, 0.7111111111111111, 0.7444444444444445, 0.6888888888888889
2024-05-21 16:06:31 - WARNING  - Epoch: 60, Sum of Accs: 7.256, Sum of s_i: 49.13768752829896
2024-05-21 16:06:36 - INFO     - {6: 4.954323749872559, 9: 4.928485700204944, 0: 4.960307863227935, 2: 4.960728768958644, 4: 4.93602672116335, 3: 4.943048858859477, 5: 4.947836835835622, 1: 4.953831691047866, 8: 4.931337387162187, 7: 4.927801391585476}
2024-05-21 16:06:36 - INFO     - 0.6666666666666666, 0.6444444444444445, 0.6592592592592592, 0.6, 0.6, 0.6370370370370371, 0.6333333333333333, 0.674074074074074, 0.6481481481481481, 0.6259259259259259
2024-05-21 16:06:36 - WARNING  - Epoch: 61, Sum of Accs: 6.389, Sum of s_i: 49.44372896791806
2024-05-21 16:06:41 - INFO     - {6: 4.985644243977709, 9: 4.957142157016887, 0: 4.992129204433279, 2: 4.992792054168807, 4: 4.966631808109011, 3: 4.972425301190497, 5: 4.978272249845472, 1: 4.984599543636225, 8: 4.961475645388068, 7: 4.958261372535884}
2024-05-21 16:06:41 - INFO     - 0.6370370370370371, 0.6, 0.6333333333333333, 0.6259259259259259, 0.6148148148148148, 0.6555555555555556, 0.6555555555555556, 0.6074074074074074, 0.6037037037037037, 0.5814814814814815
2024-05-21 16:06:41 - WARNING  - Epoch: 62, Sum of Accs: 6.215, Sum of s_i: 49.74937358030184
2024-05-21 16:06:45 - INFO     - {6: 5.013594206396198, 9: 4.986891804010548, 0: 5.023000465763346, 2: 5.0237102775453675, 4: 4.9965442771395425, 3: 5.001220866344699, 5: 5.008953835250304, 1: 5.016278521532031, 8: 4.98983665288182, 7: 4.987773998258598}
2024-05-21 16:06:45 - INFO     - 0.7851851851851852, 0.7555555555555555, 0.7592592592592593, 0.737037037037037, 0.7185185185185186, 0.7666666666666667, 0.7592592592592593, 0.7888888888888889, 0.7666666666666667, 0.7555555555555555
2024-05-21 16:06:45 - WARNING  - Epoch: 63, Sum of Accs: 7.593, Sum of s_i: 50.047804905122454
2024-05-21 16:06:50 - INFO     - {6: 5.042532182408111, 9: 5.0177749960539035, 0: 5.053286479119562, 2: 5.05445362165406, 4: 5.026990766942317, 3: 5.032037190378304, 5: 5.038717399592701, 1: 5.045471282339307, 8: 5.019675564985068, 7: 5.016171516402685}
2024-05-21 16:06:50 - INFO     - 0.8444444444444444, 0.8296296296296296, 0.8296296296296296, 0.7925925925925926, 0.7518518518518519, 0.8074074074074075, 0.774074074074074, 0.8814814814814815, 0.8333333333333334, 0.8518518518518519
2024-05-21 16:06:50 - WARNING  - Epoch: 64, Sum of Accs: 8.196, Sum of s_i: 50.347110999876016
2024-05-21 16:06:55 - INFO     - {6: 5.071493143254847, 9: 5.046197003916896, 0: 5.0841568529668235, 2: 5.083204529949037, 4: 5.054778252705488, 3: 5.061136133819858, 5: 5.067224681951854, 1: 5.075659609026218, 8: 5.049724147480274, 7: 5.044209706734749}
2024-05-21 16:06:55 - INFO     - 0.8592592592592593, 0.8740740740740741, 0.8333333333333334, 0.8148148148148148, 0.7814814814814814, 0.8518518518518519, 0.8111111111111111, 0.8851851851851852, 0.8592592592592593, 0.8481481481481481
2024-05-21 16:06:55 - WARNING  - Epoch: 65, Sum of Accs: 8.419, Sum of s_i: 50.637784061806045
2024-05-21 16:07:00 - INFO     - {6: 5.099971213115194, 9: 5.075261174310709, 0: 5.114196732444893, 2: 5.113012101972051, 4: 5.085110217622291, 3: 5.089171659646994, 5: 5.096304425647996, 1: 5.103470046486651, 8: 5.077998208241174, 7: 5.073639931127725}
2024-05-21 16:07:00 - INFO     - 0.8666666666666667, 0.8851851851851852, 0.837037037037037, 0.825925925925926, 0.7962962962962963, 0.8555555555555555, 0.8148148148148148, 0.9, 0.8629629629629629, 0.8629629629629629
2024-05-21 16:07:00 - WARNING  - Epoch: 66, Sum of Accs: 8.507, Sum of s_i: 50.92813571061567
2024-05-21 16:07:05 - INFO     - {6: 5.131453062207409, 9: 5.102939747401346, 0: 5.142931163584071, 2: 5.141369448057656, 4: 5.113568983710751, 3: 5.1190761841548955, 5: 5.124237166485977, 1: 5.133228306120824, 8: 5.107195194786892, 7: 5.101505647936364}
2024-05-21 16:07:05 - INFO     - 0.8740740740740741, 0.8925925925925926, 0.8407407407407408, 0.825925925925926, 0.7962962962962963, 0.8555555555555555, 0.8296296296296296, 0.8851851851851852, 0.8740740740740741, 0.8629629629629629
2024-05-21 16:07:05 - WARNING  - Epoch: 67, Sum of Accs: 8.537, Sum of s_i: 51.21750490444618
2024-05-21 16:07:10 - INFO     - {6: 5.15860354950573, 9: 5.131662527855363, 0: 5.173835552506697, 2: 5.170269912449848, 4: 5.143109206078654, 3: 5.148802451056014, 5: 5.15342936491839, 1: 5.162695893591828, 8: 5.136075050104602, 7: 5.130256739006947}
2024-05-21 16:07:10 - INFO     - 0.8740740740740741, 0.8925925925925926, 0.8444444444444444, 0.825925925925926, 0.8037037037037037, 0.8592592592592593, 0.8148148148148148, 0.9037037037037037, 0.8740740740740741, 0.8777777777777778
2024-05-21 16:07:10 - WARNING  - Epoch: 68, Sum of Accs: 8.570, Sum of s_i: 51.50874024707407
2024-05-21 16:07:14 - INFO     - {6: 5.188362510135118, 9: 5.159130618633577, 0: 5.202581723595909, 2: 5.199152328294406, 4: 5.172145245499965, 3: 5.177229772975621, 5: 5.1818385272798935, 1: 5.190367394127867, 8: 5.164151545920988, 7: 5.158162938056347}
2024-05-21 16:07:14 - INFO     - 0.8777777777777778, 0.8925925925925926, 0.8407407407407408, 0.8296296296296296, 0.8, 0.8592592592592593, 0.825925925925926, 0.9, 0.8814814814814815, 0.8703703703703703
2024-05-21 16:07:14 - WARNING  - Epoch: 69, Sum of Accs: 8.578, Sum of s_i: 51.793122604519695
2024-05-21 16:07:19 - INFO     - {6: 5.216652678934821, 9: 5.186958098607267, 0: 5.231111792887216, 2: 5.226988839414116, 4: 5.200084941894974, 3: 5.204382643999087, 5: 5.210760308580642, 1: 5.219092690070919, 8: 5.192190942844248, 7: 5.184469574647881}
2024-05-21 16:07:19 - INFO     - 0.8592592592592593, 0.8555555555555555, 0.837037037037037, 0.8185185185185185, 0.7888888888888889, 0.825925925925926, 0.8148148148148148, 0.8888888888888888, 0.8296296296296296, 0.8555555555555555
2024-05-21 16:07:19 - WARNING  - Epoch: 70, Sum of Accs: 8.374, Sum of s_i: 52.07269251188117
2024-05-21 16:07:24 - INFO     - {6: 5.244703222448904, 9: 5.214368877296116, 0: 5.260621371782739, 2: 5.2533539159476526, 4: 5.227992896846098, 3: 5.232799616535394, 5: 5.238878610420322, 1: 5.24738201342337, 8: 5.219559486041424, 7: 5.211284882395902}
2024-05-21 16:07:24 - INFO     - 0.8111111111111111, 0.825925925925926, 0.7925925925925926, 0.8, 0.7703703703703704, 0.8, 0.7851851851851852, 0.8407407407407408, 0.8222222222222222, 0.7851851851851852
2024-05-21 16:07:24 - WARNING  - Epoch: 71, Sum of Accs: 8.033, Sum of s_i: 52.35094489313792
2024-05-21 16:07:29 - INFO     - {6: 5.272981844792243, 9: 5.2427715834840365, 0: 5.287388896546668, 2: 5.281525307758721, 4: 5.2554626104541535, 3: 5.259393039053249, 5: 5.267550372157058, 1: 5.27635721595346, 8: 5.247212184010698, 7: 5.23770185099193}
2024-05-21 16:07:29 - INFO     - 0.8074074074074075, 0.7925925925925926, 0.7925925925925926, 0.7666666666666667, 0.7703703703703704, 0.7925925925925926, 0.7703703703703704, 0.8333333333333334, 0.7851851851851852, 0.8
2024-05-21 16:07:29 - WARNING  - Epoch: 72, Sum of Accs: 7.911, Sum of s_i: 52.628344905202226
2024-05-21 16:07:34 - INFO     - {6: 5.299858384594408, 9: 5.27038066635032, 0: 5.315302002718892, 2: 5.309361401056261, 4: 5.282427606101399, 3: 5.285900921152791, 5: 5.295410629972782, 1: 5.303233216377349, 8: 5.2732240195006845, 7: 5.264792345317179}
2024-05-21 16:07:34 - INFO     - 0.8074074074074075, 0.8185185185185185, 0.8148148148148148, 0.8037037037037037, 0.7851851851851852, 0.8111111111111111, 0.8074074074074075, 0.8222222222222222, 0.8407407407407408, 0.8111111111111111
2024-05-21 16:07:34 - WARNING  - Epoch: 73, Sum of Accs: 8.122, Sum of s_i: 52.89989119314207
2024-05-21 16:07:39 - INFO     - {6: 5.327635096102655, 9: 5.299470297038341, 0: 5.3433189584136045, 2: 5.336976479934692, 4: 5.309517469244698, 3: 5.312578396151281, 5: 5.322499452387998, 1: 5.330667580788381, 8: 5.299573032963234, 7: 5.290392098747917}
2024-05-21 16:07:39 - INFO     - 0.8333333333333334, 0.8111111111111111, 0.8037037037037037, 0.7814814814814814, 0.7703703703703704, 0.8111111111111111, 0.7814814814814814, 0.837037037037037, 0.8, 0.8222222222222222
2024-05-21 16:07:39 - WARNING  - Epoch: 74, Sum of Accs: 8.052, Sum of s_i: 53.17262886177279
2024-05-21 16:07:44 - INFO     - {6: 5.355028722606782, 9: 5.32515741504963, 0: 5.370135900244062, 2: 5.364456313157215, 4: 5.336775728563778, 3: 5.339541277634156, 5: 5.3486772034900065, 1: 5.356348171421001, 8: 5.32711046794917, 7: 5.318468626883143}
2024-05-21 16:07:44 - INFO     - 0.8555555555555555, 0.8814814814814815, 0.8481481481481481, 0.8111111111111111, 0.7962962962962963, 0.825925925925926, 0.8185185185185185, 0.8851851851851852, 0.8666666666666667, 0.825925925925926
2024-05-21 16:07:44 - WARNING  - Epoch: 75, Sum of Accs: 8.415, Sum of s_i: 53.44169982699894
2024-05-21 16:07:49 - INFO     - {6: 5.381633050345809, 9: 5.351646184138902, 0: 5.395755364256, 2: 5.393103388027554, 4: 5.364351413707305, 3: 5.3664890846218025, 5: 5.375226871348656, 1: 5.383165036580184, 8: 5.351287000896226, 7: 5.3450677913566835}
2024-05-21 16:07:49 - INFO     - 0.8481481481481481, 0.825925925925926, 0.8296296296296296, 0.7925925925925926, 0.7851851851851852, 0.8185185185185185, 0.7888888888888889, 0.8555555555555555, 0.8148148148148148, 0.8481481481481481
2024-05-21 16:07:49 - WARNING  - Epoch: 76, Sum of Accs: 8.207, Sum of s_i: 53.70772518527912
2024-05-21 16:07:54 - INFO     - {6: 5.407714769326068, 9: 5.376999799169432, 0: 5.421257996097911, 2: 5.420137443485563, 4: 5.390521247571531, 3: 5.393341938936963, 5: 5.403703788900949, 1: 5.410399133496113, 8: 5.377924512622067, 7: 5.371582505838107}
2024-05-21 16:07:54 - INFO     - 0.8629629629629629, 0.8851851851851852, 0.8555555555555555, 0.8148148148148148, 0.8037037037037037, 0.8518518518518519, 0.825925925925926, 0.8888888888888888, 0.8814814814814815, 0.8407407407407408
2024-05-21 16:07:54 - WARNING  - Epoch: 77, Sum of Accs: 8.511, Sum of s_i: 53.9735831354447
2024-05-21 16:07:59 - INFO     - {6: 5.435207744951016, 9: 5.402481798811311, 0: 5.448686194286232, 2: 5.446958885773113, 4: 5.418097196855331, 3: 5.418935116181993, 5: 5.429794682373266, 1: 5.435549250851024, 8: 5.4039120801077605, 7: 5.397762291297807}
2024-05-21 16:07:59 - INFO     - 0.8555555555555555, 0.837037037037037, 0.837037037037037, 0.8111111111111111, 0.8, 0.8185185185185185, 0.8037037037037037, 0.8555555555555555, 0.8185185185185185, 0.8666666666666667
2024-05-21 16:07:59 - WARNING  - Epoch: 78, Sum of Accs: 8.304, Sum of s_i: 54.23738524148885
2024-05-21 16:08:04 - INFO     - {6: 5.460211229427867, 9: 5.428139344474261, 0: 5.474814365455232, 2: 5.473960151097371, 4: 5.4436311710423455, 3: 5.445659094484746, 5: 5.455216896546161, 1: 5.4616351333224955, 8: 5.430431498525305, 7: 5.424075229435158}
2024-05-21 16:08:04 - INFO     - 0.8666666666666667, 0.8814814814814815, 0.8555555555555555, 0.825925925925926, 0.8111111111111111, 0.8555555555555555, 0.825925925925926, 0.8925925925925926, 0.8851851851851852, 0.8481481481481481
2024-05-21 16:08:04 - WARNING  - Epoch: 79, Sum of Accs: 8.548, Sum of s_i: 54.49777411381095
2024-05-21 16:08:09 - INFO     - {6: 5.485807342162709, 9: 5.45298979369742, 0: 5.502271484563289, 2: 5.500280895468112, 4: 5.468915386410648, 3: 5.4710210588241015, 5: 5.480389061427485, 1: 5.48786543531365, 8: 5.456020331984214, 7: 5.451003214255327}
2024-05-21 16:08:09 - INFO     - 0.8629629629629629, 0.8407407407407408, 0.8333333333333334, 0.8111111111111111, 0.8, 0.8222222222222222, 0.8, 0.8555555555555555, 0.825925925925926, 0.8629629629629629
2024-05-21 16:08:09 - WARNING  - Epoch: 80, Sum of Accs: 8.315, Sum of s_i: 54.75656400410696
2024-05-21 16:08:13 - INFO     - {6: 5.51010164344454, 9: 5.478127477252382, 0: 5.526280683697195, 2: 5.524392565702368, 4: 5.494565205881741, 3: 5.496665774182029, 5: 5.505680205945673, 1: 5.51229196043292, 8: 5.482042724515224, 7: 5.476435365426388}
2024-05-21 16:08:13 - INFO     - 0.8666666666666667, 0.8814814814814815, 0.8555555555555555, 0.8296296296296296, 0.8185185185185185, 0.8666666666666667, 0.8407407407407408, 0.8925925925925926, 0.8814814814814815, 0.8629629629629629
2024-05-21 16:08:13 - WARNING  - Epoch: 81, Sum of Accs: 8.596, Sum of s_i: 55.00658360648046
2024-05-21 16:08:18 - INFO     - {6: 5.536065208725974, 9: 5.504616183150168, 0: 5.551131108902084, 2: 5.549754222657943, 4: 5.520657151626493, 3: 5.521719071562578, 5: 5.530998544719674, 1: 5.536899885745699, 8: 5.508188029442492, 7: 5.501417022734602}
2024-05-21 16:08:18 - INFO     - 0.8703703703703703, 0.8407407407407408, 0.8333333333333334, 0.8148148148148148, 0.8037037037037037, 0.8296296296296296, 0.8, 0.8703703703703703, 0.837037037037037, 0.8666666666666667
2024-05-21 16:08:18 - WARNING  - Epoch: 82, Sum of Accs: 8.367, Sum of s_i: 55.2614464292677
2024-05-21 16:08:23 - INFO     - {6: 5.562316334324483, 9: 5.530339539447528, 0: 5.5763789291879595, 2: 5.57561639926481, 4: 5.546034501764665, 3: 5.547470024853272, 5: 5.556963395552336, 1: 5.5611732974206145, 8: 5.5325444429921955, 7: 5.52583446765752}
2024-05-21 16:08:23 - INFO     - 0.8666666666666667, 0.8851851851851852, 0.8555555555555555, 0.8296296296296296, 0.825925925925926, 0.8666666666666667, 0.8444444444444444, 0.8962962962962963, 0.8814814814814815, 0.8703703703703703
2024-05-21 16:08:23 - WARNING  - Epoch: 83, Sum of Accs: 8.622, Sum of s_i: 55.51467133246539
2024-05-21 16:08:28 - INFO     - {6: 5.586313146013244, 9: 5.55517858921725, 0: 5.600187546192639, 2: 5.6005431088909585, 4: 5.570984514799421, 3: 5.572424598023385, 5: 5.58228933544608, 1: 5.586580975878583, 8: 5.557896136830633, 7: 5.5522225485362}
2024-05-21 16:08:28 - INFO     - 0.8703703703703703, 0.8518518518518519, 0.8444444444444444, 0.825925925925926, 0.8037037037037037, 0.8333333333333334, 0.8148148148148148, 0.8777777777777778, 0.8555555555555555, 0.8740740740740741
2024-05-21 16:08:28 - WARNING  - Epoch: 84, Sum of Accs: 8.452, Sum of s_i: 55.764620499828396
2024-05-21 16:08:33 - INFO     - {6: 5.612015826697192, 9: 5.578863483749591, 0: 5.626307550621393, 2: 5.624909466710627, 4: 5.595909545513468, 3: 5.595868490251601, 5: 5.607257482905137, 1: 5.612303031270078, 8: 5.581442024293309, 7: 5.577120884609581}
2024-05-21 16:08:33 - INFO     - 0.8703703703703703, 0.8888888888888888, 0.8629629629629629, 0.8333333333333334, 0.8222222222222222, 0.8666666666666667, 0.8481481481481481, 0.9074074074074074, 0.8962962962962963, 0.8740740740740741
2024-05-21 16:08:33 - WARNING  - Epoch: 85, Sum of Accs: 8.670, Sum of s_i: 56.011997786621976
2024-05-21 16:08:38 - INFO     - {6: 5.6372548640515205, 9: 5.603443082325729, 0: 5.650827950300351, 2: 5.64979843172784, 4: 5.6203190451235345, 3: 5.622211891114367, 5: 5.631815157939217, 1: 5.637371881870195, 8: 5.605671348507013, 7: 5.601473295172681}
2024-05-21 16:08:38 - INFO     - 0.8740740740740741, 0.8518518518518519, 0.8592592592592593, 0.8296296296296296, 0.8111111111111111, 0.837037037037037, 0.825925925925926, 0.8888888888888888, 0.8555555555555555, 0.8851851851851852
2024-05-21 16:08:38 - WARNING  - Epoch: 86, Sum of Accs: 8.519, Sum of s_i: 56.26018694813244
2024-05-21 16:08:43 - INFO     - {6: 5.660671361330814, 9: 5.627468425445402, 0: 5.6758835725064305, 2: 5.674076462668594, 4: 5.645124962183569, 3: 5.6472675593947015, 5: 5.656696099260863, 1: 5.660662687486729, 8: 5.631157841919075, 7: 5.626156765972259}
2024-05-21 16:08:43 - INFO     - 0.8814814814814815, 0.8962962962962963, 0.8629629629629629, 0.837037037037037, 0.8222222222222222, 0.8703703703703703, 0.8629629629629629, 0.9185185185185185, 0.9037037037037037, 0.8740740740740741
2024-05-21 16:08:43 - WARNING  - Epoch: 87, Sum of Accs: 8.730, Sum of s_i: 56.505165738168444
2024-05-21 16:08:48 - INFO     - {6: 5.685176133514731, 9: 5.650983417841194, 0: 5.700657702584687, 2: 5.698440932734192, 4: 5.670094594172774, 3: 5.670821436170317, 5: 5.681012543748801, 1: 5.686114794826616, 8: 5.654946017941845, 7: 5.649130104758599}
2024-05-21 16:08:48 - INFO     - 0.8777777777777778, 0.8703703703703703, 0.8666666666666667, 0.837037037037037, 0.8185185185185185, 0.8481481481481481, 0.8333333333333334, 0.9074074074074074, 0.8777777777777778, 0.8962962962962963
2024-05-21 16:08:48 - WARNING  - Epoch: 88, Sum of Accs: 8.633, Sum of s_i: 56.74737767829375
2024-05-21 16:08:53 - INFO     - {6: 5.710144566196183, 9: 5.675195435949814, 0: 5.725048380539489, 2: 5.72205825814068, 4: 5.693273153268832, 3: 5.695719663824708, 5: 5.704199912200353, 1: 5.711562603419163, 8: 5.678924049901003, 7: 5.673481169422646}
2024-05-21 16:08:53 - INFO     - 0.8851851851851852, 0.8962962962962963, 0.8666666666666667, 0.8333333333333334, 0.825925925925926, 0.8740740740740741, 0.8592592592592593, 0.9148148148148149, 0.9074074074074074, 0.8703703703703703
2024-05-21 16:08:53 - WARNING  - Epoch: 89, Sum of Accs: 8.733, Sum of s_i: 56.98960719286286
2024-05-21 16:08:58 - INFO     - {6: 5.735060066527369, 9: 5.699393422989078, 0: 5.749771643593313, 2: 5.7484399173755065, 4: 5.716045377321992, 3: 5.719584832585499, 5: 5.726893034454465, 1: 5.734962917599154, 8: 5.702237986052535, 7: 5.696151171158929}
2024-05-21 16:08:58 - INFO     - 0.8851851851851852, 0.8666666666666667, 0.8703703703703703, 0.8444444444444444, 0.825925925925926, 0.8592592592592593, 0.837037037037037, 0.9037037037037037, 0.8814814814814815, 0.9037037037037037
2024-05-21 16:08:58 - WARNING  - Epoch: 90, Sum of Accs: 8.678, Sum of s_i: 57.22854036965784
2024-05-21 16:09:03 - INFO     - {6: 5.759488479484293, 9: 5.723760344598944, 0: 5.774928668844314, 2: 5.77296251877229, 4: 5.739444783773668, 3: 5.743074358752817, 5: 5.751152310580974, 1: 5.760174012361487, 8: 5.725259772020335, 7: 5.718043928570082}
2024-05-21 16:09:03 - INFO     - 0.8851851851851852, 0.8962962962962963, 0.8666666666666667, 0.8407407407407408, 0.825925925925926, 0.8740740740740741, 0.8444444444444444, 0.9148148148148149, 0.8962962962962963, 0.8629629629629629
2024-05-21 16:09:03 - WARNING  - Epoch: 91, Sum of Accs: 8.707, Sum of s_i: 57.4682891777592
2024-05-21 16:09:08 - INFO     - {6: 5.783786623354828, 9: 5.7475664398085025, 0: 5.79881744959608, 2: 5.796592724221416, 4: 5.762692664761321, 3: 5.765691809433382, 5: 5.773549171541356, 1: 5.784050223618264, 8: 5.7487628650188665, 7: 5.741674890185232}
2024-05-21 16:09:08 - INFO     - 0.8888888888888888, 0.8518518518518519, 0.8703703703703703, 0.8407407407407408, 0.825925925925926, 0.8555555555555555, 0.825925925925926, 0.9, 0.8740740740740741, 0.9185185185185185
2024-05-21 16:09:08 - WARNING  - Epoch: 92, Sum of Accs: 8.652, Sum of s_i: 57.70318486153925
2024-05-21 16:09:13 - INFO     - {6: 5.808551514000683, 9: 5.77088543611261, 0: 5.820810837826128, 2: 5.820373528532776, 4: 5.786256149446104, 3: 5.789473871316889, 5: 5.797814940140527, 1: 5.807319080609706, 8: 5.771480566209387, 7: 5.764796891628439}
2024-05-21 16:09:13 - INFO     - 0.8740740740740741, 0.8888888888888888, 0.8481481481481481, 0.8444444444444444, 0.8222222222222222, 0.8851851851851852, 0.8333333333333334, 0.9074074074074074, 0.8740740740740741, 0.8555555555555555
2024-05-21 16:09:13 - WARNING  - Epoch: 93, Sum of Accs: 8.633, Sum of s_i: 57.93776281582325
2024-05-21 16:09:18 - INFO     - {6: 5.831930716671873, 9: 5.7954618062770535, 0: 5.843643422302632, 2: 5.845365914065978, 4: 5.809688117350381, 3: 5.813856416414108, 5: 5.820692127515365, 1: 5.831262770979779, 8: 5.796443855089898, 7: 5.7876981383985715}
2024-05-21 16:09:18 - INFO     - 0.8814814814814815, 0.8148148148148148, 0.8481481481481481, 0.8444444444444444, 0.8148148148148148, 0.837037037037037, 0.8222222222222222, 0.8703703703703703, 0.8740740740740741, 0.9111111111111111
2024-05-21 16:09:18 - WARNING  - Epoch: 94, Sum of Accs: 8.519, Sum of s_i: 58.17604328506563
2024-05-21 16:09:22 - INFO     - {6: 5.8552288938325, 9: 5.819032198415547, 0: 5.866655294269384, 2: 5.868359223967903, 4: 5.832090065654541, 3: 5.8367549347425856, 5: 5.8425838841319315, 1: 5.853952362288244, 8: 5.819033328322177, 7: 5.8108818025101465}
2024-05-21 16:09:22 - INFO     - 0.8444444444444444, 0.8407407407407408, 0.825925925925926, 0.8111111111111111, 0.762962962962963, 0.8407407407407408, 0.8296296296296296, 0.8592592592592593, 0.8111111111111111, 0.8222222222222222
2024-05-21 16:09:22 - WARNING  - Epoch: 95, Sum of Accs: 8.248, Sum of s_i: 58.40457198813496
2024-05-21 16:09:27 - INFO     - {6: 5.878607456073192, 9: 5.841238998014075, 0: 5.889504117713812, 2: 5.892262143784896, 4: 5.855169061304572, 3: 5.8593614487812555, 5: 5.867237553372759, 1: 5.877856520748303, 8: 5.84270929282719, 7: 5.834976740436881}
2024-05-21 16:09:27 - INFO     - 0.837037037037037, 0.7777777777777778, 0.8222222222222222, 0.7851851851851852, 0.7888888888888889, 0.8, 0.7777777777777778, 0.8333333333333334, 0.8444444444444444, 0.825925925925926
2024-05-21 16:09:27 - WARNING  - Epoch: 96, Sum of Accs: 8.093, Sum of s_i: 58.63892333305694
2024-05-21 16:09:32 - INFO     - {6: 5.901630407922939, 9: 5.862677858114101, 0: 5.912219539584583, 2: 5.914706282680928, 4: 5.877883278302822, 3: 5.882147980512096, 5: 5.8899039396349, 1: 5.901228764152709, 8: 5.865262908731536, 7: 5.857767772305402}
2024-05-21 16:09:32 - INFO     - 0.8444444444444444, 0.8037037037037037, 0.825925925925926, 0.7925925925925926, 0.7777777777777778, 0.837037037037037, 0.8111111111111111, 0.8222222222222222, 0.8074074074074075, 0.8148148148148148
2024-05-21 16:09:32 - WARNING  - Epoch: 97, Sum of Accs: 8.137, Sum of s_i: 58.86542873194201
2024-05-21 16:09:37 - INFO     - {6: 5.925095100922024, 9: 5.8855255885008875, 0: 5.934963536877397, 2: 5.937266935072354, 4: 5.900170954081533, 3: 5.905521103262014, 5: 5.913524840396147, 1: 5.924207343502344, 8: 5.8878676429842445, 7: 5.880423236006352}
2024-05-21 16:09:37 - INFO     - 0.8851851851851852, 0.8592592592592593, 0.8407407407407408, 0.825925925925926, 0.8111111111111111, 0.8296296296296296, 0.825925925925926, 0.8962962962962963, 0.9, 0.8851851851851852
2024-05-21 16:09:37 - WARNING  - Epoch: 98, Sum of Accs: 8.559, Sum of s_i: 59.09456628160531
2024-05-21 16:09:42 - INFO     - {6: 5.947171776626423, 9: 5.908132285795997, 0: 5.957468877301845, 2: 5.959216448253985, 4: 5.922315276296695, 3: 5.928699017797852, 5: 5.93735543670378, 1: 5.94717757033548, 8: 5.9115204017714795, 7: 5.903302682027436}
2024-05-21 16:09:42 - INFO     - 0.9111111111111111, 0.9037037037037037, 0.8703703703703703, 0.8740740740740741, 0.8481481481481481, 0.9037037037037037, 0.8555555555555555, 0.9185185185185185, 0.9222222222222223, 0.9037037037037037
2024-05-21 16:09:42 - WARNING  - Epoch: 99, Sum of Accs: 8.911, Sum of s_i: 59.32235977291098
2024-05-21 16:09:47 - INFO     - {6: 5.969167453846617, 9: 5.93021506136884, 0: 5.9799459681293445, 2: 5.981252374520922, 4: 5.945525263090847, 3: 5.950796008587124, 5: 5.960698235665203, 1: 5.9706668800838525, 8: 5.93396340233932, 7: 5.925342261105376}
2024-05-21 16:09:47 - INFO     - 0.9111111111111111, 0.9, 0.8888888888888888, 0.8740740740740741, 0.8629629629629629, 0.8888888888888888, 0.8740740740740741, 0.9185185185185185, 0.9333333333333333, 0.9296296296296296
2024-05-21 16:09:47 - WARNING  - Epoch: 100, Sum of Accs: 8.981, Sum of s_i: 59.54757290873745
2024-05-21 16:09:52 - INFO     - {6: 5.99125283225093, 9: 5.951872282990004, 0: 6.002060637391494, 2: 6.004729567077957, 4: 5.967173895916586, 3: 5.973596329832752, 5: 5.983681002958793, 1: 5.993377725538471, 8: 5.957237246323185, 7: 5.946958160930972}
2024-05-21 16:09:52 - INFO     - 0.9074074074074074, 0.9, 0.8851851851851852, 0.8740740740740741, 0.8592592592592593, 0.9037037037037037, 0.8740740740740741, 0.9222222222222223, 0.9333333333333333, 0.9148148148148149
2024-05-21 16:09:52 - WARNING  - Epoch: 101, Sum of Accs: 8.974, Sum of s_i: 59.77193968121115
2024-05-21 16:09:57 - INFO     - {6: 6.013878322856464, 9: 5.973339431553801, 0: 6.024607577393615, 2: 6.026334583864382, 4: 5.987908876701815, 3: 5.995356846943183, 5: 6.006309714845315, 1: 6.016688806185561, 8: 5.978297717249442, 7: 5.968023969182537}
2024-05-21 16:09:57 - INFO     - 0.9074074074074074, 0.9, 0.8962962962962963, 0.8777777777777778, 0.8629629629629629, 0.9, 0.8777777777777778, 0.9185185185185185, 0.937037037037037, 0.9148148148148149
2024-05-21 16:09:57 - WARNING  - Epoch: 102, Sum of Accs: 8.993, Sum of s_i: 59.99074584677612
2024-05-21 16:10:02 - INFO     - {6: 6.036132441879777, 9: 5.9942547890990285, 0: 6.046656708361024, 2: 6.050557862499818, 4: 6.008816787219784, 3: 6.016980622150506, 5: 6.028869468339793, 1: 6.0392955198120415, 8: 5.999322191841294, 7: 5.990852795034101}
2024-05-21 16:10:02 - INFO     - 0.9148148148148149, 0.9037037037037037, 0.8925925925925926, 0.8777777777777778, 0.8666666666666667, 0.9037037037037037, 0.8740740740740741, 0.9222222222222223, 0.937037037037037, 0.9185185185185185
2024-05-21 16:10:02 - WARNING  - Epoch: 103, Sum of Accs: 9.011, Sum of s_i: 60.21173918623717
2024-05-21 16:10:07 - INFO     - {6: 6.058030418707147, 9: 6.016261104243187, 0: 6.069656875305715, 2: 6.073022153854101, 4: 6.03039216902597, 3: 6.038879798574617, 5: 6.0505695032432785, 1: 6.061346607405327, 8: 6.021011600684419, 7: 6.013372577783998}
2024-05-21 16:10:07 - INFO     - 0.9074074074074074, 0.9148148148148149, 0.8962962962962963, 0.8777777777777778, 0.8703703703703703, 0.9037037037037037, 0.8777777777777778, 0.9259259259259259, 0.937037037037037, 0.9148148148148149
2024-05-21 16:10:07 - WARNING  - Epoch: 104, Sum of Accs: 9.026, Sum of s_i: 60.432542808827755
2024-05-21 16:10:12 - INFO     - {6: 6.079954273515639, 9: 6.037456490180752, 0: 6.092512538211268, 2: 6.094461213787209, 4: 6.052427867783206, 3: 6.0598631394674385, 5: 6.072406903308003, 1: 6.083591512521383, 8: 6.042225363086842, 7: 6.033965400720643}
2024-05-21 16:10:12 - INFO     - 0.9185185185185185, 0.9037037037037037, 0.8925925925925926, 0.8814814814814815, 0.8592592592592593, 0.9, 0.8666666666666667, 0.9222222222222223, 0.9333333333333333, 0.9148148148148149
2024-05-21 16:10:12 - WARNING  - Epoch: 105, Sum of Accs: 8.993, Sum of s_i: 60.64886470258237
2024-05-21 16:10:17 - INFO     - {6: 6.10170790606928, 9: 6.0591461374862385, 0: 6.114422564822111, 2: 6.115087980680414, 4: 6.073721424072892, 3: 6.080457274276479, 5: 6.094348484972389, 1: 6.104659801837002, 8: 6.06416143629683, 7: 6.054948501350039}
2024-05-21 16:10:17 - INFO     - 0.9111111111111111, 0.9074074074074074, 0.8962962962962963, 0.8814814814814815, 0.8666666666666667, 0.8962962962962963, 0.8740740740740741, 0.9222222222222223, 0.937037037037037, 0.9296296296296296
2024-05-21 16:10:17 - WARNING  - Epoch: 106, Sum of Accs: 9.022, Sum of s_i: 60.86266151186367
2024-05-21 16:10:22 - INFO     - {6: 6.1236073504494, 9: 6.080186865251039, 0: 6.136763087902126, 2: 6.137408773622958, 4: 6.09321834604729, 3: 6.10178192207317, 5: 6.115571611629572, 1: 6.126876494873562, 8: 6.086231339722516, 7: 6.0759675520870715}
2024-05-21 16:10:22 - INFO     - 0.9185185185185185, 0.9111111111111111, 0.9, 0.8851851851851852, 0.8703703703703703, 0.9, 0.8666666666666667, 0.9222222222222223, 0.9333333333333333, 0.9185185185185185
2024-05-21 16:10:22 - WARNING  - Epoch: 107, Sum of Accs: 9.026, Sum of s_i: 61.077613343658705
2024-05-21 16:10:27 - INFO     - {6: 6.144500772772642, 9: 6.102573857211033, 0: 6.158694596643576, 2: 6.159872774574462, 4: 6.1144719928099835, 3: 6.122516569103377, 5: 6.138178965310045, 1: 6.149333127017672, 8: 6.106289645220726, 7: 6.096412871882781}
2024-05-21 16:10:27 - INFO     - 0.9111111111111111, 0.9148148148148149, 0.8925925925925926, 0.8888888888888888, 0.8703703703703703, 0.8962962962962963, 0.8777777777777778, 0.9222222222222223, 0.937037037037037, 0.9259259259259259
2024-05-21 16:10:27 - WARNING  - Epoch: 108, Sum of Accs: 9.037, Sum of s_i: 61.2928451725463
2024-05-21 16:10:33 - INFO     - {6: 6.1656736069632325, 9: 6.125099918157357, 0: 6.1802414524021625, 2: 6.182102318113033, 4: 6.136620987004418, 3: 6.14456572301967, 5: 6.158812944681428, 1: 6.170749228874248, 8: 6.127119941043302, 7: 6.1159721818513235}
2024-05-21 16:10:33 - INFO     - 0.9111111111111111, 0.9185185185185185, 0.8962962962962963, 0.8814814814814815, 0.8629629629629629, 0.8962962962962963, 0.8740740740740741, 0.9185185185185185, 0.9333333333333333, 0.9222222222222223
2024-05-21 16:10:33 - WARNING  - Epoch: 109, Sum of Accs: 9.015, Sum of s_i: 61.50695830211018
2024-05-21 16:10:38 - INFO     - {6: 6.18795882830166, 9: 6.144571311031731, 0: 6.201059442205582, 2: 6.203548484778185, 4: 6.159024166434402, 3: 6.165022331772452, 5: 6.179666839863611, 1: 6.193416195176468, 8: 6.147373986051254, 7: 6.136438762780187}
2024-05-21 16:10:38 - INFO     - 0.9, 0.9111111111111111, 0.8962962962962963, 0.8777777777777778, 0.8666666666666667, 0.9074074074074074, 0.8777777777777778, 0.9185185185185185, 0.9333333333333333, 0.9296296296296296
2024-05-21 16:10:38 - WARNING  - Epoch: 110, Sum of Accs: 9.019, Sum of s_i: 61.71808034839554
2024-05-21 16:10:43 - INFO     - {6: 6.208840705567357, 9: 6.1656796188397855, 0: 6.222115046277734, 2: 6.2258304438569505, 4: 6.178902140621707, 3: 6.184643107272777, 5: 6.200717808578991, 1: 6.214799408255053, 8: 6.1683325809438365, 7: 6.156992958270809}
2024-05-21 16:10:43 - INFO     - 0.9037037037037037, 0.9148148148148149, 0.8962962962962963, 0.8740740740740741, 0.8555555555555555, 0.8925925925925926, 0.8777777777777778, 0.9074074074074074, 0.9111111111111111, 0.9074074074074074
2024-05-21 16:10:43 - WARNING  - Epoch: 111, Sum of Accs: 8.941, Sum of s_i: 61.926853818485
2024-05-21 16:10:48 - INFO     - {6: 6.230352858683767, 9: 6.185640075770313, 0: 6.2426370681730665, 2: 6.24668611101571, 4: 6.197854384454537, 3: 6.206208769943812, 5: 6.222851301933324, 1: 6.237734167744629, 8: 6.1883988348013705, 7: 6.179347384368838}
2024-05-21 16:10:48 - INFO     - 0.8777777777777778, 0.8925925925925926, 0.8962962962962963, 0.8740740740740741, 0.8444444444444444, 0.8962962962962963, 0.8740740740740741, 0.9222222222222223, 0.9259259259259259, 0.9185185185185185
2024-05-21 16:10:48 - WARNING  - Epoch: 112, Sum of Accs: 8.922, Sum of s_i: 62.137710956889364
2024-05-21 16:10:53 - INFO     - {6: 6.2505253286271625, 9: 6.206070791631904, 0: 6.263057645653709, 2: 6.267132137098716, 4: 6.217615280515157, 3: 6.227045405430745, 5: 6.24527334558427, 1: 6.260364294327543, 8: 6.210529844407083, 7: 6.2006585989723115}
2024-05-21 16:10:53 - INFO     - 0.8703703703703703, 0.8703703703703703, 0.8333333333333334, 0.8407407407407408, 0.8111111111111111, 0.8555555555555555, 0.8296296296296296, 0.8814814814814815, 0.8777777777777778, 0.9111111111111111
2024-05-21 16:10:53 - WARNING  - Epoch: 113, Sum of Accs: 8.581, Sum of s_i: 62.348272672248605
2024-05-21 16:10:58 - INFO     - {6: 6.270173367661991, 9: 6.226884137581252, 0: 6.2839208309102785, 2: 6.287661892921368, 4: 6.2380763164210675, 3: 6.246650156813913, 5: 6.2666570224122635, 1: 6.27995966031072, 8: 6.229609018849637, 7: 6.220154796901586}
2024-05-21 16:10:58 - INFO     - 0.8444444444444444, 0.8518518518518519, 0.825925925925926, 0.8444444444444444, 0.8148148148148148, 0.8296296296296296, 0.837037037037037, 0.8629629629629629, 0.8740740740740741, 0.8444444444444444
2024-05-21 16:10:58 - WARNING  - Epoch: 114, Sum of Accs: 8.430, Sum of s_i: 62.54974720078408
2024-05-21 16:11:03 - INFO     - {6: 6.291730869004951, 9: 6.248246651969003, 0: 6.3052240552853345, 2: 6.3081507615403565, 4: 6.258982282254419, 3: 6.267813865109367, 5: 6.287943520827247, 1: 6.30136097027434, 8: 6.250150563938982, 7: 6.240373169352694}
2024-05-21 16:11:03 - INFO     - 0.8111111111111111, 0.7888888888888889, 0.774074074074074, 0.7518518518518519, 0.7518518518518519, 0.7814814814814814, 0.7592592592592593, 0.8037037037037037, 0.7666666666666667, 0.8111111111111111
2024-05-21 16:11:03 - WARNING  - Epoch: 115, Sum of Accs: 7.800, Sum of s_i: 62.75997670955669
2024-05-21 16:11:08 - INFO     - {6: 6.312904992397717, 9: 6.268363627401429, 0: 6.326775285669802, 2: 6.328719390132651, 4: 6.280489567926104, 3: 6.288208169379755, 5: 6.3078256612187955, 1: 6.322328474767817, 8: 6.271152023622577, 7: 6.260572066179298}
2024-05-21 16:11:08 - INFO     - 0.8481481481481481, 0.8777777777777778, 0.8407407407407408, 0.8407407407407408, 0.8185185185185185, 0.825925925925926, 0.8407407407407408, 0.8518518518518519, 0.8703703703703703, 0.8555555555555555
2024-05-21 16:11:08 - WARNING  - Epoch: 116, Sum of Accs: 8.470, Sum of s_i: 62.967339258695944
2024-05-21 16:11:13 - INFO     - {6: 6.333037220527398, 9: 6.287821604908001, 0: 6.347481427777465, 2: 6.350079275347367, 4: 6.301507324194956, 3: 6.309191929133295, 5: 6.328236519355307, 1: 6.341776268950297, 8: 6.291601249046196, 7: 6.2808578917092515}
2024-05-21 16:11:13 - INFO     - 0.8703703703703703, 0.825925925925926, 0.8333333333333334, 0.8222222222222222, 0.8111111111111111, 0.825925925925926, 0.8111111111111111, 0.8592592592592593, 0.8666666666666667, 0.8703703703703703
2024-05-21 16:11:13 - WARNING  - Epoch: 117, Sum of Accs: 8.396, Sum of s_i: 63.171590710949545
2024-05-21 16:11:18 - INFO     - {6: 6.353267537374678, 9: 6.309160844244077, 0: 6.36788513056155, 2: 6.370417309097247, 4: 6.32080352713447, 3: 6.329697890926882, 5: 6.3490650251802725, 1: 6.361595332817534, 8: 6.311338069038695, 7: 6.300154811000244}
2024-05-21 16:11:18 - INFO     - 0.8962962962962963, 0.8962962962962963, 0.8740740740740741, 0.8555555555555555, 0.8407407407407408, 0.9037037037037037, 0.8814814814814815, 0.9148148148148149, 0.9185185185185185, 0.8888888888888888
2024-05-21 16:11:18 - WARNING  - Epoch: 118, Sum of Accs: 8.870, Sum of s_i: 63.37338547737566
2024-05-21 16:11:23 - INFO     - {6: 6.373188180225093, 9: 6.32898077308971, 0: 6.389133367513682, 2: 6.39089638832456, 4: 6.340567142910399, 3: 6.349419872630928, 5: 6.36961626158277, 1: 6.38229201286752, 8: 6.329356301319714, 7: 6.319609545184174}
2024-05-21 16:11:23 - INFO     - 0.9111111111111111, 0.8814814814814815, 0.8703703703703703, 0.8740740740740741, 0.8629629629629629, 0.8851851851851852, 0.8777777777777778, 0.9148148148148149, 0.9259259259259259, 0.9407407407407408
2024-05-21 16:11:23 - WARNING  - Epoch: 119, Sum of Accs: 8.944, Sum of s_i: 63.573059845648544
2024-05-21 16:11:28 - INFO     - {6: 6.393330112795878, 9: 6.3488062062099875, 0: 6.408029167984917, 2: 6.411303654292531, 4: 6.3602830812794044, 3: 6.369576708278689, 5: 6.390744493605145, 1: 6.402319831222834, 8: 6.349217432336495, 7: 6.338826212413553}
2024-05-21 16:11:28 - INFO     - 0.9111111111111111, 0.9185185185185185, 0.8888888888888888, 0.8888888888888888, 0.8777777777777778, 0.9185185185185185, 0.8888888888888888, 0.9296296296296296, 0.937037037037037, 0.9148148148148149
2024-05-21 16:11:28 - WARNING  - Epoch: 120, Sum of Accs: 9.074, Sum of s_i: 63.772436900419436
2024-05-21 16:11:33 - INFO     - {6: 6.4137480012842065, 9: 6.36773669429935, 0: 6.4284205701838255, 2: 6.432326928237135, 4: 6.380162758510958, 3: 6.389027852995066, 5: 6.4107124086594744, 1: 6.422736015643534, 8: 6.36792482730588, 7: 6.3591245830878265}
2024-05-21 16:11:33 - INFO     - 0.9148148148148149, 0.9074074074074074, 0.9037037037037037, 0.8925925925925926, 0.8777777777777778, 0.9037037037037037, 0.8777777777777778, 0.9222222222222223, 0.937037037037037, 0.9333333333333333
2024-05-21 16:11:33 - WARNING  - Epoch: 121, Sum of Accs: 9.070, Sum of s_i: 63.97192064020726
2024-05-21 16:11:38 - INFO     - {6: 6.4338345571145785, 9: 6.387581278911777, 0: 6.447495131255524, 2: 6.45226335018149, 4: 6.400725827518714, 3: 6.408689538268001, 5: 6.430867605179553, 1: 6.442079047928908, 8: 6.386315533757889, 7: 6.379088169802922}
2024-05-21 16:11:38 - INFO     - 0.9185185185185185, 0.9148148148148149, 0.8962962962962963, 0.9, 0.8814814814814815, 0.9185185185185185, 0.8814814814814815, 0.9296296296296296, 0.937037037037037, 0.9222222222222223
2024-05-21 16:11:38 - WARNING  - Epoch: 122, Sum of Accs: 9.100, Sum of s_i: 64.16894003991935
2024-05-21 16:11:44 - INFO     - {6: 6.454429639621519, 9: 6.407074995870956, 0: 6.467759070678209, 2: 6.4717248010976025, 4: 6.420259316953383, 3: 6.427357155361851, 5: 6.450521408833523, 1: 6.460911358799202, 8: 6.405948607263605, 7: 6.398034332402382}
2024-05-21 16:11:44 - INFO     - 0.9148148148148149, 0.9148148148148149, 0.9, 0.8962962962962963, 0.8851851851851852, 0.9111111111111111, 0.8814814814814815, 0.9259259259259259, 0.937037037037037, 0.9296296296296296
2024-05-21 16:11:44 - WARNING  - Epoch: 123, Sum of Accs: 9.096, Sum of s_i: 64.36402068688224
2024-05-21 16:11:49 - INFO     - {6: 6.474393695621234, 9: 6.425909990020422, 0: 6.487766244994858, 2: 6.491293431573285, 4: 6.439607072084665, 3: 6.446197887185178, 5: 6.4720306517695105, 1: 6.481243750109561, 8: 6.424647301246303, 7: 6.417320731303653}
2024-05-21 16:11:49 - INFO     - 0.9185185185185185, 0.9111111111111111, 0.8962962962962963, 0.9, 0.8851851851851852, 0.9148148148148149, 0.8777777777777778, 0.9296296296296296, 0.937037037037037, 0.9259259259259259
2024-05-21 16:11:49 - WARNING  - Epoch: 124, Sum of Accs: 9.096, Sum of s_i: 64.56041075590866
2024-05-21 16:11:54 - INFO     - {6: 6.493420959361883, 9: 6.445333209271946, 0: 6.507331049151722, 2: 6.511287669042053, 4: 6.459341114802445, 3: 6.46541547608498, 5: 6.491697245826425, 1: 6.501294003250175, 8: 6.443541232590057, 7: 6.436734166113379}
2024-05-21 16:11:54 - INFO     - 0.9148148148148149, 0.9185185185185185, 0.9, 0.8962962962962963, 0.8851851851851852, 0.9111111111111111, 0.8814814814814815, 0.9259259259259259, 0.937037037037037, 0.9296296296296296
2024-05-21 16:11:54 - WARNING  - Epoch: 125, Sum of Accs: 9.100, Sum of s_i: 64.75539612549507
2024-05-21 16:11:59 - INFO     - {6: 6.514068131992533, 9: 6.4642809785597874, 0: 6.5280694804272, 2: 6.530143955869351, 4: 6.478382464024392, 3: 6.4858221477843125, 5: 6.511263788278321, 1: 6.520227772626784, 8: 6.463768276098238, 7: 6.4565714255105}
2024-05-21 16:11:59 - INFO     - 0.9148148148148149, 0.9148148148148149, 0.8925925925925926, 0.9, 0.8851851851851852, 0.9148148148148149, 0.8777777777777778, 0.9296296296296296, 0.9407407407407408, 0.9222222222222223
2024-05-21 16:11:59 - WARNING  - Epoch: 126, Sum of Accs: 9.093, Sum of s_i: 64.95259842117142
2024-05-21 16:12:04 - INFO     - {6: 6.533224666091733, 9: 6.482437113245204, 0: 6.5478583132013854, 2: 6.548449182002686, 4: 6.497415736502137, 3: 6.505135359057417, 5: 6.531022241168276, 1: 6.539546964730269, 8: 6.48371625663295, 7: 6.474743437165973}
2024-05-21 16:12:04 - INFO     - 0.9148148148148149, 0.9222222222222223, 0.9, 0.9, 0.8851851851851852, 0.9111111111111111, 0.8814814814814815, 0.9259259259259259, 0.937037037037037, 0.9296296296296296
2024-05-21 16:12:04 - WARNING  - Epoch: 127, Sum of Accs: 9.107, Sum of s_i: 65.14354926979803
2024-05-21 16:12:09 - INFO     - {6: 6.550843237449385, 9: 6.501027069920766, 0: 6.567333679671803, 2: 6.567961077400187, 4: 6.516225882798025, 3: 6.523466087295685, 5: 6.550543961854346, 1: 6.5589908706951086, 8: 6.503777962874592, 7: 6.493237768928924}
2024-05-21 16:12:09 - INFO     - 0.9148148148148149, 0.9222222222222223, 0.8962962962962963, 0.9074074074074074, 0.8888888888888888, 0.9148148148148149, 0.8814814814814815, 0.9333333333333333, 0.9407407407407408, 0.9259259259259259
2024-05-21 16:12:09 - WARNING  - Epoch: 128, Sum of Accs: 9.126, Sum of s_i: 65.33340759888883
2024-05-21 16:12:14 - INFO     - {6: 6.569676659905846, 9: 6.519427052820521, 0: 6.587114230549654, 2: 6.587289521850824, 4: 6.534483029922743, 3: 6.542742165890123, 5: 6.5708812915669546, 1: 6.578928265860452, 8: 6.522048008700599, 7: 6.512574812771344}
2024-05-21 16:12:14 - INFO     - 0.9148148148148149, 0.9259259259259259, 0.9, 0.9, 0.8888888888888888, 0.9148148148148149, 0.8777777777777778, 0.9259259259259259, 0.937037037037037, 0.9296296296296296
2024-05-21 16:12:14 - WARNING  - Epoch: 129, Sum of Accs: 9.115, Sum of s_i: 65.52516503983907
2024-05-21 16:12:19 - INFO     - {6: 6.5887648499435185, 9: 6.537592481816818, 0: 6.605010918114843, 2: 6.606987835851054, 4: 6.553025434290308, 3: 6.561414485765923, 5: 6.588605328395658, 1: 6.599530006525847, 8: 6.539887283024527, 7: 6.530802054893142}
2024-05-21 16:12:19 - INFO     - 0.9185185185185185, 0.9259259259259259, 0.8962962962962963, 0.9074074074074074, 0.8925925925925926, 0.9148148148148149, 0.8814814814814815, 0.9296296296296296, 0.9407407407407408, 0.9259259259259259
2024-05-21 16:12:19 - WARNING  - Epoch: 130, Sum of Accs: 9.133, Sum of s_i: 65.71162067862163
2024-05-21 16:12:25 - INFO     - {6: 6.607967985760318, 9: 6.556575431964835, 0: 6.623489036325556, 2: 6.626029820959645, 4: 6.571971921530009, 3: 6.580260245096939, 5: 6.606693276208841, 1: 6.618238804085833, 8: 6.557658161683734, 7: 6.548416440898875}
2024-05-21 16:12:25 - INFO     - 0.9148148148148149, 0.9296296296296296, 0.9037037037037037, 0.9, 0.8925925925925926, 0.9148148148148149, 0.8777777777777778, 0.9259259259259259, 0.937037037037037, 0.9333333333333333
2024-05-21 16:12:25 - WARNING  - Epoch: 131, Sum of Accs: 9.130, Sum of s_i: 65.89730112451458
2024-05-21 16:12:30 - INFO     - {6: 6.626458898502252, 9: 6.575488528033723, 0: 6.642012258853494, 2: 6.644496060132575, 4: 6.591127994959518, 3: 6.600660381100954, 5: 6.625213297801716, 1: 6.637573691338952, 8: 6.5765916079973845, 7: 6.566668907450784}
2024-05-21 16:12:30 - INFO     - 0.9185185185185185, 0.9259259259259259, 0.8925925925925926, 0.9037037037037037, 0.8925925925925926, 0.9185185185185185, 0.8851851851851852, 0.9296296296296296, 0.9407407407407408, 0.9259259259259259
2024-05-21 16:12:30 - WARNING  - Epoch: 132, Sum of Accs: 9.133, Sum of s_i: 66.08629162617135
2024-05-21 16:12:35 - INFO     - {6: 6.645589233405167, 9: 6.594971112396962, 0: 6.661447661901055, 2: 6.6636769546971655, 4: 6.61105639646578, 3: 6.618866611143566, 5: 6.643803648965, 1: 6.6560029406952745, 8: 6.595134834738771, 7: 6.585616678759888}
2024-05-21 16:12:35 - INFO     - 0.9148148148148149, 0.9296296296296296, 0.9, 0.9037037037037037, 0.8962962962962963, 0.9185185185185185, 0.8740740740740741, 0.9259259259259259, 0.937037037037037, 0.9333333333333333
2024-05-21 16:12:35 - WARNING  - Epoch: 133, Sum of Accs: 9.133, Sum of s_i: 66.27616607316862
2024-05-21 16:12:40 - INFO     - {6: 6.665135096525508, 9: 6.614690034872295, 0: 6.680588387512264, 2: 6.682263874470549, 4: 6.628623463425182, 3: 6.63839120147687, 5: 6.662946404715956, 1: 6.675088827216262, 8: 6.614431393993604, 7: 6.603844710886121}
2024-05-21 16:12:40 - INFO     - 0.9222222222222223, 0.9222222222222223, 0.9, 0.9037037037037037, 0.8888888888888888, 0.9185185185185185, 0.8925925925925926, 0.9296296296296296, 0.9407407407407408, 0.9185185185185185
2024-05-21 16:12:40 - WARNING  - Epoch: 134, Sum of Accs: 9.137, Sum of s_i: 66.4660033950946
2024-05-21 16:12:45 - INFO     - {6: 6.684209896093483, 9: 6.633339305248029, 0: 6.699916839636993, 2: 6.700012449134392, 4: 6.647316605540683, 3: 6.656739318150999, 5: 6.682077979747025, 1: 6.692847753565438, 8: 6.631766809003259, 7: 6.621589690335068}
2024-05-21 16:12:45 - INFO     - 0.9148148148148149, 0.9222222222222223, 0.9074074074074074, 0.8962962962962963, 0.8888888888888888, 0.9185185185185185, 0.8740740740740741, 0.9259259259259259, 0.937037037037037, 0.9333333333333333
2024-05-21 16:12:45 - WARNING  - Epoch: 135, Sum of Accs: 9.119, Sum of s_i: 66.64981664645536
2024-05-21 16:12:50 - INFO     - {6: 6.702820016860161, 9: 6.652993434206439, 0: 6.718632060169934, 2: 6.718519286832402, 4: 6.666245845293622, 3: 6.676269591679509, 5: 6.701869936475349, 1: 6.712075061118434, 8: 6.650194909484577, 7: 6.639517242371649}
2024-05-21 16:12:50 - INFO     - 0.9185185185185185, 0.9222222222222223, 0.8962962962962963, 0.9037037037037037, 0.8851851851851852, 0.9185185185185185, 0.8925925925925926, 0.9333333333333333, 0.937037037037037, 0.9148148148148149
2024-05-21 16:12:50 - WARNING  - Epoch: 136, Sum of Accs: 9.122, Sum of s_i: 66.83913738449208
2024-05-21 16:12:55 - INFO     - {6: 6.721910886934112, 9: 6.6718272677066235, 0: 6.736780898132817, 2: 6.737165635981496, 4: 6.683902852136146, 3: 6.69354733449074, 5: 6.719771306378157, 1: 6.73118447455866, 8: 6.668222525153568, 7: 6.657083390674905}
2024-05-21 16:12:55 - INFO     - 0.9148148148148149, 0.9037037037037037, 0.9037037037037037, 0.8925925925925926, 0.8814814814814815, 0.9148148148148149, 0.8814814814814815, 0.9222222222222223, 0.937037037037037, 0.9407407407407408
2024-05-21 16:12:55 - WARNING  - Epoch: 137, Sum of Accs: 9.093, Sum of s_i: 67.02139657214721
2024-05-21 16:13:01 - INFO     - {6: 6.740082315334645, 9: 6.69020565599002, 0: 6.755174031434397, 2: 6.756003660323846, 4: 6.701883179842968, 3: 6.710868440858514, 5: 6.738658323160137, 1: 6.748838236970476, 8: 6.686340126018808, 7: 6.674602883985438}
2024-05-21 16:13:01 - INFO     - 0.9148148148148149, 0.9259259259259259, 0.8814814814814815, 0.9037037037037037, 0.8888888888888888, 0.9185185185185185, 0.8925925925925926, 0.9296296296296296, 0.9407407407407408, 0.9148148148148149
2024-05-21 16:13:01 - WARNING  - Epoch: 138, Sum of Accs: 9.111, Sum of s_i: 67.20265685391925
2024-05-21 16:13:06 - INFO     - {6: 6.758500352588592, 9: 6.7078810977912315, 0: 6.772505063258159, 2: 6.774987723100699, 4: 6.719300370824986, 3: 6.729713945483444, 5: 6.755911282865986, 1: 6.767494790245294, 8: 6.704661560012822, 7: 6.692211495561164}
2024-05-21 16:13:06 - INFO     - 0.9111111111111111, 0.8962962962962963, 0.9074074074074074, 0.8777777777777778, 0.8777777777777778, 0.9074074074074074, 0.8851851851851852, 0.9185185185185185, 0.937037037037037, 0.9444444444444444
2024-05-21 16:13:06 - WARNING  - Epoch: 139, Sum of Accs: 9.063, Sum of s_i: 67.38316768173239
2024-05-21 16:13:11 - INFO     - {6: 6.777162423472579, 9: 6.725030382522508, 0: 6.79106974223112, 2: 6.794422214681403, 4: 6.738577514296275, 3: 6.7472242888637135, 5: 6.774119033879074, 1: 6.785664530547906, 8: 6.722490875141768, 7: 6.709340308106864}
2024-05-21 16:13:11 - INFO     - 0.9074074074074074, 0.9185185185185185, 0.8814814814814815, 0.8925925925925926, 0.8851851851851852, 0.9148148148148149, 0.8925925925925926, 0.9259259259259259, 0.9333333333333333, 0.9148148148148149
2024-05-21 16:13:11 - WARNING  - Epoch: 140, Sum of Accs: 9.067, Sum of s_i: 67.56510131374321
2024-05-21 16:13:16 - INFO     - {6: 6.7952764174834694, 9: 6.74286325003331, 0: 6.808397076782173, 2: 6.81140450891385, 4: 6.7580502103043925, 3: 6.766309524877263, 5: 6.792513620321827, 1: 6.804793180625716, 8: 6.740725160152103, 7: 6.7268270535196315}
2024-05-21 16:13:16 - INFO     - 0.9259259259259259, 0.8962962962962963, 0.9074074074074074, 0.8777777777777778, 0.8777777777777778, 0.8962962962962963, 0.8777777777777778, 0.9037037037037037, 0.9407407407407408, 0.937037037037037
2024-05-21 16:13:16 - WARNING  - Epoch: 141, Sum of Accs: 9.041, Sum of s_i: 67.74716000301373
2024-05-21 16:13:21 - INFO     - {6: 6.814084139314237, 9: 6.760019599136817, 0: 6.826961969170449, 2: 6.829435685447192, 4: 6.774381575286267, 3: 6.784415539122921, 5: 6.810484055363236, 1: 6.823481617343969, 8: 6.758398332250125, 7: 6.744070065476896}
2024-05-21 16:13:21 - INFO     - 0.8962962962962963, 0.9074074074074074, 0.8740740740740741, 0.8925925925925926, 0.8703703703703703, 0.9111111111111111, 0.8888888888888888, 0.9111111111111111, 0.9185185185185185, 0.9037037037037037
2024-05-21 16:13:21 - WARNING  - Epoch: 142, Sum of Accs: 8.974, Sum of s_i: 67.9257325779121
2024-05-21 16:13:26 - INFO     - {6: 6.831122539570854, 9: 6.777567196745901, 0: 6.844885147597775, 2: 6.847860135651858, 4: 6.791495665217091, 3: 6.8023329427144406, 5: 6.827981019631098, 1: 6.841215885047692, 8: 6.776356617668182, 7: 6.76229882744172}
2024-05-21 16:13:26 - INFO     - 0.9222222222222223, 0.8629629629629629, 0.8814814814814815, 0.8666666666666667, 0.8703703703703703, 0.8592592592592593, 0.8481481481481481, 0.8962962962962963, 0.9296296296296296, 0.9148148148148149
2024-05-21 16:13:26 - WARNING  - Epoch: 143, Sum of Accs: 8.852, Sum of s_i: 68.10311597728662
2024-05-21 16:13:31 - INFO     - {6: 6.848230291596987, 9: 6.7953900467725585, 0: 6.863315176790312, 2: 6.865173131245152, 4: 6.808348773740184, 3: 6.819411549508992, 5: 6.84614532500688, 1: 6.8598578202157485, 8: 6.793962322004698, 7: 6.779503803035915}
2024-05-21 16:13:31 - INFO     - 0.8777777777777778, 0.8925925925925926, 0.8444444444444444, 0.8555555555555555, 0.825925925925926, 0.9, 0.8629629629629629, 0.8925925925925926, 0.8703703703703703, 0.8666666666666667
2024-05-21 16:13:31 - WARNING  - Epoch: 144, Sum of Accs: 8.689, Sum of s_i: 68.27933823991742
2024-05-21 16:13:36 - INFO     - {6: 6.867192039685457, 9: 6.812466135930797, 0: 6.880203721879182, 2: 6.88235044028067, 4: 6.82524819323357, 3: 6.8363578132274, 5: 6.862989566630789, 1: 6.878075463041686, 8: 6.81286272720041, 7: 6.7963208599034415}
2024-05-21 16:13:36 - INFO     - 0.8592592592592593, 0.7703703703703704, 0.8222222222222222, 0.7962962962962963, 0.7925925925925926, 0.8, 0.7851851851851852, 0.8333333333333334, 0.8629629629629629, 0.825925925925926
2024-05-21 16:13:36 - WARNING  - Epoch: 145, Sum of Accs: 8.148, Sum of s_i: 68.45406696101341
2024-05-21 16:13:41 - INFO     - {6: 6.8854590307560395, 9: 6.8297430960939405, 0: 6.897175446364379, 2: 6.900481745014203, 4: 6.842045362127243, 3: 6.854880975480851, 5: 6.88064772205865, 1: 6.895239735553768, 8: 6.830750555625736, 7: 6.81358691883417}
2024-05-21 16:13:41 - INFO     - 0.7925925925925926, 0.7555555555555555, 0.7703703703703704, 0.7703703703703704, 0.7444444444444445, 0.7888888888888889, 0.7703703703703704, 0.762962962962963, 0.762962962962963, 0.7296296296296296
2024-05-21 16:13:41 - WARNING  - Epoch: 146, Sum of Accs: 7.648, Sum of s_i: 68.63001058790898
2024-05-21 16:13:47 - INFO     - {6: 6.902334880304222, 9: 6.847203334249967, 0: 6.914862936203856, 2: 6.917836642668359, 4: 6.858660851484421, 3: 6.872009779360772, 5: 6.8987109794225265, 1: 6.9123855807962045, 8: 6.848391061229827, 7: 6.831386918384503}
2024-05-21 16:13:47 - INFO     - 0.7592592592592593, 0.7148148148148148, 0.7592592592592593, 0.6962962962962963, 0.7111111111111111, 0.7185185185185186, 0.7037037037037037, 0.7777777777777778, 0.7407407407407407, 0.7111111111111111
2024-05-21 16:13:47 - WARNING  - Epoch: 147, Sum of Accs: 7.293, Sum of s_i: 68.80378296410466
2024-05-21 16:13:52 - INFO     - {6: 6.919766424997103, 9: 6.863745374042248, 0: 6.932382684081196, 2: 6.935499605411565, 4: 6.876560965367448, 3: 6.889247099153379, 5: 6.916324446670966, 1: 6.930594042736732, 8: 6.8659437122460005, 7: 6.848366439595801}
2024-05-21 16:13:52 - INFO     - 0.9148148148148149, 0.8888888888888888, 0.8851851851851852, 0.8777777777777778, 0.8481481481481481, 0.8888888888888888, 0.8703703703703703, 0.9111111111111111, 0.9222222222222223, 0.9148148148148149
2024-05-21 16:13:52 - WARNING  - Epoch: 148, Sum of Accs: 8.922, Sum of s_i: 68.97843079430244
2024-05-21 16:13:57 - INFO     - {6: 6.937240206188623, 9: 6.881971967790818, 0: 6.949709998389826, 2: 6.952781568015817, 4: 6.893540385183178, 3: 6.9076026447700425, 5: 6.935410632241929, 1: 6.948744306432705, 8: 6.882895283062366, 7: 6.865532166070286}
2024-05-21 16:13:57 - INFO     - 0.9222222222222223, 0.9111111111111111, 0.9148148148148149, 0.9037037037037037, 0.8703703703703703, 0.9111111111111111, 0.8740740740740741, 0.9333333333333333, 0.9333333333333333, 0.9185185185185185
2024-05-21 16:13:57 - WARNING  - Epoch: 149, Sum of Accs: 9.093, Sum of s_i: 69.15542915814558
2024-05-21 16:14:02 - INFO     - {6: 6.955514880293584, 9: 6.899289874270777, 0: 6.967391232549672, 2: 6.9705268396698505, 4: 6.911025153079995, 3: 6.925234341435369, 5: 6.952697683440366, 1: 6.966716570660456, 8: 6.899213223659298, 7: 6.882687922393796}
2024-05-21 16:14:02 - INFO     - 0.9259259259259259, 0.9111111111111111, 0.9074074074074074, 0.9, 0.8703703703703703, 0.9074074074074074, 0.8777777777777778, 0.9333333333333333, 0.9444444444444444, 0.9259259259259259
2024-05-21 16:14:02 - WARNING  - Epoch: 150, Sum of Accs: 9.104, Sum of s_i: 69.33029772145315
2024-05-21 16:14:07 - INFO     - {6: 6.9728001781884625, 9: 6.916697315354148, 0: 6.984248868774389, 2: 6.98708667842961, 4: 6.928638120879541, 3: 6.942428493598001, 5: 6.969007076196149, 1: 6.983572253163122, 8: 6.915416299136141, 7: 6.8995366488490575}
2024-05-21 16:14:07 - INFO     - 0.9222222222222223, 0.9037037037037037, 0.9111111111111111, 0.9037037037037037, 0.8740740740740741, 0.9185185185185185, 0.8814814814814815, 0.9296296296296296, 0.9444444444444444, 0.9259259259259259
2024-05-21 16:14:07 - WARNING  - Epoch: 151, Sum of Accs: 9.115, Sum of s_i: 69.49943193256863
2024-05-21 16:14:12 - INFO     - {6: 6.9906656453128875, 9: 6.933458069440567, 0: 7.001534676933063, 2: 7.003766428578279, 4: 6.945008092410006, 3: 6.959520014454427, 5: 6.985727182125053, 1: 7.000664637703272, 8: 6.932430464346057, 7: 6.915872232278213}
2024-05-21 16:14:12 - INFO     - 0.9259259259259259, 0.9037037037037037, 0.9111111111111111, 0.9037037037037037, 0.8740740740740741, 0.9185185185185185, 0.8814814814814815, 0.9296296296296296, 0.9444444444444444, 0.9296296296296296
2024-05-21 16:14:12 - WARNING  - Epoch: 152, Sum of Accs: 9.122, Sum of s_i: 69.66864744358183
2024-05-21 16:14:17 - INFO     - {6: 7.008106761856137, 9: 6.950100945700757, 0: 7.018242211515622, 2: 7.02086730054364, 4: 6.962237729395413, 3: 6.976032857861312, 5: 7.003029645077613, 1: 7.018861440155945, 8: 6.948190955718003, 7: 6.932624010886734}
2024-05-21 16:14:17 - INFO     - 0.9222222222222223, 0.9074074074074074, 0.9111111111111111, 0.9074074074074074, 0.8814814814814815, 0.9185185185185185, 0.8851851851851852, 0.9296296296296296, 0.9407407407407408, 0.9333333333333333
2024-05-21 16:14:17 - WARNING  - Epoch: 153, Sum of Accs: 9.137, Sum of s_i: 69.83829385871118
2024-05-21 16:14:22 - INFO     - {6: 7.0259782016342065, 9: 6.967666243631399, 0: 7.035476590110858, 2: 7.037890411712639, 4: 6.9790858793477115, 3: 6.99246440894563, 5: 7.018732395060692, 1: 7.03664917378791, 8: 6.9659595903328455, 7: 6.948693210583448}
2024-05-21 16:14:22 - INFO     - 0.9222222222222223, 0.9111111111111111, 0.9111111111111111, 0.9074074074074074, 0.8814814814814815, 0.9185185185185185, 0.8851851851851852, 0.9333333333333333, 0.9407407407407408, 0.9296296296296296
2024-05-21 16:14:22 - WARNING  - Epoch: 154, Sum of Accs: 9.141, Sum of s_i: 70.00859610514733
2024-05-21 16:14:28 - INFO     - {6: 7.043069478354784, 9: 6.983614156060742, 0: 7.052959584822754, 2: 7.055754216101395, 4: 6.99554936030633, 3: 7.0102962404898195, 5: 7.036326388881543, 1: 7.053475112131696, 8: 6.982635701458516, 7: 6.965451436433952}
2024-05-21 16:14:28 - INFO     - 0.9222222222222223, 0.9148148148148149, 0.9074074074074074, 0.9074074074074074, 0.8888888888888888, 0.9185185185185185, 0.8851851851851852, 0.9333333333333333, 0.9407407407407408, 0.9333333333333333
2024-05-21 16:14:28 - WARNING  - Epoch: 155, Sum of Accs: 9.152, Sum of s_i: 70.17913167504153
2024-05-21 16:14:33 - INFO     - {6: 7.059674059802294, 9: 7.000280274756676, 0: 7.0691935543560485, 2: 7.073378684562624, 4: 7.011802163216991, 3: 7.027813627973565, 5: 7.052605313552134, 1: 7.069165130392772, 8: 6.999874168865698, 7: 6.98213001023023}
2024-05-21 16:14:33 - INFO     - 0.9222222222222223, 0.9185185185185185, 0.9037037037037037, 0.9074074074074074, 0.8925925925925926, 0.9222222222222223, 0.8814814814814815, 0.9333333333333333, 0.9407407407407408, 0.9333333333333333
2024-05-21 16:14:33 - WARNING  - Epoch: 156, Sum of Accs: 9.156, Sum of s_i: 70.34591698770903
2024-05-21 16:14:38 - INFO     - {6: 7.076408849006303, 9: 7.016846248845178, 0: 7.0873989928514, 2: 7.090169744035418, 4: 7.028449890927884, 3: 7.0445353510137405, 5: 7.070228328684309, 1: 7.08690724990894, 8: 7.016354874140702, 7: 6.999093912795884}
2024-05-21 16:14:38 - INFO     - 0.9259259259259259, 0.9148148148148149, 0.9148148148148149, 0.9074074074074074, 0.8925925925925926, 0.9185185185185185, 0.8814814814814815, 0.9333333333333333, 0.9407407407407408, 0.9333333333333333
2024-05-21 16:14:38 - WARNING  - Epoch: 157, Sum of Accs: 9.163, Sum of s_i: 70.51639344220976
2024-05-21 16:14:43 - INFO     - {6: 7.093086990328684, 9: 7.032988460180846, 0: 7.104874376174297, 2: 7.107039421341887, 4: 7.043325705183716, 3: 7.061410576911999, 5: 7.086684619584949, 1: 7.103309324536068, 8: 7.032745068529482, 7: 7.0147793537067304}
2024-05-21 16:14:43 - INFO     - 0.9222222222222223, 0.9222222222222223, 0.9074074074074074, 0.9074074074074074, 0.8925925925925926, 0.9222222222222223, 0.8925925925925926, 0.9333333333333333, 0.9407407407407408, 0.9333333333333333
2024-05-21 16:14:43 - WARNING  - Epoch: 158, Sum of Accs: 9.174, Sum of s_i: 70.68024389647866
2024-05-21 16:14:49 - INFO     - {6: 7.110318906394422, 9: 7.049527212663796, 0: 7.121263876357649, 2: 7.1241125775815926, 4: 7.059731479200098, 3: 7.078385362046239, 5: 7.103881418684564, 1: 7.120487877854071, 8: 7.049753312540803, 7: 7.029712593612851}
2024-05-21 16:14:49 - INFO     - 0.9259259259259259, 0.9148148148148149, 0.9074074074074074, 0.9074074074074074, 0.8925925925925926, 0.9222222222222223, 0.8888888888888888, 0.9333333333333333, 0.9407407407407408, 0.9333333333333333
2024-05-21 16:14:49 - WARNING  - Epoch: 159, Sum of Accs: 9.167, Sum of s_i: 70.84717461693609
2024-05-21 16:14:54 - INFO     - {6: 7.127447215297742, 9: 7.0662350680065655, 0: 7.138535325701605, 2: 7.140662458371583, 4: 7.075457756513506, 3: 7.094616248420458, 5: 7.120212833025446, 1: 7.136947514586059, 8: 7.066534324051736, 7: 7.0453839405204475}
2024-05-21 16:14:54 - INFO     - 0.9222222222222223, 0.9148148148148149, 0.9074074074074074, 0.9074074074074074, 0.8925925925925926, 0.9074074074074074, 0.8962962962962963, 0.9333333333333333, 0.9407407407407408, 0.9333333333333333
2024-05-21 16:14:54 - WARNING  - Epoch: 160, Sum of Accs: 9.156, Sum of s_i: 71.01203268449515
2024-05-21 16:14:59 - INFO     - {6: 7.143366958493903, 9: 7.0817408556407795, 0: 7.155691322278796, 2: 7.157690781628763, 4: 7.091936635726005, 3: 7.1102187231876375, 5: 7.136995178264362, 1: 7.153350271308146, 8: 7.081754993015988, 7: 7.063063335786322}
2024-05-21 16:14:59 - INFO     - 0.9259259259259259, 0.9185185185185185, 0.9111111111111111, 0.9074074074074074, 0.8925925925925926, 0.9185185185185185, 0.8925925925925926, 0.9333333333333333, 0.9407407407407408, 0.9333333333333333
2024-05-21 16:14:59 - WARNING  - Epoch: 161, Sum of Accs: 9.174, Sum of s_i: 71.1758090553307
2024-05-21 16:15:04 - INFO     - {6: 7.159746332023084, 9: 7.097752316586951, 0: 7.171665120610784, 2: 7.1744051610401, 4: 7.1079787474591765, 3: 7.127432645629149, 5: 7.153534050620002, 1: 7.169355508523439, 8: 7.097979198609928, 7: 7.079005797612905}
2024-05-21 16:15:04 - INFO     - 0.9259259259259259, 0.9148148148148149, 0.9074074074074074, 0.9074074074074074, 0.9, 0.9111111111111111, 0.8962962962962963, 0.9333333333333333, 0.9407407407407408, 0.9333333333333333
2024-05-21 16:15:04 - WARNING  - Epoch: 162, Sum of Accs: 9.170, Sum of s_i: 71.33885487871552
2024-05-21 16:15:09 - INFO     - {6: 7.1764370970374705, 9: 7.113474553054876, 0: 7.1882765790187015, 2: 7.190345493265201, 4: 7.1247743034033135, 3: 7.1443188023231015, 5: 7.169779562470662, 1: 7.184925587639033, 8: 7.114626421157966, 7: 7.0938586058098725}
2024-05-21 16:15:09 - INFO     - 0.9259259259259259, 0.9185185185185185, 0.9148148148148149, 0.9074074074074074, 0.8962962962962963, 0.9185185185185185, 0.8962962962962963, 0.9333333333333333, 0.9481481481481482, 0.9333333333333333
2024-05-21 16:15:09 - WARNING  - Epoch: 163, Sum of Accs: 9.193, Sum of s_i: 71.50081700518021
2024-05-21 16:15:15 - INFO     - {6: 7.192772657579799, 9: 7.130978956870181, 0: 7.2056649426313495, 2: 7.207267051626724, 4: 7.139526444542395, 3: 7.161187638081898, 5: 7.186188003377244, 1: 7.200467849778535, 8: 7.130987762262137, 7: 7.110477717374492}
2024-05-21 16:15:15 - INFO     - 0.9296296296296296, 0.9148148148148149, 0.9074074074074074, 0.9074074074074074, 0.9, 0.9111111111111111, 0.8962962962962963, 0.9333333333333333, 0.9481481481481482, 0.9333333333333333
2024-05-21 16:15:15 - WARNING  - Epoch: 164, Sum of Accs: 9.181, Sum of s_i: 71.66551902412476
2024-05-21 16:15:20 - INFO     - {6: 7.209461021281133, 9: 7.146718972773716, 0: 7.220647343680741, 2: 7.224002382933034, 4: 7.154537215190224, 3: 7.177528248015133, 5: 7.201866721925328, 1: 7.21670264013169, 8: 7.1463955429046395, 7: 7.126599448785765}
2024-05-21 16:15:20 - INFO     - 0.9259259259259259, 0.9148148148148149, 0.9148148148148149, 0.9074074074074074, 0.9, 0.9185185185185185, 0.8962962962962963, 0.9333333333333333, 0.9481481481481482, 0.9333333333333333
2024-05-21 16:15:20 - WARNING  - Epoch: 165, Sum of Accs: 9.193, Sum of s_i: 71.82445953762141
2024-05-21 16:15:25 - INFO     - {6: 7.225374418957247, 9: 7.161921702262567, 0: 7.236835395956441, 2: 7.239726094445522, 4: 7.172169557370226, 3: 7.1937653728429405, 5: 7.21862296923821, 1: 7.2331736957085875, 8: 7.162801873531314, 7: 7.141721994816568}
2024-05-21 16:15:25 - INFO     - 0.9296296296296296, 0.9185185185185185, 0.9074074074074074, 0.9074074074074074, 0.9, 0.9111111111111111, 0.8962962962962963, 0.9333333333333333, 0.9481481481481482, 0.9333333333333333
2024-05-21 16:15:25 - WARNING  - Epoch: 166, Sum of Accs: 9.185, Sum of s_i: 71.98611307512962
2024-05-21 16:15:30 - INFO     - {6: 7.242061800735676, 9: 7.178408296515152, 0: 7.253390454081556, 2: 7.256299134155735, 4: 7.188515404333108, 3: 7.211327118712161, 5: 7.234491935044529, 1: 7.250103346609616, 8: 7.1797231039919005, 7: 7.156963349706848}
2024-05-21 16:15:30 - INFO     - 0.9296296296296296, 0.9148148148148149, 0.9111111111111111, 0.9074074074074074, 0.9, 0.9185185185185185, 0.8962962962962963, 0.9333333333333333, 0.9481481481481482, 0.9333333333333333
2024-05-21 16:15:30 - WARNING  - Epoch: 167, Sum of Accs: 9.193, Sum of s_i: 72.15128394388627
2024-05-21 16:15:36 - INFO     - {6: 7.2573351616175765, 9: 7.194615984012816, 0: 7.269228436460003, 2: 7.271603604142964, 4: 7.204135013310502, 3: 7.226438163117408, 5: 7.249914875598431, 1: 7.266962376242497, 8: 7.19576592522181, 7: 7.173214487852592}
2024-05-21 16:15:36 - INFO     - 0.9259259259259259, 0.9185185185185185, 0.9074074074074074, 0.9074074074074074, 0.9, 0.9111111111111111, 0.9, 0.9333333333333333, 0.9481481481481482, 0.9333333333333333
2024-05-21 16:15:36 - WARNING  - Epoch: 168, Sum of Accs: 9.185, Sum of s_i: 72.30921402757659
2024-05-21 16:15:41 - INFO     - {6: 7.272989768139526, 9: 7.210765718566158, 0: 7.285522886560712, 2: 7.286798625678643, 4: 7.219053535110215, 3: 7.242440373537212, 5: 7.266605511702051, 1: 7.28431243322438, 8: 7.2118969614070725, 7: 7.189064144571147}
2024-05-21 16:15:41 - INFO     - 0.9296296296296296, 0.9148148148148149, 0.9111111111111111, 0.9074074074074074, 0.9, 0.9185185185185185, 0.8962962962962963, 0.9333333333333333, 0.9481481481481482, 0.9333333333333333
2024-05-21 16:15:41 - WARNING  - Epoch: 169, Sum of Accs: 9.193, Sum of s_i: 72.46944995849712
2024-05-21 16:15:46 - INFO     - {6: 7.289301403911634, 9: 7.22519481906394, 0: 7.301138102824917, 2: 7.302399212816052, 4: 7.235280748942314, 3: 7.258638102507642, 5: 7.28280450165383, 1: 7.299657330361344, 8: 7.22879944373218, 7: 7.20473935526072}
2024-05-21 16:15:46 - INFO     - 0.9259259259259259, 0.9185185185185185, 0.9074074074074074, 0.9074074074074074, 0.9037037037037037, 0.9111111111111111, 0.9, 0.9333333333333333, 0.9481481481481482, 0.9333333333333333
2024-05-21 16:15:46 - WARNING  - Epoch: 170, Sum of Accs: 9.189, Sum of s_i: 72.62795302107457
2024-05-21 16:15:51 - INFO     - {6: 7.3057317103814965, 9: 7.241047522443521, 0: 7.317073139716495, 2: 7.318400425409458, 4: 7.25247347674554, 3: 7.274234739134569, 5: 7.298305673695301, 1: 7.314709098770595, 8: 7.244894350718439, 7: 7.22126057688863}
2024-05-21 16:15:51 - INFO     - 0.9296296296296296, 0.9185185185185185, 0.9148148148148149, 0.9074074074074074, 0.9, 0.9185185185185185, 0.9, 0.9333333333333333, 0.9481481481481482, 0.9333333333333333
2024-05-21 16:15:51 - WARNING  - Epoch: 171, Sum of Accs: 9.204, Sum of s_i: 72.78813071390404
2024-05-21 16:15:57 - INFO     - {6: 7.321809928497358, 9: 7.257332850634069, 0: 7.332565976904379, 2: 7.334982073149744, 4: 7.26870526128444, 3: 7.289358388591084, 5: 7.313753793869772, 1: 7.330545512736571, 8: 7.2610368945684565, 7: 7.236523160234116}
2024-05-21 16:15:57 - INFO     - 0.9259259259259259, 0.9185185185185185, 0.9074074074074074, 0.9074074074074074, 0.9074074074074074, 0.9148148148148149, 0.9, 0.937037037037037, 0.9481481481481482, 0.937037037037037
2024-05-21 16:15:57 - WARNING  - Epoch: 172, Sum of Accs: 9.204, Sum of s_i: 72.94661384047
2024-05-21 16:16:02 - INFO     - {6: 7.33832067584915, 9: 7.272452394060277, 0: 7.348418065492052, 2: 7.351614879803247, 4: 7.284167656970522, 3: 7.304469969299357, 5: 7.3302712171640545, 1: 7.346708171403099, 8: 7.2762422366108, 7: 7.2523368800291}
2024-05-21 16:16:02 - INFO     - 0.9296296296296296, 0.9185185185185185, 0.9148148148148149, 0.9074074074074074, 0.8962962962962963, 0.9185185185185185, 0.9, 0.9333333333333333, 0.9518518518518518, 0.937037037037037
2024-05-21 16:16:02 - WARNING  - Epoch: 173, Sum of Accs: 9.207, Sum of s_i: 73.10500214668167
2024-05-21 16:16:07 - INFO     - {6: 7.355036961648797, 9: 7.288741113155069, 0: 7.364915236105493, 2: 7.367606689407471, 4: 7.2988588134402494, 3: 7.3203528991214535, 5: 7.345896757002821, 1: 7.361908020907075, 8: 7.290822894607528, 7: 7.267390811924544}
2024-05-21 16:16:07 - INFO     - 0.9259259259259259, 0.9185185185185185, 0.9111111111111111, 0.9074074074074074, 0.9074074074074074, 0.9148148148148149, 0.9037037037037037, 0.937037037037037, 0.9481481481481482, 0.937037037037037
2024-05-21 16:16:07 - WARNING  - Epoch: 174, Sum of Accs: 9.211, Sum of s_i: 73.2615301973205
2024-05-21 16:16:12 - INFO     - {6: 7.371317759271562, 9: 7.3042801236066595, 0: 7.380532684004713, 2: 7.38339948190954, 4: 7.314105632149561, 3: 7.336351419036137, 5: 7.361107868301546, 1: 7.377924701047156, 8: 7.307634464282833, 7: 7.28259168922719}
2024-05-21 16:16:12 - INFO     - 0.9296296296296296, 0.9185185185185185, 0.9148148148148149, 0.9074074074074074, 0.8962962962962963, 0.9185185185185185, 0.9, 0.9333333333333333, 0.9555555555555556, 0.937037037037037
2024-05-21 16:16:12 - WARNING  - Epoch: 175, Sum of Accs: 9.211, Sum of s_i: 73.41924582283688
2024-05-21 16:16:18 - INFO     - {6: 7.386788258033338, 9: 7.319265795088938, 0: 7.39707967509458, 2: 7.399787376400672, 4: 7.32940186929266, 3: 7.352654337860694, 5: 7.376640495233822, 1: 7.395467155788782, 8: 7.323464663183605, 7: 7.2978788734424}
2024-05-21 16:16:18 - INFO     - 0.9259259259259259, 0.9185185185185185, 0.9111111111111111, 0.9111111111111111, 0.9037037037037037, 0.9185185185185185, 0.9037037037037037, 0.937037037037037, 0.9481481481481482, 0.937037037037037
2024-05-21 16:16:18 - WARNING  - Epoch: 176, Sum of Accs: 9.215, Sum of s_i: 73.57842849941949
2024-05-21 16:16:23 - INFO     - {6: 7.402623252640253, 9: 7.334204018826082, 0: 7.412398764699832, 2: 7.414845599294788, 4: 7.34518394416032, 3: 7.369207972309387, 5: 7.392652798143388, 1: 7.410538922597291, 8: 7.339218342429845, 7: 7.3133713905731526}
2024-05-21 16:16:23 - INFO     - 0.9296296296296296, 0.9185185185185185, 0.9148148148148149, 0.9074074074074074, 0.8962962962962963, 0.9185185185185185, 0.9074074074074074, 0.9333333333333333, 0.9555555555555556, 0.9407407407407408
2024-05-21 16:16:23 - WARNING  - Epoch: 177, Sum of Accs: 9.222, Sum of s_i: 73.73424500567434
2024-05-21 16:16:29 - INFO     - {6: 7.417849251510104, 9: 7.349393119993662, 0: 7.426390427770446, 2: 7.430260091719593, 4: 7.359896589274237, 3: 7.3851951138728165, 5: 7.409733585228211, 1: 7.42735822827084, 8: 7.35443631332911, 7: 7.327070703571737}
2024-05-21 16:16:29 - INFO     - 0.9259259259259259, 0.9185185185185185, 0.9111111111111111, 0.9111111111111111, 0.9037037037037037, 0.9185185185185185, 0.9037037037037037, 0.937037037037037, 0.9444444444444444, 0.937037037037037
2024-05-21 16:16:29 - WARNING  - Epoch: 178, Sum of Accs: 9.211, Sum of s_i: 73.88758342454076
2024-05-21 16:16:34 - INFO     - {6: 7.433097574861243, 9: 7.365262029708384, 0: 7.441623023171495, 2: 7.445816065243225, 4: 7.374282142662502, 3: 7.400397369399689, 5: 7.425329929054563, 1: 7.442746632088652, 8: 7.3686369895145845, 7: 7.3435449529626915}
2024-05-21 16:16:34 - INFO     - 0.9333333333333333, 0.9185185185185185, 0.9185185185185185, 0.9074074074074074, 0.9, 0.9222222222222223, 0.9074074074074074, 0.9296296296296296, 0.9555555555555556, 0.9444444444444444
2024-05-21 16:16:34 - WARNING  - Epoch: 179, Sum of Accs: 9.237, Sum of s_i: 74.04073670866703
2024-05-21 16:16:39 - INFO     - {6: 7.447597154265354, 9: 7.380294113756324, 0: 7.456044535895278, 2: 7.460880719381859, 4: 7.388889277772713, 3: 7.416833118518086, 5: 7.440628760579315, 1: 7.458239882780851, 8: 7.382800672543726, 7: 7.35843274064849}
2024-05-21 16:16:39 - INFO     - 0.9259259259259259, 0.9185185185185185, 0.9111111111111111, 0.9111111111111111, 0.9037037037037037, 0.9185185185185185, 0.9074074074074074, 0.937037037037037, 0.9444444444444444, 0.937037037037037
2024-05-21 16:16:39 - WARNING  - Epoch: 180, Sum of Accs: 9.215, Sum of s_i: 74.190640976142
2024-05-21 16:16:45 - INFO     - {6: 7.462250252791345, 9: 7.3951411009877095, 0: 7.471060923270434, 2: 7.476282677367804, 4: 7.404228074598336, 3: 7.432810771437706, 5: 7.4560076807633635, 1: 7.473407539558298, 8: 7.397914105644024, 7: 7.373636530994266}
2024-05-21 16:16:45 - INFO     - 0.9296296296296296, 0.9148148148148149, 0.9185185185185185, 0.9074074074074074, 0.9, 0.9222222222222223, 0.9037037037037037, 0.9296296296296296, 0.9555555555555556, 0.9444444444444444
2024-05-21 16:16:45 - WARNING  - Epoch: 181, Sum of Accs: 9.226, Sum of s_i: 74.34273965741328
2024-05-21 16:16:50 - INFO     - {6: 7.4776742874114515, 9: 7.410748631235988, 0: 7.486253036708089, 2: 7.491613269452643, 4: 7.419964248910206, 3: 7.448913792071604, 5: 7.471977031596835, 1: 7.488632702345978, 8: 7.412565971338288, 7: 7.3888217092107205}
2024-05-21 16:16:50 - INFO     - 0.9259259259259259, 0.9259259259259259, 0.9111111111111111, 0.9185185185185185, 0.9037037037037037, 0.9148148148148149, 0.9111111111111111, 0.9333333333333333, 0.9407407407407408, 0.9333333333333333
2024-05-21 16:16:50 - WARNING  - Epoch: 182, Sum of Accs: 9.219, Sum of s_i: 74.4971646802818
2024-05-21 16:16:55 - INFO     - {6: 7.492545489086785, 9: 7.425928499003135, 0: 7.502063879096583, 2: 7.50684895924285, 4: 7.434935613498884, 3: 7.464415543190093, 5: 7.486513520599004, 1: 7.503231105778367, 8: 7.427468028516126, 7: 7.403724186896429}
2024-05-21 16:16:55 - INFO     - 0.9296296296296296, 0.9148148148148149, 0.9185185185185185, 0.9074074074074074, 0.9037037037037037, 0.9259259259259259, 0.9, 0.9259259259259259, 0.9518518518518518, 0.9444444444444444
2024-05-21 16:16:55 - WARNING  - Epoch: 183, Sum of Accs: 9.222, Sum of s_i: 74.64767482490826
2024-05-21 16:17:01 - INFO     - {6: 7.507166452332485, 9: 7.441249545024305, 0: 7.517922240260397, 2: 7.522368819149886, 4: 7.449895503952878, 3: 7.479056523429243, 5: 7.50158267142375, 1: 7.517573047473087, 8: 7.441990869447793, 7: 7.417751967962648}
2024-05-21 16:17:01 - INFO     - 0.9259259259259259, 0.9222222222222223, 0.9074074074074074, 0.9185185185185185, 0.9, 0.9148148148148149, 0.9111111111111111, 0.937037037037037, 0.9407407407407408, 0.9296296296296296
2024-05-21 16:17:01 - WARNING  - Epoch: 184, Sum of Accs: 9.207, Sum of s_i: 74.79655764045647
2024-05-21 16:17:06 - INFO     - {6: 7.52293698082841, 9: 7.455904141875862, 0: 7.532177510072613, 2: 7.53672712363083, 4: 7.465194765088578, 3: 7.493811783136933, 5: 7.516638644542343, 1: 7.533625469410396, 8: 7.457169162131632, 7: 7.431915092810904}
2024-05-21 16:17:06 - INFO     - 0.9296296296296296, 0.9222222222222223, 0.9222222222222223, 0.9074074074074074, 0.8962962962962963, 0.9296296296296296, 0.9, 0.9259259259259259, 0.9518518518518518, 0.9444444444444444
2024-05-21 16:17:06 - WARNING  - Epoch: 185, Sum of Accs: 9.230, Sum of s_i: 74.94610067352849
2024-05-21 16:17:11 - INFO     - {6: 7.537864973581753, 9: 7.470257130475809, 0: 7.546935000117395, 2: 7.551493876245364, 4: 7.479573271744875, 3: 7.509591574402018, 5: 7.532033464386999, 1: 7.548773211372019, 8: 7.471695060782514, 7: 7.447302731270993}
2024-05-21 16:17:11 - INFO     - 0.9259259259259259, 0.9185185185185185, 0.9074074074074074, 0.9185185185185185, 0.8962962962962963, 0.9148148148148149, 0.9074074074074074, 0.937037037037037, 0.9407407407407408, 0.9296296296296296
2024-05-21 16:17:11 - WARNING  - Epoch: 186, Sum of Accs: 9.196, Sum of s_i: 75.09552029437972
2024-05-21 16:17:16 - INFO     - {6: 7.552827653866398, 9: 7.485032412557507, 0: 7.562880956069338, 2: 7.566067933527555, 4: 7.495418288285452, 3: 7.524645543121616, 5: 7.547500304514329, 1: 7.563177276557034, 8: 7.4856188013092755, 7: 7.462150022698001}
2024-05-21 16:17:16 - INFO     - 0.9259259259259259, 0.9185185185185185, 0.9148148148148149, 0.9074074074074074, 0.8925925925925926, 0.9333333333333333, 0.8925925925925926, 0.9296296296296296, 0.9481481481481482, 0.9333333333333333
2024-05-21 16:17:16 - WARNING  - Epoch: 187, Sum of Accs: 9.196, Sum of s_i: 75.2453191925065
2024-05-21 16:17:22 - INFO     - {6: 7.567852520843437, 9: 7.499879581583416, 0: 7.577383271670232, 2: 7.5812688506018775, 4: 7.509734038275486, 3: 7.539715214689671, 5: 7.562752313161348, 1: 7.577461991287323, 8: 7.500533573493461, 7: 7.476965694436849}
2024-05-21 16:17:22 - INFO     - 0.9185185185185185, 0.9074074074074074, 0.9037037037037037, 0.9148148148148149, 0.8962962962962963, 0.9074074074074074, 0.9037037037037037, 0.9296296296296296, 0.937037037037037, 0.9259259259259259
2024-05-21 16:17:22 - WARNING  - Epoch: 188, Sum of Accs: 9.144, Sum of s_i: 75.39354705004308
2024-05-21 16:17:27 - INFO     - {6: 7.5829752487986495, 9: 7.515232016833529, 0: 7.591035269637344, 2: 7.596255540583437, 4: 7.524428780585473, 3: 7.555179606323834, 5: 7.577426834455474, 1: 7.592364289749222, 8: 7.514983136303956, 7: 7.492371136599696}
2024-05-21 16:17:27 - INFO     - 0.9148148148148149, 0.9185185185185185, 0.9074074074074074, 0.9037037037037037, 0.8851851851851852, 0.937037037037037, 0.8925925925925926, 0.9259259259259259, 0.9555555555555556, 0.9333333333333333
2024-05-21 16:17:27 - WARNING  - Epoch: 189, Sum of Accs: 9.174, Sum of s_i: 75.54225185987062
2024-05-21 16:17:32 - INFO     - {6: 7.598058696777799, 9: 7.530610655634487, 0: 7.605162239382419, 2: 7.610799776358271, 4: 7.538684295480623, 3: 7.569593872661736, 5: 7.592771754320066, 1: 7.607042735833796, 8: 7.529490552819659, 7: 7.506816014108581}
2024-05-21 16:17:32 - INFO     - 0.9074074074074074, 0.8962962962962963, 0.9037037037037037, 0.9111111111111111, 0.8851851851851852, 0.8925925925925926, 0.8962962962962963, 0.9222222222222223, 0.9407407407407408, 0.9148148148148149
2024-05-21 16:17:32 - WARNING  - Epoch: 190, Sum of Accs: 9.070, Sum of s_i: 75.68903059337742
2024-05-21 16:17:37 - INFO     - {6: 7.612463070503806, 9: 7.545368603872578, 0: 7.620387811561077, 2: 7.626508626037325, 4: 7.5530679318276865, 3: 7.583792603687285, 5: 7.6092626553154865, 1: 7.621372115144019, 8: 7.543388356951027, 7: 7.52177864784571}
2024-05-21 16:17:37 - INFO     - 0.9074074074074074, 0.9074074074074074, 0.8851851851851852, 0.8962962962962963, 0.8814814814814815, 0.9185185185185185, 0.8962962962962963, 0.9148148148148149, 0.9481481481481482, 0.9222222222222223
2024-05-21 16:17:37 - WARNING  - Epoch: 191, Sum of Accs: 9.078, Sum of s_i: 75.83739042274601
2024-05-21 16:17:43 - INFO     - {6: 7.628488858452268, 9: 7.559729050274752, 0: 7.634996295429738, 2: 7.640945875987737, 4: 7.56776746080848, 3: 7.598598487359072, 5: 7.624610242930764, 1: 7.636148829447792, 8: 7.5573669994288695, 7: 7.535347980582605}
2024-05-21 16:17:43 - INFO     - 0.8962962962962963, 0.8814814814814815, 0.9, 0.8925925925925926, 0.8777777777777778, 0.8777777777777778, 0.8851851851851852, 0.9148148148148149, 0.9259259259259259, 0.9037037037037037
2024-05-21 16:17:43 - WARNING  - Epoch: 192, Sum of Accs: 8.956, Sum of s_i: 75.98400008070207
2024-05-21 16:17:48 - INFO     - {6: 7.6437072135284065, 9: 7.574162992056963, 0: 7.650795826553693, 2: 7.6553446065935695, 4: 7.581913625240774, 3: 7.613367964077495, 5: 7.639234404368759, 1: 7.6506074191164775, 8: 7.571909508006527, 7: 7.5499102281900585}
2024-05-21 16:17:48 - INFO     - 0.8777777777777778, 0.8740740740740741, 0.8444444444444444, 0.8518518518518519, 0.837037037037037, 0.8666666666666667, 0.8555555555555555, 0.8888888888888888, 0.9037037037037037, 0.9
2024-05-21 16:17:48 - WARNING  - Epoch: 193, Sum of Accs: 8.700, Sum of s_i: 76.13095378773272
2024-05-21 16:17:53 - INFO     - {6: 7.658066244441298, 9: 7.587761817023245, 0: 7.66564614764512, 2: 7.670993367022665, 4: 7.5955486888514185, 3: 7.627990481433939, 5: 7.654051850418035, 1: 7.664557055697423, 8: 7.587193322308668, 7: 7.5645347350855126}
2024-05-21 16:17:53 - INFO     - 0.8740740740740741, 0.8740740740740741, 0.8777777777777778, 0.8666666666666667, 0.825925925925926, 0.8592592592592593, 0.8629629629629629, 0.8888888888888888, 0.8925925925925926, 0.8703703703703703
2024-05-21 16:17:53 - WARNING  - Epoch: 194, Sum of Accs: 8.693, Sum of s_i: 76.27634370992733
2024-05-21 16:17:58 - INFO     - {6: 7.672516695551257, 9: 7.602754730100321, 0: 7.680849644535279, 2: 7.685376733275947, 4: 7.610196865892154, 3: 7.642234914956835, 5: 7.668957768593761, 1: 7.679614877899986, 8: 7.6014888175591695, 7: 7.5791757436352185}
2024-05-21 16:17:58 - INFO     - 0.8333333333333334, 0.825925925925926, 0.8148148148148148, 0.8148148148148148, 0.7962962962962963, 0.825925925925926, 0.8074074074074075, 0.8407407407407408, 0.8555555555555555, 0.8407407407407408
2024-05-21 16:17:58 - WARNING  - Epoch: 195, Sum of Accs: 8.256, Sum of s_i: 76.42316679199993
2024-05-21 16:18:03 - INFO     - {6: 7.687518746283943, 9: 7.616657206679063, 0: 7.695683338709123, 2: 7.700896259614422, 4: 7.62523960300881, 3: 7.656433818908956, 5: 7.682998797230432, 1: 7.693633501834466, 8: 7.6148623486487725, 7: 7.594278101367989}
2024-05-21 16:18:03 - INFO     - 0.8851851851851852, 0.8925925925925926, 0.8888888888888888, 0.8814814814814815, 0.8481481481481481, 0.8666666666666667, 0.8777777777777778, 0.9, 0.9148148148148149, 0.8814814814814815
2024-05-21 16:18:03 - WARNING  - Epoch: 196, Sum of Accs: 8.837, Sum of s_i: 76.56820172228598
2024-05-21 16:18:09 - INFO     - {6: 7.702327416808707, 9: 7.6307457976242645, 0: 7.71117387989645, 2: 7.715792166327486, 4: 7.64034664161585, 3: 7.6714215548225235, 5: 7.697444046592856, 1: 7.708337651494586, 8: 7.628593152196702, 7: 7.60864774495675}
2024-05-21 16:18:09 - INFO     - 0.9333333333333333, 0.8962962962962963, 0.8814814814814815, 0.8851851851851852, 0.8814814814814815, 0.9, 0.8777777777777778, 0.9037037037037037, 0.9518518518518518, 0.9333333333333333
2024-05-21 16:18:09 - WARNING  - Epoch: 197, Sum of Accs: 9.044, Sum of s_i: 76.71483005233618
2024-05-21 16:18:14 - INFO     - {6: 7.717791410491501, 9: 7.644235897845676, 0: 7.726117293686652, 2: 7.730587654567105, 4: 7.654521251816202, 3: 7.686456104051683, 5: 7.711996185080751, 1: 7.723255559262376, 8: 7.642351758498733, 7: 7.622742225657679}
2024-05-21 16:18:14 - INFO     - 0.9259259259259259, 0.9222222222222223, 0.9148148148148149, 0.9111111111111111, 0.9, 0.9222222222222223, 0.9111111111111111, 0.937037037037037, 0.9518518518518518, 0.9333333333333333
2024-05-21 16:18:14 - WARNING  - Epoch: 198, Sum of Accs: 9.230, Sum of s_i: 76.86005534095835
2024-05-21 16:18:19 - INFO     - {6: 7.73242380225411, 9: 7.658588689124072, 0: 7.7404099705040075, 2: 7.745504369897657, 4: 7.668023447727297, 3: 7.700471386650226, 5: 7.72652650093754, 1: 7.73859186734072, 8: 7.656308727927912, 7: 7.637084781004493}
2024-05-21 16:18:19 - INFO     - 0.937037037037037, 0.9111111111111111, 0.9185185185185185, 0.9111111111111111, 0.9, 0.9259259259259259, 0.9111111111111111, 0.9296296296296296, 0.9518518518518518, 0.9407407407407408
2024-05-21 16:18:19 - WARNING  - Epoch: 199, Sum of Accs: 9.237, Sum of s_i: 77.00393354336802
2024-05-21 16:18:25 - INFO     - {6: 7.7456771559158515, 9: 7.673778983005616, 0: 7.75454497618993, 2: 7.760419290191226, 4: 7.682437773403643, 3: 7.714938066225091, 5: 7.740098316906077, 1: 7.753319550337499, 8: 7.670547274558503, 7: 7.650341756615035}
2024-05-21 16:18:25 - INFO     - 0.9333333333333333, 0.9185185185185185, 0.9185185185185185, 0.9111111111111111, 0.9, 0.9222222222222223, 0.9111111111111111, 0.9333333333333333, 0.9518518518518518, 0.9407407407407408
2024-05-21 16:18:25 - WARNING  - Epoch: 200, Sum of Accs: 9.241, Sum of s_i: 77.14610314334847
2024-05-21 16:18:30 - INFO     - {6: 7.7596055274592715, 9: 7.687095904269253, 0: 7.768757659436422, 2: 7.775366985193522, 4: 7.696428328049849, 3: 7.7293912781928, 5: 7.753708091889814, 1: 7.767743625389086, 8: 7.686165898426297, 7: 7.664208778533204}
2024-05-21 16:18:30 - INFO     - 0.9333333333333333, 0.9185185185185185, 0.9185185185185185, 0.9111111111111111, 0.9, 0.9222222222222223, 0.9111111111111111, 0.9333333333333333, 0.9518518518518518, 0.9444444444444444
2024-05-21 16:18:30 - WARNING  - Epoch: 201, Sum of Accs: 9.244, Sum of s_i: 77.28847207683953
2024-05-21 16:18:36 - INFO     - {6: 7.774084878219727, 9: 7.700860335812636, 0: 7.782958657147768, 2: 7.789104035722616, 4: 7.710967257643276, 3: 7.743613013086735, 5: 7.767830601314917, 1: 7.782598122237267, 8: 7.699833639265471, 7: 7.678594393855749}
2024-05-21 16:18:36 - INFO     - 0.9333333333333333, 0.9185185185185185, 0.9185185185185185, 0.9148148148148149, 0.9, 0.9222222222222223, 0.9148148148148149, 0.9333333333333333, 0.9518518518518518, 0.9407407407407408
2024-05-21 16:18:36 - WARNING  - Epoch: 202, Sum of Accs: 9.248, Sum of s_i: 77.43044493430617
2024-05-21 16:18:41 - INFO     - {6: 7.788473392450322, 9: 7.7147291549373, 0: 7.796820287342413, 2: 7.803395323481697, 4: 7.725336604206069, 3: 7.757714074421764, 5: 7.782460238330555, 1: 7.796924334103371, 8: 7.713429004473903, 7: 7.692180961988663}
2024-05-21 16:18:41 - INFO     - 0.9333333333333333, 0.9185185185185185, 0.9185185185185185, 0.9148148148148149, 0.9, 0.9222222222222223, 0.9148148148148149, 0.9333333333333333, 0.9518518518518518, 0.9407407407407408
2024-05-21 16:18:41 - WARNING  - Epoch: 203, Sum of Accs: 9.248, Sum of s_i: 77.57146337573607
2024-05-21 16:18:46 - INFO     - {6: 7.802532716703189, 9: 7.728013163392099, 0: 7.810906842694128, 2: 7.818961390988589, 4: 7.738108014588712, 3: 7.771824783572197, 5: 7.797261240929836, 1: 7.811355050919714, 8: 7.726960937915818, 7: 7.705519325661181}
2024-05-21 16:18:46 - INFO     - 0.9333333333333333, 0.9185185185185185, 0.9185185185185185, 0.9148148148148149, 0.9037037037037037, 0.9222222222222223, 0.9148148148148149, 0.9333333333333333, 0.9518518518518518, 0.9407407407407408
2024-05-21 16:18:46 - WARNING  - Epoch: 204, Sum of Accs: 9.252, Sum of s_i: 77.71144346736547
2024-05-21 16:18:52 - INFO     - {6: 7.816104933662916, 9: 7.741981973623308, 0: 7.825283547726313, 2: 7.832546030268304, 4: 7.7509816745129525, 3: 7.786517842490593, 5: 7.810627911660355, 1: 7.82584446437921, 8: 7.741006890425571, 7: 7.719446894676885}
2024-05-21 16:18:52 - INFO     - 0.9333333333333333, 0.9185185185185185, 0.9185185185185185, 0.9148148148148149, 0.9037037037037037, 0.9222222222222223, 0.9148148148148149, 0.9333333333333333, 0.9518518518518518, 0.9407407407407408
2024-05-21 16:18:52 - WARNING  - Epoch: 205, Sum of Accs: 9.252, Sum of s_i: 77.8503421634264
2024-05-21 16:18:57 - INFO     - {6: 7.830107986284533, 9: 7.755712531017252, 0: 7.839148296400192, 2: 7.846379439540591, 4: 7.7646342890364615, 3: 7.801609167976846, 5: 7.8242569453327935, 1: 7.839364732428081, 8: 7.754872695001377, 7: 7.732973267782406}
2024-05-21 16:18:57 - INFO     - 0.9333333333333333, 0.9185185185185185, 0.9185185185185185, 0.9148148148148149, 0.9037037037037037, 0.9222222222222223, 0.9148148148148149, 0.9333333333333333, 0.9518518518518518, 0.9407407407407408
2024-05-21 16:18:57 - WARNING  - Epoch: 206, Sum of Accs: 9.252, Sum of s_i: 77.98905935080055
2024-05-21 16:19:02 - INFO     - {6: 7.844850020518716, 9: 7.76935113705356, 0: 7.85329299283387, 2: 7.86040415398072, 4: 7.778115114266801, 3: 7.814416527430631, 5: 7.83818367715197, 1: 7.853236991496967, 8: 7.768294331554852, 7: 7.746503310250365}
2024-05-21 16:19:02 - INFO     - 0.9333333333333333, 0.9185185185185185, 0.9185185185185185, 0.9148148148148149, 0.9037037037037037, 0.9222222222222223, 0.9148148148148149, 0.9333333333333333, 0.9518518518518518, 0.9407407407407408
2024-05-21 16:19:02 - WARNING  - Epoch: 207, Sum of Accs: 9.252, Sum of s_i: 78.12664825653845
2024-05-21 16:19:08 - INFO     - {6: 7.859046867807492, 9: 7.782799116154031, 0: 7.867516574093789, 2: 7.87484523637447, 4: 7.791076751361998, 3: 7.828308238110889, 5: 7.851342939688034, 1: 7.867196278153376, 8: 7.781405834988068, 7: 7.760144896121072}
2024-05-21 16:19:08 - INFO     - 0.9333333333333333, 0.9185185185185185, 0.9222222222222223, 0.9148148148148149, 0.9074074074074074, 0.9222222222222223, 0.9148148148148149, 0.9333333333333333, 0.9518518518518518, 0.9407407407407408
2024-05-21 16:19:08 - WARNING  - Epoch: 208, Sum of Accs: 9.259, Sum of s_i: 78.26368273285321
2024-05-21 16:19:13 - INFO     - {6: 7.873326155747995, 9: 7.796603724905386, 0: 7.881891419355259, 2: 7.8880306508973606, 4: 7.804509445554003, 3: 7.841865807350695, 5: 7.8649006370428465, 1: 7.880979865276228, 8: 7.794733237422167, 7: 7.773317937973407}
2024-05-21 16:19:13 - INFO     - 0.937037037037037, 0.9185185185185185, 0.9222222222222223, 0.9148148148148149, 0.9074074074074074, 0.9185185185185185, 0.9148148148148149, 0.937037037037037, 0.9518518518518518, 0.9407407407407408
2024-05-21 16:19:13 - WARNING  - Epoch: 209, Sum of Accs: 9.263, Sum of s_i: 78.40015888152534
2024-05-21 16:19:18 - INFO     - {6: 7.887477584770029, 9: 7.810651056585721, 0: 7.895627669706709, 2: 7.901590414263485, 4: 7.81810014388452, 3: 7.856429130442324, 5: 7.878911038417323, 1: 7.894587282525996, 8: 7.8085661742831505, 7: 7.786721553267372}
2024-05-21 16:19:18 - INFO     - 0.937037037037037, 0.9185185185185185, 0.9222222222222223, 0.9148148148148149, 0.9074074074074074, 0.9185185185185185, 0.9148148148148149, 0.937037037037037, 0.9518518518518518, 0.9407407407407408
2024-05-21 16:19:18 - WARNING  - Epoch: 210, Sum of Accs: 9.263, Sum of s_i: 78.53866204814662
2024-05-21 16:19:23 - INFO     - {6: 7.901015651698902, 9: 7.8249240250702154, 0: 7.908959638734168, 2: 7.915711406751529, 4: 7.83258011970732, 3: 7.8687441097882145, 5: 7.891775283685263, 1: 7.90839403068561, 8: 7.821904879158751, 7: 7.801010800434851}
2024-05-21 16:19:23 - INFO     - 0.937037037037037, 0.9185185185185185, 0.9222222222222223, 0.9148148148148149, 0.9074074074074074, 0.9185185185185185, 0.9148148148148149, 0.937037037037037, 0.9518518518518518, 0.9407407407407408
2024-05-21 16:19:23 - WARNING  - Epoch: 211, Sum of Accs: 9.263, Sum of s_i: 78.67501994571482
2024-05-21 16:19:29 - INFO     - {6: 7.915122281530397, 9: 7.838868066679812, 0: 7.922579880881504, 2: 7.930199450256847, 4: 7.845984430522327, 3: 7.882784524304358, 5: 7.905500342006844, 1: 7.922123017470919, 8: 7.8348043548342705, 7: 7.814595035684933}
2024-05-21 16:19:29 - INFO     - 0.937037037037037, 0.9185185185185185, 0.9259259259259259, 0.9148148148148149, 0.9074074074074074, 0.9185185185185185, 0.9148148148148149, 0.937037037037037, 0.9518518518518518, 0.9407407407407408
2024-05-21 16:19:29 - WARNING  - Epoch: 212, Sum of Accs: 9.267, Sum of s_i: 78.81256138417221
2024-05-21 16:19:34 - INFO     - {6: 7.92903546561732, 9: 7.8516317517698555, 0: 7.936700567779539, 2: 7.944007622793551, 4: 7.859884282768008, 3: 7.896168508374405, 5: 7.919265569096598, 1: 7.935985788362673, 8: 7.847453910192397, 7: 7.828159273642376}
2024-05-21 16:19:34 - INFO     - 0.937037037037037, 0.9185185185185185, 0.9259259259259259, 0.9148148148148149, 0.9074074074074074, 0.9185185185185185, 0.9148148148148149, 0.937037037037037, 0.9518518518518518, 0.9407407407407408
2024-05-21 16:19:34 - WARNING  - Epoch: 213, Sum of Accs: 9.267, Sum of s_i: 78.94829274039671
2024-05-21 16:19:39 - INFO     - {6: 7.943092527387979, 9: 7.864313624437776, 0: 7.950669810680504, 2: 7.957674594677295, 4: 7.873411782268053, 3: 7.909781149857713, 5: 7.93346176065492, 1: 7.950047974872897, 8: 7.860927841637398, 7: 7.841089078976492}
2024-05-21 16:19:39 - INFO     - 0.937037037037037, 0.9148148148148149, 0.9259259259259259, 0.9148148148148149, 0.9074074074074074, 0.9185185185185185, 0.9148148148148149, 0.937037037037037, 0.9518518518518518, 0.9407407407407408
2024-05-21 16:19:39 - WARNING  - Epoch: 214, Sum of Accs: 9.263, Sum of s_i: 79.08447014545104
2024-05-21 16:19:44 - INFO     - {6: 7.957887238490811, 9: 7.877252037112485, 0: 7.964101821637098, 2: 7.972221272944358, 4: 7.886747892705746, 3: 7.922709116765362, 5: 7.946414310347108, 1: 7.963243801244599, 8: 7.87364496629633, 7: 7.8542719910282335}
2024-05-21 16:19:44 - INFO     - 0.937037037037037, 0.9185185185185185, 0.9259259259259259, 0.9148148148148149, 0.9037037037037037, 0.9185185185185185, 0.9148148148148149, 0.937037037037037, 0.9518518518518518, 0.9407407407407408
2024-05-21 16:19:44 - WARNING  - Epoch: 215, Sum of Accs: 9.263, Sum of s_i: 79.21849444857213
2024-05-21 16:19:50 - INFO     - {6: 7.972597711482782, 9: 7.891532283949596, 0: 7.978039610922834, 2: 7.985007336140869, 4: 7.899341455520023, 3: 7.935929326818926, 5: 7.96029798516806, 1: 7.977450367926522, 8: 7.886344997053184, 7: 7.867755757441243}
2024-05-21 16:19:50 - INFO     - 0.937037037037037, 0.9148148148148149, 0.9259259259259259, 0.9148148148148149, 0.9037037037037037, 0.9185185185185185, 0.9185185185185185, 0.937037037037037, 0.9518518518518518, 0.9407407407407408
2024-05-21 16:19:50 - WARNING  - Epoch: 216, Sum of Accs: 9.263, Sum of s_i: 79.35429683242404
2024-05-21 16:19:55 - INFO     - {6: 7.986204304318831, 9: 7.9059632676804386, 0: 7.991330614373717, 2: 7.998974028007255, 4: 7.91210382917607, 3: 7.949877560536955, 5: 7.973877323598284, 1: 7.99186057329256, 8: 7.899688526927735, 7: 7.880630233025902}
2024-05-21 16:19:55 - INFO     - 0.937037037037037, 0.9148148148148149, 0.9259259259259259, 0.9148148148148149, 0.9037037037037037, 0.9185185185185185, 0.9185185185185185, 0.937037037037037, 0.9518518518518518, 0.9407407407407408
2024-05-21 16:19:55 - WARNING  - Epoch: 217, Sum of Accs: 9.263, Sum of s_i: 79.49051026093775
2024-05-21 16:20:00 - INFO     - {6: 8.000328517244993, 9: 7.919436348702487, 0: 8.004558402734196, 2: 8.012424442056952, 4: 7.9258450319105105, 3: 7.963809401212399, 5: 7.987511649322549, 1: 8.006037717725992, 8: 7.91287750004726, 7: 7.8941030922355155}
2024-05-21 16:20:00 - INFO     - 0.937037037037037, 0.9148148148148149, 0.9259259259259259, 0.9148148148148149, 0.9037037037037037, 0.9185185185185185, 0.9185185185185185, 0.937037037037037, 0.9518518518518518, 0.9407407407407408
2024-05-21 16:20:00 - WARNING  - Epoch: 218, Sum of Accs: 9.263, Sum of s_i: 79.62693210319286
2024-05-21 16:20:06 - INFO     - {6: 8.01353806313584, 9: 7.9322302614403055, 0: 8.017867371647467, 2: 8.025510783449546, 4: 7.939563040565393, 3: 7.977208996750738, 5: 8.001029400258805, 1: 8.019495030783188, 8: 7.926003521223396, 7: 7.907014756606867}
2024-05-21 16:20:06 - INFO     - 0.937037037037037, 0.9148148148148149, 0.9259259259259259, 0.9148148148148149, 0.9037037037037037, 0.9185185185185185, 0.9185185185185185, 0.937037037037037, 0.9518518518518518, 0.9407407407407408
2024-05-21 16:20:06 - WARNING  - Epoch: 219, Sum of Accs: 9.263, Sum of s_i: 79.75946122586156
2024-05-21 16:20:11 - INFO     - {6: 8.027342445291671, 9: 7.945796277452202, 0: 8.030786683970184, 2: 8.038861504625764, 4: 7.953795098447434, 3: 7.990091218726969, 5: 8.01482061833614, 1: 8.032587132238161, 8: 7.939023702129738, 7: 7.91982704652731}
2024-05-21 16:20:11 - INFO     - 0.9407407407407408, 0.9185185185185185, 0.9222222222222223, 0.9185185185185185, 0.9037037037037037, 0.9259259259259259, 0.9185185185185185, 0.9296296296296296, 0.9518518518518518, 0.9481481481481482
2024-05-21 16:20:11 - WARNING  - Epoch: 220, Sum of Accs: 9.278, Sum of s_i: 79.89293172774555
2024-05-21 16:20:16 - INFO     - {6: 8.040858185253237, 9: 7.958134120064637, 0: 8.043266127565273, 2: 8.051515215619776, 4: 7.967463775886008, 3: 8.003564700145379, 5: 8.027766335044815, 1: 8.046653816177047, 8: 7.952221890211309, 7: 7.933145980035331}
2024-05-21 16:20:16 - INFO     - 0.937037037037037, 0.9185185185185185, 0.9296296296296296, 0.9185185185185185, 0.9, 0.9222222222222223, 0.9185185185185185, 0.9296296296296296, 0.9481481481481482, 0.9444444444444444
2024-05-21 16:20:16 - WARNING  - Epoch: 221, Sum of Accs: 9.267, Sum of s_i: 80.02459014600281
2024-05-21 16:20:22 - INFO     - {6: 8.054746427998627, 9: 7.971292082079868, 0: 8.056407710108731, 2: 8.065599799177743, 4: 7.979924878233908, 3: 8.01694194603526, 5: 8.04078288910817, 1: 8.060889751112528, 8: 7.964949585826007, 7: 7.94552478520766}
2024-05-21 16:20:22 - INFO     - 0.9407407407407408, 0.9185185185185185, 0.9296296296296296, 0.9185185185185185, 0.9037037037037037, 0.9259259259259259, 0.9185185185185185, 0.9296296296296296, 0.9481481481481482, 0.9481481481481482
2024-05-21 16:20:22 - WARNING  - Epoch: 222, Sum of Accs: 9.281, Sum of s_i: 80.1570598548885
2024-05-21 16:20:27 - INFO     - {6: 8.068696793748309, 9: 7.984525381799625, 0: 8.068986192005436, 2: 8.079737249688076, 4: 7.993061841572398, 3: 8.02977222784808, 5: 8.053524160227232, 1: 8.07431656559034, 8: 7.97748293611696, 7: 7.958481941386563}
2024-05-21 16:20:27 - INFO     - 0.937037037037037, 0.9185185185185185, 0.9259259259259259, 0.9222222222222223, 0.9037037037037037, 0.9259259259259259, 0.9148148148148149, 0.9259259259259259, 0.9481481481481482, 0.9481481481481482
2024-05-21 16:20:27 - WARNING  - Epoch: 223, Sum of Accs: 9.270, Sum of s_i: 80.28858528998302
2024-05-21 16:20:33 - INFO     - {6: 8.082127206152752, 9: 7.997763909055218, 0: 8.082235553447838, 2: 8.093027490283642, 4: 8.006198893536778, 3: 8.042962813590442, 5: 8.066702489479509, 1: 8.087748220748418, 8: 7.990349988957403, 7: 7.971441597496995}
2024-05-21 16:20:33 - INFO     - 0.9407407407407408, 0.9185185185185185, 0.9296296296296296, 0.9185185185185185, 0.9037037037037037, 0.9259259259259259, 0.9148148148148149, 0.9296296296296296, 0.9481481481481482, 0.9481481481481482
2024-05-21 16:20:33 - WARNING  - Epoch: 224, Sum of Accs: 9.278, Sum of s_i: 80.42055816274899
2024-05-21 16:20:38 - INFO     - {6: 8.095378375165362, 9: 8.010899278327349, 0: 8.096211531100321, 2: 8.106904039674665, 4: 8.019044266998023, 3: 8.056668878918956, 5: 8.079651684214051, 1: 8.101137822941617, 8: 8.003297688615756, 7: 7.984488153612165}
2024-05-21 16:20:38 - INFO     - 0.9407407407407408, 0.9185185185185185, 0.9259259259259259, 0.9222222222222223, 0.9037037037037037, 0.9259259259259259, 0.9148148148148149, 0.9259259259259259, 0.9481481481481482, 0.9444444444444444
2024-05-21 16:20:38 - WARNING  - Epoch: 225, Sum of Accs: 9.270, Sum of s_i: 80.55368171956827
2024-05-21 16:20:43 - INFO     - {6: 8.108427009055303, 9: 8.02376836686818, 0: 8.109599613115346, 2: 8.120013010567051, 4: 8.031928616808058, 3: 8.069759586486558, 5: 8.092522452117887, 1: 8.114717536040466, 8: 8.015218475445854, 7: 7.996463957023953}
2024-05-21 16:20:43 - INFO     - 0.9407407407407408, 0.9222222222222223, 0.9296296296296296, 0.9185185185185185, 0.9037037037037037, 0.9259259259259259, 0.9148148148148149, 0.9333333333333333, 0.9481481481481482, 0.9481481481481482
2024-05-21 16:20:44 - WARNING  - Epoch: 226, Sum of Accs: 9.285, Sum of s_i: 80.68241862352866
2024-05-21 16:20:49 - INFO     - {6: 8.121343850297137, 9: 8.036711132231993, 0: 8.122408501997073, 2: 8.133516980680078, 4: 8.044156588328077, 3: 8.082114874154417, 5: 8.105802488374206, 1: 8.127896928709081, 8: 8.027501982694, 7: 8.009371207031723}
2024-05-21 16:20:49 - INFO     - 0.9407407407407408, 0.9185185185185185, 0.9259259259259259, 0.9185185185185185, 0.9074074074074074, 0.9259259259259259, 0.9148148148148149, 0.9296296296296296, 0.9481481481481482, 0.9444444444444444
2024-05-21 16:20:49 - WARNING  - Epoch: 227, Sum of Accs: 9.274, Sum of s_i: 80.81082453449778
2024-05-21 16:20:54 - INFO     - {6: 8.135201498709538, 9: 8.048476508076787, 0: 8.135370266525811, 2: 8.146156754651162, 4: 8.0577556504181, 3: 8.09478246679573, 5: 8.118284188993679, 1: 8.14129776661962, 8: 8.03988962811167, 7: 8.022425273518106}
2024-05-21 16:20:54 - INFO     - 0.9407407407407408, 0.9185185185185185, 0.9296296296296296, 0.9185185185185185, 0.9074074074074074, 0.9259259259259259, 0.9148148148148149, 0.9333333333333333, 0.9481481481481482, 0.9481481481481482
2024-05-21 16:20:54 - WARNING  - Epoch: 228, Sum of Accs: 9.285, Sum of s_i: 80.93964000242019
2024-05-21 16:21:00 - INFO     - {6: 8.148692828009176, 9: 8.061037391816518, 0: 8.148079555575313, 2: 8.160082416828871, 4: 8.070653833354145, 3: 8.10777105964809, 5: 8.131329507623526, 1: 8.15347569779135, 8: 8.052922690486271, 7: 8.036042562988024}
2024-05-21 16:21:00 - INFO     - 0.9407407407407408, 0.9185185185185185, 0.9222222222222223, 0.9222222222222223, 0.9074074074074074, 0.9259259259259259, 0.9148148148148149, 0.9296296296296296, 0.9481481481481482, 0.9444444444444444
2024-05-21 16:21:00 - WARNING  - Epoch: 229, Sum of Accs: 9.274, Sum of s_i: 81.0700875441213
2024-05-21 16:21:05 - INFO     - {6: 8.162426459752226, 9: 8.073449890709428, 0: 8.161031672808342, 2: 8.173410202219838, 4: 8.08365289262636, 3: 8.121043775621805, 5: 8.144937082466832, 1: 8.16698220227998, 8: 8.065892946897549, 7: 8.048370495982832}
2024-05-21 16:21:05 - INFO     - 0.9407407407407408, 0.9185185185185185, 0.9259259259259259, 0.9222222222222223, 0.9111111111111111, 0.9259259259259259, 0.9148148148148149, 0.9296296296296296, 0.9481481481481482, 0.9444444444444444
2024-05-21 16:21:05 - WARNING  - Epoch: 230, Sum of Accs: 9.281, Sum of s_i: 81.2011976213652
2024-05-21 16:21:11 - INFO     - {6: 8.175129331081445, 9: 8.086284933614323, 0: 8.174511162114397, 2: 8.186617088085352, 4: 8.095398775346581, 3: 8.133602785509932, 5: 8.158414142508425, 1: 8.179826945943573, 8: 8.078499087511995, 7: 8.061450906017097}
2024-05-21 16:21:11 - INFO     - 0.9407407407407408, 0.9148148148148149, 0.9259259259259259, 0.9185185185185185, 0.9074074074074074, 0.9296296296296296, 0.9148148148148149, 0.9296296296296296, 0.9481481481481482, 0.9444444444444444
2024-05-21 16:21:11 - WARNING  - Epoch: 231, Sum of Accs: 9.274, Sum of s_i: 81.32973515773313
2024-05-21 16:21:16 - INFO     - {6: 8.188486969210555, 9: 8.098736865122067, 0: 8.187435437756795, 2: 8.199284808239835, 4: 8.107442625041154, 3: 8.147008846054067, 5: 8.170745343759766, 1: 8.19218663402661, 8: 8.09175111449512, 7: 8.074245311052394}
2024-05-21 16:21:16 - INFO     - 0.9407407407407408, 0.9148148148148149, 0.9296296296296296, 0.9185185185185185, 0.9111111111111111, 0.9296296296296296, 0.9148148148148149, 0.9296296296296296, 0.9481481481481482, 0.9407407407407408
2024-05-21 16:21:16 - WARNING  - Epoch: 232, Sum of Accs: 9.278, Sum of s_i: 81.45732395475837
2024-05-21 16:21:22 - INFO     - {6: 8.201536778905211, 9: 8.111376846070277, 0: 8.200149384863723, 2: 8.212424948924616, 4: 8.120680447181897, 3: 8.15962854428332, 5: 8.18414673196727, 1: 8.204638091460208, 8: 8.103475610883908, 7: 8.086745902994304}
2024-05-21 16:21:22 - INFO     - 0.9407407407407408, 0.9185185185185185, 0.9259259259259259, 0.9185185185185185, 0.9074074074074074, 0.9296296296296296, 0.9148148148148149, 0.9296296296296296, 0.9481481481481482, 0.9444444444444444
2024-05-21 16:21:22 - WARNING  - Epoch: 233, Sum of Accs: 9.278, Sum of s_i: 81.58480328753473
2024-05-21 16:21:27 - INFO     - {6: 8.215217661149358, 9: 8.124085040979747, 0: 8.2127392773899, 2: 8.225148404809456, 4: 8.133038074791173, 3: 8.172572835058512, 5: 8.196976607764348, 1: 8.217031616845382, 8: 8.115626592689468, 7: 8.098782333133508}
2024-05-21 16:21:27 - INFO     - 0.9333333333333333, 0.9148148148148149, 0.9296296296296296, 0.9185185185185185, 0.9111111111111111, 0.9296296296296296, 0.9148148148148149, 0.9296296296296296, 0.9481481481481482, 0.9407407407407408
2024-05-21 16:21:27 - WARNING  - Epoch: 234, Sum of Accs: 9.270, Sum of s_i: 81.71121844461085
2024-05-21 16:21:32 - INFO     - {6: 8.228249494942457, 9: 8.136417668511204, 0: 8.225053472096825, 2: 8.23714535894017, 4: 8.14509145201337, 3: 8.185596838081358, 5: 8.209559515461244, 1: 8.229866496305466, 8: 8.127210815123181, 7: 8.110933368357026}
2024-05-21 16:21:32 - INFO     - 0.9407407407407408, 0.9185185185185185, 0.9259259259259259, 0.9185185185185185, 0.9074074074074074, 0.9296296296296296, 0.9111111111111111, 0.9333333333333333, 0.9481481481481482, 0.9444444444444444
2024-05-21 16:21:32 - WARNING  - Epoch: 235, Sum of Accs: 9.278, Sum of s_i: 81.83512447983229
2024-05-21 16:21:38 - INFO     - {6: 8.240644801159544, 9: 8.14929488966168, 0: 8.237567306981417, 2: 8.250802905500306, 4: 8.15719164577519, 3: 8.198540694313408, 5: 8.222526923213639, 1: 8.243963386265309, 8: 8.139346133797249, 7: 8.123860828323943}
2024-05-21 16:21:38 - INFO     - 0.937037037037037, 0.9185185185185185, 0.9296296296296296, 0.9185185185185185, 0.9111111111111111, 0.9296296296296296, 0.9148148148148149, 0.9296296296296296, 0.9481481481481482, 0.9407407407407408
2024-05-21 16:21:38 - WARNING  - Epoch: 236, Sum of Accs: 9.278, Sum of s_i: 81.96373951499169
2024-05-21 16:21:43 - INFO     - {6: 8.252907866911707, 9: 8.162755901079466, 0: 8.24968649076923, 2: 8.2633738176517, 4: 8.169710624596126, 3: 8.210922113783994, 5: 8.234849333459156, 1: 8.256535549415267, 8: 8.152215592387165, 7: 8.13622960550044}
2024-05-21 16:21:43 - INFO     - 0.937037037037037, 0.9185185185185185, 0.9259259259259259, 0.9185185185185185, 0.9074074074074074, 0.9296296296296296, 0.9111111111111111, 0.9333333333333333, 0.9481481481481482, 0.9444444444444444
2024-05-21 16:21:43 - WARNING  - Epoch: 237, Sum of Accs: 9.274, Sum of s_i: 82.08918689555426
2024-05-21 16:21:49 - INFO     - {6: 8.264985872098046, 9: 8.175359237159865, 0: 8.262794679170081, 2: 8.276109153079165, 4: 8.181531727889592, 3: 8.22317436443475, 5: 8.247601697770435, 1: 8.26953535514055, 8: 8.163716990844852, 7: 8.147909406679059}
2024-05-21 16:21:49 - INFO     - 0.937037037037037, 0.9185185185185185, 0.9296296296296296, 0.9148148148148149, 0.9111111111111111, 0.9296296296296296, 0.9148148148148149, 0.9296296296296296, 0.9481481481481482, 0.9333333333333333
2024-05-21 16:21:49 - WARNING  - Epoch: 238, Sum of Accs: 9.267, Sum of s_i: 82.21271848426639
2024-05-21 16:21:54 - INFO     - {6: 8.277688428018259, 9: 8.187904030993371, 0: 8.27625872706687, 2: 8.289521931632938, 4: 8.193835814111972, 3: 8.235211213091532, 5: 8.260211596088379, 1: 8.282028291493695, 8: 8.17581815132116, 7: 8.160385772669384}
2024-05-21 16:21:54 - INFO     - 0.937037037037037, 0.9222222222222223, 0.9222222222222223, 0.9185185185185185, 0.9074074074074074, 0.9296296296296296, 0.9111111111111111, 0.9333333333333333, 0.9481481481481482, 0.9407407407407408
2024-05-21 16:21:54 - WARNING  - Epoch: 239, Sum of Accs: 9.270, Sum of s_i: 82.33886395648754
2024-05-21 16:22:00 - INFO     - {6: 8.290666616666892, 9: 8.200216612479306, 0: 8.287816178600103, 2: 8.301789530512243, 4: 8.206925247087357, 3: 8.247865322976521, 5: 8.272673384088357, 1: 8.295301993923653, 8: 8.18800129743422, 7: 8.17271613428567}
2024-05-21 16:22:00 - INFO     - 0.937037037037037, 0.9148148148148149, 0.9296296296296296, 0.9148148148148149, 0.9111111111111111, 0.9296296296296296, 0.9148148148148149, 0.9296296296296296, 0.9481481481481482, 0.9333333333333333
2024-05-21 16:22:00 - WARNING  - Epoch: 240, Sum of Accs: 9.263, Sum of s_i: 82.46397231805433
2024-05-21 16:22:05 - INFO     - {6: 8.304384464158924, 9: 8.21295065085721, 0: 8.300269047834881, 2: 8.313833791599228, 4: 8.219020969625916, 3: 8.259890931939912, 5: 8.284552783080832, 1: 8.309169658290832, 8: 8.200103662279282, 7: 8.184779092937179}
2024-05-21 16:22:05 - INFO     - 0.937037037037037, 0.9222222222222223, 0.9222222222222223, 0.9185185185185185, 0.9074074074074074, 0.9296296296296296, 0.9111111111111111, 0.9333333333333333, 0.9481481481481482, 0.937037037037037
2024-05-21 16:22:05 - WARNING  - Epoch: 241, Sum of Accs: 9.267, Sum of s_i: 82.58895505260419
2024-05-21 16:22:10 - INFO     - {6: 8.317082795798566, 9: 8.225818805767558, 0: 8.312434441309884, 2: 8.325734457172034, 4: 8.231632810341697, 3: 8.272352370736433, 5: 8.297316395529524, 1: 8.322276212057217, 8: 8.212956434374098, 7: 8.197227216853426}
2024-05-21 16:22:10 - INFO     - 0.937037037037037, 0.9148148148148149, 0.9296296296296296, 0.9148148148148149, 0.9111111111111111, 0.9296296296296296, 0.9148148148148149, 0.9296296296296296, 0.9481481481481482, 0.9333333333333333
2024-05-21 16:22:10 - WARNING  - Epoch: 242, Sum of Accs: 9.263, Sum of s_i: 82.71483193994042
2024-05-21 16:22:16 - INFO     - {6: 8.32938627750503, 9: 8.237887889811335, 0: 8.325014106302287, 2: 8.338413868777877, 4: 8.243517953251022, 3: 8.284569796607768, 5: 8.309819125901956, 1: 8.33432348933552, 8: 8.224669875356128, 7: 8.209885594036196}
2024-05-21 16:22:16 - INFO     - 0.937037037037037, 0.9222222222222223, 0.9222222222222223, 0.9185185185185185, 0.9074074074074074, 0.9296296296296296, 0.9111111111111111, 0.9333333333333333, 0.9481481481481482, 0.937037037037037
2024-05-21 16:22:16 - WARNING  - Epoch: 243, Sum of Accs: 9.267, Sum of s_i: 82.83748797688511
2024-05-21 16:22:21 - INFO     - {6: 8.341495001620155, 9: 8.25100235909875, 0: 8.337352111622874, 2: 8.35113891689915, 4: 8.254848874425143, 3: 8.296641708195141, 5: 8.322004350356103, 1: 8.347086518232116, 8: 8.236424487660669, 7: 8.221793486734256}
2024-05-21 16:22:21 - INFO     - 0.9333333333333333, 0.9148148148148149, 0.9296296296296296, 0.9185185185185185, 0.9111111111111111, 0.9296296296296296, 0.9148148148148149, 0.9296296296296296, 0.9481481481481482, 0.9296296296296296
2024-05-21 16:22:21 - WARNING  - Epoch: 244, Sum of Accs: 9.259, Sum of s_i: 82.95978781484436
2024-05-21 16:22:27 - INFO     - {6: 8.35346694647962, 9: 8.2624822383666, 0: 8.350200553737729, 2: 8.36326678710907, 4: 8.267699165256566, 3: 8.309048628813038, 5: 8.334820849134617, 1: 8.359530458042933, 8: 8.248776948707434, 7: 8.23398854488543}
2024-05-21 16:22:27 - INFO     - 0.9407407407407408, 0.9222222222222223, 0.9222222222222223, 0.9185185185185185, 0.9037037037037037, 0.9296296296296296, 0.9111111111111111, 0.9333333333333333, 0.9518518518518518, 0.937037037037037
2024-05-21 16:22:27 - WARNING  - Epoch: 245, Sum of Accs: 9.270, Sum of s_i: 83.08328112053303
2024-05-21 16:22:32 - INFO     - {6: 8.365978701805743, 9: 8.27422926529702, 0: 8.362921243992435, 2: 8.37552771826113, 4: 8.280289742217633, 3: 8.32164246379655, 5: 8.347416927156056, 1: 8.371827589283061, 8: 8.26087882326671, 7: 8.246348423464582}
2024-05-21 16:22:32 - INFO     - 0.9333333333333333, 0.9148148148148149, 0.9296296296296296, 0.9185185185185185, 0.9111111111111111, 0.9296296296296296, 0.9148148148148149, 0.9296296296296296, 0.9481481481481482, 0.9296296296296296
2024-05-21 16:22:32 - WARNING  - Epoch: 246, Sum of Accs: 9.259, Sum of s_i: 83.20706089854092
2024-05-21 16:22:38 - INFO     - {6: 8.378298919178576, 9: 8.286873194364597, 0: 8.375165968647362, 2: 8.38854002668829, 4: 8.292233199144214, 3: 8.334468220923906, 5: 8.359081384732375, 1: 8.384502815318662, 8: 8.273512112378132, 7: 8.257858968609247}
2024-05-21 16:22:38 - INFO     - 0.937037037037037, 0.9222222222222223, 0.9222222222222223, 0.9185185185185185, 0.9037037037037037, 0.9296296296296296, 0.9111111111111111, 0.9333333333333333, 0.9518518518518518, 0.937037037037037
2024-05-21 16:22:38 - WARNING  - Epoch: 247, Sum of Accs: 9.267, Sum of s_i: 83.33053480998534
2024-05-21 16:22:43 - INFO     - {6: 8.390408156872168, 9: 8.29821829129334, 0: 8.387813325274486, 2: 8.4012624180124, 4: 8.303892926756854, 3: 8.347233711961486, 5: 8.371691822947758, 1: 8.397748223229023, 8: 8.286100629663384, 7: 8.269644198271605}
2024-05-21 16:22:43 - INFO     - 0.9333333333333333, 0.9148148148148149, 0.9296296296296296, 0.9185185185185185, 0.9111111111111111, 0.9296296296296296, 0.9148148148148149, 0.9296296296296296, 0.9481481481481482, 0.9296296296296296
2024-05-21 16:22:43 - WARNING  - Epoch: 248, Sum of Accs: 9.259, Sum of s_i: 83.4540137042825
2024-05-21 16:22:48 - INFO     - {6: 8.40342895000349, 9: 8.310155590888796, 0: 8.40123912645216, 2: 8.4148846512889, 4: 8.316838951872935, 3: 8.358829188512846, 5: 8.385066225094837, 1: 8.410084655677469, 8: 8.297925869025514, 7: 8.282183184455382}
2024-05-21 16:22:48 - INFO     - 0.937037037037037, 0.9222222222222223, 0.9222222222222223, 0.9185185185185185, 0.9037037037037037, 0.9296296296296296, 0.9111111111111111, 0.9333333333333333, 0.9518518518518518, 0.937037037037037
2024-05-21 16:22:48 - WARNING  - Epoch: 249, Sum of Accs: 9.267, Sum of s_i: 83.58063639327233
2024-05-21 16:22:54 - INFO     - {6: 8.416079974266522, 9: 8.32217826325411, 0: 8.413551734842033, 2: 8.427775208979613, 4: 8.329300623749818, 3: 8.371127160650472, 5: 8.397646417674855, 1: 8.42234156349671, 8: 8.309358048555946, 7: 8.29312802692618}
2024-05-21 16:22:54 - INFO     - 0.9333333333333333, 0.9148148148148149, 0.9296296296296296, 0.9185185185185185, 0.9111111111111111, 0.9296296296296296, 0.9148148148148149, 0.9296296296296296, 0.9481481481481482, 0.9296296296296296
2024-05-21 16:22:54 - WARNING  - Epoch: 250, Sum of Accs: 9.259, Sum of s_i: 83.70248702239627
2024-05-21 16:22:59 - INFO     - {6: 8.428226861880427, 9: 8.33414927691653, 0: 8.42596725930608, 2: 8.440105183949768, 4: 8.341998797815526, 3: 8.383247548138772, 5: 8.409385446658982, 1: 8.43475215509765, 8: 8.32116012868946, 7: 8.30429076231273}
2024-05-21 16:22:59 - INFO     - 0.937037037037037, 0.9222222222222223, 0.9222222222222223, 0.9185185185185185, 0.9037037037037037, 0.9333333333333333, 0.9111111111111111, 0.9333333333333333, 0.9518518518518518, 0.937037037037037
2024-05-21 16:22:59 - WARNING  - Epoch: 251, Sum of Accs: 9.270, Sum of s_i: 83.82328342076593
2024-05-21 16:23:04 - INFO     - {6: 8.440045609861931, 9: 8.345651531105899, 0: 8.437578016466988, 2: 8.452955627033084, 4: 8.354354390103286, 3: 8.395023157216261, 5: 8.421757210973343, 1: 8.447185701815956, 8: 8.332490440678775, 7: 8.316655028411768}
2024-05-21 16:23:04 - INFO     - 0.9296296296296296, 0.9148148148148149, 0.9296296296296296, 0.9185185185185185, 0.9111111111111111, 0.9296296296296296, 0.9148148148148149, 0.9259259259259259, 0.9481481481481482, 0.9296296296296296
2024-05-21 16:23:04 - WARNING  - Epoch: 252, Sum of Accs: 9.252, Sum of s_i: 83.94369671366728
2024-05-21 16:23:10 - INFO     - {6: 8.453769759913135, 9: 8.357842280080064, 0: 8.448799851754362, 2: 8.466183456170402, 4: 8.366081741722803, 3: 8.407569071611675, 5: 8.434252586496731, 1: 8.45972004198164, 8: 8.344682152293952, 7: 8.328703938830436}
2024-05-21 16:23:10 - INFO     - 0.937037037037037, 0.9222222222222223, 0.9222222222222223, 0.9185185185185185, 0.9037037037037037, 0.9333333333333333, 0.9111111111111111, 0.9333333333333333, 0.9518518518518518, 0.937037037037037
2024-05-21 16:23:10 - WARNING  - Epoch: 253, Sum of Accs: 9.270, Sum of s_i: 84.06760488085521
2024-05-21 16:23:15 - INFO     - {6: 8.46627026639056, 9: 8.369470073002613, 0: 8.461203398512563, 2: 8.478957148527755, 4: 8.378445920632727, 3: 8.41961169619008, 5: 8.44527173679429, 1: 8.472694594958888, 8: 8.356228697337137, 7: 8.340846651187443}
2024-05-21 16:23:15 - INFO     - 0.9296296296296296, 0.9148148148148149, 0.9296296296296296, 0.9185185185185185, 0.9111111111111111, 0.9296296296296296, 0.9148148148148149, 0.9259259259259259, 0.9481481481481482, 0.9296296296296296
2024-05-21 16:23:15 - WARNING  - Epoch: 254, Sum of Accs: 9.252, Sum of s_i: 84.18900018353408
2024-05-21 16:23:21 - INFO     - {6: 8.47876684169088, 9: 8.380712153506854, 0: 8.473443581105027, 2: 8.490700232244304, 4: 8.390989685955086, 3: 8.431773155841377, 5: 8.458225220314967, 1: 8.485236166478236, 8: 8.3676732459185, 7: 8.35345842655071}
2024-05-21 16:23:21 - INFO     - 0.937037037037037, 0.9222222222222223, 0.9222222222222223, 0.9185185185185185, 0.9037037037037037, 0.9333333333333333, 0.9111111111111111, 0.9296296296296296, 0.9518518518518518, 0.937037037037037
2024-05-21 16:23:21 - WARNING  - Epoch: 255, Sum of Accs: 9.267, Sum of s_i: 84.31097870960593
2024-05-21 16:23:26 - INFO     - {6: 8.490690141797328, 9: 8.392276490005232, 0: 8.485667302450393, 2: 8.502409304091408, 4: 8.402689407716048, 3: 8.443422587816597, 5: 8.469489597475743, 1: 8.497176306402096, 8: 8.37845902977488, 7: 8.366208573325391}
2024-05-21 16:23:26 - INFO     - 0.9296296296296296, 0.9148148148148149, 0.9296296296296296, 0.9185185185185185, 0.9111111111111111, 0.9259259259259259, 0.9148148148148149, 0.9259259259259259, 0.9481481481481482, 0.9259259259259259
2024-05-21 16:23:26 - WARNING  - Epoch: 256, Sum of Accs: 9.244, Sum of s_i: 84.42848874085513
2024-05-21 16:23:32 - INFO     - {6: 8.501866318741419, 9: 8.403463463662638, 0: 8.49744859013881, 2: 8.514660345855013, 4: 8.414630610431745, 3: 8.455720836823117, 5: 8.48147498237874, 1: 8.509489589537242, 8: 8.390009421366084, 7: 8.378238832333887}
2024-05-21 16:23:32 - INFO     - 0.937037037037037, 0.9185185185185185, 0.9222222222222223, 0.9185185185185185, 0.9037037037037037, 0.9333333333333333, 0.9111111111111111, 0.9296296296296296, 0.9518518518518518, 0.937037037037037
2024-05-21 16:23:32 - WARNING  - Epoch: 257, Sum of Accs: 9.263, Sum of s_i: 84.5470029912687
2024-05-21 16:23:37 - INFO     - {6: 8.514261693215131, 9: 8.415489712761953, 0: 8.509459773996264, 2: 8.52594861238027, 4: 8.42575456180152, 3: 8.468019223234158, 5: 8.493819648162845, 1: 8.521686982364878, 8: 8.401836283183636, 7: 8.389875465343803}
2024-05-21 16:23:37 - INFO     - 0.9296296296296296, 0.9148148148148149, 0.9296296296296296, 0.9185185185185185, 0.9111111111111111, 0.9296296296296296, 0.9148148148148149, 0.9259259259259259, 0.9481481481481482, 0.9296296296296296
2024-05-21 16:23:37 - WARNING  - Epoch: 258, Sum of Accs: 9.252, Sum of s_i: 84.66615195644447
2024-05-21 16:23:43 - INFO     - {6: 8.526504186548053, 9: 8.42734063638885, 0: 8.520758710337994, 2: 8.537878938651135, 4: 8.437119306386892, 3: 8.479199051771438, 5: 8.504849953218283, 1: 8.53363838596162, 8: 8.413540021680422, 7: 8.401526901379704}
2024-05-21 16:23:43 - INFO     - 0.937037037037037, 0.9185185185185185, 0.9222222222222223, 0.9185185185185185, 0.9037037037037037, 0.9333333333333333, 0.9111111111111111, 0.9296296296296296, 0.9518518518518518, 0.9333333333333333
2024-05-21 16:23:43 - WARNING  - Epoch: 259, Sum of Accs: 9.259, Sum of s_i: 84.78235609232439
2024-05-21 16:23:48 - INFO     - {6: 8.538512923509833, 9: 8.439015376710618, 0: 8.532241841749476, 2: 8.550630180366138, 4: 8.44867806386509, 3: 8.49127290880126, 5: 8.517865624070948, 1: 8.545257457856845, 8: 8.424541801879752, 7: 8.41346474863373}
2024-05-21 16:23:48 - INFO     - 0.9296296296296296, 0.9185185185185185, 0.9296296296296296, 0.9185185185185185, 0.9111111111111111, 0.9296296296296296, 0.9148148148148149, 0.9259259259259259, 0.9481481481481482, 0.9296296296296296
2024-05-21 16:23:48 - WARNING  - Epoch: 260, Sum of Accs: 9.256, Sum of s_i: 84.9014809274437
2024-05-21 16:23:53 - INFO     - {6: 8.549953993144566, 9: 8.450123813070244, 0: 8.54444561594568, 2: 8.563242268799417, 4: 8.459999523629927, 3: 8.502401259593405, 5: 8.529696118898272, 1: 8.556906343217747, 8: 8.436427347531955, 7: 8.425129061145892}
2024-05-21 16:23:53 - INFO     - 0.937037037037037, 0.9185185185185185, 0.9222222222222223, 0.9185185185185185, 0.9037037037037037, 0.9333333333333333, 0.9111111111111111, 0.9296296296296296, 0.9518518518518518, 0.9333333333333333
2024-05-21 16:23:53 - WARNING  - Epoch: 261, Sum of Accs: 9.259, Sum of s_i: 85.01832534497711
2024-05-21 16:23:59 - INFO     - {6: 8.562333131283877, 9: 8.462020642780846, 0: 8.555835746845247, 2: 8.575284654756265, 4: 8.47119038673153, 3: 8.514301194622936, 5: 8.541676096716207, 1: 8.568932122165823, 8: 8.44819694353847, 7: 8.437421391829375}
2024-05-21 16:23:59 - INFO     - 0.937037037037037, 0.9185185185185185, 0.9296296296296296, 0.9185185185185185, 0.9111111111111111, 0.9296296296296296, 0.9148148148148149, 0.9259259259259259, 0.9481481481481482, 0.9296296296296296
2024-05-21 16:23:59 - WARNING  - Epoch: 262, Sum of Accs: 9.263, Sum of s_i: 85.13719231127057
2024-05-21 16:24:04 - INFO     - {6: 8.573438272896349, 9: 8.47345263335228, 0: 8.566717294742386, 2: 8.587690773512124, 4: 8.482840521155843, 3: 8.526854489492793, 5: 8.552857527759418, 1: 8.580386372377275, 8: 8.459463293958498, 7: 8.448891500989216}
2024-05-21 16:24:04 - INFO     - 0.937037037037037, 0.9185185185185185, 0.9222222222222223, 0.9222222222222223, 0.9111111111111111, 0.9333333333333333, 0.9111111111111111, 0.9296296296296296, 0.9518518518518518, 0.937037037037037
2024-05-21 16:24:04 - WARNING  - Epoch: 263, Sum of Accs: 9.274, Sum of s_i: 85.25259268023618
2024-05-21 16:24:10 - INFO     - {6: 8.584766628377977, 9: 8.485026662394008, 0: 8.578283716408974, 2: 8.600263768518953, 4: 8.494389185837386, 3: 8.53732928538421, 5: 8.565083753192583, 1: 8.591834839028357, 8: 8.470937400978652, 7: 8.460220675355046}
2024-05-21 16:24:10 - INFO     - 0.937037037037037, 0.9185185185185185, 0.9296296296296296, 0.9185185185185185, 0.9111111111111111, 0.9296296296296296, 0.9148148148148149, 0.9259259259259259, 0.9481481481481482, 0.9296296296296296
2024-05-21 16:24:10 - WARNING  - Epoch: 264, Sum of Accs: 9.263, Sum of s_i: 85.36813591547615
2024-05-21 16:24:15 - INFO     - {6: 8.596312123571447, 9: 8.497019226040704, 0: 8.589481576056222, 2: 8.612553048226797, 4: 8.506103194983893, 3: 8.54893153267704, 5: 8.57627018811907, 1: 8.60361021578583, 8: 8.482127074426382, 7: 8.470880299994146}
2024-05-21 16:24:15 - INFO     - 0.937037037037037, 0.9185185185185185, 0.9222222222222223, 0.9222222222222223, 0.9111111111111111, 0.9333333333333333, 0.9111111111111111, 0.9296296296296296, 0.9518518518518518, 0.937037037037037
2024-05-21 16:24:15 - WARNING  - Epoch: 265, Sum of Accs: 9.274, Sum of s_i: 85.48328847988154
2024-05-21 16:24:20 - INFO     - {6: 8.608543649225334, 9: 8.508218793298155, 0: 8.601812729997302, 2: 8.624048237627292, 4: 8.51779330789028, 3: 8.560464824663525, 5: 8.588602258180089, 1: 8.61539708944807, 8: 8.492686981674272, 7: 8.48181532967333}
2024-05-21 16:24:20 - INFO     - 0.937037037037037, 0.9185185185185185, 0.9296296296296296, 0.9185185185185185, 0.9148148148148149, 0.9296296296296296, 0.9148148148148149, 0.9259259259259259, 0.9518518518518518, 0.9296296296296296
2024-05-21 16:24:20 - WARNING  - Epoch: 266, Sum of Accs: 9.270, Sum of s_i: 85.59938320167764
2024-05-21 16:24:26 - INFO     - {6: 8.61987294442233, 9: 8.520627120872536, 0: 8.613429805170037, 2: 8.636088225153907, 4: 8.528948486188286, 3: 8.572582590310388, 5: 8.601080252431174, 1: 8.627033363355029, 8: 8.504459368399583, 7: 8.491984307312404}
2024-05-21 16:24:26 - INFO     - 0.937037037037037, 0.9185185185185185, 0.9222222222222223, 0.9222222222222223, 0.9111111111111111, 0.9333333333333333, 0.9111111111111111, 0.9296296296296296, 0.9518518518518518, 0.937037037037037
2024-05-21 16:24:26 - WARNING  - Epoch: 267, Sum of Accs: 9.274, Sum of s_i: 85.71610646361567
2024-05-21 16:24:31 - INFO     - {6: 8.632232840620158, 9: 8.532265922586598, 0: 8.624946379511067, 2: 8.647909807589329, 4: 8.540135118151024, 3: 8.583632182172515, 5: 8.612980305611645, 1: 8.638625608464904, 8: 8.515767427474737, 7: 8.503168906589014}
2024-05-21 16:24:31 - INFO     - 0.937037037037037, 0.9185185185185185, 0.9296296296296296, 0.9185185185185185, 0.9148148148148149, 0.9296296296296296, 0.9148148148148149, 0.9259259259259259, 0.9518518518518518, 0.9296296296296296
2024-05-21 16:24:31 - WARNING  - Epoch: 268, Sum of Accs: 9.270, Sum of s_i: 85.83166449877099
2024-05-21 16:24:37 - INFO     - {6: 8.643875909981134, 9: 8.543474782661734, 0: 8.636644171907854, 2: 8.659313930650297, 4: 8.55102630559536, 3: 8.595618304619748, 5: 8.625094806241396, 1: 8.650686941645564, 8: 8.52721702863667, 7: 8.514729507109438}
2024-05-21 16:24:37 - INFO     - 0.9333333333333333, 0.9185185185185185, 0.9222222222222223, 0.9222222222222223, 0.9111111111111111, 0.9333333333333333, 0.9111111111111111, 0.9296296296296296, 0.9518518518518518, 0.9333333333333333
2024-05-21 16:24:37 - WARNING  - Epoch: 269, Sum of Accs: 9.267, Sum of s_i: 85.94768168904919
2024-05-21 16:24:42 - INFO     - {6: 8.655694030771198, 9: 8.55454962090142, 0: 8.648395632744636, 2: 8.670970988548337, 4: 8.561932335295008, 3: 8.606829412880252, 5: 8.636723053625836, 1: 8.662252506341208, 8: 8.538367576504088, 7: 8.52594593132611}
2024-05-21 16:24:42 - INFO     - 0.937037037037037, 0.9185185185185185, 0.9296296296296296, 0.9185185185185185, 0.9111111111111111, 0.9296296296296296, 0.9148148148148149, 0.9259259259259259, 0.9518518518518518, 0.9296296296296296
2024-05-21 16:24:42 - WARNING  - Epoch: 270, Sum of Accs: 9.267, Sum of s_i: 86.0616610889381
2024-05-21 16:24:48 - INFO     - {6: 8.667246933893301, 9: 8.565369115791588, 0: 8.659728322685774, 2: 8.682909540959807, 4: 8.572970841831557, 3: 8.618134234301905, 5: 8.648103371120987, 1: 8.673759336842714, 8: 8.549876937414943, 7: 8.53685480423252}
2024-05-21 16:24:48 - INFO     - 0.9333333333333333, 0.9185185185185185, 0.9222222222222223, 0.9222222222222223, 0.9111111111111111, 0.9333333333333333, 0.9111111111111111, 0.9296296296296296, 0.9518518518518518, 0.9333333333333333
2024-05-21 16:24:48 - WARNING  - Epoch: 271, Sum of Accs: 9.267, Sum of s_i: 86.1749534390751
2024-05-21 16:24:53 - INFO     - {6: 8.679075083407616, 9: 8.576020696123335, 0: 8.671123922679401, 2: 8.694599989920167, 4: 8.58488390719819, 3: 8.629430839109261, 5: 8.660120204895616, 1: 8.685435953692233, 8: 8.561296466232287, 7: 8.5481988782994}
2024-05-21 16:24:53 - INFO     - 0.937037037037037, 0.9185185185185185, 0.9296296296296296, 0.9185185185185185, 0.9111111111111111, 0.9296296296296296, 0.9148148148148149, 0.9259259259259259, 0.9518518518518518, 0.9296296296296296
2024-05-21 16:24:53 - WARNING  - Epoch: 272, Sum of Accs: 9.267, Sum of s_i: 86.29018594155752
2024-05-21 16:24:58 - INFO     - {6: 8.690559753859603, 9: 8.587115814547456, 0: 8.682357251041175, 2: 8.706565321597905, 4: 8.5968662498032, 3: 8.64097966830818, 5: 8.67189154607404, 1: 8.697012781559607, 8: 8.572012194415477, 7: 8.559452774264427}
2024-05-21 16:24:58 - INFO     - 0.9333333333333333, 0.9185185185185185, 0.9222222222222223, 0.9222222222222223, 0.9111111111111111, 0.9333333333333333, 0.9111111111111111, 0.9296296296296296, 0.9518518518518518, 0.9333333333333333
2024-05-21 16:24:58 - WARNING  - Epoch: 273, Sum of Accs: 9.267, Sum of s_i: 86.40481335547106
2024-05-21 16:25:04 - INFO     - {6: 8.701005732708099, 9: 8.598577474891801, 0: 8.694191108510989, 2: 8.717728409146295, 4: 8.608480777658226, 3: 8.652577833496679, 5: 8.683715700291202, 1: 8.708840684278991, 8: 8.58253584329563, 7: 8.571154142784934}
2024-05-21 16:25:04 - INFO     - 0.937037037037037, 0.9185185185185185, 0.9296296296296296, 0.9185185185185185, 0.9111111111111111, 0.9296296296296296, 0.9148148148148149, 0.9259259259259259, 0.9518518518518518, 0.9333333333333333
2024-05-21 16:25:04 - WARNING  - Epoch: 274, Sum of Accs: 9.270, Sum of s_i: 86.51880770706285
2024-05-21 16:25:09 - INFO     - {6: 8.712970288526636, 9: 8.610553877884168, 0: 8.704993871712883, 2: 8.729447930961946, 4: 8.619883999570906, 3: 8.66384253956006, 5: 8.695000916472933, 1: 8.720621404101726, 8: 8.593557055024002, 7: 8.582314813062352}
2024-05-21 16:25:09 - INFO     - 0.9333333333333333, 0.9185185185185185, 0.9222222222222223, 0.9222222222222223, 0.9111111111111111, 0.9333333333333333, 0.9111111111111111, 0.9296296296296296, 0.9518518518518518, 0.9333333333333333
2024-05-21 16:25:09 - WARNING  - Epoch: 275, Sum of Accs: 9.267, Sum of s_i: 86.63318669687762
2024-05-21 16:25:15 - INFO     - {6: 8.724647697010324, 9: 8.622805765958704, 0: 8.716730207190642, 2: 8.740307800061863, 4: 8.63124021737476, 3: 8.675630731114648, 5: 8.70616442999328, 1: 8.731426603672968, 8: 8.604538787398734, 7: 8.593499729816756}
2024-05-21 16:25:15 - INFO     - 0.9296296296296296, 0.9185185185185185, 0.9259259259259259, 0.9185185185185185, 0.9111111111111111, 0.9296296296296296, 0.9148148148148149, 0.9259259259259259, 0.9518518518518518, 0.9333333333333333
2024-05-21 16:25:15 - WARNING  - Epoch: 276, Sum of Accs: 9.259, Sum of s_i: 86.74699196959268
2024-05-21 16:25:20 - INFO     - {6: 8.736288100914164, 9: 8.6345509644711, 0: 8.728762329883937, 2: 8.75191204251321, 4: 8.641704391020639, 3: 8.686653635038542, 5: 8.717498462131424, 1: 8.743071318032145, 8: 8.615390549630053, 7: 8.604743053633344}
2024-05-21 16:25:20 - INFO     - 0.9296296296296296, 0.9222222222222223, 0.9222222222222223, 0.9222222222222223, 0.9111111111111111, 0.9333333333333333, 0.9111111111111111, 0.9296296296296296, 0.9518518518518518, 0.9333333333333333
2024-05-21 16:25:20 - WARNING  - Epoch: 277, Sum of Accs: 9.267, Sum of s_i: 86.86057484726855
2024-05-21 16:25:26 - INFO     - {6: 8.748061598306219, 9: 8.645612339439218, 0: 8.740877425131718, 2: 8.76366811009859, 4: 8.65277552472496, 3: 8.698110255204421, 5: 8.72900575309951, 1: 8.754641777613248, 8: 8.626279787178314, 7: 8.615856503791855}
2024-05-21 16:25:26 - INFO     - 0.9296296296296296, 0.9185185185185185, 0.9259259259259259, 0.9185185185185185, 0.9111111111111111, 0.9296296296296296, 0.9148148148148149, 0.9259259259259259, 0.9518518518518518, 0.9333333333333333
2024-05-21 16:25:26 - WARNING  - Epoch: 278, Sum of Accs: 9.259, Sum of s_i: 86.97488907458806
2024-05-21 16:25:31 - INFO     - {6: 8.759419268503027, 9: 8.65703862853039, 0: 8.75205182908934, 2: 8.774878688541937, 4: 8.663715256058415, 3: 8.709123307423345, 5: 8.740586464354072, 1: 8.766335112727347, 8: 8.637977339523971, 7: 8.626848509499046}
2024-05-21 16:25:31 - INFO     - 0.9296296296296296, 0.9222222222222223, 0.9222222222222223, 0.9222222222222223, 0.9111111111111111, 0.9333333333333333, 0.9111111111111111, 0.9296296296296296, 0.9518518518518518, 0.9333333333333333
2024-05-21 16:25:31 - WARNING  - Epoch: 279, Sum of Accs: 9.267, Sum of s_i: 87.08797440425089
2024-05-21 16:25:37 - INFO     - {6: 8.77053078324486, 9: 8.66945145816699, 0: 8.763221709133136, 2: 8.786169515006494, 4: 8.673888138510462, 3: 8.720390822792552, 5: 8.752239004037227, 1: 8.777193694963051, 8: 8.649728756300192, 7: 8.63822143420258}
2024-05-21 16:25:37 - INFO     - 0.9333333333333333, 0.9185185185185185, 0.9259259259259259, 0.9185185185185185, 0.9111111111111111, 0.9296296296296296, 0.9148148148148149, 0.9222222222222223, 0.9518518518518518, 0.9333333333333333
2024-05-21 16:25:37 - WARNING  - Epoch: 280, Sum of Accs: 9.259, Sum of s_i: 87.20103531635753
2024-05-21 16:25:42 - INFO     - {6: 8.781959967001573, 9: 8.680743889796917, 0: 8.774876331664693, 2: 8.797848569739926, 4: 8.684839628918708, 3: 8.731689909610024, 5: 8.763828969420084, 1: 8.788010512830839, 8: 8.66113677129798, 7: 8.649858371567982}
2024-05-21 16:25:42 - INFO     - 0.9333333333333333, 0.9222222222222223, 0.9222222222222223, 0.9222222222222223, 0.9111111111111111, 0.9333333333333333, 0.9111111111111111, 0.9296296296296296, 0.9518518518518518, 0.9333333333333333
2024-05-21 16:25:42 - WARNING  - Epoch: 281, Sum of Accs: 9.270, Sum of s_i: 87.31479292184873
2024-05-21 16:25:46 - INFO     - {6: 8.79399177255345, 9: 8.6917717007184, 0: 8.785675314111675, 2: 8.8096221307799, 4: 8.69632532475492, 3: 8.742966493339967, 5: 8.77606448298056, 1: 8.799090294312915, 8: 8.671454826766809, 7: 8.660400500791441}
2024-05-21 16:25:46 - INFO     - 0.9333333333333333, 0.9185185185185185, 0.9259259259259259, 0.9185185185185185, 0.9111111111111111, 0.9259259259259259, 0.9148148148148149, 0.9222222222222223, 0.9518518518518518, 0.9333333333333333
2024-05-21 16:25:46 - WARNING  - Epoch: 282, Sum of Accs: 9.256, Sum of s_i: 87.42736284111004
2024-05-21 16:25:52 - INFO     - {6: 8.804758342398598, 9: 8.702039810491954, 0: 8.796531247011156, 2: 8.821709807861062, 4: 8.707843759489045, 3: 8.754347583975838, 5: 8.78773035000321, 1: 8.810435488175386, 8: 8.682549628497002, 7: 8.671075926019975}
2024-05-21 16:25:52 - INFO     - 0.937037037037037, 0.9222222222222223, 0.9222222222222223, 0.9222222222222223, 0.9111111111111111, 0.9333333333333333, 0.9111111111111111, 0.9296296296296296, 0.9518518518518518, 0.9333333333333333
2024-05-21 16:25:52 - WARNING  - Epoch: 283, Sum of Accs: 9.274, Sum of s_i: 87.53902194392322
2024-05-21 16:25:57 - INFO     - {6: 8.816738246022934, 9: 8.712401582669628, 0: 8.808155804790985, 2: 8.833769461712311, 4: 8.718500430593215, 3: 8.765859223630015, 5: 8.798572647962342, 1: 8.821014137915313, 8: 8.69294773190489, 7: 8.681574490202262}
2024-05-21 16:25:57 - INFO     - 0.9333333333333333, 0.9185185185185185, 0.9259259259259259, 0.9185185185185185, 0.9111111111111111, 0.9259259259259259, 0.9111111111111111, 0.9222222222222223, 0.9518518518518518, 0.9333333333333333
2024-05-21 16:25:57 - WARNING  - Epoch: 284, Sum of Accs: 9.252, Sum of s_i: 87.6495337574039
2024-05-21 16:26:03 - INFO     - {6: 8.827777496515171, 9: 8.723867827188888, 0: 8.819363362758324, 2: 8.844639783913824, 4: 8.728858125864424, 3: 8.777986799743266, 5: 8.809777128969273, 1: 8.833411547628442, 8: 8.703304434513742, 7: 8.69314050089228}
2024-05-21 16:26:03 - INFO     - 0.937037037037037, 0.9222222222222223, 0.9222222222222223, 0.9222222222222223, 0.9111111111111111, 0.9333333333333333, 0.9111111111111111, 0.9296296296296296, 0.9518518518518518, 0.9333333333333333
2024-05-21 16:26:03 - WARNING  - Epoch: 285, Sum of Accs: 9.274, Sum of s_i: 87.76212700798763
2024-05-21 16:26:08 - INFO     - {6: 8.839284184724564, 9: 8.734654889562698, 0: 8.830823184693529, 2: 8.855524995374545, 4: 8.73933344553652, 3: 8.789605033029245, 5: 8.821646551082758, 1: 8.844724723461383, 8: 8.713750726023028, 7: 8.704809320666971}
2024-05-21 16:26:08 - INFO     - 0.9333333333333333, 0.9185185185185185, 0.9259259259259259, 0.9185185185185185, 0.9111111111111111, 0.9259259259259259, 0.9111111111111111, 0.9222222222222223, 0.9518518518518518, 0.9333333333333333
2024-05-21 16:26:08 - WARNING  - Epoch: 286, Sum of Accs: 9.252, Sum of s_i: 87.87415705415522
2024-05-21 16:26:13 - INFO     - {6: 8.850366341975375, 9: 8.744979275698832, 0: 8.841487854199803, 2: 8.866777417713037, 4: 8.749699167113318, 3: 8.80058301644118, 5: 8.83279536543081, 1: 8.856110555513686, 8: 8.725298954622291, 7: 8.7162131568244}
2024-05-21 16:26:13 - INFO     - 0.9407407407407408, 0.9222222222222223, 0.9222222222222223, 0.9222222222222223, 0.9111111111111111, 0.9333333333333333, 0.9111111111111111, 0.9296296296296296, 0.9518518518518518, 0.9333333333333333
2024-05-21 16:26:14 - WARNING  - Epoch: 287, Sum of Accs: 9.278, Sum of s_i: 87.98431110553273
2024-05-21 16:26:19 - INFO     - {6: 8.860995389345803, 9: 8.755598703410614, 0: 8.852522445065892, 2: 8.877801132505361, 4: 8.761022108127916, 3: 8.811400688327398, 5: 8.844457544163332, 1: 8.867377755502401, 8: 8.73588013086621, 7: 8.727117070021347}
2024-05-21 16:26:19 - INFO     - 0.9333333333333333, 0.9185185185185185, 0.9259259259259259, 0.9185185185185185, 0.9111111111111111, 0.9296296296296296, 0.9111111111111111, 0.9222222222222223, 0.9518518518518518, 0.9333333333333333
2024-05-21 16:26:19 - WARNING  - Epoch: 288, Sum of Accs: 9.256, Sum of s_i: 88.09417296733628
2024-05-21 16:26:24 - INFO     - {6: 8.872399253368116, 9: 8.766683250484752, 0: 8.863273822953273, 2: 8.889422141500447, 4: 8.771919485693518, 3: 8.821879920569968, 5: 8.855180570557634, 1: 8.877613914408867, 8: 8.747133176950653, 7: 8.736739221396657}
2024-05-21 16:26:24 - INFO     - 0.9407407407407408, 0.9222222222222223, 0.9222222222222223, 0.9222222222222223, 0.9111111111111111, 0.9333333333333333, 0.9111111111111111, 0.9296296296296296, 0.9518518518518518, 0.9333333333333333
2024-05-21 16:26:24 - WARNING  - Epoch: 289, Sum of Accs: 9.278, Sum of s_i: 88.20224475788389
2024-05-21 16:26:30 - INFO     - {6: 8.883298048923242, 9: 8.776939637129788, 0: 8.874251910155527, 2: 8.90062393695944, 4: 8.783804532338523, 3: 8.833307985464785, 5: 8.866121351263802, 1: 8.888997684293663, 8: 8.75782233818469, 7: 8.747079265272776}
2024-05-21 16:26:30 - INFO     - 0.9333333333333333, 0.9185185185185185, 0.9259259259259259, 0.9185185185185185, 0.9111111111111111, 0.9296296296296296, 0.9111111111111111, 0.9222222222222223, 0.9518518518518518, 0.9333333333333333
2024-05-21 16:26:30 - WARNING  - Epoch: 290, Sum of Accs: 9.256, Sum of s_i: 88.31224668998624
2024-05-21 16:26:35 - INFO     - {6: 8.893952691882195, 9: 8.787430193834918, 0: 8.884291262834733, 2: 8.91128483274491, 4: 8.794662926778948, 3: 8.844461373301813, 5: 8.876719170449721, 1: 8.89989888824313, 8: 8.76787929110154, 7: 8.757049819903125}
2024-05-21 16:26:35 - INFO     - 0.9407407407407408, 0.9185185185185185, 0.9222222222222223, 0.9222222222222223, 0.9111111111111111, 0.9333333333333333, 0.9111111111111111, 0.9296296296296296, 0.9518518518518518, 0.9333333333333333
2024-05-21 16:26:35 - WARNING  - Epoch: 291, Sum of Accs: 9.274, Sum of s_i: 88.41763045107503
2024-05-21 16:26:41 - INFO     - {6: 8.90475808534284, 9: 8.79850347223878, 0: 8.895031234845154, 2: 8.922496128229604, 4: 8.805156072135977, 3: 8.855571122386621, 5: 8.887640758729201, 1: 8.911125702489851, 8: 8.779267031187171, 7: 8.768023881306545}
2024-05-21 16:26:41 - INFO     - 0.9333333333333333, 0.9185185185185185, 0.9259259259259259, 0.9185185185185185, 0.9111111111111111, 0.9296296296296296, 0.9111111111111111, 0.9222222222222223, 0.9481481481481482, 0.9333333333333333
2024-05-21 16:26:41 - WARNING  - Epoch: 292, Sum of Accs: 9.252, Sum of s_i: 88.52757348889176
2024-05-21 16:26:46 - INFO     - {6: 8.916046460062269, 9: 8.809110791621737, 0: 8.905314413639154, 2: 8.933670404125081, 4: 8.816529593382, 3: 8.867320329576145, 5: 8.89933736934047, 1: 8.923103667148302, 8: 8.790217192508521, 7: 8.77943943866948}
2024-05-21 16:26:46 - INFO     - 0.9407407407407408, 0.9185185185185185, 0.9222222222222223, 0.9222222222222223, 0.9111111111111111, 0.9333333333333333, 0.9111111111111111, 0.9259259259259259, 0.9481481481481482, 0.9333333333333333
2024-05-21 16:26:46 - WARNING  - Epoch: 293, Sum of Accs: 9.267, Sum of s_i: 88.64008966007316
2024-05-21 16:26:52 - INFO     - {6: 8.927463803781952, 9: 8.819586657469703, 0: 8.916068153599758, 2: 8.944712071030912, 4: 8.826646616296612, 3: 8.877483059586439, 5: 8.910912739908438, 1: 8.933975504523268, 8: 8.80133120923604, 7: 8.790408699665319}
2024-05-21 16:26:52 - INFO     - 0.9333333333333333, 0.9185185185185185, 0.9259259259259259, 0.9185185185185185, 0.9111111111111111, 0.9296296296296296, 0.9111111111111111, 0.9222222222222223, 0.9481481481481482, 0.9333333333333333
2024-05-21 16:26:52 - WARNING  - Epoch: 294, Sum of Accs: 9.252, Sum of s_i: 88.74858851509845
2024-05-21 16:26:57 - INFO     - {6: 8.938218446712803, 9: 8.829557202507917, 0: 8.927538962198243, 2: 8.955567561647023, 4: 8.837145093136705, 3: 8.888742545921549, 5: 8.921838891805407, 1: 8.944996347532427, 8: 8.812785805329554, 7: 8.80096528417723}
2024-05-21 16:26:57 - INFO     - 0.9407407407407408, 0.9185185185185185, 0.9222222222222223, 0.9185185185185185, 0.9111111111111111, 0.9333333333333333, 0.9111111111111111, 0.9259259259259259, 0.9481481481481482, 0.9333333333333333
2024-05-21 16:26:57 - WARNING  - Epoch: 295, Sum of Accs: 9.263, Sum of s_i: 88.85735614096885
2024-05-21 16:27:03 - INFO     - {6: 8.94921813059799, 9: 8.840527285429673, 0: 8.937931489115984, 2: 8.967510661922768, 4: 8.847614841865097, 3: 8.899824996415735, 5: 8.932822572853365, 1: 8.956705253235565, 8: 8.82318171013669, 7: 8.812420844869155}
2024-05-21 16:27:03 - INFO     - 0.9333333333333333, 0.9185185185185185, 0.9259259259259259, 0.9185185185185185, 0.9111111111111111, 0.9296296296296296, 0.9111111111111111, 0.9222222222222223, 0.9481481481481482, 0.9333333333333333
2024-05-21 16:27:03 - WARNING  - Epoch: 296, Sum of Accs: 9.252, Sum of s_i: 88.96775778644202
2024-05-21 16:27:08 - INFO     - {6: 8.960510789328593, 9: 8.851807511483122, 0: 8.949098814952572, 2: 8.978262328152777, 4: 8.857674510707422, 3: 8.910410428705022, 5: 8.943964669289631, 1: 8.96780708255004, 8: 8.833414715824025, 7: 8.822199931874158}
2024-05-21 16:27:08 - INFO     - 0.9407407407407408, 0.9185185185185185, 0.9222222222222223, 0.9222222222222223, 0.9111111111111111, 0.9333333333333333, 0.9111111111111111, 0.9259259259259259, 0.9481481481481482, 0.9333333333333333
2024-05-21 16:27:08 - WARNING  - Epoch: 297, Sum of Accs: 9.267, Sum of s_i: 89.07515078286735
2024-05-21 16:27:14 - INFO     - {6: 8.971548199341397, 9: 8.861864976718909, 0: 8.959871332555425, 2: 8.989479466338663, 4: 8.868136455180398, 3: 8.920737662469378, 5: 8.953948804779081, 1: 8.97813928986103, 8: 8.844355232046128, 7: 8.831807582497959}
2024-05-21 16:27:14 - INFO     - 0.9333333333333333, 0.9185185185185185, 0.9259259259259259, 0.9185185185185185, 0.9111111111111111, 0.9296296296296296, 0.9111111111111111, 0.9259259259259259, 0.9481481481481482, 0.9333333333333333
2024-05-21 16:27:14 - WARNING  - Epoch: 298, Sum of Accs: 9.256, Sum of s_i: 89.17988900178837
2024-05-21 16:27:19 - INFO     - {6: 8.98231416233238, 9: 8.873328007208283, 0: 8.970719162433367, 2: 9.001184898955007, 4: 8.87869284359127, 3: 8.931236973692556, 5: 8.965069782087118, 1: 8.988386809818891, 8: 8.854529597821998, 7: 8.842314586132868}
2024-05-21 16:27:19 - INFO     - 0.9407407407407408, 0.9185185185185185, 0.9222222222222223, 0.9185185185185185, 0.9111111111111111, 0.9333333333333333, 0.9111111111111111, 0.9259259259259259, 0.9481481481481482, 0.9333333333333333
2024-05-21 16:27:19 - WARNING  - Epoch: 299, Sum of Accs: 9.263, Sum of s_i: 89.28777682407373
2024-05-21 16:27:24 - INFO     - {6: 8.993409782791465, 9: 8.884329938727154, 0: 8.981343414919825, 2: 9.012644198660702, 4: 8.889418121273216, 3: 8.942094495709135, 5: 8.975896664461732, 1: 8.998729926469073, 8: 8.865301913678623, 7: 8.852760472696469}
2024-05-21 16:27:24 - INFO     - 0.9333333333333333, 0.9185185185185185, 0.9259259259259259, 0.9185185185185185, 0.9111111111111111, 0.9296296296296296, 0.9111111111111111, 0.9222222222222223, 0.9481481481481482, 0.9333333333333333
2024-05-21 16:27:24 - WARNING  - Epoch: 300, Sum of Accs: 9.252, Sum of s_i: 89.3959289293874
2024-05-21 16:27:30 - INFO     - {6: 9.003410058583986, 9: 8.894450424252458, 0: 8.99247499268648, 2: 9.023462710393414, 4: 8.900708470696793, 3: 8.952236219811757, 5: 8.986649563072005, 1: 9.00911911227696, 8: 8.87605702023762, 7: 8.863061119260104}
2024-05-21 16:27:30 - INFO     - 0.937037037037037, 0.9185185185185185, 0.9259259259259259, 0.9185185185185185, 0.9074074074074074, 0.9296296296296296, 0.9111111111111111, 0.9296296296296296, 0.9481481481481482, 0.937037037037037
2024-05-21 16:27:30 - WARNING  - Epoch: 301, Sum of Accs: 9.263, Sum of s_i: 89.50162969127159
2024-05-21 16:27:35 - INFO     - {6: 9.014262611936944, 9: 8.905398576266151, 0: 9.003656476641957, 2: 9.034108415624118, 4: 8.910955493268133, 3: 8.963036894283933, 5: 8.996803333501145, 1: 9.019662743708569, 8: 8.886774874366944, 7: 8.87333459543342}
2024-05-21 16:27:35 - INFO     - 0.937037037037037, 0.9185185185185185, 0.9259259259259259, 0.9185185185185185, 0.9074074074074074, 0.9296296296296296, 0.9111111111111111, 0.9259259259259259, 0.9481481481481482, 0.9333333333333333
2024-05-21 16:27:35 - WARNING  - Epoch: 302, Sum of Accs: 9.256, Sum of s_i: 89.60799401503131
2024-05-21 16:27:41 - INFO     - {6: 9.025484018798386, 9: 8.916129876010343, 0: 9.013907630018771, 2: 9.04463351863875, 4: 8.921924101732454, 3: 8.973688518095459, 5: 9.00777268504368, 1: 9.03020310070811, 8: 8.89743536282363, 7: 8.883348966998165}
2024-05-21 16:27:41 - INFO     - 0.9407407407407408, 0.9185185185185185, 0.9259259259259259, 0.9185185185185185, 0.9111111111111111, 0.9259259259259259, 0.9111111111111111, 0.9296296296296296, 0.9481481481481482, 0.937037037037037
2024-05-21 16:27:41 - WARNING  - Epoch: 303, Sum of Accs: 9.267, Sum of s_i: 89.71452777886775
2024-05-21 16:27:46 - INFO     - {6: 9.036657263731971, 9: 8.92645842461577, 0: 9.025065634827454, 2: 9.055770594963565, 4: 8.93213105791586, 3: 8.984366746155905, 5: 9.017868124035923, 1: 9.041343145644163, 8: 8.908195867287953, 7: 8.893917943743128}
2024-05-21 16:27:46 - INFO     - 0.9296296296296296, 0.9185185185185185, 0.9259259259259259, 0.9185185185185185, 0.9074074074074074, 0.9296296296296296, 0.9111111111111111, 0.9259259259259259, 0.9444444444444444, 0.937037037037037
2024-05-21 16:27:46 - WARNING  - Epoch: 304, Sum of Accs: 9.248, Sum of s_i: 89.82177480292171
2024-05-21 16:27:51 - INFO     - {6: 9.04788372773411, 9: 8.937146913566519, 0: 9.035681531696053, 2: 9.066723822865962, 4: 8.942590361958725, 3: 8.99535054841984, 5: 9.02840487960585, 1: 9.052487412774473, 8: 8.917870559793336, 7: 8.903979122860447}
2024-05-21 16:27:51 - INFO     - 0.937037037037037, 0.9222222222222223, 0.9259259259259259, 0.9148148148148149, 0.9111111111111111, 0.9259259259259259, 0.9111111111111111, 0.9296296296296296, 0.9481481481481482, 0.937037037037037
2024-05-21 16:27:51 - WARNING  - Epoch: 305, Sum of Accs: 9.263, Sum of s_i: 89.92811888127531
2024-05-21 16:27:57 - INFO     - {6: 9.059004533854063, 9: 8.948311843394045, 0: 9.046858298411625, 2: 9.077536941723144, 4: 8.952993412665695, 3: 9.006489361163219, 5: 9.039030999926545, 1: 9.06292944440177, 8: 8.928040358744882, 7: 8.914136003254487}
2024-05-21 16:27:57 - INFO     - 0.9333333333333333, 0.9222222222222223, 0.9259259259259259, 0.9185185185185185, 0.9111111111111111, 0.9259259259259259, 0.9111111111111111, 0.9296296296296296, 0.9481481481481482, 0.937037037037037
2024-05-21 16:27:57 - WARNING  - Epoch: 306, Sum of Accs: 9.263, Sum of s_i: 90.03533119753946
2024-05-21 16:28:03 - INFO     - {6: 9.069966243006972, 9: 8.95860147092978, 0: 9.05761657523039, 2: 9.088143600956963, 4: 8.962977962295811, 3: 9.017320825457544, 5: 9.049275549416866, 1: 9.073562047772855, 8: 8.938557185227634, 7: 8.9244821352064}
2024-05-21 16:28:03 - INFO     - 0.937037037037037, 0.9222222222222223, 0.9259259259259259, 0.9185185185185185, 0.9037037037037037, 0.9259259259259259, 0.9111111111111111, 0.9296296296296296, 0.9481481481481482, 0.937037037037037
2024-05-21 16:28:03 - WARNING  - Epoch: 307, Sum of Accs: 9.259, Sum of s_i: 90.14050359550122
2024-05-21 16:28:08 - INFO     - {6: 9.080894202345476, 9: 8.969836314620895, 0: 9.068319717477866, 2: 9.099062364630798, 4: 8.973894410299653, 3: 9.02774676838094, 5: 9.059822230494872, 1: 9.085063966776927, 8: 8.949423032043624, 7: 8.934853551476444}
2024-05-21 16:28:08 - INFO     - 0.9296296296296296, 0.9222222222222223, 0.9259259259259259, 0.9148148148148149, 0.9074074074074074, 0.9259259259259259, 0.9111111111111111, 0.9259259259259259, 0.9481481481481482, 0.937037037037037
2024-05-21 16:28:08 - WARNING  - Epoch: 308, Sum of Accs: 9.248, Sum of s_i: 90.2489165585475
2024-05-21 16:28:14 - INFO     - {6: 9.091719959243072, 9: 8.980274371050657, 0: 9.078514650147666, 2: 9.110240362749995, 4: 8.984535010529676, 3: 9.038929357626873, 5: 9.0705053045791, 1: 9.096143293157521, 8: 8.959215278212053, 7: 8.945843496797576}
2024-05-21 16:28:14 - INFO     - 0.9407407407407408, 0.9296296296296296, 0.9259259259259259, 0.9185185185185185, 0.9074074074074074, 0.9259259259259259, 0.9111111111111111, 0.9296296296296296, 0.9481481481481482, 0.937037037037037
2024-05-21 16:28:14 - WARNING  - Epoch: 309, Sum of Accs: 9.274, Sum of s_i: 90.3559210840942
2024-05-21 16:28:19 - INFO     - {6: 9.102334788886854, 9: 8.991175647686855, 0: 9.088371253057453, 2: 9.120491357596226, 4: 8.99559605140516, 3: 9.048928005042447, 5: 9.08108219123311, 1: 9.106437676328765, 8: 8.970078834148943, 7: 8.956280150051931}
2024-05-21 16:28:19 - INFO     - 0.9333333333333333, 0.9222222222222223, 0.9259259259259259, 0.9222222222222223, 0.9074074074074074, 0.9259259259259259, 0.9111111111111111, 0.9259259259259259, 0.9481481481481482, 0.9333333333333333
2024-05-21 16:28:19 - WARNING  - Epoch: 310, Sum of Accs: 9.256, Sum of s_i: 90.46077595543773
2024-05-21 16:28:25 - INFO     - {6: 9.113286277529113, 9: 9.002049339074205, 0: 9.098856408066647, 2: 9.131524941958551, 4: 9.005811700001614, 3: 9.059154960241885, 5: 9.09195153833598, 1: 9.116482311074938, 8: 8.980060091952891, 7: 8.966452900144098}
2024-05-21 16:28:25 - INFO     - 0.9407407407407408, 0.9296296296296296, 0.9259259259259259, 0.9185185185185185, 0.9074074074074074, 0.9259259259259259, 0.9111111111111111, 0.9259259259259259, 0.9518518518518518, 0.9333333333333333
2024-05-21 16:28:25 - WARNING  - Epoch: 311, Sum of Accs: 9.270, Sum of s_i: 90.56563046837991
2024-05-21 16:28:30 - INFO     - {6: 9.123906668088663, 9: 9.012697234209408, 0: 9.109532493932207, 2: 9.142223899481184, 4: 9.01639224628902, 3: 9.069409068185903, 5: 9.102342110718462, 1: 9.126995372870686, 8: 8.990115944836106, 7: 8.976466294715351}
2024-05-21 16:28:30 - INFO     - 0.9407407407407408, 0.9222222222222223, 0.9259259259259259, 0.9222222222222223, 0.9074074074074074, 0.9259259259259259, 0.9111111111111111, 0.9259259259259259, 0.9518518518518518, 0.9333333333333333
2024-05-21 16:28:30 - WARNING  - Epoch: 312, Sum of Accs: 9.267, Sum of s_i: 90.67008133332699
2024-05-21 16:28:36 - INFO     - {6: 9.134553252775541, 9: 9.023197975905683, 0: 9.12004969600128, 2: 9.152760739396241, 4: 9.026649583825558, 3: 9.079815479007651, 5: 9.11244290372776, 1: 9.137353107867336, 8: 8.999831700858625, 7: 8.986875568058277}
2024-05-21 16:28:36 - INFO     - 0.9407407407407408, 0.9259259259259259, 0.9259259259259259, 0.9259259259259259, 0.9037037037037037, 0.9259259259259259, 0.9148148148148149, 0.9222222222222223, 0.9518518518518518, 0.9333333333333333
2024-05-21 16:28:36 - WARNING  - Epoch: 313, Sum of Accs: 9.270, Sum of s_i: 90.77353000742396
2024-05-21 16:28:41 - INFO     - {6: 9.145447892570838, 9: 9.033734313016431, 0: 9.13075891448625, 2: 9.163129172788707, 4: 9.036890969095323, 3: 9.089250309672446, 5: 9.122691550285179, 1: 9.147875596947125, 8: 9.009912869590792, 7: 8.996699757398167}
2024-05-21 16:28:41 - INFO     - 0.9407407407407408, 0.9296296296296296, 0.9259259259259259, 0.9259259259259259, 0.9037037037037037, 0.9259259259259259, 0.9111111111111111, 0.9259259259259259, 0.9518518518518518, 0.9333333333333333
2024-05-21 16:28:41 - WARNING  - Epoch: 314, Sum of Accs: 9.274, Sum of s_i: 90.87639134585126
2024-05-21 16:28:47 - INFO     - {6: 9.156261180302062, 9: 9.044089438122063, 0: 9.141362882851714, 2: 9.173716270643334, 4: 9.04657826173485, 3: 9.099753413632163, 5: 9.132721363540593, 1: 9.15872316966216, 8: 9.020004641820046, 7: 9.00646081309741}
2024-05-21 16:28:47 - INFO     - 0.9407407407407408, 0.9296296296296296, 0.9259259259259259, 0.9259259259259259, 0.9037037037037037, 0.9222222222222223, 0.9111111111111111, 0.9222222222222223, 0.9518518518518518, 0.9333333333333333
2024-05-21 16:28:47 - WARNING  - Epoch: 315, Sum of Accs: 9.267, Sum of s_i: 90.9796714354064
2024-05-21 16:28:52 - INFO     - {6: 9.166532152099071, 9: 9.05455159162934, 0: 9.152780938978685, 2: 9.183993123717382, 4: 9.055861154098384, 3: 9.110293729883598, 5: 9.14313134252647, 1: 9.168759237707528, 8: 9.029717360758955, 7: 9.016411651704535}
2024-05-21 16:28:52 - INFO     - 0.9407407407407408, 0.9333333333333333, 0.9259259259259259, 0.9259259259259259, 0.9037037037037037, 0.9222222222222223, 0.9111111111111111, 0.9259259259259259, 0.9518518518518518, 0.9296296296296296
2024-05-21 16:28:52 - WARNING  - Epoch: 316, Sum of Accs: 9.270, Sum of s_i: 91.08203228310394
2024-05-21 16:28:58 - INFO     - {6: 9.177131789973037, 9: 9.0642946488291, 0: 9.163388607164608, 2: 9.194583631181713, 4: 9.065978139818561, 3: 9.120233106745127, 5: 9.153721441663446, 1: 9.179044969844345, 8: 9.03896461851115, 7: 9.026013447310097}
2024-05-21 16:28:58 - INFO     - 0.9407407407407408, 0.9333333333333333, 0.9259259259259259, 0.9259259259259259, 0.9037037037037037, 0.9222222222222223, 0.9111111111111111, 0.9222222222222223, 0.9518518518518518, 0.9333333333333333
2024-05-21 16:28:58 - WARNING  - Epoch: 317, Sum of Accs: 9.270, Sum of s_i: 91.18335440104117
2024-05-21 16:29:04 - INFO     - {6: 9.187719952147294, 9: 9.073914446026453, 0: 9.173497002188967, 2: 9.205355426735075, 4: 9.076263238689032, 3: 9.130865810364538, 5: 9.164792133971563, 1: 9.190477766887193, 8: 9.04957651486471, 7: 9.035764399285759}
2024-05-21 16:29:04 - INFO     - 0.9407407407407408, 0.9333333333333333, 0.9259259259259259, 0.9259259259259259, 0.9037037037037037, 0.9222222222222223, 0.9111111111111111, 0.9259259259259259, 0.9518518518518518, 0.9333333333333333
2024-05-21 16:29:04 - WARNING  - Epoch: 318, Sum of Accs: 9.274, Sum of s_i: 91.28822669116059
2024-05-21 16:29:09 - INFO     - {6: 9.198024242780278, 9: 9.08402810536013, 0: 9.183432096191682, 2: 9.215969810098326, 4: 9.086634621092943, 3: 9.140807113991853, 5: 9.175610658895929, 1: 9.200784705801558, 8: 9.059150567495955, 7: 9.045605831956948}
2024-05-21 16:29:09 - INFO     - 0.9407407407407408, 0.9296296296296296, 0.9259259259259259, 0.9222222222222223, 0.9037037037037037, 0.9222222222222223, 0.9111111111111111, 0.9222222222222223, 0.9518518518518518, 0.9333333333333333
2024-05-21 16:29:09 - WARNING  - Epoch: 319, Sum of Accs: 9.263, Sum of s_i: 91.39004775366561
2024-05-21 16:29:15 - INFO     - {6: 9.208440560511022, 9: 9.094874604983003, 0: 9.193667938925545, 2: 9.227407058541143, 4: 9.09709925919877, 3: 9.151743737465685, 5: 9.185591760247357, 1: 9.210976813872112, 8: 9.069730258437847, 7: 9.055510078339946}
2024-05-21 16:29:15 - INFO     - 0.9407407407407408, 0.9296296296296296, 0.9259259259259259, 0.9259259259259259, 0.9037037037037037, 0.9259259259259259, 0.9111111111111111, 0.9259259259259259, 0.9518518518518518, 0.9333333333333333
2024-05-21 16:29:15 - WARNING  - Epoch: 320, Sum of Accs: 9.274, Sum of s_i: 91.49504207052243
2024-05-21 16:29:20 - INFO     - {6: 9.218622498292081, 9: 9.104813923318869, 0: 9.203398505067236, 2: 9.237207333208618, 4: 9.107478101602574, 3: 9.161355586183943, 5: 9.195395538484918, 1: 9.221380936349005, 8: 9.079562820010484, 7: 9.065658995187311}
2024-05-21 16:29:20 - INFO     - 0.937037037037037, 0.9296296296296296, 0.9259259259259259, 0.9222222222222223, 0.9, 0.9259259259259259, 0.9111111111111111, 0.9259259259259259, 0.9518518518518518, 0.9333333333333333
2024-05-21 16:29:20 - WARNING  - Epoch: 321, Sum of Accs: 9.263, Sum of s_i: 91.59487423770503
2024-05-21 16:29:26 - INFO     - {6: 9.229039957462403, 9: 9.115196832110092, 0: 9.212999813137206, 2: 9.247289594879394, 4: 9.118665747313528, 3: 9.171339519936213, 5: 9.205533459905046, 1: 9.231837346348222, 8: 9.089910009160842, 7: 9.07530550971389}
2024-05-21 16:29:26 - INFO     - 0.937037037037037, 0.9296296296296296, 0.9296296296296296, 0.9222222222222223, 0.9, 0.9259259259259259, 0.9111111111111111, 0.9259259259259259, 0.9518518518518518, 0.9333333333333333
2024-05-21 16:29:26 - WARNING  - Epoch: 322, Sum of Accs: 9.267, Sum of s_i: 91.69711778996682
2024-05-21 16:29:32 - INFO     - {6: 9.239382899618779, 9: 9.125513446279438, 0: 9.22296508304734, 2: 9.257392733276465, 4: 9.129316698649266, 3: 9.181235945988975, 5: 9.2153162999045, 1: 9.24199848644368, 8: 9.098870542332444, 7: 9.085951904849287}
2024-05-21 16:29:32 - INFO     - 0.937037037037037, 0.9296296296296296, 0.9259259259259259, 0.9222222222222223, 0.9, 0.9259259259259259, 0.9111111111111111, 0.9222222222222223, 0.9518518518518518, 0.9333333333333333
2024-05-21 16:29:32 - WARNING  - Epoch: 323, Sum of Accs: 9.259, Sum of s_i: 91.79794404039016
2024-05-21 16:29:37 - INFO     - {6: 9.249802969681548, 9: 9.135033747824574, 0: 9.233074256962679, 2: 9.26757538711595, 4: 9.139312293636397, 3: 9.19118750623577, 5: 9.22505173266073, 1: 9.252903833587714, 8: 9.108621546488125, 7: 9.096150927744334}
2024-05-21 16:29:37 - INFO     - 0.937037037037037, 0.9259259259259259, 0.9296296296296296, 0.9222222222222223, 0.9, 0.9259259259259259, 0.9111111111111111, 0.9259259259259259, 0.9518518518518518, 0.9333333333333333
2024-05-21 16:29:37 - WARNING  - Epoch: 324, Sum of Accs: 9.263, Sum of s_i: 91.8987142019378
2024-05-21 16:29:43 - INFO     - {6: 9.259986439328056, 9: 9.145355672407687, 0: 9.242960951148394, 2: 9.27776176197769, 4: 9.149143545455816, 3: 9.201381798730766, 5: 9.234934492326365, 1: 9.263118016955673, 8: 9.118489849202948, 7: 9.105986757211303}
2024-05-21 16:29:43 - INFO     - 0.937037037037037, 0.9296296296296296, 0.9259259259259259, 0.9222222222222223, 0.9, 0.9259259259259259, 0.9111111111111111, 0.9222222222222223, 0.9518518518518518, 0.9333333333333333
2024-05-21 16:29:43 - WARNING  - Epoch: 325, Sum of Accs: 9.259, Sum of s_i: 91.99911928474468
2024-05-21 16:29:48 - INFO     - {6: 9.270135404727865, 9: 9.154938362338257, 0: 9.253840650977315, 2: 9.28829990722481, 4: 9.16010603962227, 3: 9.211522906540639, 5: 9.244908294581126, 1: 9.273338187994172, 8: 9.128297234322128, 7: 9.11589530492173}
2024-05-21 16:29:48 - INFO     - 0.937037037037037, 0.9222222222222223, 0.9259259259259259, 0.9259259259259259, 0.9037037037037037, 0.9259259259259259, 0.9111111111111111, 0.9222222222222223, 0.9518518518518518, 0.9333333333333333
2024-05-21 16:29:48 - WARNING  - Epoch: 326, Sum of Accs: 9.259, Sum of s_i: 92.10128229325032
2024-05-21 16:29:54 - INFO     - {6: 9.279354288376856, 9: 9.1647016671197, 0: 9.26419448320426, 2: 9.298578911500902, 4: 9.169860443453427, 3: 9.221142448409548, 5: 9.25573212474558, 1: 9.283697464056443, 8: 9.138075640874366, 7: 9.125155528231456}
2024-05-21 16:29:54 - INFO     - 0.937037037037037, 0.9259259259259259, 0.9259259259259259, 0.9222222222222223, 0.9, 0.9259259259259259, 0.9111111111111111, 0.9222222222222223, 0.9518518518518518, 0.9333333333333333
2024-05-21 16:29:54 - WARNING  - Epoch: 327, Sum of Accs: 9.256, Sum of s_i: 92.20049299997254
2024-05-21 16:29:59 - INFO     - {6: 9.289929641337572, 9: 9.173809743348865, 0: 9.274018918905718, 2: 9.309372550821976, 4: 9.18015609799783, 3: 9.231169683037738, 5: 9.265927871331298, 1: 9.294559018988515, 8: 9.147267086487155, 7: 9.134572401767574}
2024-05-21 16:29:59 - INFO     - 0.937037037037037, 0.9222222222222223, 0.9259259259259259, 0.9222222222222223, 0.9037037037037037, 0.9296296296296296, 0.9111111111111111, 0.9222222222222223, 0.9518518518518518, 0.9333333333333333
2024-05-21 16:29:59 - WARNING  - Epoch: 328, Sum of Accs: 9.259, Sum of s_i: 92.30078301402423
2024-05-21 16:30:05 - INFO     - {6: 9.300889493928443, 9: 9.18398269505673, 0: 9.284516432427973, 2: 9.319280230658597, 4: 9.190176816291668, 3: 9.241231812206038, 5: 9.275597457453518, 1: 9.304833751292607, 8: 9.156582629961836, 7: 9.143819895968475}
2024-05-21 16:30:05 - INFO     - 0.937037037037037, 0.9259259259259259, 0.9259259259259259, 0.9259259259259259, 0.9, 0.9296296296296296, 0.9111111111111111, 0.9222222222222223, 0.9518518518518518, 0.9333333333333333
2024-05-21 16:30:05 - WARNING  - Epoch: 329, Sum of Accs: 9.263, Sum of s_i: 92.40091121524588
2024-05-21 16:30:11 - INFO     - {6: 9.311957567364114, 9: 9.19427652951454, 0: 9.294440210913876, 2: 9.330283204251932, 4: 9.19975656034398, 3: 9.2517371324952, 5: 9.284972882401998, 1: 9.314433682087863, 8: 9.165415845903546, 7: 9.154127183647304}
2024-05-21 16:30:11 - INFO     - 0.937037037037037, 0.9222222222222223, 0.9259259259259259, 0.9296296296296296, 0.9037037037037037, 0.9296296296296296, 0.9111111111111111, 0.9222222222222223, 0.9518518518518518, 0.9333333333333333
2024-05-21 16:30:11 - WARNING  - Epoch: 330, Sum of Accs: 9.267, Sum of s_i: 92.50140079892437
2024-05-21 16:30:16 - INFO     - {6: 9.321725302763548, 9: 9.204842568190003, 0: 9.305023197740715, 2: 9.33995630106205, 4: 9.209319966432542, 3: 9.261307459539948, 5: 9.29481119528154, 1: 9.324699579281745, 8: 9.175747323170311, 7: 9.163257344380174}
2024-05-21 16:30:16 - INFO     - 0.937037037037037, 0.9259259259259259, 0.9259259259259259, 0.9222222222222223, 0.9, 0.9296296296296296, 0.9111111111111111, 0.9222222222222223, 0.9518518518518518, 0.9333333333333333
2024-05-21 16:30:16 - WARNING  - Epoch: 331, Sum of Accs: 9.259, Sum of s_i: 92.60069023784257
2024-05-21 16:30:22 - INFO     - {6: 9.331660662069261, 9: 9.214234418542473, 0: 9.316046131750186, 2: 9.34972330606324, 4: 9.219358207710112, 3: 9.270851636942595, 5: 9.305112774699257, 1: 9.334833886999432, 8: 9.185347645938895, 7: 9.172574991484963}
2024-05-21 16:30:22 - INFO     - 0.937037037037037, 0.9222222222222223, 0.9259259259259259, 0.9296296296296296, 0.9037037037037037, 0.9296296296296296, 0.9111111111111111, 0.9222222222222223, 0.9518518518518518, 0.9333333333333333
2024-05-21 16:30:22 - WARNING  - Epoch: 332, Sum of Accs: 9.267, Sum of s_i: 92.6997436622004
2024-05-21 16:30:28 - INFO     - {6: 9.341452298519666, 9: 9.223905209464299, 0: 9.326015287551716, 2: 9.360610104571888, 4: 9.229120538898188, 3: 9.280840746223847, 5: 9.31518153117677, 1: 9.344939532750793, 8: 9.194152204949319, 7: 9.182706651763105}
2024-05-21 16:30:28 - INFO     - 0.937037037037037, 0.9259259259259259, 0.9259259259259259, 0.9222222222222223, 0.9, 0.9296296296296296, 0.9111111111111111, 0.9222222222222223, 0.9518518518518518, 0.9333333333333333
2024-05-21 16:30:28 - WARNING  - Epoch: 333, Sum of Accs: 9.259, Sum of s_i: 92.79892410586959
2024-05-21 16:30:33 - INFO     - {6: 9.352367936779254, 9: 9.2338233360554, 0: 9.336597859348034, 2: 9.371020653051191, 4: 9.239195672253281, 3: 9.29071425999119, 5: 9.324728152688282, 1: 9.355074039744066, 8: 9.203596967082882, 7: 9.19297811303439}
2024-05-21 16:30:33 - INFO     - 0.937037037037037, 0.9222222222222223, 0.9259259259259259, 0.9333333333333333, 0.9037037037037037, 0.9296296296296296, 0.9111111111111111, 0.9222222222222223, 0.9518518518518518, 0.9333333333333333
2024-05-21 16:30:33 - WARNING  - Epoch: 334, Sum of Accs: 9.270, Sum of s_i: 92.90009699002798
2024-05-21 16:30:39 - INFO     - {6: 9.362284556203953, 9: 9.24368369248494, 0: 9.346229477952479, 2: 9.381056758550702, 4: 9.2492890385948, 3: 9.300485429287589, 5: 9.33524376423832, 1: 9.364815692401612, 8: 9.21387899333521, 7: 9.202244711545324}
2024-05-21 16:30:39 - INFO     - 0.937037037037037, 0.9259259259259259, 0.9259259259259259, 0.9222222222222223, 0.9, 0.9296296296296296, 0.9111111111111111, 0.9222222222222223, 0.9481481481481482, 0.9333333333333333
2024-05-21 16:30:39 - WARNING  - Epoch: 335, Sum of Accs: 9.256, Sum of s_i: 92.99921211459491
2024-05-21 16:30:44 - INFO     - {6: 9.372032566686865, 9: 9.25265036358171, 0: 9.356143847170072, 2: 9.391418652384584, 4: 9.259363999366085, 3: 9.30970804631738, 5: 9.344713583242319, 1: 9.37511305291708, 8: 9.223645340698969, 7: 9.212000226120491}
2024-05-21 16:30:44 - INFO     - 0.937037037037037, 0.9222222222222223, 0.9259259259259259, 0.9333333333333333, 0.9037037037037037, 0.9296296296296296, 0.9111111111111111, 0.9222222222222223, 0.9518518518518518, 0.9333333333333333
2024-05-21 16:30:44 - WARNING  - Epoch: 336, Sum of Accs: 9.270, Sum of s_i: 93.09678967848558
2024-05-21 16:30:50 - INFO     - {6: 9.382149966538016, 9: 9.262582206747428, 0: 9.36560785564852, 2: 9.401864393848403, 4: 9.268872853310828, 3: 9.320066718489443, 5: 9.354798254233078, 1: 9.385942823691481, 8: 9.233085474768338, 7: 9.222138870600405}
2024-05-21 16:30:50 - INFO     - 0.937037037037037, 0.9259259259259259, 0.9259259259259259, 0.9222222222222223, 0.9, 0.9296296296296296, 0.9111111111111111, 0.9222222222222223, 0.9481481481481482, 0.9333333333333333
2024-05-21 16:30:50 - WARNING  - Epoch: 337, Sum of Accs: 9.256, Sum of s_i: 93.19710941787592
2024-05-21 16:30:56 - INFO     - {6: 9.392331681511152, 9: 9.272739323008642, 0: 9.37539272869879, 2: 9.411334229561966, 4: 9.278824786548054, 3: 9.329939871596775, 5: 9.364999260995027, 1: 9.396089418417386, 8: 9.242696252666793, 7: 9.2317485979484}
2024-05-21 16:30:56 - INFO     - 0.937037037037037, 0.9222222222222223, 0.9259259259259259, 0.937037037037037, 0.9037037037037037, 0.9296296296296296, 0.9111111111111111, 0.9222222222222223, 0.9518518518518518, 0.9333333333333333
2024-05-21 16:30:56 - WARNING  - Epoch: 338, Sum of Accs: 9.274, Sum of s_i: 93.29609615095298
2024-05-21 16:31:01 - INFO     - {6: 9.40216866090642, 9: 9.281981938553239, 0: 9.384879716910794, 2: 9.421288931876997, 4: 9.288506507679248, 3: 9.339334255447598, 5: 9.37590606928602, 1: 9.405727830912848, 8: 9.252215421583877, 7: 9.240704591504592}
2024-05-21 16:31:01 - INFO     - 0.937037037037037, 0.9259259259259259, 0.9259259259259259, 0.9222222222222223, 0.9, 0.9296296296296296, 0.9111111111111111, 0.9185185185185185, 0.9481481481481482, 0.9333333333333333
2024-05-21 16:31:01 - WARNING  - Epoch: 339, Sum of Accs: 9.252, Sum of s_i: 93.39271392466162
2024-05-21 16:31:07 - INFO     - {6: 9.411322990390612, 9: 9.29221821467566, 0: 9.39463966493678, 2: 9.431290131655668, 4: 9.298006657725772, 3: 9.349088510565013, 5: 9.385797468214639, 1: 9.415545108468608, 8: 9.262128782529041, 7: 9.250018586712091}
2024-05-21 16:31:07 - INFO     - 0.937037037037037, 0.9222222222222223, 0.9259259259259259, 0.937037037037037, 0.9037037037037037, 0.9296296296296296, 0.9111111111111111, 0.9222222222222223, 0.9481481481481482, 0.9333333333333333
2024-05-21 16:31:07 - WARNING  - Epoch: 340, Sum of Accs: 9.270, Sum of s_i: 93.49005611587388
2024-05-21 16:31:12 - INFO     - {6: 9.421330427584596, 9: 9.303059043598491, 0: 9.4042485645733, 2: 9.441514781970655, 4: 9.307874022233872, 3: 9.359118156295239, 5: 9.396010583628986, 1: 9.425772944540434, 8: 9.271260145496106, 7: 9.259362682620916}
2024-05-21 16:31:12 - INFO     - 0.937037037037037, 0.9259259259259259, 0.9259259259259259, 0.9259259259259259, 0.9, 0.9296296296296296, 0.9111111111111111, 0.9222222222222223, 0.9481481481481482, 0.9333333333333333
2024-05-21 16:31:12 - WARNING  - Epoch: 341, Sum of Accs: 9.259, Sum of s_i: 93.58955135254259
2024-05-21 16:31:18 - INFO     - {6: 9.431004326178755, 9: 9.312371960674936, 0: 9.414180483250723, 2: 9.451072960603907, 4: 9.317023905712716, 3: 9.368285164546021, 5: 9.405514369189962, 1: 9.43599890421642, 8: 9.28100184644475, 7: 9.268906002954289}
2024-05-21 16:31:18 - INFO     - 0.937037037037037, 0.9222222222222223, 0.9259259259259259, 0.9333333333333333, 0.9037037037037037, 0.9296296296296296, 0.9111111111111111, 0.9222222222222223, 0.9481481481481482, 0.9333333333333333
2024-05-21 16:31:18 - WARNING  - Epoch: 342, Sum of Accs: 9.267, Sum of s_i: 93.6853599237725
2024-05-21 16:31:23 - INFO     - {6: 9.440666032026565, 9: 9.321826872809, 0: 9.424266819433443, 2: 9.461213995607846, 4: 9.326564071852793, 3: 9.378831074873743, 5: 9.41577735308581, 1: 9.445888954372863, 8: 9.290880949454225, 7: 9.278283431433454}
2024-05-21 16:31:23 - INFO     - 0.937037037037037, 0.9259259259259259, 0.9259259259259259, 0.9259259259259259, 0.9, 0.9296296296296296, 0.9111111111111111, 0.9222222222222223, 0.9481481481481482, 0.9333333333333333
2024-05-21 16:31:23 - WARNING  - Epoch: 343, Sum of Accs: 9.259, Sum of s_i: 93.78419955494974
2024-05-21 16:31:29 - INFO     - {6: 9.45097396882598, 9: 9.331242651838329, 0: 9.434258853114805, 2: 9.47110574451142, 4: 9.336151798049006, 3: 9.388528722375009, 5: 9.425104347102126, 1: 9.45538861724059, 8: 9.3008856158805, 7: 9.287865015461103}
2024-05-21 16:31:29 - INFO     - 0.937037037037037, 0.9222222222222223, 0.9259259259259259, 0.9333333333333333, 0.9037037037037037, 0.9296296296296296, 0.9111111111111111, 0.9222222222222223, 0.9481481481481482, 0.9333333333333333
2024-05-21 16:31:29 - WARNING  - Epoch: 344, Sum of Accs: 9.267, Sum of s_i: 93.88150533439887
2024-05-21 16:31:35 - INFO     - {6: 9.460976289202305, 9: 9.340971253070808, 0: 9.444087298987036, 2: 9.48035524247644, 4: 9.345637041234239, 3: 9.398550439886918, 5: 9.434371572167924, 1: 9.465217224738431, 8: 9.309702829437912, 7: 9.297094381400795}
2024-05-21 16:31:35 - INFO     - 0.937037037037037, 0.9296296296296296, 0.9259259259259259, 0.9259259259259259, 0.9, 0.9296296296296296, 0.9111111111111111, 0.9222222222222223, 0.9481481481481482, 0.9333333333333333
2024-05-21 16:31:35 - WARNING  - Epoch: 345, Sum of Accs: 9.263, Sum of s_i: 93.9769635726028
2024-05-21 16:31:40 - INFO     - {6: 9.470649395144365, 9: 9.350797618433576, 0: 9.454264646926935, 2: 9.48992569985173, 4: 9.355340636451386, 3: 9.40810942555268, 5: 9.444106741833322, 1: 9.474514287651703, 8: 9.319296004426002, 7: 9.30645454105795}
2024-05-21 16:31:40 - INFO     - 0.937037037037037, 0.9222222222222223, 0.9259259259259259, 0.9333333333333333, 0.9037037037037037, 0.9296296296296296, 0.9111111111111111, 0.9222222222222223, 0.9481481481481482, 0.9333333333333333
2024-05-21 16:31:40 - WARNING  - Epoch: 346, Sum of Accs: 9.267, Sum of s_i: 94.07345899732965
2024-05-21 16:31:46 - INFO     - {6: 9.480911242570281, 9: 9.360256882450225, 0: 9.463667666743463, 2: 9.499272789655116, 4: 9.365025409753514, 3: 9.41791526673347, 5: 9.453471295314055, 1: 9.483791342590493, 8: 9.329246591944697, 7: 9.315693937397521}
2024-05-21 16:31:46 - INFO     - 0.937037037037037, 0.9259259259259259, 0.9259259259259259, 0.9259259259259259, 0.9, 0.9296296296296296, 0.9111111111111111, 0.9222222222222223, 0.9481481481481482, 0.9333333333333333
2024-05-21 16:31:46 - WARNING  - Epoch: 347, Sum of Accs: 9.259, Sum of s_i: 94.16925242515285
2024-05-21 16:31:51 - INFO     - {6: 9.490708494810704, 9: 9.370057512584385, 0: 9.47290584015165, 2: 9.508785903686869, 4: 9.374100991567394, 3: 9.426942820637462, 5: 9.463199668395026, 1: 9.494154269054793, 8: 9.33859767762552, 7: 9.325191214709239}
2024-05-21 16:31:51 - INFO     - 0.937037037037037, 0.9222222222222223, 0.9259259259259259, 0.9333333333333333, 0.9037037037037037, 0.9296296296296296, 0.9148148148148149, 0.9222222222222223, 0.9481481481481482, 0.9333333333333333
2024-05-21 16:31:51 - WARNING  - Epoch: 348, Sum of Accs: 9.270, Sum of s_i: 94.26464439322304
2024-05-21 16:31:57 - INFO     - {6: 9.500426316066918, 9: 9.379755831533144, 0: 9.482171491883836, 2: 9.519254297898392, 4: 9.383242411840813, 3: 9.43606863626955, 5: 9.472942383103927, 1: 9.503764338439984, 8: 9.348304928029528, 7: 9.334590084517908}
2024-05-21 16:31:57 - INFO     - 0.937037037037037, 0.9222222222222223, 0.9259259259259259, 0.9259259259259259, 0.9, 0.9296296296296296, 0.9111111111111111, 0.9222222222222223, 0.9481481481481482, 0.9333333333333333
2024-05-21 16:31:57 - WARNING  - Epoch: 349, Sum of Accs: 9.256, Sum of s_i: 94.360520719584
2024-05-21 16:32:03 - INFO     - {6: 9.509450395679274, 9: 9.388778642189683, 0: 9.491899802081802, 2: 9.529363340965483, 4: 9.39140239886911, 3: 9.446371897202557, 5: 9.483072643821064, 1: 9.51436406190225, 8: 9.357193300683917, 7: 9.344036306248048}
2024-05-21 16:32:03 - INFO     - 0.937037037037037, 0.9222222222222223, 0.9259259259259259, 0.9333333333333333, 0.9037037037037037, 0.9296296296296296, 0.9185185185185185, 0.9222222222222223, 0.9481481481481482, 0.9333333333333333
2024-05-21 16:32:03 - WARNING  - Epoch: 350, Sum of Accs: 9.274, Sum of s_i: 94.45593278964317
2024-05-21 16:32:08 - INFO     - {6: 9.519022747583328, 9: 9.398484600483194, 0: 9.501569511525128, 2: 9.539467232779444, 4: 9.400096363166085, 3: 9.45646622985771, 5: 9.49251218184039, 1: 9.523844843282228, 8: 9.367270463196434, 7: 9.353532010684397}
2024-05-21 16:32:08 - INFO     - 0.937037037037037, 0.9222222222222223, 0.9259259259259259, 0.9296296296296296, 0.9, 0.9296296296296296, 0.9148148148148149, 0.9222222222222223, 0.9481481481481482, 0.9333333333333333
2024-05-21 16:32:08 - WARNING  - Epoch: 351, Sum of Accs: 9.263, Sum of s_i: 94.55226618439835
2024-05-21 16:32:14 - INFO     - {6: 9.528636608581925, 9: 9.407264661602309, 0: 9.511931600565887, 2: 9.548439629744715, 4: 9.408817289223737, 3: 9.466177273914962, 5: 9.501667587057113, 1: 9.5328320280033, 8: 9.376036389901163, 7: 9.362731953766945}
2024-05-21 16:32:14 - INFO     - 0.937037037037037, 0.9222222222222223, 0.9259259259259259, 0.9333333333333333, 0.9, 0.9296296296296296, 0.9185185185185185, 0.9222222222222223, 0.9481481481481482, 0.9333333333333333
2024-05-21 16:32:14 - WARNING  - Epoch: 352, Sum of Accs: 9.270, Sum of s_i: 94.64453502236205
2024-05-21 16:32:20 - INFO     - {6: 9.538374830433206, 9: 9.416840730150428, 0: 9.521592207960886, 2: 9.55813631822752, 4: 9.418197835040747, 3: 9.47553775287188, 5: 9.511047016567055, 1: 9.542339306958276, 8: 9.385778602171758, 7: 9.371771762933433}
2024-05-21 16:32:20 - INFO     - 0.937037037037037, 0.9222222222222223, 0.9259259259259259, 0.9296296296296296, 0.9, 0.9296296296296296, 0.9185185185185185, 0.9222222222222223, 0.9481481481481482, 0.9333333333333333
2024-05-21 16:32:20 - WARNING  - Epoch: 353, Sum of Accs: 9.267, Sum of s_i: 94.73961636331519
2024-05-21 16:32:25 - INFO     - {6: 9.548123672899864, 9: 9.425757932542211, 0: 9.531018953113279, 2: 9.567723619639104, 4: 9.427942502829705, 3: 9.484992307061209, 5: 9.521162217745099, 1: 9.551878026584012, 8: 9.394776382325501, 7: 9.380128233494878}
2024-05-21 16:32:25 - INFO     - 0.937037037037037, 0.9222222222222223, 0.9259259259259259, 0.9333333333333333, 0.9, 0.9296296296296296, 0.9185185185185185, 0.9222222222222223, 0.9481481481481482, 0.9333333333333333
2024-05-21 16:32:25 - WARNING  - Epoch: 354, Sum of Accs: 9.270, Sum of s_i: 94.83350384823486
2024-05-21 16:32:31 - INFO     - {6: 9.557910073695387, 9: 9.434955105975524, 0: 9.54149016523758, 2: 9.578128242042283, 4: 9.437650361265405, 3: 9.49412693134631, 5: 9.530885059419752, 1: 9.561800578806714, 8: 9.403913570995345, 7: 9.389489611265768}
2024-05-21 16:32:31 - INFO     - 0.937037037037037, 0.9222222222222223, 0.9259259259259259, 0.9296296296296296, 0.9, 0.9296296296296296, 0.9185185185185185, 0.9222222222222223, 0.9481481481481482, 0.9333333333333333
2024-05-21 16:32:31 - WARNING  - Epoch: 355, Sum of Accs: 9.267, Sum of s_i: 94.93034970005007
2024-05-21 16:32:36 - INFO     - {6: 9.568006533790415, 9: 9.44461638472818, 0: 9.551713923289872, 2: 9.587746117974662, 4: 9.447017531686427, 3: 9.503247540230161, 5: 9.541256711927275, 1: 9.571592279065586, 8: 9.413349545897036, 7: 9.398863711809534}
2024-05-21 16:32:36 - INFO     - 0.937037037037037, 0.9222222222222223, 0.9259259259259259, 0.9333333333333333, 0.9, 0.9296296296296296, 0.9185185185185185, 0.9222222222222223, 0.9481481481481482, 0.9333333333333333
2024-05-21 16:32:36 - WARNING  - Epoch: 356, Sum of Accs: 9.270, Sum of s_i: 95.02741028039915
2024-05-21 16:32:42 - INFO     - {6: 9.577439747190002, 9: 9.454025715466926, 0: 9.561464738261106, 2: 9.597233968749121, 4: 9.456290805907203, 3: 9.5127818538306, 5: 9.551235370372, 1: 9.58133689160964, 8: 9.422189963754956, 7: 9.408072486441034}
2024-05-21 16:32:42 - INFO     - 0.937037037037037, 0.9222222222222223, 0.9259259259259259, 0.937037037037037, 0.9, 0.9296296296296296, 0.9185185185185185, 0.9222222222222223, 0.9481481481481482, 0.9333333333333333
2024-05-21 16:32:42 - WARNING  - Epoch: 357, Sum of Accs: 9.274, Sum of s_i: 95.12207154158259
2024-05-21 16:32:47 - INFO     - {6: 9.586523738534597, 9: 9.463780013610092, 0: 9.570424448601276, 2: 9.606491567805453, 4: 9.465652020254218, 3: 9.522577547718244, 5: 9.56076010837733, 1: 9.590762520782103, 8: 9.431665973917282, 7: 9.417010489808504}
2024-05-21 16:32:47 - INFO     - 0.937037037037037, 0.9222222222222223, 0.9259259259259259, 0.9333333333333333, 0.9, 0.9296296296296296, 0.9185185185185185, 0.9222222222222223, 0.9481481481481482, 0.9333333333333333
2024-05-21 16:32:47 - WARNING  - Epoch: 358, Sum of Accs: 9.270, Sum of s_i: 95.2156484294091
2024-05-21 16:32:53 - INFO     - {6: 9.596423000598925, 9: 9.473039015616848, 0: 9.579783094502808, 2: 9.616246394757924, 4: 9.47472874351093, 3: 9.532308075287556, 5: 9.570261277512694, 1: 9.601554525265568, 8: 9.440917924035737, 7: 9.426283550974796}
2024-05-21 16:32:53 - INFO     - 0.937037037037037, 0.9222222222222223, 0.9259259259259259, 0.937037037037037, 0.9, 0.9296296296296296, 0.9222222222222223, 0.9222222222222223, 0.9481481481481482, 0.9333333333333333
2024-05-21 16:32:53 - WARNING  - Epoch: 359, Sum of Accs: 9.278, Sum of s_i: 95.3115456020638
2024-05-21 16:32:58 - INFO     - {6: 9.605567861739265, 9: 9.48181932561435, 0: 9.589173576526727, 2: 9.625927132822046, 4: 9.483965121716137, 3: 9.540940816634032, 5: 9.58035276647892, 1: 9.611597638384831, 8: 9.450154632245557, 7: 9.434714385524737}
2024-05-21 16:32:58 - INFO     - 0.937037037037037, 0.9222222222222223, 0.9259259259259259, 0.9333333333333333, 0.9, 0.9296296296296296, 0.9222222222222223, 0.9222222222222223, 0.9481481481481482, 0.9333333333333333
2024-05-21 16:32:58 - WARNING  - Epoch: 360, Sum of Accs: 9.274, Sum of s_i: 95.40421325768662
2024-05-21 16:33:04 - INFO     - {6: 9.615573446042832, 9: 9.491160150481521, 0: 9.598493040290705, 2: 9.63491952153205, 4: 9.493011629257861, 3: 9.550774855425685, 5: 9.590164773111963, 1: 9.620424642933976, 8: 9.458756664171833, 7: 9.4440878985184}
2024-05-21 16:33:04 - INFO     - 0.937037037037037, 0.9222222222222223, 0.9259259259259259, 0.937037037037037, 0.9, 0.9296296296296296, 0.9222222222222223, 0.9222222222222223, 0.9481481481481482, 0.9333333333333333
2024-05-21 16:33:04 - WARNING  - Epoch: 361, Sum of Accs: 9.278, Sum of s_i: 95.49736662176684
2024-05-21 16:33:10 - INFO     - {6: 9.62485716178321, 9: 9.501107045203478, 0: 9.608152372785208, 2: 9.643405971168011, 4: 9.502063859388615, 3: 9.559641823394433, 5: 9.599897735515247, 1: 9.629815042758322, 8: 9.467714819571231, 7: 9.452659386677366}
2024-05-21 16:33:10 - INFO     - 0.937037037037037, 0.9222222222222223, 0.9259259259259259, 0.9333333333333333, 0.9, 0.9296296296296296, 0.9222222222222223, 0.9222222222222223, 0.9481481481481482, 0.9333333333333333
2024-05-21 16:33:10 - WARNING  - Epoch: 362, Sum of Accs: 9.274, Sum of s_i: 95.5893152182451
2024-05-21 16:33:15 - INFO     - {6: 9.634067247420273, 9: 9.510149596402554, 0: 9.617990091993475, 2: 9.65309982064529, 4: 9.510620480278945, 3: 9.569764869347335, 5: 9.609549357341734, 1: 9.63986357654757, 8: 9.476810841922001, 7: 9.462028495847505}
2024-05-21 16:33:15 - INFO     - 0.937037037037037, 0.9222222222222223, 0.9259259259259259, 0.937037037037037, 0.9, 0.9296296296296296, 0.9222222222222223, 0.9222222222222223, 0.9481481481481482, 0.9333333333333333
2024-05-21 16:33:15 - WARNING  - Epoch: 363, Sum of Accs: 9.278, Sum of s_i: 95.68394437774668
2024-05-21 16:33:21 - INFO     - {6: 9.643910920153814, 9: 9.519862426233164, 0: 9.62724627190106, 2: 9.663083183320307, 4: 9.519357409208933, 3: 9.579947668887492, 5: 9.618274478760918, 1: 9.649385051996203, 8: 9.485822852617808, 7: 9.471283959319853}
2024-05-21 16:33:21 - INFO     - 0.937037037037037, 0.9222222222222223, 0.9259259259259259, 0.9333333333333333, 0.9, 0.9296296296296296, 0.9222222222222223, 0.9222222222222223, 0.9481481481481482, 0.9333333333333333
2024-05-21 16:33:21 - WARNING  - Epoch: 364, Sum of Accs: 9.274, Sum of s_i: 95.77817422239956
2024-05-21 16:33:26 - INFO     - {6: 9.653480942008924, 9: 9.529520204428117, 0: 9.636253580234179, 2: 9.672204029462238, 4: 9.528414251577832, 3: 9.589014534397512, 5: 9.62763149992421, 1: 9.658947798513065, 8: 9.494056060418904, 7: 9.480543663507854}
2024-05-21 16:33:26 - INFO     - 0.937037037037037, 0.9222222222222223, 0.9259259259259259, 0.937037037037037, 0.8962962962962963, 0.9296296296296296, 0.9222222222222223, 0.9222222222222223, 0.9481481481481482, 0.9333333333333333
2024-05-21 16:33:26 - WARNING  - Epoch: 365, Sum of Accs: 9.274, Sum of s_i: 95.87006656447285
2024-05-21 16:33:32 - INFO     - {6: 9.662485020171673, 9: 9.538797485771285, 0: 9.646071422156869, 2: 9.681901474579204, 4: 9.537380255375055, 3: 9.598278965940406, 5: 9.636581541898362, 1: 9.669124335374919, 8: 9.503261432339851, 7: 9.490382561018158}
2024-05-21 16:33:32 - INFO     - 0.937037037037037, 0.9222222222222223, 0.9259259259259259, 0.9333333333333333, 0.9, 0.9296296296296296, 0.9222222222222223, 0.9222222222222223, 0.9481481481481482, 0.937037037037037
2024-05-21 16:33:32 - WARNING  - Epoch: 366, Sum of Accs: 9.278, Sum of s_i: 95.96426449462578
2024-05-21 16:33:37 - INFO     - {6: 9.672508822212125, 9: 9.547517836905568, 0: 9.655327288531508, 2: 9.691057752436434, 4: 9.54655479606489, 3: 9.607711799299608, 5: 9.646269435987524, 1: 9.678064856376315, 8: 9.512765597398408, 7: 9.499867463884934}
2024-05-21 16:33:37 - INFO     - 0.937037037037037, 0.9222222222222223, 0.9259259259259259, 0.937037037037037, 0.8962962962962963, 0.9296296296296296, 0.9222222222222223, 0.9222222222222223, 0.9481481481481482, 0.937037037037037
2024-05-21 16:33:37 - WARNING  - Epoch: 367, Sum of Accs: 9.278, Sum of s_i: 96.05764564909732
2024-05-21 16:33:43 - INFO     - {6: 9.681573153766017, 9: 9.556865977596065, 0: 9.664983664636873, 2: 9.700566134731817, 4: 9.555854520418185, 3: 9.617552130056708, 5: 9.655661663830086, 1: 9.687147179128313, 8: 9.521834613029094, 7: 9.508467001932386}
2024-05-21 16:33:43 - INFO     - 0.937037037037037, 0.9222222222222223, 0.9259259259259259, 0.9333333333333333, 0.9, 0.9296296296296296, 0.9222222222222223, 0.9222222222222223, 0.9481481481481482, 0.937037037037037
2024-05-21 16:33:43 - WARNING  - Epoch: 368, Sum of Accs: 9.278, Sum of s_i: 96.15050603912556
2024-05-21 16:33:48 - INFO     - {6: 9.6910205684836, 9: 9.565718587667027, 0: 9.674365765488288, 2: 9.709476989010549, 4: 9.564522593440064, 3: 9.626413625790333, 5: 9.665117295644453, 1: 9.696552730033147, 8: 9.531140506890429, 7: 9.517965239255515}
2024-05-21 16:33:48 - INFO     - 0.937037037037037, 0.9222222222222223, 0.9259259259259259, 0.9333333333333333, 0.8962962962962963, 0.9296296296296296, 0.9222222222222223, 0.9222222222222223, 0.9481481481481482, 0.937037037037037
2024-05-21 16:33:48 - WARNING  - Epoch: 369, Sum of Accs: 9.274, Sum of s_i: 96.24229390170339
2024-05-21 16:33:54 - INFO     - {6: 9.700698316682887, 9: 9.574983304192825, 0: 9.683806653053804, 2: 9.718886169374526, 4: 9.573614618632176, 3: 9.635322444413903, 5: 9.674320444730634, 1: 9.706176240143394, 8: 9.540010209283135, 7: 9.526833802029085}
2024-05-21 16:33:54 - INFO     - 0.937037037037037, 0.9222222222222223, 0.9259259259259259, 0.9333333333333333, 0.9, 0.9296296296296296, 0.9222222222222223, 0.9222222222222223, 0.9481481481481482, 0.937037037037037
2024-05-21 16:33:54 - WARNING  - Epoch: 370, Sum of Accs: 9.278, Sum of s_i: 96.33465220253638
2024-05-21 16:33:59 - INFO     - {6: 9.709984885995329, 9: 9.583998954587276, 0: 9.69269584116471, 2: 9.72782013057232, 4: 9.582339467998247, 3: 9.64484923303204, 5: 9.684135815871363, 1: 9.714967224013765, 8: 9.549026066735765, 7: 9.535517117053358}
2024-05-21 16:33:59 - INFO     - 0.937037037037037, 0.9222222222222223, 0.9259259259259259, 0.9333333333333333, 0.8962962962962963, 0.9296296296296296, 0.9222222222222223, 0.9222222222222223, 0.9481481481481482, 0.937037037037037
2024-05-21 16:33:59 - WARNING  - Epoch: 371, Sum of Accs: 9.274, Sum of s_i: 96.42533473702417
2024-05-21 16:34:05 - INFO     - {6: 9.719890441773934, 9: 9.592071496510984, 0: 9.702689885785821, 2: 9.737227148927259, 4: 9.591507733011806, 3: 9.654148352786889, 5: 9.69366287980779, 1: 9.723910518718176, 8: 9.557630094606614, 7: 9.54450431840936}
2024-05-21 16:34:05 - INFO     - 0.937037037037037, 0.9222222222222223, 0.9259259259259259, 0.9333333333333333, 0.9, 0.9296296296296296, 0.9222222222222223, 0.9222222222222223, 0.9481481481481482, 0.937037037037037
2024-05-21 16:34:05 - WARNING  - Epoch: 372, Sum of Accs: 9.278, Sum of s_i: 96.51724287033863
2024-05-21 16:34:11 - INFO     - {6: 9.729851340479861, 9: 9.600906442350235, 0: 9.712350148634949, 2: 9.746961215198187, 4: 9.600298182011588, 3: 9.663263272525729, 5: 9.702802229146009, 1: 9.732465430975978, 8: 9.565849675828002, 7: 9.553142847531465}
2024-05-21 16:34:11 - INFO     - 0.937037037037037, 0.9222222222222223, 0.9259259259259259, 0.9333333333333333, 0.8962962962962963, 0.9296296296296296, 0.9222222222222223, 0.9222222222222223, 0.9481481481481482, 0.937037037037037
2024-05-21 16:34:11 - WARNING  - Epoch: 373, Sum of Accs: 9.274, Sum of s_i: 96.60789078468198
2024-05-21 16:34:16 - INFO     - {6: 9.739647341261653, 9: 9.609581532122734, 0: 9.722030422910798, 2: 9.756303522596424, 4: 9.609477882415426, 3: 9.672598956276682, 5: 9.712133263320993, 1: 9.742157403120393, 8: 9.57457259952418, 7: 9.561806149752432}
2024-05-21 16:34:16 - INFO     - 0.937037037037037, 0.9222222222222223, 0.9259259259259259, 0.9333333333333333, 0.9, 0.9296296296296296, 0.9222222222222223, 0.9222222222222223, 0.9481481481481482, 0.937037037037037
2024-05-21 16:34:16 - WARNING  - Epoch: 374, Sum of Accs: 9.278, Sum of s_i: 96.7003090733017
2024-05-21 16:34:22 - INFO     - {6: 9.748527517168403, 9: 9.618653202050274, 0: 9.731172793905468, 2: 9.765724983679933, 4: 9.619309840842034, 3: 9.68202098522097, 5: 9.721530071950319, 1: 9.75132781550943, 8: 9.582990005419429, 7: 9.571037121158824}
2024-05-21 16:34:22 - INFO     - 0.937037037037037, 0.9222222222222223, 0.9259259259259259, 0.9333333333333333, 0.8962962962962963, 0.9296296296296296, 0.9222222222222223, 0.9222222222222223, 0.9481481481481482, 0.937037037037037
2024-05-21 16:34:22 - WARNING  - Epoch: 375, Sum of Accs: 9.274, Sum of s_i: 96.79229433690509
2024-05-21 16:34:27 - INFO     - {6: 9.757407214293782, 9: 9.62763463199064, 0: 9.74039107384208, 2: 9.774873758398144, 4: 9.628142268054455, 3: 9.691385204934155, 5: 9.73047694650899, 1: 9.760462760644703, 8: 9.592411201647533, 7: 9.580921164403161}
2024-05-21 16:34:27 - INFO     - 0.937037037037037, 0.9222222222222223, 0.9259259259259259, 0.9333333333333333, 0.9, 0.9296296296296296, 0.9222222222222223, 0.9222222222222223, 0.9481481481481482, 0.937037037037037
2024-05-21 16:34:27 - WARNING  - Epoch: 376, Sum of Accs: 9.278, Sum of s_i: 96.88410622471764
2024-05-21 16:34:33 - INFO     - {6: 9.76658440875107, 9: 9.636975624943666, 0: 9.749128353989798, 2: 9.783854575401163, 4: 9.6373907989547, 3: 9.699970954396735, 5: 9.739633121028543, 1: 9.769525022942563, 8: 9.601342487463835, 7: 9.590083310785216}
2024-05-21 16:34:33 - INFO     - 0.9333333333333333, 0.9222222222222223, 0.9259259259259259, 0.9333333333333333, 0.8962962962962963, 0.9296296296296296, 0.9222222222222223, 0.9222222222222223, 0.9481481481481482, 0.937037037037037
2024-05-21 16:34:33 - WARNING  - Epoch: 377, Sum of Accs: 9.270, Sum of s_i: 96.9744886586573
2024-05-21 16:34:39 - INFO     - {6: 9.77574151836984, 9: 9.64531497210524, 0: 9.758337294252966, 2: 9.79330914242282, 4: 9.646864150276981, 3: 9.709439557951892, 5: 9.74853131276993, 1: 9.77800999407108, 8: 9.610002822110205, 7: 9.59911690247929}
2024-05-21 16:34:39 - INFO     - 0.937037037037037, 0.9222222222222223, 0.9259259259259259, 0.9333333333333333, 0.8962962962962963, 0.9296296296296296, 0.9222222222222223, 0.9222222222222223, 0.9481481481481482, 0.937037037037037
2024-05-21 16:34:39 - WARNING  - Epoch: 378, Sum of Accs: 9.274, Sum of s_i: 97.06466766681025
2024-05-21 16:34:44 - INFO     - {6: 9.784352523021376, 9: 9.654592213237565, 0: 9.767644349179978, 2: 9.802651078476403, 4: 9.65587275359621, 3: 9.718180527600193, 5: 9.756876536847043, 1: 9.786886751637466, 8: 9.618869500208545, 7: 9.607885946769073}
2024-05-21 16:34:44 - INFO     - 0.9333333333333333, 0.9222222222222223, 0.9259259259259259, 0.9333333333333333, 0.8962962962962963, 0.9296296296296296, 0.9222222222222223, 0.9222222222222223, 0.9481481481481482, 0.937037037037037
2024-05-21 16:34:44 - WARNING  - Epoch: 379, Sum of Accs: 9.270, Sum of s_i: 97.15381218057387
2024-05-21 16:34:50 - INFO     - {6: 9.79334440576023, 9: 9.663573744763738, 0: 9.77608168545078, 2: 9.81182428484595, 4: 9.664461882338841, 3: 9.727061019054567, 5: 9.766513043283402, 1: 9.796320997084296, 8: 9.627736354442472, 7: 9.616539862019794}
2024-05-21 16:34:50 - INFO     - 0.9333333333333333, 0.9222222222222223, 0.9259259259259259, 0.9333333333333333, 0.8962962962962963, 0.9296296296296296, 0.9222222222222223, 0.9222222222222223, 0.9481481481481482, 0.937037037037037
2024-05-21 16:34:50 - WARNING  - Epoch: 380, Sum of Accs: 9.270, Sum of s_i: 97.24345727904407
2024-05-21 16:34:55 - INFO     - {6: 9.802595545314773, 9: 9.672753528070581, 0: 9.785049266999629, 2: 9.821056188782366, 4: 9.673232821217198, 3: 9.736014896589094, 5: 9.775680226060333, 1: 9.8051567238518, 8: 9.637026601083097, 7: 9.625287892739031}
2024-05-21 16:34:55 - INFO     - 0.9333333333333333, 0.9222222222222223, 0.9259259259259259, 0.9333333333333333, 0.8962962962962963, 0.9296296296296296, 0.9222222222222223, 0.9222222222222223, 0.9518518518518518, 0.937037037037037
2024-05-21 16:34:55 - WARNING  - Epoch: 381, Sum of Accs: 9.274, Sum of s_i: 97.33385369070788
2024-05-21 16:35:01 - INFO     - {6: 9.811249840279237, 9: 9.68154766110039, 0: 9.794170562122762, 2: 9.830093398844419, 4: 9.681785441241239, 3: 9.745691354364006, 5: 9.784577533856282, 1: 9.814180998590842, 8: 9.645492714140914, 7: 9.634309661635664}
2024-05-21 16:35:01 - INFO     - 0.9333333333333333, 0.9222222222222223, 0.9259259259259259, 0.9333333333333333, 0.9, 0.9296296296296296, 0.9222222222222223, 0.9222222222222223, 0.9518518518518518, 0.937037037037037
2024-05-21 16:35:01 - WARNING  - Epoch: 382, Sum of Accs: 9.278, Sum of s_i: 97.42309916617576
2024-05-21 16:35:06 - INFO     - {6: 9.820623736070644, 9: 9.689847763554086, 0: 9.802933906708128, 2: 9.838894293386382, 4: 9.690763133298248, 3: 9.7548472228888, 5: 9.793849104641039, 1: 9.823685854700921, 8: 9.65401696281559, 7: 9.643427722249145}
2024-05-21 16:35:06 - INFO     - 0.9333333333333333, 0.9222222222222223, 0.9259259259259259, 0.9333333333333333, 0.9, 0.9296296296296296, 0.9222222222222223, 0.9222222222222223, 0.9518518518518518, 0.937037037037037
2024-05-21 16:35:06 - WARNING  - Epoch: 383, Sum of Accs: 9.278, Sum of s_i: 97.51288970031298
2024-05-21 16:35:12 - INFO     - {6: 9.829679345774156, 9: 9.698667680154877, 0: 9.812567365897335, 2: 9.84864014258695, 4: 9.699709219103966, 3: 9.763141672197989, 5: 9.802875992268579, 1: 9.832596458447004, 8: 9.662845291309829, 7: 9.652275660630044}
2024-05-21 16:35:12 - INFO     - 0.9333333333333333, 0.9222222222222223, 0.9259259259259259, 0.9333333333333333, 0.9, 0.9296296296296296, 0.9222222222222223, 0.9222222222222223, 0.9518518518518518, 0.937037037037037
2024-05-21 16:35:12 - WARNING  - Epoch: 384, Sum of Accs: 9.278, Sum of s_i: 97.60299882837072
2024-05-21 16:35:18 - INFO     - {6: 9.838070559567534, 9: 9.70728941819354, 0: 9.82099243652074, 2: 9.858331761487774, 4: 9.70868031479836, 3: 9.771729374464703, 5: 9.811614683246844, 1: 9.841597089386127, 8: 9.671436746496237, 7: 9.661568978631534}
2024-05-21 16:35:18 - INFO     - 0.9333333333333333, 0.9222222222222223, 0.9259259259259259, 0.9333333333333333, 0.9, 0.9296296296296296, 0.9222222222222223, 0.9222222222222223, 0.9518518518518518, 0.937037037037037
2024-05-21 16:35:18 - WARNING  - Epoch: 385, Sum of Accs: 9.278, Sum of s_i: 97.6913113627934
2024-05-21 16:35:23 - INFO     - {6: 9.846941176804291, 9: 9.715750228012062, 0: 9.82964285013455, 2: 9.866781203965031, 4: 9.71733428393152, 3: 9.780458503155225, 5: 9.820593564387664, 1: 9.850974319407419, 8: 9.680245386585952, 7: 9.669999061337139}
2024-05-21 16:35:23 - INFO     - 0.9333333333333333, 0.9222222222222223, 0.9259259259259259, 0.9333333333333333, 0.9, 0.9296296296296296, 0.9222222222222223, 0.9222222222222223, 0.9518518518518518, 0.937037037037037
2024-05-21 16:35:23 - WARNING  - Epoch: 386, Sum of Accs: 9.278, Sum of s_i: 97.77872057772085
2024-05-21 16:35:29 - INFO     - {6: 9.856496645679838, 9: 9.72454646106466, 0: 9.839570719378187, 2: 9.875581831293202, 4: 9.72602129528766, 3: 9.789376854049545, 5: 9.829517580731999, 1: 9.859798031487847, 8: 9.689212931227274, 7: 9.67838611451933}
2024-05-21 16:35:29 - INFO     - 0.9333333333333333, 0.9259259259259259, 0.9259259259259259, 0.9333333333333333, 0.9, 0.9296296296296296, 0.9222222222222223, 0.9222222222222223, 0.9518518518518518, 0.937037037037037
2024-05-21 16:35:29 - WARNING  - Epoch: 387, Sum of Accs: 9.281, Sum of s_i: 97.86850846471953
2024-05-21 16:35:34 - INFO     - {6: 9.865569580885092, 9: 9.733099857138113, 0: 9.84863256313879, 2: 9.88448808197018, 4: 9.734593574174674, 3: 9.797831838254117, 5: 9.838827345583466, 1: 9.869375976255172, 8: 9.697654843748591, 7: 9.687532450810934}
2024-05-21 16:35:34 - INFO     - 0.9333333333333333, 0.9222222222222223, 0.9259259259259259, 0.9333333333333333, 0.9, 0.9296296296296296, 0.9222222222222223, 0.9222222222222223, 0.9518518518518518, 0.937037037037037
2024-05-21 16:35:34 - WARNING  - Epoch: 388, Sum of Accs: 9.278, Sum of s_i: 97.95760611195914
2024-05-21 16:35:40 - INFO     - {6: 9.874431174105254, 9: 9.742168367580865, 0: 9.857783881470088, 2: 9.893923341862157, 4: 9.743989792963564, 3: 9.806614787497777, 5: 9.847533208529235, 1: 9.878142137880843, 8: 9.705870275159844, 7: 9.697407935278914}
2024-05-21 16:35:40 - INFO     - 0.9333333333333333, 0.9259259259259259, 0.9259259259259259, 0.9333333333333333, 0.9, 0.9296296296296296, 0.9222222222222223, 0.9222222222222223, 0.9518518518518518, 0.937037037037037
2024-05-21 16:35:40 - WARNING  - Epoch: 389, Sum of Accs: 9.281, Sum of s_i: 98.04786490232856
2024-05-21 16:35:45 - INFO     - {6: 9.88296133472768, 9: 9.750679232770954, 0: 9.866524735124699, 2: 9.903148178124324, 4: 9.753040744979769, 3: 9.815927387422516, 5: 9.85681817228326, 1: 9.886842387419458, 8: 9.714163984664948, 7: 9.706364494102}
2024-05-21 16:35:45 - INFO     - 0.9333333333333333, 0.9222222222222223, 0.9259259259259259, 0.9333333333333333, 0.9, 0.9296296296296296, 0.9222222222222223, 0.9222222222222223, 0.9518518518518518, 0.937037037037037
2024-05-21 16:35:45 - WARNING  - Epoch: 390, Sum of Accs: 9.278, Sum of s_i: 98.13647065161962
2024-05-21 16:35:51 - INFO     - {6: 9.891449961643737, 9: 9.759328973373337, 0: 9.874920112928093, 2: 9.911987382690995, 4: 9.761456287914406, 3: 9.824624246953361, 5: 9.865152612486943, 1: 9.89621280456354, 8: 9.722599812025823, 7: 9.714425891321117}
2024-05-21 16:35:51 - INFO     - 0.9333333333333333, 0.9259259259259259, 0.9259259259259259, 0.9333333333333333, 0.9, 0.9296296296296296, 0.9222222222222223, 0.9222222222222223, 0.9518518518518518, 0.937037037037037
2024-05-21 16:35:51 - WARNING  - Epoch: 391, Sum of Accs: 9.281, Sum of s_i: 98.22215808590136
2024-05-21 16:35:56 - INFO     - {6: 9.900508774034964, 9: 9.767692927700613, 0: 9.883874003739594, 2: 9.920694199740606, 4: 9.769894435090677, 3: 9.833322033562665, 5: 9.874395745809329, 1: 9.904853471369961, 8: 9.73054086894705, 7: 9.722935794365362}
2024-05-21 16:35:56 - INFO     - 0.9333333333333333, 0.9222222222222223, 0.9259259259259259, 0.9333333333333333, 0.9, 0.9296296296296296, 0.9222222222222223, 0.9222222222222223, 0.9518518518518518, 0.937037037037037
2024-05-21 16:35:57 - WARNING  - Epoch: 392, Sum of Accs: 9.278, Sum of s_i: 98.30871225436081
2024-05-21 16:36:02 - INFO     - {6: 9.909285965990481, 9: 9.7762271665977, 0: 9.892363985406671, 2: 9.929946404054428, 4: 9.778235331202586, 3: 9.842199914475485, 5: 9.883666807625335, 1: 9.913843314390615, 8: 9.738898827669269, 7: 9.73159155912415}
2024-05-21 16:36:02 - INFO     - 0.9333333333333333, 0.9259259259259259, 0.9259259259259259, 0.9333333333333333, 0.9, 0.9296296296296296, 0.9222222222222223, 0.9222222222222223, 0.9518518518518518, 0.937037037037037
2024-05-21 16:36:02 - WARNING  - Epoch: 393, Sum of Accs: 9.281, Sum of s_i: 98.39625927653674
2024-05-21 16:36:08 - INFO     - {6: 9.917856093605277, 9: 9.784680367916097, 0: 9.901245705745744, 2: 9.938399767196326, 4: 9.786658766525276, 3: 9.850643702958697, 5: 9.892611692387923, 1: 9.922135925785145, 8: 9.747708597954443, 7: 9.74061070716271}
2024-05-21 16:36:08 - INFO     - 0.9333333333333333, 0.9222222222222223, 0.9259259259259259, 0.9333333333333333, 0.9, 0.9296296296296296, 0.9222222222222223, 0.9222222222222223, 0.9518518518518518, 0.937037037037037
2024-05-21 16:36:08 - WARNING  - Epoch: 394, Sum of Accs: 9.278, Sum of s_i: 98.48255132723764
2024-05-21 16:36:13 - INFO     - {6: 9.92641091629333, 9: 9.793075590986986, 0: 9.91061872597168, 2: 9.94749895709491, 4: 9.795171971836105, 3: 9.85980177254738, 5: 9.901443733998354, 1: 9.930895454790042, 8: 9.756243419400501, 7: 9.749964583783832}
2024-05-21 16:36:13 - INFO     - 0.9333333333333333, 0.9259259259259259, 0.9259259259259259, 0.9333333333333333, 0.9, 0.9296296296296296, 0.9222222222222223, 0.9222222222222223, 0.9518518518518518, 0.937037037037037
2024-05-21 16:36:13 - WARNING  - Epoch: 395, Sum of Accs: 9.281, Sum of s_i: 98.57112512670312
2024-05-21 16:36:19 - INFO     - {6: 9.935673334927875, 9: 9.80181309202242, 0: 9.919366264667206, 2: 9.956917536069033, 4: 9.803645282021499, 3: 9.868989573617915, 5: 9.910496701610347, 1: 9.940005167712174, 8: 9.764670290065872, 7: 9.758438103896058}
2024-05-21 16:36:19 - INFO     - 0.9333333333333333, 0.9259259259259259, 0.9259259259259259, 0.9333333333333333, 0.9, 0.9296296296296296, 0.9222222222222223, 0.9222222222222223, 0.9518518518518518, 0.937037037037037
2024-05-21 16:36:19 - WARNING  - Epoch: 396, Sum of Accs: 9.281, Sum of s_i: 98.66001534661041
2024-05-21 16:36:25 - INFO     - {6: 9.94417092101001, 9: 9.810154957915065, 0: 9.928544078409178, 2: 9.965846522034981, 4: 9.812658255499057, 3: 9.877445812798781, 5: 9.91882707110473, 1: 9.94859036997981, 8: 9.772561615570774, 7: 9.766953518261273}
2024-05-21 16:36:25 - INFO     - 0.9333333333333333, 0.9259259259259259, 0.9259259259259259, 0.9333333333333333, 0.9, 0.9296296296296296, 0.9222222222222223, 0.9222222222222223, 0.9518518518518518, 0.937037037037037
2024-05-21 16:36:25 - WARNING  - Epoch: 397, Sum of Accs: 9.281, Sum of s_i: 98.74575312258368
2024-05-21 16:36:30 - INFO     - {6: 9.952891967918237, 9: 9.818602476261132, 0: 9.93774473985149, 2: 9.974799325322492, 4: 9.821154277647906, 3: 9.886074106144031, 5: 9.927597661931944, 1: 9.957487969605685, 8: 9.781991376042898, 7: 9.775477407094947}
2024-05-21 16:36:30 - INFO     - 0.9333333333333333, 0.9259259259259259, 0.9259259259259259, 0.9333333333333333, 0.9, 0.9296296296296296, 0.9222222222222223, 0.9222222222222223, 0.9518518518518518, 0.937037037037037
2024-05-21 16:36:30 - WARNING  - Epoch: 398, Sum of Accs: 9.281, Sum of s_i: 98.83382130782076
2024-05-21 16:36:36 - INFO     - {6: 9.962086486311653, 9: 9.827397654545438, 0: 9.946338406402772, 2: 9.983936668134332, 4: 9.829702353473191, 3: 9.894424801983995, 5: 9.936278143289966, 1: 9.96597209846164, 8: 9.78936029532381, 7: 9.784122976853176}
2024-05-21 16:36:36 - INFO     - 0.9333333333333333, 0.9259259259259259, 0.9259259259259259, 0.9333333333333333, 0.9, 0.9296296296296296, 0.9222222222222223, 0.9222222222222223, 0.9518518518518518, 0.937037037037037
2024-05-21 16:36:36 - WARNING  - Epoch: 399, Sum of Accs: 9.281, Sum of s_i: 98.91961988477996
2024-05-21 16:36:42 - INFO     - {6: 9.971277609091997, 9: 9.835611012126686, 0: 9.955071514875025, 2: 9.992658429038267, 4: 9.838501370741938, 3: 9.903300583144539, 5: 9.945379059000015, 1: 9.97458107993713, 8: 9.798053306506727, 7: 9.792383151863271}
2024-05-21 16:36:42 - INFO     - 0.9333333333333333, 0.9259259259259259, 0.9259259259259259, 0.9333333333333333, 0.9, 0.9296296296296296, 0.9222222222222223, 0.9222222222222223, 0.9518518518518518, 0.937037037037037
2024-05-21 16:36:42 - WARNING  - Epoch: 400, Sum of Accs: 9.281, Sum of s_i: 99.00681711632559
2024-05-21 16:36:47 - INFO     - {6: 9.980755689568609, 9: 9.844186583393288, 0: 9.963675849717978, 2: 10.001937431432676, 4: 9.846841387111082, 3: 9.911960424409571, 5: 9.954368171329818, 1: 9.983642966282382, 8: 9.806743509961596, 7: 9.800469922328631}
2024-05-21 16:36:47 - INFO     - 0.9333333333333333, 0.9259259259259259, 0.9259259259259259, 0.9333333333333333, 0.9, 0.9296296296296296, 0.9222222222222223, 0.9222222222222223, 0.9518518518518518, 0.937037037037037
2024-05-21 16:36:47 - WARNING  - Epoch: 401, Sum of Accs: 9.281, Sum of s_i: 99.09458193553564
2024-05-21 16:36:53 - INFO     - {6: 9.989900226044902, 9: 9.853147835437609, 0: 9.972362257702551, 2: 10.010668682952383, 4: 9.855377844054171, 3: 9.920765632724168, 5: 9.963155372770483, 1: 9.992890629974541, 8: 9.815024716972983, 7: 9.808915423561304}
2024-05-21 16:36:53 - INFO     - 0.9333333333333333, 0.9259259259259259, 0.9259259259259259, 0.9333333333333333, 0.9, 0.9296296296296296, 0.9259259259259259, 0.9222222222222223, 0.9518518518518518, 0.937037037037037
2024-05-21 16:36:53 - WARNING  - Epoch: 402, Sum of Accs: 9.285, Sum of s_i: 99.1822086221951
2024-05-21 16:36:58 - INFO     - {6: 9.99825377689631, 9: 9.862101927538989, 0: 9.981526418441117, 2: 10.019296823009261, 4: 9.864286969936815, 3: 9.929535744266698, 5: 9.97252281611176, 1: 10.001889283050815, 8: 9.823439937095, 7: 9.817377190370797}
2024-05-21 16:36:58 - INFO     - 0.937037037037037, 0.9222222222222223, 0.9259259259259259, 0.9333333333333333, 0.8962962962962963, 0.9296296296296296, 0.9185185185185185, 0.9222222222222223, 0.9555555555555556, 0.937037037037037
2024-05-21 16:36:58 - WARNING  - Epoch: 403, Sum of Accs: 9.278, Sum of s_i: 99.27023088671756
2024-05-21 16:37:04 - INFO     - {6: 10.006430668137051, 9: 9.870387857479853, 0: 9.991019494196733, 2: 10.028109959881796, 4: 9.872570113355577, 3: 9.938844840015804, 5: 9.981680500618944, 1: 10.011260018606192, 8: 9.831663451178203, 7: 9.825502313324687}
2024-05-21 16:37:04 - INFO     - 0.937037037037037, 0.9222222222222223, 0.9259259259259259, 0.9333333333333333, 0.8962962962962963, 0.9333333333333333, 0.9222222222222223, 0.9222222222222223, 0.9518518518518518, 0.937037037037037
2024-05-21 16:37:04 - WARNING  - Epoch: 404, Sum of Accs: 9.281, Sum of s_i: 99.35746921679485
2024-05-21 16:37:10 - INFO     - {6: 10.01503423570132, 9: 9.87880704832567, 0: 9.999267170420566, 2: 10.03695977043058, 4: 9.881212836127403, 3: 9.947315707647205, 5: 9.990016338232362, 1: 10.019562159815882, 8: 9.840092395550078, 7: 9.834082022763592}
2024-05-21 16:37:10 - INFO     - 0.937037037037037, 0.9222222222222223, 0.9259259259259259, 0.9333333333333333, 0.9, 0.9333333333333333, 0.9222222222222223, 0.9222222222222223, 0.9518518518518518, 0.937037037037037
2024-05-21 16:37:10 - WARNING  - Epoch: 405, Sum of Accs: 9.285, Sum of s_i: 99.44234968501465
2024-05-21 16:37:15 - INFO     - {6: 10.02329854350154, 9: 9.887354952859344, 0: 10.008084324094671, 2: 10.045771958207522, 4: 9.889812007089445, 3: 9.956677974509045, 5: 9.999098422278461, 1: 10.028389333810695, 8: 9.848013997951044, 7: 9.84210251679843}
2024-05-21 16:37:15 - INFO     - 0.9407407407407408, 0.9259259259259259, 0.9296296296296296, 0.9333333333333333, 0.8962962962962963, 0.937037037037037, 0.9222222222222223, 0.9222222222222223, 0.9518518518518518, 0.937037037037037
2024-05-21 16:37:15 - WARNING  - Epoch: 406, Sum of Accs: 9.296, Sum of s_i: 99.5286040311002
2024-05-21 16:37:21 - INFO     - {6: 10.031797017107342, 9: 9.89599695395756, 0: 10.016619997108048, 2: 10.054428586591547, 4: 9.89885162366181, 3: 9.965831464740427, 5: 10.007961722539129, 1: 10.036725993139799, 8: 9.85592442157873, 7: 9.850939987031342}
2024-05-21 16:37:21 - INFO     - 0.937037037037037, 0.9222222222222223, 0.9259259259259259, 0.9333333333333333, 0.9, 0.9333333333333333, 0.9185185185185185, 0.9222222222222223, 0.9555555555555556, 0.937037037037037
2024-05-21 16:37:21 - WARNING  - Epoch: 407, Sum of Accs: 9.285, Sum of s_i: 99.61507776745573
2024-05-21 16:37:26 - INFO     - {6: 10.039912876189172, 9: 9.904401868088987, 0: 10.025076775946818, 2: 10.062738193310448, 4: 9.907027356186502, 3: 9.975098264273417, 5: 10.01660576150243, 1: 10.045331913851562, 8: 9.864587026741363, 7: 9.859391409246836}
2024-05-21 16:37:26 - INFO     - 0.9333333333333333, 0.9333333333333333, 0.9296296296296296, 0.9333333333333333, 0.8962962962962963, 0.9407407407407408, 0.9185185185185185, 0.9222222222222223, 0.9518518518518518, 0.9444444444444444
2024-05-21 16:37:26 - WARNING  - Epoch: 408, Sum of Accs: 9.304, Sum of s_i: 99.70017144533755
2024-05-21 16:37:32 - INFO     - {6: 10.048525359326193, 9: 9.912718382355067, 0: 10.03364113587495, 2: 10.071974158245276, 4: 9.914749479699841, 3: 9.983335731980318, 5: 10.024329627682107, 1: 10.05424238606503, 8: 9.87297606971772, 7: 9.8676006266265}
2024-05-21 16:37:32 - INFO     - 0.9333333333333333, 0.9185185185185185, 0.9333333333333333, 0.9333333333333333, 0.9037037037037037, 0.9407407407407408, 0.9259259259259259, 0.9296296296296296, 0.9481481481481482, 0.9444444444444444
2024-05-21 16:37:32 - WARNING  - Epoch: 409, Sum of Accs: 9.311, Sum of s_i: 99.784092957573
2024-05-21 16:37:38 - INFO     - {6: 10.056468378661908, 9: 9.921281430900125, 0: 10.042807366311001, 2: 10.080947402435056, 4: 9.92256915611693, 3: 9.991859077414952, 5: 10.032659201728597, 1: 10.062300181977637, 8: 9.880224948703692, 7: 9.875857137802798}
2024-05-21 16:37:38 - INFO     - 0.9333333333333333, 0.9222222222222223, 0.9296296296296296, 0.9333333333333333, 0.8962962962962963, 0.9444444444444444, 0.9185185185185185, 0.9296296296296296, 0.9481481481481482, 0.9444444444444444
2024-05-21 16:37:38 - WARNING  - Epoch: 410, Sum of Accs: 9.300, Sum of s_i: 99.8669742820527
2024-05-21 16:37:43 - INFO     - {6: 10.064737296986733, 9: 9.929701305984926, 0: 10.051512609889432, 2: 10.089769581420638, 4: 9.930386795436913, 3: 10.000745915550038, 5: 10.041593493230812, 1: 10.070901442969097, 8: 9.888001675652568, 7: 9.884865970122608}
2024-05-21 16:37:43 - INFO     - 0.937037037037037, 0.9222222222222223, 0.9296296296296296, 0.9333333333333333, 0.9, 0.9444444444444444, 0.9185185185185185, 0.9296296296296296, 0.9481481481481482, 0.9444444444444444
2024-05-21 16:37:43 - WARNING  - Epoch: 411, Sum of Accs: 9.307, Sum of s_i: 99.95221608724376
2024-05-21 16:37:49 - INFO     - {6: 10.07367579481228, 9: 9.938029806590235, 0: 10.059834251360074, 2: 10.09856935965788, 4: 9.938842269717075, 3: 10.009339272378071, 5: 10.050442703483911, 1: 10.080135970978594, 8: 9.895356515236498, 7: 9.893213594363145}
2024-05-21 16:37:49 - INFO     - 0.937037037037037, 0.9222222222222223, 0.9296296296296296, 0.9333333333333333, 0.9, 0.9444444444444444, 0.9222222222222223, 0.9296296296296296, 0.9481481481481482, 0.9407407407407408
2024-05-21 16:37:49 - WARNING  - Epoch: 412, Sum of Accs: 9.307, Sum of s_i: 100.03743953857776
2024-05-21 16:37:55 - INFO     - {6: 10.082495875142051, 9: 9.94641048913066, 0: 10.068876076617421, 2: 10.107156974306209, 4: 9.947481507589227, 3: 10.017040632888737, 5: 10.058685837560333, 1: 10.08857474461678, 8: 9.903181525725682, 7: 9.901108291812983}
2024-05-21 16:37:55 - INFO     - 0.937037037037037, 0.9222222222222223, 0.9333333333333333, 0.9333333333333333, 0.9, 0.9444444444444444, 0.9222222222222223, 0.9296296296296296, 0.9481481481481482, 0.9407407407407408
2024-05-21 16:37:55 - WARNING  - Epoch: 413, Sum of Accs: 9.311, Sum of s_i: 100.12101195539009
2024-05-21 16:38:00 - INFO     - {6: 10.091012220514378, 9: 9.954134278504988, 0: 10.077567499938908, 2: 10.115953776464233, 4: 9.955248934748376, 3: 10.02510036109153, 5: 10.067165907168267, 1: 10.097544664170439, 8: 9.91131781183664, 7: 9.909048941245175}
2024-05-21 16:38:00 - INFO     - 0.937037037037037, 0.9222222222222223, 0.9333333333333333, 0.9333333333333333, 0.8962962962962963, 0.9444444444444444, 0.9259259259259259, 0.9296296296296296, 0.9518518518518518, 0.9407407407407408
2024-05-21 16:38:00 - WARNING  - Epoch: 414, Sum of Accs: 9.315, Sum of s_i: 100.20409439568293
2024-05-21 16:38:06 - INFO     - {6: 10.099604609064398, 9: 9.962389256344329, 0: 10.08612326220024, 2: 10.124877750562188, 4: 9.963536612032847, 3: 10.033468771919953, 5: 10.075717216062463, 1: 10.106408791628851, 8: 9.919281837929978, 7: 9.917481289195683}
2024-05-21 16:38:06 - INFO     - 0.937037037037037, 0.9222222222222223, 0.9333333333333333, 0.9333333333333333, 0.8962962962962963, 0.9444444444444444, 0.9259259259259259, 0.9296296296296296, 0.9518518518518518, 0.9444444444444444
2024-05-21 16:38:06 - WARNING  - Epoch: 415, Sum of Accs: 9.319, Sum of s_i: 100.28888939694092
2024-05-21 16:38:12 - INFO     - {6: 10.107873844571166, 9: 9.97073577170755, 0: 10.095448467102146, 2: 10.133536370105547, 4: 9.972836970869142, 3: 10.042457671557028, 5: 10.084810399597389, 1: 10.11547978380899, 8: 9.927237846923683, 7: 9.925559827267314}
2024-05-21 16:38:12 - INFO     - 0.937037037037037, 0.9222222222222223, 0.9333333333333333, 0.9333333333333333, 0.8962962962962963, 0.9444444444444444, 0.9259259259259259, 0.9296296296296296, 0.9518518518518518, 0.9444444444444444
2024-05-21 16:38:12 - WARNING  - Epoch: 416, Sum of Accs: 9.319, Sum of s_i: 100.37597695350996
2024-05-21 16:38:17 - INFO     - {6: 10.116273369779764, 9: 9.978534447567204, 0: 10.104052456421531, 2: 10.142821879749317, 4: 9.981307412346073, 3: 10.0509438042491, 5: 10.093609711645259, 1: 10.124244429622484, 8: 9.935541592050473, 7: 9.933164743190599}
2024-05-21 16:38:17 - INFO     - 0.937037037037037, 0.9222222222222223, 0.9333333333333333, 0.9333333333333333, 0.9, 0.9444444444444444, 0.9259259259259259, 0.9296296296296296, 0.9518518518518518, 0.9444444444444444
2024-05-21 16:38:17 - WARNING  - Epoch: 417, Sum of Accs: 9.322, Sum of s_i: 100.4604938466218
2024-05-21 16:38:23 - INFO     - {6: 10.125040614732217, 9: 9.986985897185004, 0: 10.112865020416267, 2: 10.15107370481077, 4: 9.989469295078274, 3: 10.059615986526692, 5: 10.101870755798027, 1: 10.132465476108221, 8: 9.94364752609318, 7: 9.941144622810212}
2024-05-21 16:38:23 - INFO     - 0.9407407407407408, 0.9222222222222223, 0.9333333333333333, 0.9333333333333333, 0.9, 0.9444444444444444, 0.9259259259259259, 0.9296296296296296, 0.9518518518518518, 0.9444444444444444
2024-05-21 16:38:23 - WARNING  - Epoch: 418, Sum of Accs: 9.326, Sum of s_i: 100.54417889955886
2024-05-21 16:38:29 - INFO     - {6: 10.133550470273196, 9: 9.994973104826142, 0: 10.120919187054529, 2: 10.15976069132316, 4: 9.997835993159216, 3: 10.067390487705651, 5: 10.109120889680252, 1: 10.14104889488218, 8: 9.951708256885711, 7: 9.948743294481297}
2024-05-21 16:38:29 - INFO     - 0.9407407407407408, 0.9222222222222223, 0.9333333333333333, 0.9333333333333333, 0.9, 0.9444444444444444, 0.9259259259259259, 0.9296296296296296, 0.9518518518518518, 0.9444444444444444
2024-05-21 16:38:29 - WARNING  - Epoch: 419, Sum of Accs: 9.326, Sum of s_i: 100.62505127027131
2024-05-21 16:38:34 - INFO     - {6: 10.142316284530875, 9: 10.002642304558366, 0: 10.129409681413476, 2: 10.167804808921572, 4: 10.006008497415056, 3: 10.075852479760636, 5: 10.117537538364141, 1: 10.149629050131667, 8: 9.959583592974248, 7: 9.956728979496008}
2024-05-21 16:38:34 - INFO     - 0.9407407407407408, 0.9222222222222223, 0.9333333333333333, 0.9333333333333333, 0.9, 0.9444444444444444, 0.9259259259259259, 0.9296296296296296, 0.9518518518518518, 0.9444444444444444
2024-05-21 16:38:34 - WARNING  - Epoch: 420, Sum of Accs: 9.326, Sum of s_i: 100.70751321756603
2024-05-21 16:38:40 - INFO     - {6: 10.150294036091026, 9: 10.01091908250226, 0: 10.13794381375185, 2: 10.17686091995269, 4: 10.014684081031465, 3: 10.084920740144826, 5: 10.126151122263474, 1: 10.158283259810613, 8: 9.967600584031846, 7: 9.965045728889312}
2024-05-21 16:38:40 - INFO     - 0.9407407407407408, 0.9222222222222223, 0.937037037037037, 0.9333333333333333, 0.9, 0.9444444444444444, 0.9259259259259259, 0.9296296296296296, 0.9518518518518518, 0.9444444444444444
2024-05-21 16:38:40 - WARNING  - Epoch: 421, Sum of Accs: 9.330, Sum of s_i: 100.79270336846936
2024-05-21 16:38:46 - INFO     - {6: 10.15903550177376, 9: 10.018612303647938, 0: 10.146638934666203, 2: 10.185680435327598, 4: 10.02279503703833, 3: 10.09288468162725, 5: 10.134116043399088, 1: 10.1663714855083, 8: 9.975973015816658, 7: 9.972985957893334}
2024-05-21 16:38:46 - INFO     - 0.9407407407407408, 0.9296296296296296, 0.937037037037037, 0.9259259259259259, 0.9, 0.9444444444444444, 0.9259259259259259, 0.9259259259259259, 0.9555555555555556, 0.9518518518518518
2024-05-21 16:38:46 - WARNING  - Epoch: 422, Sum of Accs: 9.337, Sum of s_i: 100.87509339669846
2024-05-21 16:38:52 - INFO     - {6: 10.167128033670664, 9: 10.02648574072124, 0: 10.155331347827309, 2: 10.194833667060097, 4: 10.03096514351523, 3: 10.101177965388596, 5: 10.142195458611837, 1: 10.174552547226648, 8: 9.983973014226004, 7: 9.981549302611512}
2024-05-21 16:38:52 - INFO     - 0.9407407407407408, 0.9296296296296296, 0.937037037037037, 0.9333333333333333, 0.9, 0.9444444444444444, 0.9259259259259259, 0.9259259259259259, 0.9555555555555556, 0.9481481481481482
2024-05-21 16:38:52 - WARNING  - Epoch: 423, Sum of Accs: 9.341, Sum of s_i: 100.95819222085915
2024-05-21 16:38:57 - INFO     - {6: 10.176126520178226, 9: 10.035384110579772, 0: 10.163349896722838, 2: 10.204005076215282, 4: 10.038932550164022, 3: 10.110177648281306, 5: 10.150535953504207, 1: 10.182722153115696, 8: 9.991464169427381, 7: 9.98971796855818}
2024-05-21 16:38:57 - INFO     - 0.9407407407407408, 0.9296296296296296, 0.937037037037037, 0.9333333333333333, 0.9, 0.9444444444444444, 0.9259259259259259, 0.9296296296296296, 0.9555555555555556, 0.9481481481481482
2024-05-21 16:38:57 - WARNING  - Epoch: 424, Sum of Accs: 9.344, Sum of s_i: 101.0424160467469
2024-05-21 16:39:03 - INFO     - {6: 10.184712172014624, 9: 10.043485655881806, 0: 10.171705266964276, 2: 10.212026664442707, 4: 10.047324141870446, 3: 10.118478885689163, 5: 10.158546388652143, 1: 10.191327140909147, 8: 9.999563066628964, 7: 9.998310162587565}
2024-05-21 16:39:03 - INFO     - 0.9407407407407408, 0.9259259259259259, 0.937037037037037, 0.9333333333333333, 0.9, 0.9444444444444444, 0.9259259259259259, 0.9296296296296296, 0.9555555555555556, 0.9481481481481482
2024-05-21 16:39:03 - WARNING  - Epoch: 425, Sum of Accs: 9.341, Sum of s_i: 101.12547954564084
2024-05-21 16:39:09 - INFO     - {6: 10.193212241921563, 9: 10.051260089390755, 0: 10.17966032290675, 2: 10.220291981779246, 4: 10.055249677230012, 3: 10.126812851424152, 5: 10.16642589885035, 1: 10.19965110100858, 8: 10.007751642435077, 7: 10.006583390228037}
2024-05-21 16:39:09 - INFO     - 0.9407407407407408, 0.9259259259259259, 0.937037037037037, 0.9333333333333333, 0.9, 0.9444444444444444, 0.9259259259259259, 0.9296296296296296, 0.9555555555555556, 0.9481481481481482
2024-05-21 16:39:09 - WARNING  - Epoch: 426, Sum of Accs: 9.341, Sum of s_i: 101.20689919717452
2024-05-21 16:39:14 - INFO     - {6: 10.201064819310844, 9: 10.059236971470737, 0: 10.187540960889258, 2: 10.228675172301253, 4: 10.062711407399396, 3: 10.135304725980172, 5: 10.174256388418598, 1: 10.2077944866921, 8: 10.014964227286148, 7: 10.014876859116379}
2024-05-21 16:39:14 - INFO     - 0.9407407407407408, 0.9259259259259259, 0.937037037037037, 0.9333333333333333, 0.9, 0.9444444444444444, 0.9296296296296296, 0.9296296296296296, 0.9555555555555556, 0.9481481481481482
2024-05-21 16:39:14 - WARNING  - Epoch: 427, Sum of Accs: 9.344, Sum of s_i: 101.28642601886489
2024-05-21 16:39:20 - INFO     - {6: 10.209554524311638, 9: 10.067663702642344, 0: 10.195898467962689, 2: 10.236945381771012, 4: 10.070625127828613, 3: 10.14355231266294, 5: 10.182011550662743, 1: 10.215650786052475, 8: 10.022811157406682, 7: 10.023061701456548}
2024-05-21 16:39:20 - INFO     - 0.9407407407407408, 0.9222222222222223, 0.9333333333333333, 0.9333333333333333, 0.9074074074074074, 0.9407407407407408, 0.937037037037037, 0.9333333333333333, 0.9555555555555556, 0.9481481481481482
2024-05-21 16:39:20 - WARNING  - Epoch: 428, Sum of Accs: 9.352, Sum of s_i: 101.3677747127577
2024-05-21 16:39:26 - INFO     - {6: 10.21781298489259, 9: 10.075947377073932, 0: 10.20435231468641, 2: 10.245847840349972, 4: 10.078264990320958, 3: 10.151784498944618, 5: 10.190659303731916, 1: 10.223636955471646, 8: 10.0313763315418, 7: 10.031293319724842}
2024-05-21 16:39:26 - INFO     - 0.9407407407407408, 0.9259259259259259, 0.937037037037037, 0.9333333333333333, 0.9, 0.9444444444444444, 0.9296296296296296, 0.9333333333333333, 0.9555555555555556, 0.9481481481481482
2024-05-21 16:39:26 - WARNING  - Epoch: 429, Sum of Accs: 9.348, Sum of s_i: 101.4509759167387
2024-05-21 16:39:32 - INFO     - {6: 10.22662692492312, 9: 10.084359708176182, 0: 10.212734974464682, 2: 10.253870573776231, 4: 10.086618827133643, 3: 10.160335978324836, 5: 10.198465724896973, 1: 10.231940643013965, 8: 10.039198801959662, 7: 10.039444316475628}
2024-05-21 16:39:32 - INFO     - 0.9407407407407408, 0.9222222222222223, 0.937037037037037, 0.9333333333333333, 0.9, 0.9407407407407408, 0.9296296296296296, 0.9333333333333333, 0.9555555555555556, 0.9481481481481482
2024-05-21 16:39:32 - WARNING  - Epoch: 430, Sum of Accs: 9.341, Sum of s_i: 101.53359647314493
2024-05-21 16:39:37 - INFO     - {6: 10.23467536954811, 9: 10.092492264631266, 0: 10.220687199100162, 2: 10.262452348872387, 4: 10.09474888443018, 3: 10.1686903482283, 5: 10.20691835058617, 1: 10.24030265405168, 8: 10.04693969135694, 7: 10.047191843029424}
2024-05-21 16:39:37 - INFO     - 0.9407407407407408, 0.9222222222222223, 0.937037037037037, 0.9333333333333333, 0.9, 0.9444444444444444, 0.9333333333333333, 0.9333333333333333, 0.9555555555555556, 0.9481481481481482
2024-05-21 16:39:37 - WARNING  - Epoch: 431, Sum of Accs: 9.348, Sum of s_i: 101.6150989538346
2024-05-21 16:39:43 - INFO     - {6: 10.243727819637044, 9: 10.100601690120623, 0: 10.228536984079376, 2: 10.270694799579276, 4: 10.102285555483538, 3: 10.176803022162977, 5: 10.214563714787642, 1: 10.248706511894556, 8: 10.0546431240377, 7: 10.0547892012363}
2024-05-21 16:39:43 - INFO     - 0.9407407407407408, 0.9222222222222223, 0.937037037037037, 0.9333333333333333, 0.9, 0.9407407407407408, 0.9333333333333333, 0.9333333333333333, 0.9555555555555556, 0.9481481481481482
2024-05-21 16:39:43 - WARNING  - Epoch: 432, Sum of Accs: 9.344, Sum of s_i: 101.69535242301903
2024-05-21 16:39:49 - INFO     - {6: 10.25217930934648, 9: 10.108672659979112, 0: 10.237112920496998, 2: 10.27858313701052, 4: 10.110680001373115, 3: 10.18451693805569, 5: 10.223390409095606, 1: 10.256697273531207, 8: 10.062424735874126, 7: 10.06299928229325}
2024-05-21 16:39:49 - INFO     - 0.9407407407407408, 0.9222222222222223, 0.937037037037037, 0.9333333333333333, 0.9037037037037037, 0.9407407407407408, 0.9333333333333333, 0.9333333333333333, 0.9555555555555556, 0.9481481481481482
2024-05-21 16:39:49 - WARNING  - Epoch: 433, Sum of Accs: 9.348, Sum of s_i: 101.77725666705611
2024-05-21 16:39:55 - INFO     - {6: 10.260253142841977, 9: 10.116648300811793, 0: 10.245329137504664, 2: 10.28645198510374, 4: 10.118851653787242, 3: 10.192435078472652, 5: 10.231520579061474, 1: 10.265348683485387, 8: 10.070548757064337, 7: 10.071103138342904}
2024-05-21 16:39:55 - INFO     - 0.9407407407407408, 0.9222222222222223, 0.937037037037037, 0.9333333333333333, 0.9074074074074074, 0.9407407407407408, 0.9333333333333333, 0.9333333333333333, 0.9555555555555556, 0.9481481481481482
2024-05-21 16:39:55 - WARNING  - Epoch: 434, Sum of Accs: 9.352, Sum of s_i: 101.85849045647619
2024-05-21 16:40:00 - INFO     - {6: 10.268125047379216, 9: 10.124980561745215, 0: 10.253157136765719, 2: 10.294903806329065, 4: 10.127091751007821, 3: 10.200659476514742, 5: 10.240028250745754, 1: 10.273293566988292, 8: 10.07814781625277, 7: 10.079379696819268}
2024-05-21 16:40:00 - INFO     - 0.9407407407407408, 0.9222222222222223, 0.937037037037037, 0.9333333333333333, 0.9037037037037037, 0.9407407407407408, 0.9333333333333333, 0.9333333333333333, 0.9555555555555556, 0.9481481481481482
2024-05-21 16:40:00 - WARNING  - Epoch: 435, Sum of Accs: 9.348, Sum of s_i: 101.93976711054786
2024-05-21 16:40:06 - INFO     - {6: 10.275805018226025, 9: 10.132969819014075, 0: 10.260465637919191, 2: 10.303798780346705, 4: 10.134953064769388, 3: 10.208781484057523, 5: 10.248444474985181, 1: 10.281431736809, 8: 10.086382162591704, 7: 10.087250698233488}
2024-05-21 16:40:06 - INFO     - 0.9407407407407408, 0.9222222222222223, 0.937037037037037, 0.9333333333333333, 0.9074074074074074, 0.9407407407407408, 0.9333333333333333, 0.9333333333333333, 0.9555555555555556, 0.9481481481481482
2024-05-21 16:40:06 - WARNING  - Epoch: 436, Sum of Accs: 9.352, Sum of s_i: 102.02028287695228
2024-05-21 16:40:12 - INFO     - {6: 10.284618497070985, 9: 10.140299767296451, 0: 10.268337871132632, 2: 10.311677072017902, 4: 10.142347449978587, 3: 10.216891468764336, 5: 10.256766677031894, 1: 10.289180854175301, 8: 10.09457240726865, 7: 10.095028055558616}
2024-05-21 16:40:12 - INFO     - 0.9407407407407408, 0.9222222222222223, 0.937037037037037, 0.9333333333333333, 0.9074074074074074, 0.9407407407407408, 0.9333333333333333, 0.9333333333333333, 0.9555555555555556, 0.9481481481481482
2024-05-21 16:40:12 - WARNING  - Epoch: 437, Sum of Accs: 9.352, Sum of s_i: 102.09972012029534
2024-05-21 16:40:18 - INFO     - {6: 10.293079154439884, 9: 10.148264685675043, 0: 10.27677790371408, 2: 10.319875078553116, 4: 10.150452499857472, 3: 10.224968229184388, 5: 10.264980866966598, 1: 10.297395741934757, 8: 10.102409778467706, 7: 10.102898162221686}
2024-05-21 16:40:18 - INFO     - 0.9407407407407408, 0.9222222222222223, 0.937037037037037, 0.9333333333333333, 0.9074074074074074, 0.9407407407407408, 0.9333333333333333, 0.9333333333333333, 0.9555555555555556, 0.9481481481481482
2024-05-21 16:40:18 - WARNING  - Epoch: 438, Sum of Accs: 9.352, Sum of s_i: 102.18110210101473
2024-05-21 16:40:23 - INFO     - {6: 10.301239867060172, 9: 10.156286184224141, 0: 10.285073421110315, 2: 10.328571421237022, 4: 10.158607488117408, 3: 10.232714809857383, 5: 10.273013996186572, 1: 10.3052610628944, 8: 10.110425192412931, 7: 10.110846622498832}
2024-05-21 16:40:23 - INFO     - 0.9407407407407408, 0.9222222222222223, 0.937037037037037, 0.9333333333333333, 0.9074074074074074, 0.9407407407407408, 0.9333333333333333, 0.9333333333333333, 0.9555555555555556, 0.9481481481481482
2024-05-21 16:40:23 - WARNING  - Epoch: 439, Sum of Accs: 9.352, Sum of s_i: 102.26204006559918
2024-05-21 16:40:29 - INFO     - {6: 10.309918345138122, 9: 10.164270177684465, 0: 10.293248665331033, 2: 10.33692112170801, 4: 10.166404191711392, 3: 10.240497679045298, 5: 10.280974827115562, 1: 10.313527181173331, 8: 10.118475832137975, 7: 10.119258437834066}
2024-05-21 16:40:29 - INFO     - 0.9407407407407408, 0.9222222222222223, 0.9333333333333333, 0.9333333333333333, 0.9111111111111111, 0.9407407407407408, 0.9333333333333333, 0.9333333333333333, 0.9555555555555556, 0.9481481481481482
2024-05-21 16:40:29 - WARNING  - Epoch: 440, Sum of Accs: 9.352, Sum of s_i: 102.34349645887924
2024-05-21 16:40:35 - INFO     - {6: 10.318588158305543, 9: 10.172218228545836, 0: 10.301030504952033, 2: 10.34512093192436, 4: 10.173685126539972, 3: 10.248829939060954, 5: 10.288843812023773, 1: 10.320711722096386, 8: 10.12596697507669, 7: 10.126957293471746}
2024-05-21 16:40:35 - INFO     - 0.9407407407407408, 0.9222222222222223, 0.9296296296296296, 0.9333333333333333, 0.9111111111111111, 0.9407407407407408, 0.9333333333333333, 0.9333333333333333, 0.9555555555555556, 0.9481481481481482
2024-05-21 16:40:35 - WARNING  - Epoch: 441, Sum of Accs: 9.348, Sum of s_i: 102.4219526919973
2024-05-21 16:40:40 - INFO     - {6: 10.327159021277412, 9: 10.180393276915781, 0: 10.308986031854982, 2: 10.354176913566171, 4: 10.181419803286065, 3: 10.256738945062292, 5: 10.296976978576119, 1: 10.32951507752206, 8: 10.1336629376594, 7: 10.135317312101696}
2024-05-21 16:40:40 - INFO     - 0.9407407407407408, 0.9222222222222223, 0.9296296296296296, 0.9333333333333333, 0.9111111111111111, 0.9407407407407408, 0.9333333333333333, 0.9333333333333333, 0.9555555555555556, 0.9481481481481482
2024-05-21 16:40:40 - WARNING  - Epoch: 442, Sum of Accs: 9.348, Sum of s_i: 102.50434629782198
2024-05-21 16:40:46 - INFO     - {6: 10.33538851982355, 9: 10.187717517945265, 0: 10.317278051344019, 2: 10.362568226265042, 4: 10.1896058350558, 3: 10.265056599672802, 5: 10.305241745199446, 1: 10.337869132071926, 8: 10.1412179743515, 7: 10.142947839086524}
2024-05-21 16:40:46 - INFO     - 0.9407407407407408, 0.9222222222222223, 0.9296296296296296, 0.9333333333333333, 0.9111111111111111, 0.9407407407407408, 0.9333333333333333, 0.9333333333333333, 0.9555555555555556, 0.9481481481481482
2024-05-21 16:40:46 - WARNING  - Epoch: 443, Sum of Accs: 9.348, Sum of s_i: 102.58489144081588
2024-05-21 16:40:52 - INFO     - {6: 10.344181940917533, 9: 10.19565364614337, 0: 10.325784265458365, 2: 10.371303208410243, 4: 10.197712707111036, 3: 10.272732171450585, 5: 10.31346025906169, 1: 10.345728468732277, 8: 10.149316862320223, 7: 10.150961404569145}
2024-05-21 16:40:52 - INFO     - 0.9407407407407408, 0.9222222222222223, 0.9296296296296296, 0.9333333333333333, 0.9111111111111111, 0.9407407407407408, 0.9333333333333333, 0.9333333333333333, 0.9555555555555556, 0.9481481481481482
2024-05-21 16:40:52 - WARNING  - Epoch: 444, Sum of Accs: 9.348, Sum of s_i: 102.66683493417446
2024-05-21 16:40:57 - INFO     - {6: 10.352663603204842, 9: 10.20341789678743, 0: 10.333881217487033, 2: 10.380016440326848, 4: 10.205624431052328, 3: 10.281539718773017, 5: 10.32206694371801, 1: 10.354039294023789, 8: 10.156836476244187, 7: 10.158572476251798}
2024-05-21 16:40:57 - INFO     - 0.9407407407407408, 0.9222222222222223, 0.9296296296296296, 0.9333333333333333, 0.9111111111111111, 0.9407407407407408, 0.9333333333333333, 0.9333333333333333, 0.9555555555555556, 0.9481481481481482
2024-05-21 16:40:57 - WARNING  - Epoch: 445, Sum of Accs: 9.348, Sum of s_i: 102.74865849786929
2024-05-21 16:41:03 - INFO     - {6: 10.360187693217739, 9: 10.210675478060278, 0: 10.34161086324371, 2: 10.388361320420232, 4: 10.213415599014926, 3: 10.28948179127206, 5: 10.329923657296735, 1: 10.362212627617891, 8: 10.164558457143157, 7: 10.165493111464484}
2024-05-21 16:41:03 - INFO     - 0.9407407407407408, 0.9222222222222223, 0.9296296296296296, 0.9333333333333333, 0.9111111111111111, 0.9444444444444444, 0.9333333333333333, 0.9333333333333333, 0.9555555555555556, 0.9481481481481482
2024-05-21 16:41:03 - WARNING  - Epoch: 446, Sum of Accs: 9.352, Sum of s_i: 102.82592059875122
2024-05-21 16:41:09 - INFO     - {6: 10.367873185741807, 9: 10.218291531818236, 0: 10.349787689304785, 2: 10.397023789473733, 4: 10.221641233972129, 3: 10.296837358120264, 5: 10.33831502518537, 1: 10.370439533438807, 8: 10.172473372570419, 7: 10.17313288312352}
2024-05-21 16:41:09 - INFO     - 0.937037037037037, 0.9222222222222223, 0.9296296296296296, 0.9333333333333333, 0.9111111111111111, 0.9444444444444444, 0.9333333333333333, 0.9333333333333333, 0.9555555555555556, 0.9481481481481482
2024-05-21 16:41:09 - WARNING  - Epoch: 447, Sum of Accs: 9.348, Sum of s_i: 102.90581560274907
2024-05-21 16:41:14 - INFO     - {6: 10.37588929066033, 9: 10.225890583206379, 0: 10.358372318783017, 2: 10.405083096710273, 4: 10.229833714784505, 3: 10.304727668005276, 5: 10.345940347304454, 1: 10.378562996940687, 8: 10.179370369484484, 7: 10.181039125240035}
2024-05-21 16:41:14 - INFO     - 0.937037037037037, 0.9222222222222223, 0.9296296296296296, 0.9333333333333333, 0.9111111111111111, 0.9444444444444444, 0.9333333333333333, 0.9333333333333333, 0.9555555555555556, 0.9481481481481482
2024-05-21 16:41:14 - WARNING  - Epoch: 448, Sum of Accs: 9.348, Sum of s_i: 102.98470951111945
2024-05-21 16:41:20 - INFO     - {6: 10.383625142092137, 9: 10.233485089932037, 0: 10.36700426568001, 2: 10.413141850648028, 4: 10.23729497662575, 3: 10.31291511971095, 5: 10.353632435130422, 1: 10.386630778396013, 8: 10.187332489621188, 7: 10.189184901067577}
2024-05-21 16:41:20 - INFO     - 0.937037037037037, 0.9259259259259259, 0.9296296296296296, 0.9333333333333333, 0.9111111111111111, 0.9444444444444444, 0.9333333333333333, 0.9333333333333333, 0.9555555555555556, 0.9481481481481482
2024-05-21 16:41:20 - WARNING  - Epoch: 449, Sum of Accs: 9.352, Sum of s_i: 103.06424704890411
2024-05-21 16:41:26 - INFO     - {6: 10.3912248190963, 9: 10.24101866305291, 0: 10.375290043420904, 2: 10.420813288297355, 4: 10.245254221370143, 3: 10.32031390707949, 5: 10.361370165843034, 1: 10.394484348755222, 8: 10.195029030763077, 7: 10.196888409374093}
2024-05-21 16:41:26 - INFO     - 0.937037037037037, 0.9259259259259259, 0.9296296296296296, 0.9333333333333333, 0.9111111111111111, 0.9444444444444444, 0.9333333333333333, 0.9333333333333333, 0.9555555555555556, 0.9481481481481482
2024-05-21 16:41:26 - WARNING  - Epoch: 450, Sum of Accs: 9.352, Sum of s_i: 103.14168689705254
2024-05-21 16:41:32 - INFO     - {6: 10.39923953346186, 9: 10.248321879494823, 0: 10.38372424072198, 2: 10.429727715164372, 4: 10.25245153659866, 3: 10.32823685489311, 5: 10.369717387320806, 1: 10.402336355119578, 8: 10.20329376324145, 7: 10.204032567766037}
2024-05-21 16:41:32 - INFO     - 0.937037037037037, 0.9296296296296296, 0.9296296296296296, 0.9333333333333333, 0.9111111111111111, 0.9444444444444444, 0.9333333333333333, 0.9333333333333333, 0.9555555555555556, 0.9481481481481482
2024-05-21 16:41:32 - WARNING  - Epoch: 451, Sum of Accs: 9.356, Sum of s_i: 103.22108183378266
2024-05-21 16:41:38 - INFO     - {6: 10.40778218844277, 9: 10.256146008212628, 0: 10.391399915562584, 2: 10.437510136520991, 4: 10.260432594021305, 3: 10.336185694669602, 5: 10.377277688750416, 1: 10.410083803578935, 8: 10.211000821180717, 7: 10.211440183553398}
2024-05-21 16:41:38 - INFO     - 0.937037037037037, 0.9259259259259259, 0.9296296296296296, 0.9333333333333333, 0.9111111111111111, 0.9444444444444444, 0.9333333333333333, 0.9333333333333333, 0.9555555555555556, 0.9481481481481482
2024-05-21 16:41:38 - WARNING  - Epoch: 452, Sum of Accs: 9.352, Sum of s_i: 103.29925903449333
2024-05-21 16:41:43 - INFO     - {6: 10.415561009642342, 9: 10.26420686307474, 0: 10.399225963677877, 2: 10.446042388523919, 4: 10.267874329837031, 3: 10.34394448471622, 5: 10.385432670293078, 1: 10.417791337498372, 8: 10.218898331454927, 7: 10.21914627806352}
2024-05-21 16:41:43 - INFO     - 0.937037037037037, 0.9296296296296296, 0.9296296296296296, 0.9333333333333333, 0.9111111111111111, 0.9444444444444444, 0.9333333333333333, 0.9333333333333333, 0.9555555555555556, 0.9481481481481482
2024-05-21 16:41:43 - WARNING  - Epoch: 453, Sum of Accs: 9.356, Sum of s_i: 103.37812365678202
2024-05-21 16:41:49 - INFO     - {6: 10.42390989392182, 9: 10.272470284458004, 0: 10.407879715054941, 2: 10.453908706398982, 4: 10.275946881622605, 3: 10.35230863109301, 5: 10.393713868853967, 1: 10.426037657414776, 8: 10.226397988009058, 7: 10.226907027690984}
2024-05-21 16:41:49 - INFO     - 0.937037037037037, 0.9296296296296296, 0.9296296296296296, 0.9333333333333333, 0.9148148148148149, 0.9444444444444444, 0.9333333333333333, 0.9333333333333333, 0.9555555555555556, 0.9481481481481482
2024-05-21 16:41:49 - WARNING  - Epoch: 454, Sum of Accs: 9.359, Sum of s_i: 103.45948065451815
2024-05-21 16:41:55 - INFO     - {6: 10.43206314522526, 9: 10.27978453392879, 0: 10.415497957699257, 2: 10.462160867622377, 4: 10.284148118919923, 3: 10.360117845782039, 5: 10.402115259782796, 1: 10.433870358684603, 8: 10.23378406093466, 7: 10.234969706705968}
2024-05-21 16:41:55 - INFO     - 0.937037037037037, 0.9333333333333333, 0.9296296296296296, 0.9333333333333333, 0.9148148148148149, 0.9444444444444444, 0.9333333333333333, 0.9333333333333333, 0.9555555555555556, 0.9481481481481482
2024-05-21 16:41:55 - WARNING  - Epoch: 455, Sum of Accs: 9.363, Sum of s_i: 103.53851185528565
2024-05-21 16:42:01 - INFO     - {6: 10.439896382468628, 9: 10.287263987168759, 0: 10.423166019019256, 2: 10.470512500894309, 4: 10.291812478322916, 3: 10.36802277499874, 5: 10.409913483087552, 1: 10.441325014597034, 8: 10.241335748757153, 7: 10.24256111159613}
2024-05-21 16:42:01 - INFO     - 0.937037037037037, 0.9296296296296296, 0.9296296296296296, 0.9333333333333333, 0.9148148148148149, 0.9444444444444444, 0.9333333333333333, 0.9333333333333333, 0.9555555555555556, 0.9481481481481482
2024-05-21 16:42:01 - WARNING  - Epoch: 456, Sum of Accs: 9.359, Sum of s_i: 103.61580950091049
2024-05-21 16:42:06 - INFO     - {6: 10.447523418701486, 9: 10.294887759010114, 0: 10.431112852301027, 2: 10.479221732144264, 4: 10.299787551607679, 3: 10.375598323339936, 5: 10.41821373183259, 1: 10.449374573182757, 8: 10.248256562547681, 7: 10.250670591188172}
2024-05-21 16:42:06 - INFO     - 0.937037037037037, 0.9333333333333333, 0.9296296296296296, 0.9333333333333333, 0.9148148148148149, 0.9444444444444444, 0.9333333333333333, 0.9333333333333333, 0.9555555555555556, 0.9481481481481482
2024-05-21 16:42:06 - WARNING  - Epoch: 457, Sum of Accs: 9.363, Sum of s_i: 103.6946470958557
2024-05-21 16:42:12 - INFO     - {6: 10.45509939819412, 9: 10.302146895680863, 0: 10.438758109778496, 2: 10.486874589889402, 4: 10.307347826716255, 3: 10.38370168352525, 5: 10.426003738938295, 1: 10.45701467552775, 8: 10.255864013902873, 7: 10.258434923903636}
2024-05-21 16:42:12 - INFO     - 0.937037037037037, 0.9296296296296296, 0.9296296296296296, 0.9333333333333333, 0.9148148148148149, 0.9444444444444444, 0.9333333333333333, 0.9333333333333333, 0.9555555555555556, 0.9481481481481482
2024-05-21 16:42:12 - WARNING  - Epoch: 458, Sum of Accs: 9.359, Sum of s_i: 103.77124585605692
2024-05-21 16:42:18 - INFO     - {6: 10.463613067015395, 9: 10.309869590728244, 0: 10.447035665777074, 2: 10.494469323109676, 4: 10.314778470649388, 3: 10.391854158279791, 5: 10.433895960867266, 1: 10.465095831912095, 8: 10.263325673798223, 7: 10.265759674648178}
2024-05-21 16:42:18 - INFO     - 0.937037037037037, 0.9333333333333333, 0.9296296296296296, 0.9333333333333333, 0.9148148148148149, 0.9444444444444444, 0.9333333333333333, 0.9333333333333333, 0.9555555555555556, 0.9481481481481482
2024-05-21 16:42:18 - WARNING  - Epoch: 459, Sum of Accs: 9.363, Sum of s_i: 103.84969741678533
2024-05-21 16:42:24 - INFO     - {6: 10.471580400808895, 9: 10.317341971551848, 0: 10.45550530629113, 2: 10.502292165262668, 4: 10.323642925808894, 3: 10.399783260503673, 5: 10.442659065869218, 1: 10.472979207638977, 8: 10.270674641020735, 7: 10.27322343757307}
2024-05-21 16:42:24 - INFO     - 0.937037037037037, 0.9333333333333333, 0.9296296296296296, 0.937037037037037, 0.9148148148148149, 0.9444444444444444, 0.9333333333333333, 0.9333333333333333, 0.9555555555555556, 0.9444444444444444
2024-05-21 16:42:24 - WARNING  - Epoch: 460, Sum of Accs: 9.363, Sum of s_i: 103.92968238232909
2024-05-21 16:42:29 - INFO     - {6: 10.479876614225974, 9: 10.32475258547487, 0: 10.464047140624528, 2: 10.509820704593606, 4: 10.331244851131963, 3: 10.407471430044618, 5: 10.450898749350479, 1: 10.480653626503022, 8: 10.277768558608301, 7: 10.280551619129806}
2024-05-21 16:42:29 - INFO     - 0.937037037037037, 0.9333333333333333, 0.9296296296296296, 0.937037037037037, 0.9148148148148149, 0.9444444444444444, 0.9333333333333333, 0.9333333333333333, 0.9555555555555556, 0.9444444444444444
2024-05-21 16:42:29 - WARNING  - Epoch: 461, Sum of Accs: 9.363, Sum of s_i: 104.00708587968718
2024-05-21 16:42:35 - INFO     - {6: 10.488344010984513, 9: 10.33256016866117, 0: 10.472031347975914, 2: 10.517945257438138, 4: 10.338847992814037, 3: 10.415297205947823, 5: 10.458487552282662, 1: 10.488297816812375, 8: 10.285732841322039, 7: 10.28743235634686}
2024-05-21 16:42:35 - INFO     - 0.937037037037037, 0.9296296296296296, 0.9296296296296296, 0.937037037037037, 0.9148148148148149, 0.9444444444444444, 0.9333333333333333, 0.9333333333333333, 0.9555555555555556, 0.9444444444444444
2024-05-21 16:42:35 - WARNING  - Epoch: 462, Sum of Accs: 9.359, Sum of s_i: 104.08497655058552
2024-05-21 16:42:41 - INFO     - {6: 10.49656860756589, 9: 10.341237892219453, 0: 10.479784538723239, 2: 10.52570456529173, 4: 10.346606867759172, 3: 10.422531369227334, 5: 10.46655888918446, 1: 10.496065541205235, 8: 10.29349737124122, 7: 10.294855903579629}
2024-05-21 16:42:41 - INFO     - 0.937037037037037, 0.9333333333333333, 0.9296296296296296, 0.937037037037037, 0.9148148148148149, 0.9444444444444444, 0.9333333333333333, 0.9333333333333333, 0.9555555555555556, 0.9444444444444444
2024-05-21 16:42:41 - WARNING  - Epoch: 463, Sum of Accs: 9.363, Sum of s_i: 104.16341154599736
2024-05-21 16:42:47 - INFO     - {6: 10.50418093963923, 9: 10.349336514570274, 0: 10.487093192550375, 2: 10.533739345258303, 4: 10.35369349878813, 3: 10.43026415813586, 5: 10.474257745315912, 1: 10.50485753938628, 8: 10.301179327279836, 7: 10.30239724577787}
2024-05-21 16:42:47 - INFO     - 0.937037037037037, 0.9333333333333333, 0.9296296296296296, 0.937037037037037, 0.9148148148148149, 0.9444444444444444, 0.9333333333333333, 0.9333333333333333, 0.9555555555555556, 0.9444444444444444
2024-05-21 16:42:47 - WARNING  - Epoch: 464, Sum of Accs: 9.363, Sum of s_i: 104.24099950670207
2024-05-21 16:42:52 - INFO     - {6: 10.512058024589312, 9: 10.35675209483761, 0: 10.49524010600368, 2: 10.541834783382011, 4: 10.360566661283883, 3: 10.4377856440192, 5: 10.482122619235861, 1: 10.512141863148576, 8: 10.308242996988382, 7: 10.30952995339057}
2024-05-21 16:42:52 - INFO     - 0.937037037037037, 0.9333333333333333, 0.9296296296296296, 0.937037037037037, 0.9148148148148149, 0.9444444444444444, 0.9333333333333333, 0.9333333333333333, 0.9555555555555556, 0.9444444444444444
2024-05-21 16:42:52 - WARNING  - Epoch: 465, Sum of Accs: 9.363, Sum of s_i: 104.31627474687909
2024-05-21 16:42:58 - INFO     - {6: 10.519446561860416, 9: 10.364349917713392, 0: 10.502672119906219, 2: 10.55009239117793, 4: 10.3678097194089, 3: 10.44538817602542, 5: 10.490038171053197, 1: 10.519899606848464, 8: 10.316343387093397, 7: 10.317054687965783}
2024-05-21 16:42:58 - INFO     - 0.937037037037037, 0.9333333333333333, 0.9296296296296296, 0.937037037037037, 0.9148148148148149, 0.9444444444444444, 0.9333333333333333, 0.9333333333333333, 0.9555555555555556, 0.9444444444444444
2024-05-21 16:42:58 - WARNING  - Epoch: 466, Sum of Accs: 9.363, Sum of s_i: 104.39309473905313
2024-05-21 16:43:04 - INFO     - {6: 10.526157978200427, 9: 10.372427178441043, 0: 10.51077467795511, 2: 10.557798396818034, 4: 10.375630583121525, 3: 10.453257414187979, 5: 10.498143483840284, 1: 10.527986406980963, 8: 10.324257158265855, 7: 10.32438169487213}
2024-05-21 16:43:04 - INFO     - 0.937037037037037, 0.9333333333333333, 0.9296296296296296, 0.937037037037037, 0.9148148148148149, 0.9444444444444444, 0.9333333333333333, 0.9333333333333333, 0.9555555555555556, 0.9444444444444444
2024-05-21 16:43:04 - WARNING  - Epoch: 467, Sum of Accs: 9.363, Sum of s_i: 104.47081497268334
2024-05-21 16:43:10 - INFO     - {6: 10.533843475469476, 9: 10.37998136629858, 0: 10.518811151779763, 2: 10.565643629172914, 4: 10.38281917503361, 3: 10.460593659268973, 5: 10.505664368094557, 1: 10.535455353688281, 8: 10.331746678552692, 7: 10.331481895133052}
2024-05-21 16:43:10 - INFO     - 0.937037037037037, 0.9333333333333333, 0.9296296296296296, 0.937037037037037, 0.9148148148148149, 0.9444444444444444, 0.9333333333333333, 0.9333333333333333, 0.9555555555555556, 0.9444444444444444
2024-05-21 16:43:10 - WARNING  - Epoch: 468, Sum of Accs: 9.363, Sum of s_i: 104.54604075249189
2024-05-21 16:43:15 - INFO     - {6: 10.541667996443728, 9: 10.387698072406996, 0: 10.526693916893423, 2: 10.57362097803473, 4: 10.390653786446274, 3: 10.467463394287858, 5: 10.513246070644335, 1: 10.543430265526453, 8: 10.339329277723424, 7: 10.338614368052516}
2024-05-21 16:43:15 - INFO     - 0.937037037037037, 0.9333333333333333, 0.9259259259259259, 0.937037037037037, 0.9148148148148149, 0.9444444444444444, 0.9333333333333333, 0.9333333333333333, 0.9555555555555556, 0.9444444444444444
2024-05-21 16:43:15 - WARNING  - Epoch: 469, Sum of Accs: 9.359, Sum of s_i: 104.62241812645975
2024-05-21 16:43:21 - INFO     - {6: 10.549667386590958, 9: 10.396172482735402, 0: 10.535065355498851, 2: 10.581465728852455, 4: 10.398026933944186, 3: 10.474943606669797, 5: 10.520980612190256, 1: 10.551071862190442, 8: 10.347034607016482, 7: 10.345979020897}
2024-05-21 16:43:21 - INFO     - 0.937037037037037, 0.9333333333333333, 0.9259259259259259, 0.937037037037037, 0.9148148148148149, 0.9444444444444444, 0.9333333333333333, 0.9333333333333333, 0.9555555555555556, 0.9444444444444444
2024-05-21 16:43:21 - WARNING  - Epoch: 470, Sum of Accs: 9.359, Sum of s_i: 104.70040759658583
2024-05-21 16:43:27 - INFO     - {6: 10.557755367773497, 9: 10.40427588888347, 0: 10.542942167019241, 2: 10.588766992701672, 4: 10.405512922226626, 3: 10.482254765972955, 5: 10.528572791055858, 1: 10.559398898800268, 8: 10.354456287353758, 7: 10.353410643109774}
2024-05-21 16:43:27 - INFO     - 0.937037037037037, 0.9333333333333333, 0.9259259259259259, 0.937037037037037, 0.9148148148148149, 0.9444444444444444, 0.9333333333333333, 0.9333333333333333, 0.9555555555555556, 0.9444444444444444
2024-05-21 16:43:27 - WARNING  - Epoch: 471, Sum of Accs: 9.359, Sum of s_i: 104.77734672489711
2024-05-21 16:43:33 - INFO     - {6: 10.565350014457167, 9: 10.41239581000969, 0: 10.550840802012967, 2: 10.59631276722842, 4: 10.412477912313635, 3: 10.490347896413232, 5: 10.536339279983281, 1: 10.566673267140208, 8: 10.362210225648228, 7: 10.36081508253654}
2024-05-21 16:43:33 - INFO     - 0.937037037037037, 0.9333333333333333, 0.9259259259259259, 0.937037037037037, 0.9148148148148149, 0.9444444444444444, 0.9333333333333333, 0.9333333333333333, 0.9555555555555556, 0.9444444444444444
2024-05-21 16:43:33 - WARNING  - Epoch: 472, Sum of Accs: 9.359, Sum of s_i: 104.85376305774335
2024-05-21 16:43:38 - INFO     - {6: 10.57305186029948, 9: 10.419574502590873, 0: 10.558380419574679, 2: 10.60483791762319, 4: 10.419439196075974, 3: 10.497802014099845, 5: 10.543616791280591, 1: 10.574293064396077, 8: 10.37018619144348, 7: 10.367807355003658}
2024-05-21 16:43:38 - INFO     - 0.937037037037037, 0.9333333333333333, 0.9222222222222223, 0.937037037037037, 0.9148148148148149, 0.9444444444444444, 0.9333333333333333, 0.9333333333333333, 0.9555555555555556, 0.9444444444444444
2024-05-21 16:43:38 - WARNING  - Epoch: 473, Sum of Accs: 9.356, Sum of s_i: 104.92898931238784
2024-05-21 16:43:44 - INFO     - {6: 10.580547400438235, 9: 10.426933543180384, 0: 10.56580213784291, 2: 10.612466098536967, 4: 10.427210751733593, 3: 10.505206571602153, 5: 10.551759007635917, 1: 10.582146032138466, 8: 10.37841456673663, 7: 10.37540503891793}
2024-05-21 16:43:44 - INFO     - 0.937037037037037, 0.9333333333333333, 0.9222222222222223, 0.937037037037037, 0.9148148148148149, 0.9444444444444444, 0.9333333333333333, 0.9333333333333333, 0.9555555555555556, 0.9444444444444444
2024-05-21 16:43:44 - WARNING  - Epoch: 474, Sum of Accs: 9.356, Sum of s_i: 105.0058911487632
2024-05-21 16:43:50 - INFO     - {6: 10.588457081687938, 9: 10.434238592399943, 0: 10.573276475834724, 2: 10.62014566179957, 4: 10.434591542514973, 3: 10.512361392767719, 5: 10.559185289081576, 1: 10.590245060608947, 8: 10.385947683136065, 7: 10.382745625495716}
2024-05-21 16:43:50 - INFO     - 0.937037037037037, 0.9333333333333333, 0.9222222222222223, 0.9333333333333333, 0.9148148148148149, 0.9444444444444444, 0.9333333333333333, 0.9333333333333333, 0.9555555555555556, 0.9444444444444444
2024-05-21 16:43:50 - WARNING  - Epoch: 475, Sum of Accs: 9.352, Sum of s_i: 105.08119440532717
2024-05-21 16:43:56 - INFO     - {6: 10.595800718397312, 9: 10.442422252367505, 0: 10.580415320994348, 2: 10.627693907136427, 4: 10.442733885094215, 3: 10.519704629640643, 5: 10.567064089603825, 1: 10.597994036853692, 8: 10.393263859574581, 7: 10.39025446059267}
2024-05-21 16:43:56 - INFO     - 0.937037037037037, 0.9333333333333333, 0.9222222222222223, 0.9333333333333333, 0.9148148148148149, 0.9444444444444444, 0.9333333333333333, 0.9333333333333333, 0.9555555555555556, 0.9444444444444444
2024-05-21 16:43:56 - WARNING  - Epoch: 476, Sum of Accs: 9.352, Sum of s_i: 105.15734716025523
2024-05-21 16:44:01 - INFO     - {6: 10.603141749571536, 9: 10.4496673320614, 0: 10.587468654578451, 2: 10.635456880708515, 4: 10.449793970075891, 3: 10.527255150033051, 5: 10.57515028969125, 1: 10.60579361032241, 8: 10.400326970707406, 7: 10.398447460701812}
2024-05-21 16:44:01 - INFO     - 0.937037037037037, 0.9333333333333333, 0.9222222222222223, 0.9333333333333333, 0.9148148148148149, 0.9444444444444444, 0.9333333333333333, 0.9333333333333333, 0.9555555555555556, 0.9444444444444444
2024-05-21 16:44:01 - WARNING  - Epoch: 477, Sum of Accs: 9.352, Sum of s_i: 105.23250206845172
2024-05-21 16:44:07 - INFO     - {6: 10.610864827371703, 9: 10.456952926250155, 0: 10.594996902574973, 2: 10.643336406966062, 4: 10.457035280122424, 3: 10.534363574828136, 5: 10.583005269639772, 1: 10.613690751627056, 8: 10.406960550350268, 7: 10.40584537885016}
2024-05-21 16:44:07 - INFO     - 0.937037037037037, 0.9333333333333333, 0.9222222222222223, 0.9333333333333333, 0.9148148148148149, 0.9444444444444444, 0.937037037037037, 0.9333333333333333, 0.9555555555555556, 0.9444444444444444
2024-05-21 16:44:07 - WARNING  - Epoch: 478, Sum of Accs: 9.356, Sum of s_i: 105.30705186858071
2024-05-21 16:44:13 - INFO     - {6: 10.618539966361418, 9: 10.464315526080407, 0: 10.603244624924663, 2: 10.651522607005662, 4: 10.46452230577368, 3: 10.54236513707566, 5: 10.590640782695822, 1: 10.621430134866676, 8: 10.414035781040285, 7: 10.413211993573666}
2024-05-21 16:44:13 - INFO     - 0.937037037037037, 0.9333333333333333, 0.9222222222222223, 0.9333333333333333, 0.9148148148148149, 0.9444444444444444, 0.937037037037037, 0.9333333333333333, 0.9555555555555556, 0.9444444444444444
2024-05-21 16:44:13 - WARNING  - Epoch: 479, Sum of Accs: 9.356, Sum of s_i: 105.38382885939792
2024-05-21 16:44:18 - INFO     - {6: 10.626269576325024, 9: 10.471999603130756, 0: 10.610419914142334, 2: 10.659369499540706, 4: 10.4722857700695, 3: 10.549663043470527, 5: 10.598325251254696, 1: 10.628882561813292, 8: 10.421900428551194, 7: 10.420649594409625}
2024-05-21 16:44:18 - INFO     - 0.937037037037037, 0.9333333333333333, 0.9222222222222223, 0.9333333333333333, 0.9148148148148149, 0.9444444444444444, 0.937037037037037, 0.9333333333333333, 0.9555555555555556, 0.9444444444444444
2024-05-21 16:44:18 - WARNING  - Epoch: 480, Sum of Accs: 9.356, Sum of s_i: 105.45976524270766
2024-05-21 16:44:24 - INFO     - {6: 10.63424393997532, 9: 10.479305214071687, 0: 10.618391996625725, 2: 10.666938542588849, 4: 10.479872829807835, 3: 10.557872519716012, 5: 10.6065430709195, 1: 10.636847552168494, 8: 10.428822097912327, 7: 10.427461394730596}
2024-05-21 16:44:24 - INFO     - 0.937037037037037, 0.9333333333333333, 0.9222222222222223, 0.9333333333333333, 0.9148148148148149, 0.9444444444444444, 0.937037037037037, 0.9333333333333333, 0.9555555555555556, 0.9444444444444444
2024-05-21 16:44:24 - WARNING  - Epoch: 481, Sum of Accs: 9.356, Sum of s_i: 105.53629915851634
2024-05-21 16:44:30 - INFO     - {6: 10.641990563616892, 9: 10.486824568705611, 0: 10.626175526527392, 2: 10.674801193393485, 4: 10.487807434464115, 3: 10.564903989579264, 5: 10.613958274628194, 1: 10.644996899950494, 8: 10.43663220297507, 7: 10.434902711646258}
2024-05-21 16:44:30 - INFO     - 0.937037037037037, 0.9333333333333333, 0.9222222222222223, 0.9333333333333333, 0.9148148148148149, 0.9444444444444444, 0.937037037037037, 0.9333333333333333, 0.9555555555555556, 0.9444444444444444
2024-05-21 16:44:30 - WARNING  - Epoch: 482, Sum of Accs: 9.356, Sum of s_i: 105.61299336548679
2024-05-21 16:44:36 - INFO     - {6: 10.649684461867107, 9: 10.49480327053819, 0: 10.63360363198896, 2: 10.682779519809813, 4: 10.495002805394224, 3: 10.571922193249486, 5: 10.621949830551843, 1: 10.652838147249685, 8: 10.443486461982703, 7: 10.442064159911318}
2024-05-21 16:44:36 - INFO     - 0.937037037037037, 0.9333333333333333, 0.9222222222222223, 0.9333333333333333, 0.9148148148148149, 0.9444444444444444, 0.937037037037037, 0.9333333333333333, 0.9555555555555556, 0.9444444444444444
2024-05-21 16:44:36 - WARNING  - Epoch: 483, Sum of Accs: 9.356, Sum of s_i: 105.68813448254332
2024-05-21 16:44:41 - INFO     - {6: 10.6576098157389, 9: 10.502637808206892, 0: 10.640900470163027, 2: 10.690542296603367, 4: 10.502191571597416, 3: 10.57953483547768, 5: 10.62932642384169, 1: 10.66035756305598, 8: 10.451157879692062, 7: 10.448909862302624}
2024-05-21 16:44:41 - INFO     - 0.937037037037037, 0.9333333333333333, 0.9222222222222223, 0.9333333333333333, 0.9148148148148149, 0.9444444444444444, 0.937037037037037, 0.9333333333333333, 0.9555555555555556, 0.9444444444444444
2024-05-21 16:44:41 - WARNING  - Epoch: 484, Sum of Accs: 9.356, Sum of s_i: 105.76316852667964
2024-05-21 16:44:47 - INFO     - {6: 10.665071866375614, 9: 10.510561644501255, 0: 10.648552603583234, 2: 10.698172611624381, 4: 10.509637989627347, 3: 10.587662516022379, 5: 10.636840706419365, 1: 10.668102359029394, 8: 10.458741774089564, 7: 10.456229790065468}
2024-05-21 16:44:47 - INFO     - 0.937037037037037, 0.9333333333333333, 0.9222222222222223, 0.9333333333333333, 0.9148148148148149, 0.9444444444444444, 0.937037037037037, 0.9333333333333333, 0.9555555555555556, 0.9444444444444444
2024-05-21 16:44:47 - WARNING  - Epoch: 485, Sum of Accs: 9.356, Sum of s_i: 105.83957386133798
2024-05-21 16:44:53 - INFO     - {6: 10.672803286829472, 9: 10.518070119406348, 0: 10.655964054503642, 2: 10.705395573602377, 4: 10.517677252607836, 3: 10.594577412311581, 5: 10.644316060723558, 1: 10.67581218652436, 8: 10.465550570236427, 7: 10.463894742054594}
2024-05-21 16:44:53 - INFO     - 0.937037037037037, 0.9333333333333333, 0.9222222222222223, 0.9333333333333333, 0.9148148148148149, 0.9444444444444444, 0.937037037037037, 0.9333333333333333, 0.9555555555555556, 0.9444444444444444
2024-05-21 16:44:53 - WARNING  - Epoch: 486, Sum of Accs: 9.356, Sum of s_i: 105.91406125880019
2024-05-21 16:44:59 - INFO     - {6: 10.68022930507036, 9: 10.525192801246646, 0: 10.663658959090647, 2: 10.71302761879618, 4: 10.525074999638207, 3: 10.60259016069617, 5: 10.651885202680571, 1: 10.683518098857803, 8: 10.472241469505093, 7: 10.470991713577849}
2024-05-21 16:44:59 - INFO     - 0.937037037037037, 0.9333333333333333, 0.9222222222222223, 0.9333333333333333, 0.9148148148148149, 0.9444444444444444, 0.937037037037037, 0.9333333333333333, 0.9555555555555556, 0.9444444444444444
2024-05-21 16:44:59 - WARNING  - Epoch: 487, Sum of Accs: 9.356, Sum of s_i: 105.98841032915954
2024-05-21 16:45:04 - INFO     - {6: 10.688337583903275, 9: 10.532642457252987, 0: 10.671118857240023, 2: 10.720546844134718, 4: 10.531845359273003, 3: 10.610522986126256, 5: 10.659339864011548, 1: 10.690836157657, 8: 10.479399338969342, 7: 10.47770157733055}
2024-05-21 16:45:04 - INFO     - 0.937037037037037, 0.9333333333333333, 0.9222222222222223, 0.9333333333333333, 0.9148148148148149, 0.9444444444444444, 0.937037037037037, 0.9333333333333333, 0.9555555555555556, 0.9444444444444444
2024-05-21 16:45:04 - WARNING  - Epoch: 488, Sum of Accs: 9.356, Sum of s_i: 106.0622910258987
2024-05-21 16:45:10 - INFO     - {6: 10.695708770204485, 9: 10.540231114659125, 0: 10.678709155148594, 2: 10.727850738431158, 4: 10.53849046339975, 3: 10.617796443252995, 5: 10.667126233522447, 1: 10.698206345555356, 8: 10.486110716858029, 7: 10.484637943734368}
2024-05-21 16:45:10 - INFO     - 0.937037037037037, 0.9333333333333333, 0.9222222222222223, 0.9333333333333333, 0.9148148148148149, 0.9444444444444444, 0.937037037037037, 0.9333333333333333, 0.9555555555555556, 0.9444444444444444
2024-05-21 16:45:10 - WARNING  - Epoch: 489, Sum of Accs: 9.356, Sum of s_i: 106.13486792476634
2024-05-21 16:45:16 - INFO     - {6: 10.702732299886616, 9: 10.547416779791867, 0: 10.686574054404346, 2: 10.735318806610985, 4: 10.545585654599538, 3: 10.625451558541542, 5: 10.675411403717783, 1: 10.705031390851227, 8: 10.493279767634803, 7: 10.49170444341728}
2024-05-21 16:45:16 - INFO     - 0.937037037037037, 0.9333333333333333, 0.9222222222222223, 0.9333333333333333, 0.9148148148148149, 0.9444444444444444, 0.937037037037037, 0.9333333333333333, 0.9555555555555556, 0.9444444444444444
2024-05-21 16:45:16 - WARNING  - Epoch: 490, Sum of Accs: 9.356, Sum of s_i: 106.208506159456
2024-05-21 16:45:22 - INFO     - {6: 10.710598236973887, 9: 10.554236676062526, 0: 10.693985611383946, 2: 10.742737744981763, 4: 10.552154460501225, 3: 10.632727336776515, 5: 10.68272925498621, 1: 10.712371887378875, 8: 10.50078819612079, 7: 10.497976835113768}
2024-05-21 16:45:22 - INFO     - 0.937037037037037, 0.9333333333333333, 0.9222222222222223, 0.9333333333333333, 0.9148148148148149, 0.9444444444444444, 0.937037037037037, 0.9333333333333333, 0.9555555555555556, 0.9444444444444444
2024-05-21 16:45:22 - WARNING  - Epoch: 491, Sum of Accs: 9.356, Sum of s_i: 106.28030624027951
2024-05-21 16:45:27 - INFO     - {6: 10.717645955453971, 9: 10.561649080199146, 0: 10.701517711385447, 2: 10.750051619911492, 4: 10.55968729964991, 3: 10.640218256047374, 5: 10.690004448124945, 1: 10.719766678427328, 8: 10.507705751014766, 7: 10.50536257828978}
2024-05-21 16:45:27 - INFO     - 0.937037037037037, 0.9333333333333333, 0.9222222222222223, 0.9333333333333333, 0.9148148148148149, 0.9444444444444444, 0.9407407407407408, 0.9333333333333333, 0.9555555555555556, 0.9444444444444444
2024-05-21 16:45:27 - WARNING  - Epoch: 492, Sum of Accs: 9.359, Sum of s_i: 106.35360937850417
2024-05-21 16:45:33 - INFO     - {6: 10.724922931490205, 9: 10.569500889269033, 0: 10.708977509140801, 2: 10.756966750141284, 4: 10.566710357039984, 3: 10.647920658318407, 5: 10.696915877304425, 1: 10.727324488514752, 8: 10.514726292883088, 7: 10.51265376489363}
2024-05-21 16:45:33 - INFO     - 0.937037037037037, 0.9333333333333333, 0.9222222222222223, 0.9333333333333333, 0.9148148148148149, 0.9444444444444444, 0.9407407407407408, 0.9333333333333333, 0.9555555555555556, 0.9444444444444444
2024-05-21 16:45:33 - WARNING  - Epoch: 493, Sum of Accs: 9.359, Sum of s_i: 106.42661951899561
2024-05-21 16:45:39 - INFO     - {6: 10.733425420267046, 9: 10.576869488649097, 0: 10.716312992353357, 2: 10.764387272357267, 4: 10.573876369198084, 3: 10.655514537284537, 5: 10.704283458897596, 1: 10.734378104582694, 8: 10.52158402333146, 7: 10.519926609275338}
2024-05-21 16:45:39 - INFO     - 0.937037037037037, 0.9333333333333333, 0.9222222222222223, 0.9333333333333333, 0.9148148148148149, 0.9444444444444444, 0.9407407407407408, 0.9333333333333333, 0.9555555555555556, 0.9444444444444444
2024-05-21 16:45:39 - WARNING  - Epoch: 494, Sum of Accs: 9.359, Sum of s_i: 106.50055827619647
2024-05-21 16:45:44 - INFO     - {6: 10.741222153489735, 9: 10.583908396370314, 0: 10.723922290837539, 2: 10.772270516305634, 4: 10.581022859966678, 3: 10.66273858419073, 5: 10.711826381413855, 1: 10.74189241946956, 8: 10.528993918814251, 7: 10.52786312688927}
2024-05-21 16:45:44 - INFO     - 0.937037037037037, 0.9333333333333333, 0.9222222222222223, 0.9333333333333333, 0.9148148148148149, 0.9444444444444444, 0.9407407407407408, 0.9333333333333333, 0.9555555555555556, 0.9444444444444444
2024-05-21 16:45:44 - WARNING  - Epoch: 495, Sum of Accs: 9.359, Sum of s_i: 106.57566064774757
2024-05-21 16:45:50 - INFO     - {6: 10.74862487029645, 9: 10.59114996583868, 0: 10.731407462470528, 2: 10.779574560812149, 4: 10.587722923075825, 3: 10.670292057814617, 5: 10.719525643086946, 1: 10.749889762103516, 8: 10.535633516638892, 7: 10.53465533090761}
2024-05-21 16:45:50 - INFO     - 0.937037037037037, 0.9333333333333333, 0.9222222222222223, 0.9333333333333333, 0.9148148148148149, 0.9444444444444444, 0.9407407407407408, 0.9333333333333333, 0.9555555555555556, 0.9444444444444444
2024-05-21 16:45:50 - WARNING  - Epoch: 496, Sum of Accs: 9.359, Sum of s_i: 106.64847609304523
2024-05-21 16:45:56 - INFO     - {6: 10.75705158062622, 9: 10.598100239192258, 0: 10.739180830434437, 2: 10.786863954377143, 4: 10.59428774415238, 3: 10.677656756738127, 5: 10.727972034220105, 1: 10.757313692095698, 8: 10.542460429830193, 7: 10.54190109508057}
2024-05-21 16:45:56 - INFO     - 0.937037037037037, 0.9333333333333333, 0.9222222222222223, 0.9333333333333333, 0.9148148148148149, 0.9444444444444444, 0.9407407407407408, 0.9333333333333333, 0.9555555555555556, 0.9444444444444444
2024-05-21 16:45:56 - WARNING  - Epoch: 497, Sum of Accs: 9.359, Sum of s_i: 106.72278835674713
2024-05-21 16:46:02 - INFO     - {6: 10.764922345786692, 9: 10.605437765493242, 0: 10.746839457456693, 2: 10.793953717466906, 4: 10.601435400738838, 3: 10.684969504193688, 5: 10.735533191025572, 1: 10.765012088269268, 8: 10.54921556865958, 7: 10.548072642918571}
2024-05-21 16:46:02 - INFO     - 0.937037037037037, 0.9333333333333333, 0.9222222222222223, 0.9333333333333333, 0.9148148148148149, 0.9444444444444444, 0.9407407407407408, 0.9333333333333333, 0.9555555555555556, 0.9444444444444444
2024-05-21 16:46:02 - WARNING  - Epoch: 498, Sum of Accs: 9.359, Sum of s_i: 106.79539168200905
2024-05-21 16:46:07 - INFO     - {6: 10.772478267209529, 9: 10.613037984872838, 0: 10.754610857264781, 2: 10.801879983363595, 4: 10.60884541321629, 3: 10.69169280568945, 5: 10.743414333272423, 1: 10.772140871745187, 8: 10.556513105066209, 7: 10.555743981434683}
2024-05-21 16:46:07 - INFO     - 0.937037037037037, 0.9333333333333333, 0.9222222222222223, 0.9333333333333333, 0.9148148148148149, 0.9444444444444444, 0.9407407407407408, 0.9333333333333333, 0.9555555555555556, 0.9444444444444444
2024-05-21 16:46:07 - WARNING  - Epoch: 499, Sum of Accs: 9.359, Sum of s_i: 106.870357603135
2024-05-21 16:46:13 - INFO     - {6: 10.779615878809484, 9: 10.619562300236666, 0: 10.761674836312698, 2: 10.809152496007288, 4: 10.616043534636502, 3: 10.698905458629646, 5: 10.75094758154923, 1: 10.779068973966623, 8: 10.564103472725224, 7: 10.562327462136828}
2024-05-21 16:46:13 - INFO     - 0.937037037037037, 0.9333333333333333, 0.9222222222222223, 0.9333333333333333, 0.9148148148148149, 0.9444444444444444, 0.9407407407407408, 0.9333333333333333, 0.9555555555555556, 0.9444444444444444
2024-05-21 16:46:13 - WARNING  - Epoch: 500, Sum of Accs: 9.359, Sum of s_i: 106.94140199501018
2024-05-21 16:46:19 - INFO     - {6: 10.787364999926366, 9: 10.626367326077634, 0: 10.769272964759942, 2: 10.816612633319384, 4: 10.622684399327383, 3: 10.70597394350291, 5: 10.758918903014587, 1: 10.78639028722721, 8: 10.570757152855435, 7: 10.570013981537162}
2024-05-21 16:46:19 - INFO     - 0.937037037037037, 0.9333333333333333, 0.9222222222222223, 0.9333333333333333, 0.9148148148148149, 0.9444444444444444, 0.9407407407407408, 0.9333333333333333, 0.9555555555555556, 0.9444444444444444
2024-05-21 16:46:19 - WARNING  - Epoch: 501, Sum of Accs: 9.359, Sum of s_i: 107.01435659154801
2024-05-21 16:46:25 - INFO     - {6: 10.795315987149623, 9: 10.633846310635622, 0: 10.777281352704412, 2: 10.823599677206383, 4: 10.63043888949104, 3: 10.713378502031501, 5: 10.765903445690796, 1: 10.794439799539791, 8: 10.578062883010547, 7: 10.576817816266217}
2024-05-21 16:46:25 - INFO     - 0.937037037037037, 0.9333333333333333, 0.9222222222222223, 0.9333333333333333, 0.9148148148148149, 0.9444444444444444, 0.9407407407407408, 0.9333333333333333, 0.9555555555555556, 0.9444444444444444
2024-05-21 16:46:25 - WARNING  - Epoch: 502, Sum of Accs: 9.359, Sum of s_i: 107.08908466372593
2024-05-21 16:46:30 - INFO     - {6: 10.80288091195448, 9: 10.64121272759324, 0: 10.785044709245273, 2: 10.830483277375194, 4: 10.637268138716014, 3: 10.720525412330115, 5: 10.773289060738188, 1: 10.802507673562634, 8: 10.584445540019024, 7: 10.583555631940943}
2024-05-21 16:46:30 - INFO     - 0.937037037037037, 0.9333333333333333, 0.9222222222222223, 0.9333333333333333, 0.9148148148148149, 0.9444444444444444, 0.9407407407407408, 0.9333333333333333, 0.9555555555555556, 0.9444444444444444
2024-05-21 16:46:30 - WARNING  - Epoch: 503, Sum of Accs: 9.359, Sum of s_i: 107.1612130834751
2024-05-21 16:46:36 - INFO     - {6: 10.810831520047616, 9: 10.648879840371004, 0: 10.792310057175568, 2: 10.837784168348662, 4: 10.644706292855943, 3: 10.72805891427274, 5: 10.781252997334503, 1: 10.809400784521749, 8: 10.591811024082276, 7: 10.590792618085555}
2024-05-21 16:46:36 - INFO     - 0.937037037037037, 0.9333333333333333, 0.9222222222222223, 0.9333333333333333, 0.9148148148148149, 0.9444444444444444, 0.9407407407407408, 0.9333333333333333, 0.9555555555555556, 0.9444444444444444
2024-05-21 16:46:36 - WARNING  - Epoch: 504, Sum of Accs: 9.359, Sum of s_i: 107.23582821709562
2024-05-21 16:46:42 - INFO     - {6: 10.817750478126246, 9: 10.655621370690413, 0: 10.79994875900104, 2: 10.84533897977264, 4: 10.652399086244765, 3: 10.735594898482985, 5: 10.788556879594465, 1: 10.816891004863969, 8: 10.59920998444196, 7: 10.59782726375884}
2024-05-21 16:46:42 - INFO     - 0.937037037037037, 0.9333333333333333, 0.9222222222222223, 0.9333333333333333, 0.9185185185185185, 0.9444444444444444, 0.9407407407407408, 0.9333333333333333, 0.9555555555555556, 0.9444444444444444
2024-05-21 16:46:42 - WARNING  - Epoch: 505, Sum of Accs: 9.363, Sum of s_i: 107.30913870497731
2024-05-21 16:46:48 - INFO     - {6: 10.825352637322014, 9: 10.662494309387593, 0: 10.807530740768744, 2: 10.853097579799924, 4: 10.659005768178863, 3: 10.743245161623538, 5: 10.79584140999451, 1: 10.82383734208262, 8: 10.605368925237297, 7: 10.604654573308244}
2024-05-21 16:46:48 - INFO     - 0.937037037037037, 0.9333333333333333, 0.9222222222222223, 0.9333333333333333, 0.9185185185185185, 0.9444444444444444, 0.9407407407407408, 0.9333333333333333, 0.9555555555555556, 0.9444444444444444
2024-05-21 16:46:48 - WARNING  - Epoch: 506, Sum of Accs: 9.363, Sum of s_i: 107.38042844770335
2024-05-21 16:46:54 - INFO     - {6: 10.83305179715469, 9: 10.668980593395965, 0: 10.814705641490262, 2: 10.860464593605608, 4: 10.666531230980572, 3: 10.750663853624703, 5: 10.802776543941036, 1: 10.831455283941938, 8: 10.612761138665991, 7: 10.611777749174578}
2024-05-21 16:46:54 - INFO     - 0.937037037037037, 0.9333333333333333, 0.9222222222222223, 0.9333333333333333, 0.9185185185185185, 0.9444444444444444, 0.9407407407407408, 0.9333333333333333, 0.9555555555555556, 0.9444444444444444
2024-05-21 16:46:54 - WARNING  - Epoch: 507, Sum of Accs: 9.363, Sum of s_i: 107.45316842597533
2024-05-21 16:46:59 - INFO     - {6: 10.839993672052518, 9: 10.676154080432905, 0: 10.821821837233946, 2: 10.868229540119932, 4: 10.673593171764109, 3: 10.757575623835214, 5: 10.8104681859531, 1: 10.839379770888502, 8: 10.619593890607272, 7: 10.618657573626919}
2024-05-21 16:46:59 - INFO     - 0.937037037037037, 0.9333333333333333, 0.9222222222222223, 0.9333333333333333, 0.9185185185185185, 0.9444444444444444, 0.9407407407407408, 0.9333333333333333, 0.9555555555555556, 0.9444444444444444
2024-05-21 16:46:59 - WARNING  - Epoch: 508, Sum of Accs: 9.363, Sum of s_i: 107.52546734651442
2024-05-21 16:47:05 - INFO     - {6: 10.847719894756327, 9: 10.683404760665962, 0: 10.829069499632205, 2: 10.875251713975127, 4: 10.681096808775646, 3: 10.764922751731016, 5: 10.817648151188815, 1: 10.846849173956667, 8: 10.626770506340792, 7: 10.626002907965026}
2024-05-21 16:47:05 - INFO     - 0.937037037037037, 0.9333333333333333, 0.9222222222222223, 0.9333333333333333, 0.9185185185185185, 0.9444444444444444, 0.9407407407407408, 0.9333333333333333, 0.9555555555555556, 0.9444444444444444
2024-05-21 16:47:05 - WARNING  - Epoch: 509, Sum of Accs: 9.363, Sum of s_i: 107.5987361689876
2024-05-21 16:47:11 - INFO     - {6: 10.854884916317317, 9: 10.690258129270083, 0: 10.836147787028207, 2: 10.882853308834687, 4: 10.6880007769635, 3: 10.77267594237849, 5: 10.825050151632244, 1: 10.854848181713452, 8: 10.633444458796081, 7: 10.633096541548738}
2024-05-21 16:47:11 - INFO     - 0.937037037037037, 0.9333333333333333, 0.9222222222222223, 0.9333333333333333, 0.9185185185185185, 0.9444444444444444, 0.9407407407407408, 0.9333333333333333, 0.9555555555555556, 0.9444444444444444
2024-05-21 16:47:11 - WARNING  - Epoch: 510, Sum of Accs: 9.363, Sum of s_i: 107.67126019448278
2024-05-21 16:47:16 - INFO     - {6: 10.862194359451124, 9: 10.697148434695183, 0: 10.843487597525957, 2: 10.890576184596977, 4: 10.69500291956997, 3: 10.780002053172446, 5: 10.832276760685541, 1: 10.861735470192619, 8: 10.640246068324839, 7: 10.64006793593919}
2024-05-21 16:47:16 - INFO     - 0.937037037037037, 0.9333333333333333, 0.9222222222222223, 0.9333333333333333, 0.9185185185185185, 0.9444444444444444, 0.9407407407407408, 0.9333333333333333, 0.9555555555555556, 0.9444444444444444
2024-05-21 16:47:16 - WARNING  - Epoch: 511, Sum of Accs: 9.363, Sum of s_i: 107.74273778415385
2024-05-21 16:47:22 - INFO     - {6: 10.869336642829635, 9: 10.704453609421932, 0: 10.851050307974198, 2: 10.898082032038666, 4: 10.70199828644195, 3: 10.787413695177207, 5: 10.839313360643624, 1: 10.869436984235573, 8: 10.647593877147322, 7: 10.647170303006437}
2024-05-21 16:47:22 - INFO     - 0.937037037037037, 0.9333333333333333, 0.9222222222222223, 0.9333333333333333, 0.9185185185185185, 0.9444444444444444, 0.9407407407407408, 0.9333333333333333, 0.9555555555555556, 0.9444444444444444
2024-05-21 16:47:22 - WARNING  - Epoch: 512, Sum of Accs: 9.363, Sum of s_i: 107.81584909891656
2024-05-21 16:47:28 - INFO     - {6: 10.876777059279835, 9: 10.711334725897277, 0: 10.858245720165039, 2: 10.905367213085828, 4: 10.708610055884527, 3: 10.795318855518934, 5: 10.846333895826485, 1: 10.876976331825784, 8: 10.65492815835011, 7: 10.653935513321107}
2024-05-21 16:47:28 - INFO     - 0.937037037037037, 0.9333333333333333, 0.9222222222222223, 0.9333333333333333, 0.9185185185185185, 0.9444444444444444, 0.9407407407407408, 0.9333333333333333, 0.9555555555555556, 0.9444444444444444
2024-05-21 16:47:28 - WARNING  - Epoch: 513, Sum of Accs: 9.363, Sum of s_i: 107.88782752915492
2024-05-21 16:47:34 - INFO     - {6: 10.884524820768592, 9: 10.718625197580261, 0: 10.865629716628735, 2: 10.912763249829329, 4: 10.715765560083645, 3: 10.802497912332532, 5: 10.854323491410096, 1: 10.884191795822622, 8: 10.661761299360782, 7: 10.661316857480712}
2024-05-21 16:47:34 - INFO     - 0.937037037037037, 0.9333333333333333, 0.9222222222222223, 0.9333333333333333, 0.9185185185185185, 0.9444444444444444, 0.9407407407407408, 0.9333333333333333, 0.9518518518518518, 0.9444444444444444
2024-05-21 16:47:34 - WARNING  - Epoch: 514, Sum of Accs: 9.359, Sum of s_i: 107.9613999012973
2024-05-21 16:47:40 - INFO     - {6: 10.891526713382257, 9: 10.725699943492986, 0: 10.873050792879742, 2: 10.92012488664342, 4: 10.7228147937175, 3: 10.809100390474326, 5: 10.861169907908764, 1: 10.891306191353834, 8: 10.668788458037538, 7: 10.667914905327457}
2024-05-21 16:47:40 - INFO     - 0.937037037037037, 0.9333333333333333, 0.9222222222222223, 0.9333333333333333, 0.9185185185185185, 0.9444444444444444, 0.9407407407407408, 0.9333333333333333, 0.9555555555555556, 0.9444444444444444
2024-05-21 16:47:40 - WARNING  - Epoch: 515, Sum of Accs: 9.363, Sum of s_i: 108.03149698321783
2024-05-21 16:47:46 - INFO     - {6: 10.898863899106388, 9: 10.732876980554495, 0: 10.880046104327972, 2: 10.927537426546504, 4: 10.730004687147055, 3: 10.816362807723607, 5: 10.868419727872265, 1: 10.898172445120517, 8: 10.675660464816616, 7: 10.674892395557753}
2024-05-21 16:47:46 - INFO     - 0.937037037037037, 0.9333333333333333, 0.9222222222222223, 0.9333333333333333, 0.9185185185185185, 0.9444444444444444, 0.9407407407407408, 0.9333333333333333, 0.9518518518518518, 0.9444444444444444
2024-05-21 16:47:46 - WARNING  - Epoch: 516, Sum of Accs: 9.359, Sum of s_i: 108.10283693877318
2024-05-21 16:47:51 - INFO     - {6: 10.906335164124528, 9: 10.739756497492772, 0: 10.887503776674876, 2: 10.934610186954957, 4: 10.736887280580595, 3: 10.823773073482583, 5: 10.8759914379307, 1: 10.905842984400003, 8: 10.682196492527927, 7: 10.682194976445729}
2024-05-21 16:47:51 - INFO     - 0.937037037037037, 0.9333333333333333, 0.9222222222222223, 0.9333333333333333, 0.9185185185185185, 0.9444444444444444, 0.9407407407407408, 0.9333333333333333, 0.9555555555555556, 0.9444444444444444
2024-05-21 16:47:51 - WARNING  - Epoch: 517, Sum of Accs: 9.363, Sum of s_i: 108.17509187061466
2024-05-21 16:47:57 - INFO     - {6: 10.913638531516447, 9: 10.747115391768281, 0: 10.894561012463916, 2: 10.942026300408708, 4: 10.744128048117458, 3: 10.830569139764563, 5: 10.883342303645607, 1: 10.913334879860406, 8: 10.688679938845151, 7: 10.689732086107758}
2024-05-21 16:47:57 - INFO     - 0.937037037037037, 0.9333333333333333, 0.9222222222222223, 0.9333333333333333, 0.9185185185185185, 0.9444444444444444, 0.9407407407407408, 0.9333333333333333, 0.9518518518518518, 0.9444444444444444
2024-05-21 16:47:57 - WARNING  - Epoch: 518, Sum of Accs: 9.359, Sum of s_i: 108.24712763249829
2024-05-21 16:48:03 - INFO     - {6: 10.920562969334147, 9: 10.754581113451465, 0: 10.90144487541496, 2: 10.949277506902863, 4: 10.750980597835484, 3: 10.838041001963445, 5: 10.890291931208429, 1: 10.920953220473839, 8: 10.69602160631637, 7: 10.696960205365457}
2024-05-21 16:48:03 - INFO     - 0.937037037037037, 0.9333333333333333, 0.9222222222222223, 0.9333333333333333, 0.9185185185185185, 0.9444444444444444, 0.9407407407407408, 0.9333333333333333, 0.9555555555555556, 0.9444444444444444
2024-05-21 16:48:03 - WARNING  - Epoch: 519, Sum of Accs: 9.363, Sum of s_i: 108.31911502826644
2024-05-21 16:48:09 - INFO     - {6: 10.927857992329525, 9: 10.76176528440069, 0: 10.908439579929833, 2: 10.956947385902176, 4: 10.75838520074493, 3: 10.84507331784119, 5: 10.897147668550533, 1: 10.928272812733248, 8: 10.703066613770828, 7: 10.703679375264247}
2024-05-21 16:48:09 - INFO     - 0.937037037037037, 0.9333333333333333, 0.9222222222222223, 0.9333333333333333, 0.9185185185185185, 0.9444444444444444, 0.9407407407407408, 0.9333333333333333, 0.9518518518518518, 0.9444444444444444
2024-05-21 16:48:09 - WARNING  - Epoch: 520, Sum of Accs: 9.359, Sum of s_i: 108.3906352314672
2024-05-21 16:48:15 - INFO     - {6: 10.934563433923287, 9: 10.768909252481773, 0: 10.915394018105337, 2: 10.964437992286657, 4: 10.765169481911375, 3: 10.85242037594421, 5: 10.904212831888875, 1: 10.93570875450629, 8: 10.709861646255794, 7: 10.710517175872223}
2024-05-21 16:48:15 - INFO     - 0.937037037037037, 0.9333333333333333, 0.9222222222222223, 0.9333333333333333, 0.9185185185185185, 0.9444444444444444, 0.9407407407407408, 0.9333333333333333, 0.9518518518518518, 0.9444444444444444
2024-05-21 16:48:15 - WARNING  - Epoch: 521, Sum of Accs: 9.359, Sum of s_i: 108.46119496317581
2024-05-21 16:48:20 - INFO     - {6: 10.941519960170751, 9: 10.775426098236721, 0: 10.922836041035275, 2: 10.971571118956723, 4: 10.771984232686828, 3: 10.859496589545957, 5: 10.911300861895802, 1: 10.942496096775617, 8: 10.716362751647086, 7: 10.71729517238726}
2024-05-21 16:48:20 - INFO     - 0.937037037037037, 0.9333333333333333, 0.9222222222222223, 0.9333333333333333, 0.9185185185185185, 0.9444444444444444, 0.9407407407407408, 0.9333333333333333, 0.9518518518518518, 0.9444444444444444
2024-05-21 16:48:20 - WARNING  - Epoch: 522, Sum of Accs: 9.359, Sum of s_i: 108.53028892333802
2024-05-21 16:48:26 - INFO     - {6: 10.948829462516015, 9: 10.783066213924942, 0: 10.930103965874471, 2: 10.978386710130954, 4: 10.77832746156441, 3: 10.866947526766342, 5: 10.918686197609562, 1: 10.949476055602311, 8: 10.723527749880672, 7: 10.724617702983847}
2024-05-21 16:48:26 - INFO     - 0.937037037037037, 0.9333333333333333, 0.9222222222222223, 0.9333333333333333, 0.9185185185185185, 0.9444444444444444, 0.9407407407407408, 0.9333333333333333, 0.9518518518518518, 0.9444444444444444
2024-05-21 16:48:26 - WARNING  - Epoch: 523, Sum of Accs: 9.359, Sum of s_i: 108.60196904685354
2024-05-21 16:48:32 - INFO     - {6: 10.955605894898937, 9: 10.790628664240323, 0: 10.936869523729145, 2: 10.985426488766116, 4: 10.78542976974395, 3: 10.874482708566735, 5: 10.926167738814774, 1: 10.957208350735883, 8: 10.730037456109121, 7: 10.730754955848631}
2024-05-21 16:48:32 - INFO     - 0.937037037037037, 0.9333333333333333, 0.9222222222222223, 0.9333333333333333, 0.9185185185185185, 0.9444444444444444, 0.9407407407407408, 0.9333333333333333, 0.9518518518518518, 0.9444444444444444
2024-05-21 16:48:32 - WARNING  - Epoch: 524, Sum of Accs: 9.359, Sum of s_i: 108.6726115514536
2024-05-21 16:48:38 - INFO     - {6: 10.962757875412626, 9: 10.79760087909339, 0: 10.943961007261867, 2: 10.992979884305297, 4: 10.792594348812004, 3: 10.881588054342442, 5: 10.93369529559636, 1: 10.96408492292227, 8: 10.736663001611557, 7: 10.737144793417285}
2024-05-21 16:48:38 - INFO     - 0.937037037037037, 0.9333333333333333, 0.9222222222222223, 0.9333333333333333, 0.9185185185185185, 0.9444444444444444, 0.9407407407407408, 0.9333333333333333, 0.9518518518518518, 0.9444444444444444
2024-05-21 16:48:38 - WARNING  - Epoch: 525, Sum of Accs: 9.359, Sum of s_i: 108.7430700627751
2024-05-21 16:48:43 - INFO     - {6: 10.969948505655392, 9: 10.805191623290789, 0: 10.95051859215554, 2: 11.000451835377504, 4: 10.799736509093593, 3: 10.888360610090247, 5: 10.941454416540932, 1: 10.971150193554406, 8: 10.742864616469857, 7: 10.744439780671886}
2024-05-21 16:48:43 - INFO     - 0.937037037037037, 0.937037037037037, 0.9222222222222223, 0.9333333333333333, 0.9185185185185185, 0.9444444444444444, 0.9407407407407408, 0.9333333333333333, 0.9518518518518518, 0.9444444444444444
2024-05-21 16:48:44 - WARNING  - Epoch: 526, Sum of Accs: 9.363, Sum of s_i: 108.81411668290015
2024-05-21 16:48:49 - INFO     - {6: 10.976937258774699, 9: 10.812101560999233, 0: 10.958080528384887, 2: 11.007975364980338, 4: 10.80694683379546, 3: 10.895423795153436, 5: 10.949301854944839, 1: 10.977966463657088, 8: 10.749768814074155, 7: 10.750800126867896}
2024-05-21 16:48:49 - INFO     - 0.937037037037037, 0.937037037037037, 0.9222222222222223, 0.9333333333333333, 0.9185185185185185, 0.9444444444444444, 0.9407407407407408, 0.9333333333333333, 0.9518518518518518, 0.9444444444444444
2024-05-21 16:48:49 - WARNING  - Epoch: 527, Sum of Accs: 9.363, Sum of s_i: 108.88530260163203
2024-05-21 16:48:55 - INFO     - {6: 10.984370215810435, 9: 10.819409663153744, 0: 10.965179966227588, 2: 11.015362037985792, 4: 10.813829201163333, 3: 10.902892616068147, 5: 10.95673768496714, 1: 10.985242546287768, 8: 10.756800179250122, 7: 10.757742658055895}
2024-05-21 16:48:55 - INFO     - 0.9407407407407408, 0.9333333333333333, 0.9222222222222223, 0.9333333333333333, 0.9185185185185185, 0.9444444444444444, 0.937037037037037, 0.9333333333333333, 0.9555555555555556, 0.9444444444444444
2024-05-21 16:48:55 - WARNING  - Epoch: 528, Sum of Accs: 9.363, Sum of s_i: 108.95756676896994
2024-05-21 16:49:01 - INFO     - {6: 10.991686696190536, 9: 10.826253561782224, 0: 10.971950078602283, 2: 11.02274278493436, 4: 10.82117069403357, 3: 10.909588015666639, 5: 10.963947785860077, 1: 10.99263002210443, 8: 10.763703121744514, 7: 10.764283831294907}
2024-05-21 16:49:01 - INFO     - 0.937037037037037, 0.937037037037037, 0.9222222222222223, 0.9333333333333333, 0.9185185185185185, 0.9444444444444444, 0.937037037037037, 0.9333333333333333, 0.9555555555555556, 0.9444444444444444
2024-05-21 16:49:01 - WARNING  - Epoch: 529, Sum of Accs: 9.363, Sum of s_i: 109.02795659221353
2024-05-21 16:49:07 - INFO     - {6: 10.999235713175528, 9: 10.832645726729215, 0: 10.978813596436023, 2: 11.030060785417263, 4: 10.827733561506308, 3: 10.916515989040285, 5: 10.970818356371403, 1: 10.999512314699233, 8: 10.770318247939787, 7: 10.771169955001609}
2024-05-21 16:49:07 - INFO     - 0.937037037037037, 0.937037037037037, 0.9222222222222223, 0.9333333333333333, 0.9185185185185185, 0.9444444444444444, 0.937037037037037, 0.9333333333333333, 0.9555555555555556, 0.9444444444444444
2024-05-21 16:49:07 - WARNING  - Epoch: 530, Sum of Accs: 9.363, Sum of s_i: 109.09682424631664
2024-05-21 16:49:12 - INFO     - {6: 11.006325149875376, 9: 10.839063095686377, 0: 10.985756631106563, 2: 11.037242903132459, 4: 10.834123807489547, 3: 10.924315792592088, 5: 10.977841860321977, 1: 11.006432980303261, 8: 10.776918089593051, 7: 10.77781244462851}
2024-05-21 16:49:12 - INFO     - 0.937037037037037, 0.937037037037037, 0.9222222222222223, 0.9333333333333333, 0.9185185185185185, 0.9444444444444444, 0.937037037037037, 0.9333333333333333, 0.9555555555555556, 0.9444444444444444
2024-05-21 16:49:12 - WARNING  - Epoch: 531, Sum of Accs: 9.363, Sum of s_i: 109.16583275472921
2024-05-21 16:49:18 - INFO     - {6: 11.012925582076877, 9: 10.845826500907073, 0: 10.993352345409521, 2: 11.044534012035353, 4: 10.841063500974952, 3: 10.93151685653967, 5: 10.984785674870848, 1: 11.013815631196316, 8: 10.783764299941422, 7: 10.78409828561674}
2024-05-21 16:49:18 - INFO     - 0.937037037037037, 0.937037037037037, 0.9222222222222223, 0.9333333333333333, 0.9185185185185185, 0.9444444444444444, 0.937037037037037, 0.9333333333333333, 0.9555555555555556, 0.9444444444444444
2024-05-21 16:49:18 - WARNING  - Epoch: 532, Sum of Accs: 9.363, Sum of s_i: 109.23568268956878
2024-05-21 16:49:24 - INFO     - {6: 11.019397159720928, 9: 10.852315740905805, 0: 11.000392571404337, 2: 11.05190960298437, 4: 10.84751917817899, 3: 10.93880214280505, 5: 10.991504140738101, 1: 11.020082674680289, 8: 10.790389235496782, 7: 10.790738691061943}
2024-05-21 16:49:24 - INFO     - 0.937037037037037, 0.9407407407407408, 0.9259259259259259, 0.9333333333333333, 0.9148148148148149, 0.9407407407407408, 0.9407407407407408, 0.9333333333333333, 0.9518518518518518, 0.9481481481481482
2024-05-21 16:49:24 - WARNING  - Epoch: 533, Sum of Accs: 9.367, Sum of s_i: 109.3030511379766
2024-05-21 16:49:30 - INFO     - {6: 11.026327908715686, 9: 10.859190081310674, 0: 11.007452995989127, 2: 11.059468157362451, 4: 10.854269428928413, 3: 10.945696210475521, 5: 10.999024047305454, 1: 11.027709455347795, 8: 10.796995566086345, 7: 10.797679000367209}
2024-05-21 16:49:30 - INFO     - 0.937037037037037, 0.9407407407407408, 0.9222222222222223, 0.9296296296296296, 0.9185185185185185, 0.9407407407407408, 0.9407407407407408, 0.9333333333333333, 0.9518518518518518, 0.9444444444444444
2024-05-21 16:49:30 - WARNING  - Epoch: 534, Sum of Accs: 9.359, Sum of s_i: 109.37381285188867
2024-05-21 16:49:35 - INFO     - {6: 11.034076769289907, 9: 10.865956560699122, 0: 11.014235238426322, 2: 11.066360953940114, 4: 10.86108236347778, 3: 10.952954150328045, 5: 11.006389436182655, 1: 11.035127281036454, 8: 10.803620909594507, 7: 10.804445051209317}
2024-05-21 16:49:35 - INFO     - 0.937037037037037, 0.9407407407407408, 0.9222222222222223, 0.9333333333333333, 0.9148148148148149, 0.9407407407407408, 0.9407407407407408, 0.9333333333333333, 0.9518518518518518, 0.9444444444444444
2024-05-21 16:49:35 - WARNING  - Epoch: 535, Sum of Accs: 9.359, Sum of s_i: 109.44424871418423
2024-05-21 16:49:41 - INFO     - {6: 11.041016765842611, 9: 10.872586981145817, 0: 11.021025849390597, 2: 11.073488004260234, 4: 10.867683138260636, 3: 10.959666784073372, 5: 11.013495339093447, 1: 11.041592694579654, 8: 10.81035268715671, 7: 10.81064846592753}
2024-05-21 16:49:41 - INFO     - 0.937037037037037, 0.9407407407407408, 0.9222222222222223, 0.9333333333333333, 0.9148148148148149, 0.9407407407407408, 0.9407407407407408, 0.9333333333333333, 0.9518518518518518, 0.9444444444444444
2024-05-21 16:49:41 - WARNING  - Epoch: 536, Sum of Accs: 9.359, Sum of s_i: 109.51155670973061
2024-05-21 16:49:47 - INFO     - {6: 11.047493467253977, 9: 10.878972764715863, 0: 11.028236069503414, 2: 11.080297939905055, 4: 10.874411604515636, 3: 10.966371738505096, 5: 11.020887825359956, 1: 11.048562204553487, 8: 10.81673570005338, 7: 10.81741801488967}
2024-05-21 16:49:47 - INFO     - 0.937037037037037, 0.9407407407407408, 0.9185185185185185, 0.9333333333333333, 0.9185185185185185, 0.9407407407407408, 0.9333333333333333, 0.9296296296296296, 0.9518518518518518, 0.9444444444444444
2024-05-21 16:49:47 - WARNING  - Epoch: 537, Sum of Accs: 9.348, Sum of s_i: 109.57938732925554
2024-05-21 16:49:53 - INFO     - {6: 11.054998188048282, 9: 10.885999176558311, 0: 11.03530316262522, 2: 11.086595673447306, 4: 10.881012563238263, 3: 10.973538484763012, 5: 11.028543525356039, 1: 11.055369925712704, 8: 10.823856498741975, 7: 10.824171081478152}
2024-05-21 16:49:53 - INFO     - 0.937037037037037, 0.937037037037037, 0.9222222222222223, 0.9333333333333333, 0.9148148148148149, 0.9444444444444444, 0.9333333333333333, 0.9296296296296296, 0.9518518518518518, 0.9444444444444444
2024-05-21 16:49:53 - WARNING  - Epoch: 538, Sum of Accs: 9.348, Sum of s_i: 109.64938827996927
2024-05-21 16:49:59 - INFO     - {6: 11.062346320892637, 9: 10.892681041524645, 0: 11.041979134150413, 2: 11.093669631820617, 4: 10.88741795064899, 3: 10.980216033653482, 5: 11.03540424659238, 1: 11.062246619764196, 8: 10.831006364249989, 7: 10.831361510869437}
2024-05-21 16:49:59 - INFO     - 0.937037037037037, 0.937037037037037, 0.9296296296296296, 0.9333333333333333, 0.9148148148148149, 0.9444444444444444, 0.9333333333333333, 0.9296296296296296, 0.9518518518518518, 0.9444444444444444
2024-05-21 16:49:59 - WARNING  - Epoch: 539, Sum of Accs: 9.356, Sum of s_i: 109.71832885416678
2024-05-21 16:50:05 - INFO     - {6: 11.069034134804122, 9: 10.898794000655787, 0: 11.048917091077127, 2: 11.100478934280142, 4: 10.894235445577419, 3: 10.987276964587622, 5: 11.042946465923071, 1: 11.069007460276941, 8: 10.838061366840451, 7: 10.8380126388307}
2024-05-21 16:50:05 - INFO     - 0.937037037037037, 0.937037037037037, 0.9296296296296296, 0.9333333333333333, 0.9148148148148149, 0.9444444444444444, 0.9333333333333333, 0.9296296296296296, 0.9518518518518518, 0.9444444444444444
2024-05-21 16:50:05 - WARNING  - Epoch: 540, Sum of Accs: 9.356, Sum of s_i: 109.78676450285337
2024-05-21 16:50:11 - INFO     - {6: 11.076121751009495, 9: 10.905332987891981, 0: 11.05599448164781, 2: 11.107137632106651, 4: 10.900601096598017, 3: 10.993918074744714, 5: 11.050254845988569, 1: 11.075949667524537, 8: 10.844628443614123, 7: 10.844662632805033}
2024-05-21 16:50:11 - INFO     - 0.937037037037037, 0.9407407407407408, 0.9296296296296296, 0.9333333333333333, 0.9148148148148149, 0.9444444444444444, 0.9296296296296296, 0.9296296296296296, 0.9518518518518518, 0.9444444444444444
2024-05-21 16:50:11 - WARNING  - Epoch: 541, Sum of Accs: 9.356, Sum of s_i: 109.85460161393095
2024-05-21 16:50:16 - INFO     - {6: 11.083100469412198, 9: 10.912218189449325, 0: 11.062814719553709, 2: 11.113872040083173, 4: 10.906949048753262, 3: 11.000058946295638, 5: 11.057023174055411, 1: 11.082992948460827, 8: 10.850925050123246, 7: 10.851290804681286}
2024-05-21 16:50:16 - INFO     - 0.937037037037037, 0.9407407407407408, 0.9296296296296296, 0.9333333333333333, 0.9148148148148149, 0.9444444444444444, 0.9296296296296296, 0.9296296296296296, 0.9518518518518518, 0.9444444444444444
2024-05-21 16:50:16 - WARNING  - Epoch: 542, Sum of Accs: 9.356, Sum of s_i: 109.92124539086808
2024-05-21 16:50:22 - INFO     - {6: 11.089986576062309, 9: 10.918701077622163, 0: 11.069957571715845, 2: 11.120862272528242, 4: 10.913168008815846, 3: 11.007190468525012, 5: 11.064208098683897, 1: 11.089973556373089, 8: 10.857585673246058, 7: 10.85808851379961}
2024-05-21 16:50:22 - INFO     - 0.937037037037037, 0.9407407407407408, 0.9296296296296296, 0.9333333333333333, 0.9148148148148149, 0.9444444444444444, 0.9296296296296296, 0.9296296296296296, 0.9518518518518518, 0.9407407407407408
2024-05-21 16:50:22 - WARNING  - Epoch: 543, Sum of Accs: 9.352, Sum of s_i: 109.98972181737209
2024-05-21 16:50:28 - INFO     - {6: 11.096072731673715, 9: 10.925841694938867, 0: 11.076952492499291, 2: 11.128142045911277, 4: 10.919846157638318, 3: 11.014124302952913, 5: 11.071012583262837, 1: 11.096998970817898, 8: 10.86381455859238, 7: 10.8646922615042}
2024-05-21 16:50:28 - INFO     - 0.9407407407407408, 0.9407407407407408, 0.9296296296296296, 0.9296296296296296, 0.9148148148148149, 0.9407407407407408, 0.9333333333333333, 0.9296296296296296, 0.9592592592592593, 0.9407407407407408
2024-05-21 16:50:28 - WARNING  - Epoch: 544, Sum of Accs: 9.359, Sum of s_i: 110.05749779979169
2024-05-21 16:50:34 - INFO     - {6: 11.103233957978196, 9: 10.932746671697057, 0: 11.084206206998264, 2: 11.135280238008885, 4: 10.926396540939322, 3: 11.020854415138766, 5: 11.078507001748404, 1: 11.103911648544868, 8: 10.870747091157813, 7: 10.870889886977245}
2024-05-21 16:50:34 - INFO     - 0.9407407407407408, 0.9407407407407408, 0.9296296296296296, 0.9296296296296296, 0.9148148148148149, 0.9407407407407408, 0.9333333333333333, 0.9296296296296296, 0.9555555555555556, 0.9407407407407408
2024-05-21 16:50:34 - WARNING  - Epoch: 545, Sum of Accs: 9.356, Sum of s_i: 110.12677365918881
2024-05-21 16:50:40 - INFO     - {6: 11.110002063055763, 9: 10.93953666823167, 0: 11.091475360990803, 2: 11.14175164911996, 4: 10.933185218553188, 3: 11.028400367041582, 5: 11.085748413108735, 1: 11.11109737818312, 8: 10.877112924842, 7: 10.877581922857486}
2024-05-21 16:50:40 - INFO     - 0.9407407407407408, 0.9407407407407408, 0.9296296296296296, 0.9296296296296296, 0.9148148148148149, 0.9407407407407408, 0.9333333333333333, 0.9296296296296296, 0.9592592592592593, 0.9407407407407408
2024-05-21 16:50:40 - WARNING  - Epoch: 546, Sum of Accs: 9.359, Sum of s_i: 110.1958919659843
2024-05-21 16:50:46 - INFO     - {6: 11.11707593545958, 9: 10.946579921612564, 0: 11.098817193233536, 2: 11.148734348045146, 4: 10.940070816799794, 3: 11.035173294322261, 5: 11.092762252169301, 1: 11.117913924501996, 8: 10.883883017859384, 7: 10.884457207480546}
2024-05-21 16:50:46 - INFO     - 0.9407407407407408, 0.9407407407407408, 0.9296296296296296, 0.9296296296296296, 0.9148148148148149, 0.9407407407407408, 0.9333333333333333, 0.9296296296296296, 0.9555555555555556, 0.9407407407407408
2024-05-21 16:50:46 - WARNING  - Epoch: 547, Sum of Accs: 9.356, Sum of s_i: 110.26546791148411
2024-05-21 16:50:51 - INFO     - {6: 11.124074517194734, 9: 10.953135746816345, 0: 11.105743760020529, 2: 11.15645664764263, 4: 10.946934715991766, 3: 11.041725295698669, 5: 11.099977102192955, 1: 11.125088164663286, 8: 10.890957039104519, 7: 10.891262879432967}
2024-05-21 16:50:51 - INFO     - 0.9407407407407408, 0.9407407407407408, 0.9296296296296296, 0.9333333333333333, 0.9148148148148149, 0.9407407407407408, 0.9333333333333333, 0.9296296296296296, 0.9555555555555556, 0.9407407407407408
2024-05-21 16:50:51 - WARNING  - Epoch: 548, Sum of Accs: 9.359, Sum of s_i: 110.3353558687584
2024-05-21 16:50:57 - INFO     - {6: 11.130623715454345, 9: 10.960127433844347, 0: 11.112732754319744, 2: 11.163420423420073, 4: 10.953927261168955, 3: 11.048285324349493, 5: 11.106704819991577, 1: 11.131789989226457, 8: 10.897664111856441, 7: 10.898086738897502}
2024-05-21 16:50:57 - INFO     - 0.9407407407407408, 0.9407407407407408, 0.9296296296296296, 0.9333333333333333, 0.9148148148148149, 0.9407407407407408, 0.9333333333333333, 0.9296296296296296, 0.9555555555555556, 0.9407407407407408
2024-05-21 16:50:57 - WARNING  - Epoch: 549, Sum of Accs: 9.359, Sum of s_i: 110.40336257252895
2024-05-21 16:51:03 - INFO     - {6: 11.137764988517388, 9: 10.966843382612904, 0: 11.11995613631774, 2: 11.170033987423189, 4: 10.96061968261163, 3: 11.055377630332801, 5: 11.113580794438043, 1: 11.138820473717743, 8: 10.904035638909372, 7: 10.904235801471032}
2024-05-21 16:51:03 - INFO     - 0.9407407407407408, 0.9407407407407408, 0.9296296296296296, 0.9333333333333333, 0.9148148148148149, 0.9407407407407408, 0.9333333333333333, 0.9296296296296296, 0.9555555555555556, 0.9407407407407408
2024-05-21 16:51:03 - WARNING  - Epoch: 550, Sum of Accs: 9.359, Sum of s_i: 110.47126851635186
2024-05-21 16:51:09 - INFO     - {6: 11.14426950825241, 9: 10.973492840383749, 0: 11.126965620828082, 2: 11.177164609439782, 4: 10.967616038251508, 3: 11.06286447195868, 5: 11.120793622646422, 1: 11.145692346109698, 8: 10.911033664626151, 7: 10.91067006500364}
2024-05-21 16:51:09 - INFO     - 0.9407407407407408, 0.9407407407407408, 0.9296296296296296, 0.9333333333333333, 0.9148148148148149, 0.9444444444444444, 0.9333333333333333, 0.9296296296296296, 0.9555555555555556, 0.9407407407407408
2024-05-21 16:51:09 - WARNING  - Epoch: 551, Sum of Accs: 9.363, Sum of s_i: 110.54056278750011
2024-05-21 16:51:15 - INFO     - {6: 11.151408534140376, 9: 10.979832775221007, 0: 11.133264148160356, 2: 11.184089725417953, 4: 10.974246917815302, 3: 11.070074570061585, 5: 11.127560350947348, 1: 11.1524378431788, 8: 10.917342954926136, 7: 10.917310673795228}
2024-05-21 16:51:15 - INFO     - 0.9407407407407408, 0.9407407407407408, 0.9296296296296296, 0.9333333333333333, 0.9148148148148149, 0.9444444444444444, 0.9333333333333333, 0.9296296296296296, 0.9555555555555556, 0.9407407407407408
2024-05-21 16:51:15 - WARNING  - Epoch: 552, Sum of Accs: 9.363, Sum of s_i: 110.6075684936641
2024-05-21 16:51:21 - INFO     - {6: 11.158389661869043, 9: 10.985767649253887, 0: 11.140124476798825, 2: 11.190856607500496, 4: 10.980937994810091, 3: 11.07723713086557, 5: 11.13451174828863, 1: 11.158917713737134, 8: 10.923679907781777, 7: 10.923716937662219}
2024-05-21 16:51:21 - INFO     - 0.9407407407407408, 0.9407407407407408, 0.9296296296296296, 0.9333333333333333, 0.9148148148148149, 0.9444444444444444, 0.9333333333333333, 0.9296296296296296, 0.9555555555555556, 0.9407407407407408
2024-05-21 16:51:21 - WARNING  - Epoch: 553, Sum of Accs: 9.363, Sum of s_i: 110.67413982856768
2024-05-21 16:51:27 - INFO     - {6: 11.165192250452954, 9: 10.992164832912025, 0: 11.146678813697676, 2: 11.197661569808183, 4: 10.987167879581145, 3: 11.084149669524168, 5: 11.141750996640495, 1: 11.165911507270648, 8: 10.92985999708123, 7: 10.93025408099247}
2024-05-21 16:51:27 - INFO     - 0.9407407407407408, 0.9407407407407408, 0.9296296296296296, 0.9333333333333333, 0.9148148148148149, 0.9444444444444444, 0.9333333333333333, 0.9296296296296296, 0.9555555555555556, 0.9407407407407408
2024-05-21 16:51:27 - WARNING  - Epoch: 554, Sum of Accs: 9.363, Sum of s_i: 110.740791597961
2024-05-21 16:51:32 - INFO     - {6: 11.171637822708586, 9: 10.998344208650746, 0: 11.15374363636227, 2: 11.204626963135322, 4: 10.993295099487993, 3: 11.091072675558863, 5: 11.148737167504349, 1: 11.172577446121505, 8: 10.936160983267522, 7: 10.936638237567287}
2024-05-21 16:51:32 - INFO     - 0.9407407407407408, 0.9407407407407408, 0.9296296296296296, 0.9333333333333333, 0.9148148148148149, 0.9444444444444444, 0.9333333333333333, 0.9296296296296296, 0.9555555555555556, 0.9407407407407408
2024-05-21 16:51:32 - WARNING  - Epoch: 555, Sum of Accs: 9.363, Sum of s_i: 110.80683424036445
2024-05-21 16:51:38 - INFO     - {6: 11.17848580146178, 9: 11.005535297759874, 0: 11.160578260295784, 2: 11.21137687700725, 4: 10.999933824278742, 3: 11.097874711338795, 5: 11.155343248274077, 1: 11.179619935168033, 8: 10.942496532403117, 7: 10.942392395935103}
2024-05-21 16:51:38 - INFO     - 0.9407407407407408, 0.9407407407407408, 0.9296296296296296, 0.9333333333333333, 0.9148148148148149, 0.9444444444444444, 0.9333333333333333, 0.9296296296296296, 0.9555555555555556, 0.9407407407407408
2024-05-21 16:51:38 - WARNING  - Epoch: 556, Sum of Accs: 9.363, Sum of s_i: 110.87363688392254
2024-05-21 16:51:44 - INFO     - {6: 11.185454670192232, 9: 11.01222715437786, 0: 11.167475208652458, 2: 11.21865237195397, 4: 11.006799575667992, 3: 11.105066558978441, 5: 11.162274547878607, 1: 11.186349956266643, 8: 10.94920515529084, 7: 10.948942628091517}
2024-05-21 16:51:44 - INFO     - 0.9407407407407408, 0.9407407407407408, 0.9296296296296296, 0.9333333333333333, 0.9148148148148149, 0.9444444444444444, 0.9333333333333333, 0.9296296296296296, 0.9555555555555556, 0.9407407407407408
2024-05-21 16:51:44 - WARNING  - Epoch: 557, Sum of Accs: 9.363, Sum of s_i: 110.94244782735055
2024-05-21 16:51:50 - INFO     - {6: 11.19236345182203, 9: 11.018737355860596, 0: 11.174863188843108, 2: 11.225048980670225, 4: 11.013146094075621, 3: 11.111804093271257, 5: 11.168876639426173, 1: 11.193404276928925, 8: 10.955556321652685, 7: 10.95517080712376}
2024-05-21 16:51:50 - INFO     - 0.9407407407407408, 0.9407407407407408, 0.9296296296296296, 0.9333333333333333, 0.9148148148148149, 0.9444444444444444, 0.9333333333333333, 0.9296296296296296, 0.9555555555555556, 0.9407407407407408
2024-05-21 16:51:50 - WARNING  - Epoch: 558, Sum of Accs: 9.363, Sum of s_i: 111.00897120967439
2024-05-21 16:51:56 - INFO     - {6: 11.19918048955141, 9: 11.025786577933749, 0: 11.18128683466529, 2: 11.231638630804387, 4: 11.019366020396614, 3: 11.118997352487742, 5: 11.175764407555723, 1: 11.200201578697568, 8: 10.961467471546746, 7: 10.961831612559063}
2024-05-21 16:51:56 - INFO     - 0.9407407407407408, 0.9407407407407408, 0.9296296296296296, 0.9333333333333333, 0.9148148148148149, 0.9444444444444444, 0.9333333333333333, 0.9296296296296296, 0.9555555555555556, 0.9407407407407408
2024-05-21 16:51:56 - WARNING  - Epoch: 559, Sum of Accs: 9.363, Sum of s_i: 111.07552097619829
2024-05-21 16:52:01 - INFO     - {6: 11.206402192393329, 9: 11.032824109533987, 0: 11.187997732657335, 2: 11.238842531605838, 4: 11.026239163027324, 3: 11.126042769577131, 5: 11.182094137883674, 1: 11.207485219625365, 8: 10.967792140790616, 7: 10.968295134240735}
2024-05-21 16:52:01 - INFO     - 0.9407407407407408, 0.9407407407407408, 0.9296296296296296, 0.9333333333333333, 0.9148148148148149, 0.9444444444444444, 0.9333333333333333, 0.9296296296296296, 0.9555555555555556, 0.9407407407407408
2024-05-21 16:52:01 - WARNING  - Epoch: 560, Sum of Accs: 9.363, Sum of s_i: 111.14401513133535
2024-05-21 16:52:07 - INFO     - {6: 11.213087060142419, 9: 11.039646644913034, 0: 11.194885960370636, 2: 11.245938220488297, 4: 11.032478300131302, 3: 11.13236437900997, 5: 11.188784048789577, 1: 11.214558769938021, 8: 10.974374895394785, 7: 10.974866582448845}
2024-05-21 16:52:07 - INFO     - 0.9407407407407408, 0.9407407407407408, 0.9296296296296296, 0.9333333333333333, 0.9148148148148149, 0.9444444444444444, 0.9333333333333333, 0.9296296296296296, 0.9555555555555556, 0.9407407407407408
2024-05-21 16:52:07 - WARNING  - Epoch: 561, Sum of Accs: 9.363, Sum of s_i: 111.21098486162688
2024-05-21 16:52:13 - INFO     - {6: 11.220224623451648, 9: 11.046774546036305, 0: 11.201599189152818, 2: 11.252796298358952, 4: 11.039027001489105, 3: 11.138930457508774, 5: 11.19545491216936, 1: 11.221345669984043, 8: 10.980976346830824, 7: 10.981402214731876}
2024-05-21 16:52:13 - INFO     - 0.9407407407407408, 0.9407407407407408, 0.9296296296296296, 0.9333333333333333, 0.9148148148148149, 0.9444444444444444, 0.9333333333333333, 0.9296296296296296, 0.9555555555555556, 0.9407407407407408
2024-05-21 16:52:13 - WARNING  - Epoch: 562, Sum of Accs: 9.363, Sum of s_i: 111.27853125971372
2024-05-21 16:52:19 - INFO     - {6: 11.227346228408747, 9: 11.053416956761899, 0: 11.20816681214356, 2: 11.259371039138601, 4: 11.045028661666164, 3: 11.145405161531006, 5: 11.202625055659958, 1: 11.228179256029271, 8: 10.98776648161937, 7: 10.987116547106416}
2024-05-21 16:52:19 - INFO     - 0.9407407407407408, 0.9407407407407408, 0.9296296296296296, 0.9333333333333333, 0.9148148148148149, 0.9444444444444444, 0.9333333333333333, 0.9296296296296296, 0.9555555555555556, 0.9407407407407408
2024-05-21 16:52:19 - WARNING  - Epoch: 563, Sum of Accs: 9.363, Sum of s_i: 111.34442220006498
2024-05-21 16:52:25 - INFO     - {6: 11.233723786836459, 9: 11.059747674655476, 0: 11.21511947556301, 2: 11.265776405865934, 4: 11.051911582392895, 3: 11.152252182763524, 5: 11.209936661870856, 1: 11.235359175690192, 8: 10.994188348769512, 7: 10.993936390048608}
2024-05-21 16:52:25 - INFO     - 0.9407407407407408, 0.9407407407407408, 0.9296296296296296, 0.9333333333333333, 0.9148148148148149, 0.9444444444444444, 0.9333333333333333, 0.9296296296296296, 0.9555555555555556, 0.9407407407407408
2024-05-21 16:52:25 - WARNING  - Epoch: 564, Sum of Accs: 9.363, Sum of s_i: 111.41195168445647
2024-05-21 16:52:31 - INFO     - {6: 11.240534999293976, 9: 11.066595251560232, 0: 11.222011218507157, 2: 11.272678447076734, 4: 11.058784310281968, 3: 11.159053447997712, 5: 11.217001426438664, 1: 11.241822050226853, 8: 11.000638726962626, 7: 11.000170709444633}
2024-05-21 16:52:31 - INFO     - 0.9407407407407408, 0.937037037037037, 0.9296296296296296, 0.9333333333333333, 0.9148148148148149, 0.9444444444444444, 0.9333333333333333, 0.9296296296296296, 0.9555555555555556, 0.9407407407407408
2024-05-21 16:52:31 - WARNING  - Epoch: 565, Sum of Accs: 9.359, Sum of s_i: 111.47929058779056
2024-05-21 16:52:37 - INFO     - {6: 11.247000708112797, 9: 11.073589205296019, 0: 11.22845563941173, 2: 11.279210222120051, 4: 11.065142961480134, 3: 11.165257955652148, 5: 11.223606029200841, 1: 11.24826693950767, 8: 11.00766986809886, 7: 11.006108932752747}
2024-05-21 16:52:37 - INFO     - 0.9407407407407408, 0.9407407407407408, 0.9296296296296296, 0.9333333333333333, 0.9148148148148149, 0.9444444444444444, 0.9333333333333333, 0.9296296296296296, 0.9555555555555556, 0.9407407407407408
2024-05-21 16:52:37 - WARNING  - Epoch: 566, Sum of Accs: 9.363, Sum of s_i: 111.544308461633
2024-05-21 16:52:43 - INFO     - {6: 11.253863414420639, 9: 11.080742509769019, 0: 11.234853194166966, 2: 11.285843437293, 4: 11.071773254148189, 3: 11.171640556525489, 5: 11.230297833317378, 1: 11.255298335364897, 8: 11.014555557232862, 7: 11.012831506915884}
2024-05-21 16:52:43 - INFO     - 0.9407407407407408, 0.937037037037037, 0.9296296296296296, 0.9333333333333333, 0.9148148148148149, 0.9444444444444444, 0.9333333333333333, 0.9296296296296296, 0.9555555555555556, 0.9407407407407408
2024-05-21 16:52:43 - WARNING  - Epoch: 567, Sum of Accs: 9.359, Sum of s_i: 111.61169959915435
2024-05-21 16:52:49 - INFO     - {6: 11.260175393775187, 9: 11.087231276066838, 0: 11.241597783947402, 2: 11.292786892755506, 4: 11.078402223304348, 3: 11.178273035095458, 5: 11.237148737081279, 1: 11.262556586003207, 8: 11.02065074830106, 7: 11.018716608333024}
2024-05-21 16:52:49 - INFO     - 0.9407407407407408, 0.937037037037037, 0.9296296296296296, 0.9333333333333333, 0.9148148148148149, 0.9444444444444444, 0.9333333333333333, 0.9296296296296296, 0.9555555555555556, 0.9407407407407408
2024-05-21 16:52:49 - WARNING  - Epoch: 568, Sum of Accs: 9.359, Sum of s_i: 111.67753928466333
2024-05-21 16:52:55 - INFO     - {6: 11.267266157533976, 9: 11.093836379134668, 0: 11.248709546076762, 2: 11.29957728505213, 4: 11.08510555733761, 3: 11.184474702612036, 5: 11.243890644426397, 1: 11.269588718622016, 8: 11.026898302002367, 7: 11.02518469272704}
2024-05-21 16:52:55 - INFO     - 0.9407407407407408, 0.937037037037037, 0.9296296296296296, 0.9333333333333333, 0.9148148148148149, 0.9444444444444444, 0.9333333333333333, 0.9296296296296296, 0.9555555555555556, 0.9407407407407408
2024-05-21 16:52:55 - WARNING  - Epoch: 569, Sum of Accs: 9.359, Sum of s_i: 111.744531985525
2024-05-21 16:53:00 - INFO     - {6: 11.274086758212619, 9: 11.100963330633261, 0: 11.255418982173907, 2: 11.306508488826301, 4: 11.091343347967792, 3: 11.190885798676387, 5: 11.250203135381124, 1: 11.276443283113569, 8: 11.033784007563282, 7: 11.031337840991371}
2024-05-21 16:53:00 - INFO     - 0.9407407407407408, 0.937037037037037, 0.9296296296296296, 0.9333333333333333, 0.9148148148148149, 0.9444444444444444, 0.9333333333333333, 0.9296296296296296, 0.9555555555555556, 0.9407407407407408
2024-05-21 16:53:00 - WARNING  - Epoch: 570, Sum of Accs: 9.359, Sum of s_i: 111.81097497353962
2024-05-21 16:53:06 - INFO     - {6: 11.280764080587913, 9: 11.10692227158189, 0: 11.262131488854994, 2: 11.312620603701918, 4: 11.097724926123945, 3: 11.197712133175221, 5: 11.256887278138231, 1: 11.28328398204455, 8: 11.039932689495997, 7: 11.037784638765116}
2024-05-21 16:53:06 - INFO     - 0.9407407407407408, 0.937037037037037, 0.9333333333333333, 0.9333333333333333, 0.9148148148148149, 0.9444444444444444, 0.9333333333333333, 0.9296296296296296, 0.9555555555555556, 0.9407407407407408
2024-05-21 16:53:06 - WARNING  - Epoch: 571, Sum of Accs: 9.363, Sum of s_i: 111.87576409246978
2024-05-21 16:53:12 - INFO     - {6: 11.287656496055993, 9: 11.113185545489126, 0: 11.268279990180487, 2: 11.31943532283026, 4: 11.104195557175547, 3: 11.204259458861625, 5: 11.263722449924368, 1: 11.289828811547093, 8: 11.046228855298537, 7: 11.044057471545788}
2024-05-21 16:53:12 - INFO     - 0.9407407407407408, 0.937037037037037, 0.9333333333333333, 0.9333333333333333, 0.9148148148148149, 0.9444444444444444, 0.9333333333333333, 0.9296296296296296, 0.9555555555555556, 0.9444444444444444
2024-05-21 16:53:12 - WARNING  - Epoch: 572, Sum of Accs: 9.367, Sum of s_i: 111.94084995890883
2024-05-21 16:53:18 - INFO     - {6: 11.294790556186252, 9: 11.119419582356134, 0: 11.274403867406939, 2: 11.325849437533265, 4: 11.110405521783472, 3: 11.210625576606938, 5: 11.270303971097285, 1: 11.296969500171233, 8: 11.052666596853387, 7: 11.050684908668229}
2024-05-21 16:53:18 - INFO     - 0.9407407407407408, 0.937037037037037, 0.9333333333333333, 0.9333333333333333, 0.9148148148148149, 0.9444444444444444, 0.9333333333333333, 0.9296296296296296, 0.9555555555555556, 0.9407407407407408
2024-05-21 16:53:18 - WARNING  - Epoch: 573, Sum of Accs: 9.363, Sum of s_i: 112.00611951866314
2024-05-21 16:53:24 - INFO     - {6: 11.301527313317907, 9: 11.125920474832744, 0: 11.281339518512004, 2: 11.332048081455907, 4: 11.11695398668831, 3: 11.217148912613498, 5: 11.276937159033114, 1: 11.303760147884011, 8: 11.05882748918566, 7: 11.057095378512805}
2024-05-21 16:53:24 - INFO     - 0.9407407407407408, 0.937037037037037, 0.9333333333333333, 0.9333333333333333, 0.9148148148148149, 0.9444444444444444, 0.9333333333333333, 0.9296296296296296, 0.9555555555555556, 0.9407407407407408
2024-05-21 16:53:24 - WARNING  - Epoch: 574, Sum of Accs: 9.363, Sum of s_i: 112.07155846203597
2024-05-21 16:53:30 - INFO     - {6: 11.307704846579579, 9: 11.1318151050219, 0: 11.287664068131466, 2: 11.338600180891858, 4: 11.123088635259977, 3: 11.224148228631051, 5: 11.283578325179807, 1: 11.310749935080663, 8: 11.065716734424738, 7: 11.063534481185597}
2024-05-21 16:53:30 - INFO     - 0.9407407407407408, 0.937037037037037, 0.9333333333333333, 0.9333333333333333, 0.9148148148148149, 0.9444444444444444, 0.9333333333333333, 0.9296296296296296, 0.9555555555555556, 0.9444444444444444
2024-05-21 16:53:30 - WARNING  - Epoch: 575, Sum of Accs: 9.367, Sum of s_i: 112.13660054038664
2024-05-21 16:53:36 - INFO     - {6: 11.314498891319426, 9: 11.137764977965563, 0: 11.294595114927935, 2: 11.34535614960014, 4: 11.129452654602556, 3: 11.230639995841724, 5: 11.290853654955335, 1: 11.3175238658738, 8: 11.071650018557797, 7: 11.069586428278118}
2024-05-21 16:53:36 - INFO     - 0.9407407407407408, 0.937037037037037, 0.9333333333333333, 0.9333333333333333, 0.9148148148148149, 0.9444444444444444, 0.9333333333333333, 0.9296296296296296, 0.9555555555555556, 0.9407407407407408
2024-05-21 16:53:36 - WARNING  - Epoch: 576, Sum of Accs: 9.363, Sum of s_i: 112.20192175192238
2024-05-21 16:53:42 - INFO     - {6: 11.3216429758808, 9: 11.143742623197005, 0: 11.301400528455613, 2: 11.352047929314118, 4: 11.136059093237229, 3: 11.237097866722566, 5: 11.297825942064524, 1: 11.323843459405612, 8: 11.077753885743324, 7: 11.075571457970545}
2024-05-21 16:53:42 - INFO     - 0.9407407407407408, 0.937037037037037, 0.9333333333333333, 0.9333333333333333, 0.9148148148148149, 0.9444444444444444, 0.9333333333333333, 0.9296296296296296, 0.9555555555555556, 0.9444444444444444
2024-05-21 16:53:42 - WARNING  - Epoch: 577, Sum of Accs: 9.367, Sum of s_i: 112.26698576199132
2024-05-21 16:53:48 - INFO     - {6: 11.328074964636771, 9: 11.150139750704637, 0: 11.307821224114711, 2: 11.35932265550299, 4: 11.141815771182198, 3: 11.243178300176222, 5: 11.30465257619465, 1: 11.330296402930745, 8: 11.083752204375527, 7: 11.081995992003586}
2024-05-21 16:53:48 - INFO     - 0.9407407407407408, 0.937037037037037, 0.9333333333333333, 0.9333333333333333, 0.9148148148148149, 0.9444444444444444, 0.9333333333333333, 0.9296296296296296, 0.9555555555555556, 0.9407407407407408
2024-05-21 16:53:48 - WARNING  - Epoch: 578, Sum of Accs: 9.363, Sum of s_i: 112.33104984182204
2024-05-21 16:53:54 - INFO     - {6: 11.334555085517529, 9: 11.156178034780577, 0: 11.314649220073616, 2: 11.366197008497728, 4: 11.148125560993169, 3: 11.24997620718553, 5: 11.310753067424635, 1: 11.337246386175831, 8: 11.089953902699179, 7: 11.088021086291572}
2024-05-21 16:53:54 - INFO     - 0.9407407407407408, 0.937037037037037, 0.9333333333333333, 0.9333333333333333, 0.9148148148148149, 0.9444444444444444, 0.9333333333333333, 0.9296296296296296, 0.9555555555555556, 0.9444444444444444
2024-05-21 16:53:54 - WARNING  - Epoch: 579, Sum of Accs: 9.367, Sum of s_i: 112.39565555963938
2024-05-21 16:54:00 - INFO     - {6: 11.341546187720217, 9: 11.162843656144172, 0: 11.321184746706916, 2: 11.372880604010708, 4: 11.155305741516594, 3: 11.255787245916098, 5: 11.317666292576833, 1: 11.343843069347807, 8: 11.09615081232518, 7: 11.094285805822949}
2024-05-21 16:54:00 - INFO     - 0.9407407407407408, 0.937037037037037, 0.9333333333333333, 0.9333333333333333, 0.9148148148148149, 0.9444444444444444, 0.9333333333333333, 0.9296296296296296, 0.9555555555555556, 0.9444444444444444
2024-05-21 16:54:00 - WARNING  - Epoch: 580, Sum of Accs: 9.367, Sum of s_i: 112.46149416208748
2024-05-21 16:54:06 - INFO     - {6: 11.34828589058428, 9: 11.169583076402782, 0: 11.328118725727704, 2: 11.379917006349176, 4: 11.161343549593264, 3: 11.26192626435977, 5: 11.325003406061349, 1: 11.350728259917028, 8: 11.102410208303775, 7: 11.100545058397469}
2024-05-21 16:54:06 - INFO     - 0.9444444444444444, 0.937037037037037, 0.9333333333333333, 0.9333333333333333, 0.9111111111111111, 0.9444444444444444, 0.9333333333333333, 0.9296296296296296, 0.9555555555555556, 0.9444444444444444
2024-05-21 16:54:06 - WARNING  - Epoch: 581, Sum of Accs: 9.367, Sum of s_i: 112.52786144569662
2024-05-21 16:54:11 - INFO     - {6: 11.355341738615992, 9: 11.175825357031734, 0: 11.335002019181335, 2: 11.386811678991025, 4: 11.167567201986515, 3: 11.26834851555632, 5: 11.33201657606151, 1: 11.357813881222098, 8: 11.108083425088518, 7: 11.107410631926768}
2024-05-21 16:54:11 - INFO     - 0.9444444444444444, 0.937037037037037, 0.9333333333333333, 0.9333333333333333, 0.9148148148148149, 0.9444444444444444, 0.9333333333333333, 0.9296296296296296, 0.9555555555555556, 0.9444444444444444
2024-05-21 16:54:11 - WARNING  - Epoch: 582, Sum of Accs: 9.370, Sum of s_i: 112.59422102566182
2024-05-21 16:54:18 - INFO     - {6: 11.36225664516828, 9: 11.182343402000267, 0: 11.341329113307077, 2: 11.393220724241537, 4: 11.17406388607951, 3: 11.274683913054172, 5: 11.338692568873752, 1: 11.364423484803837, 8: 11.114444139303615, 7: 11.113257001263896}
2024-05-21 16:54:18 - INFO     - 0.9444444444444444, 0.937037037037037, 0.9333333333333333, 0.9333333333333333, 0.9111111111111111, 0.9444444444444444, 0.9333333333333333, 0.9296296296296296, 0.9555555555555556, 0.9444444444444444
2024-05-21 16:54:18 - WARNING  - Epoch: 583, Sum of Accs: 9.367, Sum of s_i: 112.65871487809594
2024-05-21 16:54:23 - INFO     - {6: 11.36886028316772, 9: 11.188946529305026, 0: 11.348397469944869, 2: 11.399642332956082, 4: 11.179983433408008, 3: 11.281379284239135, 5: 11.345390836060538, 1: 11.37126302996195, 8: 11.120990084656075, 7: 11.119521967224252}
2024-05-21 16:54:23 - INFO     - 0.9444444444444444, 0.937037037037037, 0.9333333333333333, 0.9333333333333333, 0.9111111111111111, 0.9444444444444444, 0.9333333333333333, 0.9296296296296296, 0.9555555555555556, 0.9481481481481482
2024-05-21 16:54:23 - WARNING  - Epoch: 584, Sum of Accs: 9.370, Sum of s_i: 112.72437525092366
2024-05-21 16:54:29 - INFO     - {6: 11.375935503052526, 9: 11.19496854783235, 0: 11.354732359023533, 2: 11.406530219992453, 4: 11.186343318714442, 3: 11.28793772090769, 5: 11.351869385404465, 1: 11.378165853978839, 8: 11.126967734545786, 7: 11.126196471606494}
2024-05-21 16:54:29 - INFO     - 0.9444444444444444, 0.937037037037037, 0.9333333333333333, 0.9333333333333333, 0.9111111111111111, 0.9444444444444444, 0.9333333333333333, 0.9296296296296296, 0.9555555555555556, 0.9481481481481482
2024-05-21 16:54:29 - WARNING  - Epoch: 585, Sum of Accs: 9.370, Sum of s_i: 112.78964711505859
2024-05-21 16:54:35 - INFO     - {6: 11.38228808514631, 9: 11.201228131125117, 0: 11.360864410224464, 2: 11.41304901558663, 4: 11.192827123270458, 3: 11.294088332546204, 5: 11.358331119171703, 1: 11.385116472091298, 8: 11.133105940516227, 7: 11.132256638139545}
2024-05-21 16:54:35 - INFO     - 0.9444444444444444, 0.937037037037037, 0.9333333333333333, 0.9333333333333333, 0.9111111111111111, 0.9444444444444444, 0.9333333333333333, 0.9296296296296296, 0.9555555555555556, 0.9481481481481482
2024-05-21 16:54:35 - WARNING  - Epoch: 586, Sum of Accs: 9.370, Sum of s_i: 112.85315526781798
2024-05-21 16:54:41 - INFO     - {6: 11.388464271082533, 9: 11.207370736166517, 0: 11.367474610330284, 2: 11.419505298870233, 4: 11.19935161318597, 3: 11.300913675548353, 5: 11.365205780700975, 1: 11.392371636950609, 8: 11.1391281878708, 7: 11.138350381268918}
2024-05-21 16:54:41 - INFO     - 0.9444444444444444, 0.937037037037037, 0.9333333333333333, 0.9333333333333333, 0.9111111111111111, 0.9444444444444444, 0.9333333333333333, 0.9296296296296296, 0.9555555555555556, 0.9481481481481482
2024-05-21 16:54:41 - WARNING  - Epoch: 587, Sum of Accs: 9.370, Sum of s_i: 112.9181361919752
2024-05-21 16:54:47 - INFO     - {6: 11.395346700862094, 9: 11.213920017291409, 0: 11.37396541221366, 2: 11.426568246374861, 4: 11.20580934225364, 3: 11.30749381802253, 5: 11.37140256569105, 1: 11.398958406637336, 8: 11.145046393455035, 7: 11.144252000728088}
2024-05-21 16:54:47 - INFO     - 0.9444444444444444, 0.937037037037037, 0.9333333333333333, 0.9333333333333333, 0.9111111111111111, 0.9444444444444444, 0.9333333333333333, 0.9296296296296296, 0.9555555555555556, 0.9481481481481482
2024-05-21 16:54:47 - WARNING  - Epoch: 588, Sum of Accs: 9.370, Sum of s_i: 112.9827629035297
2024-05-21 16:54:53 - INFO     - {6: 11.402061918893256, 9: 11.220821062065964, 0: 11.380243572049164, 2: 11.43342503270622, 4: 11.211763517133663, 3: 11.313658341781807, 5: 11.377874742177665, 1: 11.40531443132659, 8: 11.151199932165932, 7: 11.150192764875584}
2024-05-21 16:54:53 - INFO     - 0.9444444444444444, 0.937037037037037, 0.9333333333333333, 0.9333333333333333, 0.9111111111111111, 0.9444444444444444, 0.9333333333333333, 0.9296296296296296, 0.9555555555555556, 0.9481481481481482
2024-05-21 16:54:53 - WARNING  - Epoch: 589, Sum of Accs: 9.370, Sum of s_i: 113.04655531517585
2024-05-21 16:54:59 - INFO     - {6: 11.408748309378067, 9: 11.226960855788322, 0: 11.38668584072314, 2: 11.439513144814486, 4: 11.21801337700273, 3: 11.320100623559727, 5: 11.38380663772211, 1: 11.411847648276572, 8: 11.157534054867101, 7: 11.156026058327905}
2024-05-21 16:54:59 - INFO     - 0.9444444444444444, 0.937037037037037, 0.9333333333333333, 0.9296296296296296, 0.9111111111111111, 0.9444444444444444, 0.9333333333333333, 0.9296296296296296, 0.9555555555555556, 0.9481481481481482
2024-05-21 16:54:59 - WARNING  - Epoch: 590, Sum of Accs: 9.367, Sum of s_i: 113.10923655046017
2024-05-21 16:55:05 - INFO     - {6: 11.415348624660878, 9: 11.233218975872541, 0: 11.392717005597301, 2: 11.44632345986652, 4: 11.22439152410337, 3: 11.32607418783486, 5: 11.39036896238544, 1: 11.418420269640885, 8: 11.163797147969392, 7: 11.161733832864236}
2024-05-21 16:55:05 - INFO     - 0.9444444444444444, 0.937037037037037, 0.9333333333333333, 0.9296296296296296, 0.9111111111111111, 0.9444444444444444, 0.9333333333333333, 0.9296296296296296, 0.9555555555555556, 0.9481481481481482
2024-05-21 16:55:05 - WARNING  - Epoch: 591, Sum of Accs: 9.367, Sum of s_i: 113.17239399079543
2024-05-21 16:55:11 - INFO     - {6: 11.421905275895842, 9: 11.239300164536646, 0: 11.39880451699436, 2: 11.45305243856972, 4: 11.231008261544346, 3: 11.332223754292935, 5: 11.39749674206418, 1: 11.424888403007902, 8: 11.169777084813251, 7: 11.167531804749688}
2024-05-21 16:55:11 - INFO     - 0.9444444444444444, 0.937037037037037, 0.9333333333333333, 0.9296296296296296, 0.9111111111111111, 0.9444444444444444, 0.9333333333333333, 0.9296296296296296, 0.9555555555555556, 0.9481481481481482
2024-05-21 16:55:11 - WARNING  - Epoch: 592, Sum of Accs: 9.367, Sum of s_i: 113.23598844646887
2024-05-21 16:55:17 - INFO     - {6: 11.428715390541312, 9: 11.245193204488432, 0: 11.405387125228684, 2: 11.459849401940811, 4: 11.237844731050476, 3: 11.338350214060597, 5: 11.404074949680467, 1: 11.431964322004553, 8: 11.176146035545829, 7: 11.174234962294024}
2024-05-21 16:55:17 - INFO     - 0.9444444444444444, 0.937037037037037, 0.9333333333333333, 0.9296296296296296, 0.9111111111111111, 0.9444444444444444, 0.9333333333333333, 0.9296296296296296, 0.9555555555555556, 0.9481481481481482
2024-05-21 16:55:17 - WARNING  - Epoch: 593, Sum of Accs: 9.367, Sum of s_i: 113.30176033683519
2024-05-21 16:55:23 - INFO     - {6: 11.435105028151174, 9: 11.251678983428976, 0: 11.411918073237977, 2: 11.466684362424337, 4: 11.24411310991054, 3: 11.344892338155187, 5: 11.410395705692325, 1: 11.43853837670481, 8: 11.182145177991378, 7: 11.180167435085076}
2024-05-21 16:55:23 - INFO     - 0.9444444444444444, 0.937037037037037, 0.9333333333333333, 0.9296296296296296, 0.9111111111111111, 0.9444444444444444, 0.9333333333333333, 0.9296296296296296, 0.9555555555555556, 0.9481481481481482
2024-05-21 16:55:23 - WARNING  - Epoch: 594, Sum of Accs: 9.367, Sum of s_i: 113.36563859078178
2024-05-21 16:55:28 - INFO     - {6: 11.44135699169301, 9: 11.258650062794983, 0: 11.41835866617028, 2: 11.473636136589038, 4: 11.250172542576918, 3: 11.351278984034503, 5: 11.417202271012412, 1: 11.445417455324378, 8: 11.189218925719338, 7: 11.186759287377576}
2024-05-21 16:55:28 - INFO     - 0.9444444444444444, 0.937037037037037, 0.9333333333333333, 0.9296296296296296, 0.9111111111111111, 0.9444444444444444, 0.9333333333333333, 0.9296296296296296, 0.9555555555555556, 0.9481481481481482
2024-05-21 16:55:28 - WARNING  - Epoch: 595, Sum of Accs: 9.367, Sum of s_i: 113.43205132329243
2024-05-21 16:55:34 - INFO     - {6: 11.44755433536265, 9: 11.264704037691471, 0: 11.425116757989908, 2: 11.48010317744256, 4: 11.256171091680603, 3: 11.357527436188436, 5: 11.423618218811907, 1: 11.451879183267506, 8: 11.195036031170586, 7: 11.192703379607057}
2024-05-21 16:55:34 - INFO     - 0.9444444444444444, 0.9407407407407408, 0.9333333333333333, 0.9296296296296296, 0.9111111111111111, 0.9444444444444444, 0.9333333333333333, 0.9296296296296296, 0.9555555555555556, 0.9481481481481482
2024-05-21 16:55:34 - WARNING  - Epoch: 596, Sum of Accs: 9.370, Sum of s_i: 113.49441364921267
2024-05-21 16:55:40 - INFO     - {6: 11.454084670076064, 9: 11.270564497838404, 0: 11.431248797541974, 2: 11.487239609474738, 4: 11.26234223899329, 3: 11.36396940366554, 5: 11.430345582041316, 1: 11.458523338481749, 8: 11.201243161518589, 7: 11.19926278490538}
2024-05-21 16:55:40 - INFO     - 0.9444444444444444, 0.9407407407407408, 0.9333333333333333, 0.9296296296296296, 0.9111111111111111, 0.9444444444444444, 0.9333333333333333, 0.9296296296296296, 0.9555555555555556, 0.9481481481481482
2024-05-21 16:55:40 - WARNING  - Epoch: 597, Sum of Accs: 9.370, Sum of s_i: 113.55882408453705
2024-05-21 16:55:46 - INFO     - {6: 11.460471779993226, 9: 11.276926276202298, 0: 11.437690205213798, 2: 11.49405228956574, 4: 11.268114633783773, 3: 11.370348602507944, 5: 11.436982467361116, 1: 11.464824518617759, 8: 11.20787178510248, 7: 11.205294956983561}
2024-05-21 16:55:46 - INFO     - 0.9444444444444444, 0.9407407407407408, 0.9333333333333333, 0.9296296296296296, 0.9111111111111111, 0.9444444444444444, 0.9333333333333333, 0.9296296296296296, 0.9555555555555556, 0.9481481481481482
2024-05-21 16:55:46 - WARNING  - Epoch: 598, Sum of Accs: 9.370, Sum of s_i: 113.6225775153317
2024-05-21 16:55:52 - INFO     - {6: 11.466872633313484, 9: 11.283300981548068, 0: 11.443587885344979, 2: 11.500157285653973, 4: 11.274297340149262, 3: 11.376360580778979, 5: 11.443449879433949, 1: 11.471080496173622, 8: 11.213616817392676, 7: 11.211325446989845}
2024-05-21 16:55:52 - INFO     - 0.9444444444444444, 0.9407407407407408, 0.9333333333333333, 0.9296296296296296, 0.9111111111111111, 0.9444444444444444, 0.9333333333333333, 0.9296296296296296, 0.9555555555555556, 0.9481481481481482
2024-05-21 16:55:52 - WARNING  - Epoch: 599, Sum of Accs: 9.370, Sum of s_i: 113.68404934677883
2024-05-21 16:55:58 - INFO     - {6: 11.47315004198896, 9: 11.289895088098167, 0: 11.450089882282569, 2: 11.506581561052704, 4: 11.280578403888704, 3: 11.382711587237209, 5: 11.449560689200808, 1: 11.477663802121372, 8: 11.219295685137011, 7: 11.217458511834009}
2024-05-21 16:55:58 - INFO     - 0.9444444444444444, 0.9407407407407408, 0.9333333333333333, 0.9296296296296296, 0.9111111111111111, 0.9444444444444444, 0.9333333333333333, 0.9296296296296296, 0.9555555555555556, 0.9481481481481482
2024-05-21 16:55:58 - WARNING  - Epoch: 600, Sum of Accs: 9.370, Sum of s_i: 113.74698525284151
2024-05-21 16:56:04 - INFO     - {6: 11.479976614555138, 9: 11.2962642474732, 0: 11.456589497483993, 2: 11.512819136178285, 4: 11.28683698658599, 3: 11.388988615602818, 5: 11.45626916328803, 1: 11.484164856324767, 8: 11.225572197253033, 7: 11.223850822890132}
2024-05-21 16:56:04 - INFO     - 0.9444444444444444, 0.9407407407407408, 0.9333333333333333, 0.9296296296296296, 0.9111111111111111, 0.9444444444444444, 0.9333333333333333, 0.9296296296296296, 0.9555555555555556, 0.9481481481481482
2024-05-21 16:56:04 - WARNING  - Epoch: 601, Sum of Accs: 9.370, Sum of s_i: 113.81133213763538
2024-05-21 16:56:10 - INFO     - {6: 11.486675961626752, 9: 11.303151469341827, 0: 11.463038500453717, 2: 11.519507287935227, 4: 11.29315860450676, 3: 11.395382702712608, 5: 11.463707455975484, 1: 11.490181077511073, 8: 11.231655123172034, 7: 11.229976937193472}
2024-05-21 16:56:10 - INFO     - 0.9444444444444444, 0.9407407407407408, 0.9333333333333333, 0.9296296296296296, 0.9111111111111111, 0.9444444444444444, 0.9333333333333333, 0.9296296296296296, 0.9555555555555556, 0.9481481481481482
2024-05-21 16:56:10 - WARNING  - Epoch: 602, Sum of Accs: 9.370, Sum of s_i: 113.87643512042894
2024-05-21 16:56:16 - INFO     - {6: 11.492803388719286, 9: 11.309162300154693, 0: 11.469261292347664, 2: 11.526253259072401, 4: 11.299308439479752, 3: 11.401241333650793, 5: 11.469854848905246, 1: 11.496671367940063, 8: 11.237430910110657, 7: 11.236266932856477}
2024-05-21 16:56:16 - INFO     - 0.9444444444444444, 0.9407407407407408, 0.9333333333333333, 0.9296296296296296, 0.9111111111111111, 0.9444444444444444, 0.9333333333333333, 0.9296296296296296, 0.9555555555555556, 0.9481481481481482
2024-05-21 16:56:16 - WARNING  - Epoch: 603, Sum of Accs: 9.370, Sum of s_i: 113.93825407323705
2024-05-21 16:56:21 - INFO     - {6: 11.49913832896765, 9: 11.315286280263464, 0: 11.47554329178684, 2: 11.533014678054874, 4: 11.30565229880385, 3: 11.40757617358179, 5: 11.476238566391217, 1: 11.502725188665412, 8: 11.24325323121042, 7: 11.242495109312424}
2024-05-21 16:56:21 - INFO     - 0.9444444444444444, 0.9407407407407408, 0.9333333333333333, 0.9296296296296296, 0.9111111111111111, 0.9444444444444444, 0.9333333333333333, 0.9296296296296296, 0.9555555555555556, 0.9481481481481482
2024-05-21 16:56:21 - WARNING  - Epoch: 604, Sum of Accs: 9.370, Sum of s_i: 114.00092314703794
2024-05-21 16:56:27 - INFO     - {6: 11.505494244224412, 9: 11.321640283476604, 0: 11.48191432295965, 2: 11.539048462927182, 4: 11.311449433209933, 3: 11.413840064086688, 5: 11.482711614494624, 1: 11.509795616117131, 8: 11.24902287602792, 7: 11.248543178596538}
2024-05-21 16:56:27 - INFO     - 0.9444444444444444, 0.9407407407407408, 0.9333333333333333, 0.9296296296296296, 0.9111111111111111, 0.9444444444444444, 0.9333333333333333, 0.9296296296296296, 0.9555555555555556, 0.9481481481481482
2024-05-21 16:56:27 - WARNING  - Epoch: 605, Sum of Accs: 9.370, Sum of s_i: 114.06346009612068
2024-05-21 16:56:33 - INFO     - {6: 11.51205917553454, 9: 11.327254104394585, 0: 11.48849341638961, 2: 11.545245404373366, 4: 11.317534417531602, 3: 11.420303582406449, 5: 11.48945577856299, 1: 11.51610369161199, 8: 11.255345050789971, 7: 11.254838386445698}
2024-05-21 16:56:33 - INFO     - 0.9444444444444444, 0.9407407407407408, 0.9333333333333333, 0.9296296296296296, 0.9111111111111111, 0.9444444444444444, 0.9333333333333333, 0.9296296296296296, 0.9555555555555556, 0.9481481481481482
2024-05-21 16:56:33 - WARNING  - Epoch: 606, Sum of Accs: 9.370, Sum of s_i: 114.1266330080408
2024-05-21 16:56:39 - INFO     - {6: 11.518333250795973, 9: 11.333376769570261, 0: 11.494246303515862, 2: 11.551515546462944, 4: 11.323505454008647, 3: 11.42680081338498, 5: 11.49591758298579, 1: 11.5225823002766, 8: 11.26072296084045, 7: 11.261083389964874}
2024-05-21 16:56:39 - INFO     - 0.9444444444444444, 0.9407407407407408, 0.9333333333333333, 0.9296296296296296, 0.9111111111111111, 0.9444444444444444, 0.9333333333333333, 0.9296296296296296, 0.9555555555555556, 0.9481481481481482
2024-05-21 16:56:39 - WARNING  - Epoch: 607, Sum of Accs: 9.370, Sum of s_i: 114.18808437180638
2024-05-21 16:56:45 - INFO     - {6: 11.524635390041881, 9: 11.339375002591483, 0: 11.50097842570887, 2: 11.558328832718818, 4: 11.32987177869294, 3: 11.432728753865684, 5: 11.5028185681652, 1: 11.52918566148244, 8: 11.266258172530854, 7: 11.267196197160391}
2024-05-21 16:56:45 - INFO     - 0.9444444444444444, 0.9407407407407408, 0.9333333333333333, 0.9296296296296296, 0.9111111111111111, 0.9444444444444444, 0.9333333333333333, 0.9296296296296296, 0.9555555555555556, 0.9481481481481482
2024-05-21 16:56:45 - WARNING  - Epoch: 608, Sum of Accs: 9.370, Sum of s_i: 114.25137678295856
2024-05-21 16:56:51 - INFO     - {6: 11.530815857519016, 9: 11.345429541937504, 0: 11.507068222930561, 2: 11.565437013307976, 4: 11.336168384063088, 3: 11.438359697602818, 5: 11.508750929202156, 1: 11.53563832977158, 8: 11.272261476335405, 7: 11.273199759343115}
2024-05-21 16:56:51 - INFO     - 0.9444444444444444, 0.9407407407407408, 0.9333333333333333, 0.9296296296296296, 0.9111111111111111, 0.9444444444444444, 0.9333333333333333, 0.9296296296296296, 0.9555555555555556, 0.9481481481481482
2024-05-21 16:56:51 - WARNING  - Epoch: 609, Sum of Accs: 9.370, Sum of s_i: 114.31312921201322
2024-05-21 16:56:57 - INFO     - {6: 11.536987110647937, 9: 11.351117457877162, 0: 11.513433177025409, 2: 11.572039507265941, 4: 11.342236200421505, 3: 11.4445736690888, 5: 11.515330459275994, 1: 11.542266051496082, 8: 11.278461404284213, 7: 11.279523541535374}
2024-05-21 16:56:57 - INFO     - 0.9444444444444444, 0.9407407407407408, 0.9333333333333333, 0.9296296296296296, 0.9111111111111111, 0.9444444444444444, 0.9333333333333333, 0.9296296296296296, 0.9555555555555556, 0.9481481481481482
2024-05-21 16:56:57 - WARNING  - Epoch: 610, Sum of Accs: 9.370, Sum of s_i: 114.37596857891842
2024-05-21 16:57:03 - INFO     - {6: 11.54316206732327, 9: 11.35716249101041, 0: 11.519738019331623, 2: 11.578059989164629, 4: 11.348468488216238, 3: 11.451057255637055, 5: 11.521722614679543, 1: 11.548705466095887, 8: 11.284176770839032, 7: 11.285614638015664}
2024-05-21 16:57:03 - INFO     - 0.9444444444444444, 0.9407407407407408, 0.9333333333333333, 0.9296296296296296, 0.9111111111111111, 0.9444444444444444, 0.9333333333333333, 0.9296296296296296, 0.9555555555555556, 0.9481481481481482
2024-05-21 16:57:03 - WARNING  - Epoch: 611, Sum of Accs: 9.370, Sum of s_i: 114.43786780031334
2024-05-21 16:57:09 - INFO     - {6: 11.549605688932864, 9: 11.363684841006819, 0: 11.52565461268888, 2: 11.58462765096486, 4: 11.354269036680549, 3: 11.457759687100227, 5: 11.528159528045009, 1: 11.555533427334737, 8: 11.289936377469916, 7: 11.291369222380313}
2024-05-21 16:57:09 - INFO     - 0.9444444444444444, 0.9407407407407408, 0.9333333333333333, 0.9296296296296296, 0.9111111111111111, 0.9444444444444444, 0.9333333333333333, 0.9296296296296296, 0.9555555555555556, 0.9481481481481482
2024-05-21 16:57:09 - WARNING  - Epoch: 612, Sum of Accs: 9.370, Sum of s_i: 114.50060007260417
2024-05-21 16:57:15 - INFO     - {6: 11.556239243997597, 9: 11.36999692084181, 0: 11.531346980275085, 2: 11.591215131842235, 4: 11.360805550249406, 3: 11.464421333205001, 5: 11.535042180482536, 1: 11.56162871862175, 8: 11.296047478685509, 7: 11.296736930752948}
2024-05-21 16:57:15 - INFO     - 0.9444444444444444, 0.9407407407407408, 0.9333333333333333, 0.9296296296296296, 0.9111111111111111, 0.9444444444444444, 0.9333333333333333, 0.9296296296296296, 0.9555555555555556, 0.9481481481481482
2024-05-21 16:57:15 - WARNING  - Epoch: 613, Sum of Accs: 9.370, Sum of s_i: 114.56348046895387
2024-05-21 16:57:21 - INFO     - {6: 11.562232386742432, 9: 11.375587192274661, 0: 11.537449792702292, 2: 11.597846466273754, 4: 11.3663608798035, 3: 11.470681289152987, 5: 11.541397329681088, 1: 11.567545706450764, 8: 11.30186672879545, 7: 11.302375424273697}
2024-05-21 16:57:21 - INFO     - 0.9444444444444444, 0.9407407407407408, 0.9333333333333333, 0.9296296296296296, 0.9111111111111111, 0.9444444444444444, 0.9333333333333333, 0.9296296296296296, 0.9555555555555556, 0.9481481481481482
2024-05-21 16:57:21 - WARNING  - Epoch: 614, Sum of Accs: 9.370, Sum of s_i: 114.62334319615061
2024-05-21 16:57:27 - INFO     - {6: 11.5680985961156, 9: 11.381676556620002, 0: 11.544129930915762, 2: 11.604387803109812, 4: 11.372468146656052, 3: 11.47660793215962, 5: 11.547608335839953, 1: 11.574436486028388, 8: 11.307529671613912, 7: 11.308825548842732}
2024-05-21 16:57:27 - INFO     - 0.9444444444444444, 0.9407407407407408, 0.9333333333333333, 0.9296296296296296, 0.9111111111111111, 0.9444444444444444, 0.9333333333333333, 0.9296296296296296, 0.9555555555555556, 0.9481481481481482
2024-05-21 16:57:27 - WARNING  - Epoch: 615, Sum of Accs: 9.370, Sum of s_i: 114.68576900790184
2024-05-21 16:57:33 - INFO     - {6: 11.574180275462359, 9: 11.38781868403048, 0: 11.55092283748292, 2: 11.611456020546413, 4: 11.378518796607409, 3: 11.482368244778801, 5: 11.553599437354025, 1: 11.58073271438386, 8: 11.313157797003843, 7: 11.315164676296911}
2024-05-21 16:57:33 - INFO     - 0.9444444444444444, 0.9407407407407408, 0.9333333333333333, 0.9296296296296296, 0.9111111111111111, 0.9444444444444444, 0.9333333333333333, 0.9296296296296296, 0.9555555555555556, 0.9481481481481482
2024-05-21 16:57:33 - WARNING  - Epoch: 616, Sum of Accs: 9.370, Sum of s_i: 114.74791948394702
2024-05-21 16:57:39 - INFO     - {6: 11.580239085747403, 9: 11.394159697118758, 0: 11.557015165449371, 2: 11.618104909571933, 4: 11.38460009106634, 3: 11.489293467613653, 5: 11.560409378394379, 1: 11.587103107930004, 8: 11.319305039070036, 7: 11.321015877780608}
2024-05-21 16:57:39 - INFO     - 0.9444444444444444, 0.9407407407407408, 0.9333333333333333, 0.9296296296296296, 0.9111111111111111, 0.9444444444444444, 0.9333333333333333, 0.9296296296296296, 0.9555555555555556, 0.9481481481481482
2024-05-21 16:57:39 - WARNING  - Epoch: 617, Sum of Accs: 9.370, Sum of s_i: 114.81124581974248
2024-05-21 16:57:45 - INFO     - {6: 11.586985494555808, 9: 11.400263077023974, 0: 11.56369452645082, 2: 11.624284490095233, 4: 11.390446861202735, 3: 11.495818746724524, 5: 11.566619252622987, 1: 11.593528102043901, 8: 11.324629279093623, 7: 11.326612077092017}
2024-05-21 16:57:45 - INFO     - 0.9444444444444444, 0.9407407407407408, 0.9333333333333333, 0.9296296296296296, 0.9111111111111111, 0.9444444444444444, 0.9333333333333333, 0.9296296296296296, 0.9555555555555556, 0.9481481481481482
2024-05-21 16:57:45 - WARNING  - Epoch: 618, Sum of Accs: 9.370, Sum of s_i: 114.87288190690563
2024-05-21 16:57:51 - INFO     - {6: 11.593550825559952, 9: 11.40623570366846, 0: 11.56971636189417, 2: 11.630684150261127, 4: 11.39655007333452, 3: 11.502258451662758, 5: 11.572927874866208, 1: 11.600052566387363, 8: 11.330830978839659, 7: 11.332548293046207}
2024-05-21 16:57:51 - INFO     - 0.9444444444444444, 0.9407407407407408, 0.9333333333333333, 0.9296296296296296, 0.9111111111111111, 0.9444444444444444, 0.9333333333333333, 0.9296296296296296, 0.9555555555555556, 0.9481481481481482
2024-05-21 16:57:51 - WARNING  - Epoch: 619, Sum of Accs: 9.370, Sum of s_i: 114.93535527952041
2024-05-21 16:57:57 - INFO     - {6: 11.600187364898284, 9: 11.41263935618714, 0: 11.576700066150654, 2: 11.636652956505458, 4: 11.402465034086761, 3: 11.508497295985373, 5: 11.579028283082845, 1: 11.606245954353843, 8: 11.3366696180164, 7: 11.338113691507905}
2024-05-21 16:57:57 - INFO     - 0.9444444444444444, 0.9407407407407408, 0.9333333333333333, 0.9296296296296296, 0.9111111111111111, 0.9444444444444444, 0.9333333333333333, 0.9296296296296296, 0.9555555555555556, 0.9481481481481482
2024-05-21 16:57:57 - WARNING  - Epoch: 620, Sum of Accs: 9.370, Sum of s_i: 114.99719962077467
2024-05-21 16:58:03 - INFO     - {6: 11.606507372766957, 9: 11.418306068590896, 0: 11.58338669197138, 2: 11.643591274586564, 4: 11.409049679311085, 3: 11.514688254493644, 5: 11.585306643757283, 1: 11.612323180164564, 8: 11.342528424101177, 7: 11.343936425565717}
2024-05-21 16:58:03 - INFO     - 0.9444444444444444, 0.9407407407407408, 0.9333333333333333, 0.9296296296296296, 0.9111111111111111, 0.9444444444444444, 0.9333333333333333, 0.9296296296296296, 0.9555555555555556, 0.9481481481481482
2024-05-21 16:58:03 - WARNING  - Epoch: 621, Sum of Accs: 9.370, Sum of s_i: 115.05962401530927
2024-05-21 16:58:08 - INFO     - {6: 11.61220169796952, 9: 11.424266139396272, 0: 11.589450683228083, 2: 11.650421220484201, 4: 11.41497974161925, 3: 11.52045783362872, 5: 11.591818335585224, 1: 11.61845609030083, 8: 11.348552359053476, 7: 11.349830277996617}
2024-05-21 16:58:08 - INFO     - 0.9444444444444444, 0.9407407407407408, 0.9333333333333333, 0.9296296296296296, 0.9111111111111111, 0.9444444444444444, 0.9333333333333333, 0.9296296296296296, 0.9555555555555556, 0.9481481481481482
2024-05-21 16:58:08 - WARNING  - Epoch: 622, Sum of Accs: 9.370, Sum of s_i: 115.12043437926219
2024-05-21 16:58:14 - INFO     - {6: 11.61907400581283, 9: 11.43009630114576, 0: 11.595724862969812, 2: 11.656480673241095, 4: 11.420862602639328, 3: 11.526234179425451, 5: 11.598107886138868, 1: 11.624760723046744, 8: 11.354437263236397, 7: 11.355667466395682}
2024-05-21 16:58:14 - INFO     - 0.9444444444444444, 0.9407407407407408, 0.9333333333333333, 0.9296296296296296, 0.9111111111111111, 0.9444444444444444, 0.9333333333333333, 0.9296296296296296, 0.9555555555555556, 0.9481481481481482
2024-05-21 16:58:14 - WARNING  - Epoch: 623, Sum of Accs: 9.370, Sum of s_i: 115.18144596405197
2024-05-21 16:58:20 - INFO     - {6: 11.624996045463465, 9: 11.436110732806823, 0: 11.601970794327896, 2: 11.66312782670413, 4: 11.42680790507387, 3: 11.532823944862328, 5: 11.604372173754319, 1: 11.631115903623556, 8: 11.36047162261156, 7: 11.361720802915166}
2024-05-21 16:58:20 - INFO     - 0.9444444444444444, 0.9407407407407408, 0.9333333333333333, 0.9296296296296296, 0.9111111111111111, 0.9444444444444444, 0.9333333333333333, 0.9296296296296296, 0.9555555555555556, 0.9481481481481482
2024-05-21 16:58:20 - WARNING  - Epoch: 624, Sum of Accs: 9.370, Sum of s_i: 115.2435177521431
2024-05-21 16:58:26 - INFO     - {6: 11.631495069435667, 9: 11.442550225360419, 0: 11.608050218511424, 2: 11.670228716212117, 4: 11.433054154491103, 3: 11.538973097339511, 5: 11.61098482781675, 1: 11.637182833317011, 8: 11.366473443539833, 7: 11.367564722232009}
2024-05-21 16:58:26 - INFO     - 0.9444444444444444, 0.9407407407407408, 0.9333333333333333, 0.9296296296296296, 0.9111111111111111, 0.9444444444444444, 0.9333333333333333, 0.9296296296296296, 0.9555555555555556, 0.9481481481481482
2024-05-21 16:58:26 - WARNING  - Epoch: 625, Sum of Accs: 9.370, Sum of s_i: 115.30655730825583
2024-05-21 16:58:32 - INFO     - {6: 11.637911629827842, 9: 11.448671235224932, 0: 11.614742498677876, 2: 11.676734334852327, 4: 11.439402265152701, 3: 11.545295464792792, 5: 11.617009001990215, 1: 11.643163103809824, 8: 11.372729627826441, 7: 11.373736677688106}
2024-05-21 16:58:32 - INFO     - 0.9444444444444444, 0.9407407407407408, 0.9333333333333333, 0.9296296296296296, 0.9111111111111111, 0.9444444444444444, 0.9333333333333333, 0.9296296296296296, 0.9555555555555556, 0.9481481481481482
2024-05-21 16:58:32 - WARNING  - Epoch: 626, Sum of Accs: 9.370, Sum of s_i: 115.36939583984305
2024-05-21 16:58:38 - INFO     - {6: 11.644539592583369, 9: 11.454951817492292, 0: 11.621141355819606, 2: 11.683205313304402, 4: 11.445614213803355, 3: 11.551399808045813, 5: 11.623861349476574, 1: 11.649768489775294, 8: 11.378942339282345, 7: 11.379251484429485}
2024-05-21 16:58:38 - INFO     - 0.9444444444444444, 0.9407407407407408, 0.9333333333333333, 0.9296296296296296, 0.9111111111111111, 0.9444444444444444, 0.9333333333333333, 0.9296296296296296, 0.9555555555555556, 0.9481481481481482
2024-05-21 16:58:38 - WARNING  - Epoch: 627, Sum of Accs: 9.370, Sum of s_i: 115.43267576401254
2024-05-21 16:58:44 - INFO     - {6: 11.650091390959162, 9: 11.460660016895936, 0: 11.627121851267049, 2: 11.689790450435517, 4: 11.451870132291797, 3: 11.558044641927824, 5: 11.630274889714407, 1: 11.656316090789774, 8: 11.384493129192993, 7: 11.384573151450539}
2024-05-21 16:58:44 - INFO     - 0.9444444444444444, 0.9407407407407408, 0.9333333333333333, 0.9296296296296296, 0.9111111111111111, 0.9444444444444444, 0.9333333333333333, 0.9296296296296296, 0.9555555555555556, 0.9481481481481482
2024-05-21 16:58:44 - WARNING  - Epoch: 628, Sum of Accs: 9.370, Sum of s_i: 115.49323574492499
2024-05-21 16:58:50 - INFO     - {6: 11.656188375441644, 9: 11.4658796445675, 0: 11.633473853433214, 2: 11.696426552439501, 4: 11.457346823826773, 3: 11.564256106154593, 5: 11.636817439868322, 1: 11.662575471048811, 8: 11.390854531140088, 7: 11.38943824398384}
2024-05-21 16:58:50 - INFO     - 0.9444444444444444, 0.9407407407407408, 0.9333333333333333, 0.9296296296296296, 0.9111111111111111, 0.9444444444444444, 0.9333333333333333, 0.9296296296296296, 0.9555555555555556, 0.9481481481481482
2024-05-21 16:58:50 - WARNING  - Epoch: 629, Sum of Accs: 9.370, Sum of s_i: 115.55325704190429
2024-05-21 16:58:56 - INFO     - {6: 11.662027060064291, 9: 11.472031644118516, 0: 11.639226914663125, 2: 11.702361035870547, 4: 11.462986742409042, 3: 11.570288956886278, 5: 11.643598169119098, 1: 11.668809440563598, 8: 11.396438371050785, 7: 11.395307929224057}
2024-05-21 16:58:56 - INFO     - 0.9444444444444444, 0.9407407407407408, 0.9333333333333333, 0.9296296296296296, 0.9111111111111111, 0.9444444444444444, 0.9333333333333333, 0.9296296296296296, 0.9555555555555556, 0.9481481481481482
2024-05-21 16:58:56 - WARNING  - Epoch: 630, Sum of Accs: 9.370, Sum of s_i: 115.61307626396933
2024-05-21 16:59:02 - INFO     - {6: 11.668348310175508, 9: 11.478035564060828, 0: 11.645649262573412, 2: 11.708880274444057, 4: 11.469496728899124, 3: 11.576159827608402, 5: 11.649870113973504, 1: 11.675216803190015, 8: 11.402184949041157, 7: 11.401280493764045}
2024-05-21 16:59:02 - INFO     - 0.9444444444444444, 0.9407407407407408, 0.9333333333333333, 0.9296296296296296, 0.9111111111111111, 0.9444444444444444, 0.9333333333333333, 0.9296296296296296, 0.9555555555555556, 0.9481481481481482
2024-05-21 16:59:02 - WARNING  - Epoch: 631, Sum of Accs: 9.370, Sum of s_i: 115.67512232773005
2024-05-21 16:59:08 - INFO     - {6: 11.674514753294362, 9: 11.484320198003765, 0: 11.65199941712024, 2: 11.715030251027216, 4: 11.475853170616569, 3: 11.582552539090855, 5: 11.655925030965438, 1: 11.681338571125872, 8: 11.408050808865754, 7: 11.407453381404782}
2024-05-21 16:59:08 - INFO     - 0.9444444444444444, 0.9407407407407408, 0.9333333333333333, 0.9296296296296296, 0.9111111111111111, 0.9444444444444444, 0.9333333333333333, 0.9296296296296296, 0.9555555555555556, 0.9481481481481482
2024-05-21 16:59:08 - WARNING  - Epoch: 632, Sum of Accs: 9.370, Sum of s_i: 115.73703812151486
2024-05-21 16:59:14 - INFO     - {6: 11.680670374069615, 9: 11.489787945144059, 0: 11.658375138351817, 2: 11.72094574928651, 4: 11.48173266753323, 3: 11.58839366260878, 5: 11.661832719936207, 1: 11.68736061236348, 8: 11.4140142623561, 7: 11.41273159019409}
2024-05-21 16:59:14 - INFO     - 0.9444444444444444, 0.9407407407407408, 0.9333333333333333, 0.9296296296296296, 0.9111111111111111, 0.9444444444444444, 0.9333333333333333, 0.9296296296296296, 0.9555555555555556, 0.9481481481481482
2024-05-21 16:59:14 - WARNING  - Epoch: 633, Sum of Accs: 9.370, Sum of s_i: 115.79584472184386
2024-05-21 16:59:20 - INFO     - {6: 11.686874491744813, 9: 11.495400452905269, 0: 11.664834044873729, 2: 11.727706775199126, 4: 11.487555320626024, 3: 11.594546689132141, 5: 11.668015377583597, 1: 11.693429604729692, 8: 11.420142200896006, 7: 11.418488589742987}
2024-05-21 16:59:20 - INFO     - 0.9444444444444444, 0.9407407407407408, 0.937037037037037, 0.9296296296296296, 0.9111111111111111, 0.9444444444444444, 0.9333333333333333, 0.9296296296296296, 0.9555555555555556, 0.9481481481481482
2024-05-21 16:59:20 - WARNING  - Epoch: 634, Sum of Accs: 9.374, Sum of s_i: 115.85699354743339
2024-05-21 16:59:26 - INFO     - {6: 11.693015604680156, 9: 11.501599562855661, 0: 11.670730056971793, 2: 11.734376469453611, 4: 11.493093090200961, 3: 11.600415363160737, 5: 11.674131045198108, 1: 11.700090661161587, 8: 11.425867513485596, 7: 11.424375197142124}
2024-05-21 16:59:26 - INFO     - 0.9444444444444444, 0.9407407407407408, 0.937037037037037, 0.9296296296296296, 0.9111111111111111, 0.9444444444444444, 0.9333333333333333, 0.9296296296296296, 0.9555555555555556, 0.9481481481481482
2024-05-21 16:59:26 - WARNING  - Epoch: 635, Sum of Accs: 9.374, Sum of s_i: 115.91769456431032
2024-05-21 16:59:32 - INFO     - {6: 11.69889288602584, 9: 11.507339845236567, 0: 11.67728897992164, 2: 11.740352129332702, 4: 11.499371959452848, 3: 11.606613340481276, 5: 11.680360969217773, 1: 11.706146281527284, 8: 11.431477595726799, 7: 11.43019306739001}
2024-05-21 16:59:32 - INFO     - 0.9444444444444444, 0.9407407407407408, 0.937037037037037, 0.9296296296296296, 0.9111111111111111, 0.9444444444444444, 0.9333333333333333, 0.9296296296296296, 0.9555555555555556, 0.9481481481481482
2024-05-21 16:59:32 - WARNING  - Epoch: 636, Sum of Accs: 9.374, Sum of s_i: 115.97803705431274
2024-05-21 16:59:38 - INFO     - {6: 11.704869678074042, 9: 11.51266117878557, 0: 11.683306158221363, 2: 11.745994370127313, 4: 11.50528917348805, 3: 11.612484731062088, 5: 11.686512215243681, 1: 11.712394244041938, 8: 11.43715690729161, 7: 11.436526784668294}
2024-05-21 16:59:38 - INFO     - 0.9444444444444444, 0.9407407407407408, 0.937037037037037, 0.9296296296296296, 0.9111111111111111, 0.9444444444444444, 0.9333333333333333, 0.9296296296296296, 0.9555555555555556, 0.9481481481481482
2024-05-21 16:59:38 - WARNING  - Epoch: 637, Sum of Accs: 9.374, Sum of s_i: 116.03719544100393
2024-05-21 16:59:44 - INFO     - {6: 11.711165299880959, 9: 11.518041366448323, 0: 11.68926438842879, 2: 11.752602643542298, 4: 11.511367173697082, 3: 11.617993757447223, 5: 11.69273982948625, 1: 11.718377880309557, 8: 11.442690177887236, 7: 11.44220829890625}
2024-05-21 16:59:44 - INFO     - 0.9444444444444444, 0.9407407407407408, 0.937037037037037, 0.9296296296296296, 0.9111111111111111, 0.9444444444444444, 0.9333333333333333, 0.9296296296296296, 0.9555555555555556, 0.9481481481481482
2024-05-21 16:59:44 - WARNING  - Epoch: 638, Sum of Accs: 9.374, Sum of s_i: 116.09645081603398
2024-05-21 16:59:50 - INFO     - {6: 11.717269082765407, 9: 11.523952127250643, 0: 11.69531920142123, 2: 11.75897922257676, 4: 11.517168790433988, 3: 11.623765547981405, 5: 11.698603697337532, 1: 11.725255220821172, 8: 11.44800138519364, 7: 11.447887199347614}
2024-05-21 16:59:50 - INFO     - 0.9444444444444444, 0.9407407407407408, 0.937037037037037, 0.9296296296296296, 0.9111111111111111, 0.9444444444444444, 0.9333333333333333, 0.9296296296296296, 0.9555555555555556, 0.9481481481481482
2024-05-21 16:59:50 - WARNING  - Epoch: 639, Sum of Accs: 9.374, Sum of s_i: 116.1562014751294
2024-05-21 16:59:56 - INFO     - {6: 11.723373828066595, 9: 11.52955679991597, 0: 11.701239234959088, 2: 11.765636688459415, 4: 11.522442273004005, 3: 11.629789399888955, 5: 11.705177005506219, 1: 11.731171923706963, 8: 11.453814091364578, 7: 11.453759203125234}
2024-05-21 16:59:56 - INFO     - 0.9444444444444444, 0.9407407407407408, 0.937037037037037, 0.9296296296296296, 0.9111111111111111, 0.9444444444444444, 0.9333333333333333, 0.9333333333333333, 0.9555555555555556, 0.9444444444444444
2024-05-21 16:59:56 - WARNING  - Epoch: 640, Sum of Accs: 9.374, Sum of s_i: 116.21596044799702
2024-05-21 17:00:02 - INFO     - {6: 11.729403012937247, 9: 11.535106663917778, 0: 11.707041445348866, 2: 11.771993066719366, 4: 11.528501536849278, 3: 11.636092475321306, 5: 11.711077989063789, 1: 11.737144528316668, 8: 11.459176480419094, 7: 11.459101962377927}
2024-05-21 17:00:02 - INFO     - 0.9444444444444444, 0.9407407407407408, 0.937037037037037, 0.9296296296296296, 0.9111111111111111, 0.9444444444444444, 0.9333333333333333, 0.9296296296296296, 0.9555555555555556, 0.9444444444444444
2024-05-21 17:00:02 - WARNING  - Epoch: 641, Sum of Accs: 9.370, Sum of s_i: 116.27463916127131
2024-05-21 17:00:08 - INFO     - {6: 11.735562637040577, 9: 11.540693221528134, 0: 11.713319306549955, 2: 11.777731072448976, 4: 11.534220919811519, 3: 11.642535323520413, 5: 11.717147948483449, 1: 11.743088578133088, 8: 11.464836088850804, 7: 11.464164449178368}
2024-05-21 17:00:08 - INFO     - 0.9444444444444444, 0.9407407407407408, 0.937037037037037, 0.9296296296296296, 0.9111111111111111, 0.9444444444444444, 0.9333333333333333, 0.9333333333333333, 0.9555555555555556, 0.9444444444444444
2024-05-21 17:00:08 - WARNING  - Epoch: 642, Sum of Accs: 9.374, Sum of s_i: 116.33329954554526
2024-05-21 17:00:13 - INFO     - {6: 11.741964529852417, 9: 11.546452422540627, 0: 11.719508423342038, 2: 11.784341734230322, 4: 11.540125028432968, 3: 11.648231963944756, 5: 11.723687971540283, 1: 11.749100382786125, 8: 11.470823342990734, 7: 11.470001984688995}
2024-05-21 17:00:13 - INFO     - 0.9444444444444444, 0.9407407407407408, 0.937037037037037, 0.9296296296296296, 0.9111111111111111, 0.9444444444444444, 0.9333333333333333, 0.9333333333333333, 0.9555555555555556, 0.9481481481481482
2024-05-21 17:00:14 - WARNING  - Epoch: 643, Sum of Accs: 9.378, Sum of s_i: 116.39423778434926
2024-05-21 17:00:19 - INFO     - {6: 11.747884254249044, 9: 11.552038020787322, 0: 11.7252421989504, 2: 11.79086907086805, 4: 11.546007653555522, 3: 11.654903455714296, 5: 11.72946518916607, 1: 11.755640120627833, 8: 11.476341857626984, 7: 11.475339120832084}
2024-05-21 17:00:19 - INFO     - 0.9444444444444444, 0.9407407407407408, 0.937037037037037, 0.9296296296296296, 0.9111111111111111, 0.9444444444444444, 0.9333333333333333, 0.9333333333333333, 0.9555555555555556, 0.9444444444444444
2024-05-21 17:00:19 - WARNING  - Epoch: 644, Sum of Accs: 9.374, Sum of s_i: 116.45373094237762
2024-05-21 17:00:25 - INFO     - {6: 11.753533630535355, 9: 11.557548450166815, 0: 11.731266859409615, 2: 11.796718290164788, 4: 11.552109964361668, 3: 11.661382902457868, 5: 11.735969637544914, 1: 11.761950097629224, 8: 11.481746180487576, 7: 11.481270727688276}
2024-05-21 17:00:25 - INFO     - 0.9444444444444444, 0.9407407407407408, 0.937037037037037, 0.9296296296296296, 0.9111111111111111, 0.9444444444444444, 0.9333333333333333, 0.9333333333333333, 0.9555555555555556, 0.9444444444444444
2024-05-21 17:00:25 - WARNING  - Epoch: 645, Sum of Accs: 9.374, Sum of s_i: 116.5134967404461
2024-05-21 17:00:31 - INFO     - {6: 11.759133741239667, 9: 11.563795844531827, 0: 11.73718750987193, 2: 11.803245961839872, 4: 11.557951617459032, 3: 11.667715020205488, 5: 11.742310711132582, 1: 11.76821838256394, 8: 11.488432340431507, 7: 11.48654633750468}
2024-05-21 17:00:31 - INFO     - 0.9444444444444444, 0.9407407407407408, 0.937037037037037, 0.9296296296296296, 0.9111111111111111, 0.9444444444444444, 0.9333333333333333, 0.9333333333333333, 0.9555555555555556, 0.9444444444444444
2024-05-21 17:00:31 - WARNING  - Epoch: 646, Sum of Accs: 9.374, Sum of s_i: 116.57453746678051
2024-05-21 17:00:37 - INFO     - {6: 11.764901811019882, 9: 11.569597274543304, 0: 11.742914390212688, 2: 11.809364041456611, 4: 11.563541738983432, 3: 11.673929507869419, 5: 11.748653296401184, 1: 11.773930389179029, 8: 11.493996534298581, 7: 11.492058409738345}
2024-05-21 17:00:37 - INFO     - 0.9444444444444444, 0.9407407407407408, 0.937037037037037, 0.9296296296296296, 0.9111111111111111, 0.9444444444444444, 0.9333333333333333, 0.937037037037037, 0.9555555555555556, 0.9444444444444444
2024-05-21 17:00:37 - WARNING  - Epoch: 647, Sum of Accs: 9.378, Sum of s_i: 116.63288739370248
2024-05-21 17:00:43 - INFO     - {6: 11.770727035617085, 9: 11.575568810670497, 0: 11.74943389956607, 2: 11.815306870382312, 4: 11.569419232583183, 3: 11.67988158952698, 5: 11.754316224597511, 1: 11.780510183132511, 8: 11.499644677808076, 7: 11.498165472661235}
2024-05-21 17:00:43 - INFO     - 0.9444444444444444, 0.9407407407407408, 0.937037037037037, 0.9296296296296296, 0.9111111111111111, 0.9444444444444444, 0.9333333333333333, 0.9333333333333333, 0.9555555555555556, 0.9444444444444444
2024-05-21 17:00:43 - WARNING  - Epoch: 648, Sum of Accs: 9.374, Sum of s_i: 116.69297399654548
2024-05-21 17:00:49 - INFO     - {6: 11.776941767422647, 9: 11.581576013631633, 0: 11.75499502928621, 2: 11.821437804348594, 4: 11.575283654672434, 3: 11.68610381116575, 5: 11.760691866521713, 1: 11.786769960827623, 8: 11.505707283415303, 7: 11.503372637067844}
2024-05-21 17:00:49 - INFO     - 0.9444444444444444, 0.9407407407407408, 0.937037037037037, 0.9296296296296296, 0.9111111111111111, 0.9444444444444444, 0.9333333333333333, 0.937037037037037, 0.9555555555555556, 0.9444444444444444
2024-05-21 17:00:49 - WARNING  - Epoch: 649, Sum of Accs: 9.378, Sum of s_i: 116.75287982835975
2024-05-21 17:00:55 - INFO     - {6: 11.783077065922582, 9: 11.587619490328766, 0: 11.761070540834094, 2: 11.827770635040231, 4: 11.58076650408443, 3: 11.69253148774624, 5: 11.767114698330946, 1: 11.79269499251731, 8: 11.511774274103866, 7: 11.509170603389139}
2024-05-21 17:00:55 - INFO     - 0.9444444444444444, 0.9407407407407408, 0.937037037037037, 0.9296296296296296, 0.9111111111111111, 0.9444444444444444, 0.9333333333333333, 0.937037037037037, 0.9555555555555556, 0.9444444444444444
2024-05-21 17:00:55 - WARNING  - Epoch: 650, Sum of Accs: 9.378, Sum of s_i: 116.8135902922976
2024-05-21 17:01:01 - INFO     - {6: 11.78893275806762, 9: 11.59341964693708, 0: 11.766679952926554, 2: 11.834569394293533, 4: 11.5864206924541, 3: 11.698355735485924, 5: 11.772880770843132, 1: 11.799019403067414, 8: 11.517711016226672, 7: 11.514840398106541}
2024-05-21 17:01:01 - INFO     - 0.9444444444444444, 0.9407407407407408, 0.937037037037037, 0.9296296296296296, 0.9111111111111111, 0.9444444444444444, 0.9333333333333333, 0.937037037037037, 0.9555555555555556, 0.9444444444444444
2024-05-21 17:01:01 - WARNING  - Epoch: 651, Sum of Accs: 9.378, Sum of s_i: 116.87282976840856
2024-05-21 17:01:07 - INFO     - {6: 11.794584695769796, 9: 11.598754259168835, 0: 11.773000707541748, 2: 11.840567560755922, 4: 11.592341077233513, 3: 11.704166584538195, 5: 11.779673445323132, 1: 11.805414437149174, 8: 11.523294096460347, 7: 11.520646715489672}
2024-05-21 17:01:07 - INFO     - 0.9444444444444444, 0.9407407407407408, 0.937037037037037, 0.9296296296296296, 0.9111111111111111, 0.9444444444444444, 0.9333333333333333, 0.937037037037037, 0.9555555555555556, 0.9444444444444444
2024-05-21 17:01:07 - WARNING  - Epoch: 652, Sum of Accs: 9.378, Sum of s_i: 116.93244357943033
2024-05-21 17:01:13 - INFO     - {6: 11.800888327773631, 9: 11.604420319553514, 0: 11.779383636619881, 2: 11.846665406485023, 4: 11.598363907375134, 3: 11.710028192593409, 5: 11.785478567374252, 1: 11.811434568665726, 8: 11.529647551044937, 7: 11.526595362579073}
2024-05-21 17:01:13 - INFO     - 0.9444444444444444, 0.9407407407407408, 0.937037037037037, 0.9296296296296296, 0.9111111111111111, 0.9444444444444444, 0.9333333333333333, 0.937037037037037, 0.9555555555555556, 0.9444444444444444
2024-05-21 17:01:13 - WARNING  - Epoch: 653, Sum of Accs: 9.378, Sum of s_i: 116.9929058400646
2024-05-21 17:01:19 - INFO     - {6: 11.806461890335015, 9: 11.610269224237797, 0: 11.784981372973782, 2: 11.853172331764917, 4: 11.604296066227182, 3: 11.715911646619176, 5: 11.791704239461893, 1: 11.818106590000337, 8: 11.535820498285537, 7: 11.532730626538427}
2024-05-21 17:01:19 - INFO     - 0.9444444444444444, 0.9407407407407408, 0.937037037037037, 0.9296296296296296, 0.9111111111111111, 0.9444444444444444, 0.9333333333333333, 0.937037037037037, 0.9555555555555556, 0.9444444444444444
2024-05-21 17:01:19 - WARNING  - Epoch: 654, Sum of Accs: 9.378, Sum of s_i: 117.05345448644405
2024-05-21 17:01:25 - INFO     - {6: 11.812374202108288, 9: 11.615837373474845, 0: 11.791085078153495, 2: 11.859485114992864, 4: 11.610129513639757, 3: 11.72193924738543, 5: 11.797277768229359, 1: 11.824405933351313, 8: 11.541515049701145, 7: 11.538491930305963}
2024-05-21 17:01:25 - INFO     - 0.9444444444444444, 0.9407407407407408, 0.937037037037037, 0.9296296296296296, 0.9111111111111111, 0.9444444444444444, 0.9333333333333333, 0.937037037037037, 0.9555555555555556, 0.9444444444444444
2024-05-21 17:01:25 - WARNING  - Epoch: 655, Sum of Accs: 9.378, Sum of s_i: 117.11254121134247
2024-05-21 17:01:31 - INFO     - {6: 11.81819653179133, 9: 11.621814642625237, 0: 11.797167235717113, 2: 11.865253531275547, 4: 11.61615370730737, 3: 11.728326639856391, 5: 11.803595069442643, 1: 11.830275441340447, 8: 11.547139447266405, 7: 11.543774913258952}
2024-05-21 17:01:31 - INFO     - 0.9444444444444444, 0.9407407407407408, 0.937037037037037, 0.9296296296296296, 0.9111111111111111, 0.9444444444444444, 0.9333333333333333, 0.937037037037037, 0.9555555555555556, 0.9444444444444444
2024-05-21 17:01:31 - WARNING  - Epoch: 656, Sum of Accs: 9.378, Sum of s_i: 117.17169715988143
2024-05-21 17:01:37 - INFO     - {6: 11.824594884747416, 9: 11.62778040083509, 0: 11.803284560021197, 2: 11.871199728688577, 4: 11.621974766959976, 3: 11.733873843487128, 5: 11.809426555281918, 1: 11.836010363213708, 8: 11.552627138679384, 7: 11.549601511776347}
2024-05-21 17:01:37 - INFO     - 0.9444444444444444, 0.9407407407407408, 0.937037037037037, 0.9296296296296296, 0.9111111111111111, 0.9481481481481482, 0.9333333333333333, 0.937037037037037, 0.9555555555555556, 0.9444444444444444
2024-05-21 17:01:37 - WARNING  - Epoch: 657, Sum of Accs: 9.381, Sum of s_i: 117.23037375369074
2024-05-21 17:01:43 - INFO     - {6: 11.831046976444197, 9: 11.63377936061968, 0: 11.809268435458998, 2: 11.87763624876289, 4: 11.628305223180272, 3: 11.740003755656405, 5: 11.815838775952848, 1: 11.842052998574228, 8: 11.558406259586055, 7: 11.555039394036017}
2024-05-21 17:01:43 - INFO     - 0.9444444444444444, 0.9407407407407408, 0.937037037037037, 0.9296296296296296, 0.9111111111111111, 0.9481481481481482, 0.9333333333333333, 0.937037037037037, 0.9555555555555556, 0.9444444444444444
2024-05-21 17:01:43 - WARNING  - Epoch: 658, Sum of Accs: 9.381, Sum of s_i: 117.29137742827157
2024-05-21 17:01:49 - INFO     - {6: 11.83720284464813, 9: 11.639528795270046, 0: 11.81482499519214, 2: 11.88380280483305, 4: 11.633776314395027, 3: 11.745895149470073, 5: 11.821815155116571, 1: 11.84846345813862, 8: 11.564363828277214, 7: 11.56083131035854}
2024-05-21 17:01:49 - INFO     - 0.9444444444444444, 0.9407407407407408, 0.937037037037037, 0.9296296296296296, 0.9111111111111111, 0.9481481481481482, 0.9333333333333333, 0.937037037037037, 0.9518518518518518, 0.9444444444444444
2024-05-21 17:01:49 - WARNING  - Epoch: 659, Sum of Accs: 9.378, Sum of s_i: 117.35050465569941
2024-05-21 17:01:55 - INFO     - {6: 11.84287646022332, 9: 11.645429529503092, 0: 11.820627159600852, 2: 11.88976700582328, 4: 11.639799789193123, 3: 11.751545738442562, 5: 11.8277502144151, 1: 11.854142646359021, 8: 11.569772833305729, 7: 11.566034893432464}
2024-05-21 17:01:55 - INFO     - 0.9444444444444444, 0.9407407407407408, 0.937037037037037, 0.9296296296296296, 0.9111111111111111, 0.9481481481481482, 0.9333333333333333, 0.937037037037037, 0.9555555555555556, 0.9444444444444444
2024-05-21 17:01:55 - WARNING  - Epoch: 660, Sum of Accs: 9.381, Sum of s_i: 117.40774627029855
2024-05-21 17:02:00 - INFO     - {6: 11.848847484063041, 9: 11.651396374608488, 0: 11.827015208434855, 2: 11.895596929101368, 4: 11.645605607123361, 3: 11.7574810902883, 5: 11.833761722258672, 1: 11.859463881466306, 8: 11.575146659273425, 7: 11.571420502606745}
2024-05-21 17:02:00 - INFO     - 0.9444444444444444, 0.9407407407407408, 0.937037037037037, 0.9296296296296296, 0.9111111111111111, 0.9481481481481482, 0.9333333333333333, 0.937037037037037, 0.9518518518518518, 0.9444444444444444
2024-05-21 17:02:00 - WARNING  - Epoch: 661, Sum of Accs: 9.378, Sum of s_i: 117.46573545922456
2024-05-21 17:02:06 - INFO     - {6: 11.854793712090965, 9: 11.656973885253231, 0: 11.832734146317327, 2: 11.901754893056115, 4: 11.650836226727957, 3: 11.763408013281184, 5: 11.839525315143414, 1: 11.865520744648132, 8: 11.580970046216432, 7: 11.576741243424607}
2024-05-21 17:02:06 - INFO     - 0.9444444444444444, 0.9407407407407408, 0.937037037037037, 0.9296296296296296, 0.9111111111111111, 0.9481481481481482, 0.9333333333333333, 0.937037037037037, 0.9555555555555556, 0.9444444444444444
2024-05-21 17:02:06 - WARNING  - Epoch: 662, Sum of Accs: 9.381, Sum of s_i: 117.52325822615937
2024-05-21 17:02:12 - INFO     - {6: 11.861160859038216, 9: 11.662590816376827, 0: 11.838009402826753, 2: 11.907569311611928, 4: 11.656748947343996, 3: 11.769051503548155, 5: 11.845646354245373, 1: 11.871606966868075, 8: 11.587056166034962, 7: 11.582028189045223}
2024-05-21 17:02:12 - INFO     - 0.9444444444444444, 0.9407407407407408, 0.937037037037037, 0.9296296296296296, 0.9111111111111111, 0.9481481481481482, 0.9333333333333333, 0.937037037037037, 0.9518518518518518, 0.9444444444444444
2024-05-21 17:02:12 - WARNING  - Epoch: 663, Sum of Accs: 9.378, Sum of s_i: 117.58146851693951
2024-05-21 17:02:18 - INFO     - {6: 11.866405125928551, 9: 11.6680754878873, 0: 11.843937901735515, 2: 11.913471932095737, 4: 11.662331021714348, 3: 11.774549549617864, 5: 11.851585580882018, 1: 11.87732217065741, 8: 11.592143388406846, 7: 11.58747701437634}
2024-05-21 17:02:18 - INFO     - 0.9444444444444444, 0.9407407407407408, 0.937037037037037, 0.9296296296296296, 0.9111111111111111, 0.9481481481481482, 0.9333333333333333, 0.937037037037037, 0.9518518518518518, 0.9444444444444444
2024-05-21 17:02:18 - WARNING  - Epoch: 664, Sum of Accs: 9.378, Sum of s_i: 117.63729917330193
2024-05-21 17:02:24 - INFO     - {6: 11.87236164563878, 9: 11.673991494901735, 0: 11.849808347364746, 2: 11.919381029110001, 4: 11.667947277556863, 3: 11.779751371306618, 5: 11.857971591758277, 1: 11.883695499447809, 8: 11.597351732017524, 7: 11.593231335858144}
2024-05-21 17:02:24 - INFO     - 0.9444444444444444, 0.9407407407407408, 0.937037037037037, 0.9296296296296296, 0.9111111111111111, 0.9481481481481482, 0.9333333333333333, 0.937037037037037, 0.9518518518518518, 0.9444444444444444
2024-05-21 17:02:24 - WARNING  - Epoch: 665, Sum of Accs: 9.378, Sum of s_i: 117.6954913249605
2024-05-21 17:02:30 - INFO     - {6: 11.878047194715213, 9: 11.679817331085427, 0: 11.856381116023911, 2: 11.925710206003592, 4: 11.673420418420678, 3: 11.785605199804582, 5: 11.863927540686369, 1: 11.889846097275836, 8: 11.603471585457497, 7: 11.598731596571632}
2024-05-21 17:02:30 - INFO     - 0.9444444444444444, 0.9407407407407408, 0.937037037037037, 0.9296296296296296, 0.9111111111111111, 0.9481481481481482, 0.9333333333333333, 0.937037037037037, 0.9518518518518518, 0.9444444444444444
2024-05-21 17:02:30 - WARNING  - Epoch: 666, Sum of Accs: 9.378, Sum of s_i: 117.75495828604474
2024-05-21 17:02:36 - INFO     - {6: 11.883986098790196, 9: 11.685066208986175, 0: 11.861872943463315, 2: 11.932315592454469, 4: 11.679284110875225, 3: 11.791477048553736, 5: 11.870464448595627, 1: 11.89579634506077, 8: 11.608911609737428, 7: 11.604198015154326}
2024-05-21 17:02:36 - INFO     - 0.9444444444444444, 0.9407407407407408, 0.937037037037037, 0.9296296296296296, 0.9111111111111111, 0.9481481481481482, 0.9333333333333333, 0.937037037037037, 0.9518518518518518, 0.9444444444444444
2024-05-21 17:02:36 - WARNING  - Epoch: 667, Sum of Accs: 9.378, Sum of s_i: 117.81337242167127
2024-05-21 17:02:42 - INFO     - {6: 11.890400167808068, 9: 11.69075273209674, 0: 11.867836506494703, 2: 11.937972979877085, 4: 11.685000034043604, 3: 11.797142550880661, 5: 11.876256299800543, 1: 11.901940817761743, 8: 11.614050918216847, 7: 11.60982475455653}
2024-05-21 17:02:42 - INFO     - 0.9444444444444444, 0.9407407407407408, 0.937037037037037, 0.9296296296296296, 0.9111111111111111, 0.9481481481481482, 0.9333333333333333, 0.937037037037037, 0.9518518518518518, 0.9444444444444444
2024-05-21 17:02:42 - WARNING  - Epoch: 668, Sum of Accs: 9.378, Sum of s_i: 117.87117776153652
2024-05-21 17:02:48 - INFO     - {6: 11.896251283995614, 9: 11.696377399035523, 0: 11.873831950208965, 2: 11.944289415715186, 4: 11.69085022380322, 3: 11.802639232414482, 5: 11.88230791270144, 1: 11.907745794436678, 8: 11.619727189072375, 7: 11.615386863145693}
2024-05-21 17:02:48 - INFO     - 0.9444444444444444, 0.9407407407407408, 0.937037037037037, 0.9296296296296296, 0.9111111111111111, 0.9481481481481482, 0.9333333333333333, 0.937037037037037, 0.9518518518518518, 0.9444444444444444
2024-05-21 17:02:48 - WARNING  - Epoch: 669, Sum of Accs: 9.378, Sum of s_i: 117.92940726452917
2024-05-21 17:02:54 - INFO     - {6: 11.901919007096536, 9: 11.7017492755301, 0: 11.879677431043302, 2: 11.950259052699401, 4: 11.696372302696362, 3: 11.808573254948483, 5: 11.888716465066953, 1: 11.913794447218729, 8: 11.625168976277864, 7: 11.620737706574873}
2024-05-21 17:02:54 - INFO     - 0.9444444444444444, 0.9407407407407408, 0.937037037037037, 0.9296296296296296, 0.9111111111111111, 0.9481481481481482, 0.9333333333333333, 0.937037037037037, 0.9518518518518518, 0.9444444444444444
2024-05-21 17:02:54 - WARNING  - Epoch: 670, Sum of Accs: 9.378, Sum of s_i: 117.98696791915259
2024-05-21 17:02:59 - INFO     - {6: 11.907947957226655, 9: 11.707546456854857, 0: 11.885169268544475, 2: 11.956132738332686, 4: 11.702097898787764, 3: 11.81475418208458, 5: 11.894693168681163, 1: 11.919549184182333, 8: 11.630303831300814, 7: 11.626079638328562}
2024-05-21 17:02:59 - INFO     - 0.9444444444444444, 0.9407407407407408, 0.937037037037037, 0.9296296296296296, 0.9111111111111111, 0.9481481481481482, 0.9333333333333333, 0.937037037037037, 0.9518518518518518, 0.9444444444444444
2024-05-21 17:02:59 - WARNING  - Epoch: 671, Sum of Accs: 9.378, Sum of s_i: 118.04427432432387
2024-05-21 17:03:05 - INFO     - {6: 11.913999688839374, 9: 11.713034336786118, 0: 11.891090996613853, 2: 11.961549475988141, 4: 11.707878327574432, 3: 11.820885495019452, 5: 11.900453077838106, 1: 11.925782913040962, 8: 11.636562501400915, 7: 11.631572415858962}
2024-05-21 17:03:05 - INFO     - 0.9444444444444444, 0.9407407407407408, 0.937037037037037, 0.9296296296296296, 0.9111111111111111, 0.9481481481481482, 0.9333333333333333, 0.937037037037037, 0.9518518518518518, 0.9444444444444444
2024-05-21 17:03:05 - WARNING  - Epoch: 672, Sum of Accs: 9.378, Sum of s_i: 118.10280922896033
2024-05-21 17:03:11 - INFO     - {6: 11.919950787783982, 9: 11.718729459068605, 0: 11.896824102679108, 2: 11.967329455168358, 4: 11.713827159036146, 3: 11.82670031713108, 5: 11.906564874034554, 1: 11.93117023037645, 8: 11.641645687505838, 7: 11.637184680541544}
2024-05-21 17:03:11 - INFO     - 0.9444444444444444, 0.9407407407407408, 0.937037037037037, 0.9296296296296296, 0.9111111111111111, 0.9481481481481482, 0.9333333333333333, 0.937037037037037, 0.9518518518518518, 0.9444444444444444
2024-05-21 17:03:11 - WARNING  - Epoch: 673, Sum of Accs: 9.378, Sum of s_i: 118.15992675332566
2024-05-21 17:03:17 - INFO     - {6: 11.925982879301218, 9: 11.724170788799196, 0: 11.90300258935068, 2: 11.974093041209514, 4: 11.719298138273297, 3: 11.83269754498643, 5: 11.911893876487921, 1: 11.937583766864151, 8: 11.647427920127383, 7: 11.642688800931671}
2024-05-21 17:03:17 - INFO     - 0.9444444444444444, 0.9407407407407408, 0.937037037037037, 0.9296296296296296, 0.9111111111111111, 0.9481481481481482, 0.9333333333333333, 0.937037037037037, 0.9518518518518518, 0.9444444444444444
2024-05-21 17:03:17 - WARNING  - Epoch: 674, Sum of Accs: 9.378, Sum of s_i: 118.21883934633146
2024-05-21 17:03:23 - INFO     - {6: 11.93136651661627, 9: 11.729759155229235, 0: 11.909438691900736, 2: 11.979954676014067, 4: 11.72467006168647, 3: 11.838458100433346, 5: 11.917696700484138, 1: 11.943816934473771, 8: 11.652647262590353, 7: 11.648577343526753}
2024-05-21 17:03:23 - INFO     - 0.9444444444444444, 0.9407407407407408, 0.937037037037037, 0.9296296296296296, 0.9111111111111111, 0.9481481481481482, 0.9333333333333333, 0.937037037037037, 0.9518518518518518, 0.9444444444444444
2024-05-21 17:03:23 - WARNING  - Epoch: 675, Sum of Accs: 9.378, Sum of s_i: 118.27638544295515
2024-05-21 17:03:29 - INFO     - {6: 11.937120716545806, 9: 11.735061598719735, 0: 11.91517789735318, 2: 11.985349762967088, 4: 11.729642980169556, 3: 11.844055300688026, 5: 11.923434702932761, 1: 11.949904213294307, 8: 11.65808533786365, 7: 11.654148974324512}
2024-05-21 17:03:29 - INFO     - 0.9444444444444444, 0.9407407407407408, 0.937037037037037, 0.9296296296296296, 0.9111111111111111, 0.9481481481481482, 0.9333333333333333, 0.937037037037037, 0.9518518518518518, 0.9444444444444444
2024-05-21 17:03:29 - WARNING  - Epoch: 676, Sum of Accs: 9.378, Sum of s_i: 118.33198148485863
2024-05-21 17:03:35 - INFO     - {6: 11.942861062316227, 9: 11.740762428803587, 0: 11.920662918648297, 2: 11.991315710047033, 4: 11.735402204491935, 3: 11.849965151199696, 5: 11.929292154792378, 1: 11.955563518247006, 8: 11.663536085567754, 7: 11.65977155345556}
2024-05-21 17:03:35 - INFO     - 0.9444444444444444, 0.9407407407407408, 0.937037037037037, 0.9296296296296296, 0.9111111111111111, 0.9481481481481482, 0.9333333333333333, 0.937037037037037, 0.9518518518518518, 0.9444444444444444
2024-05-21 17:03:35 - WARNING  - Epoch: 677, Sum of Accs: 9.378, Sum of s_i: 118.38913278756947
2024-05-21 17:03:40 - INFO     - {6: 11.948833695732755, 9: 11.746498625997102, 0: 11.92623458442875, 2: 11.99734036563165, 4: 11.741588340596966, 3: 11.856093233649771, 5: 11.935303752219045, 1: 11.961405018314306, 8: 11.669196216396394, 7: 11.665241486454589}
2024-05-21 17:03:40 - INFO     - 0.9444444444444444, 0.9407407407407408, 0.937037037037037, 0.9296296296296296, 0.9111111111111111, 0.9481481481481482, 0.9333333333333333, 0.937037037037037, 0.9518518518518518, 0.9444444444444444
2024-05-21 17:03:40 - WARNING  - Epoch: 678, Sum of Accs: 9.378, Sum of s_i: 118.44773531942133
2024-05-21 17:03:46 - INFO     - {6: 11.954565159022064, 9: 11.752028847640572, 0: 11.932273604986099, 2: 12.003403597774449, 4: 11.747059951969401, 3: 11.861917264396205, 5: 11.941483242685734, 1: 11.967544596468313, 8: 11.674371677383563, 7: 11.67091581107659}
2024-05-21 17:03:46 - INFO     - 0.9444444444444444, 0.9407407407407408, 0.937037037037037, 0.9296296296296296, 0.9111111111111111, 0.9481481481481482, 0.9333333333333333, 0.937037037037037, 0.9518518518518518, 0.9444444444444444
2024-05-21 17:03:46 - WARNING  - Epoch: 679, Sum of Accs: 9.378, Sum of s_i: 118.50556375340298
2024-05-21 17:03:52 - INFO     - {6: 11.960600178742283, 9: 11.757747781106536, 0: 11.938362037929169, 2: 12.009605867277259, 4: 11.752439905402145, 3: 11.867758499526678, 5: 11.947380016153694, 1: 11.973847167966571, 8: 11.67988853611232, 7: 11.676561003256591}
2024-05-21 17:03:52 - INFO     - 0.9444444444444444, 0.9407407407407408, 0.937037037037037, 0.9296296296296296, 0.9111111111111111, 0.9481481481481482, 0.9333333333333333, 0.937037037037037, 0.9518518518518518, 0.9444444444444444
2024-05-21 17:03:52 - WARNING  - Epoch: 680, Sum of Accs: 9.378, Sum of s_i: 118.56419099347325
2024-05-21 17:03:58 - INFO     - {6: 11.96631282857275, 9: 11.763495388749854, 0: 11.943716273867157, 2: 12.015085729158836, 4: 11.758087827226943, 3: 11.873242200408509, 5: 11.953317082368876, 1: 11.979727456580257, 8: 11.68608509996539, 7: 11.682187064160646}
2024-05-21 17:03:58 - INFO     - 0.9407407407407408, 0.9407407407407408, 0.937037037037037, 0.9296296296296296, 0.9037037037037037, 0.9444444444444444, 0.9296296296296296, 0.937037037037037, 0.9518518518518518, 0.9518518518518518
2024-05-21 17:03:58 - WARNING  - Epoch: 681, Sum of Accs: 9.367, Sum of s_i: 118.62125695105922
2024-05-21 17:04:04 - INFO     - {6: 11.972399737626098, 9: 11.769160606158648, 0: 11.949260806519685, 2: 12.021145308265062, 4: 11.763511592018356, 3: 11.879266674367662, 5: 11.959061539037263, 1: 11.986091111595725, 8: 11.691713895690684, 7: 11.687633044599512}
2024-05-21 17:04:04 - INFO     - 0.9481481481481482, 0.9407407407407408, 0.937037037037037, 0.9333333333333333, 0.9037037037037037, 0.9444444444444444, 0.9296296296296296, 0.9333333333333333, 0.9518518518518518, 0.9481481481481482
2024-05-21 17:04:04 - WARNING  - Epoch: 682, Sum of Accs: 9.370, Sum of s_i: 118.67924431587869
2024-05-21 17:04:10 - INFO     - {6: 11.978310476332659, 9: 11.774477830421278, 0: 11.955072040075471, 2: 12.027244000252022, 4: 11.769271029083596, 3: 11.884947980601847, 5: 11.964901054960258, 1: 11.992233110350396, 8: 11.696844155460207, 7: 11.693019603767079}
2024-05-21 17:04:10 - INFO     - 0.9444444444444444, 0.9407407407407408, 0.937037037037037, 0.9333333333333333, 0.9037037037037037, 0.9444444444444444, 0.9296296296296296, 0.9333333333333333, 0.9518518518518518, 0.9481481481481482
2024-05-21 17:04:10 - WARNING  - Epoch: 683, Sum of Accs: 9.367, Sum of s_i: 118.73632128130482
2024-05-21 17:04:16 - INFO     - {6: 11.98436145513014, 9: 11.780174313898836, 0: 11.960373447906726, 2: 12.033337829453313, 4: 11.774979750947173, 3: 11.8901783620293, 5: 11.970250846150067, 1: 11.997909937142532, 8: 11.702191001567613, 7: 11.698701669316367}
2024-05-21 17:04:16 - INFO     - 0.9444444444444444, 0.9407407407407408, 0.937037037037037, 0.9333333333333333, 0.9037037037037037, 0.9444444444444444, 0.9296296296296296, 0.9333333333333333, 0.9518518518518518, 0.9481481481481482
2024-05-21 17:04:16 - WARNING  - Epoch: 684, Sum of Accs: 9.367, Sum of s_i: 118.79245861354207
2024-05-21 17:04:22 - INFO     - {6: 11.989738880507867, 9: 11.785585119977648, 0: 11.96607370556739, 2: 12.039114427935306, 4: 11.780828354044399, 3: 11.896365454453456, 5: 11.976296584329468, 1: 12.003605062783034, 8: 11.707682961709732, 7: 11.704106234856928}
2024-05-21 17:04:22 - INFO     - 0.9444444444444444, 0.9407407407407408, 0.937037037037037, 0.9333333333333333, 0.9037037037037037, 0.9481481481481482, 0.9296296296296296, 0.9333333333333333, 0.9518518518518518, 0.9481481481481482
2024-05-21 17:04:22 - WARNING  - Epoch: 685, Sum of Accs: 9.370, Sum of s_i: 118.84939678616523
2024-05-21 17:04:27 - INFO     - {6: 11.995504906338995, 9: 11.791377305426614, 0: 11.97154500166937, 2: 12.044874195197458, 4: 11.786131283279648, 3: 11.902291109468939, 5: 11.982697978116198, 1: 12.00944475453189, 8: 11.71300842799048, 7: 11.70939539528486}
2024-05-21 17:04:27 - INFO     - 0.9444444444444444, 0.9407407407407408, 0.937037037037037, 0.9333333333333333, 0.9037037037037037, 0.9481481481481482, 0.9296296296296296, 0.9333333333333333, 0.9518518518518518, 0.9481481481481482
2024-05-21 17:04:27 - WARNING  - Epoch: 686, Sum of Accs: 9.370, Sum of s_i: 118.90627035730442
2024-05-21 17:04:33 - INFO     - {6: 12.001243212725365, 9: 11.797328128498254, 0: 11.977070904866201, 2: 12.050349867973273, 4: 11.79133650878962, 3: 11.907533552307147, 5: 11.98801493613337, 1: 12.015580900407066, 8: 11.718193315356311, 7: 11.71491357165539}
2024-05-21 17:04:33 - INFO     - 0.9481481481481482, 0.9407407407407408, 0.937037037037037, 0.9333333333333333, 0.9037037037037037, 0.9481481481481482, 0.9296296296296296, 0.9333333333333333, 0.9518518518518518, 0.9481481481481482
2024-05-21 17:04:33 - WARNING  - Epoch: 687, Sum of Accs: 9.374, Sum of s_i: 118.96156489871201
2024-05-21 17:04:39 - INFO     - {6: 12.007078328027733, 9: 11.802731156278353, 0: 11.982752074517755, 2: 12.056328907853038, 4: 11.796628568873249, 3: 11.913344244237727, 5: 11.993845363188655, 1: 12.021375681222905, 8: 11.723479593548106, 7: 11.720002345020294}
2024-05-21 17:04:39 - INFO     - 0.9481481481481482, 0.9407407407407408, 0.937037037037037, 0.9333333333333333, 0.9037037037037037, 0.9481481481481482, 0.9296296296296296, 0.9333333333333333, 0.9518518518518518, 0.9555555555555556
2024-05-21 17:04:39 - WARNING  - Epoch: 688, Sum of Accs: 9.381, Sum of s_i: 119.01756626276782
2024-05-21 17:04:45 - INFO     - {6: 12.012267769715429, 9: 11.808599393138453, 0: 11.98880834745632, 2: 12.062479690208923, 4: 11.802338164653953, 3: 11.919151768019447, 5: 11.999765404291914, 1: 12.026773403601785, 8: 11.728900326952786, 7: 11.725358442701534}
2024-05-21 17:04:45 - INFO     - 0.9481481481481482, 0.9407407407407408, 0.937037037037037, 0.9296296296296296, 0.9074074074074074, 0.9481481481481482, 0.9296296296296296, 0.9333333333333333, 0.9518518518518518, 0.9555555555555556
2024-05-21 17:04:45 - WARNING  - Epoch: 689, Sum of Accs: 9.381, Sum of s_i: 119.07444271074053
2024-05-21 17:04:51 - INFO     - {6: 12.018033859767577, 9: 11.814129889829337, 0: 11.99406651089032, 2: 12.068328295856352, 4: 11.8076752609034, 3: 11.925003720338886, 5: 12.005278173435272, 1: 12.03210296058332, 8: 11.734385898178179, 7: 11.730808878165693}
2024-05-21 17:04:51 - INFO     - 0.9481481481481482, 0.9407407407407408, 0.937037037037037, 0.9296296296296296, 0.9074074074074074, 0.9481481481481482, 0.9296296296296296, 0.9333333333333333, 0.9518518518518518, 0.9555555555555556
2024-05-21 17:04:51 - WARNING  - Epoch: 690, Sum of Accs: 9.381, Sum of s_i: 119.12981344794832
2024-05-21 17:04:58 - INFO     - {6: 12.02350887608464, 9: 11.819454268533054, 0: 12.000205096891492, 2: 12.073989741896915, 4: 11.813017657073376, 3: 11.930462417305762, 5: 12.01116948803353, 1: 12.037939670977655, 8: 11.73915126843362, 7: 11.736204181570079}
2024-05-21 17:04:58 - INFO     - 0.9481481481481482, 0.9407407407407408, 0.937037037037037, 0.9296296296296296, 0.9074074074074074, 0.9481481481481482, 0.9296296296296296, 0.9333333333333333, 0.9518518518518518, 0.9555555555555556
2024-05-21 17:04:58 - WARNING  - Epoch: 691, Sum of Accs: 9.381, Sum of s_i: 119.1851026668001
2024-05-21 17:05:04 - INFO     - {6: 12.02930706594125, 9: 11.824804351390931, 0: 12.005622513463305, 2: 12.07967318681911, 4: 11.81860724932959, 3: 11.935584461177973, 5: 12.017087673831766, 1: 12.043568949479502, 8: 11.744836738800691, 7: 11.741109161857478}
2024-05-21 17:05:04 - INFO     - 0.9481481481481482, 0.9407407407407408, 0.937037037037037, 0.9296296296296296, 0.9074074074074074, 0.9444444444444444, 0.9296296296296296, 0.9333333333333333, 0.9518518518518518, 0.9555555555555556
2024-05-21 17:05:04 - WARNING  - Epoch: 692, Sum of Accs: 9.378, Sum of s_i: 119.24020135209159
2024-05-21 17:05:10 - INFO     - {6: 12.035068467435147, 9: 11.830399017147599, 0: 12.011585674719523, 2: 12.085255864015352, 4: 11.824392472423643, 3: 11.941033464933541, 5: 12.023156989552636, 1: 12.049101629691506, 8: 11.749739135590351, 7: 11.746031081971866}
2024-05-21 17:05:10 - INFO     - 0.9444444444444444, 0.9407407407407408, 0.937037037037037, 0.9296296296296296, 0.9074074074074074, 0.9444444444444444, 0.9296296296296296, 0.9333333333333333, 0.9518518518518518, 0.9518518518518518
2024-05-21 17:05:10 - WARNING  - Epoch: 693, Sum of Accs: 9.370, Sum of s_i: 119.29576379748114
2024-05-21 17:05:15 - INFO     - {6: 12.040598414365661, 9: 11.835571686586267, 0: 12.017153479388915, 2: 12.090834070969205, 4: 11.829680610510962, 3: 11.946769355882711, 5: 12.028880779325892, 1: 12.055086198112148, 8: 11.754693818814776, 7: 11.751189853098172}
2024-05-21 17:05:15 - INFO     - 0.9444444444444444, 0.9407407407407408, 0.937037037037037, 0.9296296296296296, 0.9074074074074074, 0.9444444444444444, 0.9296296296296296, 0.9333333333333333, 0.9518518518518518, 0.9518518518518518
2024-05-21 17:05:15 - WARNING  - Epoch: 694, Sum of Accs: 9.370, Sum of s_i: 119.35045826705469
2024-05-21 17:05:21 - INFO     - {6: 12.04651481012084, 9: 11.841380574867864, 0: 12.022423483126786, 2: 12.096926183493824, 4: 11.835436696461228, 3: 11.952601478185823, 5: 12.034581302288405, 1: 12.06078737166338, 8: 11.760033512318962, 7: 11.757095827587229}
2024-05-21 17:05:21 - INFO     - 0.9444444444444444, 0.9407407407407408, 0.937037037037037, 0.9296296296296296, 0.9074074074074074, 0.9444444444444444, 0.9296296296296296, 0.9296296296296296, 0.9518518518518518, 0.9518518518518518
2024-05-21 17:05:21 - WARNING  - Epoch: 695, Sum of Accs: 9.367, Sum of s_i: 119.40778124011433
2024-05-21 17:05:27 - INFO     - {6: 12.052180074654077, 9: 11.846920719652969, 0: 12.028338298248263, 2: 12.102661606378481, 4: 11.841135992156644, 3: 11.957941862071154, 5: 12.040276117872304, 1: 12.066059171990087, 8: 11.7653547477579, 7: 11.762217323262997}
2024-05-21 17:05:27 - INFO     - 0.9444444444444444, 0.9407407407407408, 0.937037037037037, 0.9296296296296296, 0.9074074074074074, 0.9444444444444444, 0.9296296296296296, 0.9296296296296296, 0.9518518518518518, 0.9518518518518518
2024-05-21 17:05:27 - WARNING  - Epoch: 696, Sum of Accs: 9.367, Sum of s_i: 119.4630859140449
2024-05-21 17:05:33 - INFO     - {6: 12.058051262719694, 9: 11.852670196517005, 0: 12.033802368307184, 2: 12.108215720910279, 4: 11.846597542487197, 3: 11.96346906878842, 5: 12.046147889745138, 1: 12.071693911385196, 8: 11.770563037980127, 7: 11.767327179882596}
2024-05-21 17:05:33 - INFO     - 0.9444444444444444, 0.9407407407407408, 0.937037037037037, 0.9296296296296296, 0.9074074074074074, 0.9444444444444444, 0.9296296296296296, 0.9296296296296296, 0.9518518518518518, 0.9518518518518518
2024-05-21 17:05:33 - WARNING  - Epoch: 697, Sum of Accs: 9.367, Sum of s_i: 119.51853817872285
2024-05-21 17:05:39 - INFO     - {6: 12.064214160928202, 9: 11.858581964823607, 0: 12.039770754294997, 2: 12.114644844381932, 4: 11.852010951816732, 3: 11.968977826554273, 5: 12.051665567576576, 1: 12.077420152692296, 8: 11.775757834641123, 7: 11.772614217809702}
2024-05-21 17:05:39 - INFO     - 0.9444444444444444, 0.9407407407407408, 0.937037037037037, 0.9296296296296296, 0.9074074074074074, 0.9444444444444444, 0.9296296296296296, 0.9296296296296296, 0.9518518518518518, 0.9518518518518518
2024-05-21 17:05:39 - WARNING  - Epoch: 698, Sum of Accs: 9.367, Sum of s_i: 119.57565827551944
2024-05-21 17:05:45 - INFO     - {6: 12.069940492770002, 9: 11.864181843190375, 0: 12.045248864617232, 2: 12.120347279639033, 4: 11.857627775070123, 3: 11.974437822671531, 5: 12.057533985910158, 1: 12.08278287397171, 8: 11.781776352772741, 7: 11.777920538220393}
2024-05-21 17:05:45 - INFO     - 0.9481481481481482, 0.9407407407407408, 0.937037037037037, 0.9296296296296296, 0.9074074074074074, 0.9444444444444444, 0.9296296296296296, 0.9296296296296296, 0.9518518518518518, 0.9518518518518518
2024-05-21 17:05:45 - WARNING  - Epoch: 699, Sum of Accs: 9.370, Sum of s_i: 119.63179782883327
2024-05-21 17:05:51 - INFO     - {6: 12.076036350568486, 9: 11.869780491668783, 0: 12.051174014176798, 2: 12.12570136237734, 4: 11.862929412327555, 3: 11.980505589225318, 5: 12.063137785661041, 1: 12.088265346639671, 8: 11.786748128019628, 7: 11.783721662547064}
2024-05-21 17:05:51 - INFO     - 0.9481481481481482, 0.9407407407407408, 0.937037037037037, 0.9296296296296296, 0.9074074074074074, 0.9444444444444444, 0.9296296296296296, 0.9296296296296296, 0.9518518518518518, 0.9518518518518518
2024-05-21 17:05:51 - WARNING  - Epoch: 700, Sum of Accs: 9.370, Sum of s_i: 119.6880001432117
2024-05-21 17:05:57 - INFO     - {6: 12.08160204282931, 9: 11.87525523361003, 0: 12.056804574516185, 2: 12.131542902956276, 4: 11.86831523646989, 3: 11.986410146249328, 5: 12.068780292415127, 1: 12.093695548920122, 8: 11.792012285399819, 7: 11.788627757387975}
2024-05-21 17:05:57 - INFO     - 0.9481481481481482, 0.9407407407407408, 0.937037037037037, 0.9296296296296296, 0.9074074074074074, 0.9444444444444444, 0.9296296296296296, 0.9296296296296296, 0.9518518518518518, 0.9518518518518518
2024-05-21 17:05:57 - WARNING  - Epoch: 701, Sum of Accs: 9.370, Sum of s_i: 119.74304602075406
2024-05-21 17:06:02 - INFO     - {6: 12.087112431992798, 9: 11.88023020999049, 0: 12.062820688236016, 2: 12.137165915853288, 4: 11.874221346519004, 3: 11.992090036265783, 5: 12.074399622869686, 1: 12.099504732545519, 8: 11.796938171944397, 7: 11.794041302791031}
2024-05-21 17:06:02 - INFO     - 0.9481481481481482, 0.9407407407407408, 0.937037037037037, 0.9296296296296296, 0.9074074074074074, 0.9444444444444444, 0.9296296296296296, 0.9296296296296296, 0.9518518518518518, 0.9518518518518518
2024-05-21 17:06:02 - WARNING  - Epoch: 702, Sum of Accs: 9.370, Sum of s_i: 119.798524459008
2024-05-21 17:06:08 - INFO     - {6: 12.0928627805092, 9: 11.885349244287818, 0: 12.068628101701, 2: 12.14269633502206, 4: 11.879932497516917, 3: 11.997724183651124, 5: 12.079738675530198, 1: 12.105411574650262, 8: 11.801986570511506, 7: 11.799149748291605}
2024-05-21 17:06:08 - INFO     - 0.9481481481481482, 0.9407407407407408, 0.937037037037037, 0.9296296296296296, 0.9074074074074074, 0.9444444444444444, 0.9296296296296296, 0.9296296296296296, 0.9518518518518518, 0.9518518518518518
2024-05-21 17:06:08 - WARNING  - Epoch: 703, Sum of Accs: 9.370, Sum of s_i: 119.8534797116717
2024-05-21 17:06:14 - INFO     - {6: 12.098507357782735, 9: 11.891225115333794, 0: 12.07464515104195, 2: 12.148509004537594, 4: 11.885494474036333, 3: 12.003286192328437, 5: 12.085574288299147, 1: 12.111331699517692, 8: 11.806823315033974, 7: 11.804739989158488}
2024-05-21 17:06:14 - INFO     - 0.9481481481481482, 0.9407407407407408, 0.937037037037037, 0.9296296296296296, 0.9074074074074074, 0.9444444444444444, 0.9296296296296296, 0.9296296296296296, 0.9518518518518518, 0.9518518518518518
2024-05-21 17:06:14 - WARNING  - Epoch: 704, Sum of Accs: 9.370, Sum of s_i: 119.91013658707016
2024-05-21 17:06:20 - INFO     - {6: 12.10411979723886, 9: 11.896190674320524, 0: 12.080198953235218, 2: 12.154082432556931, 4: 11.891166665775954, 3: 12.008336255147315, 5: 12.091568078218062, 1: 12.11692687291012, 8: 11.812235731464122, 7: 11.809986071914246}
2024-05-21 17:06:20 - INFO     - 0.9481481481481482, 0.9407407407407408, 0.937037037037037, 0.9296296296296296, 0.9074074074074074, 0.9444444444444444, 0.9296296296296296, 0.9296296296296296, 0.9518518518518518, 0.9518518518518518
2024-05-21 17:06:20 - WARNING  - Epoch: 705, Sum of Accs: 9.370, Sum of s_i: 119.96481153278137
2024-05-21 17:06:26 - INFO     - {6: 12.11004013185726, 9: 11.901432089504207, 0: 12.086435606017558, 2: 12.159646994452224, 4: 11.896476522215103, 3: 12.014222247130544, 5: 12.097267571849816, 1: 12.123155236082974, 8: 11.817747342808946, 7: 11.815643986248558}
2024-05-21 17:06:26 - INFO     - 0.9481481481481482, 0.9407407407407408, 0.937037037037037, 0.9296296296296296, 0.9074074074074074, 0.9444444444444444, 0.9296296296296296, 0.9296296296296296, 0.9518518518518518, 0.9518518518518518
2024-05-21 17:06:26 - WARNING  - Epoch: 706, Sum of Accs: 9.370, Sum of s_i: 120.02206772816719
2024-05-21 17:06:32 - INFO     - {6: 12.11531726573209, 9: 11.90714287782939, 0: 12.09203421831773, 2: 12.165424200776394, 4: 11.902517247297268, 3: 12.019339211614511, 5: 12.102646449484608, 1: 12.128729550626273, 8: 11.823313364205458, 7: 11.821298328877754}
2024-05-21 17:06:32 - INFO     - 0.9481481481481482, 0.9407407407407408, 0.937037037037037, 0.9296296296296296, 0.9074074074074074, 0.9444444444444444, 0.9296296296296296, 0.9296296296296296, 0.9518518518518518, 0.9518518518518518
2024-05-21 17:06:32 - WARNING  - Epoch: 707, Sum of Accs: 9.370, Sum of s_i: 120.07776271476149
2024-05-21 17:06:38 - INFO     - {6: 12.121112811739069, 9: 11.912392730211758, 0: 12.097298096057077, 2: 12.17148215131515, 4: 11.908267109887316, 3: 12.024952813065312, 5: 12.10796247248556, 1: 12.13439462275754, 8: 11.828520856319445, 7: 11.826368908951066}
2024-05-21 17:06:38 - INFO     - 0.9481481481481482, 0.9407407407407408, 0.937037037037037, 0.9296296296296296, 0.9074074074074074, 0.9444444444444444, 0.9296296296296296, 0.9296296296296296, 0.9518518518518518, 0.9518518518518518
2024-05-21 17:06:38 - WARNING  - Epoch: 708, Sum of Accs: 9.370, Sum of s_i: 120.13275257278929
2024-05-21 17:06:44 - INFO     - {6: 12.126555579847519, 9: 11.917559653513877, 0: 12.103300188590435, 2: 12.177689528997858, 4: 11.913278965937923, 3: 12.030684901305625, 5: 12.11378924553675, 1: 12.140246538329825, 8: 11.834261144958221, 7: 11.831170623387251}
2024-05-21 17:06:44 - INFO     - 0.9481481481481482, 0.9407407407407408, 0.937037037037037, 0.9296296296296296, 0.9074074074074074, 0.9444444444444444, 0.9296296296296296, 0.9296296296296296, 0.9518518518518518, 0.9518518518518518
2024-05-21 17:06:44 - WARNING  - Epoch: 709, Sum of Accs: 9.370, Sum of s_i: 120.18853637040527
2024-05-21 17:06:50 - INFO     - {6: 12.1321862001464, 9: 11.922196579589327, 0: 12.109423503289852, 2: 12.183346253475975, 4: 11.91863554195018, 3: 12.036505705903693, 5: 12.119717217977149, 1: 12.14579437976328, 8: 11.839224044234033, 7: 11.836285993039347}
2024-05-21 17:06:50 - INFO     - 0.9481481481481482, 0.9407407407407408, 0.937037037037037, 0.9296296296296296, 0.9074074074074074, 0.9444444444444444, 0.9296296296296296, 0.9296296296296296, 0.9518518518518518, 0.9518518518518518
2024-05-21 17:06:50 - WARNING  - Epoch: 710, Sum of Accs: 9.370, Sum of s_i: 120.24331541936922
2024-05-21 17:06:56 - INFO     - {6: 12.137780763347713, 9: 11.927666464237284, 0: 12.11544148598149, 2: 12.18877563044774, 4: 11.923906650602884, 3: 12.04192663833439, 5: 12.125793117779583, 1: 12.151295546442725, 8: 11.844165163159111, 7: 11.841443346123487}
2024-05-21 17:06:56 - INFO     - 0.9481481481481482, 0.9407407407407408, 0.937037037037037, 0.9296296296296296, 0.9074074074074074, 0.9444444444444444, 0.9296296296296296, 0.9296296296296296, 0.9518518518518518, 0.9518518518518518
2024-05-21 17:06:56 - WARNING  - Epoch: 711, Sum of Accs: 9.370, Sum of s_i: 120.29819480645641
2024-05-21 17:07:02 - INFO     - {6: 12.143261983623159, 9: 11.932956404167552, 0: 12.121000153020983, 2: 12.19452210899783, 4: 11.929624982106041, 3: 12.047345828622767, 5: 12.130905106590216, 1: 12.156902676107327, 8: 11.849717979339752, 7: 11.846569523394724}
2024-05-21 17:07:02 - INFO     - 0.9481481481481482, 0.9407407407407408, 0.937037037037037, 0.9296296296296296, 0.9074074074074074, 0.9444444444444444, 0.9296296296296296, 0.9296296296296296, 0.9518518518518518, 0.9518518518518518
2024-05-21 17:07:02 - WARNING  - Epoch: 712, Sum of Accs: 9.370, Sum of s_i: 120.35280674597034
2024-05-21 17:07:08 - INFO     - {6: 12.148645811792987, 9: 11.937916409200097, 0: 12.126796157701957, 2: 12.199990897121815, 4: 11.935231715992527, 3: 12.053273253360143, 5: 12.136881425501024, 1: 12.163430920740248, 8: 11.855494328394602, 7: 11.851803728919771}
2024-05-21 17:07:08 - INFO     - 0.9444444444444444, 0.9407407407407408, 0.937037037037037, 0.9296296296296296, 0.9074074074074074, 0.9444444444444444, 0.9296296296296296, 0.9296296296296296, 0.9518518518518518, 0.9518518518518518
2024-05-21 17:07:08 - WARNING  - Epoch: 713, Sum of Accs: 9.367, Sum of s_i: 120.40946464872518
2024-05-21 17:07:14 - INFO     - {6: 12.15417472150828, 9: 11.943282481116423, 0: 12.132496143155333, 2: 12.205455677792855, 4: 11.940740766565954, 3: 12.058283707442037, 5: 12.142646067133319, 1: 12.169069504841415, 8: 11.860617017755699, 7: 11.85711280041706}
2024-05-21 17:07:14 - INFO     - 0.9444444444444444, 0.9407407407407408, 0.937037037037037, 0.9296296296296296, 0.9074074074074074, 0.9444444444444444, 0.9296296296296296, 0.9296296296296296, 0.9518518518518518, 0.9518518518518518
2024-05-21 17:07:14 - WARNING  - Epoch: 714, Sum of Accs: 9.367, Sum of s_i: 120.46387888772836
2024-05-21 17:07:20 - INFO     - {6: 12.159882576080188, 9: 11.94848405890309, 0: 12.137915414912596, 2: 12.210894354294602, 4: 11.946342569738805, 3: 12.063664282897433, 5: 12.148830110023768, 1: 12.174624731890722, 8: 11.865950344774477, 7: 11.862344730560428}
2024-05-21 17:07:20 - INFO     - 0.9444444444444444, 0.9407407407407408, 0.937037037037037, 0.9296296296296296, 0.9074074074074074, 0.9444444444444444, 0.9296296296296296, 0.9296296296296296, 0.9518518518518518, 0.9518518518518518
2024-05-21 17:07:20 - WARNING  - Epoch: 715, Sum of Accs: 9.367, Sum of s_i: 120.5189331740761
2024-05-21 17:07:26 - INFO     - {6: 12.16564585060966, 9: 11.953949471390143, 0: 12.143753608660392, 2: 12.21651240876292, 4: 11.952050057880726, 3: 12.069160824938477, 5: 12.15480909672857, 1: 12.180350770740324, 8: 11.871256261522221, 7: 11.867479227590758}
2024-05-21 17:07:26 - INFO     - 0.9444444444444444, 0.9407407407407408, 0.937037037037037, 0.9296296296296296, 0.9074074074074074, 0.9444444444444444, 0.9296296296296296, 0.9333333333333333, 0.9518518518518518, 0.9518518518518518
2024-05-21 17:07:26 - WARNING  - Epoch: 716, Sum of Accs: 9.370, Sum of s_i: 120.57496757882419
2024-05-21 17:07:32 - INFO     - {6: 12.171274405719952, 9: 11.958970519806934, 0: 12.149399703181055, 2: 12.222600634225294, 4: 11.9571271981242, 3: 12.075017802670903, 5: 12.160576668923975, 1: 12.18597217966943, 8: 11.876078430321519, 7: 11.872805311332923}
2024-05-21 17:07:32 - INFO     - 0.9444444444444444, 0.9407407407407408, 0.937037037037037, 0.9296296296296296, 0.9074074074074074, 0.9444444444444444, 0.9296296296296296, 0.9333333333333333, 0.9518518518518518, 0.9518518518518518
2024-05-21 17:07:32 - WARNING  - Epoch: 717, Sum of Accs: 9.370, Sum of s_i: 120.6298228539762
2024-05-21 17:07:38 - INFO     - {6: 12.177168286897674, 9: 11.964260743042935, 0: 12.155115517617983, 2: 12.227910112840167, 4: 11.96247152138408, 3: 12.080631528649029, 5: 12.166162815685029, 1: 12.191379555293652, 8: 11.881367166007065, 7: 11.878682093558348}
2024-05-21 17:07:38 - INFO     - 0.9444444444444444, 0.9407407407407408, 0.937037037037037, 0.9296296296296296, 0.9074074074074074, 0.9444444444444444, 0.9296296296296296, 0.9333333333333333, 0.9518518518518518, 0.9518518518518518
2024-05-21 17:07:38 - WARNING  - Epoch: 718, Sum of Accs: 9.370, Sum of s_i: 120.68514934097597
2024-05-21 17:07:44 - INFO     - {6: 12.182658208833127, 9: 11.969185805180224, 0: 12.16026244633629, 2: 12.233899203961295, 4: 11.967804134917328, 3: 12.085793664834986, 5: 12.171943414702861, 1: 12.196786530732359, 8: 11.88606275837746, 7: 11.884030957697922}
2024-05-21 17:07:44 - INFO     - 0.9444444444444444, 0.9407407407407408, 0.937037037037037, 0.9296296296296296, 0.9074074074074074, 0.9444444444444444, 0.9333333333333333, 0.9333333333333333, 0.9518518518518518, 0.9518518518518518
2024-05-21 17:07:44 - WARNING  - Epoch: 719, Sum of Accs: 9.374, Sum of s_i: 120.73842712557385
2024-05-21 17:07:50 - INFO     - {6: 12.187958395767353, 9: 11.975083696675258, 0: 12.166073672435875, 2: 12.23954684981202, 4: 11.973535157759407, 3: 12.092096731902942, 5: 12.177209196719344, 1: 12.202260305136384, 8: 11.891139383253476, 7: 11.889666231966778}
2024-05-21 17:07:50 - INFO     - 0.9444444444444444, 0.9407407407407408, 0.937037037037037, 0.9296296296296296, 0.9074074074074074, 0.9444444444444444, 0.9333333333333333, 0.9333333333333333, 0.9518518518518518, 0.9518518518518518
2024-05-21 17:07:50 - WARNING  - Epoch: 720, Sum of Accs: 9.374, Sum of s_i: 120.79456962142885
2024-05-21 17:07:56 - INFO     - {6: 12.193710424059109, 9: 11.980509886520458, 0: 12.171700869025768, 2: 12.245073841821181, 4: 11.978504608803126, 3: 12.097507351385698, 5: 12.182600790399201, 1: 12.207808417007213, 8: 11.896280350628423, 7: 11.894669051528249}
2024-05-21 17:07:56 - INFO     - 0.9444444444444444, 0.9407407407407408, 0.937037037037037, 0.9296296296296296, 0.9074074074074074, 0.9444444444444444, 0.9333333333333333, 0.9333333333333333, 0.9518518518518518, 0.9518518518518518
2024-05-21 17:07:56 - WARNING  - Epoch: 721, Sum of Accs: 9.374, Sum of s_i: 120.84836559117845
2024-05-21 17:08:02 - INFO     - {6: 12.199345163920274, 9: 11.985797787761056, 0: 12.177266524087978, 2: 12.250982800690435, 4: 11.984360830619393, 3: 12.102829851612807, 5: 12.18791111845282, 1: 12.213395205242428, 8: 11.901941482897465, 7: 11.900065017714997}
2024-05-21 17:08:02 - INFO     - 0.9444444444444444, 0.9407407407407408, 0.937037037037037, 0.9296296296296296, 0.9074074074074074, 0.9444444444444444, 0.9333333333333333, 0.9333333333333333, 0.9518518518518518, 0.9518518518518518
2024-05-21 17:08:02 - WARNING  - Epoch: 722, Sum of Accs: 9.374, Sum of s_i: 120.90389578299965
2024-05-21 17:08:08 - INFO     - {6: 12.20505350995518, 9: 11.991090610961761, 0: 12.182772698739917, 2: 12.256756523078526, 4: 11.989892079015211, 3: 12.108375136821536, 5: 12.193040514642794, 1: 12.2193223178822, 8: 11.90723300292885, 7: 11.904973083925254}
2024-05-21 17:08:08 - INFO     - 0.9444444444444444, 0.9407407407407408, 0.937037037037037, 0.9296296296296296, 0.9074074074074074, 0.9444444444444444, 0.9333333333333333, 0.9333333333333333, 0.9518518518518518, 0.9518518518518518
2024-05-21 17:08:08 - WARNING  - Epoch: 723, Sum of Accs: 9.374, Sum of s_i: 120.95850947795122
2024-05-21 17:08:14 - INFO     - {6: 12.210441629420117, 9: 11.996078562461575, 0: 12.188080443650545, 2: 12.262941270083015, 4: 11.995224476021965, 3: 12.11338210165925, 5: 12.198761954103725, 1: 12.22509307444419, 8: 11.912158799183157, 7: 11.91006752050927}
2024-05-21 17:08:14 - INFO     - 0.9444444444444444, 0.9407407407407408, 0.937037037037037, 0.9296296296296296, 0.9074074074074074, 0.9444444444444444, 0.9333333333333333, 0.9333333333333333, 0.9518518518518518, 0.9518518518518518
2024-05-21 17:08:14 - WARNING  - Epoch: 724, Sum of Accs: 9.374, Sum of s_i: 121.01222983153683
2024-05-21 17:08:20 - INFO     - {6: 12.216014957401725, 9: 12.001121355776476, 0: 12.193560842341054, 2: 12.26890496629903, 4: 12.000760686486148, 3: 12.118925302943515, 5: 12.20462004092498, 1: 12.230681095053267, 8: 11.917284386338059, 7: 11.91489452883371}
2024-05-21 17:08:20 - INFO     - 0.9444444444444444, 0.9407407407407408, 0.937037037037037, 0.9296296296296296, 0.9074074074074074, 0.9444444444444444, 0.9333333333333333, 0.9333333333333333, 0.9518518518518518, 0.9518518518518518
2024-05-21 17:08:20 - WARNING  - Epoch: 725, Sum of Accs: 9.374, Sum of s_i: 121.06676816239796
2024-05-21 17:08:26 - INFO     - {6: 12.221919913335908, 9: 12.006413590333532, 0: 12.198835894834811, 2: 12.27459753361228, 4: 12.006268185190118, 3: 12.124008781714297, 5: 12.210637548905282, 1: 12.236547131188827, 8: 11.922945395042746, 7: 11.919503563430201}
2024-05-21 17:08:26 - INFO     - 0.9444444444444444, 0.9407407407407408, 0.937037037037037, 0.9296296296296296, 0.9074074074074074, 0.9444444444444444, 0.9333333333333333, 0.9333333333333333, 0.9518518518518518, 0.9518518518518518
2024-05-21 17:08:26 - WARNING  - Epoch: 726, Sum of Accs: 9.374, Sum of s_i: 121.121677537588
2024-05-21 17:08:32 - INFO     - {6: 12.227028077157698, 9: 12.011637935845359, 0: 12.204095415500088, 2: 12.280653522146208, 4: 12.011726071650191, 3: 12.129433649086227, 5: 12.216193801718248, 1: 12.241778579557819, 8: 11.9286085136595, 7: 11.92473667126202}
2024-05-21 17:08:32 - INFO     - 0.9444444444444444, 0.9407407407407408, 0.9333333333333333, 0.9333333333333333, 0.9074074074074074, 0.9407407407407408, 0.9259259259259259, 0.9333333333333333, 0.9555555555555556, 0.9518518518518518
2024-05-21 17:08:32 - WARNING  - Epoch: 727, Sum of Accs: 9.367, Sum of s_i: 121.17589223758335
2024-05-21 17:08:38 - INFO     - {6: 12.232750120375039, 9: 12.016667694022587, 0: 12.209526851970226, 2: 12.285949439461449, 4: 12.017097659745795, 3: 12.13514765147472, 5: 12.221724653160868, 1: 12.247595751407722, 8: 11.933853563172141, 7: 11.929826684893898}
2024-05-21 17:08:38 - INFO     - 0.9444444444444444, 0.9407407407407408, 0.9333333333333333, 0.9296296296296296, 0.9074074074074074, 0.9407407407407408, 0.9259259259259259, 0.9333333333333333, 0.9555555555555556, 0.9518518518518518
2024-05-21 17:08:38 - WARNING  - Epoch: 728, Sum of Accs: 9.363, Sum of s_i: 121.23014006968444
2024-05-21 17:08:44 - INFO     - {6: 12.238581587487372, 9: 12.02239980981938, 0: 12.215435697448736, 2: 12.291262171067055, 4: 12.022492377794585, 3: 12.140619179479463, 5: 12.227262125684907, 1: 12.25300237882058, 8: 11.938840862516546, 7: 11.935210323588805}
2024-05-21 17:08:44 - INFO     - 0.9444444444444444, 0.9407407407407408, 0.9296296296296296, 0.9296296296296296, 0.9074074074074074, 0.9407407407407408, 0.9259259259259259, 0.9333333333333333, 0.9555555555555556, 0.9518518518518518
2024-05-21 17:08:44 - WARNING  - Epoch: 729, Sum of Accs: 9.359, Sum of s_i: 121.28510651370742
2024-05-21 17:08:50 - INFO     - {6: 12.244091236789325, 9: 12.027700746240376, 0: 12.220713883309077, 2: 12.296569704032873, 4: 12.027624757944436, 3: 12.145763711444683, 5: 12.232898595619453, 1: 12.258298671011765, 8: 11.944100531635549, 7: 11.939972170122177}
2024-05-21 17:08:50 - INFO     - 0.9444444444444444, 0.9407407407407408, 0.9296296296296296, 0.9296296296296296, 0.9074074074074074, 0.9407407407407408, 0.9259259259259259, 0.9333333333333333, 0.9555555555555556, 0.9518518518518518
2024-05-21 17:08:50 - WARNING  - Epoch: 730, Sum of Accs: 9.359, Sum of s_i: 121.33773400814972
2024-05-21 17:08:56 - INFO     - {6: 12.249283248748918, 9: 12.032543508049432, 0: 12.226441956828198, 2: 12.302003438609681, 4: 12.033077763410365, 3: 12.15134192501708, 5: 12.238283460132454, 1: 12.263915409967879, 8: 11.949396489640927, 7: 11.944887639603756}
2024-05-21 17:08:56 - INFO     - 0.9444444444444444, 0.9407407407407408, 0.9296296296296296, 0.9259259259259259, 0.9074074074074074, 0.9407407407407408, 0.9296296296296296, 0.9333333333333333, 0.9555555555555556, 0.9518518518518518
2024-05-21 17:08:56 - WARNING  - Epoch: 731, Sum of Accs: 9.359, Sum of s_i: 121.39117484000869
2024-05-21 17:09:02 - INFO     - {6: 12.254489944545524, 9: 12.037536625437886, 0: 12.231952041305908, 2: 12.307594593621953, 4: 12.038082936402956, 3: 12.156619273567173, 5: 12.243770428526304, 1: 12.2691583586535, 8: 11.954244600217379, 7: 11.950399262384504}
2024-05-21 17:09:02 - INFO     - 0.9444444444444444, 0.9407407407407408, 0.9296296296296296, 0.9259259259259259, 0.9074074074074074, 0.9407407407407408, 0.9296296296296296, 0.9333333333333333, 0.9555555555555556, 0.9518518518518518
2024-05-21 17:09:02 - WARNING  - Epoch: 732, Sum of Accs: 9.359, Sum of s_i: 121.44384806466309
2024-05-21 17:09:08 - INFO     - {6: 12.259740961086715, 9: 12.042756069005696, 0: 12.237207814570905, 2: 12.313622130044367, 4: 12.043232169246114, 3: 12.162473127328242, 5: 12.249642092992115, 1: 12.274697598491889, 8: 11.959064617910219, 7: 11.9553720743466}
2024-05-21 17:09:08 - INFO     - 0.9444444444444444, 0.9407407407407408, 0.9296296296296296, 0.9259259259259259, 0.9074074074074074, 0.9407407407407408, 0.9296296296296296, 0.9333333333333333, 0.9555555555555556, 0.9518518518518518
2024-05-21 17:09:08 - WARNING  - Epoch: 733, Sum of Accs: 9.359, Sum of s_i: 121.49780865502285
2024-05-21 17:09:14 - INFO     - {6: 12.265054776167505, 9: 12.047965617876832, 0: 12.242712841541978, 2: 12.319418000610106, 4: 12.048777812939317, 3: 12.167893941657645, 5: 12.254980583774834, 1: 12.280057752274999, 8: 11.964874352727223, 7: 11.96019569809497}
2024-05-21 17:09:14 - INFO     - 0.9444444444444444, 0.9407407407407408, 0.9296296296296296, 0.9259259259259259, 0.9074074074074074, 0.9407407407407408, 0.9296296296296296, 0.9333333333333333, 0.9555555555555556, 0.9518518518518518
2024-05-21 17:09:14 - WARNING  - Epoch: 734, Sum of Accs: 9.359, Sum of s_i: 121.55193137766543
2024-05-21 17:09:20 - INFO     - {6: 12.270535092881836, 9: 12.053043691267522, 0: 12.247981122649259, 2: 12.32501931464142, 4: 12.054001548480912, 3: 12.173943783448372, 5: 12.260704141508409, 1: 12.285492580815777, 8: 11.970087087369578, 7: 11.965441957131745}
2024-05-21 17:09:20 - INFO     - 0.9444444444444444, 0.9407407407407408, 0.9296296296296296, 0.9259259259259259, 0.9074074074074074, 0.9407407407407408, 0.9296296296296296, 0.9333333333333333, 0.9555555555555556, 0.9518518518518518
2024-05-21 17:09:20 - WARNING  - Epoch: 735, Sum of Accs: 9.359, Sum of s_i: 121.60625032019485
2024-05-21 17:09:26 - INFO     - {6: 12.276138158557487, 9: 12.058668772414075, 0: 12.253729948943647, 2: 12.330142438095285, 4: 12.05898962862005, 3: 12.179675449318497, 5: 12.266246115477918, 1: 12.290810247969466, 8: 11.97471978027762, 7: 11.970689501764246}
2024-05-21 17:09:26 - INFO     - 0.9444444444444444, 0.9407407407407408, 0.9296296296296296, 0.9259259259259259, 0.9074074074074074, 0.9407407407407408, 0.9296296296296296, 0.9333333333333333, 0.9555555555555556, 0.9518518518518518
2024-05-21 17:09:26 - WARNING  - Epoch: 736, Sum of Accs: 9.359, Sum of s_i: 121.65981004143828
2024-05-21 17:09:32 - INFO     - {6: 12.281256390412151, 9: 12.06379030154267, 0: 12.259417318080365, 2: 12.335933914050031, 4: 12.063727178561548, 3: 12.185055721470018, 5: 12.271760252834948, 1: 12.295973432411797, 8: 11.980293366449716, 7: 11.9757196368544}
2024-05-21 17:09:32 - INFO     - 0.9444444444444444, 0.9407407407407408, 0.9296296296296296, 0.9259259259259259, 0.9074074074074074, 0.9407407407407408, 0.9296296296296296, 0.9333333333333333, 0.9555555555555556, 0.9518518518518518
2024-05-21 17:09:32 - WARNING  - Epoch: 737, Sum of Accs: 9.359, Sum of s_i: 121.71292751266765
2024-05-21 17:09:38 - INFO     - {6: 12.286653416271667, 9: 12.06900157047032, 0: 12.264917975118879, 2: 12.34140291257142, 4: 12.069259686580207, 3: 12.190428627018196, 5: 12.277497851105752, 1: 12.301136532192965, 8: 11.985492181771942, 7: 11.980968588370407}
2024-05-21 17:09:38 - INFO     - 0.9444444444444444, 0.9407407407407408, 0.9296296296296296, 0.9259259259259259, 0.9074074074074074, 0.9407407407407408, 0.9296296296296296, 0.9333333333333333, 0.9555555555555556, 0.9518518518518518
2024-05-21 17:09:38 - WARNING  - Epoch: 738, Sum of Accs: 9.359, Sum of s_i: 121.76675934147175
2024-05-21 17:09:44 - INFO     - {6: 12.291893830979582, 9: 12.074010080349657, 0: 12.270201826734338, 2: 12.347118518838515, 4: 12.073974868472353, 3: 12.195458423285842, 5: 12.282928619909674, 1: 12.307186218814019, 8: 11.990570540332538, 7: 11.986017336561769}
2024-05-21 17:09:44 - INFO     - 0.9444444444444444, 0.9407407407407408, 0.9296296296296296, 0.9259259259259259, 0.9074074074074074, 0.9407407407407408, 0.9296296296296296, 0.9333333333333333, 0.9555555555555556, 0.9518518518518518
2024-05-21 17:09:44 - WARNING  - Epoch: 739, Sum of Accs: 9.359, Sum of s_i: 121.8193602642783
2024-05-21 17:09:50 - INFO     - {6: 12.297240086668241, 9: 12.078872468915012, 0: 12.275995336597253, 2: 12.352681183264064, 4: 12.079136359035218, 3: 12.200682757720347, 5: 12.288113005685828, 1: 12.31297902831166, 8: 11.996071876197838, 7: 11.99059389242898}
2024-05-21 17:09:50 - INFO     - 0.9444444444444444, 0.9407407407407408, 0.9296296296296296, 0.9259259259259259, 0.9074074074074074, 0.9407407407407408, 0.9296296296296296, 0.9333333333333333, 0.9555555555555556, 0.9518518518518518
2024-05-21 17:09:50 - WARNING  - Epoch: 740, Sum of Accs: 9.359, Sum of s_i: 121.87236599482445
2024-05-21 17:09:56 - INFO     - {6: 12.30289039737894, 9: 12.084104011467982, 0: 12.281521915057262, 2: 12.358662137102106, 4: 12.084356022316044, 3: 12.20614212846554, 5: 12.29363707006726, 1: 12.318645609265813, 8: 12.001761003056235, 7: 11.996057291997293}
2024-05-21 17:09:56 - INFO     - 0.9481481481481482, 0.9407407407407408, 0.9296296296296296, 0.9296296296296296, 0.9074074074074074, 0.9407407407407408, 0.9296296296296296, 0.9333333333333333, 0.9555555555555556, 0.9518518518518518
2024-05-21 17:09:56 - WARNING  - Epoch: 741, Sum of Accs: 9.367, Sum of s_i: 121.92777758617447
2024-05-21 17:10:02 - INFO     - {6: 12.308311527784873, 9: 12.08902713889176, 0: 12.286895267170173, 2: 12.364472366008929, 4: 12.089931452176288, 3: 12.211635333259693, 5: 12.298614932719838, 1: 12.324607710500771, 8: 12.006703222097924, 7: 12.001356715934474}
2024-05-21 17:10:02 - INFO     - 0.9481481481481482, 0.9407407407407408, 0.9296296296296296, 0.9296296296296296, 0.9074074074074074, 0.9407407407407408, 0.9296296296296296, 0.9333333333333333, 0.9555555555555556, 0.9518518518518518
2024-05-21 17:10:02 - WARNING  - Epoch: 742, Sum of Accs: 9.367, Sum of s_i: 121.98155566654474
2024-05-21 17:10:08 - INFO     - {6: 12.313638108352531, 9: 12.093944547196722, 0: 12.291979124643452, 2: 12.370387077844834, 4: 12.094961317433974, 3: 12.216698037859402, 5: 12.304075594954979, 1: 12.330391941849353, 8: 12.011451639749097, 7: 12.006118193279622}
2024-05-21 17:10:08 - INFO     - 0.9481481481481482, 0.9407407407407408, 0.9296296296296296, 0.9296296296296296, 0.9074074074074074, 0.9407407407407408, 0.9296296296296296, 0.9333333333333333, 0.9555555555555556, 0.9518518518518518
2024-05-21 17:10:08 - WARNING  - Epoch: 743, Sum of Accs: 9.367, Sum of s_i: 122.03364558316397
2024-05-21 17:10:14 - INFO     - {6: 12.318816844660192, 9: 12.098632063814858, 0: 12.297558823083735, 2: 12.375860911055264, 4: 12.100892544552213, 3: 12.221890925131541, 5: 12.30977153895344, 1: 12.335727339176637, 8: 12.016426566979076, 7: 12.01138089534611}
2024-05-21 17:10:14 - INFO     - 0.9481481481481482, 0.9407407407407408, 0.9296296296296296, 0.9296296296296296, 0.9037037037037037, 0.9407407407407408, 0.9296296296296296, 0.9333333333333333, 0.9555555555555556, 0.9518518518518518
2024-05-21 17:10:14 - WARNING  - Epoch: 744, Sum of Accs: 9.363, Sum of s_i: 122.08695845275308
2024-05-21 17:10:21 - INFO     - {6: 12.32384082358658, 9: 12.10381579833697, 0: 12.30263222913091, 2: 12.381294873144387, 4: 12.10582253393501, 3: 12.227456155804102, 5: 12.314702830111704, 1: 12.34128553766879, 8: 12.021524412780591, 7: 12.016242025491925}
2024-05-21 17:10:21 - INFO     - 0.9481481481481482, 0.9407407407407408, 0.9296296296296296, 0.9296296296296296, 0.9037037037037037, 0.9407407407407408, 0.9296296296296296, 0.9333333333333333, 0.9555555555555556, 0.9518518518518518
2024-05-21 17:10:21 - WARNING  - Epoch: 745, Sum of Accs: 9.363, Sum of s_i: 122.13861721999098
2024-05-21 17:10:27 - INFO     - {6: 12.328982416507545, 9: 12.109298390472214, 0: 12.308060362279614, 2: 12.386256248765338, 4: 12.110907128437333, 3: 12.232530813868669, 5: 12.320251824910853, 1: 12.346466106478971, 8: 12.027127265579788, 7: 12.02107829605336}
2024-05-21 17:10:27 - INFO     - 0.9481481481481482, 0.9407407407407408, 0.9296296296296296, 0.9296296296296296, 0.9037037037037037, 0.9407407407407408, 0.9296296296296296, 0.9333333333333333, 0.9555555555555556, 0.9518518518518518
2024-05-21 17:10:27 - WARNING  - Epoch: 746, Sum of Accs: 9.363, Sum of s_i: 122.19095885335369
2024-05-21 17:10:33 - INFO     - {6: 12.334515780383533, 9: 12.11411239168202, 0: 12.313726441831168, 2: 12.391735760069945, 4: 12.116208199489947, 3: 12.23787263710262, 5: 12.326032617211958, 1: 12.351759494571816, 8: 12.032423308960338, 7: 12.026796987572103}
2024-05-21 17:10:33 - INFO     - 0.9481481481481482, 0.9407407407407408, 0.9296296296296296, 0.9296296296296296, 0.9037037037037037, 0.9407407407407408, 0.9296296296296296, 0.9333333333333333, 0.9555555555555556, 0.9518518518518518
2024-05-21 17:10:33 - WARNING  - Epoch: 747, Sum of Accs: 9.363, Sum of s_i: 122.24518361887544
2024-05-21 17:10:39 - INFO     - {6: 12.33987813347385, 9: 12.11915959399262, 0: 12.319171160032928, 2: 12.397446642835733, 4: 12.121100992944637, 3: 12.243690907620596, 5: 12.331603356646099, 1: 12.3574116557781, 8: 12.037346504542443, 7: 12.031880130885906}
2024-05-21 17:10:39 - INFO     - 0.9481481481481482, 0.9407407407407408, 0.9296296296296296, 0.9296296296296296, 0.9037037037037037, 0.9407407407407408, 0.9296296296296296, 0.9333333333333333, 0.9555555555555556, 0.9555555555555556
2024-05-21 17:10:39 - WARNING  - Epoch: 748, Sum of Accs: 9.367, Sum of s_i: 122.29868907875291
2024-05-21 17:10:45 - INFO     - {6: 12.3448873746349, 9: 12.124446538816676, 0: 12.324181885662808, 2: 12.402955174553597, 4: 12.126395489209179, 3: 12.248761157464578, 5: 12.336570937417655, 1: 12.363494367924503, 8: 12.042415718129686, 7: 12.036862119583576}
2024-05-21 17:10:45 - INFO     - 0.9481481481481482, 0.9407407407407408, 0.9296296296296296, 0.9296296296296296, 0.9037037037037037, 0.9407407407407408, 0.9296296296296296, 0.9333333333333333, 0.9555555555555556, 0.9555555555555556
2024-05-21 17:10:45 - WARNING  - Epoch: 749, Sum of Accs: 9.367, Sum of s_i: 122.35097076339716
2024-05-21 17:10:51 - INFO     - {6: 12.35074069113245, 9: 12.129542338937133, 0: 12.329494353016472, 2: 12.408765125020993, 4: 12.131994851454289, 3: 12.253506677766058, 5: 12.342272666467837, 1: 12.369025738046664, 8: 12.047644012012846, 7: 12.041990605550538}
2024-05-21 17:10:51 - INFO     - 0.9481481481481482, 0.9407407407407408, 0.9296296296296296, 0.9296296296296296, 0.9037037037037037, 0.9407407407407408, 0.9296296296296296, 0.9333333333333333, 0.9555555555555556, 0.9555555555555556
2024-05-21 17:10:51 - WARNING  - Epoch: 750, Sum of Accs: 9.367, Sum of s_i: 122.40497705940528
2024-05-21 17:10:57 - INFO     - {6: 12.35605658222121, 9: 12.135037321730739, 0: 12.33481905995107, 2: 12.413955291278688, 4: 12.137189656802178, 3: 12.25882372738612, 5: 12.34786940651837, 1: 12.374181286914032, 8: 12.052596799274855, 7: 12.04745017921554}
2024-05-21 17:10:57 - INFO     - 0.9481481481481482, 0.9407407407407408, 0.9296296296296296, 0.9296296296296296, 0.9037037037037037, 0.9407407407407408, 0.9296296296296296, 0.9333333333333333, 0.9555555555555556, 0.9555555555555556
2024-05-21 17:10:57 - WARNING  - Epoch: 751, Sum of Accs: 9.367, Sum of s_i: 122.45797931129282
2024-05-21 17:11:03 - INFO     - {6: 12.361708805353654, 9: 12.140229880975934, 0: 12.339978020142608, 2: 12.419415166560032, 4: 12.142245049642632, 3: 12.263861491465875, 5: 12.35280559503941, 1: 12.379629286127791, 8: 12.05778557862165, 7: 12.052202392472669}
2024-05-21 17:11:03 - INFO     - 0.9481481481481482, 0.9407407407407408, 0.9296296296296296, 0.9296296296296296, 0.9037037037037037, 0.9407407407407408, 0.9296296296296296, 0.9333333333333333, 0.9555555555555556, 0.9555555555555556
2024-05-21 17:11:03 - WARNING  - Epoch: 752, Sum of Accs: 9.367, Sum of s_i: 122.50986126640227
2024-05-21 17:11:09 - INFO     - {6: 12.36705205273897, 9: 12.144950285437888, 0: 12.345092697654861, 2: 12.425122221287891, 4: 12.147796194799236, 3: 12.268676234390346, 5: 12.358211830900009, 1: 12.385036388280461, 8: 12.062418477806867, 7: 12.057520280574883}
2024-05-21 17:11:09 - INFO     - 0.9481481481481482, 0.9407407407407408, 0.9296296296296296, 0.9296296296296296, 0.9037037037037037, 0.9407407407407408, 0.9296296296296296, 0.9333333333333333, 0.9555555555555556, 0.9555555555555556
2024-05-21 17:11:09 - WARNING  - Epoch: 753, Sum of Accs: 9.367, Sum of s_i: 122.5618766638714
2024-05-21 17:11:15 - INFO     - {6: 12.372269625461465, 9: 12.149976939272316, 0: 12.35058374735067, 2: 12.431211782861649, 4: 12.15299007611992, 3: 12.273553378330737, 5: 12.363921256622216, 1: 12.390426489632247, 8: 12.067804699343979, 7: 12.062517245014922}
2024-05-21 17:11:15 - INFO     - 0.9481481481481482, 0.9407407407407408, 0.9296296296296296, 0.9296296296296296, 0.9037037037037037, 0.9407407407407408, 0.9296296296296296, 0.9333333333333333, 0.9555555555555556, 0.9555555555555556
2024-05-21 17:11:15 - WARNING  - Epoch: 754, Sum of Accs: 9.367, Sum of s_i: 122.61525524001011
2024-05-21 17:11:21 - INFO     - {6: 12.377341517167148, 9: 12.155150850706585, 0: 12.355927501550797, 2: 12.436538227235372, 4: 12.15856296151408, 3: 12.278787098839135, 5: 12.369536141637363, 1: 12.3958259453172, 8: 12.073128713709684, 7: 12.067044420256739}
2024-05-21 17:11:21 - INFO     - 0.9481481481481482, 0.9407407407407408, 0.9296296296296296, 0.9296296296296296, 0.9037037037037037, 0.9407407407407408, 0.9296296296296296, 0.9333333333333333, 0.9555555555555556, 0.9555555555555556
2024-05-21 17:11:21 - WARNING  - Epoch: 755, Sum of Accs: 9.367, Sum of s_i: 122.6678433779341
2024-05-21 17:11:27 - INFO     - {6: 12.382433592647459, 9: 12.160418958346948, 0: 12.361195988664162, 2: 12.441973340233053, 4: 12.163762868868693, 3: 12.283832783746215, 5: 12.37494856160462, 1: 12.40131851509578, 8: 12.07837530592605, 7: 12.072278604784959}
2024-05-21 17:11:27 - INFO     - 0.9481481481481482, 0.9407407407407408, 0.9296296296296296, 0.9296296296296296, 0.9037037037037037, 0.9407407407407408, 0.9296296296296296, 0.9333333333333333, 0.9555555555555556, 0.9555555555555556
2024-05-21 17:11:27 - WARNING  - Epoch: 756, Sum of Accs: 9.367, Sum of s_i: 122.72053851991794
2024-05-21 17:11:33 - INFO     - {6: 12.387861134069068, 9: 12.165305991134712, 0: 12.366947801310378, 2: 12.447321883945401, 4: 12.168869696977278, 3: 12.289603224815256, 5: 12.380151420252886, 1: 12.406474142206614, 8: 12.083124429974308, 7: 12.077578294860244}
2024-05-21 17:11:33 - INFO     - 0.9481481481481482, 0.9407407407407408, 0.9296296296296296, 0.9296296296296296, 0.9037037037037037, 0.9407407407407408, 0.9296296296296296, 0.9333333333333333, 0.9555555555555556, 0.9555555555555556
2024-05-21 17:11:33 - WARNING  - Epoch: 757, Sum of Accs: 9.367, Sum of s_i: 122.77323801954614
2024-05-21 17:11:40 - INFO     - {6: 12.393149556367359, 9: 12.170334933286304, 0: 12.372615503915865, 2: 12.452725747091584, 4: 12.174074138762299, 3: 12.294620403363426, 5: 12.385690700792404, 1: 12.411816407144993, 8: 12.088177119278884, 7: 12.082732525197587}
2024-05-21 17:11:40 - INFO     - 0.9481481481481482, 0.9407407407407408, 0.9296296296296296, 0.9296296296296296, 0.9037037037037037, 0.9407407407407408, 0.9296296296296296, 0.9333333333333333, 0.9555555555555556, 0.9555555555555556
2024-05-21 17:11:40 - WARNING  - Epoch: 758, Sum of Accs: 9.367, Sum of s_i: 122.82593703520071
2024-05-21 17:11:46 - INFO     - {6: 12.398103416972091, 9: 12.175205056369352, 0: 12.3779216281179, 2: 12.45844413662012, 4: 12.17920678886785, 3: 12.299936136204519, 5: 12.391175521614214, 1: 12.417019214883613, 8: 12.092597770938038, 7: 12.087697085244747}
2024-05-21 17:11:46 - INFO     - 0.9481481481481482, 0.9407407407407408, 0.9296296296296296, 0.9296296296296296, 0.9037037037037037, 0.9407407407407408, 0.9296296296296296, 0.9333333333333333, 0.9555555555555556, 0.9555555555555556
2024-05-21 17:11:46 - WARNING  - Epoch: 759, Sum of Accs: 9.367, Sum of s_i: 122.87730675583244
2024-05-21 17:11:52 - INFO     - {6: 12.403367122381685, 9: 12.18021331637376, 0: 12.383345563523052, 2: 12.464003724298172, 4: 12.18418855483846, 3: 12.305210956174696, 5: 12.39666781528205, 1: 12.422854004053193, 8: 12.097158691632576, 7: 12.09278731665755}
2024-05-21 17:11:52 - INFO     - 0.9481481481481482, 0.9407407407407408, 0.9296296296296296, 0.9296296296296296, 0.9037037037037037, 0.9407407407407408, 0.9296296296296296, 0.9333333333333333, 0.9555555555555556, 0.9555555555555556
2024-05-21 17:11:52 - WARNING  - Epoch: 760, Sum of Accs: 9.367, Sum of s_i: 122.92979706521518
2024-05-21 17:11:58 - INFO     - {6: 12.408565870795684, 9: 12.18525584887588, 0: 12.38848001882523, 2: 12.469283922097425, 4: 12.190080138003468, 3: 12.310478090609601, 5: 12.402207942437768, 1: 12.428509046652248, 8: 12.102107940726013, 7: 12.09741786814266}
2024-05-21 17:11:58 - INFO     - 0.9481481481481482, 0.9407407407407408, 0.9296296296296296, 0.9296296296296296, 0.9037037037037037, 0.9407407407407408, 0.9296296296296296, 0.9333333333333333, 0.9555555555555556, 0.9555555555555556
2024-05-21 17:11:58 - WARNING  - Epoch: 761, Sum of Accs: 9.367, Sum of s_i: 122.98238668716598
2024-05-21 17:12:04 - INFO     - {6: 12.414188329291965, 9: 12.190151959585119, 0: 12.393459629673766, 2: 12.474794787761109, 4: 12.195482886058084, 3: 12.315783448614589, 5: 12.407570749866641, 1: 12.433883614494299, 8: 12.106804084832255, 7: 12.102402450611123}
2024-05-21 17:12:04 - INFO     - 0.9481481481481482, 0.9407407407407408, 0.9296296296296296, 0.9296296296296296, 0.9037037037037037, 0.9407407407407408, 0.9296296296296296, 0.9333333333333333, 0.9555555555555556, 0.9555555555555556
2024-05-21 17:12:04 - WARNING  - Epoch: 762, Sum of Accs: 9.367, Sum of s_i: 123.03452194078895
2024-05-21 17:12:10 - INFO     - {6: 12.419331898327064, 9: 12.195303436409642, 0: 12.398720383792, 2: 12.480008534942028, 4: 12.200877520787797, 3: 12.320873311105009, 5: 12.412609813492654, 1: 12.439310014997961, 8: 12.11186848478058, 7: 12.10760286431362}
2024-05-21 17:12:10 - INFO     - 0.9481481481481482, 0.9407407407407408, 0.9296296296296296, 0.9296296296296296, 0.9037037037037037, 0.9407407407407408, 0.9296296296296296, 0.9333333333333333, 0.9555555555555556, 0.9555555555555556
2024-05-21 17:12:10 - WARNING  - Epoch: 763, Sum of Accs: 9.367, Sum of s_i: 123.08650626294833
2024-05-21 17:12:16 - INFO     - {6: 12.424546146244134, 9: 12.199719434258485, 0: 12.40364622831301, 2: 12.48512645981796, 4: 12.205755700141845, 3: 12.326010909908412, 5: 12.417739071958922, 1: 12.444414743436981, 8: 12.116583882362413, 7: 12.112504290114131}
2024-05-21 17:12:16 - INFO     - 0.9481481481481482, 0.9407407407407408, 0.9296296296296296, 0.9296296296296296, 0.9037037037037037, 0.9407407407407408, 0.9296296296296296, 0.9333333333333333, 0.9555555555555556, 0.9555555555555556
2024-05-21 17:12:16 - WARNING  - Epoch: 764, Sum of Accs: 9.367, Sum of s_i: 123.1360468665563
2024-05-21 17:12:22 - INFO     - {6: 12.43005613001376, 9: 12.204288409394808, 0: 12.408713707000585, 2: 12.490569152852188, 4: 12.21104943336557, 3: 12.331094298117385, 5: 12.423631945522121, 1: 12.449644785457414, 8: 12.121917405509512, 7: 12.117366309176717}
2024-05-21 17:12:22 - INFO     - 0.9481481481481482, 0.9407407407407408, 0.9296296296296296, 0.9296296296296296, 0.9037037037037037, 0.9407407407407408, 0.9296296296296296, 0.9333333333333333, 0.9555555555555556, 0.9555555555555556
2024-05-21 17:12:22 - WARNING  - Epoch: 765, Sum of Accs: 9.367, Sum of s_i: 123.18833157641005
2024-05-21 17:12:28 - INFO     - {6: 12.435455057382754, 9: 12.209389130772877, 0: 12.414128428827667, 2: 12.496350806180939, 4: 12.215651346959861, 3: 12.336328954906088, 5: 12.428872878403913, 1: 12.455186935628767, 8: 12.126276713580545, 7: 12.122306985828786}
2024-05-21 17:12:28 - INFO     - 0.9481481481481482, 0.9407407407407408, 0.9296296296296296, 0.9296296296296296, 0.9037037037037037, 0.9407407407407408, 0.9296296296296296, 0.9333333333333333, 0.9555555555555556, 0.9555555555555556
2024-05-21 17:12:28 - WARNING  - Epoch: 766, Sum of Accs: 9.367, Sum of s_i: 123.2399472384722
2024-05-21 17:12:34 - INFO     - {6: 12.440424182556573, 9: 12.214182979762107, 0: 12.419089045124869, 2: 12.501586739449364, 4: 12.220525131087463, 3: 12.341641931975389, 5: 12.433959969971463, 1: 12.460638684164449, 8: 12.131431381014009, 7: 12.126825943134413}
2024-05-21 17:12:34 - INFO     - 0.9481481481481482, 0.9407407407407408, 0.9296296296296296, 0.9296296296296296, 0.9037037037037037, 0.9407407407407408, 0.9296296296296296, 0.9333333333333333, 0.9555555555555556, 0.9555555555555556
2024-05-21 17:12:34 - WARNING  - Epoch: 767, Sum of Accs: 9.367, Sum of s_i: 123.2903059882401
2024-05-21 17:12:40 - INFO     - {6: 12.445637180011387, 9: 12.218542124804822, 0: 12.424429328648115, 2: 12.506708766605067, 4: 12.225894706650843, 3: 12.346918284491645, 5: 12.438684585851815, 1: 12.465756478058006, 8: 12.136137569397167, 7: 12.131714003575206}
2024-05-21 17:12:40 - INFO     - 0.9481481481481482, 0.9407407407407408, 0.9296296296296296, 0.9296296296296296, 0.9037037037037037, 0.9407407407407408, 0.9296296296296296, 0.9333333333333333, 0.9555555555555556, 0.9555555555555556
2024-05-21 17:12:40 - WARNING  - Epoch: 768, Sum of Accs: 9.367, Sum of s_i: 123.34042302809408
2024-05-21 17:12:46 - INFO     - {6: 12.450241274962906, 9: 12.223359563003013, 0: 12.429416469859676, 2: 12.51187711754266, 4: 12.230766244528638, 3: 12.351905649145875, 5: 12.444295417596749, 1: 12.471127655316351, 8: 12.140669691142158, 7: 12.13705228227577}
2024-05-21 17:12:46 - INFO     - 0.9481481481481482, 0.9407407407407408, 0.9296296296296296, 0.9296296296296296, 0.9037037037037037, 0.9407407407407408, 0.9296296296296296, 0.9333333333333333, 0.9555555555555556, 0.9555555555555556
2024-05-21 17:12:46 - WARNING  - Epoch: 769, Sum of Accs: 9.367, Sum of s_i: 123.3907113653738
2024-05-21 17:12:52 - INFO     - {6: 12.455310485967347, 9: 12.228462683660638, 0: 12.434523660708777, 2: 12.517415849859738, 4: 12.235823806208572, 3: 12.356836348067567, 5: 12.449245493528371, 1: 12.476216513075382, 8: 12.145466084286607, 7: 12.142136519882968}
2024-05-21 17:12:52 - INFO     - 0.9481481481481482, 0.9407407407407408, 0.9296296296296296, 0.9296296296296296, 0.9037037037037037, 0.9407407407407408, 0.9296296296296296, 0.9333333333333333, 0.9555555555555556, 0.9555555555555556
2024-05-21 17:12:52 - WARNING  - Epoch: 770, Sum of Accs: 9.367, Sum of s_i: 123.44143744524597
2024-05-21 17:12:58 - INFO     - {6: 12.460615386162742, 9: 12.23334116974866, 0: 12.439398052839381, 2: 12.522466743581585, 4: 12.240897554822848, 3: 12.36202201822692, 5: 12.454124625705267, 1: 12.48186035360818, 8: 12.150339857460464, 7: 12.147111185546157}
2024-05-21 17:12:58 - INFO     - 0.9481481481481482, 0.9407407407407408, 0.9296296296296296, 0.9296296296296296, 0.9037037037037037, 0.9407407407407408, 0.9296296296296296, 0.9333333333333333, 0.9555555555555556, 0.9555555555555556
2024-05-21 17:12:58 - WARNING  - Epoch: 771, Sum of Accs: 9.367, Sum of s_i: 123.4921769477022
2024-05-21 17:13:04 - INFO     - {6: 12.46604957333541, 9: 12.237723343517397, 0: 12.44471445925998, 2: 12.527990973020232, 4: 12.245380348564911, 3: 12.366979809110992, 5: 12.45908399515362, 1: 12.486970368443963, 8: 12.155030198643146, 7: 12.15157583811171}
2024-05-21 17:13:04 - INFO     - 0.9481481481481482, 0.937037037037037, 0.9296296296296296, 0.9296296296296296, 0.9037037037037037, 0.9407407407407408, 0.9296296296296296, 0.9333333333333333, 0.9555555555555556, 0.9555555555555556
2024-05-21 17:13:05 - WARNING  - Epoch: 772, Sum of Accs: 9.363, Sum of s_i: 123.54149890716135
2024-05-21 17:13:11 - INFO     - {6: 12.471303458258955, 9: 12.242166526530275, 0: 12.450299072847683, 2: 12.533256831946082, 4: 12.250410659025906, 3: 12.37219733765661, 5: 12.464519832821919, 1: 12.492254884289192, 8: 12.160435025204265, 7: 12.156921129260988}
2024-05-21 17:13:11 - INFO     - 0.9481481481481482, 0.937037037037037, 0.9296296296296296, 0.9296296296296296, 0.9037037037037037, 0.9407407407407408, 0.9296296296296296, 0.9333333333333333, 0.9555555555555556, 0.9555555555555556
2024-05-21 17:13:11 - WARNING  - Epoch: 773, Sum of Accs: 9.363, Sum of s_i: 123.5937647578419
2024-05-21 17:13:17 - INFO     - {6: 12.476414473917213, 9: 12.247284660513797, 0: 12.45526173372552, 2: 12.538463948735235, 4: 12.255568504864163, 3: 12.377458198269544, 5: 12.46981616340051, 1: 12.497596940992004, 8: 12.165059958714625, 7: 12.161463267455893}
2024-05-21 17:13:17 - INFO     - 0.9481481481481482, 0.937037037037037, 0.9296296296296296, 0.9296296296296296, 0.9037037037037037, 0.9407407407407408, 0.9296296296296296, 0.9333333333333333, 0.9555555555555556, 0.9555555555555556
2024-05-21 17:13:17 - WARNING  - Epoch: 774, Sum of Accs: 9.363, Sum of s_i: 123.64438785058849
2024-05-21 17:13:23 - INFO     - {6: 12.481673724470443, 9: 12.252476697766255, 0: 12.460525561652252, 2: 12.543931732905866, 4: 12.260512632566194, 3: 12.382676611380012, 5: 12.475207693244688, 1: 12.502861119749534, 8: 12.170358792832012, 7: 12.16617506627613}
2024-05-21 17:13:23 - INFO     - 0.9481481481481482, 0.937037037037037, 0.9296296296296296, 0.9296296296296296, 0.9037037037037037, 0.9407407407407408, 0.9296296296296296, 0.9333333333333333, 0.9555555555555556, 0.9555555555555556
2024-05-21 17:13:23 - WARNING  - Epoch: 775, Sum of Accs: 9.363, Sum of s_i: 123.69639963284338
2024-05-21 17:13:29 - INFO     - {6: 12.486885238713565, 9: 12.25801698763008, 0: 12.46627486422194, 2: 12.549610535469373, 4: 12.265670444523488, 3: 12.387352262139483, 5: 12.480549224939761, 1: 12.508112096428492, 8: 12.17558105018374, 7: 12.17104620694085}
2024-05-21 17:13:29 - INFO     - 0.9481481481481482, 0.937037037037037, 0.9296296296296296, 0.9296296296296296, 0.9037037037037037, 0.9407407407407408, 0.9296296296296296, 0.9333333333333333, 0.9555555555555556, 0.9555555555555556
2024-05-21 17:13:29 - WARNING  - Epoch: 776, Sum of Accs: 9.363, Sum of s_i: 123.74909891119077
2024-05-21 17:13:35 - INFO     - {6: 12.492336622197675, 9: 12.2628758373498, 0: 12.471032142095924, 2: 12.555084644530254, 4: 12.270901431249722, 3: 12.392236539326012, 5: 12.485647690179512, 1: 12.513290225036675, 8: 12.180417843343207, 7: 12.175624254938134}
2024-05-21 17:13:35 - INFO     - 0.9481481481481482, 0.937037037037037, 0.9296296296296296, 0.9296296296296296, 0.9037037037037037, 0.9407407407407408, 0.9296296296296296, 0.9333333333333333, 0.9555555555555556, 0.9555555555555556
2024-05-21 17:13:35 - WARNING  - Epoch: 777, Sum of Accs: 9.363, Sum of s_i: 123.79944723024688
2024-05-21 17:13:41 - INFO     - {6: 12.49810661816032, 9: 12.26776873365971, 0: 12.47605447566258, 2: 12.560663505788877, 4: 12.276668497626538, 3: 12.397673827730763, 5: 12.49051440739276, 1: 12.519005444292464, 8: 12.185481331620265, 7: 12.180834688151121}
2024-05-21 17:13:41 - INFO     - 0.9481481481481482, 0.937037037037037, 0.9296296296296296, 0.9296296296296296, 0.9037037037037037, 0.9407407407407408, 0.9296296296296296, 0.937037037037037, 0.9555555555555556, 0.9555555555555556
2024-05-21 17:13:41 - WARNING  - Epoch: 778, Sum of Accs: 9.367, Sum of s_i: 123.8527715300854
2024-05-21 17:13:47 - INFO     - {6: 12.503327106164528, 9: 12.272683548194754, 0: 12.481250533536466, 2: 12.565524875622536, 4: 12.28189297415131, 3: 12.402753207451308, 5: 12.49593956505451, 1: 12.524778350477561, 8: 12.190456518869006, 7: 12.185486925252231}
2024-05-21 17:13:47 - INFO     - 0.9481481481481482, 0.937037037037037, 0.9296296296296296, 0.9296296296296296, 0.9037037037037037, 0.9407407407407408, 0.9296296296296296, 0.937037037037037, 0.9555555555555556, 0.9555555555555556
2024-05-21 17:13:47 - WARNING  - Epoch: 779, Sum of Accs: 9.367, Sum of s_i: 123.90409360477423
2024-05-21 17:13:53 - INFO     - {6: 12.508254696507759, 9: 12.277735848081452, 0: 12.486438074783273, 2: 12.570878075965652, 4: 12.287155251700108, 3: 12.4076852510803, 5: 12.501903198822218, 1: 12.529734788685003, 8: 12.195069108830058, 7: 12.190307582811393}
2024-05-21 17:13:53 - INFO     - 0.9481481481481482, 0.937037037037037, 0.9296296296296296, 0.9296296296296296, 0.9037037037037037, 0.9407407407407408, 0.9296296296296296, 0.937037037037037, 0.9555555555555556, 0.9555555555555556
2024-05-21 17:13:53 - WARNING  - Epoch: 780, Sum of Accs: 9.367, Sum of s_i: 123.95516187726722
2024-05-21 17:13:59 - INFO     - {6: 12.513937420943225, 9: 12.28261783232617, 0: 12.4920988689242, 2: 12.575930624721325, 4: 12.29189212076608, 3: 12.41262876717686, 5: 12.507369789270088, 1: 12.535121436665056, 8: 12.200088472447543, 7: 12.194944854610286}
2024-05-21 17:13:59 - INFO     - 0.9481481481481482, 0.937037037037037, 0.9296296296296296, 0.9296296296296296, 0.9037037037037037, 0.9407407407407408, 0.9296296296296296, 0.937037037037037, 0.9555555555555556, 0.9555555555555556
2024-05-21 17:13:59 - WARNING  - Epoch: 781, Sum of Accs: 9.367, Sum of s_i: 124.00663018785083
2024-05-21 17:14:05 - INFO     - {6: 12.518647455967175, 9: 12.287929960745815, 0: 12.497034258473382, 2: 12.581267706580812, 4: 12.296594926355692, 3: 12.417675193703397, 5: 12.512796883661617, 1: 12.540202852636279, 8: 12.205152687041263, 7: 12.19951437602527}
2024-05-21 17:14:05 - INFO     - 0.9481481481481482, 0.937037037037037, 0.9296296296296296, 0.9296296296296296, 0.9037037037037037, 0.9407407407407408, 0.9296296296296296, 0.937037037037037, 0.9555555555555556, 0.9555555555555556
2024-05-21 17:14:05 - WARNING  - Epoch: 782, Sum of Accs: 9.367, Sum of s_i: 124.05681630119071
2024-05-21 17:14:11 - INFO     - {6: 12.523626329518306, 9: 12.292742989239317, 0: 12.502011831121159, 2: 12.586816760957761, 4: 12.302033885525331, 3: 12.422385446122352, 5: 12.517721734726717, 1: 12.545352543411099, 8: 12.210457663999152, 7: 12.204375731362127}
2024-05-21 17:14:11 - INFO     - 0.9481481481481482, 0.937037037037037, 0.9296296296296296, 0.9296296296296296, 0.9037037037037037, 0.9407407407407408, 0.9296296296296296, 0.937037037037037, 0.9555555555555556, 0.9555555555555556
2024-05-21 17:14:11 - WARNING  - Epoch: 783, Sum of Accs: 9.367, Sum of s_i: 124.10752491598333
2024-05-21 17:14:17 - INFO     - {6: 12.528920389249997, 9: 12.297700542003584, 0: 12.507286792680667, 2: 12.592475471492122, 4: 12.306867316612868, 3: 12.42745571792014, 5: 12.522632637209, 1: 12.550252919858137, 8: 12.215425710118259, 7: 12.209367161754912}
2024-05-21 17:14:17 - INFO     - 0.9481481481481482, 0.937037037037037, 0.9296296296296296, 0.9296296296296296, 0.9037037037037037, 0.9407407407407408, 0.9296296296296296, 0.937037037037037, 0.9555555555555556, 0.9555555555555556
2024-05-21 17:14:17 - WARNING  - Epoch: 784, Sum of Accs: 9.367, Sum of s_i: 124.15838465889968
2024-05-21 17:14:23 - INFO     - {6: 12.534061736474444, 9: 12.302549334858826, 0: 12.512030413743592, 2: 12.597992744904847, 4: 12.311764363315019, 3: 12.432409958700392, 5: 12.527925767736638, 1: 12.555433618308385, 8: 12.220104678734202, 7: 12.214170787610822}
2024-05-21 17:14:23 - INFO     - 0.9481481481481482, 0.937037037037037, 0.9296296296296296, 0.9296296296296296, 0.9037037037037037, 0.9407407407407408, 0.9296296296296296, 0.937037037037037, 0.9555555555555556, 0.9555555555555556
2024-05-21 17:14:23 - WARNING  - Epoch: 785, Sum of Accs: 9.367, Sum of s_i: 124.20844340438717
2024-05-21 17:14:29 - INFO     - {6: 12.539611372431107, 9: 12.307117237797792, 0: 12.516918316978881, 2: 12.603258660014909, 4: 12.316014532314508, 3: 12.437640870292809, 5: 12.533298250466068, 1: 12.560850327598523, 8: 12.224988143539365, 7: 12.218835149636043}
2024-05-21 17:14:29 - INFO     - 0.9481481481481482, 0.937037037037037, 0.9296296296296296, 0.9296296296296296, 0.9037037037037037, 0.9407407407407408, 0.9296296296296296, 0.937037037037037, 0.9555555555555556, 0.9555555555555556
2024-05-21 17:14:29 - WARNING  - Epoch: 786, Sum of Accs: 9.367, Sum of s_i: 124.25853286107
2024-05-21 17:14:35 - INFO     - {6: 12.544841089458622, 9: 12.312179944907031, 0: 12.521997931770546, 2: 12.607822867795852, 4: 12.320586698688661, 3: 12.442828607586929, 5: 12.538334081561354, 1: 12.566082391237, 8: 12.229686186697544, 7: 12.223976564477132}
2024-05-21 17:14:35 - INFO     - 0.9481481481481482, 0.937037037037037, 0.9296296296296296, 0.9296296296296296, 0.9037037037037037, 0.9407407407407408, 0.9296296296296296, 0.937037037037037, 0.9555555555555556, 0.9555555555555556
2024-05-21 17:14:35 - WARNING  - Epoch: 787, Sum of Accs: 9.367, Sum of s_i: 124.30833636418069
2024-05-21 17:14:41 - INFO     - {6: 12.549578657243607, 9: 12.317081576150745, 0: 12.527519287365132, 2: 12.61278879486577, 4: 12.325467885744057, 3: 12.447644310784847, 5: 12.543644964610182, 1: 12.571410314976184, 8: 12.23456174598417, 7: 12.228747983026624}
2024-05-21 17:14:41 - INFO     - 0.9481481481481482, 0.937037037037037, 0.9296296296296296, 0.9296296296296296, 0.9037037037037037, 0.9407407407407408, 0.9296296296296296, 0.937037037037037, 0.9555555555555556, 0.9555555555555556
2024-05-21 17:14:41 - WARNING  - Epoch: 788, Sum of Accs: 9.367, Sum of s_i: 124.35844552075132
2024-05-21 17:14:47 - INFO     - {6: 12.554235444088658, 9: 12.322335673266014, 0: 12.53297890372133, 2: 12.618407913243146, 4: 12.330232873508473, 3: 12.452515228113587, 5: 12.54863857486866, 1: 12.576513445664041, 8: 12.239439285101199, 7: 12.233463780682914}
2024-05-21 17:14:47 - INFO     - 0.9481481481481482, 0.937037037037037, 0.9296296296296296, 0.9296296296296296, 0.9037037037037037, 0.9407407407407408, 0.9296296296296296, 0.937037037037037, 0.9555555555555556, 0.9555555555555556
2024-05-21 17:14:47 - WARNING  - Epoch: 789, Sum of Accs: 9.367, Sum of s_i: 124.40876112225801
2024-05-21 17:14:54 - INFO     - {6: 12.55944208447394, 9: 12.327093773024206, 0: 12.537824333842734, 2: 12.623799622449011, 4: 12.334951139724176, 3: 12.457752318742822, 5: 12.554178875880009, 1: 12.58149162956142, 8: 12.244414475244659, 7: 12.23855774225634}
2024-05-21 17:14:54 - INFO     - 0.9481481481481482, 0.937037037037037, 0.9296296296296296, 0.9296296296296296, 0.9037037037037037, 0.9407407407407408, 0.9296296296296296, 0.937037037037037, 0.9555555555555556, 0.9555555555555556
2024-05-21 17:14:54 - WARNING  - Epoch: 790, Sum of Accs: 9.367, Sum of s_i: 124.45950599519932
2024-05-21 17:15:00 - INFO     - {6: 12.564635204313012, 9: 12.33230466624216, 0: 12.54348162858567, 2: 12.628766925314984, 4: 12.33995617947555, 3: 12.46293351406187, 5: 12.55932153315539, 1: 12.586610534443874, 8: 12.249157432987856, 7: 12.243108529285864}
2024-05-21 17:15:00 - INFO     - 0.9481481481481482, 0.937037037037037, 0.9296296296296296, 0.9296296296296296, 0.9037037037037037, 0.9407407407407408, 0.9296296296296296, 0.937037037037037, 0.9555555555555556, 0.9555555555555556
2024-05-21 17:15:00 - WARNING  - Epoch: 791, Sum of Accs: 9.367, Sum of s_i: 124.51027614786624
2024-05-21 17:15:06 - INFO     - {6: 12.569481895369426, 9: 12.337641945165034, 0: 12.549006607485252, 2: 12.634353519397022, 4: 12.344857453494878, 3: 12.468060541360357, 5: 12.564220849275067, 1: 12.591986963938828, 8: 12.253597658677553, 7: 12.24819907767852}
2024-05-21 17:15:06 - INFO     - 0.9481481481481482, 0.937037037037037, 0.9296296296296296, 0.9296296296296296, 0.9037037037037037, 0.9407407407407408, 0.9296296296296296, 0.937037037037037, 0.9555555555555556, 0.9555555555555556
2024-05-21 17:15:06 - WARNING  - Epoch: 792, Sum of Accs: 9.367, Sum of s_i: 124.56140651184194
2024-05-21 17:15:12 - INFO     - {6: 12.574942194770022, 9: 12.342455614056698, 0: 12.554081066907903, 2: 12.639531495884642, 4: 12.349674110735117, 3: 12.473549701379124, 5: 12.569009422388767, 1: 12.597297654876781, 8: 12.258088698227986, 7: 12.253508639623535}
2024-05-21 17:15:12 - INFO     - 0.9481481481481482, 0.937037037037037, 0.9296296296296296, 0.9296296296296296, 0.9037037037037037, 0.9407407407407408, 0.9296296296296296, 0.937037037037037, 0.9555555555555556, 0.9555555555555556
2024-05-21 17:15:12 - WARNING  - Epoch: 793, Sum of Accs: 9.367, Sum of s_i: 124.61213859885058
2024-05-21 17:15:18 - INFO     - {6: 12.580056794593116, 9: 12.347090064203641, 0: 12.558519084805466, 2: 12.644493393422936, 4: 12.35446855844618, 3: 12.47877140085649, 5: 12.57439720814598, 1: 12.602627097441735, 8: 12.262661279777504, 7: 12.25812728555713}
2024-05-21 17:15:18 - INFO     - 0.9481481481481482, 0.937037037037037, 0.9296296296296296, 0.9296296296296296, 0.9037037037037037, 0.9407407407407408, 0.9296296296296296, 0.937037037037037, 0.9555555555555556, 0.9555555555555556
2024-05-21 17:15:18 - WARNING  - Epoch: 794, Sum of Accs: 9.367, Sum of s_i: 124.66121216725017
2024-05-21 17:15:24 - INFO     - {6: 12.58496280061757, 9: 12.35183983254363, 0: 12.563872221428385, 2: 12.649683088007784, 4: 12.359317230844415, 3: 12.483961749660464, 5: 12.579755342468092, 1: 12.607352122498138, 8: 12.267193362695007, 7: 12.262761960333542}
2024-05-21 17:15:24 - INFO     - 0.9481481481481482, 0.937037037037037, 0.9296296296296296, 0.9296296296296296, 0.9037037037037037, 0.9407407407407408, 0.9296296296296296, 0.937037037037037, 0.9555555555555556, 0.9555555555555556
2024-05-21 17:15:24 - WARNING  - Epoch: 795, Sum of Accs: 9.367, Sum of s_i: 124.71069971109702
2024-05-21 17:15:30 - INFO     - {6: 12.590452371864398, 9: 12.356967576199517, 0: 12.568865595782746, 2: 12.654944157490863, 4: 12.364630505886586, 3: 12.48956410743462, 5: 12.58499729028661, 1: 12.612630602228409, 8: 12.271470417112994, 7: 12.26749458726467}
2024-05-21 17:15:30 - INFO     - 0.9481481481481482, 0.937037037037037, 0.9296296296296296, 0.9296296296296296, 0.9037037037037037, 0.9407407407407408, 0.9296296296296296, 0.937037037037037, 0.9555555555555556, 0.9555555555555556
2024-05-21 17:15:30 - WARNING  - Epoch: 796, Sum of Accs: 9.367, Sum of s_i: 124.76201721155141
2024-05-21 17:15:36 - INFO     - {6: 12.595671273953041, 9: 12.361629331588318, 0: 12.573591489118629, 2: 12.660098672737666, 4: 12.36967125504398, 3: 12.494512673017985, 5: 12.590194349379583, 1: 12.618273990676329, 8: 12.276104841260553, 7: 12.272215945157305}
2024-05-21 17:15:36 - INFO     - 0.9481481481481482, 0.937037037037037, 0.9296296296296296, 0.9296296296296296, 0.9037037037037037, 0.9407407407407408, 0.9296296296296296, 0.937037037037037, 0.9555555555555556, 0.9555555555555556
2024-05-21 17:15:36 - WARNING  - Epoch: 797, Sum of Accs: 9.367, Sum of s_i: 124.81196382193338
2024-05-21 17:15:42 - INFO     - {6: 12.600905342119919, 9: 12.365987545628839, 0: 12.57814618979361, 2: 12.66532126893477, 4: 12.374186443500538, 3: 12.499226100191724, 5: 12.595760799868323, 1: 12.623567402410826, 8: 12.28053685006618, 7: 12.276907096566138}
2024-05-21 17:15:42 - INFO     - 0.9481481481481482, 0.937037037037037, 0.9296296296296296, 0.9296296296296296, 0.9037037037037037, 0.9407407407407408, 0.9296296296296296, 0.937037037037037, 0.9555555555555556, 0.9555555555555556
2024-05-21 17:15:42 - WARNING  - Epoch: 798, Sum of Accs: 9.367, Sum of s_i: 124.86054503908086
2024-05-21 17:15:48 - INFO     - {6: 12.605732606416492, 9: 12.3706675727627, 0: 12.583313898947358, 2: 12.670443883345248, 4: 12.379212484908916, 3: 12.504327812273722, 5: 12.600829597606749, 1: 12.62841516690953, 8: 12.285307547726314, 7: 12.281508869573907}
2024-05-21 17:15:48 - INFO     - 0.9481481481481482, 0.937037037037037, 0.9296296296296296, 0.9296296296296296, 0.9037037037037037, 0.9407407407407408, 0.9296296296296296, 0.937037037037037, 0.9555555555555556, 0.9555555555555556
2024-05-21 17:15:48 - WARNING  - Epoch: 799, Sum of Accs: 9.367, Sum of s_i: 124.90975944047095
2024-05-21 17:15:54 - INFO     - {6: 12.611042926623474, 9: 12.375362743867393, 0: 12.588428041750177, 2: 12.67537063439694, 4: 12.383969979124322, 3: 12.509402216424947, 5: 12.60575496711407, 1: 12.633998787765385, 8: 12.289936371627322, 7: 12.285906570381783}
2024-05-21 17:15:54 - INFO     - 0.9481481481481482, 0.937037037037037, 0.9296296296296296, 0.9296296296296296, 0.9037037037037037, 0.9407407407407408, 0.9296296296296296, 0.937037037037037, 0.9555555555555556, 0.9555555555555556
2024-05-21 17:15:54 - WARNING  - Epoch: 800, Sum of Accs: 9.367, Sum of s_i: 124.95917323907582
2024-05-21 17:16:00 - INFO     - {6: 12.616320320529699, 9: 12.379962981155389, 0: 12.593424705239087, 2: 12.680897345946976, 4: 12.388909703787625, 3: 12.514169114370038, 5: 12.610901116929409, 1: 12.639345717136672, 8: 12.295125289405197, 7: 12.290507786497049}
2024-05-21 17:16:00 - INFO     - 0.9481481481481482, 0.937037037037037, 0.9296296296296296, 0.9296296296296296, 0.9037037037037037, 0.9407407407407408, 0.9296296296296296, 0.937037037037037, 0.9555555555555556, 0.9555555555555556
2024-05-21 17:16:00 - WARNING  - Epoch: 801, Sum of Accs: 9.367, Sum of s_i: 125.00956408099714
2024-05-21 17:16:06 - INFO     - {6: 12.621726894652273, 9: 12.384498443224986, 0: 12.598585909769113, 2: 12.685999851822407, 4: 12.393878987969384, 3: 12.519092556958809, 5: 12.616100141321107, 1: 12.644592563093866, 8: 12.300401071545439, 7: 12.295056580817482}
2024-05-21 17:16:06 - INFO     - 0.9481481481481482, 0.937037037037037, 0.9296296296296296, 0.9296296296296296, 0.9037037037037037, 0.9407407407407408, 0.9296296296296296, 0.937037037037037, 0.9555555555555556, 0.9555555555555556
2024-05-21 17:16:06 - WARNING  - Epoch: 802, Sum of Accs: 9.367, Sum of s_i: 125.05993300117488
2024-05-21 17:16:12 - INFO     - {6: 12.627097259582266, 9: 12.389329626166742, 0: 12.603694559174661, 2: 12.691371730624878, 4: 12.398599603574667, 3: 12.524274726195026, 5: 12.621073438054639, 1: 12.649671488142419, 8: 12.305224053817122, 7: 12.299310584759512}
2024-05-21 17:16:12 - INFO     - 0.9481481481481482, 0.937037037037037, 0.9296296296296296, 0.9296296296296296, 0.9037037037037037, 0.9407407407407408, 0.9296296296296296, 0.937037037037037, 0.9555555555555556, 0.9555555555555556
2024-05-21 17:16:12 - WARNING  - Epoch: 803, Sum of Accs: 9.367, Sum of s_i: 125.10964707009194
2024-05-21 17:16:19 - INFO     - {6: 12.63195763976711, 9: 12.393930409016978, 0: 12.60879257985957, 2: 12.696523626289906, 4: 12.403297761924586, 3: 12.529243036871623, 5: 12.62610100883041, 1: 12.655086812806958, 8: 12.310087807992993, 7: 12.30420327674312}
2024-05-21 17:16:19 - INFO     - 0.9481481481481482, 0.937037037037037, 0.9296296296296296, 0.9296296296296296, 0.9037037037037037, 0.9407407407407408, 0.9296296296296296, 0.937037037037037, 0.9555555555555556, 0.9555555555555556
2024-05-21 17:16:19 - WARNING  - Epoch: 804, Sum of Accs: 9.367, Sum of s_i: 125.15922396010328
2024-05-21 17:16:24 - INFO     - {6: 12.637325265394571, 9: 12.398352889410074, 0: 12.614367909411996, 2: 12.701887622209528, 4: 12.407764618437266, 3: 12.533983135521032, 5: 12.631056601899878, 1: 12.660387068085189, 8: 12.314723565138184, 7: 12.30901597021713}
2024-05-21 17:16:24 - INFO     - 0.9481481481481482, 0.937037037037037, 0.9296296296296296, 0.9296296296296296, 0.9037037037037037, 0.9407407407407408, 0.9296296296296296, 0.937037037037037, 0.9555555555555556, 0.9555555555555556
2024-05-21 17:16:24 - WARNING  - Epoch: 805, Sum of Accs: 9.367, Sum of s_i: 125.20886464572483
2024-05-21 17:16:31 - INFO     - {6: 12.642470201975348, 9: 12.402949365282986, 0: 12.619608072651628, 2: 12.707014873035824, 4: 12.412333593421813, 3: 12.538977160762874, 5: 12.636218703650657, 1: 12.66554687275207, 8: 12.3194890121944, 7: 12.313712477634837}
2024-05-21 17:16:31 - INFO     - 0.9481481481481482, 0.937037037037037, 0.9296296296296296, 0.9296296296296296, 0.9037037037037037, 0.9407407407407408, 0.9296296296296296, 0.937037037037037, 0.9555555555555556, 0.9555555555555556
2024-05-21 17:16:31 - WARNING  - Epoch: 806, Sum of Accs: 9.367, Sum of s_i: 125.25832033336243
2024-05-21 17:16:36 - INFO     - {6: 12.647165433365736, 9: 12.407234531154007, 0: 12.624749273408048, 2: 12.711831483540639, 4: 12.417057742598029, 3: 12.54418373013884, 5: 12.641003739105162, 1: 12.670443870923119, 8: 12.324757792664348, 7: 12.318799221815151}
2024-05-21 17:16:36 - INFO     - 0.9481481481481482, 0.937037037037037, 0.9296296296296296, 0.9296296296296296, 0.9037037037037037, 0.9407407407407408, 0.9296296296296296, 0.937037037037037, 0.9555555555555556, 0.9555555555555556
2024-05-21 17:16:37 - WARNING  - Epoch: 807, Sum of Accs: 9.367, Sum of s_i: 125.30722681871308
2024-05-21 17:16:43 - INFO     - {6: 12.652323413338852, 9: 12.411785716853611, 0: 12.629821012289083, 2: 12.716177832572905, 4: 12.422291247182766, 3: 12.548832933830445, 5: 12.645910433202209, 1: 12.675697221846017, 8: 12.32964923530483, 7: 12.323098705216129}
2024-05-21 17:16:43 - INFO     - 0.9481481481481482, 0.937037037037037, 0.9296296296296296, 0.9296296296296296, 0.9037037037037037, 0.9407407407407408, 0.9296296296296296, 0.937037037037037, 0.9555555555555556, 0.9555555555555556
2024-05-21 17:16:43 - WARNING  - Epoch: 808, Sum of Accs: 9.367, Sum of s_i: 125.35558775163683
2024-05-21 17:16:49 - INFO     - {6: 12.65732638956922, 9: 12.416201028402764, 0: 12.635232191402656, 2: 12.721715238251441, 4: 12.427062048481583, 3: 12.55380603567504, 5: 12.65067745923229, 1: 12.681178491046115, 8: 12.334369083463, 7: 12.328177928866126}
2024-05-21 17:16:49 - INFO     - 0.9481481481481482, 0.937037037037037, 0.9296296296296296, 0.9296296296296296, 0.9037037037037037, 0.9407407407407408, 0.9296296296296296, 0.937037037037037, 0.9555555555555556, 0.9555555555555556
2024-05-21 17:16:49 - WARNING  - Epoch: 809, Sum of Accs: 9.367, Sum of s_i: 125.40574589439022
2024-05-21 17:16:55 - INFO     - {6: 12.662751774522222, 9: 12.420702589890167, 0: 12.640577754197157, 2: 12.72681977176669, 4: 12.431546147264534, 3: 12.55861920306306, 5: 12.655273436585281, 1: 12.686550086694014, 8: 12.339520877960389, 7: 12.333190113440669}
2024-05-21 17:16:55 - INFO     - 0.9481481481481482, 0.937037037037037, 0.9296296296296296, 0.9296296296296296, 0.9037037037037037, 0.9407407407407408, 0.9296296296296296, 0.937037037037037, 0.9555555555555556, 0.9555555555555556
2024-05-21 17:16:55 - WARNING  - Epoch: 810, Sum of Accs: 9.367, Sum of s_i: 125.45555175538418
2024-05-21 17:17:01 - INFO     - {6: 12.667372398875314, 9: 12.425244694091486, 0: 12.645783249809949, 2: 12.73155592225284, 4: 12.436009327618297, 3: 12.56372467346155, 5: 12.66060736579428, 1: 12.691659479303556, 8: 12.344886999073767, 7: 12.337886096227708}
2024-05-21 17:17:01 - INFO     - 0.9481481481481482, 0.937037037037037, 0.9296296296296296, 0.9296296296296296, 0.9037037037037037, 0.9407407407407408, 0.9296296296296296, 0.937037037037037, 0.9555555555555556, 0.9555555555555556
2024-05-21 17:17:01 - WARNING  - Epoch: 811, Sum of Accs: 9.367, Sum of s_i: 125.50473020650873
2024-05-21 17:17:07 - INFO     - {6: 12.672749022123476, 9: 12.42964749076249, 0: 12.651156781202756, 2: 12.736842941039985, 4: 12.440405100262916, 3: 12.568844700047798, 5: 12.665896242801825, 1: 12.697095562883877, 8: 12.34928935935641, 7: 12.34257871737802}
2024-05-21 17:17:07 - INFO     - 0.9481481481481482, 0.937037037037037, 0.9296296296296296, 0.9296296296296296, 0.9037037037037037, 0.9407407407407408, 0.9296296296296296, 0.937037037037037, 0.9555555555555556, 0.9555555555555556
2024-05-21 17:17:07 - WARNING  - Epoch: 812, Sum of Accs: 9.367, Sum of s_i: 125.55450591785954
2024-05-21 17:17:13 - INFO     - {6: 12.677851584583031, 9: 12.43438147073149, 0: 12.655862551060888, 2: 12.741705692952824, 4: 12.445682251338352, 3: 12.573824338183682, 5: 12.670707115275663, 1: 12.70196497645718, 8: 12.354394364601356, 7: 12.347313589504417}
2024-05-21 17:17:13 - INFO     - 0.9481481481481482, 0.937037037037037, 0.9296296296296296, 0.9296296296296296, 0.9037037037037037, 0.9407407407407408, 0.9296296296296296, 0.937037037037037, 0.9555555555555556, 0.9555555555555556
2024-05-21 17:17:13 - WARNING  - Epoch: 813, Sum of Accs: 9.367, Sum of s_i: 125.60368793468888
2024-05-21 17:17:19 - INFO     - {6: 12.682886334320646, 9: 12.439234821280731, 0: 12.661428817328455, 2: 12.747609436784616, 4: 12.450213629603512, 3: 12.578401352014412, 5: 12.676033710353357, 1: 12.706919540541328, 8: 12.358869811392333, 7: 12.352171068186992}
2024-05-21 17:17:19 - INFO     - 0.9481481481481482, 0.937037037037037, 0.9296296296296296, 0.9296296296296296, 0.9037037037037037, 0.9407407407407408, 0.9296296296296296, 0.937037037037037, 0.9555555555555556, 0.9555555555555556
2024-05-21 17:17:19 - WARNING  - Epoch: 814, Sum of Accs: 9.367, Sum of s_i: 125.65376852180638
2024-05-21 17:17:25 - INFO     - {6: 12.687978244915508, 9: 12.44383861303113, 0: 12.666911476071764, 2: 12.752187285552107, 4: 12.45516522171762, 3: 12.583131316674498, 5: 12.68114993712363, 1: 12.711917692027315, 8: 12.363897532282898, 7: 12.356674101583609}
2024-05-21 17:17:25 - INFO     - 0.9481481481481482, 0.937037037037037, 0.9296296296296296, 0.9296296296296296, 0.9037037037037037, 0.9407407407407408, 0.9296296296296296, 0.937037037037037, 0.9555555555555556, 0.9555555555555556
2024-05-21 17:17:25 - WARNING  - Epoch: 815, Sum of Accs: 9.367, Sum of s_i: 125.70285142098008
2024-05-21 17:17:31 - INFO     - {6: 12.69306034246457, 9: 12.44898757073802, 0: 12.671626969227113, 2: 12.75749030993684, 4: 12.459916479042933, 3: 12.58831440012818, 5: 12.685811094260194, 1: 12.716799671162722, 8: 12.368540026901842, 7: 12.361251964359521}
2024-05-21 17:17:31 - INFO     - 0.9481481481481482, 0.937037037037037, 0.9296296296296296, 0.9296296296296296, 0.9037037037037037, 0.9407407407407408, 0.9296296296296296, 0.937037037037037, 0.9555555555555556, 0.9555555555555556
2024-05-21 17:17:31 - WARNING  - Epoch: 816, Sum of Accs: 9.367, Sum of s_i: 125.75179882822192
2024-05-21 17:17:37 - INFO     - {6: 12.697826691181385, 9: 12.453450861050046, 0: 12.676660786803382, 2: 12.7629096581407, 4: 12.464401611393784, 3: 12.593321300118651, 5: 12.69044220120247, 1: 12.722256766993452, 8: 12.373193148028662, 7: 12.365765418791229}
2024-05-21 17:17:37 - INFO     - 0.9481481481481482, 0.937037037037037, 0.9296296296296296, 0.9296296296296296, 0.9037037037037037, 0.9407407407407408, 0.9296296296296296, 0.937037037037037, 0.9555555555555556, 0.9555555555555556
2024-05-21 17:17:37 - WARNING  - Epoch: 817, Sum of Accs: 9.367, Sum of s_i: 125.80022844370376
2024-05-21 17:17:43 - INFO     - {6: 12.70365593614387, 9: 12.457903548198644, 0: 12.681418799078124, 2: 12.767725590998658, 4: 12.468857853652894, 3: 12.598122467877218, 5: 12.695612243471835, 1: 12.727314064462147, 8: 12.377706205919809, 7: 12.370624510516365}
2024-05-21 17:17:43 - INFO     - 0.9481481481481482, 0.937037037037037, 0.9296296296296296, 0.9296296296296296, 0.9037037037037037, 0.9407407407407408, 0.9296296296296296, 0.937037037037037, 0.9555555555555556, 0.9555555555555556
2024-05-21 17:17:43 - WARNING  - Epoch: 818, Sum of Accs: 9.367, Sum of s_i: 125.84894122031956
2024-05-21 17:17:49 - INFO     - {6: 12.708719458113404, 9: 12.462518135742139, 0: 12.686348846967178, 2: 12.772767213119474, 4: 12.473876614720146, 3: 12.602557832231518, 5: 12.700977890616151, 1: 12.732311922247698, 8: 12.382409514958624, 7: 12.375330499748472}
2024-05-21 17:17:49 - INFO     - 0.9481481481481482, 0.937037037037037, 0.9296296296296296, 0.9296296296296296, 0.9037037037037037, 0.9407407407407408, 0.9296296296296296, 0.937037037037037, 0.9555555555555556, 0.9555555555555556
2024-05-21 17:17:49 - WARNING  - Epoch: 819, Sum of Accs: 9.367, Sum of s_i: 125.89781792846482
2024-05-21 17:17:55 - INFO     - {6: 12.713973200345503, 9: 12.467096073913384, 0: 12.691496771078652, 2: 12.777936945420574, 4: 12.47895207004598, 3: 12.607597571351546, 5: 12.706153354066162, 1: 12.737487779270786, 8: 12.387092377015811, 7: 12.379847160238427}
2024-05-21 17:17:55 - INFO     - 0.9481481481481482, 0.937037037037037, 0.9296296296296296, 0.9296296296296296, 0.9037037037037037, 0.9407407407407408, 0.9296296296296296, 0.937037037037037, 0.9555555555555556, 0.9555555555555556
2024-05-21 17:17:55 - WARNING  - Epoch: 820, Sum of Accs: 9.367, Sum of s_i: 125.94763330274682
2024-05-21 17:18:01 - INFO     - {6: 12.718766696605254, 9: 12.471706012017451, 0: 12.696056999346924, 2: 12.783250953225563, 4: 12.483713795834662, 3: 12.612331281079344, 5: 12.710828184284388, 1: 12.74243792959814, 8: 12.392058665389943, 7: 12.384818584334104}
2024-05-21 17:18:01 - INFO     - 0.9481481481481482, 0.937037037037037, 0.9296296296296296, 0.9296296296296296, 0.9037037037037037, 0.9407407407407408, 0.9296296296296296, 0.937037037037037, 0.9555555555555556, 0.9555555555555556
2024-05-21 17:18:01 - WARNING  - Epoch: 821, Sum of Accs: 9.367, Sum of s_i: 125.99596910171576
2024-05-21 17:18:08 - INFO     - {6: 12.72379815136119, 9: 12.476187098210687, 0: 12.700621577856273, 2: 12.787784702310535, 4: 12.48865166929446, 3: 12.616784680011591, 5: 12.715686389869745, 1: 12.74775594465514, 8: 12.396099043256333, 7: 12.389446649928347}
2024-05-21 17:18:08 - INFO     - 0.9481481481481482, 0.937037037037037, 0.9296296296296296, 0.9296296296296296, 0.9037037037037037, 0.9407407407407408, 0.9296296296296296, 0.937037037037037, 0.9555555555555556, 0.9555555555555556
2024-05-21 17:18:08 - WARNING  - Epoch: 822, Sum of Accs: 9.367, Sum of s_i: 126.04281590675429
2024-05-21 17:18:14 - INFO     - {6: 12.728381226790443, 9: 12.481061178508485, 0: 12.705505573393014, 2: 12.792712630302029, 4: 12.493181481086454, 3: 12.621005812176966, 5: 12.721128225635379, 1: 12.752698252945116, 8: 12.400827556683018, 7: 12.393786630779108}
2024-05-21 17:18:14 - INFO     - 0.9481481481481482, 0.937037037037037, 0.9296296296296296, 0.9296296296296296, 0.9037037037037037, 0.9407407407407408, 0.9296296296296296, 0.937037037037037, 0.9555555555555556, 0.9555555555555556
2024-05-21 17:18:14 - WARNING  - Epoch: 823, Sum of Accs: 9.367, Sum of s_i: 126.0902885683
2024-05-21 17:18:20 - INFO     - {6: 12.733558355473221, 9: 12.485189433435407, 0: 12.710372265736305, 2: 12.797442622769916, 4: 12.498143730700157, 3: 12.62605733843189, 5: 12.726336437041128, 1: 12.758249595678107, 8: 12.404950226256096, 7: 12.398405752003553}
2024-05-21 17:18:20 - INFO     - 0.9481481481481482, 0.937037037037037, 0.9296296296296296, 0.9296296296296296, 0.9037037037037037, 0.9407407407407408, 0.9296296296296296, 0.937037037037037, 0.9555555555555556, 0.9555555555555556
2024-05-21 17:18:20 - WARNING  - Epoch: 824, Sum of Accs: 9.367, Sum of s_i: 126.13870575752577
2024-05-21 17:18:26 - INFO     - {6: 12.738428216838091, 9: 12.489704425794299, 0: 12.715302229624466, 2: 12.802499508785184, 4: 12.502944001292024, 3: 12.630708067728781, 5: 12.73177536355395, 1: 12.763279680889312, 8: 12.409307477830126, 7: 12.402907687710131}
2024-05-21 17:18:26 - INFO     - 0.9481481481481482, 0.937037037037037, 0.9296296296296296, 0.9296296296296296, 0.9037037037037037, 0.9407407407407408, 0.9296296296296296, 0.937037037037037, 0.9555555555555556, 0.9555555555555556
2024-05-21 17:18:26 - WARNING  - Epoch: 825, Sum of Accs: 9.367, Sum of s_i: 126.18685666004636
2024-05-21 17:18:32 - INFO     - {6: 12.74353678061658, 9: 12.494633340442206, 0: 12.719966465686541, 2: 12.807717226092613, 4: 12.507320562216838, 3: 12.635474650432224, 5: 12.736521635524417, 1: 12.767981723031635, 8: 12.413944713182639, 7: 12.407282269576784}
2024-05-21 17:18:32 - INFO     - 0.9481481481481482, 0.937037037037037, 0.9296296296296296, 0.9296296296296296, 0.9037037037037037, 0.9407407407407408, 0.9296296296296296, 0.937037037037037, 0.9555555555555556, 0.9555555555555556
2024-05-21 17:18:32 - WARNING  - Epoch: 826, Sum of Accs: 9.367, Sum of s_i: 126.23437936680249
2024-05-21 17:18:38 - INFO     - {6: 12.748361740073344, 9: 12.499649855894493, 0: 12.724724788279435, 2: 12.812728609352387, 4: 12.511720482539948, 3: 12.640409135489035, 5: 12.74145519655995, 1: 12.773056323451263, 8: 12.417992162681344, 7: 12.411844339341817}
2024-05-21 17:18:38 - INFO     - 0.9481481481481482, 0.937037037037037, 0.9296296296296296, 0.9296296296296296, 0.9037037037037037, 0.9407407407407408, 0.9296296296296296, 0.937037037037037, 0.9555555555555556, 0.9555555555555556
2024-05-21 17:18:38 - WARNING  - Epoch: 827, Sum of Accs: 9.367, Sum of s_i: 126.28194263366301
2024-05-21 17:18:44 - INFO     - {6: 12.753212936427973, 9: 12.504185708163511, 0: 12.729693732154702, 2: 12.817982134175145, 4: 12.516741335600823, 3: 12.645322857924796, 5: 12.746524978299528, 1: 12.777829995952153, 8: 12.422384835073771, 7: 12.416410795873222}
2024-05-21 17:18:44 - INFO     - 0.9481481481481482, 0.937037037037037, 0.9296296296296296, 0.9296296296296296, 0.9037037037037037, 0.9407407407407408, 0.9296296296296296, 0.937037037037037, 0.9555555555555556, 0.9555555555555556
2024-05-21 17:18:44 - WARNING  - Epoch: 828, Sum of Accs: 9.367, Sum of s_i: 126.33028930964564
2024-05-21 17:18:50 - INFO     - {6: 12.75808081605792, 9: 12.50905797832321, 0: 12.73421380656551, 2: 12.822731124766866, 4: 12.521099051764716, 3: 12.650120532716608, 5: 12.751302168822113, 1: 12.782970044106849, 8: 12.427547767162018, 7: 12.421090388794177}
2024-05-21 17:18:50 - INFO     - 0.9481481481481482, 0.937037037037037, 0.9296296296296296, 0.9296296296296296, 0.9037037037037037, 0.9407407407407408, 0.9296296296296296, 0.937037037037037, 0.9555555555555556, 0.9555555555555556
2024-05-21 17:18:50 - WARNING  - Epoch: 829, Sum of Accs: 9.367, Sum of s_i: 126.37821367907998
2024-05-21 17:18:56 - INFO     - {6: 12.762898493168437, 9: 12.514087954258535, 0: 12.739086529256936, 2: 12.82790688530428, 4: 12.52579040728063, 3: 12.654875627648535, 5: 12.756047430284736, 1: 12.787375666033592, 8: 12.432143440222653, 7: 12.426035066067818}
2024-05-21 17:18:56 - INFO     - 0.9481481481481482, 0.937037037037037, 0.9296296296296296, 0.9296296296296296, 0.9037037037037037, 0.9407407407407408, 0.9296296296296296, 0.937037037037037, 0.9555555555555556, 0.9555555555555556
2024-05-21 17:18:56 - WARNING  - Epoch: 830, Sum of Accs: 9.367, Sum of s_i: 126.42624749952614
2024-05-21 17:19:02 - INFO     - {6: 12.76812443928084, 9: 12.518515933914383, 0: 12.743956599103262, 2: 12.833203040593027, 4: 12.530234272282591, 3: 12.659715749981395, 5: 12.760829486475366, 1: 12.792197919755358, 8: 12.436988913167207, 7: 12.430903098406164}
2024-05-21 17:19:02 - INFO     - 0.9481481481481482, 0.937037037037037, 0.9296296296296296, 0.9296296296296296, 0.9037037037037037, 0.9407407407407408, 0.9296296296296296, 0.937037037037037, 0.9555555555555556, 0.9555555555555556
2024-05-21 17:19:02 - WARNING  - Epoch: 831, Sum of Accs: 9.367, Sum of s_i: 126.47466945295959
2024-05-21 17:19:08 - INFO     - {6: 12.77299150826648, 9: 12.522972978866905, 0: 12.748471802039486, 2: 12.838154384460081, 4: 12.534868945423502, 3: 12.664431603988042, 5: 12.76642280706266, 1: 12.797019367473244, 8: 12.441213710594615, 7: 12.435306691823223}
2024-05-21 17:19:08 - INFO     - 0.9481481481481482, 0.937037037037037, 0.9296296296296296, 0.9296296296296296, 0.9037037037037037, 0.9407407407407408, 0.9296296296296296, 0.937037037037037, 0.9555555555555556, 0.9555555555555556
2024-05-21 17:19:08 - WARNING  - Epoch: 832, Sum of Accs: 9.367, Sum of s_i: 126.52185379999824
2024-05-21 17:19:14 - INFO     - {6: 12.778176482557742, 9: 12.527552448407837, 0: 12.753311696906014, 2: 12.843149346592876, 4: 12.5396078881731, 3: 12.66943531472634, 5: 12.771534759063275, 1: 12.801929067575362, 8: 12.446146953991342, 7: 12.4399330124911}
2024-05-21 17:19:14 - INFO     - 0.9481481481481482, 0.937037037037037, 0.9296296296296296, 0.9296296296296296, 0.9037037037037037, 0.9407407407407408, 0.9296296296296296, 0.937037037037037, 0.9555555555555556, 0.9555555555555556
2024-05-21 17:19:14 - WARNING  - Epoch: 833, Sum of Accs: 9.367, Sum of s_i: 126.57077697048499
2024-05-21 17:19:20 - INFO     - {6: 12.783220378161884, 9: 12.532282771297192, 0: 12.75849572808676, 2: 12.848315078316627, 4: 12.544816030303645, 3: 12.674232642425373, 5: 12.776868076527409, 1: 12.806544167134446, 8: 12.45106135444093, 7: 12.444622324888158}
2024-05-21 17:19:20 - INFO     - 0.9481481481481482, 0.937037037037037, 0.9296296296296296, 0.9296296296296296, 0.9037037037037037, 0.9407407407407408, 0.9296296296296296, 0.937037037037037, 0.9555555555555556, 0.9555555555555556
2024-05-21 17:19:20 - WARNING  - Epoch: 834, Sum of Accs: 9.367, Sum of s_i: 126.62045855158242
2024-05-21 17:19:26 - INFO     - {6: 12.788347678668806, 9: 12.537014615650508, 0: 12.763533085322456, 2: 12.853530829255297, 4: 12.549794268776221, 3: 12.679434629960886, 5: 12.781839092876625, 1: 12.811693426562622, 8: 12.455472328607256, 7: 12.449352085369753}
2024-05-21 17:19:26 - INFO     - 0.9481481481481482, 0.937037037037037, 0.9296296296296296, 0.9296296296296296, 0.9037037037037037, 0.9407407407407408, 0.9296296296296296, 0.937037037037037, 0.9555555555555556, 0.9555555555555556
2024-05-21 17:19:26 - WARNING  - Epoch: 835, Sum of Accs: 9.367, Sum of s_i: 126.67001204105043
2024-05-21 17:19:32 - INFO     - {6: 12.793123995429537, 9: 12.541573321058255, 0: 12.768758411587198, 2: 12.85845793128838, 4: 12.55417368587625, 3: 12.684863437628893, 5: 12.78738811453323, 1: 12.81668232798697, 8: 12.460321832850358, 7: 12.454228929348236}
2024-05-21 17:19:32 - INFO     - 0.9481481481481482, 0.937037037037037, 0.9296296296296296, 0.9296296296296296, 0.9037037037037037, 0.9407407407407408, 0.9296296296296296, 0.937037037037037, 0.9555555555555556, 0.9555555555555556
2024-05-21 17:19:32 - WARNING  - Epoch: 836, Sum of Accs: 9.367, Sum of s_i: 126.7195719875873
2024-05-21 17:19:38 - INFO     - {6: 12.798059390707543, 9: 12.546391048720618, 0: 12.773943667049606, 2: 12.863455877248366, 4: 12.559068658836544, 3: 12.689991238662559, 5: 12.792670357901269, 1: 12.821909438433618, 8: 12.46506839035642, 7: 12.458667022209836}
2024-05-21 17:19:38 - INFO     - 0.9481481481481482, 0.937037037037037, 0.9296296296296296, 0.9296296296296296, 0.9037037037037037, 0.9407407407407408, 0.9296296296296296, 0.937037037037037, 0.9555555555555556, 0.9555555555555556
2024-05-21 17:19:38 - WARNING  - Epoch: 837, Sum of Accs: 9.367, Sum of s_i: 126.7692250901264
2024-05-21 17:19:45 - INFO     - {6: 12.802980274778252, 9: 12.550986831461602, 0: 12.778748730087983, 2: 12.868489867970892, 4: 12.56329708796554, 3: 12.694701451495908, 5: 12.797652162541057, 1: 12.826741698707583, 8: 12.469383163080979, 7: 12.463038813151595}
2024-05-21 17:19:45 - INFO     - 0.9481481481481482, 0.937037037037037, 0.9296296296296296, 0.9296296296296296, 0.9037037037037037, 0.9407407407407408, 0.9296296296296296, 0.937037037037037, 0.9555555555555556, 0.9555555555555556
2024-05-21 17:19:45 - WARNING  - Epoch: 838, Sum of Accs: 9.367, Sum of s_i: 126.81602008124138
2024-05-21 17:19:51 - INFO     - {6: 12.808081731049175, 9: 12.555201292984249, 0: 12.783716680879179, 2: 12.873404367070533, 4: 12.568067493349123, 3: 12.699752710106322, 5: 12.8027406650784, 1: 12.83165700933034, 8: 12.473736232084631, 7: 12.468167276697798}
2024-05-21 17:19:51 - INFO     - 0.9481481481481482, 0.937037037037037, 0.9296296296296296, 0.9296296296296296, 0.9037037037037037, 0.9407407407407408, 0.9296296296296296, 0.937037037037037, 0.9555555555555556, 0.9555555555555556
2024-05-21 17:19:51 - WARNING  - Epoch: 839, Sum of Accs: 9.367, Sum of s_i: 126.86452545862976
2024-05-21 17:19:57 - INFO     - {6: 12.812622142038563, 9: 12.56075916424928, 0: 12.788758935614988, 2: 12.878022745861461, 4: 12.573032024337024, 3: 12.704229059164266, 5: 12.807711394411509, 1: 12.836680359610337, 8: 12.477992220432654, 7: 12.472311967966332}
2024-05-21 17:19:57 - INFO     - 0.9481481481481482, 0.937037037037037, 0.9296296296296296, 0.9296296296296296, 0.9037037037037037, 0.9407407407407408, 0.9296296296296296, 0.937037037037037, 0.9555555555555556, 0.9555555555555556
2024-05-21 17:19:57 - WARNING  - Epoch: 840, Sum of Accs: 9.367, Sum of s_i: 126.91212001368642
2024-05-21 17:20:03 - INFO     - {6: 12.817328426145039, 9: 12.5653037286155, 0: 12.793847417594286, 2: 12.883146973696313, 4: 12.57774887273489, 3: 12.709278004185327, 5: 12.812605930720878, 1: 12.841794642927319, 8: 12.482487625863158, 7: 12.476668001886173}
2024-05-21 17:20:03 - INFO     - 0.9481481481481482, 0.937037037037037, 0.9296296296296296, 0.9296296296296296, 0.9037037037037037, 0.9407407407407408, 0.9296296296296296, 0.937037037037037, 0.9555555555555556, 0.9555555555555556
2024-05-21 17:20:03 - WARNING  - Epoch: 841, Sum of Accs: 9.367, Sum of s_i: 126.96020962436886
2024-05-21 17:20:09 - INFO     - {6: 12.822378943008173, 9: 12.569548479774882, 0: 12.798793287046342, 2: 12.888206460745199, 4: 12.58233575789215, 3: 12.713833140815442, 5: 12.81741904452337, 1: 12.846709061228562, 8: 12.487134948848555, 7: 12.480852289206506}
2024-05-21 17:20:09 - INFO     - 0.9481481481481482, 0.937037037037037, 0.9296296296296296, 0.9296296296296296, 0.9037037037037037, 0.9407407407407408, 0.9296296296296296, 0.937037037037037, 0.9555555555555556, 0.9555555555555556
2024-05-21 17:20:09 - WARNING  - Epoch: 842, Sum of Accs: 9.367, Sum of s_i: 127.0072114130892
2024-05-21 17:20:15 - INFO     - {6: 12.827092328574818, 9: 12.574041802126047, 0: 12.803524106075933, 2: 12.89329216995186, 4: 12.587306161234382, 3: 12.718799240330947, 5: 12.822156736155362, 1: 12.851519986232743, 8: 12.491597318961853, 7: 12.485115462624114}
2024-05-21 17:20:15 - INFO     - 0.9481481481481482, 0.937037037037037, 0.9296296296296296, 0.9296296296296296, 0.9037037037037037, 0.9407407407407408, 0.9296296296296296, 0.937037037037037, 0.9555555555555556, 0.9555555555555556
2024-05-21 17:20:15 - WARNING  - Epoch: 843, Sum of Accs: 9.367, Sum of s_i: 127.05444531226806
2024-05-21 17:20:21 - INFO     - {6: 12.832095971113862, 9: 12.57915622969574, 0: 12.808721202281035, 2: 12.898244550957042, 4: 12.59199216272962, 3: 12.723817853505176, 5: 12.827409832793895, 1: 12.856674009290241, 8: 12.496651383856362, 7: 12.489441999988848}
2024-05-21 17:20:21 - INFO     - 0.9481481481481482, 0.937037037037037, 0.9296296296296296, 0.9296296296296296, 0.9037037037037037, 0.9407407407407408, 0.9296296296296296, 0.937037037037037, 0.9555555555555556, 0.9555555555555556
2024-05-21 17:20:21 - WARNING  - Epoch: 844, Sum of Accs: 9.367, Sum of s_i: 127.10420519621181
2024-05-21 17:20:27 - INFO     - {6: 12.83735145012897, 9: 12.583487295152931, 0: 12.81384710018699, 2: 12.903224043368951, 4: 12.596524371566295, 3: 12.728333725373313, 5: 12.83250312070746, 1: 12.861469710993129, 8: 12.501391444620186, 7: 12.49446991668542}
2024-05-21 17:20:27 - INFO     - 0.9481481481481482, 0.937037037037037, 0.9296296296296296, 0.9296296296296296, 0.9037037037037037, 0.9407407407407408, 0.9296296296296296, 0.937037037037037, 0.9555555555555556, 0.9555555555555556
2024-05-21 17:20:27 - WARNING  - Epoch: 845, Sum of Accs: 9.367, Sum of s_i: 127.15260217878364
2024-05-21 17:20:33 - INFO     - {6: 12.842558695641538, 9: 12.587834781157492, 0: 12.818606612432895, 2: 12.908042453789406, 4: 12.601067875711175, 3: 12.732771133303673, 5: 12.837318232028958, 1: 12.866523374600105, 8: 12.505829096586256, 7: 12.498959552585905}
2024-05-21 17:20:33 - INFO     - 0.9481481481481482, 0.937037037037037, 0.9296296296296296, 0.9296296296296296, 0.9037037037037037, 0.9407407407407408, 0.9296296296296296, 0.937037037037037, 0.9555555555555556, 0.9555555555555556
2024-05-21 17:20:33 - WARNING  - Epoch: 846, Sum of Accs: 9.367, Sum of s_i: 127.19951180783741
2024-05-21 17:20:39 - INFO     - {6: 12.84725080050224, 9: 12.592163217543437, 0: 12.823498612099273, 2: 12.912989844361974, 4: 12.605170949622849, 3: 12.737514014560341, 5: 12.84196232794066, 1: 12.871088870464277, 8: 12.510332697401113, 7: 12.503802586510526}
2024-05-21 17:20:39 - INFO     - 0.9481481481481482, 0.937037037037037, 0.9296296296296296, 0.9296296296296296, 0.9037037037037037, 0.9407407407407408, 0.9296296296296296, 0.937037037037037, 0.9555555555555556, 0.9555555555555556
2024-05-21 17:20:39 - WARNING  - Epoch: 847, Sum of Accs: 9.367, Sum of s_i: 127.2457739210067
2024-05-21 17:20:46 - INFO     - {6: 12.851794903596758, 9: 12.596952800583642, 0: 12.827987453442814, 2: 12.917758589487597, 4: 12.60943952369868, 3: 12.741853013179048, 5: 12.846984139141997, 1: 12.876462391035718, 8: 12.514700463919956, 7: 12.508196659514205}
2024-05-21 17:20:46 - INFO     - 0.9481481481481482, 0.937037037037037, 0.9296296296296296, 0.9296296296296296, 0.9037037037037037, 0.9407407407407408, 0.9296296296296296, 0.937037037037037, 0.9555555555555556, 0.9555555555555556
2024-05-21 17:20:46 - WARNING  - Epoch: 848, Sum of Accs: 9.367, Sum of s_i: 127.29212993760041
2024-05-21 17:20:52 - INFO     - {6: 12.856641896709494, 9: 12.601603133321321, 0: 12.832362882100357, 2: 12.922368423422808, 4: 12.614397258362946, 3: 12.74700202943112, 5: 12.851913499154248, 1: 12.881489798161464, 8: 12.518733241522598, 7: 12.512973640211413}
2024-05-21 17:20:52 - INFO     - 0.9481481481481482, 0.937037037037037, 0.9296296296296296, 0.9296296296296296, 0.9037037037037037, 0.9407407407407408, 0.9296296296296296, 0.937037037037037, 0.9555555555555556, 0.9555555555555556
2024-05-21 17:20:52 - WARNING  - Epoch: 849, Sum of Accs: 9.367, Sum of s_i: 127.33948580239777
2024-05-21 17:20:58 - INFO     - {6: 12.861871973381707, 9: 12.60597670187292, 0: 12.837118625414352, 2: 12.927051137203035, 4: 12.618940734079558, 3: 12.751575974267046, 5: 12.85669645128254, 1: 12.886400442647677, 8: 12.523093428360253, 7: 12.51782149863487}
2024-05-21 17:20:58 - INFO     - 0.9481481481481482, 0.937037037037037, 0.9296296296296296, 0.9296296296296296, 0.9037037037037037, 0.9407407407407408, 0.9296296296296296, 0.937037037037037, 0.9555555555555556, 0.9555555555555556
2024-05-21 17:20:58 - WARNING  - Epoch: 850, Sum of Accs: 9.367, Sum of s_i: 127.38654696714397
2024-05-21 17:21:04 - INFO     - {6: 12.866828278494857, 9: 12.61012707862787, 0: 12.841984017187638, 2: 12.931885210133817, 4: 12.623852816125163, 3: 12.756423535636475, 5: 12.861539596892786, 1: 12.891689944938687, 8: 12.527450288959274, 7: 12.522597640350932}
2024-05-21 17:21:04 - INFO     - 0.9518518518518518, 0.937037037037037, 0.9296296296296296, 0.9296296296296296, 0.9037037037037037, 0.9407407407407408, 0.9296296296296296, 0.937037037037037, 0.9555555555555556, 0.9555555555555556
2024-05-21 17:21:04 - WARNING  - Epoch: 851, Sum of Accs: 9.370, Sum of s_i: 127.4343784073475
2024-05-21 17:21:10 - INFO     - {6: 12.871980505892823, 9: 12.614725099417605, 0: 12.846792933376626, 2: 12.936809524526797, 4: 12.628628167406116, 3: 12.761281977600866, 5: 12.866404261974662, 1: 12.896509561522292, 8: 12.531311719712127, 7: 12.526738091360748}
2024-05-21 17:21:10 - INFO     - 0.9518518518518518, 0.937037037037037, 0.9296296296296296, 0.9296296296296296, 0.9037037037037037, 0.9407407407407408, 0.9296296296296296, 0.937037037037037, 0.9555555555555556, 0.9555555555555556
2024-05-21 17:21:10 - WARNING  - Epoch: 852, Sum of Accs: 9.370, Sum of s_i: 127.48118184279068
2024-05-21 17:21:16 - INFO     - {6: 12.87686746181746, 9: 12.619384176078555, 0: 12.851906378714999, 2: 12.941583360631089, 4: 12.633354550728905, 3: 12.766303813356828, 5: 12.871518054248675, 1: 12.901770344959647, 8: 12.53603108075477, 7: 12.530761158878985}
2024-05-21 17:21:16 - INFO     - 0.9518518518518518, 0.937037037037037, 0.9296296296296296, 0.9296296296296296, 0.9037037037037037, 0.9407407407407408, 0.9296296296296296, 0.937037037037037, 0.9555555555555556, 0.9555555555555556
2024-05-21 17:21:16 - WARNING  - Epoch: 853, Sum of Accs: 9.370, Sum of s_i: 127.5294803801699
2024-05-21 17:21:22 - INFO     - {6: 12.881779093316746, 9: 12.624265356580452, 0: 12.856714598532326, 2: 12.946896490560558, 4: 12.637823118167859, 3: 12.771051249318077, 5: 12.876574264160553, 1: 12.906575398174706, 8: 12.540156413797586, 7: 12.535459196572155}
2024-05-21 17:21:22 - INFO     - 0.9518518518518518, 0.937037037037037, 0.9296296296296296, 0.9296296296296296, 0.9037037037037037, 0.9407407407407408, 0.9296296296296296, 0.937037037037037, 0.9555555555555556, 0.9555555555555556
2024-05-21 17:21:22 - WARNING  - Epoch: 854, Sum of Accs: 9.370, Sum of s_i: 127.57729517918102
2024-05-21 17:21:29 - INFO     - {6: 12.886350620896147, 9: 12.628441844140408, 0: 12.86139866160856, 2: 12.952059070864435, 4: 12.642589817217157, 3: 12.775789300524952, 5: 12.881363216108726, 1: 12.91126417744946, 8: 12.544591823586641, 7: 12.540238291490812}
2024-05-21 17:21:29 - INFO     - 0.9518518518518518, 0.937037037037037, 0.9296296296296296, 0.9296296296296296, 0.9037037037037037, 0.9407407407407408, 0.9296296296296296, 0.937037037037037, 0.9555555555555556, 0.9555555555555556
2024-05-21 17:21:29 - WARNING  - Epoch: 855, Sum of Accs: 9.370, Sum of s_i: 127.62408682388731
2024-05-21 17:21:35 - INFO     - {6: 12.891232509924665, 9: 12.632948781566421, 0: 12.866097725596322, 2: 12.957236210762103, 4: 12.647295964631363, 3: 12.780660936877895, 5: 12.886443720362863, 1: 12.916299685836462, 8: 12.548885397344192, 7: 12.544315746301422}
2024-05-21 17:21:35 - INFO     - 0.9518518518518518, 0.937037037037037, 0.9296296296296296, 0.9296296296296296, 0.9037037037037037, 0.9407407407407408, 0.9296296296296296, 0.937037037037037, 0.9555555555555556, 0.9555555555555556
2024-05-21 17:21:35 - WARNING  - Epoch: 856, Sum of Accs: 9.370, Sum of s_i: 127.67141667920372
2024-05-21 17:21:41 - INFO     - {6: 12.89615424626285, 9: 12.637406196796535, 0: 12.871295373520574, 2: 12.961791044249901, 4: 12.652202511100912, 3: 12.785692975881844, 5: 12.891587022434463, 1: 12.921074338815302, 8: 12.553491584608953, 7: 12.548961018023206}
2024-05-21 17:21:41 - INFO     - 0.9518518518518518, 0.937037037037037, 0.9296296296296296, 0.9296296296296296, 0.9037037037037037, 0.9407407407407408, 0.9296296296296296, 0.937037037037037, 0.9555555555555556, 0.9555555555555556
2024-05-21 17:21:41 - WARNING  - Epoch: 857, Sum of Accs: 9.370, Sum of s_i: 127.71965631169454
2024-05-21 17:21:47 - INFO     - {6: 12.90096193748564, 9: 12.64240200785948, 0: 12.875995262241101, 2: 12.966653982925985, 4: 12.656313600104163, 3: 12.790294949046194, 5: 12.896711503975062, 1: 12.925936405153651, 8: 12.557650529886018, 7: 12.553124820802344}
2024-05-21 17:21:47 - INFO     - 0.9518518518518518, 0.937037037037037, 0.9296296296296296, 0.9296296296296296, 0.9037037037037037, 0.9407407407407408, 0.9296296296296296, 0.937037037037037, 0.9555555555555556, 0.9555555555555556
2024-05-21 17:21:47 - WARNING  - Epoch: 858, Sum of Accs: 9.370, Sum of s_i: 127.76604499947963
2024-05-21 17:21:53 - INFO     - {6: 12.90589378729115, 9: 12.646624676214438, 0: 12.880347393662097, 2: 12.971706817908684, 4: 12.66103220310894, 3: 12.795157669218133, 5: 12.901353176629405, 1: 12.930528041586783, 8: 12.561838957077248, 7: 12.557429893236943}
2024-05-21 17:21:53 - INFO     - 0.9518518518518518, 0.937037037037037, 0.9296296296296296, 0.9296296296296296, 0.9037037037037037, 0.9407407407407408, 0.9333333333333333, 0.937037037037037, 0.9555555555555556, 0.9555555555555556
2024-05-21 17:21:53 - WARNING  - Epoch: 859, Sum of Accs: 9.374, Sum of s_i: 127.8119126159338
2024-05-21 17:21:59 - INFO     - {6: 12.910737574008781, 9: 12.651338790882637, 0: 12.885244134772826, 2: 12.977059862110368, 4: 12.665619016209755, 3: 12.799882301161611, 5: 12.906282656720775, 1: 12.93592502625868, 8: 12.566864381398908, 7: 12.561870262133231}
2024-05-21 17:21:59 - INFO     - 0.9518518518518518, 0.937037037037037, 0.9296296296296296, 0.9296296296296296, 0.9074074074074074, 0.9407407407407408, 0.9333333333333333, 0.937037037037037, 0.9555555555555556, 0.9555555555555556
2024-05-21 17:21:59 - WARNING  - Epoch: 860, Sum of Accs: 9.378, Sum of s_i: 127.86082400565758
2024-05-21 17:22:05 - INFO     - {6: 12.91551280658257, 9: 12.656217500203491, 0: 12.89011473980957, 2: 12.981740142247736, 4: 12.670162197232646, 3: 12.804865212024959, 5: 12.91125974031798, 1: 12.94084691213317, 8: 12.5711331042674, 7: 12.566003433479416}
2024-05-21 17:22:05 - INFO     - 0.9518518518518518, 0.937037037037037, 0.9296296296296296, 0.9296296296296296, 0.9074074074074074, 0.9407407407407408, 0.9333333333333333, 0.937037037037037, 0.9555555555555556, 0.9555555555555556
2024-05-21 17:22:05 - WARNING  - Epoch: 861, Sum of Accs: 9.378, Sum of s_i: 127.90785578829895
2024-05-21 17:22:11 - INFO     - {6: 12.92045041453229, 9: 12.660368999516646, 0: 12.895264754975445, 2: 12.986707044244731, 4: 12.67440959913097, 3: 12.809705209080857, 5: 12.915830130887986, 1: 12.945747489961901, 8: 12.575293996440774, 7: 12.570310357340643}
2024-05-21 17:22:11 - INFO     - 0.9518518518518518, 0.937037037037037, 0.9296296296296296, 0.9296296296296296, 0.9037037037037037, 0.9407407407407408, 0.9333333333333333, 0.937037037037037, 0.9555555555555556, 0.9555555555555556
2024-05-21 17:22:11 - WARNING  - Epoch: 862, Sum of Accs: 9.374, Sum of s_i: 127.95408799611225
2024-05-21 17:22:17 - INFO     - {6: 12.92526188117935, 9: 12.664932495371362, 0: 12.899533172506594, 2: 12.99149361889102, 4: 12.678654377146485, 3: 12.814312242893703, 5: 12.920301714672162, 1: 12.950391127786942, 8: 12.580116686806628, 7: 12.575089747010324}
2024-05-21 17:22:17 - INFO     - 0.9518518518518518, 0.937037037037037, 0.9296296296296296, 0.9296296296296296, 0.9074074074074074, 0.9407407407407408, 0.9333333333333333, 0.937037037037037, 0.9555555555555556, 0.9555555555555556
2024-05-21 17:22:17 - WARNING  - Epoch: 863, Sum of Accs: 9.378, Sum of s_i: 128.00008706426456
2024-05-21 17:22:23 - INFO     - {6: 12.9299984146437, 9: 12.669673776134577, 0: 12.904346297403054, 2: 12.99629277296597, 4: 12.683638362051317, 3: 12.818722941066735, 5: 12.924800124499678, 1: 12.954634888655187, 8: 12.584905427720248, 7: 12.579405058672833}
2024-05-21 17:22:23 - INFO     - 0.9518518518518518, 0.937037037037037, 0.9296296296296296, 0.9296296296296296, 0.9074074074074074, 0.9407407407407408, 0.9333333333333333, 0.937037037037037, 0.9555555555555556, 0.9555555555555556
2024-05-21 17:22:23 - WARNING  - Epoch: 864, Sum of Accs: 9.378, Sum of s_i: 128.0464180638133
2024-05-21 17:22:29 - INFO     - {6: 12.934729579759386, 9: 12.674360478437444, 0: 12.908868591181744, 2: 13.001169769898633, 4: 12.688315706369714, 3: 12.823253908000794, 5: 12.930007226652865, 1: 12.959402854254646, 8: 12.589603200564966, 7: 12.584551743933174}
2024-05-21 17:22:29 - INFO     - 0.9518518518518518, 0.937037037037037, 0.9296296296296296, 0.9296296296296296, 0.9074074074074074, 0.9407407407407408, 0.9333333333333333, 0.937037037037037, 0.9555555555555556, 0.9555555555555556
2024-05-21 17:22:29 - WARNING  - Epoch: 865, Sum of Accs: 9.378, Sum of s_i: 128.09426305905336
2024-05-21 17:22:35 - INFO     - {6: 12.939436963979828, 9: 12.679097265246753, 0: 12.913839238569336, 2: 13.00577973060107, 4: 12.692788251783128, 3: 12.828128508628307, 5: 12.934700526231921, 1: 12.964252296698094, 8: 12.59391611513056, 7: 12.589109892575378}
2024-05-21 17:22:35 - INFO     - 0.9518518518518518, 0.937037037037037, 0.9296296296296296, 0.9296296296296296, 0.9074074074074074, 0.9407407407407408, 0.9333333333333333, 0.937037037037037, 0.9555555555555556, 0.9555555555555556
2024-05-21 17:22:35 - WARNING  - Epoch: 866, Sum of Accs: 9.378, Sum of s_i: 128.14104878944437
2024-05-21 17:22:42 - INFO     - {6: 12.94430091677447, 9: 12.68350955257118, 0: 12.918330968715278, 2: 13.010515573239447, 4: 12.696861669387712, 3: 12.833510882295212, 5: 12.93922825255831, 1: 12.969039072027456, 8: 12.598394922344378, 7: 12.593779863025285}
2024-05-21 17:22:42 - INFO     - 0.9444444444444444, 0.9481481481481482, 0.937037037037037, 0.9259259259259259, 0.9074074074074074, 0.9481481481481482, 0.9407407407407408, 0.9333333333333333, 0.9592592592592593, 0.9555555555555556
2024-05-21 17:22:42 - WARNING  - Epoch: 867, Sum of Accs: 9.400, Sum of s_i: 128.18747167293873
2024-05-21 17:22:48 - INFO     - {6: 12.949017062627965, 9: 12.68830967943495, 0: 12.922649949972834, 2: 13.015575878482572, 4: 12.701525599916163, 3: 12.838728558459392, 5: 12.944591568424073, 1: 12.973370084138589, 8: 12.602737440799793, 7: 12.598012234766816}
2024-05-21 17:22:48 - INFO     - 0.9444444444444444, 0.9444444444444444, 0.937037037037037, 0.9259259259259259, 0.9074074074074074, 0.9481481481481482, 0.9407407407407408, 0.9333333333333333, 0.9555555555555556, 0.9555555555555556
2024-05-21 17:22:48 - WARNING  - Epoch: 868, Sum of Accs: 9.393, Sum of s_i: 128.23451805702317
2024-05-21 17:22:54 - INFO     - {6: 12.95396561215233, 9: 12.693087116347774, 0: 12.927547189394673, 2: 13.019706752203133, 4: 12.705834199924917, 3: 12.842960430852061, 5: 12.949398421798207, 1: 12.977971409478556, 8: 12.606893543091319, 7: 12.602400286261918}
2024-05-21 17:22:54 - INFO     - 0.9444444444444444, 0.9444444444444444, 0.937037037037037, 0.9259259259259259, 0.9074074074074074, 0.9481481481481482, 0.937037037037037, 0.9333333333333333, 0.9555555555555556, 0.9555555555555556
2024-05-21 17:22:54 - WARNING  - Epoch: 869, Sum of Accs: 9.389, Sum of s_i: 128.2797649615049
2024-05-21 17:23:00 - INFO     - {6: 12.95886003164616, 9: 12.69723076810117, 0: 12.932393348294877, 2: 13.02458226680479, 4: 12.710798208486237, 3: 12.847675656244549, 5: 12.953804703103621, 1: 12.982904238596118, 8: 12.611070666071214, 7: 12.607205730833337}
2024-05-21 17:23:00 - INFO     - 0.9444444444444444, 0.9444444444444444, 0.937037037037037, 0.9296296296296296, 0.9074074074074074, 0.9481481481481482, 0.9333333333333333, 0.9333333333333333, 0.9555555555555556, 0.9555555555555556
2024-05-21 17:23:00 - WARNING  - Epoch: 870, Sum of Accs: 9.389, Sum of s_i: 128.32652561818207
2024-05-21 17:23:06 - INFO     - {6: 12.963926321799306, 9: 12.702003747175988, 0: 12.9376247478688, 2: 13.02931008946541, 4: 12.715329907040742, 3: 12.851956409191661, 5: 12.95876078291557, 1: 12.987739418641382, 8: 12.61559706337877, 7: 12.611524990324556}
2024-05-21 17:23:06 - INFO     - 0.9481481481481482, 0.9407407407407408, 0.937037037037037, 0.9296296296296296, 0.9074074074074074, 0.9481481481481482, 0.9333333333333333, 0.9333333333333333, 0.9555555555555556, 0.9555555555555556
2024-05-21 17:23:06 - WARNING  - Epoch: 871, Sum of Accs: 9.389, Sum of s_i: 128.3737734778022
2024-05-21 17:23:12 - INFO     - {6: 12.968548533237723, 9: 12.706658998112854, 0: 12.942197986915753, 2: 13.033991263348224, 4: 12.720002669837443, 3: 12.856611365871835, 5: 12.96368592176202, 1: 12.992445978196338, 8: 12.619777578564571, 7: 12.615627058219442}
2024-05-21 17:23:12 - INFO     - 0.9481481481481482, 0.9407407407407408, 0.937037037037037, 0.9296296296296296, 0.9074074074074074, 0.9481481481481482, 0.9333333333333333, 0.9333333333333333, 0.9555555555555556, 0.9555555555555556
2024-05-21 17:23:12 - WARNING  - Epoch: 872, Sum of Accs: 9.389, Sum of s_i: 128.4195473540662
2024-05-21 17:23:18 - INFO     - {6: 12.973129085528157, 9: 12.71138005746741, 0: 12.946737171212984, 2: 13.039371426538318, 4: 12.72467336890882, 3: 12.861302730300672, 5: 12.968532248933457, 1: 12.99737599883409, 8: 12.624314062573264, 7: 12.619922311938437}
2024-05-21 17:23:18 - INFO     - 0.9481481481481482, 0.9407407407407408, 0.937037037037037, 0.9296296296296296, 0.9074074074074074, 0.9481481481481482, 0.9333333333333333, 0.9333333333333333, 0.9555555555555556, 0.9555555555555556
2024-05-21 17:23:18 - WARNING  - Epoch: 873, Sum of Accs: 9.389, Sum of s_i: 128.4667384622356
2024-05-21 17:23:24 - INFO     - {6: 12.978062962802943, 9: 12.715885767869155, 0: 12.95129735996929, 2: 13.044428387962327, 4: 12.728749835179551, 3: 12.865646423901484, 5: 12.973361415729698, 1: 13.001924197494603, 8: 12.6283183196304, 7: 12.624693159953669}
2024-05-21 17:23:24 - INFO     - 0.9518518518518518, 0.9407407407407408, 0.937037037037037, 0.9296296296296296, 0.9074074074074074, 0.9481481481481482, 0.9333333333333333, 0.9333333333333333, 0.9555555555555556, 0.9555555555555556
2024-05-21 17:23:24 - WARNING  - Epoch: 874, Sum of Accs: 9.393, Sum of s_i: 128.5123678304931
2024-05-21 17:23:30 - INFO     - {6: 12.982760964505866, 9: 12.720213170919767, 0: 12.955770484560404, 2: 13.049178088429885, 4: 12.733794155211074, 3: 12.8705669416977, 5: 12.977849989626199, 1: 13.00628553760285, 8: 12.632666639057405, 7: 12.629258355021577}
2024-05-21 17:23:30 - INFO     - 0.9518518518518518, 0.9407407407407408, 0.937037037037037, 0.9296296296296296, 0.9074074074074074, 0.9481481481481482, 0.9333333333333333, 0.9333333333333333, 0.9555555555555556, 0.9555555555555556
2024-05-21 17:23:30 - WARNING  - Epoch: 875, Sum of Accs: 9.393, Sum of s_i: 128.55834432663272
2024-05-21 17:23:36 - INFO     - {6: 12.988025776237986, 9: 12.724650784504064, 0: 12.96068917390079, 2: 13.053701097796026, 4: 12.738299560186642, 3: 12.87499230654494, 5: 12.982262057657707, 1: 13.011354048761099, 8: 12.636897893400308, 7: 12.633330078529779}
2024-05-21 17:23:36 - INFO     - 0.9444444444444444, 0.9407407407407408, 0.9333333333333333, 0.9296296296296296, 0.9, 0.9444444444444444, 0.937037037037037, 0.937037037037037, 0.9481481481481482, 0.9555555555555556
2024-05-21 17:23:36 - WARNING  - Epoch: 876, Sum of Accs: 9.370, Sum of s_i: 128.60420277751933
2024-05-21 17:23:42 - INFO     - {6: 12.993208303869165, 9: 12.728945754944116, 0: 12.9649695341567, 2: 13.0587774989955, 4: 12.742831248855982, 3: 12.879655616473265, 5: 12.987071193002457, 1: 13.015494451168154, 8: 12.641616845834609, 7: 12.637817712605637}
2024-05-21 17:23:42 - INFO     - 0.9407407407407408, 0.9407407407407408, 0.9333333333333333, 0.9296296296296296, 0.9, 0.9444444444444444, 0.937037037037037, 0.937037037037037, 0.9481481481481482, 0.9555555555555556
2024-05-21 17:23:42 - WARNING  - Epoch: 877, Sum of Accs: 9.367, Sum of s_i: 128.65038815990556
2024-05-21 17:23:49 - INFO     - {6: 12.997663987229041, 9: 12.733384574990684, 0: 12.969621940567263, 2: 13.063223750076986, 4: 12.747309497654374, 3: 12.883801506811954, 5: 12.991853290011733, 1: 13.020211573068316, 8: 12.645454233359521, 7: 12.642017865586073}
2024-05-21 17:23:49 - INFO     - 0.9407407407407408, 0.937037037037037, 0.9259259259259259, 0.9296296296296296, 0.9, 0.9444444444444444, 0.9333333333333333, 0.937037037037037, 0.9481481481481482, 0.9481481481481482
2024-05-21 17:23:49 - WARNING  - Epoch: 878, Sum of Accs: 9.344, Sum of s_i: 128.69454221935592
2024-05-21 17:23:55 - INFO     - {6: 13.002365973952346, 9: 12.737520886781796, 0: 12.974524979195776, 2: 13.068110000780605, 4: 12.751736463619222, 3: 12.888262408550728, 5: 12.996537135243639, 1: 13.024985194060585, 8: 12.649841649052222, 7: 12.646465439737936}
2024-05-21 17:23:55 - INFO     - 0.9407407407407408, 0.937037037037037, 0.9259259259259259, 0.9296296296296296, 0.9, 0.9444444444444444, 0.9333333333333333, 0.937037037037037, 0.9481481481481482, 0.9481481481481482
2024-05-21 17:23:55 - WARNING  - Epoch: 879, Sum of Accs: 9.344, Sum of s_i: 128.74035013097486
2024-05-21 17:24:01 - INFO     - {6: 13.007522767293155, 9: 12.742073025323002, 0: 12.97923965339927, 2: 13.072850603907554, 4: 12.755503239919822, 3: 12.892910012031624, 5: 13.001291453124132, 1: 13.029702387682972, 8: 12.654200200617549, 7: 12.650645943480484}
2024-05-21 17:24:01 - INFO     - 0.9407407407407408, 0.9407407407407408, 0.9259259259259259, 0.9296296296296296, 0.9, 0.9444444444444444, 0.9333333333333333, 0.9407407407407408, 0.9481481481481482, 0.9481481481481482
2024-05-21 17:24:01 - WARNING  - Epoch: 880, Sum of Accs: 9.352, Sum of s_i: 128.78593928677958
2024-05-21 17:24:07 - INFO     - {6: 13.012161838176276, 9: 12.746635393975868, 0: 12.984148078285566, 2: 13.07792771576636, 4: 12.759952066316716, 3: 12.897616654005716, 5: 13.006017401521689, 1: 13.034581163578155, 8: 12.658562756239467, 7: 12.655517537901993}
2024-05-21 17:24:07 - INFO     - 0.9444444444444444, 0.937037037037037, 0.9296296296296296, 0.9259259259259259, 0.9037037037037037, 0.9444444444444444, 0.9333333333333333, 0.937037037037037, 0.9555555555555556, 0.9481481481481482
2024-05-21 17:24:07 - WARNING  - Epoch: 881, Sum of Accs: 9.359, Sum of s_i: 128.8331206057678
2024-05-21 17:24:13 - INFO     - {6: 13.016825589551116, 9: 12.751211011641594, 0: 12.98892080698359, 2: 13.082860335299818, 4: 12.764182089842047, 3: 12.90170080816408, 5: 13.010961697287486, 1: 13.039375742352298, 8: 12.66260688735131, 7: 12.659964122410896}
2024-05-21 17:24:13 - INFO     - 0.9444444444444444, 0.937037037037037, 0.9333333333333333, 0.9296296296296296, 0.9074074074074074, 0.9444444444444444, 0.9333333333333333, 0.937037037037037, 0.9555555555555556, 0.9518518518518518
2024-05-21 17:24:13 - WARNING  - Epoch: 882, Sum of Accs: 9.374, Sum of s_i: 128.87860909088423
2024-05-21 17:24:19 - INFO     - {6: 13.021691982785573, 9: 12.755454385774536, 0: 12.993474214151638, 2: 13.08732785111047, 4: 12.768602174185444, 3: 12.906183134569902, 5: 13.015809816453595, 1: 13.043990907374146, 8: 12.666537022408148, 7: 12.664091570400053}
2024-05-21 17:24:19 - INFO     - 0.9481481481481482, 0.937037037037037, 0.9333333333333333, 0.9296296296296296, 0.9074074074074074, 0.9444444444444444, 0.9333333333333333, 0.937037037037037, 0.9592592592592593, 0.9518518518518518
2024-05-21 17:24:19 - WARNING  - Epoch: 883, Sum of Accs: 9.381, Sum of s_i: 128.92316305921352
2024-05-21 17:24:25 - INFO     - {6: 13.025978720741263, 9: 12.759971540776117, 0: 12.998066386086265, 2: 13.09233041879389, 4: 12.772956334570685, 3: 12.910960471992285, 5: 13.019918059902574, 1: 13.049032002782868, 8: 12.670852616389581, 7: 12.66847114994543}
2024-05-21 17:24:25 - INFO     - 0.9518518518518518, 0.9407407407407408, 0.937037037037037, 0.9259259259259259, 0.9111111111111111, 0.9481481481481482, 0.9333333333333333, 0.937037037037037, 0.9592592592592593, 0.9481481481481482
2024-05-21 17:24:25 - WARNING  - Epoch: 884, Sum of Accs: 9.393, Sum of s_i: 128.96853770198095
2024-05-21 17:24:31 - INFO     - {6: 13.030906854267457, 9: 12.764157722748026, 0: 13.00263832261293, 2: 13.097229104772303, 4: 12.777662289456853, 3: 12.915349592494499, 5: 13.02503340925496, 1: 13.053599627326857, 8: 12.67481373349242, 7: 12.672616075290687}
2024-05-21 17:24:31 - INFO     - 0.9481481481481482, 0.9407407407407408, 0.937037037037037, 0.9259259259259259, 0.9074074074074074, 0.9481481481481482, 0.937037037037037, 0.937037037037037, 0.9592592592592593, 0.9481481481481482
2024-05-21 17:24:31 - WARNING  - Epoch: 885, Sum of Accs: 9.389, Sum of s_i: 129.014006731717
2024-05-21 17:24:38 - INFO     - {6: 13.035271054376135, 9: 12.768432388196127, 0: 13.007373236867473, 2: 13.102106769888632, 4: 12.782566107375049, 3: 12.920178088292046, 5: 13.030138158205219, 1: 13.057640947190388, 8: 12.678600524155865, 7: 12.676749979227917}
2024-05-21 17:24:38 - INFO     - 0.9518518518518518, 0.9407407407407408, 0.9407407407407408, 0.9259259259259259, 0.9037037037037037, 0.9481481481481482, 0.937037037037037, 0.937037037037037, 0.9592592592592593, 0.9444444444444444
2024-05-21 17:24:38 - WARNING  - Epoch: 886, Sum of Accs: 9.389, Sum of s_i: 129.05905725377485
2024-05-21 17:24:44 - INFO     - {6: 13.039945640503984, 9: 12.773163218243434, 0: 13.01183761793495, 2: 13.107097402655437, 4: 12.7870640426339, 3: 12.92472656616562, 5: 13.034881609873329, 1: 13.06240567340176, 8: 12.682668455832932, 7: 12.681203839799823}
2024-05-21 17:24:44 - INFO     - 0.9444444444444444, 0.9444444444444444, 0.9407407407407408, 0.9259259259259259, 0.9148148148148149, 0.9481481481481482, 0.937037037037037, 0.937037037037037, 0.9629629629629629, 0.9444444444444444
2024-05-21 17:24:44 - WARNING  - Epoch: 887, Sum of Accs: 9.400, Sum of s_i: 129.10499406704517
2024-05-21 17:24:50 - INFO     - {6: 13.04501961054977, 9: 12.77785041458068, 0: 13.016292022294511, 2: 13.11209920870064, 4: 12.791412938662418, 3: 12.929124403480824, 5: 13.039489259567915, 1: 13.066830548176243, 8: 12.686820463575573, 7: 12.685616770544538}
2024-05-21 17:24:50 - INFO     - 0.9481481481481482, 0.9333333333333333, 0.937037037037037, 0.9259259259259259, 0.9185185185185185, 0.9444444444444444, 0.937037037037037, 0.9407407407407408, 0.9629629629629629, 0.9444444444444444
2024-05-21 17:24:50 - WARNING  - Epoch: 888, Sum of Accs: 9.393, Sum of s_i: 129.15055564013312
2024-05-21 17:24:56 - INFO     - {6: 13.049357599804592, 9: 12.78220529222494, 0: 13.020875672087811, 2: 13.116554035881933, 4: 12.795801266835465, 3: 12.93395783275667, 5: 13.044336266576568, 1: 13.0717280424429, 8: 12.691304461282677, 7: 12.689809595759701}
2024-05-21 17:24:56 - INFO     - 0.9518518518518518, 0.9333333333333333, 0.9333333333333333, 0.9259259259259259, 0.9185185185185185, 0.9444444444444444, 0.937037037037037, 0.9407407407407408, 0.9629629629629629, 0.9444444444444444
2024-05-21 17:24:56 - WARNING  - Epoch: 889, Sum of Accs: 9.393, Sum of s_i: 129.19593006565324
2024-05-21 17:25:02 - INFO     - {6: 13.053759630759076, 9: 12.786732825642746, 0: 13.025583532189234, 2: 13.12158706168567, 4: 12.800544712587001, 3: 12.938218020959981, 5: 13.049143842683133, 1: 13.076636344134503, 8: 12.695584210725375, 7: 12.693973941750922}
2024-05-21 17:25:02 - INFO     - 0.9481481481481482, 0.9333333333333333, 0.9333333333333333, 0.9259259259259259, 0.9148148148148149, 0.9444444444444444, 0.937037037037037, 0.9407407407407408, 0.9629629629629629, 0.9481481481481482
2024-05-21 17:25:02 - WARNING  - Epoch: 890, Sum of Accs: 9.389, Sum of s_i: 129.24176412311763
2024-05-21 17:25:08 - INFO     - {6: 13.058243128104246, 9: 12.79131404908867, 0: 13.030570911709372, 2: 13.12679110227582, 4: 12.805017374129223, 3: 12.942619075193315, 5: 13.053853631965978, 1: 13.081119395712681, 8: 12.69969734315767, 7: 12.698079042668105}
2024-05-21 17:25:08 - INFO     - 0.9481481481481482, 0.9333333333333333, 0.9333333333333333, 0.9296296296296296, 0.9148148148148149, 0.9444444444444444, 0.9407407407407408, 0.9407407407407408, 0.9629629629629629, 0.9481481481481482
2024-05-21 17:25:08 - WARNING  - Epoch: 891, Sum of Accs: 9.396, Sum of s_i: 129.2873050540051
2024-05-21 17:25:14 - INFO     - {6: 13.062836044286316, 9: 12.795303654188277, 0: 13.035183224112844, 2: 13.131396553954472, 4: 12.809470705805598, 3: 12.947059090302062, 5: 13.058258035457273, 1: 13.08580067123164, 8: 12.703915581638581, 7: 12.702437907110973}
2024-05-21 17:25:14 - INFO     - 0.9481481481481482, 0.9333333333333333, 0.9296296296296296, 0.9296296296296296, 0.9111111111111111, 0.9444444444444444, 0.9407407407407408, 0.9407407407407408, 0.9629629629629629, 0.9481481481481482
2024-05-21 17:25:15 - WARNING  - Epoch: 892, Sum of Accs: 9.389, Sum of s_i: 129.33166146808804
2024-05-21 17:25:21 - INFO     - {6: 13.0678101414114, 9: 12.80009571447168, 0: 13.039883598710842, 2: 13.136792098476235, 4: 12.814288908294749, 3: 12.951752769408325, 5: 13.062775166488262, 1: 13.090206118483728, 8: 12.707903236108667, 7: 12.707020877342462}
2024-05-21 17:25:21 - INFO     - 0.9481481481481482, 0.937037037037037, 0.9296296296296296, 0.9296296296296296, 0.9111111111111111, 0.9444444444444444, 0.9407407407407408, 0.9407407407407408, 0.9629629629629629, 0.9481481481481482
2024-05-21 17:25:21 - WARNING  - Epoch: 893, Sum of Accs: 9.393, Sum of s_i: 129.37852862919635
2024-05-21 17:25:27 - INFO     - {6: 13.072915734291344, 9: 12.805259265375556, 0: 13.044675139124207, 2: 13.141639553464435, 4: 12.818737659618858, 3: 12.95629190314699, 5: 13.067109970489378, 1: 13.094843383264857, 8: 12.71231831975778, 7: 12.711213983199892}
2024-05-21 17:25:27 - INFO     - 0.9481481481481482, 0.937037037037037, 0.9296296296296296, 0.9296296296296296, 0.9111111111111111, 0.9444444444444444, 0.9407407407407408, 0.9407407407407408, 0.9629629629629629, 0.9481481481481482
2024-05-21 17:25:27 - WARNING  - Epoch: 894, Sum of Accs: 9.393, Sum of s_i: 129.4250049117333
2024-05-21 17:25:33 - INFO     - {6: 13.077896232752591, 9: 12.810028004415038, 0: 13.049356447603785, 2: 13.146288250274269, 4: 12.823125044536917, 3: 12.960816875504415, 5: 13.071750596482461, 1: 13.09967193064126, 8: 12.716431543326438, 7: 12.715553216724343}
2024-05-21 17:25:33 - INFO     - 0.9481481481481482, 0.937037037037037, 0.9296296296296296, 0.9296296296296296, 0.9111111111111111, 0.9444444444444444, 0.9407407407407408, 0.9407407407407408, 0.9629629629629629, 0.9481481481481482
2024-05-21 17:25:33 - WARNING  - Epoch: 895, Sum of Accs: 9.393, Sum of s_i: 129.47091814226152
2024-05-21 17:25:39 - INFO     - {6: 13.082270817459898, 9: 12.814523670734165, 0: 13.053721830047383, 2: 13.15083383815705, 4: 12.827119528445463, 3: 12.965290420417245, 5: 13.076479176748991, 1: 13.104097953815817, 8: 12.720714053904812, 7: 12.71969179272453}
2024-05-21 17:25:39 - INFO     - 0.9481481481481482, 0.9333333333333333, 0.9296296296296296, 0.9296296296296296, 0.9111111111111111, 0.9444444444444444, 0.9407407407407408, 0.9407407407407408, 0.9629629629629629, 0.9481481481481482
2024-05-21 17:25:39 - WARNING  - Epoch: 896, Sum of Accs: 9.389, Sum of s_i: 129.51474308245534
2024-05-21 17:25:45 - INFO     - {6: 13.086876017550804, 9: 12.819148700793928, 0: 13.058544850318649, 2: 13.155395657117849, 4: 12.831635281166035, 3: 12.969817112149538, 5: 13.080998442953348, 1: 13.108909397203375, 8: 12.725163844934713, 7: 12.723771489699903}
2024-05-21 17:25:45 - INFO     - 0.9481481481481482, 0.9333333333333333, 0.9296296296296296, 0.9296296296296296, 0.9111111111111111, 0.9444444444444444, 0.9407407407407408, 0.9407407407407408, 0.9666666666666667, 0.9481481481481482
2024-05-21 17:25:45 - WARNING  - Epoch: 897, Sum of Accs: 9.393, Sum of s_i: 129.56026079388815
2024-05-21 17:25:51 - INFO     - {6: 13.091646119582817, 9: 12.82354891412235, 0: 13.062887870382845, 2: 13.160114533463988, 4: 12.835943387285859, 3: 12.97406504429991, 5: 13.085799464411236, 1: 13.113653017268625, 8: 12.729361284675505, 7: 12.728421859547105}
2024-05-21 17:25:51 - INFO     - 0.9481481481481482, 0.9333333333333333, 0.9296296296296296, 0.9296296296296296, 0.9111111111111111, 0.9444444444444444, 0.9407407407407408, 0.9407407407407408, 0.9666666666666667, 0.9481481481481482
2024-05-21 17:25:51 - WARNING  - Epoch: 898, Sum of Accs: 9.393, Sum of s_i: 129.60544149504025
2024-05-21 17:25:57 - INFO     - {6: 13.096410000999724, 9: 12.827974653879043, 0: 13.067344520368163, 2: 13.165053839155581, 4: 12.839874800531172, 3: 12.978194884747483, 5: 13.089999506695248, 1: 13.118503944577856, 8: 12.733989571618087, 7: 12.732784635728732}
2024-05-21 17:25:57 - INFO     - 0.9481481481481482, 0.9333333333333333, 0.9296296296296296, 0.9296296296296296, 0.9111111111111111, 0.9444444444444444, 0.9407407407407408, 0.9407407407407408, 0.9666666666666667, 0.9481481481481482
2024-05-21 17:25:57 - WARNING  - Epoch: 899, Sum of Accs: 9.393, Sum of s_i: 129.65013035830108
2024-05-21 17:26:03 - INFO     - {6: 13.101236560456144, 9: 12.832573603800034, 0: 13.07159896041595, 2: 13.170260261504701, 4: 12.84420556793084, 3: 12.983013988614083, 5: 13.094905521745325, 1: 13.122538342879668, 8: 12.73819946994429, 7: 12.737081753115259}
2024-05-21 17:26:03 - INFO     - 0.9518518518518518, 0.9333333333333333, 0.9296296296296296, 0.9296296296296296, 0.9074074074074074, 0.9444444444444444, 0.9407407407407408, 0.9407407407407408, 0.9666666666666667, 0.9481481481481482
2024-05-21 17:26:03 - WARNING  - Epoch: 900, Sum of Accs: 9.393, Sum of s_i: 129.69561403040626
2024-05-21 17:26:10 - INFO     - {6: 13.105693747372166, 9: 12.836561231903124, 0: 13.075971438526103, 2: 13.17524099878933, 4: 12.848544748800293, 3: 12.987901410643248, 5: 13.09971354580088, 1: 13.127061753748094, 8: 12.742722199325897, 7: 12.741876710021373}
2024-05-21 17:26:10 - INFO     - 0.9518518518518518, 0.9333333333333333, 0.9296296296296296, 0.9296296296296296, 0.9074074074074074, 0.9444444444444444, 0.9407407407407408, 0.9407407407407408, 0.9666666666666667, 0.9481481481481482
2024-05-21 17:26:10 - WARNING  - Epoch: 901, Sum of Accs: 9.393, Sum of s_i: 129.7412877849305
2024-05-21 17:26:16 - INFO     - {6: 13.11088871764517, 9: 12.841205762173153, 0: 13.0807883778366, 2: 13.179813363436075, 4: 12.853099425241489, 3: 12.993086166823224, 5: 13.104699292856882, 1: 13.13184534874616, 8: 12.746631095574799, 7: 12.746671146334721}
2024-05-21 17:26:16 - INFO     - 0.9518518518518518, 0.9333333333333333, 0.9296296296296296, 0.9296296296296296, 0.9074074074074074, 0.9444444444444444, 0.9407407407407408, 0.9407407407407408, 0.9666666666666667, 0.9481481481481482
2024-05-21 17:26:16 - WARNING  - Epoch: 902, Sum of Accs: 9.393, Sum of s_i: 129.78872869666824
2024-05-21 17:26:22 - INFO     - {6: 13.116239052222502, 9: 12.845433898770649, 0: 13.085631026379872, 2: 13.184393563498222, 4: 12.857039896152665, 3: 12.997509363617667, 5: 13.109154035243142, 1: 13.136305029526806, 8: 12.750925348808329, 7: 12.75125732914408}
2024-05-21 17:26:22 - INFO     - 0.9518518518518518, 0.9333333333333333, 0.9296296296296296, 0.9296296296296296, 0.9074074074074074, 0.9444444444444444, 0.9407407407407408, 0.9407407407407408, 0.9666666666666667, 0.9481481481481482
2024-05-21 17:26:22 - WARNING  - Epoch: 903, Sum of Accs: 9.393, Sum of s_i: 129.8338885433639
2024-05-21 17:26:28 - INFO     - {6: 13.121112981995427, 9: 12.850182541949065, 0: 13.090182171124896, 2: 13.18906201754778, 4: 12.861483670005448, 3: 13.00189207156488, 5: 13.113637275133, 1: 13.140745322319205, 8: 12.75531592248626, 7: 12.755293750144515}
2024-05-21 17:26:28 - INFO     - 0.9518518518518518, 0.9333333333333333, 0.9296296296296296, 0.9296296296296296, 0.9074074074074074, 0.9444444444444444, 0.9407407407407408, 0.937037037037037, 0.9666666666666667, 0.9481481481481482
2024-05-21 17:26:28 - WARNING  - Epoch: 904, Sum of Accs: 9.389, Sum of s_i: 129.87890772427048
2024-05-21 17:26:34 - INFO     - {6: 13.125522761983433, 9: 12.854656613691578, 0: 13.094490875311926, 2: 13.193493990125607, 4: 12.866108061481016, 3: 13.006399298627798, 5: 13.118157350523187, 1: 13.145429855183153, 8: 12.759220907154527, 7: 12.759260234228789}
2024-05-21 17:26:34 - INFO     - 0.9518518518518518, 0.9333333333333333, 0.9296296296296296, 0.9296296296296296, 0.9074074074074074, 0.9444444444444444, 0.9407407407407408, 0.937037037037037, 0.9666666666666667, 0.9481481481481482
2024-05-21 17:26:34 - WARNING  - Epoch: 905, Sum of Accs: 9.389, Sum of s_i: 129.922739948311
2024-05-21 17:26:40 - INFO     - {6: 13.129944707060401, 9: 12.8590683088378, 0: 13.09893828499722, 2: 13.198134868402962, 4: 12.870269382731072, 3: 13.010801133300562, 5: 13.122613201927734, 1: 13.150420608686321, 8: 12.763022957291529, 7: 12.763107349723553}
2024-05-21 17:26:40 - INFO     - 0.9518518518518518, 0.9333333333333333, 0.9222222222222223, 0.9296296296296296, 0.9074074074074074, 0.9481481481481482, 0.937037037037037, 0.937037037037037, 0.9629629629629629, 0.9481481481481482
2024-05-21 17:26:40 - WARNING  - Epoch: 906, Sum of Accs: 9.378, Sum of s_i: 129.96632080295913
2024-05-21 17:26:46 - INFO     - {6: 13.135228655862905, 9: 12.863036349481453, 0: 13.103502002613698, 2: 13.202877268807656, 4: 12.874477385533071, 3: 13.015678549320386, 5: 13.127134961688602, 1: 13.154784812373759, 8: 12.766751924164176, 7: 12.767156192165245}
2024-05-21 17:26:46 - INFO     - 0.9518518518518518, 0.9333333333333333, 0.9296296296296296, 0.9296296296296296, 0.9037037037037037, 0.9444444444444444, 0.9407407407407408, 0.937037037037037, 0.9666666666666667, 0.9518518518518518
2024-05-21 17:26:46 - WARNING  - Epoch: 907, Sum of Accs: 9.389, Sum of s_i: 130.01062810201097
2024-05-21 17:26:52 - INFO     - {6: 13.13940623233851, 9: 12.867275747898015, 0: 13.10854915635862, 2: 13.207875267401572, 4: 12.87899438984904, 3: 13.02025501667093, 5: 13.131864946311847, 1: 13.159480917921599, 8: 12.771406783648922, 7: 12.771373580236867}
2024-05-21 17:26:52 - INFO     - 0.9518518518518518, 0.9333333333333333, 0.9222222222222223, 0.9296296296296296, 0.9037037037037037, 0.9481481481481482, 0.937037037037037, 0.937037037037037, 0.9666666666666667, 0.9518518518518518
2024-05-21 17:26:52 - WARNING  - Epoch: 908, Sum of Accs: 9.381, Sum of s_i: 130.05648203863592
2024-05-21 17:26:59 - INFO     - {6: 13.14439368867535, 9: 12.871604734606466, 0: 13.112980035610086, 2: 13.212873704820716, 4: 12.882682910572528, 3: 13.025343590678768, 5: 13.13688818666841, 1: 13.164549350888505, 8: 12.775337520348884, 7: 12.775785196193963}
2024-05-21 17:26:59 - INFO     - 0.9518518518518518, 0.9333333333333333, 0.9296296296296296, 0.9296296296296296, 0.9074074074074074, 0.9444444444444444, 0.9407407407407408, 0.937037037037037, 0.9666666666666667, 0.9518518518518518
2024-05-21 17:26:59 - WARNING  - Epoch: 909, Sum of Accs: 9.393, Sum of s_i: 130.10243891906367
2024-05-21 17:27:05 - INFO     - {6: 13.149339503162505, 9: 12.875658224462125, 0: 13.117459367717853, 2: 13.217604148938651, 4: 12.887029046828134, 3: 13.029194175228394, 5: 13.141394307110888, 1: 13.16922873393296, 8: 12.779718806308152, 7: 12.779671621085798}
2024-05-21 17:27:05 - INFO     - 0.9518518518518518, 0.9333333333333333, 0.9296296296296296, 0.9296296296296296, 0.9037037037037037, 0.9444444444444444, 0.937037037037037, 0.937037037037037, 0.9666666666666667, 0.9518518518518518
2024-05-21 17:27:05 - WARNING  - Epoch: 910, Sum of Accs: 9.385, Sum of s_i: 130.14629793477545
2024-05-21 17:27:11 - INFO     - {6: 13.15371731344318, 9: 12.880112708304488, 0: 13.121768830412714, 2: 13.222235371362368, 4: 12.891256125476968, 3: 13.033915204198312, 5: 13.14576472500796, 1: 13.174073032483575, 8: 12.784315614059297, 7: 12.78404876530563}
2024-05-21 17:27:11 - INFO     - 0.9518518518518518, 0.9333333333333333, 0.9296296296296296, 0.9296296296296296, 0.9074074074074074, 0.9444444444444444, 0.937037037037037, 0.937037037037037, 0.9666666666666667, 0.9518518518518518
2024-05-21 17:27:11 - WARNING  - Epoch: 911, Sum of Accs: 9.389, Sum of s_i: 130.19120769005448
2024-05-21 17:27:17 - INFO     - {6: 13.158235793805309, 9: 12.88404674600908, 0: 13.126016920713518, 2: 13.226729883938413, 4: 12.895719209571133, 3: 13.038171137531704, 5: 13.150477745726306, 1: 13.179047875525022, 8: 12.788511421976466, 7: 12.788254372375576}
2024-05-21 17:27:17 - INFO     - 0.9518518518518518, 0.9333333333333333, 0.9296296296296296, 0.9296296296296296, 0.9074074074074074, 0.9444444444444444, 0.937037037037037, 0.937037037037037, 0.9666666666666667, 0.9518518518518518
2024-05-21 17:27:17 - WARNING  - Epoch: 912, Sum of Accs: 9.389, Sum of s_i: 130.23521110717252
2024-05-21 17:27:23 - INFO     - {6: 13.162625016786903, 9: 12.888213897869155, 0: 13.130681077449365, 2: 13.231543682611923, 4: 12.900421432906528, 3: 13.042829700092648, 5: 13.155379765403561, 1: 13.183879154338378, 8: 12.792953434148345, 7: 12.79268718834107}
2024-05-21 17:27:23 - INFO     - 0.9518518518518518, 0.9333333333333333, 0.9296296296296296, 0.9296296296296296, 0.9074074074074074, 0.9444444444444444, 0.937037037037037, 0.937037037037037, 0.9666666666666667, 0.9518518518518518
2024-05-21 17:27:23 - WARNING  - Epoch: 913, Sum of Accs: 9.389, Sum of s_i: 130.2812143499479
2024-05-21 17:27:29 - INFO     - {6: 13.166905826951952, 9: 12.892492650332434, 0: 13.135025513098093, 2: 13.236289998447441, 4: 12.905238060612865, 3: 13.047195661189344, 5: 13.160085343400949, 1: 13.188611970950712, 8: 12.797358455861126, 7: 12.7963128375611}
2024-05-21 17:27:29 - INFO     - 0.9518518518518518, 0.9333333333333333, 0.9296296296296296, 0.9296296296296296, 0.9074074074074074, 0.9444444444444444, 0.937037037037037, 0.937037037037037, 0.9666666666666667, 0.9518518518518518
2024-05-21 17:27:29 - WARNING  - Epoch: 914, Sum of Accs: 9.389, Sum of s_i: 130.32551631840602
2024-05-21 17:27:36 - INFO     - {6: 13.17194154466174, 9: 12.896400039365766, 0: 13.139459393527188, 2: 13.240985121802387, 4: 12.909228418298133, 3: 13.052104003334337, 5: 13.164719173436783, 1: 13.193740189320703, 8: 12.801727947381755, 7: 12.800669506887731}
2024-05-21 17:27:36 - INFO     - 0.9518518518518518, 0.9333333333333333, 0.9296296296296296, 0.9296296296296296, 0.9074074074074074, 0.9444444444444444, 0.937037037037037, 0.937037037037037, 0.9666666666666667, 0.9518518518518518
2024-05-21 17:27:36 - WARNING  - Epoch: 915, Sum of Accs: 9.389, Sum of s_i: 130.37097533801654
2024-05-21 17:27:42 - INFO     - {6: 13.176668213821449, 9: 12.90081655948136, 0: 13.143936963248326, 2: 13.245927893048268, 4: 12.91422131026045, 3: 13.056792811681746, 5: 13.168861508096562, 1: 13.198173229064366, 8: 12.805974679975856, 7: 12.804825998433836}
2024-05-21 17:27:42 - INFO     - 0.9518518518518518, 0.9333333333333333, 0.9296296296296296, 0.9296296296296296, 0.9074074074074074, 0.9444444444444444, 0.937037037037037, 0.937037037037037, 0.9666666666666667, 0.9518518518518518
2024-05-21 17:27:42 - WARNING  - Epoch: 916, Sum of Accs: 9.389, Sum of s_i: 130.41619916711224
2024-05-21 17:27:48 - INFO     - {6: 13.181282146177557, 9: 12.90513162750335, 0: 13.148232035993924, 2: 13.250765540768649, 4: 12.91819203439593, 3: 13.060773577693103, 5: 13.173554032966045, 1: 13.20288993276174, 8: 12.810452693977107, 7: 12.808813554571282}
2024-05-21 17:27:48 - INFO     - 0.9518518518518518, 0.9333333333333333, 0.9296296296296296, 0.9296296296296296, 0.9074074074074074, 0.9481481481481482, 0.937037037037037, 0.937037037037037, 0.9666666666666667, 0.9518518518518518
2024-05-21 17:27:48 - WARNING  - Epoch: 917, Sum of Accs: 9.393, Sum of s_i: 130.46008717680868
2024-05-21 17:27:54 - INFO     - {6: 13.185581043210721, 9: 12.90930756285917, 0: 13.152159757009231, 2: 13.255498908198348, 4: 12.92236496243, 3: 13.065298481024225, 5: 13.177995115702304, 1: 13.20696603468951, 8: 12.814720096619263, 7: 12.812749412624836}
2024-05-21 17:27:54 - INFO     - 0.9518518518518518, 0.9333333333333333, 0.9296296296296296, 0.9296296296296296, 0.9074074074074074, 0.9444444444444444, 0.937037037037037, 0.937037037037037, 0.9666666666666667, 0.9518518518518518
2024-05-21 17:27:54 - WARNING  - Epoch: 918, Sum of Accs: 9.389, Sum of s_i: 130.5026413743676
2024-05-21 17:28:00 - INFO     - {6: 13.190911260254383, 9: 12.91400141063612, 0: 13.156875137624466, 2: 13.26029393615265, 4: 12.926741540090582, 3: 13.069449091711714, 5: 13.18245647439931, 1: 13.211935083016606, 8: 12.819088024243857, 7: 12.81703083471297}
2024-05-21 17:28:00 - INFO     - 0.9518518518518518, 0.9333333333333333, 0.9296296296296296, 0.9296296296296296, 0.9074074074074074, 0.9481481481481482, 0.937037037037037, 0.937037037037037, 0.9666666666666667, 0.9518518518518518
2024-05-21 17:28:00 - WARNING  - Epoch: 919, Sum of Accs: 9.393, Sum of s_i: 130.54878279284264
2024-05-21 17:28:06 - INFO     - {6: 13.19564402665614, 9: 12.91836742947738, 0: 13.161324346003079, 2: 13.264875111957156, 4: 12.930848425698814, 3: 13.074140157928905, 5: 13.18672213489431, 1: 13.2166225867236, 8: 12.82365848068114, 7: 12.820643014563307}
2024-05-21 17:28:06 - INFO     - 0.9518518518518518, 0.9333333333333333, 0.9296296296296296, 0.9296296296296296, 0.9074074074074074, 0.9481481481481482, 0.937037037037037, 0.937037037037037, 0.9666666666666667, 0.9518518518518518
2024-05-21 17:28:06 - WARNING  - Epoch: 920, Sum of Accs: 9.393, Sum of s_i: 130.59284571458383
2024-05-21 17:28:13 - INFO     - {6: 13.200132750636264, 9: 12.922958865139643, 0: 13.165689122346423, 2: 13.269315273698325, 4: 12.934728808801834, 3: 13.078997360458336, 5: 13.191116550688099, 1: 13.221143192410434, 8: 12.827785964793224, 7: 12.824773467538582}
2024-05-21 17:28:13 - INFO     - 0.9518518518518518, 0.9333333333333333, 0.9296296296296296, 0.9296296296296296, 0.9074074074074074, 0.9481481481481482, 0.937037037037037, 0.937037037037037, 0.9666666666666667, 0.9518518518518518
2024-05-21 17:28:13 - WARNING  - Epoch: 921, Sum of Accs: 9.393, Sum of s_i: 130.63664135651115
2024-05-21 17:28:19 - INFO     - {6: 13.204601088898219, 9: 12.927089591276332, 0: 13.170850762751845, 2: 13.27338693744597, 4: 12.93882009711902, 3: 13.083130264264314, 5: 13.195742563415301, 1: 13.225670756054301, 8: 12.831970958846194, 7: 12.82885010651979}
2024-05-21 17:28:19 - INFO     - 0.9518518518518518, 0.9333333333333333, 0.9296296296296296, 0.9296296296296296, 0.9074074074074074, 0.9481481481481482, 0.937037037037037, 0.937037037037037, 0.9666666666666667, 0.9518518518518518
2024-05-21 17:28:19 - WARNING  - Epoch: 922, Sum of Accs: 9.393, Sum of s_i: 130.6801131265913
2024-05-21 17:28:25 - INFO     - {6: 13.208991051786068, 9: 12.931407992535064, 0: 13.175076105194972, 2: 13.277881316066606, 4: 12.943255415083689, 3: 13.087570330693328, 5: 13.200219781705808, 1: 13.229935690520579, 8: 12.835999630810623, 7: 12.833107019897842}
2024-05-21 17:28:25 - INFO     - 0.9518518518518518, 0.9333333333333333, 0.9296296296296296, 0.9296296296296296, 0.9074074074074074, 0.9481481481481482, 0.937037037037037, 0.937037037037037, 0.9666666666666667, 0.9518518518518518
2024-05-21 17:28:25 - WARNING  - Epoch: 923, Sum of Accs: 9.393, Sum of s_i: 130.72344433429458
2024-05-21 17:28:31 - INFO     - {6: 13.213393444261667, 9: 12.935551766220097, 0: 13.179308506028988, 2: 13.28241811606506, 4: 12.947724620373316, 3: 13.09165727549656, 5: 13.204516929674222, 1: 13.234387179447456, 8: 12.840339722163117, 7: 12.837678612221302}
2024-05-21 17:28:31 - INFO     - 0.9518518518518518, 0.9333333333333333, 0.9296296296296296, 0.9296296296296296, 0.9074074074074074, 0.9481481481481482, 0.937037037037037, 0.937037037037037, 0.9666666666666667, 0.9518518518518518
2024-05-21 17:28:31 - WARNING  - Epoch: 924, Sum of Accs: 9.393, Sum of s_i: 130.7669761719518
2024-05-21 17:28:37 - INFO     - {6: 13.217864248580138, 9: 12.939661865153818, 0: 13.18360514685946, 2: 13.287196353884916, 4: 12.951904955079403, 3: 13.096105200405967, 5: 13.209540243524401, 1: 13.238950273290072, 8: 12.844428303059892, 7: 12.841531155450433}
2024-05-21 17:28:37 - INFO     - 0.9481481481481482, 0.9333333333333333, 0.9296296296296296, 0.9296296296296296, 0.9074074074074074, 0.9481481481481482, 0.937037037037037, 0.937037037037037, 0.9666666666666667, 0.9518518518518518
2024-05-21 17:28:37 - WARNING  - Epoch: 925, Sum of Accs: 9.389, Sum of s_i: 130.8107877452885
2024-05-21 17:28:43 - INFO     - {6: 13.222544912177703, 9: 12.944391117747267, 0: 13.18788207555376, 2: 13.291322930186876, 4: 12.956192397274805, 3: 13.100289894548723, 5: 13.21405113876903, 1: 13.242904564323492, 8: 12.848681035400764, 7: 12.84584359063072}
2024-05-21 17:28:43 - INFO     - 0.9481481481481482, 0.9333333333333333, 0.9296296296296296, 0.9296296296296296, 0.9074074074074074, 0.9481481481481482, 0.937037037037037, 0.9407407407407408, 0.9666666666666667, 0.9518518518518518
2024-05-21 17:28:43 - WARNING  - Epoch: 926, Sum of Accs: 9.393, Sum of s_i: 130.85410365661315
2024-05-21 17:28:49 - INFO     - {6: 13.227036257731152, 9: 12.948950922642078, 0: 13.192331975979004, 2: 13.296215142075042, 4: 12.960194370783777, 3: 13.104481279497266, 5: 13.218529900457712, 1: 13.247592760310969, 8: 12.852616884792646, 7: 12.850297429095983}
2024-05-21 17:28:49 - INFO     - 0.9518518518518518, 0.9333333333333333, 0.9333333333333333, 0.9296296296296296, 0.9074074074074074, 0.9481481481481482, 0.937037037037037, 0.9407407407407408, 0.9666666666666667, 0.9518518518518518
2024-05-21 17:28:49 - WARNING  - Epoch: 927, Sum of Accs: 9.400, Sum of s_i: 130.8982469233656
2024-05-21 17:28:56 - INFO     - {6: 13.231630603295855, 9: 12.95291725098687, 0: 13.196552472171641, 2: 13.300213557339177, 4: 12.964292785624858, 3: 13.109122236819388, 5: 13.22336454144119, 1: 13.251953564304799, 8: 12.856863614722135, 7: 12.854653282045405}
2024-05-21 17:28:56 - INFO     - 0.9518518518518518, 0.9333333333333333, 0.9333333333333333, 0.9296296296296296, 0.9074074074074074, 0.9481481481481482, 0.937037037037037, 0.9407407407407408, 0.9666666666666667, 0.9518518518518518
2024-05-21 17:28:56 - WARNING  - Epoch: 928, Sum of Accs: 9.400, Sum of s_i: 130.9415639087513
2024-05-21 17:29:02 - INFO     - {6: 13.235923101261719, 9: 12.956954285149966, 0: 13.200579948049857, 2: 13.30503279012671, 4: 12.968492106493086, 3: 13.113557753811154, 5: 13.228303795165088, 1: 13.256646677958308, 8: 12.86066555523147, 7: 12.858361528240904}
2024-05-21 17:29:02 - INFO     - 0.9518518518518518, 0.9333333333333333, 0.9333333333333333, 0.9296296296296296, 0.9074074074074074, 0.9481481481481482, 0.937037037037037, 0.9407407407407408, 0.9666666666666667, 0.9518518518518518
2024-05-21 17:29:02 - WARNING  - Epoch: 929, Sum of Accs: 9.400, Sum of s_i: 130.98451754148823
2024-05-21 17:29:08 - INFO     - {6: 13.2407043085225, 9: 12.961171528226819, 0: 13.205030456750046, 2: 13.309830267149232, 4: 12.972566176180262, 3: 13.118024045774238, 5: 13.232624638484323, 1: 13.261164519474244, 8: 12.86464763461802, 7: 12.862675606997584}
2024-05-21 17:29:08 - INFO     - 0.9518518518518518, 0.9333333333333333, 0.9333333333333333, 0.9296296296296296, 0.9074074074074074, 0.9518518518518518, 0.937037037037037, 0.9407407407407408, 0.9666666666666667, 0.9481481481481482
2024-05-21 17:29:08 - WARNING  - Epoch: 930, Sum of Accs: 9.400, Sum of s_i: 131.02843918217727
2024-05-21 17:29:14 - INFO     - {6: 13.245243445386066, 9: 12.965133639369862, 0: 13.209885907560595, 2: 13.314310463396698, 4: 12.977157243052607, 3: 13.122263799832801, 5: 13.237193748990999, 1: 13.26585173765184, 8: 12.869302976400988, 7: 12.866918806416226}
2024-05-21 17:29:14 - INFO     - 0.9518518518518518, 0.9333333333333333, 0.9333333333333333, 0.9296296296296296, 0.9074074074074074, 0.9518518518518518, 0.937037037037037, 0.9407407407407408, 0.9666666666666667, 0.9481481481481482
2024-05-21 17:29:14 - WARNING  - Epoch: 931, Sum of Accs: 9.400, Sum of s_i: 131.0732617680587
2024-05-21 17:29:20 - INFO     - {6: 13.249769465221924, 9: 12.969479240713339, 0: 13.214519035504468, 2: 13.31892433672547, 4: 12.981679249282706, 3: 13.127039782408115, 5: 13.242135148607106, 1: 13.270962381499372, 8: 12.873301243459682, 7: 12.870662447030366}
2024-05-21 17:29:20 - INFO     - 0.9518518518518518, 0.9333333333333333, 0.9333333333333333, 0.9296296296296296, 0.9074074074074074, 0.9518518518518518, 0.937037037037037, 0.9407407407407408, 0.9666666666666667, 0.9481481481481482
2024-05-21 17:29:20 - WARNING  - Epoch: 932, Sum of Accs: 9.400, Sum of s_i: 131.11847233045253
2024-05-21 17:29:26 - INFO     - {6: 13.25388998977625, 9: 12.973679091819227, 0: 13.218606587658178, 2: 13.32392901687886, 4: 12.98581641274375, 3: 13.13103121737907, 5: 13.246630300012606, 1: 13.275734349784654, 8: 12.877855488037193, 7: 12.87487457921702}
2024-05-21 17:29:26 - INFO     - 0.9518518518518518, 0.937037037037037, 0.9333333333333333, 0.9296296296296296, 0.9074074074074074, 0.9518518518518518, 0.937037037037037, 0.9407407407407408, 0.9666666666666667, 0.9481481481481482
2024-05-21 17:29:26 - WARNING  - Epoch: 933, Sum of Accs: 9.404, Sum of s_i: 131.1620470333068
2024-05-21 17:29:33 - INFO     - {6: 13.258147122663587, 9: 12.977580208617692, 0: 13.222726046025647, 2: 13.328724020274246, 4: 12.990108656678235, 3: 13.135545237858024, 5: 13.251129020616162, 1: 13.279814079696683, 8: 12.881736600947425, 7: 12.879028169870685}
2024-05-21 17:29:33 - INFO     - 0.9518518518518518, 0.937037037037037, 0.9333333333333333, 0.9296296296296296, 0.9074074074074074, 0.9518518518518518, 0.937037037037037, 0.9407407407407408, 0.9666666666666667, 0.9481481481481482
2024-05-21 17:29:33 - WARNING  - Epoch: 934, Sum of Accs: 9.404, Sum of s_i: 131.20453916324837
2024-05-21 17:29:39 - INFO     - {6: 13.262420564024003, 9: 12.982130681365238, 0: 13.227337330860719, 2: 13.333233306425473, 4: 12.99364248226222, 3: 13.13977915802856, 5: 13.255488879692177, 1: 13.284181743525812, 8: 12.885504718407105, 7: 12.883308414546642}
2024-05-21 17:29:39 - INFO     - 0.9518518518518518, 0.937037037037037, 0.9333333333333333, 0.9296296296296296, 0.9074074074074074, 0.9518518518518518, 0.937037037037037, 0.9407407407407408, 0.9666666666666667, 0.9481481481481482
2024-05-21 17:29:39 - WARNING  - Epoch: 935, Sum of Accs: 9.404, Sum of s_i: 131.24702727913794
2024-05-21 17:29:45 - INFO     - {6: 13.267191643434183, 9: 12.986151369671552, 0: 13.232052864143128, 2: 13.337729815623852, 4: 12.998238067128897, 3: 13.144073719232004, 5: 13.260075320417712, 1: 13.288849102081494, 8: 12.889663607500715, 7: 12.88729016324103}
2024-05-21 17:29:45 - INFO     - 0.9518518518518518, 0.937037037037037, 0.9333333333333333, 0.9296296296296296, 0.9074074074074074, 0.9518518518518518, 0.937037037037037, 0.9407407407407408, 0.9666666666666667, 0.9481481481481482
2024-05-21 17:29:45 - WARNING  - Epoch: 936, Sum of Accs: 9.404, Sum of s_i: 131.29131567247458
2024-05-21 17:29:51 - INFO     - {6: 13.27196413888261, 9: 12.990358063450477, 0: 13.236525519935, 2: 13.34224911847733, 4: 13.002418826620998, 3: 13.148752995074094, 5: 13.264578003597208, 1: 13.293225232947833, 8: 12.893593765848602, 7: 12.891538663953593}
2024-05-21 17:29:51 - INFO     - 0.9518518518518518, 0.937037037037037, 0.9333333333333333, 0.9296296296296296, 0.9074074074074074, 0.9518518518518518, 0.937037037037037, 0.9407407407407408, 0.9666666666666667, 0.9481481481481482
2024-05-21 17:29:51 - WARNING  - Epoch: 937, Sum of Accs: 9.404, Sum of s_i: 131.33520432878774
2024-05-21 17:29:57 - INFO     - {6: 13.276704774933629, 9: 12.994839237960147, 0: 13.240781987894012, 2: 13.346572611346533, 4: 13.006608811020653, 3: 13.152979221212426, 5: 13.26891799683332, 1: 13.297783272354039, 8: 12.897834134071138, 7: 12.89575636286363}
2024-05-21 17:29:57 - INFO     - 0.9518518518518518, 0.937037037037037, 0.9333333333333333, 0.9296296296296296, 0.9074074074074074, 0.9518518518518518, 0.937037037037037, 0.9407407407407408, 0.9666666666666667, 0.9481481481481482
2024-05-21 17:29:57 - WARNING  - Epoch: 938, Sum of Accs: 9.404, Sum of s_i: 131.3787784104895
2024-05-21 17:30:04 - INFO     - {6: 13.281399103195652, 9: 12.998879020106317, 0: 13.245192383480866, 2: 13.351126060253296, 4: 13.010712123754308, 3: 13.157175026829357, 5: 13.27344407305376, 1: 13.301934812501749, 8: 12.901820370403192, 7: 12.899516745293198}
2024-05-21 17:30:04 - INFO     - 0.9555555555555556, 0.9481481481481482, 0.9333333333333333, 0.9407407407407408, 0.9074074074074074, 0.9444444444444444, 0.9407407407407408, 0.937037037037037, 0.9555555555555556, 0.9444444444444444
2024-05-21 17:30:04 - WARNING  - Epoch: 939, Sum of Accs: 9.407, Sum of s_i: 131.42119971887166
2024-05-21 17:30:10 - INFO     - {6: 13.28554444423442, 9: 13.00327815480608, 0: 13.249604896455413, 2: 13.355955909896133, 4: 13.015161971746322, 3: 13.161557015207626, 5: 13.27750894407097, 1: 13.306440261825578, 8: 12.905819329519964, 7: 12.903827020369295}
2024-05-21 17:30:10 - INFO     - 0.9518518518518518, 0.9518518518518518, 0.937037037037037, 0.9333333333333333, 0.9074074074074074, 0.9518518518518518, 0.937037037037037, 0.9407407407407408, 0.9666666666666667, 0.9481481481481482
2024-05-21 17:30:10 - WARNING  - Epoch: 940, Sum of Accs: 9.426, Sum of s_i: 131.4646979481318
2024-05-21 17:30:16 - INFO     - {6: 13.29028957157385, 9: 13.007571695676637, 0: 13.25402960588184, 2: 13.360581382865922, 4: 13.019356077879912, 3: 13.165725266660356, 5: 13.281882553762623, 1: 13.310929435190669, 8: 12.910344686746383, 7: 12.907934495131371}
2024-05-21 17:30:16 - INFO     - 0.9555555555555556, 0.9481481481481482, 0.9333333333333333, 0.9407407407407408, 0.9074074074074074, 0.9407407407407408, 0.9407407407407408, 0.9333333333333333, 0.9555555555555556, 0.9444444444444444
2024-05-21 17:30:16 - WARNING  - Epoch: 941, Sum of Accs: 9.400, Sum of s_i: 131.50864477136957
2024-05-21 17:30:22 - INFO     - {6: 13.294938314974347, 9: 13.011656843432531, 0: 13.258658070991919, 2: 13.364910414887802, 4: 13.023714686188068, 3: 13.170229270501723, 5: 13.286499912089527, 1: 13.315415371278519, 8: 12.91442063474964, 7: 12.91153876760808}
2024-05-21 17:30:22 - INFO     - 0.9518518518518518, 0.9481481481481482, 0.937037037037037, 0.9222222222222223, 0.9111111111111111, 0.9518518518518518, 0.937037037037037, 0.937037037037037, 0.9666666666666667, 0.9444444444444444
2024-05-21 17:30:22 - WARNING  - Epoch: 942, Sum of Accs: 9.407, Sum of s_i: 131.55198228670216
2024-05-21 17:30:29 - INFO     - {6: 13.299506738790006, 9: 13.015420037733636, 0: 13.262765218257634, 2: 13.36932061480203, 4: 13.027890251483488, 3: 13.174651968010963, 5: 13.291669858662308, 1: 13.319841660353175, 8: 12.918478241830337, 7: 12.915237756670233}
2024-05-21 17:30:29 - INFO     - 0.9555555555555556, 0.9444444444444444, 0.9333333333333333, 0.9407407407407408, 0.9037037037037037, 0.9407407407407408, 0.9407407407407408, 0.9333333333333333, 0.9555555555555556, 0.9444444444444444
2024-05-21 17:30:29 - WARNING  - Epoch: 943, Sum of Accs: 9.393, Sum of s_i: 131.5947823465938
2024-05-21 17:30:35 - INFO     - {6: 13.304126188924139, 9: 13.01991038412517, 0: 13.267396114422079, 2: 13.373504198341971, 4: 13.031960121009758, 3: 13.17924422940734, 5: 13.296367368804512, 1: 13.324321853522896, 8: 12.922984547433852, 7: 12.919237021355391}
2024-05-21 17:30:35 - INFO     - 0.9518518518518518, 0.9444444444444444, 0.9444444444444444, 0.9222222222222223, 0.9148148148148149, 0.9518518518518518, 0.937037037037037, 0.9296296296296296, 0.9666666666666667, 0.9444444444444444
2024-05-21 17:30:35 - WARNING  - Epoch: 944, Sum of Accs: 9.407, Sum of s_i: 131.63905202734713
2024-05-21 17:30:41 - INFO     - {6: 13.308894049009957, 9: 13.024264618710164, 0: 13.271884474409424, 2: 13.37778224815137, 4: 13.036315845434576, 3: 13.183749609171715, 5: 13.300852445123061, 1: 13.32902168245758, 8: 12.927140435529662, 7: 12.92372072414079}
2024-05-21 17:30:41 - INFO     - 0.9518518518518518, 0.9444444444444444, 0.9333333333333333, 0.937037037037037, 0.9, 0.9407407407407408, 0.9407407407407408, 0.9333333333333333, 0.9518518518518518, 0.9444444444444444
2024-05-21 17:30:41 - WARNING  - Epoch: 945, Sum of Accs: 9.378, Sum of s_i: 131.6836261321383
2024-05-21 17:30:47 - INFO     - {6: 13.313070419083456, 9: 13.027885785027808, 0: 13.2767072914936, 2: 13.382128635462387, 4: 13.040335347654592, 3: 13.188030346495834, 5: 13.305210083993813, 1: 13.333298758577968, 8: 12.931344285612731, 7: 12.92777552748107}
2024-05-21 17:30:47 - INFO     - 0.9518518518518518, 0.9481481481481482, 0.9444444444444444, 0.9222222222222223, 0.9148148148148149, 0.9518518518518518, 0.937037037037037, 0.9296296296296296, 0.9666666666666667, 0.9444444444444444
2024-05-21 17:30:47 - WARNING  - Epoch: 946, Sum of Accs: 9.411, Sum of s_i: 131.72578648088324
2024-05-21 17:30:54 - INFO     - {6: 13.317716209290571, 9: 13.031806877299097, 0: 13.281038445842766, 2: 13.386654498511101, 4: 13.044448381315235, 3: 13.192467548082305, 5: 13.309708281160484, 1: 13.33803199734422, 8: 12.935366806539044, 7: 12.93173385133706}
2024-05-21 17:30:54 - INFO     - 0.9555555555555556, 0.937037037037037, 0.9333333333333333, 0.937037037037037, 0.9, 0.9407407407407408, 0.9407407407407408, 0.9333333333333333, 0.9518518518518518, 0.9407407407407408
2024-05-21 17:30:54 - WARNING  - Epoch: 947, Sum of Accs: 9.370, Sum of s_i: 131.7689728967219
2024-05-21 17:31:00 - INFO     - {6: 13.322255696244511, 9: 13.03566955075719, 0: 13.285444857802396, 2: 13.391261505757132, 4: 13.048360502460438, 3: 13.196321389299877, 5: 13.313909352387466, 1: 13.342997903462031, 8: 12.939289913484055, 7: 12.93581781279904}
2024-05-21 17:31:00 - INFO     - 0.9518518518518518, 0.9518518518518518, 0.9444444444444444, 0.9222222222222223, 0.9148148148148149, 0.9481481481481482, 0.937037037037037, 0.9296296296296296, 0.9666666666666667, 0.9444444444444444
2024-05-21 17:31:00 - WARNING  - Epoch: 948, Sum of Accs: 9.411, Sum of s_i: 131.81132848445415
2024-05-21 17:31:06 - INFO     - {6: 13.326686355965547, 9: 13.040190967629373, 0: 13.290058380706771, 2: 13.395838503368028, 4: 13.052606407828359, 3: 13.200936239217343, 5: 13.318229277024733, 1: 13.347447767286498, 8: 12.943375856338486, 7: 12.940188480487052}
2024-05-21 17:31:06 - INFO     - 0.9555555555555556, 0.937037037037037, 0.9333333333333333, 0.937037037037037, 0.9037037037037037, 0.9407407407407408, 0.9407407407407408, 0.937037037037037, 0.9555555555555556, 0.9444444444444444
2024-05-21 17:31:06 - WARNING  - Epoch: 949, Sum of Accs: 9.385, Sum of s_i: 131.8555582358522
2024-05-21 17:31:12 - INFO     - {6: 13.331354664880267, 9: 13.044157039408987, 0: 13.294502656954164, 2: 13.399923349350665, 4: 13.05644564941198, 3: 13.204999169025132, 5: 13.32244609725437, 1: 13.351461908015397, 8: 12.947391667419037, 7: 12.944719538609606}
2024-05-21 17:31:12 - INFO     - 0.9518518518518518, 0.9481481481481482, 0.9444444444444444, 0.9222222222222223, 0.9111111111111111, 0.9481481481481482, 0.9407407407407408, 0.9296296296296296, 0.9666666666666667, 0.9444444444444444
2024-05-21 17:31:12 - WARNING  - Epoch: 950, Sum of Accs: 9.407, Sum of s_i: 131.8974017403296
2024-05-21 17:31:18 - INFO     - {6: 13.33553000454706, 9: 13.047871535704612, 0: 13.29876733754907, 2: 13.404516448470476, 4: 13.060962974317823, 3: 13.209186984398471, 5: 13.326752896786909, 1: 13.355207805227206, 8: 12.951243527687957, 7: 12.948702934147782}
2024-05-21 17:31:18 - INFO     - 0.9555555555555556, 0.9407407407407408, 0.9333333333333333, 0.937037037037037, 0.9111111111111111, 0.9444444444444444, 0.9407407407407408, 0.937037037037037, 0.9555555555555556, 0.9444444444444444
2024-05-21 17:31:19 - WARNING  - Epoch: 951, Sum of Accs: 9.400, Sum of s_i: 131.93874244883736
2024-05-21 17:31:25 - INFO     - {6: 13.340056114998712, 9: 13.051593436582689, 0: 13.302830553940838, 2: 13.40913128534089, 4: 13.065333290810143, 3: 13.213522863271516, 5: 13.331227857643475, 1: 13.359558538611601, 8: 12.956077160368654, 7: 12.95261257571237}
2024-05-21 17:31:25 - INFO     - 0.9555555555555556, 0.9481481481481482, 0.9407407407407408, 0.9222222222222223, 0.9074074074074074, 0.9481481481481482, 0.937037037037037, 0.937037037037037, 0.9666666666666667, 0.9518518518518518
2024-05-21 17:31:25 - WARNING  - Epoch: 952, Sum of Accs: 9.415, Sum of s_i: 131.98194367728087
2024-05-21 17:31:31 - INFO     - {6: 13.344029399653905, 9: 13.056388457597144, 0: 13.306816821571472, 2: 13.41388078161211, 4: 13.069632370343905, 3: 13.21783731659131, 5: 13.335710713644998, 1: 13.363571992433396, 8: 12.9603560040893, 7: 12.956651894468452}
2024-05-21 17:31:31 - INFO     - 0.9518518518518518, 0.9444444444444444, 0.937037037037037, 0.937037037037037, 0.9111111111111111, 0.9481481481481482, 0.937037037037037, 0.937037037037037, 0.9555555555555556, 0.9444444444444444
2024-05-21 17:31:31 - WARNING  - Epoch: 953, Sum of Accs: 9.404, Sum of s_i: 132.024875752006
2024-05-21 17:31:37 - INFO     - {6: 13.348256292153541, 9: 13.060421387639652, 0: 13.311354059550144, 2: 13.41822443983541, 4: 13.073373926678963, 3: 13.221840252411512, 5: 13.340404331178748, 1: 13.36803837092056, 8: 12.963915221655098, 7: 12.960523756913375}
2024-05-21 17:31:37 - INFO     - 0.9518518518518518, 0.9481481481481482, 0.9407407407407408, 0.9333333333333333, 0.9074074074074074, 0.9481481481481482, 0.937037037037037, 0.9407407407407408, 0.9666666666666667, 0.9518518518518518
2024-05-21 17:31:37 - WARNING  - Epoch: 954, Sum of Accs: 9.426, Sum of s_i: 132.066352038937
2024-05-21 17:31:43 - INFO     - {6: 13.352582739620358, 9: 13.064254533623291, 0: 13.315888311873797, 2: 13.422777137473872, 4: 13.077938709685158, 3: 13.225921107004716, 5: 13.344848472656615, 1: 13.372418006118465, 8: 12.967833821428922, 7: 12.964452553048362}
2024-05-21 17:31:43 - INFO     - 0.9481481481481482, 0.9481481481481482, 0.937037037037037, 0.937037037037037, 0.9111111111111111, 0.9481481481481482, 0.937037037037037, 0.9407407407407408, 0.9592592592592593, 0.9518518518518518
2024-05-21 17:31:43 - WARNING  - Epoch: 955, Sum of Accs: 9.419, Sum of s_i: 132.10891539253356
2024-05-21 17:31:49 - INFO     - {6: 13.356557209593905, 9: 13.068744357519861, 0: 13.320224500159835, 2: 13.427349295359575, 4: 13.08209677794198, 3: 13.230812928285628, 5: 13.349564137902897, 1: 13.37635913708752, 8: 12.972162396053854, 7: 12.96839913470608}
2024-05-21 17:31:49 - INFO     - 0.9481481481481482, 0.9481481481481482, 0.9407407407407408, 0.937037037037037, 0.9074074074074074, 0.9481481481481482, 0.937037037037037, 0.9407407407407408, 0.9592592592592593, 0.9518518518518518
2024-05-21 17:31:49 - WARNING  - Epoch: 956, Sum of Accs: 9.419, Sum of s_i: 132.15226987461116
2024-05-21 17:31:56 - INFO     - {6: 13.36106692360807, 9: 13.07299542644922, 0: 13.324358081857813, 2: 13.431152065170393, 4: 13.086459127306323, 3: 13.235188920612297, 5: 13.35376863773323, 1: 13.380801886177032, 8: 12.975918764656251, 7: 12.972394871577873}
2024-05-21 17:31:56 - INFO     - 0.9481481481481482, 0.9481481481481482, 0.937037037037037, 0.937037037037037, 0.9111111111111111, 0.9481481481481482, 0.937037037037037, 0.9407407407407408, 0.9592592592592593, 0.9518518518518518
2024-05-21 17:31:56 - WARNING  - Epoch: 957, Sum of Accs: 9.419, Sum of s_i: 132.1941047051485
2024-05-21 17:32:02 - INFO     - {6: 13.36531376293107, 9: 13.0769752816619, 0: 13.328634490691023, 2: 13.43562996515091, 4: 13.090723276806237, 3: 13.239404742848306, 5: 13.358061021458992, 1: 13.385164311975162, 8: 12.9799418026132, 7: 12.976529367155619}
2024-05-21 17:32:02 - INFO     - 0.9481481481481482, 0.9481481481481482, 0.9407407407407408, 0.937037037037037, 0.9074074074074074, 0.9481481481481482, 0.937037037037037, 0.9407407407407408, 0.9592592592592593, 0.9518518518518518
2024-05-21 17:32:02 - WARNING  - Epoch: 958, Sum of Accs: 9.419, Sum of s_i: 132.23637802329242
2024-05-21 17:32:08 - INFO     - {6: 13.369757122962692, 9: 13.081013392666453, 0: 13.332826764322283, 2: 13.439750535551338, 4: 13.094846081270404, 3: 13.243800319554055, 5: 13.36272432606399, 1: 13.389745118949346, 8: 12.983838478894825, 7: 12.980371114339633}
2024-05-21 17:32:08 - INFO     - 0.9481481481481482, 0.9481481481481482, 0.937037037037037, 0.937037037037037, 0.9111111111111111, 0.9481481481481482, 0.937037037037037, 0.9407407407407408, 0.9592592592592593, 0.9518518518518518
2024-05-21 17:32:08 - WARNING  - Epoch: 959, Sum of Accs: 9.419, Sum of s_i: 132.27867325457504
2024-05-21 17:32:14 - INFO     - {6: 13.37422784085118, 9: 13.084993859358708, 0: 13.337184474589124, 2: 13.4443675428535, 4: 13.098625788654303, 3: 13.248231875981398, 5: 13.366727931511909, 1: 13.394132109689748, 8: 12.987799341933398, 7: 12.984203544615154}
2024-05-21 17:32:14 - INFO     - 0.9481481481481482, 0.9481481481481482, 0.937037037037037, 0.937037037037037, 0.9111111111111111, 0.9481481481481482, 0.937037037037037, 0.9407407407407408, 0.9592592592592593, 0.9518518518518518
2024-05-21 17:32:14 - WARNING  - Epoch: 960, Sum of Accs: 9.419, Sum of s_i: 132.3204943100384
2024-05-21 17:32:20 - INFO     - {6: 13.378178904855698, 9: 13.089163091608691, 0: 13.34138284777868, 2: 13.449055328230784, 4: 13.10292167757265, 3: 13.252435954199765, 5: 13.370925416159348, 1: 13.398612711077465, 8: 12.991840828207245, 7: 12.988142452336316}
2024-05-21 17:32:20 - INFO     - 0.9481481481481482, 0.9481481481481482, 0.937037037037037, 0.937037037037037, 0.9111111111111111, 0.9481481481481482, 0.937037037037037, 0.9407407407407408, 0.9592592592592593, 0.9518518518518518
2024-05-21 17:32:20 - WARNING  - Epoch: 961, Sum of Accs: 9.419, Sum of s_i: 132.36265921202664
2024-05-21 17:32:27 - INFO     - {6: 13.382831880738982, 9: 13.092998905310461, 0: 13.346048931750847, 2: 13.453461000892679, 4: 13.107142714978929, 3: 13.2567686328532, 5: 13.375290347591774, 1: 13.40265534381371, 8: 12.995707464905278, 7: 12.99214285494285}
2024-05-21 17:32:27 - INFO     - 0.9481481481481482, 0.9481481481481482, 0.937037037037037, 0.937037037037037, 0.9111111111111111, 0.9481481481481482, 0.937037037037037, 0.9407407407407408, 0.9592592592592593, 0.9518518518518518
2024-05-21 17:32:27 - WARNING  - Epoch: 962, Sum of Accs: 9.419, Sum of s_i: 132.4050480777787
2024-05-21 17:32:33 - INFO     - {6: 13.38685313290735, 9: 13.097098784749889, 0: 13.350312199088277, 2: 13.457722007253958, 4: 13.111618125311656, 3: 13.261187760829216, 5: 13.37990347955011, 1: 13.406879879931344, 8: 12.999775963882483, 7: 12.996083775449826}
2024-05-21 17:32:33 - INFO     - 0.9481481481481482, 0.9481481481481482, 0.937037037037037, 0.937037037037037, 0.9111111111111111, 0.9481481481481482, 0.937037037037037, 0.9407407407407408, 0.9592592592592593, 0.9518518518518518
2024-05-21 17:32:33 - WARNING  - Epoch: 963, Sum of Accs: 9.419, Sum of s_i: 132.4474351089541
2024-05-21 17:32:39 - INFO     - {6: 13.390887752380754, 9: 13.101622174280193, 0: 13.354988453141031, 2: 13.462459332343245, 4: 13.11545385773992, 3: 13.265240247542867, 5: 13.384785442965113, 1: 13.410951824433495, 8: 13.004012678795284, 7: 13.000144607446186}
2024-05-21 17:32:39 - INFO     - 0.9481481481481482, 0.9481481481481482, 0.937037037037037, 0.937037037037037, 0.9111111111111111, 0.9481481481481482, 0.937037037037037, 0.9407407407407408, 0.9592592592592593, 0.9518518518518518
2024-05-21 17:32:39 - WARNING  - Epoch: 964, Sum of Accs: 9.419, Sum of s_i: 132.49054637106806
2024-05-21 17:32:45 - INFO     - {6: 13.395240170821944, 9: 13.105517348098354, 0: 13.358779023606882, 2: 13.467341173584805, 4: 13.119563536941119, 3: 13.269534770051134, 5: 13.389197770733972, 1: 13.415308576720397, 8: 13.008053720681836, 7: 13.003824796591793}
2024-05-21 17:32:45 - INFO     - 0.9481481481481482, 0.9481481481481482, 0.937037037037037, 0.9333333333333333, 0.9111111111111111, 0.9481481481481482, 0.937037037037037, 0.9407407407407408, 0.9592592592592593, 0.9518518518518518
2024-05-21 17:32:45 - WARNING  - Epoch: 965, Sum of Accs: 9.415, Sum of s_i: 132.53236088783225
2024-05-21 17:32:52 - INFO     - {6: 13.399714722990614, 9: 13.110105300798384, 0: 13.362962707200895, 2: 13.471727254087295, 4: 13.123762462916517, 3: 13.273899626315476, 5: 13.393812090933984, 1: 13.419654328998423, 8: 13.012458093513976, 7: 13.00752256074495}
2024-05-21 17:32:52 - INFO     - 0.9518518518518518, 0.9518518518518518, 0.9444444444444444, 0.9296296296296296, 0.9148148148148149, 0.9481481481481482, 0.937037037037037, 0.9407407407407408, 0.9629629629629629, 0.9518518518518518
2024-05-21 17:32:52 - WARNING  - Epoch: 966, Sum of Accs: 9.433, Sum of s_i: 132.5756191485005
2024-05-21 17:32:58 - INFO     - {6: 13.403992357482382, 9: 13.114111131180362, 0: 13.366973569949886, 2: 13.476653577428438, 4: 13.128057669744436, 3: 13.278260137356849, 5: 13.39837683327468, 1: 13.42418184041399, 8: 13.016242365871205, 7: 13.011392750183715}
2024-05-21 17:32:58 - INFO     - 0.9518518518518518, 0.9518518518518518, 0.9444444444444444, 0.9333333333333333, 0.9111111111111111, 0.9444444444444444, 0.937037037037037, 0.9444444444444444, 0.9629629629629629, 0.9518518518518518
2024-05-21 17:32:58 - WARNING  - Epoch: 967, Sum of Accs: 9.433, Sum of s_i: 132.61824223288596
2024-05-21 17:33:04 - INFO     - {6: 13.408200949504852, 9: 13.117562709403657, 0: 13.371444950440397, 2: 13.481301194012431, 4: 13.131874699243859, 3: 13.282107523451858, 5: 13.402889661695646, 1: 13.428250245460225, 8: 13.020299424361557, 7: 13.015628342812159}
2024-05-21 17:33:04 - INFO     - 0.9518518518518518, 0.9518518518518518, 0.9444444444444444, 0.9296296296296296, 0.9111111111111111, 0.9481481481481482, 0.937037037037037, 0.9444444444444444, 0.9629629629629629, 0.9518518518518518
2024-05-21 17:33:04 - WARNING  - Epoch: 968, Sum of Accs: 9.433, Sum of s_i: 132.65955970038664
2024-05-21 17:33:10 - INFO     - {6: 13.412696526948631, 9: 13.122013942275373, 0: 13.37577652766945, 2: 13.48592231537866, 4: 13.136016030496624, 3: 13.286147204643692, 5: 13.407576592213838, 1: 13.4328082747193, 8: 13.024133667231885, 7: 13.019374768192511}
2024-05-21 17:33:10 - INFO     - 0.9518518518518518, 0.9518518518518518, 0.9444444444444444, 0.9296296296296296, 0.9148148148148149, 0.9444444444444444, 0.937037037037037, 0.9444444444444444, 0.9629629629629629, 0.9518518518518518
2024-05-21 17:33:10 - WARNING  - Epoch: 969, Sum of Accs: 9.433, Sum of s_i: 132.70246584976996
2024-05-21 17:33:17 - INFO     - {6: 13.416427873499151, 9: 13.125488325448176, 0: 13.379886157861653, 2: 13.490400693870098, 4: 13.14038036658321, 3: 13.29049826771827, 5: 13.41215762931199, 1: 13.43704898793294, 8: 13.028104298283868, 7: 13.023347881845776}
2024-05-21 17:33:17 - INFO     - 0.9518518518518518, 0.9518518518518518, 0.9444444444444444, 0.9296296296296296, 0.9148148148148149, 0.9481481481481482, 0.937037037037037, 0.9444444444444444, 0.9629629629629629, 0.9518518518518518
2024-05-21 17:33:17 - WARNING  - Epoch: 970, Sum of Accs: 9.437, Sum of s_i: 132.74374048235515
2024-05-21 17:33:23 - INFO     - {6: 13.420818647003621, 9: 13.129531483788893, 0: 13.38390833757037, 2: 13.494917875514558, 4: 13.144525200785239, 3: 13.294794057255213, 5: 13.416036730946479, 1: 13.441172897923632, 8: 13.031991683821264, 7: 13.027280937727896}
2024-05-21 17:33:23 - INFO     - 0.9518518518518518, 0.9518518518518518, 0.9444444444444444, 0.9296296296296296, 0.9148148148148149, 0.9481481481481482, 0.937037037037037, 0.9444444444444444, 0.9629629629629629, 0.9518518518518518
2024-05-21 17:33:23 - WARNING  - Epoch: 971, Sum of Accs: 9.437, Sum of s_i: 132.78497785233716
2024-05-21 17:33:29 - INFO     - {6: 13.425223725934256, 9: 13.133423492219654, 0: 13.388217672785483, 2: 13.499325242844225, 4: 13.14873612292543, 3: 13.29923760558535, 5: 13.420382659018381, 1: 13.445834839330768, 8: 13.036015340736666, 7: 13.031315262174308}
2024-05-21 17:33:29 - INFO     - 0.9518518518518518, 0.9518518518518518, 0.9444444444444444, 0.9296296296296296, 0.9148148148148149, 0.9481481481481482, 0.9407407407407408, 0.9444444444444444, 0.9629629629629629, 0.9518518518518518
2024-05-21 17:33:29 - WARNING  - Epoch: 972, Sum of Accs: 9.441, Sum of s_i: 132.82771196355452
2024-05-21 17:33:35 - INFO     - {6: 13.429445621621207, 9: 13.137388166718969, 0: 13.392382664616823, 2: 13.503369383302648, 4: 13.153078100826676, 3: 13.303693792819436, 5: 13.424668076626013, 1: 13.450463782468859, 8: 13.040068355585356, 7: 13.035421292645571}
2024-05-21 17:33:35 - INFO     - 0.9518518518518518, 0.9518518518518518, 0.9444444444444444, 0.9296296296296296, 0.9148148148148149, 0.9481481481481482, 0.9407407407407408, 0.9444444444444444, 0.9629629629629629, 0.9518518518518518
2024-05-21 17:33:35 - WARNING  - Epoch: 973, Sum of Accs: 9.441, Sum of s_i: 132.86997923723155
2024-05-21 17:33:42 - INFO     - {6: 13.433275360964512, 9: 13.141276147379472, 0: 13.396512980916578, 2: 13.50752230598739, 4: 13.157435457283452, 3: 13.307782929851063, 5: 13.428987845913202, 1: 13.454754055333144, 8: 13.04389479596235, 7: 13.039164696008763}
2024-05-21 17:33:42 - INFO     - 0.9518518518518518, 0.9518518518518518, 0.9407407407407408, 0.9296296296296296, 0.9148148148148149, 0.9481481481481482, 0.9407407407407408, 0.9481481481481482, 0.9629629629629629, 0.9518518518518518
2024-05-21 17:33:42 - WARNING  - Epoch: 974, Sum of Accs: 9.441, Sum of s_i: 132.9106065755999
2024-05-21 17:33:48 - INFO     - {6: 13.438006577964732, 9: 13.14508463950838, 0: 13.400758516974701, 2: 13.511895967526858, 4: 13.16154134461755, 3: 13.311629775364564, 5: 13.433238730220934, 1: 13.458971409134378, 8: 13.047738020541855, 7: 13.043173198184167}
2024-05-21 17:33:48 - INFO     - 0.9518518518518518, 0.9481481481481482, 0.9407407407407408, 0.9296296296296296, 0.9148148148148149, 0.9481481481481482, 0.9407407407407408, 0.9481481481481482, 0.9629629629629629, 0.9518518518518518
2024-05-21 17:33:48 - WARNING  - Epoch: 975, Sum of Accs: 9.437, Sum of s_i: 132.95203818003813
2024-05-21 17:33:54 - INFO     - {6: 13.442433799104466, 9: 13.149159643743213, 0: 13.404914263174568, 2: 13.515927229975379, 4: 13.16545992790807, 3: 13.315918844906314, 5: 13.437379000131845, 1: 13.463030994167417, 8: 13.051784870212536, 7: 13.047568803856336}
2024-05-21 17:33:54 - INFO     - 0.9518518518518518, 0.9481481481481482, 0.9407407407407408, 0.9296296296296296, 0.9148148148148149, 0.9481481481481482, 0.9407407407407408, 0.9481481481481482, 0.9629629629629629, 0.9555555555555556
2024-05-21 17:33:54 - WARNING  - Epoch: 976, Sum of Accs: 9.441, Sum of s_i: 132.99357737718015
2024-05-21 17:34:01 - INFO     - {6: 13.446977200425513, 9: 13.153255733861393, 0: 13.409193738674215, 2: 13.520348498658501, 4: 13.169446875695877, 3: 13.320446377067336, 5: 13.441842827890556, 1: 13.4672613768856, 8: 13.055974545397707, 7: 13.05193544912761}
2024-05-21 17:34:01 - INFO     - 0.9518518518518518, 0.9481481481481482, 0.9407407407407408, 0.9333333333333333, 0.9148148148148149, 0.9481481481481482, 0.9407407407407408, 0.9481481481481482, 0.9629629629629629, 0.9555555555555556
2024-05-21 17:34:01 - WARNING  - Epoch: 977, Sum of Accs: 9.444, Sum of s_i: 133.0366826236843
2024-05-21 17:34:07 - INFO     - {6: 13.45134088857133, 9: 13.157830393019024, 0: 13.413382510399876, 2: 13.52522975430586, 4: 13.173436999841332, 3: 13.324959309913101, 5: 13.445854217389623, 1: 13.471727454808072, 8: 13.06014013455377, 7: 13.055706672330993}
2024-05-21 17:34:07 - INFO     - 0.9518518518518518, 0.9481481481481482, 0.9407407407407408, 0.9333333333333333, 0.9148148148148149, 0.9481481481481482, 0.9407407407407408, 0.9481481481481482, 0.9629629629629629, 0.9555555555555556
2024-05-21 17:34:07 - WARNING  - Epoch: 978, Sum of Accs: 9.444, Sum of s_i: 133.07960833513297
2024-05-21 17:34:13 - INFO     - {6: 13.45607788826968, 9: 13.162008328888712, 0: 13.417471563461023, 2: 13.529481556833561, 4: 13.177330498109528, 3: 13.329621271043738, 5: 13.450293979818518, 1: 13.476245475564408, 8: 13.064098148108846, 7: 13.059155818031272}
2024-05-21 17:34:13 - INFO     - 0.9518518518518518, 0.9518518518518518, 0.9407407407407408, 0.9333333333333333, 0.9148148148148149, 0.9481481481481482, 0.9407407407407408, 0.9481481481481482, 0.9629629629629629, 0.9555555555555556
2024-05-21 17:34:13 - WARNING  - Epoch: 979, Sum of Accs: 9.448, Sum of s_i: 133.12178452812927
2024-05-21 17:34:19 - INFO     - {6: 13.46053716377337, 9: 13.165980550934574, 0: 13.421737943801675, 2: 13.534060117167343, 4: 13.181591653057666, 3: 13.333890516394172, 5: 13.454308567093465, 1: 13.480218786939952, 8: 13.067968076747587, 7: 13.063574355400048}
2024-05-21 17:34:19 - INFO     - 0.9518518518518518, 0.9518518518518518, 0.9407407407407408, 0.9333333333333333, 0.9148148148148149, 0.9481481481481482, 0.9407407407407408, 0.9481481481481482, 0.9629629629629629, 0.9555555555555556
2024-05-21 17:34:19 - WARNING  - Epoch: 980, Sum of Accs: 9.448, Sum of s_i: 133.16386773130986
2024-05-21 17:34:25 - INFO     - {6: 13.464736255095643, 9: 13.16975666924001, 0: 13.426137218458257, 2: 13.538236161545763, 4: 13.185620637326558, 3: 13.33789575775803, 5: 13.458977057492953, 1: 13.484833600601325, 8: 13.071829307128734, 7: 13.0677726037354}
2024-05-21 17:34:25 - INFO     - 0.9518518518518518, 0.9518518518518518, 0.9407407407407408, 0.9333333333333333, 0.9148148148148149, 0.9481481481481482, 0.9407407407407408, 0.9481481481481482, 0.9629629629629629, 0.9555555555555556
2024-05-21 17:34:25 - WARNING  - Epoch: 981, Sum of Accs: 9.448, Sum of s_i: 133.20579526838267
2024-05-21 17:34:32 - INFO     - {6: 13.46946036911212, 9: 13.173818659275824, 0: 13.430550906876123, 2: 13.542711135852834, 4: 13.189840213056376, 3: 13.34229291641022, 5: 13.463074726310216, 1: 13.489589385537542, 8: 13.075890066915896, 7: 13.071811249807615}
2024-05-21 17:34:32 - INFO     - 0.9518518518518518, 0.9518518518518518, 0.9407407407407408, 0.9333333333333333, 0.9148148148148149, 0.9518518518518518, 0.9407407407407408, 0.9481481481481482, 0.9629629629629629, 0.9555555555555556
2024-05-21 17:34:32 - WARNING  - Epoch: 982, Sum of Accs: 9.452, Sum of s_i: 133.24903962915474
2024-05-21 17:34:38 - INFO     - {6: 13.473969965838817, 9: 13.17787782207691, 0: 13.43481254117718, 2: 13.546634144888515, 4: 13.194500882012381, 3: 13.346369403393417, 5: 13.467555623079265, 1: 13.49376769074969, 8: 13.079689686001293, 7: 13.075541018229732}
2024-05-21 17:34:38 - INFO     - 0.9518518518518518, 0.9518518518518518, 0.9407407407407408, 0.9333333333333333, 0.9148148148148149, 0.9518518518518518, 0.9407407407407408, 0.9481481481481482, 0.9629629629629629, 0.9555555555555556
2024-05-21 17:34:38 - WARNING  - Epoch: 983, Sum of Accs: 9.452, Sum of s_i: 133.2907187774472
2024-05-21 17:34:44 - INFO     - {6: 13.478533782687336, 9: 13.18165381840458, 0: 13.439192248771501, 2: 13.550907068591671, 4: 13.198550126728174, 3: 13.350404299538722, 5: 13.471507325859852, 1: 13.498119211787262, 8: 13.083593626054984, 7: 13.079261033871951}
2024-05-21 17:34:44 - INFO     - 0.9518518518518518, 0.9518518518518518, 0.9407407407407408, 0.9333333333333333, 0.9185185185185185, 0.9518518518518518, 0.9407407407407408, 0.9481481481481482, 0.9629629629629629, 0.9555555555555556
2024-05-21 17:34:44 - WARNING  - Epoch: 984, Sum of Accs: 9.456, Sum of s_i: 133.331722542296
2024-05-21 17:34:50 - INFO     - {6: 13.483213339608511, 9: 13.185692670967521, 0: 13.443378567750935, 2: 13.55528141255092, 4: 13.20267663102806, 3: 13.354837441999702, 5: 13.475391359141122, 1: 13.502278467301595, 8: 13.087077316341563, 7: 13.083599465235563}
2024-05-21 17:34:50 - INFO     - 0.9518518518518518, 0.9518518518518518, 0.9407407407407408, 0.9333333333333333, 0.9185185185185185, 0.9518518518518518, 0.9407407407407408, 0.9481481481481482, 0.9629629629629629, 0.9555555555555556
2024-05-21 17:34:50 - WARNING  - Epoch: 985, Sum of Accs: 9.456, Sum of s_i: 133.3734266719255
2024-05-21 17:34:56 - INFO     - {6: 13.48750607967152, 9: 13.189677607703052, 0: 13.447688595569467, 2: 13.55935831610501, 4: 13.206989876909836, 3: 13.359067917316262, 5: 13.480130791944806, 1: 13.506641892819575, 8: 13.091123845714865, 7: 13.087831311893035}
2024-05-21 17:34:56 - INFO     - 0.9518518518518518, 0.9518518518518518, 0.9407407407407408, 0.9333333333333333, 0.9185185185185185, 0.9518518518518518, 0.9407407407407408, 0.9481481481481482, 0.9629629629629629, 0.9555555555555556
2024-05-21 17:34:56 - WARNING  - Epoch: 986, Sum of Accs: 9.456, Sum of s_i: 133.41601623564742
2024-05-21 17:35:02 - INFO     - {6: 13.491885446688876, 9: 13.193680396237324, 0: 13.451883558119144, 2: 13.563889408043643, 4: 13.211140660785723, 3: 13.363297951859415, 5: 13.484388923047042, 1: 13.51115740229648, 8: 13.09463503674584, 7: 13.091528466239412}
2024-05-21 17:35:02 - INFO     - 0.9518518518518518, 0.9518518518518518, 0.9407407407407408, 0.9333333333333333, 0.9185185185185185, 0.9518518518518518, 0.9407407407407408, 0.9481481481481482, 0.9629629629629629, 0.9555555555555556
2024-05-21 17:35:02 - WARNING  - Epoch: 987, Sum of Accs: 9.456, Sum of s_i: 133.4574872500629
2024-05-21 17:35:09 - INFO     - {6: 13.496044609811094, 9: 13.197482248460112, 0: 13.455914700339681, 2: 13.567755011397962, 4: 13.215082249564782, 3: 13.367420455319083, 5: 13.488632946445096, 1: 13.51538115181766, 8: 13.098027654623904, 7: 13.09536366520082}
2024-05-21 17:35:09 - INFO     - 0.9555555555555556, 0.9518518518518518, 0.9407407407407408, 0.9333333333333333, 0.9185185185185185, 0.9518518518518518, 0.9407407407407408, 0.9481481481481482, 0.9629629629629629, 0.9555555555555556
2024-05-21 17:35:09 - WARNING  - Epoch: 988, Sum of Accs: 9.459, Sum of s_i: 133.4971046929802
2024-05-21 17:35:15 - INFO     - {6: 13.50047659083224, 9: 13.201332247202107, 0: 13.460231183516553, 2: 13.571861797411882, 4: 13.218830524463174, 3: 13.371692713598348, 5: 13.4929466390469, 1: 13.519640717747789, 8: 13.102242325994329, 7: 13.099366069682162}
2024-05-21 17:35:15 - INFO     - 0.9555555555555556, 0.9518518518518518, 0.9407407407407408, 0.9333333333333333, 0.9185185185185185, 0.9518518518518518, 0.9407407407407408, 0.9444444444444444, 0.9629629629629629, 0.9555555555555556
2024-05-21 17:35:15 - WARNING  - Epoch: 989, Sum of Accs: 9.456, Sum of s_i: 133.5386208094955
2024-05-21 17:35:21 - INFO     - {6: 13.504488441730158, 9: 13.205079474751525, 0: 13.464754231132348, 2: 13.576331097766005, 4: 13.223419765077676, 3: 13.37573400212526, 5: 13.497510497418157, 1: 13.523732393245345, 8: 13.105775074488479, 7: 13.103181205949}
2024-05-21 17:35:21 - INFO     - 0.9555555555555556, 0.9518518518518518, 0.9407407407407408, 0.9333333333333333, 0.9185185185185185, 0.9518518518518518, 0.9407407407407408, 0.9444444444444444, 0.9629629629629629, 0.9555555555555556
2024-05-21 17:35:21 - WARNING  - Epoch: 990, Sum of Accs: 9.456, Sum of s_i: 133.58000618368396
2024-05-21 17:35:27 - INFO     - {6: 13.508526980594786, 9: 13.208775664692766, 0: 13.469532065742108, 2: 13.580368277214738, 4: 13.227364519769518, 3: 13.380179049327822, 5: 13.501727463135742, 1: 13.527807833135762, 8: 13.109765418704377, 7: 13.107471234771578}
2024-05-21 17:35:27 - INFO     - 0.9518518518518518, 0.9518518518518518, 0.9407407407407408, 0.9333333333333333, 0.9185185185185185, 0.9518518518518518, 0.9407407407407408, 0.9444444444444444, 0.9629629629629629, 0.9555555555555556
2024-05-21 17:35:27 - WARNING  - Epoch: 991, Sum of Accs: 9.452, Sum of s_i: 133.62151850708918
2024-05-21 17:35:33 - INFO     - {6: 13.512672900251559, 9: 13.212190820618805, 0: 13.473732415906326, 2: 13.584699240408016, 4: 13.231400925144278, 3: 13.384238441116459, 5: 13.505711836515049, 1: 13.532116091673288, 8: 13.113849995018313, 7: 13.111338186732743}
2024-05-21 17:35:33 - INFO     - 0.9518518518518518, 0.9518518518518518, 0.9407407407407408, 0.9333333333333333, 0.9185185185185185, 0.9518518518518518, 0.9407407407407408, 0.9444444444444444, 0.9629629629629629, 0.9592592592592593
2024-05-21 17:35:33 - WARNING  - Epoch: 992, Sum of Accs: 9.456, Sum of s_i: 133.66195085338484
2024-05-21 17:35:40 - INFO     - {6: 13.517273162823164, 9: 13.216140969926164, 0: 13.477937649422753, 2: 13.588824593535504, 4: 13.235470737594026, 3: 13.388499352324997, 5: 13.509970430430988, 1: 13.536911494959083, 8: 13.11758954184411, 7: 13.11504466969377}
2024-05-21 17:35:40 - INFO     - 0.9518518518518518, 0.9518518518518518, 0.9407407407407408, 0.9333333333333333, 0.9185185185185185, 0.9518518518518518, 0.9407407407407408, 0.9444444444444444, 0.9629629629629629, 0.9592592592592593
2024-05-21 17:35:40 - WARNING  - Epoch: 993, Sum of Accs: 9.456, Sum of s_i: 133.70366260255454
2024-05-21 17:35:46 - INFO     - {6: 13.521435998751219, 9: 13.220227687860914, 0: 13.481680022039503, 2: 13.593405953426792, 4: 13.239940104180024, 3: 13.392288031862572, 5: 13.514310102945782, 1: 13.541407150844455, 8: 13.121412025762485, 7: 13.118700266100968}
2024-05-21 17:35:46 - INFO     - 0.9518518518518518, 0.9518518518518518, 0.9407407407407408, 0.9333333333333333, 0.9185185185185185, 0.9481481481481482, 0.9407407407407408, 0.9444444444444444, 0.9629629629629629, 0.9592592592592593
2024-05-21 17:35:46 - WARNING  - Epoch: 994, Sum of Accs: 9.452, Sum of s_i: 133.7448073437747
2024-05-21 17:35:52 - INFO     - {6: 13.525715042908395, 9: 13.224238513533972, 0: 13.485808623583468, 2: 13.597528509481736, 4: 13.244113636452711, 3: 13.396603459521513, 5: 13.518666779834009, 1: 13.545694575114563, 8: 13.125578936353143, 7: 13.12256930623692}
2024-05-21 17:35:52 - INFO     - 0.9518518518518518, 0.9518518518518518, 0.9407407407407408, 0.9333333333333333, 0.9185185185185185, 0.9481481481481482, 0.9407407407407408, 0.9444444444444444, 0.9629629629629629, 0.9592592592592593
2024-05-21 17:35:52 - WARNING  - Epoch: 995, Sum of Accs: 9.452, Sum of s_i: 133.78651738302045
2024-05-21 17:35:58 - INFO     - {6: 13.529785621495634, 9: 13.228409162430625, 0: 13.489942351532832, 2: 13.6020872832896, 4: 13.248211668058474, 3: 13.400710823317182, 5: 13.52308018645991, 1: 13.54950946942339, 8: 13.12975117847473, 7: 13.126145349587745}
2024-05-21 17:35:58 - INFO     - 0.9518518518518518, 0.9518518518518518, 0.9407407407407408, 0.9333333333333333, 0.9185185185185185, 0.9481481481481482, 0.9407407407407408, 0.9444444444444444, 0.9629629629629629, 0.9592592592592593
2024-05-21 17:35:58 - WARNING  - Epoch: 996, Sum of Accs: 9.452, Sum of s_i: 133.8276330940701
2024-05-21 17:36:05 - INFO     - {6: 13.53375036305513, 9: 13.23260437300538, 0: 13.494005452220094, 2: 13.60646849259973, 4: 13.252378407156677, 3: 13.404988842475804, 5: 13.52714232133101, 1: 13.553615165077993, 8: 13.133796705377273, 7: 13.12986748679493}
2024-05-21 17:36:05 - INFO     - 0.9518518518518518, 0.9518518518518518, 0.9407407407407408, 0.9333333333333333, 0.9185185185185185, 0.9481481481481482, 0.9407407407407408, 0.9444444444444444, 0.9629629629629629, 0.9592592592592593
2024-05-21 17:36:05 - WARNING  - Epoch: 997, Sum of Accs: 9.452, Sum of s_i: 133.868617609094
2024-05-21 17:36:11 - INFO     - {6: 13.538196284908867, 9: 13.236592566876947, 0: 13.498385597161894, 2: 13.611005757876827, 4: 13.256080690141498, 3: 13.409029752612227, 5: 13.531419403482483, 1: 13.557638866259207, 8: 13.13759454265084, 7: 13.133906507122669}
2024-05-21 17:36:11 - INFO     - 0.9518518518518518, 0.9518518518518518, 0.9407407407407408, 0.9333333333333333, 0.9185185185185185, 0.9481481481481482, 0.9407407407407408, 0.9444444444444444, 0.9629629629629629, 0.9592592592592593
2024-05-21 17:36:11 - WARNING  - Epoch: 998, Sum of Accs: 9.452, Sum of s_i: 133.90984996909347
2024-05-21 17:36:17 - INFO     - {6: 13.542314195272871, 9: 13.240298988588224, 0: 13.502982903799454, 2: 13.615760177829685, 4: 13.26022362915215, 3: 13.413249912815482, 5: 13.53499761462591, 1: 13.561917235154814, 8: 13.14149758441486, 7: 13.137679243653695}
2024-05-21 17:36:17 - INFO     - 0.9518518518518518, 0.9518518518518518, 0.9407407407407408, 0.9333333333333333, 0.9185185185185185, 0.9481481481481482, 0.9407407407407408, 0.9444444444444444, 0.9629629629629629, 0.9592592592592593
2024-05-21 17:36:17 - WARNING  - Epoch: 999, Sum of Accs: 9.452, Sum of s_i: 133.95092148530716
2024-05-21 17:36:23 - INFO     - {6: 13.546473451991183, 9: 13.244267209502906, 0: 13.507447250583196, 2: 13.620147458668301, 4: 13.26428904230588, 3: 13.416820945547867, 5: 13.539400724735641, 1: 13.566002520079467, 8: 13.145789080130902, 7: 13.141550342052726}
2024-05-21 17:36:23 - INFO     - 0.9518518518518518, 0.9518518518518518, 0.9407407407407408, 0.9333333333333333, 0.9185185185185185, 0.9481481481481482, 0.9407407407407408, 0.9444444444444444, 0.9629629629629629, 0.9592592592592593
2024-05-21 17:36:23 - WARNING  - Epoch: 1000, Sum of Accs: 9.452, Sum of s_i: 133.99218802559807