Setting random_seed seed for reproducible results.
2024-05-21 14:38:47 - WARNING  - Logging to: saved_models/model_MNIST_FedAvg_May.21_14.38.47_test
2024-05-21 14:38:59 - WARNING  - Running vanilla FL, no attack.
2024-05-21 14:38:59 - INFO     - {6: 1.0, 9: 1.0, 0: 1.0, 2: 1.0, 4: 1.0, 3: 1.0, 5: 1.0, 1: 1.0, 8: 1.0, 7: 1.0}
2024-05-21 14:39:03 - INFO     - {6: 1.0049748472741027, 9: 1.004486607386713, 0: 1.0033561454389546, 2: 1.0056905257087405, 4: 1.0037900922749416, 3: 1.0061287998462578, 5: 1.0052535658698867, 1: 1.0050265200817987, 8: 1.0045731845753252, 7: 1.0036089076272423}
2024-05-21 14:39:03 - INFO     - 0.12222222222222222, 0.15555555555555556, 0.09259259259259259, 0.12962962962962962, 0.10740740740740741, 0.16296296296296298, 0.13703703703703704, 0.1111111111111111, 0.1111111111111111, 0.1037037037037037
2024-05-21 14:39:03 - WARNING  - Epoch: 0, Sum of Accs: 1.233, Sum of s_i: 10.046889196083963
2024-05-21 14:39:07 - INFO     - {6: 1.0098299444886838, 9: 1.0088662338366468, 0: 1.00660530994113, 2: 1.0112740704807022, 4: 1.0074732036131044, 3: 1.0121506187557365, 5: 1.0103873816802516, 1: 1.0099460592268186, 8: 1.0090393882138715, 7: 1.007098065194963}
2024-05-21 14:39:07 - INFO     - 0.08518518518518518, 0.11851851851851852, 0.07777777777777778, 0.10740740740740741, 0.0962962962962963, 0.12962962962962962, 0.09259259259259259, 0.07777777777777778, 0.08518518518518518, 0.08888888888888889
2024-05-21 14:39:07 - WARNING  - Epoch: 1, Sum of Accs: 0.959, Sum of s_i: 10.092670275431908
2024-05-21 14:39:11 - INFO     - {6: 1.0145694087399764, 9: 1.0131302273232923, 0: 1.0097162486547724, 2: 1.0167115942601817, 4: 1.0109966827603996, 3: 1.0180128054743478, 5: 1.0153381124106888, 1: 1.0146825132919106, 8: 1.0133459596615502, 7: 1.0103692668891646}
2024-05-21 14:39:11 - INFO     - 0.14074074074074075, 0.17407407407407408, 0.17777777777777778, 0.17037037037037037, 0.17777777777777778, 0.1814814814814815, 0.2037037037037037, 0.13703703703703704, 0.16296296296296298, 0.16666666666666666
2024-05-21 14:39:11 - WARNING  - Epoch: 2, Sum of Accs: 1.693, Sum of s_i: 10.136872819466284
2024-05-21 14:39:15 - INFO     - {6: 1.019198415289263, 9: 1.0172722625004842, 0: 1.012727821884206, 2: 1.0220575477594012, 4: 1.0144422028258202, 3: 1.0237575143697266, 5: 1.0201948182069538, 1: 1.019298749874557, 8: 1.0175350532859964, 7: 1.0135551218945118}
2024-05-21 14:39:15 - INFO     - 0.09259259259259259, 0.14814814814814814, 0.14814814814814814, 0.13703703703703704, 0.13703703703703704, 0.1259259259259259, 0.15925925925925927, 0.1111111111111111, 0.11851851851851852, 0.13333333333333333
2024-05-21 14:39:15 - WARNING  - Epoch: 3, Sum of Accs: 1.311, Sum of s_i: 10.180039507890921
2024-05-21 14:39:19 - INFO     - {6: 1.0237206626168678, 9: 1.0213190390634417, 0: 1.0156230727992137, 2: 1.0273082426443865, 4: 1.0177514162360117, 3: 1.029446483392229, 5: 1.0249327054595712, 1: 1.023822360461829, 8: 1.0216273589965712, 7: 1.0167114295752562}
2024-05-21 14:39:19 - INFO     - 0.08518518518518518, 0.1111111111111111, 0.13703703703703704, 0.11481481481481481, 0.1111111111111111, 0.07777777777777778, 0.14074074074074075, 0.08518518518518518, 0.08518518518518518, 0.1037037037037037
2024-05-21 14:39:19 - WARNING  - Epoch: 4, Sum of Accs: 1.052, Sum of s_i: 10.222262771245378
2024-05-21 14:39:23 - INFO     - {6: 1.0281395298809162, 9: 1.025262435562843, 0: 1.0184156544962628, 2: 1.0324352046112215, 4: 1.0209587062249827, 3: 1.034992480952516, 5: 1.029569477515111, 1: 1.0282448558520236, 8: 1.0256177412859258, 7: 1.0197035433881516}
2024-05-21 14:39:23 - INFO     - 0.08518518518518518, 0.11481481481481481, 0.14814814814814814, 0.12222222222222222, 0.11481481481481481, 0.09259259259259259, 0.15925925925925927, 0.0962962962962963, 0.0962962962962963, 0.1111111111111111
2024-05-21 14:39:23 - WARNING  - Epoch: 5, Sum of Accs: 1.141, Sum of s_i: 10.263339629769954
2024-05-21 14:39:27 - INFO     - {6: 1.0324588026994161, 9: 1.0290958207049334, 0: 1.0211093414127004, 2: 1.0374632717974452, 4: 1.0240863399774076, 3: 1.0404588222762567, 5: 1.034147815739738, 1: 1.0326089174113056, 8: 1.0295284673387342, 7: 1.0226372233701344}
2024-05-21 14:39:27 - INFO     - 0.2037037037037037, 0.2518518518518518, 0.22962962962962963, 0.1925925925925926, 0.1962962962962963, 0.2111111111111111, 0.2037037037037037, 0.21481481481481482, 0.2111111111111111, 0.21481481481481482
2024-05-21 14:39:27 - WARNING  - Epoch: 6, Sum of Accs: 2.130, Sum of s_i: 10.303594822728071
2024-05-21 14:39:31 - INFO     - {6: 1.0366813970593085, 9: 1.0328328556448505, 0: 1.0237260030601871, 2: 1.04240422505939, 4: 1.0271268598055534, 3: 1.0458038738523003, 5: 1.038649128695414, 1: 1.0368858650463084, 8: 1.0333520794672635, 7: 1.02544961360442}
2024-05-21 14:39:31 - INFO     - 0.32222222222222224, 0.35185185185185186, 0.34074074074074073, 0.35185185185185186, 0.29259259259259257, 0.3333333333333333, 0.3074074074074074, 0.34074074074074073, 0.3, 0.29259259259259257
2024-05-21 14:39:31 - WARNING  - Epoch: 7, Sum of Accs: 3.233, Sum of s_i: 10.342911901294997
2024-05-21 14:39:36 - INFO     - {6: 1.0408104370486277, 9: 1.0364766493734343, 0: 1.0262393348410126, 2: 1.0472519371100013, 4: 1.030074138422366, 3: 1.051089860040429, 5: 1.0430471117844289, 1: 1.041069571469978, 8: 1.0370824503844596, 7: 1.0282029384507905}
2024-05-21 14:39:36 - INFO     - 0.5111111111111111, 0.45555555555555555, 0.45185185185185184, 0.48518518518518516, 0.42962962962962964, 0.4888888888888889, 0.42592592592592593, 0.44814814814814813, 0.42592592592592593, 0.44814814814814813
2024-05-21 14:39:36 - WARNING  - Epoch: 8, Sum of Accs: 4.570, Sum of s_i: 10.381344428925528
2024-05-21 14:39:40 - INFO     - {6: 1.0448488487068992, 9: 1.0400395902670585, 0: 1.0286718137868787, 2: 1.0520187963256533, 4: 1.032940564204219, 3: 1.0562949933935983, 5: 1.0473106877947775, 1: 1.0451089190877054, 8: 1.0407319684666962, 7: 1.0307939824126697}
2024-05-21 14:39:40 - INFO     - 0.5703703703703704, 0.5444444444444444, 0.5333333333333333, 0.5481481481481482, 0.4777777777777778, 0.5666666666666667, 0.5222222222222223, 0.5259259259259259, 0.4740740740740741, 0.5407407407407407
2024-05-21 14:39:40 - WARNING  - Epoch: 9, Sum of Accs: 5.304, Sum of s_i: 10.418760164446155
2024-05-21 14:39:44 - INFO     - {6: 1.0487997999672911, 9: 1.0435150707628034, 0: 1.0309995623932795, 2: 1.0566981951434258, 4: 1.0357195295881927, 3: 1.061412666348888, 5: 1.0515230877093678, 1: 1.049124312278536, 8: 1.044276756209468, 7: 1.0333789940262013}
2024-05-21 14:39:44 - INFO     - 0.5703703703703704, 0.4925925925925926, 0.4666666666666667, 0.4888888888888889, 0.4962962962962963, 0.5111111111111111, 0.4666666666666667, 0.4962962962962963, 0.4666666666666667, 0.48148148148148145
2024-05-21 14:39:44 - WARNING  - Epoch: 10, Sum of Accs: 4.937, Sum of s_i: 10.455447974427454
2024-05-21 14:39:48 - INFO     - {6: 1.0526657212460395, 9: 1.0468966030502813, 0: 1.0332428384187693, 2: 1.0612758514387015, 4: 1.0383967524496698, 3: 1.0664285967816811, 5: 1.055651015043047, 1: 1.0530379629468702, 8: 1.0477370713713285, 7: 1.035862263117236}
2024-05-21 14:39:48 - INFO     - 0.07407407407407407, 0.09259259259259259, 0.1259259259259259, 0.0962962962962963, 0.10740740740740741, 0.07037037037037037, 0.1259259259259259, 0.07037037037037037, 0.08148148148148149, 0.08518518518518518
2024-05-21 14:39:48 - WARNING  - Epoch: 11, Sum of Accs: 0.930, Sum of s_i: 10.491194675863623
2024-05-21 14:39:52 - INFO     - {6: 1.0564494796602888, 9: 1.0501962331278762, 0: 1.0354044628172339, 2: 1.0657669172087731, 4: 1.0409873847859428, 3: 1.0713417734425625, 5: 1.059692351851522, 1: 1.0568650230900003, 8: 1.0510946327612773, 7: 1.0382427784363593}
2024-05-21 14:39:52 - INFO     - 0.10740740740740741, 0.12222222222222222, 0.11481481481481481, 0.08148148148148149, 0.08888888888888889, 0.1, 0.07407407407407407, 0.1259259259259259, 0.09259259259259259, 0.11851851851851852
2024-05-21 14:39:52 - WARNING  - Epoch: 12, Sum of Accs: 1.026, Sum of s_i: 10.526041037181837
2024-05-21 14:39:56 - INFO     - {6: 1.0601537887650778, 9: 1.0534166627804766, 0: 1.0374944305220761, 2: 1.0701996738709427, 4: 1.043489216472535, 3: 1.0761766502030357, 5: 1.0636448880103162, 1: 1.0606032825834495, 8: 1.0544016396024902, 7: 1.040509233767817}
2024-05-21 14:39:56 - INFO     - 0.16296296296296298, 0.08888888888888889, 0.0962962962962963, 0.12962962962962962, 0.1037037037037037, 0.12962962962962962, 0.08148148148148149, 0.1, 0.1037037037037037, 0.07037037037037037
2024-05-21 14:39:56 - WARNING  - Epoch: 13, Sum of Accs: 1.067, Sum of s_i: 10.560089466578217
2024-05-21 14:40:00 - INFO     - {6: 1.0637810751974808, 9: 1.05656030808913, 0: 1.03950053835608, 2: 1.0745401619747328, 4: 1.045929271142526, 3: 1.0809554124443428, 5: 1.0675356471525095, 1: 1.0642797650602978, 8: 1.057624786572865, 7: 1.0427553346673661}
2024-05-21 14:40:00 - INFO     - 0.15925925925925927, 0.08888888888888889, 0.0962962962962963, 0.12962962962962962, 0.1037037037037037, 0.12962962962962962, 0.08148148148148149, 0.1, 0.1037037037037037, 0.07037037037037037
2024-05-21 14:40:00 - WARNING  - Epoch: 14, Sum of Accs: 1.063, Sum of s_i: 10.59346230065733
2024-05-21 14:40:04 - INFO     - {6: 1.0673334434632944, 9: 1.0596372055902965, 0: 1.0414469739094883, 2: 1.078820977797927, 4: 1.0483096535319214, 3: 1.0856745024050543, 5: 1.071366734014107, 1: 1.0678965752565501, 8: 1.0607882612626438, 7: 1.0449417632863194}
2024-05-21 14:40:04 - INFO     - 0.15925925925925927, 0.08888888888888889, 0.0962962962962963, 0.12962962962962962, 0.1037037037037037, 0.12962962962962962, 0.08148148148148149, 0.1, 0.1037037037037037, 0.07037037037037037
2024-05-21 14:40:04 - WARNING  - Epoch: 15, Sum of Accs: 1.063, Sum of s_i: 10.626216090517604
2024-05-21 14:40:08 - INFO     - {6: 1.070812831983092, 9: 1.0626334025139448, 0: 1.0433127088853782, 2: 1.0830103144750205, 4: 1.0506093353437986, 3: 1.0902877459244962, 5: 1.0750817730623101, 1: 1.071407539011533, 8: 1.0638710353749046, 7: 1.047022345464003}
2024-05-21 14:40:08 - INFO     - 0.16296296296296298, 0.1, 0.1, 0.13333333333333333, 0.1037037037037037, 0.13333333333333333, 0.08518518518518518, 0.11481481481481481, 0.10740740740740741, 0.07777777777777778
2024-05-21 14:40:08 - WARNING  - Epoch: 16, Sum of Accs: 1.119, Sum of s_i: 10.658049032038482
2024-05-21 14:40:12 - INFO     - {6: 1.0742218079963877, 9: 1.0655669077625933, 0: 1.0451157521862684, 2: 1.0871477380456966, 4: 1.052846325480676, 3: 1.0948634436326896, 5: 1.0787694676713897, 1: 1.0748809569552673, 8: 1.0668911178121654, 7: 1.0490653818304383}
2024-05-21 14:40:12 - INFO     - 0.17777777777777778, 0.1111111111111111, 0.11481481481481481, 0.13703703703703704, 0.1111111111111111, 0.15185185185185185, 0.09259259259259259, 0.12962962962962962, 0.1259259259259259, 0.09259259259259259
2024-05-21 14:40:12 - WARNING  - Epoch: 17, Sum of Accs: 1.244, Sum of s_i: 10.689368899373573
2024-05-21 14:40:16 - INFO     - {6: 1.0775619972527206, 9: 1.068424318838768, 0: 1.0468364544315862, 2: 1.0911990606867756, 4: 1.0550009745619808, 3: 1.0993568002853107, 5: 1.0823477149857355, 1: 1.0782371322118856, 8: 1.0698288591938538, 7: 1.0510223172672764}
2024-05-21 14:40:16 - INFO     - 0.2111111111111111, 0.14074074074074075, 0.15925925925925927, 0.18518518518518517, 0.13703703703703704, 0.18888888888888888, 0.10740740740740741, 0.14814814814814814, 0.15185185185185185, 0.1111111111111111
2024-05-21 14:40:16 - WARNING  - Epoch: 18, Sum of Accs: 1.541, Sum of s_i: 10.719815629715892
2024-05-21 14:40:20 - INFO     - {6: 1.0808357794801517, 9: 1.0712155168299433, 0: 1.048491129706609, 2: 1.0951941769999785, 4: 1.0570895966729907, 3: 1.1037673466622608, 5: 1.0858870415689477, 1: 1.0815281871139648, 8: 1.0727005736052473, 7: 1.0529169856078442}
2024-05-21 14:40:20 - INFO     - 0.23703703703703705, 0.17407407407407408, 0.17037037037037037, 0.2, 0.15925925925925927, 0.2074074074074074, 0.12962962962962962, 0.18518518518518517, 0.17037037037037037, 0.13333333333333333
2024-05-21 14:40:20 - WARNING  - Epoch: 19, Sum of Accs: 1.767, Sum of s_i: 10.749626334247939
2024-05-21 14:40:24 - INFO     - {6: 1.0840449790281497, 9: 1.073942318734565, 0: 1.0500815879109688, 2: 1.099115586484141, 4: 1.0591021234541576, 3: 1.1081270302839408, 5: 1.0893365586814774, 1: 1.0847634275611493, 8: 1.0755046419559946, 7: 1.0547218444777295}
2024-05-21 14:40:24 - INFO     - 0.24444444444444444, 0.1925925925925926, 0.18888888888888888, 0.1962962962962963, 0.17037037037037037, 0.22592592592592592, 0.14074074074074075, 0.21481481481481482, 0.1925925925925926, 0.17777777777777778
2024-05-21 14:40:24 - WARNING  - Epoch: 20, Sum of Accs: 1.944, Sum of s_i: 10.778740098572273
2024-05-21 14:40:28 - INFO     - {6: 1.08719151930291, 9: 1.076606640502371, 0: 1.051615447731017, 2: 1.102974830947431, 4: 1.0610699301101927, 3: 1.112424548884748, 5: 1.0927244143583168, 1: 1.0879676620240415, 8: 1.0782248854610152, 7: 1.0564650419119246}
2024-05-21 14:40:28 - INFO     - 0.24444444444444444, 0.1925925925925926, 0.1925925925925926, 0.1962962962962963, 0.17407407407407408, 0.22592592592592592, 0.14074074074074075, 0.21481481481481482, 0.18888888888888888, 0.17407407407407408
2024-05-21 14:40:28 - WARNING  - Epoch: 21, Sum of Accs: 1.944, Sum of s_i: 10.807264921233967
2024-05-21 14:40:32 - INFO     - {6: 1.0902770605344267, 9: 1.079210135826639, 0: 1.0530884811075265, 2: 1.1067822445937265, 4: 1.0629601304538459, 3: 1.1166494381332313, 5: 1.0960653191741723, 1: 1.0910942901745517, 8: 1.080898178105052, 7: 1.0581612884851357}
2024-05-21 14:40:32 - INFO     - 0.24444444444444444, 0.1925925925925926, 0.18518518518518517, 0.18888888888888888, 0.16666666666666666, 0.2074074074074074, 0.14444444444444443, 0.2111111111111111, 0.17407407407407408, 0.16296296296296298
2024-05-21 14:40:32 - WARNING  - Epoch: 22, Sum of Accs: 1.878, Sum of s_i: 10.835186566588309
2024-05-21 14:40:36 - INFO     - {6: 1.0933032656658108, 9: 1.081760870193376, 0: 1.0545087535265052, 2: 1.1105220850080262, 4: 1.0647995374343466, 3: 1.120815758504126, 5: 1.0993436364459532, 1: 1.0941583307809875, 8: 1.0835088832050142, 7: 1.0597949475142723}
2024-05-21 14:40:36 - INFO     - 0.24444444444444444, 0.2074074074074074, 0.2, 0.2, 0.17407407407407408, 0.21851851851851853, 0.14444444444444443, 0.2111111111111111, 0.1814814814814815, 0.17777777777777778
2024-05-21 14:40:36 - WARNING  - Epoch: 23, Sum of Accs: 1.959, Sum of s_i: 10.862516068278415
2024-05-21 14:40:41 - INFO     - {6: 1.096271747365964, 9: 1.0842476322882784, 0: 1.055871302514253, 2: 1.114212765424956, 4: 1.0665897844174776, 3: 1.1249447130585732, 5: 1.1025845879012866, 1: 1.0971850055709755, 8: 1.0860822224885287, 7: 1.0613912407269612}
2024-05-21 14:40:41 - INFO     - 0.27037037037037037, 0.2037037037037037, 0.2037037037037037, 0.2111111111111111, 0.1814814814814815, 0.22592592592592592, 0.17407407407407408, 0.22592592592592592, 0.1962962962962963, 0.1814814814814815
2024-05-21 14:40:41 - WARNING  - Epoch: 24, Sum of Accs: 2.074, Sum of s_i: 10.889381001757254
2024-05-21 14:40:45 - INFO     - {6: 1.099183825569063, 9: 1.0866842397267302, 0: 1.0571662581617454, 2: 1.1178421013422344, 4: 1.0683186869009573, 3: 1.1290123231133689, 5: 1.1057418058000947, 1: 1.1001279468044385, 8: 1.0885718282155181, 7: 1.062903800383125}
2024-05-21 14:40:45 - INFO     - 0.3111111111111111, 0.24814814814814815, 0.25925925925925924, 0.25925925925925924, 0.2518518518518518, 0.25925925925925924, 0.23333333333333334, 0.24814814814814815, 0.25555555555555554, 0.24074074074074073
2024-05-21 14:40:45 - WARNING  - Epoch: 25, Sum of Accs: 2.567, Sum of s_i: 10.915552816017275
2024-05-21 14:40:49 - INFO     - {6: 1.1020412757192684, 9: 1.0890602738229327, 0: 1.0584068895111054, 2: 1.1214145341791135, 4: 1.0699906863040376, 3: 1.1330230300877653, 5: 1.1088670884576441, 1: 1.1030363740143758, 8: 1.091026919918982, 7: 1.0643818460157632}
2024-05-21 14:40:49 - INFO     - 0.3, 0.23703703703703705, 0.23333333333333334, 0.24074074074074073, 0.2222222222222222, 0.23703703703703705, 0.2222222222222222, 0.24074074074074073, 0.22962962962962963, 0.22962962962962963
2024-05-21 14:40:49 - WARNING  - Epoch: 26, Sum of Accs: 2.393, Sum of s_i: 10.941248918030986
2024-05-21 14:40:53 - INFO     - {6: 1.1048453957337165, 9: 1.0913889230727338, 0: 1.0596050768131482, 2: 1.1249340084900772, 4: 1.0716097271812026, 3: 1.1369807785362462, 5: 1.1119180533039916, 1: 1.105873062195378, 8: 1.0933981366493581, 7: 1.0657760166753139}
2024-05-21 14:40:53 - INFO     - 0.34074074074074073, 0.3074074074074074, 0.3111111111111111, 0.3074074074074074, 0.29259259259259257, 0.3148148148148148, 0.27037037037037037, 0.2851851851851852, 0.2851851851851852, 0.2814814814814815
2024-05-21 14:40:53 - WARNING  - Epoch: 27, Sum of Accs: 2.996, Sum of s_i: 10.966329178651167
2024-05-21 14:40:57 - INFO     - {6: 1.1075977528206509, 9: 1.0936658093950211, 0: 1.0607411555527844, 2: 1.1284021320525377, 4: 1.0731774173098645, 3: 1.140887176236224, 5: 1.1149180855655563, 1: 1.1086771801308968, 8: 1.0957489190784033, 7: 1.0671497530335334}
2024-05-21 14:40:57 - INFO     - 0.3333333333333333, 0.26666666666666666, 0.27037037037037037, 0.26296296296296295, 0.26296296296296295, 0.26666666666666666, 0.24074074074074073, 0.26296296296296295, 0.25925925925925924, 0.24814814814814815
2024-05-21 14:40:57 - WARNING  - Epoch: 28, Sum of Accs: 2.674, Sum of s_i: 10.990965381175473
2024-05-21 14:41:01 - INFO     - {6: 1.1102995393412178, 9: 1.0958865957583241, 0: 1.061826937417241, 2: 1.1318268367378683, 4: 1.0747016885613963, 3: 1.1447332797081866, 5: 1.117876185938405, 1: 1.1114378791892856, 8: 1.0980562826303186, 7: 1.0684800705146231}
2024-05-21 14:41:01 - INFO     - 0.4222222222222222, 0.36666666666666664, 0.4111111111111111, 0.3925925925925926, 0.3814814814814815, 0.4074074074074074, 0.34074074074074073, 0.37407407407407406, 0.36666666666666664, 0.3333333333333333
2024-05-21 14:41:01 - WARNING  - Epoch: 29, Sum of Accs: 3.796, Sum of s_i: 11.015125295796867
2024-05-21 14:41:05 - INFO     - {6: 1.1129519964828982, 9: 1.098058182197732, 0: 1.062873461846516, 2: 1.1352077414369293, 4: 1.0761821598266583, 3: 1.1485470586071393, 5: 1.1207777874459552, 1: 1.1141252040314906, 8: 1.1003198461959642, 7: 1.069721087040585}
2024-05-21 14:41:05 - INFO     - 0.4148148148148148, 0.337037037037037, 0.34444444444444444, 0.34814814814814815, 0.35185185185185186, 0.337037037037037, 0.3, 0.32222222222222224, 0.34074074074074073, 0.3111111111111111
2024-05-21 14:41:05 - WARNING  - Epoch: 30, Sum of Accs: 3.407, Sum of s_i: 11.03876452511187
2024-05-21 14:41:09 - INFO     - {6: 1.1155564380636709, 9: 1.1001818780066548, 0: 1.0638623966074259, 2: 1.138529055196131, 4: 1.077603040152061, 3: 1.1522970558700978, 5: 1.1236322045909646, 1: 1.11677292152999, 8: 1.1025238188217505, 7: 1.0709480135955458}
2024-05-21 14:41:09 - INFO     - 0.4111111111111111, 0.37777777777777777, 0.3925925925925926, 0.43703703703703706, 0.37777777777777777, 0.3851851851851852, 0.3851851851851852, 0.3814814814814815, 0.3333333333333333, 0.3592592592592593
2024-05-21 14:41:09 - WARNING  - Epoch: 31, Sum of Accs: 3.841, Sum of s_i: 11.06190682243429
2024-05-21 14:41:13 - INFO     - {6: 1.118114111892667, 9: 1.1022589267294707, 0: 1.0648089833824836, 2: 1.1418100222409746, 4: 1.078983573763106, 3: 1.1560162970524588, 5: 1.1264634426742117, 1: 1.1193898829478919, 8: 1.104687444733179, 7: 1.0721345934361486}
2024-05-21 14:41:13 - INFO     - 0.4740740740740741, 0.37407407407407406, 0.37407407407407406, 0.4148148148148148, 0.35555555555555557, 0.3925925925925926, 0.34074074074074073, 0.35555555555555557, 0.37777777777777777, 0.37037037037037035
2024-05-21 14:41:13 - WARNING  - Epoch: 32, Sum of Accs: 3.830, Sum of s_i: 11.08466727885259
2024-05-21 14:41:17 - INFO     - {6: 1.1206260180986978, 9: 1.104290324944671, 0: 1.0657099196499256, 2: 1.1450453387782027, 4: 1.0803061002401861, 3: 1.159674883621788, 5: 1.1292340261444271, 1: 1.1219488372318291, 8: 1.1067930635106427, 7: 1.0732631661427867}
2024-05-21 14:41:17 - INFO     - 0.25555555555555554, 0.23703703703703705, 0.26296296296296295, 0.25925925925925924, 0.21851851851851853, 0.2518518518518518, 0.22592592592592592, 0.1962962962962963, 0.21481481481481482, 0.24074074074074073
2024-05-21 14:41:17 - WARNING  - Epoch: 33, Sum of Accs: 2.363, Sum of s_i: 11.106891678363159
2024-05-21 14:41:21 - INFO     - {6: 1.1230934517197622, 9: 1.1062773634599137, 0: 1.0665625325247512, 2: 1.1482306316743998, 4: 1.0815966236436578, 3: 1.163300150903917, 5: 1.1319712903274421, 1: 1.1244718247494991, 8: 1.1088610152734244, 7: 1.0743557720831576}
2024-05-21 14:41:21 - INFO     - 0.5259259259259259, 0.4444444444444444, 0.45555555555555555, 0.4703703703703704, 0.45925925925925926, 0.48148148148148145, 0.45555555555555555, 0.4666666666666667, 0.43333333333333335, 0.45555555555555555
2024-05-21 14:41:21 - WARNING  - Epoch: 34, Sum of Accs: 4.648, Sum of s_i: 11.128720656359924
2024-05-21 14:41:25 - INFO     - {6: 1.1255174114367268, 9: 1.1082210375504402, 0: 1.0673757446675194, 2: 1.151372750970212, 4: 1.082843782622413, 3: 1.1668860174539883, 5: 1.1346478662795436, 1: 1.1269341240362554, 8: 1.110869979053707, 7: 1.0754089772914708}
2024-05-21 14:41:25 - INFO     - 0.5481481481481482, 0.4925925925925926, 0.5259259259259259, 0.5333333333333333, 0.5037037037037037, 0.5148148148148148, 0.4888888888888889, 0.5148148148148148, 0.48518518518518516, 0.5074074074074074
2024-05-21 14:41:25 - WARNING  - Epoch: 35, Sum of Accs: 5.115, Sum of s_i: 11.150077691362275
2024-05-21 14:41:29 - INFO     - {6: 1.127899034769103, 9: 1.1101224810461332, 0: 1.0681429683127641, 2: 1.1544781127879327, 4: 1.084044953103645, 3: 1.1704296534092262, 5: 1.1373034991356676, 1: 1.1293754802270342, 8: 1.1128271829984404, 7: 1.0764161940022605}
2024-05-21 14:41:29 - INFO     - 0.6370370370370371, 0.5740740740740741, 0.6, 0.5925925925925926, 0.5703703703703704, 0.6148148148148148, 0.562962962962963, 0.5740740740740741, 0.562962962962963, 0.6
2024-05-21 14:41:29 - WARNING  - Epoch: 36, Sum of Accs: 5.889, Sum of s_i: 11.171039559792206
2024-05-21 14:41:33 - INFO     - {6: 1.1302392938872954, 9: 1.1119872693996786, 0: 1.0688772947185512, 2: 1.1575468194635057, 4: 1.0852132263454193, 3: 1.1739366342223165, 5: 1.139922476849644, 1: 1.1317801812756656, 8: 1.1147785485405983, 7: 1.0773905134735926}
2024-05-21 14:41:33 - INFO     - 0.674074074074074, 0.6111111111111112, 0.6555555555555556, 0.6444444444444445, 0.6111111111111112, 0.6592592592592592, 0.6259259259259259, 0.6296296296296297, 0.6111111111111112, 0.6333333333333333
2024-05-21 14:41:33 - WARNING  - Epoch: 37, Sum of Accs: 6.356, Sum of s_i: 11.191672258176268
2024-05-21 14:41:37 - INFO     - {6: 1.1325390198600738, 9: 1.1138115246078097, 0: 1.0695710879789242, 2: 1.1605749929936646, 4: 1.0863256000199824, 3: 1.1773855389563648, 5: 1.1424833784845785, 1: 1.1341268062452547, 8: 1.116674014515545, 7: 1.0782867220184311}
2024-05-21 14:41:37 - INFO     - 0.6925925925925925, 0.6444444444444445, 0.6888888888888889, 0.6444444444444445, 0.6, 0.6703703703703704, 0.662962962962963, 0.7074074074074074, 0.6407407407407407, 0.6814814814814815
2024-05-21 14:41:37 - WARNING  - Epoch: 38, Sum of Accs: 6.633, Sum of s_i: 11.21177868568063
2024-05-21 14:41:41 - INFO     - {6: 1.1347994187191028, 9: 1.1155920420614176, 0: 1.070221143484774, 2: 1.1635594287693003, 4: 1.0874096023618192, 3: 1.1808082488695177, 5: 1.1450180852986176, 1: 1.1364472363939486, 8: 1.1185411091577653, 7: 1.0791767705898259}
2024-05-21 14:41:41 - INFO     - 0.4777777777777778, 0.42962962962962964, 0.44074074074074077, 0.48148148148148145, 0.45925925925925926, 0.44814814814814813, 0.42962962962962964, 0.3925925925925926, 0.4111111111111111, 0.4
2024-05-21 14:41:41 - WARNING  - Epoch: 39, Sum of Accs: 4.370, Sum of s_i: 11.231573085706088
2024-05-21 14:41:46 - INFO     - {6: 1.1370212657676688, 9: 1.11733410122484, 0: 1.0708370578209345, 2: 1.1665054062547504, 4: 1.088444848945942, 3: 1.184192500492485, 5: 1.147514333822471, 1: 1.138729208252457, 8: 1.1203697455098, 7: 1.080028360871035}
2024-05-21 14:41:46 - INFO     - 0.22962962962962963, 0.24444444444444444, 0.2074074074074074, 0.2, 0.2037037037037037, 0.23333333333333334, 0.2222222222222222, 0.22592592592592592, 0.21851851851851853, 0.23333333333333334
2024-05-21 14:41:46 - WARNING  - Epoch: 40, Sum of Accs: 2.219, Sum of s_i: 11.250976828962385
2024-05-21 14:41:50 - INFO     - {6: 1.1392054797940832, 9: 1.1190386180147522, 0: 1.0714078157767488, 2: 1.1694105444803506, 4: 1.0894495537377435, 3: 1.1875272521635243, 5: 1.1499610823943964, 1: 1.1409703408511154, 8: 1.1221488819099068, 7: 1.0808149646526053}
2024-05-21 14:41:50 - INFO     - 0.4777777777777778, 0.3962962962962963, 0.4666666666666667, 0.43333333333333335, 0.3925925925925926, 0.4185185185185185, 0.43333333333333335, 0.42592592592592593, 0.3962962962962963, 0.45185185185185184
2024-05-21 14:41:50 - WARNING  - Epoch: 41, Sum of Accs: 4.293, Sum of s_i: 11.269934533775226
2024-05-21 14:41:54 - INFO     - {6: 1.1413530760107642, 9: 1.1207107434667862, 0: 1.0719494792810245, 2: 1.1722865882544122, 4: 1.0904251640780065, 3: 1.1908415700751032, 5: 1.1523873972068615, 1: 1.1431823789982352, 8: 1.123907584550553, 7: 1.081596621222426}
2024-05-21 14:41:54 - INFO     - 0.4444444444444444, 0.3851851851851852, 0.4111111111111111, 0.42592592592592593, 0.4074074074074074, 0.3851851851851852, 0.44074074074074077, 0.42962962962962964, 0.36666666666666664, 0.4148148148148148
2024-05-21 14:41:54 - WARNING  - Epoch: 42, Sum of Accs: 4.111, Sum of s_i: 11.288640603144172
2024-05-21 14:41:58 - INFO     - {6: 1.1434646850780699, 9: 1.1223428283961931, 0: 1.072447970614032, 2: 1.175119459857206, 4: 1.0913512133898788, 3: 1.194112715815414, 5: 1.1547641509909359, 1: 1.145351244974087, 8: 1.1256167261628087, 7: 1.0823351056209787}
2024-05-21 14:41:58 - INFO     - 0.4444444444444444, 0.3814814814814815, 0.4222222222222222, 0.43703703703703706, 0.4074074074074074, 0.3814814814814815, 0.44814814814814813, 0.42962962962962964, 0.37407407407407406, 0.4074074074074074
2024-05-21 14:41:58 - WARNING  - Epoch: 43, Sum of Accs: 4.133, Sum of s_i: 11.306906100899605
2024-05-21 14:42:02 - INFO     - {6: 1.145541292412615, 9: 1.1239399942018735, 0: 1.0729116216574468, 2: 1.1779166051439418, 4: 1.0922479252428159, 3: 1.1973410794760804, 5: 1.1571045115524885, 1: 1.1474773288702944, 8: 1.1272965303161293, 7: 1.083030807939887}
2024-05-21 14:42:02 - INFO     - 0.4703703703703704, 0.4, 0.45925925925925926, 0.45185185185185184, 0.42962962962962964, 0.4, 0.4666666666666667, 0.45925925925925926, 0.4, 0.43703703703703706
2024-05-21 14:42:02 - WARNING  - Epoch: 44, Sum of Accs: 4.374, Sum of s_i: 11.324807696813574
2024-05-21 14:42:06 - INFO     - {6: 1.1475837267749582, 9: 1.1255069577995698, 0: 1.0733412489010936, 2: 1.1806806126573746, 4: 1.09311149932245, 3: 1.2005433611270304, 5: 1.1594187901043247, 1: 1.1495773307567856, 8: 1.128943196696147, 7: 1.0837004282490788}
2024-05-21 14:42:06 - INFO     - 0.5259259259259259, 0.45925925925925926, 0.5111111111111111, 0.5, 0.4740740740740741, 0.45185185185185184, 0.5185185185185185, 0.48518518518518516, 0.45185185185185184, 0.4740740740740741
2024-05-21 14:42:06 - WARNING  - Epoch: 45, Sum of Accs: 4.852, Sum of s_i: 11.342407152388812
2024-05-21 14:42:09 - INFO     - {6: 1.1495926910767023, 9: 1.1270404513366667, 0: 1.0737442804904322, 2: 1.1834105382104065, 4: 1.093948477747776, 3: 1.2037047982276452, 5: 1.1617064730018527, 1: 1.1516507369889686, 8: 1.1305490185258293, 7: 1.0843119205334821}
2024-05-21 14:42:09 - INFO     - 0.5518518518518518, 0.4962962962962963, 0.5666666666666667, 0.5407407407407407, 0.5370370370370371, 0.48518518518518516, 0.562962962962963, 0.5407407407407407, 0.5111111111111111, 0.5222222222222223
2024-05-21 14:42:09 - WARNING  - Epoch: 46, Sum of Accs: 5.315, Sum of s_i: 11.359659386139763
2024-05-21 14:42:13 - INFO     - {6: 1.1515689664090005, 9: 1.1285375189261986, 0: 1.0741108861322057, 2: 1.1861080014943564, 4: 1.0947490302255367, 3: 1.2068339276062667, 5: 1.1639577299518156, 1: 1.1536674321268807, 8: 1.1321326633039734, 7: 1.0848982340940951}
2024-05-21 14:42:13 - INFO     - 0.6259259259259259, 0.562962962962963, 0.6259259259259259, 0.5962962962962963, 0.5555555555555556, 0.5740740740740741, 0.6370370370370371, 0.6296296296296297, 0.5925925925925926, 0.5777777777777777
2024-05-21 14:42:13 - WARNING  - Epoch: 47, Sum of Accs: 5.978, Sum of s_i: 11.376564390270332
2024-05-21 14:42:18 - INFO     - {6: 1.1535133260614976, 9: 1.1300027442707006, 0: 1.0744456495289494, 2: 1.188777145160886, 4: 1.0955177404582677, 3: 1.2099413454103136, 5: 1.1661771446567486, 1: 1.1556725701664685, 8: 1.1336844658370877, 7: 1.0854729905563838}
2024-05-21 14:42:18 - INFO     - 0.6481481481481481, 0.5555555555555556, 0.6518518518518519, 0.5925925925925926, 0.5592592592592592, 0.5925925925925926, 0.6296296296296297, 0.6370370370370371, 0.5777777777777777, 0.5888888888888889
2024-05-21 14:42:18 - WARNING  - Epoch: 48, Sum of Accs: 6.033, Sum of s_i: 11.393205122107304
2024-05-21 14:42:22 - INFO     - {6: 1.155426379935326, 9: 1.131436735432161, 0: 1.0747491787426515, 2: 1.191415054644374, 4: 1.0962552165079569, 3: 1.213017529031319, 5: 1.1683653251786401, 1: 1.1576464740230148, 8: 1.1352050341871605, 7: 1.086016512835631}
2024-05-21 14:42:22 - INFO     - 0.6814814814814815, 0.6111111111111112, 0.6925925925925925, 0.6222222222222222, 0.5962962962962963, 0.6592592592592592, 0.6666666666666666, 0.6925925925925925, 0.6185185185185185, 0.6518518518518519
2024-05-21 14:42:22 - WARNING  - Epoch: 49, Sum of Accs: 6.493, Sum of s_i: 11.409533440518233
2024-05-21 14:42:26 - INFO     - {6: 1.1573088222507222, 9: 1.1328401846266403, 0: 1.0750221659893724, 2: 1.1940224221608808, 4: 1.096962150590665, 3: 1.2160538389474989, 5: 1.1705229637335504, 1: 1.1595805041747358, 8: 1.136695060570252, 7: 1.0865294931478968}
2024-05-21 14:42:26 - INFO     - 0.7407407407407407, 0.7, 0.725925925925926, 0.7, 0.6814814814814815, 0.7037037037037037, 0.7111111111111111, 0.7296296296296296, 0.674074074074074, 0.6962962962962963
2024-05-21 14:42:26 - WARNING  - Epoch: 50, Sum of Accs: 7.063, Sum of s_i: 11.425537606192213
2024-05-21 14:42:30 - INFO     - {6: 1.1591613625725918, 9: 1.1342172541838627, 0: 1.0752627516184727, 2: 1.1965973880597671, 4: 1.0976366830557525, 3: 1.2190670789839024, 5: 1.17264820067084, 1: 1.1614753955135257, 8: 1.1381366164025684, 7: 1.087016093822906}
2024-05-21 14:42:30 - INFO     - 0.7703703703703704, 0.762962962962963, 0.8, 0.725925925925926, 0.6888888888888889, 0.7555555555555555, 0.737037037037037, 0.8111111111111111, 0.762962962962963, 0.7444444444444445
2024-05-21 14:42:30 - WARNING  - Epoch: 51, Sum of Accs: 7.559, Sum of s_i: 11.441218824884192
2024-05-21 14:42:34 - INFO     - {6: 1.1609847016320487, 9: 1.1355651224786725, 0: 1.0754742642765058, 2: 1.1991491746766045, 4: 1.0982770101526893, 3: 1.2220571397382571, 5: 1.174739232239979, 1: 1.163357282814403, 8: 1.1395459291793586, 7: 1.0874483605288707}
2024-05-21 14:42:34 - INFO     - 0.6925925925925925, 0.6851851851851852, 0.6444444444444445, 0.6814814814814815, 0.6407407407407407, 0.6925925925925925, 0.6555555555555556, 0.6666666666666666, 0.6296296296296297, 0.6481481481481481
2024-05-21 14:42:34 - WARNING  - Epoch: 52, Sum of Accs: 6.637, Sum of s_i: 11.456598217717389
2024-05-21 14:42:38 - INFO     - {6: 1.1627794946325754, 9: 1.136881119347437, 0: 1.075659799197512, 2: 1.2016690898673967, 4: 1.0988964919096826, 3: 1.2250153290665666, 5: 1.1768094184691746, 1: 1.1652131923782534, 8: 1.1409485032367355, 7: 1.087873888515422}
2024-05-21 14:42:38 - INFO     - 0.5888888888888889, 0.5259259259259259, 0.5037037037037037, 0.5296296296296297, 0.5148148148148148, 0.5222222222222223, 0.5, 0.5111111111111111, 0.562962962962963, 0.5
2024-05-21 14:42:38 - WARNING  - Epoch: 53, Sum of Accs: 5.259, Sum of s_i: 11.471746326620757
2024-05-21 14:42:42 - INFO     - {6: 1.164546260627908, 9: 1.1381691514930403, 0: 1.0758149912559538, 2: 1.2041586621956244, 4: 1.0994856308041117, 3: 1.2279431755323116, 5: 1.1788492618358057, 1: 1.1670387590795392, 8: 1.1423207344315478, 7: 1.0882690736394087}
2024-05-21 14:42:42 - INFO     - 0.5814814814814815, 0.5370370370370371, 0.5481481481481482, 0.5407407407407407, 0.48518518518518516, 0.5814814814814815, 0.5148148148148148, 0.6, 0.5666666666666667, 0.5481481481481482
2024-05-21 14:42:42 - WARNING  - Epoch: 54, Sum of Accs: 5.504, Sum of s_i: 11.48659570089525
2024-05-21 14:42:46 - INFO     - {6: 1.1662856384135298, 9: 1.1394298559611276, 0: 1.0759429132869014, 2: 1.2066232849857395, 4: 1.1000427296774156, 3: 1.2308389819769314, 5: 1.1808570651813117, 1: 1.1688322857597002, 8: 1.1436680160882475, 7: 1.0886369887359013}
2024-05-21 14:42:46 - INFO     - 0.6814814814814815, 0.6444444444444445, 0.6703703703703704, 0.6444444444444445, 0.6074074074074074, 0.6407407407407407, 0.674074074074074, 0.6814814814814815, 0.6518518518518519, 0.662962962962963
2024-05-21 14:42:46 - WARNING  - Epoch: 55, Sum of Accs: 6.559, Sum of s_i: 11.501157760066805
2024-05-21 14:42:50 - INFO     - {6: 1.1679982403131528, 9: 1.1406638434070362, 0: 1.0760441743472173, 2: 1.2090587405218607, 4: 1.100573284383537, 3: 1.23371271165057, 5: 1.182842977549817, 1: 1.1706037356688799, 8: 1.1449861304909537, 7: 1.0889735896715806}
2024-05-21 14:42:50 - INFO     - 0.7407407407407407, 0.6925925925925925, 0.7148148148148148, 0.6888888888888889, 0.662962962962963, 0.7074074074074074, 0.7037037037037037, 0.7481481481481481, 0.7037037037037037, 0.7407407407407407
2024-05-21 14:42:50 - WARNING  - Epoch: 56, Sum of Accs: 7.104, Sum of s_i: 11.515457428004606
2024-05-21 14:42:54 - INFO     - {6: 1.1696846278575763, 9: 1.141871673825891, 0: 1.076119332960549, 2: 1.211470489262743, 4: 1.1010845996906204, 3: 1.2365627345289696, 5: 1.1848049973291028, 1: 1.1723514787828204, 8: 1.146278328240656, 7: 1.089290951208222}
2024-05-21 14:42:54 - INFO     - 0.8074074074074075, 0.7444444444444445, 0.7481481481481481, 0.7555555555555555, 0.7111111111111111, 0.762962962962963, 0.7555555555555555, 0.8222222222222222, 0.7592592592592593, 0.7666666666666667
2024-05-21 14:42:54 - WARNING  - Epoch: 57, Sum of Accs: 7.633, Sum of s_i: 11.529519213687152
2024-05-21 14:42:58 - INFO     - {6: 1.171345313211588, 9: 1.1430538579735938, 0: 1.0761710551604937, 2: 1.2138565917324737, 4: 1.1015702687265523, 3: 1.2393871111362176, 5: 1.18672873607555, 1: 1.1740609408639227, 8: 1.1475344548152846, 7: 1.0895611285224953}
2024-05-21 14:42:58 - INFO     - 0.8222222222222222, 0.7777777777777778, 0.7703703703703704, 0.7851851851851852, 0.7481481481481481, 0.774074074074074, 0.7666666666666667, 0.837037037037037, 0.7814814814814814, 0.7925925925925926
2024-05-21 14:42:58 - WARNING  - Epoch: 58, Sum of Accs: 7.856, Sum of s_i: 11.543269458218171
2024-05-21 14:43:02 - INFO     - {6: 1.172980938458937, 9: 1.1442110362620566, 0: 1.076197771501198, 2: 1.2162176883429643, 4: 1.102030931903244, 3: 1.2421791974417713, 5: 1.1886401037244438, 1: 1.1757507474050173, 8: 1.1487782102923598, 7: 1.089827837928745}
2024-05-21 14:43:02 - INFO     - 0.8518518518518519, 0.8148148148148148, 0.7777777777777778, 0.7851851851851852, 0.7481481481481481, 0.8222222222222222, 0.774074074074074, 0.8703703703703703, 0.8185185185185185, 0.8074074074074075
2024-05-21 14:43:02 - WARNING  - Epoch: 59, Sum of Accs: 8.070, Sum of s_i: 11.556814463260736
2024-05-21 14:43:06 - INFO     - {6: 1.17459194760153, 9: 1.1453436514682738, 0: 1.0761978702177513, 2: 1.2185521673293034, 4: 1.1024607441012406, 3: 1.244947717211084, 5: 1.1905206203946428, 1: 1.177416987409871, 8: 1.14999111479074, 7: 1.0900492813096885}
2024-05-21 14:43:06 - INFO     - 0.8444444444444444, 0.8222222222222222, 0.8111111111111111, 0.7777777777777778, 0.7555555555555555, 0.7925925925925926, 0.7777777777777778, 0.8518518518518519, 0.8074074074074075, 0.8074074074074075
2024-05-21 14:43:06 - WARNING  - Epoch: 60, Sum of Accs: 8.048, Sum of s_i: 11.570072101834127
2024-05-21 14:43:10 - INFO     - {6: 1.176178929848793, 9: 1.1464551629508895, 0: 1.0761740373473048, 2: 1.2208627578376783, 4: 1.1028757404720853, 3: 1.2476916531802813, 5: 1.1923765532647261, 1: 1.1790503319890577, 8: 1.1511843641656996, 7: 1.0902654846138224}
2024-05-21 14:43:10 - INFO     - 0.8666666666666667, 0.8296296296296296, 0.8296296296296296, 0.8, 0.7814814814814814, 0.8296296296296296, 0.8037037037037037, 0.8629629629629629, 0.8407407407407408, 0.825925925925926
2024-05-21 14:43:10 - WARNING  - Epoch: 61, Sum of Accs: 8.270, Sum of s_i: 11.583115015670337
2024-05-21 14:43:15 - INFO     - {6: 1.1777423387391006, 9: 1.14754310107655, 0: 1.0761267293517403, 2: 1.2231499154529026, 4: 1.1032583397048639, 3: 1.250412270147402, 5: 1.1942098569697068, 1: 1.1806604625424832, 8: 1.1523541806475086, 7: 1.090458169683803}
2024-05-21 14:43:15 - INFO     - 0.7851851851851852, 0.7518518518518519, 0.762962962962963, 0.7222222222222222, 0.7222222222222222, 0.7814814814814814, 0.7407407407407407, 0.7851851851851852, 0.7333333333333333, 0.7777777777777778
2024-05-21 14:43:15 - WARNING  - Epoch: 62, Sum of Accs: 7.563, Sum of s_i: 11.595915364316062
2024-05-21 14:43:19 - INFO     - {6: 1.1792826745352, 9: 1.1486051937162156, 0: 1.0760611324354343, 2: 1.225415926414596, 4: 1.1036180480883135, 3: 1.253110686102168, 5: 1.1960202698253588, 1: 1.1822624678772349, 8: 1.1534853527456261, 7: 1.0906239242968105}
2024-05-21 14:43:19 - INFO     - 0.774074074074074, 0.7185185185185186, 0.7333333333333333, 0.7222222222222222, 0.6851851851851852, 0.725925925925926, 0.7518518518518519, 0.7333333333333333, 0.7666666666666667, 0.725925925925926
2024-05-21 14:43:19 - WARNING  - Epoch: 63, Sum of Accs: 7.337, Sum of s_i: 11.60848567603696
2024-05-21 14:43:23 - INFO     - {6: 1.1808004112988393, 9: 1.1496447350856747, 0: 1.0759683461735587, 2: 1.2276593861060827, 4: 1.103959208662425, 3: 1.2557924199311719, 5: 1.1978028557356528, 1: 1.1838419219417797, 8: 1.1546096056201212, 7: 1.0907618519644604}
2024-05-21 14:43:23 - INFO     - 0.7, 0.6296296296296297, 0.662962962962963, 0.6333333333333333, 0.6407407407407407, 0.6925925925925925, 0.6481481481481481, 0.662962962962963, 0.6333333333333333, 0.6333333333333333
2024-05-21 14:43:23 - WARNING  - Epoch: 64, Sum of Accs: 6.537, Sum of s_i: 11.620840742519766
2024-05-21 14:43:27 - INFO     - {6: 1.1822959931586425, 9: 1.150662168162722, 0: 1.0758534959399508, 2: 1.229878916142261, 4: 1.1042783052648044, 3: 1.258445886710577, 5: 1.199568319415944, 1: 1.185393108956726, 8: 1.155711794522884, 7: 1.0908826574021073}
2024-05-21 14:43:27 - INFO     - 0.7814814814814814, 0.7481481481481481, 0.774074074074074, 0.725925925925926, 0.7111111111111111, 0.7555555555555555, 0.7481481481481481, 0.7962962962962963, 0.7555555555555555, 0.7814814814814814
2024-05-21 14:43:27 - WARNING  - Epoch: 65, Sum of Accs: 7.578, Sum of s_i: 11.63297064567662
2024-05-21 14:43:31 - INFO     - {6: 1.1837698788002144, 9: 1.1516579504646534, 0: 1.0757188162941238, 2: 1.23207861676622, 4: 1.1045775724549647, 3: 1.2610838614720532, 5: 1.2013182910783065, 1: 1.1869288039537433, 8: 1.1567941540134279, 7: 1.0909879708218255}
2024-05-21 14:43:31 - INFO     - 0.8296296296296296, 0.8185185185185185, 0.8074074074074075, 0.7777777777777778, 0.7407407407407407, 0.8185185185185185, 0.8, 0.8518518518518519, 0.7925925925925926, 0.825925925925926
2024-05-21 14:43:31 - WARNING  - Epoch: 66, Sum of Accs: 8.063, Sum of s_i: 11.64491591611953
2024-05-21 14:43:35 - INFO     - {6: 1.185222451464405, 9: 1.1526324642340435, 0: 1.0755628681157556, 2: 1.234255590714702, 4: 1.104850236237298, 3: 1.2636991095580523, 5: 1.2030365192520738, 1: 1.1884327554621654, 8: 1.1578552449714306, 7: 1.0910615407529485}
2024-05-21 14:43:35 - INFO     - 0.8814814814814815, 0.8444444444444444, 0.8222222222222222, 0.8148148148148148, 0.7666666666666667, 0.8296296296296296, 0.825925925925926, 0.8814814814814815, 0.8407407407407408, 0.8481481481481481
2024-05-21 14:43:35 - WARNING  - Epoch: 67, Sum of Accs: 8.356, Sum of s_i: 11.656608780762877
2024-05-21 14:43:39 - INFO     - {6: 1.1866542122562966, 9: 1.1535862093442282, 0: 1.075386151278182, 2: 1.2364157990639741, 4: 1.1051074662357117, 3: 1.2662950471277818, 5: 1.2047469986397492, 1: 1.189926413267436, 8: 1.1588955672702277, 7: 1.0911248169809198}
2024-05-21 14:43:39 - INFO     - 0.8666666666666667, 0.8629629629629629, 0.8333333333333334, 0.8148148148148148, 0.7777777777777778, 0.8333333333333334, 0.8185185185185185, 0.8814814814814815, 0.8407407407407408, 0.8518518518518519
2024-05-21 14:43:39 - WARNING  - Epoch: 68, Sum of Accs: 8.381, Sum of s_i: 11.668138681464507
2024-05-21 14:43:43 - INFO     - {6: 1.1880655002348717, 9: 1.1545220265581562, 0: 1.075187344905, 2: 1.238551725385202, 4: 1.105342606698517, 3: 1.2688688951619032, 5: 1.2064328435747567, 1: 1.1913979815370983, 8: 1.1599141524580403, 7: 1.0911660036732829}
2024-05-21 14:43:43 - INFO     - 0.8888888888888888, 0.8444444444444444, 0.8296296296296296, 0.8222222222222222, 0.7666666666666667, 0.837037037037037, 0.8148148148148148, 0.8925925925925926, 0.8555555555555555, 0.8518518518518519
2024-05-21 14:43:43 - WARNING  - Epoch: 69, Sum of Accs: 8.404, Sum of s_i: 11.679449080186828
2024-05-21 14:43:47 - INFO     - {6: 1.1894567522740302, 9: 1.1554378078326677, 0: 1.0749726642317532, 2: 1.2406714249817412, 4: 1.1055544232658776, 3: 1.2714190448439728, 5: 1.2080953646143195, 1: 1.192846225911316, 8: 1.1609090613257844, 7: 1.091191316065581}
2024-05-21 14:43:47 - INFO     - 0.8703703703703703, 0.8592592592592593, 0.8407407407407408, 0.8074074074074075, 0.7777777777777778, 0.8518518518518519, 0.8185185185185185, 0.8777777777777778, 0.837037037037037, 0.8592592592592593
2024-05-21 14:43:47 - WARNING  - Epoch: 70, Sum of Accs: 8.400, Sum of s_i: 11.690554085347044
2024-05-21 14:43:51 - INFO     - {6: 1.1908283774749628, 9: 1.1563315411808652, 0: 1.0747359356321924, 2: 1.242767917198784, 4: 1.1057504820491215, 3: 1.273953811198533, 5: 1.2097432873229481, 1: 1.194278712501417, 8: 1.1618882124094119, 7: 1.091193421078383}
2024-05-21 14:43:51 - INFO     - 0.8962962962962963, 0.8407407407407408, 0.8518518518518519, 0.837037037037037, 0.774074074074074, 0.8407407407407408, 0.8333333333333334, 0.8962962962962963, 0.8666666666666667, 0.8629629629629629
2024-05-21 14:43:51 - WARNING  - Epoch: 71, Sum of Accs: 8.500, Sum of s_i: 11.70147169804662
2024-05-21 14:43:55 - INFO     - {6: 1.1921807506025952, 9: 1.1572084435438506, 0: 1.0744823760474194, 2: 1.244848737883797, 4: 1.1059308693003356, 3: 1.2764729060210631, 5: 1.2113743790463645, 1: 1.195695527559488, 8: 1.1628369314191778, 7: 1.091179854559155}
2024-05-21 14:43:55 - INFO     - 0.8444444444444444, 0.825925925925926, 0.8185185185185185, 0.7777777777777778, 0.7481481481481481, 0.8481481481481481, 0.774074074074074, 0.8518518518518519, 0.8185185185185185, 0.8296296296296296
2024-05-21 14:43:55 - WARNING  - Epoch: 72, Sum of Accs: 8.137, Sum of s_i: 11.712210775983248
2024-05-21 14:43:59 - INFO     - {6: 1.1935142284961808, 9: 1.1580664506727891, 0: 1.0742099212285996, 2: 1.246907291210091, 4: 1.106085373371391, 3: 1.2789731056095466, 5: 1.212979587589622, 1: 1.1970900752588403, 8: 1.1637781436120564, 7: 1.0911404048597682}
2024-05-21 14:43:59 - INFO     - 0.837037037037037, 0.8, 0.8296296296296296, 0.774074074074074, 0.7444444444444445, 0.7888888888888889, 0.8037037037037037, 0.8555555555555555, 0.8185185185185185, 0.837037037037037
2024-05-21 14:43:59 - WARNING  - Epoch: 73, Sum of Accs: 8.089, Sum of s_i: 11.722744581908886
2024-05-21 14:44:03 - INFO     - {6: 1.1948292126809932, 9: 1.1589059640929542, 0: 1.0739151950622678, 2: 1.2489469453135453, 4: 1.1062245940410464, 3: 1.281451033850518, 5: 1.2145695127314797, 1: 1.1984657237353529, 8: 1.1647004565820955, 7: 1.0910856717589816}
2024-05-21 14:44:03 - INFO     - 0.7962962962962963, 0.762962962962963, 0.7444444444444445, 0.7185185185185186, 0.7, 0.7851851851851852, 0.7444444444444445, 0.7592592592592593, 0.7407407407407407, 0.725925925925926
2024-05-21 14:44:03 - WARNING  - Epoch: 74, Sum of Accs: 7.478, Sum of s_i: 11.733094309849236
2024-05-21 14:44:07 - INFO     - {6: 1.1961260651369257, 9: 1.1597273457842396, 0: 1.073606114805795, 2: 1.2509722453268584, 4: 1.1063494606205608, 3: 1.2839076817988582, 5: 1.216138157580706, 1: 1.1998270181217243, 8: 1.1656084154619932, 7: 1.0910165845680537}
2024-05-21 14:44:07 - INFO     - 0.8111111111111111, 0.7703703703703704, 0.7925925925925926, 0.737037037037037, 0.7185185185185186, 0.7518518518518519, 0.762962962962963, 0.8148148148148148, 0.7962962962962963, 0.7888888888888889
2024-05-21 14:44:07 - WARNING  - Epoch: 75, Sum of Accs: 7.744, Sum of s_i: 11.743279089205714
2024-05-21 14:44:11 - INFO     - {6: 1.1974051122717078, 9: 1.160528688706721, 0: 1.073276995780518, 2: 1.2529775065713675, 4: 1.1064542884312711, 3: 1.2863512171808844, 5: 1.2176936898636184, 1: 1.2011682737392917, 8: 1.166496335573087, 7: 1.090927458608322}
2024-05-21 14:44:11 - INFO     - 0.8777777777777778, 0.837037037037037, 0.8444444444444444, 0.8148148148148148, 0.7481481481481481, 0.8074074074074075, 0.8185185185185185, 0.8851851851851852, 0.8518518518518519, 0.8333333333333334
2024-05-21 14:44:11 - WARNING  - Epoch: 76, Sum of Accs: 8.319, Sum of s_i: 11.753279566726787
2024-05-21 14:44:16 - INFO     - {6: 1.1986667123118055, 9: 1.1613126194921286, 0: 1.0729290988095912, 2: 1.2549653556788027, 4: 1.1065417041049077, 3: 1.288777340425837, 5: 1.219231810009457, 1: 1.2024907514112093, 8: 1.167366843547107, 7: 1.0908195547029402}
2024-05-21 14:44:16 - INFO     - 0.8925925925925926, 0.8666666666666667, 0.8407407407407408, 0.8333333333333334, 0.7925925925925926, 0.8444444444444444, 0.8333333333333334, 0.9, 0.8592592592592593, 0.8703703703703703
2024-05-21 14:44:16 - WARNING  - Epoch: 77, Sum of Accs: 8.533, Sum of s_i: 11.763101790493788
2024-05-21 14:44:20 - INFO     - {6: 1.199911210890046, 9: 1.1620794829565553, 0: 1.0725655003262595, 2: 1.256936137465257, 4: 1.1066120524575631, 3: 1.2911863963498085, 5: 1.220744427282788, 1: 1.2037975275707218, 8: 1.168220284200146, 7: 1.0906959492851536}
2024-05-21 14:44:20 - INFO     - 0.9, 0.8666666666666667, 0.8518518518518519, 0.8407407407407408, 0.7777777777777778, 0.8333333333333334, 0.8407407407407408, 0.9, 0.8518518518518519, 0.8777777777777778
2024-05-21 14:44:20 - WARNING  - Epoch: 78, Sum of Accs: 8.541, Sum of s_i: 11.772748968784299
2024-05-21 14:44:24 - INFO     - {6: 1.201138946105804, 9: 1.1628296164051992, 0: 1.0721851718271451, 2: 1.2588901892359288, 4: 1.1066616386935482, 3: 1.2935746041413283, 5: 1.2222447179909754, 1: 1.205083541613564, 8: 1.1690529627365145, 7: 1.0905514957349152}
2024-05-21 14:44:24 - INFO     - 0.8888888888888888, 0.8666666666666667, 0.8518518518518519, 0.8333333333333334, 0.7925925925925926, 0.8444444444444444, 0.8333333333333334, 0.9074074074074074, 0.8740740740740741, 0.8777777777777778
2024-05-21 14:44:24 - WARNING  - Epoch: 79, Sum of Accs: 8.570, Sum of s_i: 11.782212884484922
2024-05-21 14:44:28 - INFO     - {6: 1.2023502684080256, 9: 1.1635633694756682, 0: 1.0717871920645565, 2: 1.260829959095531, 4: 1.1066976057669466, 3: 1.2959466089718077, 5: 1.2237326604218755, 1: 1.2063465241204134, 8: 1.1698626097368905, 7: 1.090394779923171}
2024-05-21 14:44:28 - INFO     - 0.9, 0.8666666666666667, 0.8555555555555555, 0.8407407407407408, 0.7777777777777778, 0.8296296296296296, 0.8444444444444444, 0.9, 0.8555555555555555, 0.8814814814814815
2024-05-21 14:44:28 - WARNING  - Epoch: 80, Sum of Accs: 8.552, Sum of s_i: 11.791511577984885
2024-05-21 14:44:32 - INFO     - {6: 1.2035454951227542, 9: 1.1642831254257497, 0: 1.0713731751066284, 2: 1.262750322407389, 4: 1.106714932113912, 3: 1.2983085573814341, 5: 1.225206605732388, 1: 1.207593622095784, 8: 1.1706656319153332, 7: 1.090207957002416}
2024-05-21 14:44:32 - INFO     - 0.8925925925925926, 0.8703703703703703, 0.8518518518518519, 0.8222222222222222, 0.7962962962962963, 0.8444444444444444, 0.8296296296296296, 0.9074074074074074, 0.8703703703703703, 0.8703703703703703
2024-05-21 14:44:32 - WARNING  - Epoch: 81, Sum of Accs: 8.556, Sum of s_i: 11.80064942430379
2024-05-21 14:44:36 - INFO     - {6: 1.204724934318054, 9: 1.1649850582688004, 0: 1.0709434347716293, 2: 1.2646557038662558, 4: 1.1067191386149002, 3: 1.3006489184478032, 5: 1.2266647635234718, 1: 1.2088354676339204, 8: 1.1714536722407847, 7: 1.0900189512570417}
2024-05-21 14:44:36 - INFO     - 0.8814814814814815, 0.8481481481481481, 0.8592592592592593, 0.8111111111111111, 0.7814814814814814, 0.8222222222222222, 0.825925925925926, 0.8925925925925926, 0.8518518518518519, 0.8629629629629629
2024-05-21 14:44:36 - WARNING  - Epoch: 82, Sum of Accs: 8.437, Sum of s_i: 11.80965004294266
2024-05-21 14:44:40 - INFO     - {6: 1.2058888517394555, 9: 1.1656735049255549, 0: 1.0704982285581603, 2: 1.2665456447347911, 4: 1.1067078792374183, 3: 1.3029771334538558, 5: 1.2281049754304105, 1: 1.210061402875514, 8: 1.1722262719759047, 7: 1.0898145049213361}
2024-05-21 14:44:40 - INFO     - 0.8888888888888888, 0.8444444444444444, 0.8333333333333334, 0.8111111111111111, 0.7925925925925926, 0.8481481481481481, 0.8111111111111111, 0.9037037037037037, 0.8703703703703703, 0.8555555555555555
2024-05-21 14:44:40 - WARNING  - Epoch: 83, Sum of Accs: 8.459, Sum of s_i: 11.8184983978524
2024-05-21 14:44:44 - INFO     - {6: 1.2070375376194635, 9: 1.1663467200409159, 0: 1.070040981725763, 2: 1.2684204314946426, 4: 1.1066790097151855, 3: 1.3052925410287617, 5: 1.2295228813718522, 1: 1.2112689611601382, 8: 1.1729837176023408, 7: 1.0895972511544838}
2024-05-21 14:44:44 - INFO     - 0.8333333333333334, 0.8185185185185185, 0.837037037037037, 0.7888888888888889, 0.762962962962963, 0.7851851851851852, 0.8, 0.8407407407407408, 0.8111111111111111, 0.8074074074074075
2024-05-21 14:44:44 - WARNING  - Epoch: 84, Sum of Accs: 8.085, Sum of s_i: 11.827190032913547
2024-05-21 14:44:48 - INFO     - {6: 1.2081712883577518, 9: 1.167005000014557, 0: 1.0695687997516459, 2: 1.2702803641511988, 4: 1.106635317225939, 3: 1.3075876310749173, 5: 1.230929893354808, 1: 1.2124616964777488, 8: 1.173723117413478, 7: 1.0893596798588812}
2024-05-21 14:44:48 - INFO     - 0.8592592592592593, 0.8333333333333334, 0.8148148148148148, 0.7925925925925926, 0.7888888888888889, 0.837037037037037, 0.7962962962962963, 0.8777777777777778, 0.8592592592592593, 0.8222222222222222
2024-05-21 14:44:48 - WARNING  - Epoch: 85, Sum of Accs: 8.281, Sum of s_i: 11.835722787680925
2024-05-21 14:44:53 - INFO     - {6: 1.2092904025653488, 9: 1.1676467256802787, 0: 1.0690819812468373, 2: 1.272126008138948, 4: 1.1065824455571178, 3: 1.3098682125842696, 5: 1.2323224717650465, 1: 1.2136433348385562, 8: 1.1744514202678118, 7: 1.0891128544196178}
2024-05-21 14:44:53 - INFO     - 0.8074074074074075, 0.7777777777777778, 0.8222222222222222, 0.7703703703703704, 0.7555555555555555, 0.7555555555555555, 0.7851851851851852, 0.8222222222222222, 0.7777777777777778, 0.8037037037037037
2024-05-21 14:44:53 - WARNING  - Epoch: 86, Sum of Accs: 7.878, Sum of s_i: 11.844125857063831
2024-05-21 14:44:57 - INFO     - {6: 1.210395127425264, 9: 1.1682740898756816, 0: 1.068578883494482, 2: 1.2739572906563787, 4: 1.1065099502368343, 3: 1.3121377692392175, 5: 1.2337006809169653, 1: 1.2148072673251298, 8: 1.1751653616518272, 7: 1.0888497497328076}
2024-05-21 14:44:57 - INFO     - 0.8777777777777778, 0.8592592592592593, 0.8481481481481481, 0.8185185185185185, 0.7851851851851852, 0.8444444444444444, 0.8185185185185185, 0.9037037037037037, 0.8703703703703703, 0.8629629629629629
2024-05-21 14:44:57 - WARNING  - Epoch: 87, Sum of Accs: 8.489, Sum of s_i: 11.852376170554587
2024-05-21 14:45:01 - INFO     - {6: 1.2114857483326635, 9: 1.168887377359463, 0: 1.0680606617844943, 2: 1.275773449216177, 4: 1.1064234594424454, 3: 1.314392201936533, 5: 1.2350611946445762, 1: 1.2159594202579862, 8: 1.1758619631578218, 7: 1.0885715210883649}
2024-05-21 14:45:01 - INFO     - 0.8925925925925926, 0.8555555555555555, 0.8666666666666667, 0.825925925925926, 0.7851851851851852, 0.825925925925926, 0.8296296296296296, 0.8925925925925926, 0.8555555555555555, 0.8592592592592593
2024-05-21 14:45:01 - WARNING  - Epoch: 88, Sum of Accs: 8.489, Sum of s_i: 11.860476997220525
2024-05-21 14:45:05 - INFO     - {6: 1.212562543742972, 9: 1.169486865969024, 0: 1.067529688446297, 2: 1.2775768561477656, 4: 1.106323242091148, 3: 1.316633883005639, 5: 1.2364080329417302, 1: 1.217098821562633, 8: 1.1765411892831572, 7: 1.0882805408157126}
2024-05-21 14:45:05 - INFO     - 0.9, 0.8629629629629629, 0.8592592592592593, 0.8222222222222222, 0.8148148148148148, 0.8592592592592593, 0.8185185185185185, 0.9037037037037037, 0.8740740740740741, 0.8888888888888888
2024-05-21 14:45:05 - WARNING  - Epoch: 89, Sum of Accs: 8.604, Sum of s_i: 11.868441664006077
2024-05-21 14:45:09 - INFO     - {6: 1.2136257681142666, 9: 1.170072809595299, 0: 1.0669841728097804, 2: 1.279365720781035, 4: 1.1062126706056516, 3: 1.3188620190914588, 5: 1.2377414503966369, 1: 1.2182236805689606, 8: 1.1772127127830112, 7: 1.087975018244741}
2024-05-21 14:45:09 - INFO     - 0.9074074074074074, 0.8851851851851852, 0.8703703703703703, 0.8555555555555555, 0.8074074074074075, 0.8481481481481481, 0.8518518518518519, 0.9222222222222223, 0.8851851851851852, 0.8888888888888888
2024-05-21 14:45:09 - WARNING  - Epoch: 90, Sum of Accs: 8.722, Sum of s_i: 11.87627602299084
2024-05-21 14:45:13 - INFO     - {6: 1.2146756647857317, 9: 1.1706454510359545, 0: 1.0664253791671312, 2: 1.2811422805437183, 4: 1.1060878237989895, 3: 1.3210758798561129, 5: 1.2390682811977236, 1: 1.2193352615691555, 8: 1.1778709582767326, 7: 1.0876562176676368}
2024-05-21 14:45:13 - INFO     - 0.8962962962962963, 0.8777777777777778, 0.8666666666666667, 0.8333333333333334, 0.8074074074074075, 0.8592592592592593, 0.8444444444444444, 0.9074074074074074, 0.8740740740740741, 0.8962962962962963
2024-05-21 14:45:13 - WARNING  - Epoch: 91, Sum of Accs: 8.663, Sum of s_i: 11.883983197898885
2024-05-21 14:45:17 - INFO     - {6: 1.2157124706943787, 9: 1.1712050267027911, 0: 1.0658535434298897, 2: 1.2829048250762627, 4: 1.105947914927422, 3: 1.3232746785558616, 5: 1.2403790767983585, 1: 1.2204317805044451, 8: 1.1785141417055487, 7: 1.0873223550256272}
2024-05-21 14:45:17 - INFO     - 0.9, 0.8925925925925926, 0.8703703703703703, 0.8592592592592593, 0.8111111111111111, 0.8518518518518519, 0.8481481481481481, 0.9148148148148149, 0.8777777777777778, 0.8888888888888888
2024-05-21 14:45:17 - WARNING  - Epoch: 92, Sum of Accs: 8.715, Sum of s_i: 11.891545813420585
2024-05-21 14:45:21 - INFO     - {6: 1.2167364511674388, 9: 1.1717518013477812, 0: 1.0652689298024904, 2: 1.2846555821524148, 4: 1.105798174460641, 3: 1.325460997656383, 5: 1.241677392799766, 1: 1.2215175415198902, 8: 1.1791474935391513, 7: 1.0869777344637732}
2024-05-21 14:45:21 - INFO     - 0.9, 0.8814814814814815, 0.8629629629629629, 0.8481481481481481, 0.8148148148148148, 0.8592592592592593, 0.8481481481481481, 0.9037037037037037, 0.8777777777777778, 0.8962962962962963
2024-05-21 14:45:21 - WARNING  - Epoch: 93, Sum of Accs: 8.693, Sum of s_i: 11.89899209890973
2024-05-21 14:45:25 - INFO     - {6: 1.2177478226009055, 9: 1.172287702016601, 0: 1.0646717508528294, 2: 1.2863937936814627, 4: 1.1056330124743867, 3: 1.3276345432414445, 5: 1.2429595395072077, 1: 1.222588807340493, 8: 1.1797654238532804, 7: 1.0866186187070768}
2024-05-21 14:45:25 - INFO     - 0.8962962962962963, 0.8925925925925926, 0.8703703703703703, 0.8555555555555555, 0.8148148148148148, 0.8555555555555555, 0.8444444444444444, 0.9111111111111111, 0.8777777777777778, 0.8925925925925926
2024-05-21 14:45:25 - WARNING  - Epoch: 94, Sum of Accs: 8.711, Sum of s_i: 11.906301014275687
2024-05-21 14:45:29 - INFO     - {6: 1.218746836011222, 9: 1.172809556929673, 0: 1.0640648315507402, 2: 1.288119710611049, 4: 1.1054583522756878, 3: 1.3297985906140615, 5: 1.2442355837807109, 1: 1.2236422912061988, 8: 1.180373855954965, 7: 1.0862500047379358}
2024-05-21 14:45:29 - INFO     - 0.9, 0.8777777777777778, 0.8629629629629629, 0.8481481481481481, 0.8111111111111111, 0.8555555555555555, 0.8481481481481481, 0.9074074074074074, 0.8851851851851852, 0.8962962962962963
2024-05-21 14:45:29 - WARNING  - Epoch: 95, Sum of Accs: 8.693, Sum of s_i: 11.913499613672244
2024-05-21 14:45:33 - INFO     - {6: 1.2197336957061424, 9: 1.1733209458599465, 0: 1.06344323118898, 2: 1.2898324905190748, 4: 1.1052706987499148, 3: 1.3319496446596046, 5: 1.2454986347271402, 1: 1.224683786487742, 8: 1.1809692947295756, 7: 1.0858683974417207}
2024-05-21 14:45:33 - INFO     - 0.8962962962962963, 0.8888888888888888, 0.8666666666666667, 0.8518518518518519, 0.8148148148148148, 0.8592592592592593, 0.8444444444444444, 0.9111111111111111, 0.8740740740740741, 0.8925925925925926
2024-05-21 14:45:33 - WARNING  - Epoch: 96, Sum of Accs: 8.700, Sum of s_i: 11.92057082006984
2024-05-21 14:45:37 - INFO     - {6: 1.2207086339165958, 9: 1.1738187709696066, 0: 1.0628105943508819, 2: 1.2915342339507625, 4: 1.1050693698418588, 3: 1.3340873623389364, 5: 1.2467483493073581, 1: 1.225721524292488, 8: 1.181553697027848, 7: 1.0854698547956985}
2024-05-21 14:45:37 - INFO     - 0.8962962962962963, 0.8777777777777778, 0.8629629629629629, 0.8481481481481481, 0.8148148148148148, 0.8555555555555555, 0.8481481481481481, 0.9074074074074074, 0.8851851851851852, 0.9
2024-05-21 14:45:37 - WARNING  - Epoch: 97, Sum of Accs: 8.696, Sum of s_i: 11.927522390792035
2024-05-21 14:45:41 - INFO     - {6: 1.2216718688710178, 9: 1.1743049148047386, 0: 1.0621662762382555, 2: 1.2932242961079221, 4: 1.1048589985652197, 3: 1.3362156986336133, 5: 1.2479886825029212, 1: 1.2267475808227057, 8: 1.1821264180515922, 7: 1.0850655297486171}
2024-05-21 14:45:41 - INFO     - 0.8962962962962963, 0.8851851851851852, 0.8666666666666667, 0.8555555555555555, 0.8222222222222222, 0.8592592592592593, 0.8444444444444444, 0.9111111111111111, 0.8740740740740741, 0.8888888888888888
2024-05-21 14:45:41 - WARNING  - Epoch: 98, Sum of Accs: 8.704, Sum of s_i: 11.934370264346601
2024-05-21 14:45:46 - INFO     - {6: 1.2226235911424428, 9: 1.1747795675254245, 0: 1.0615120657972752, 2: 1.2949031687639396, 4: 1.1046346181147086, 3: 1.3383300257544184, 5: 1.2492150065246124, 1: 1.2277543969132843, 8: 1.182678209199575, 7: 1.0846393490659458}
2024-05-21 14:45:46 - INFO     - 0.8962962962962963, 0.8777777777777778, 0.8629629629629629, 0.8481481481481481, 0.8185185185185185, 0.8555555555555555, 0.8481481481481481, 0.9111111111111111, 0.8851851851851852, 0.9
2024-05-21 14:45:46 - WARNING  - Epoch: 99, Sum of Accs: 8.704, Sum of s_i: 11.941069998801625
2024-05-21 14:45:50 - INFO     - {6: 1.2235640651162452, 9: 1.175242992969072, 0: 1.0608466070586722, 2: 1.2965708514411847, 4: 1.1044018673581548, 3: 1.3404359825691807, 5: 1.2504270223790575, 1: 1.2287577350520176, 8: 1.1832282118318347, 7: 1.08421230562738}
2024-05-21 14:45:50 - INFO     - 0.9, 0.8851851851851852, 0.8666666666666667, 0.8555555555555555, 0.825925925925926, 0.8629629629629629, 0.8444444444444444, 0.9148148148148149, 0.8777777777777778, 0.8925925925925926
2024-05-21 14:45:50 - WARNING  - Epoch: 100, Sum of Accs: 8.726, Sum of s_i: 11.9476876414028
2024-05-21 14:45:54 - INFO     - {6: 1.2244934434771941, 9: 1.1756953434841735, 0: 1.0601677378627865, 2: 1.2982263625150852, 4: 1.1041577027614853, 3: 1.34252854090389, 5: 1.2516328044913612, 1: 1.229749998262205, 8: 1.1837663817723199, 7: 1.0837734294970396}
2024-05-21 14:45:54 - INFO     - 0.8962962962962963, 0.8814814814814815, 0.8666666666666667, 0.8481481481481481, 0.8222222222222222, 0.8555555555555555, 0.8481481481481481, 0.9111111111111111, 0.8814814814814815, 0.9
2024-05-21 14:45:54 - WARNING  - Epoch: 101, Sum of Accs: 8.711, Sum of s_i: 11.95419174502754
2024-05-21 14:45:58 - INFO     - {6: 1.2254119309557052, 9: 1.176136823370325, 0: 1.0594787558011798, 2: 1.2998717607232644, 4: 1.1039026675358659, 3: 1.3446122132495866, 5: 1.2528284737379438, 1: 1.2307313908434425, 8: 1.1842925269900018, 7: 1.0833244405009779}
2024-05-21 14:45:58 - INFO     - 0.9, 0.8851851851851852, 0.8666666666666667, 0.8555555555555555, 0.825925925925926, 0.8629629629629629, 0.8444444444444444, 0.9148148148148149, 0.8777777777777778, 0.8925925925925926
2024-05-21 14:45:58 - WARNING  - Epoch: 102, Sum of Accs: 8.726, Sum of s_i: 11.960590983708292
2024-05-21 14:46:02 - INFO     - {6: 1.2263197170146416, 9: 1.1765676216906458, 0: 1.058779092173742, 2: 1.3015069266295383, 4: 1.1036369507444155, 3: 1.3466852040294521, 5: 1.2540134614186955, 1: 1.2316948222430517, 8: 1.184809902498935, 7: 1.082857490323288}
2024-05-21 14:46:02 - INFO     - 0.9, 0.8888888888888888, 0.8666666666666667, 0.8518518518518519, 0.8296296296296296, 0.8592592592592593, 0.8481481481481481, 0.9111111111111111, 0.8851851851851852, 0.9
2024-05-21 14:46:02 - WARNING  - Epoch: 103, Sum of Accs: 8.741, Sum of s_i: 11.966871188766406
2024-05-21 14:46:06 - INFO     - {6: 1.2272170140652856, 9: 1.1769879504167797, 0: 1.0580682575296967, 2: 1.3031316584932158, 4: 1.103358538076853, 3: 1.34874702379271, 5: 1.255185753223335, 1: 1.2326543622418504, 8: 1.18531610699126, 7: 1.082385123885283}
2024-05-21 14:46:06 - INFO     - 0.9037037037037037, 0.8851851851851852, 0.8703703703703703, 0.8592592592592593, 0.825925925925926, 0.8666666666666667, 0.8444444444444444, 0.9148148148148149, 0.8814814814814815, 0.8925925925925926
2024-05-21 14:46:06 - WARNING  - Epoch: 104, Sum of Accs: 8.744, Sum of s_i: 11.973051788716269
2024-05-21 14:46:10 - INFO     - {6: 1.2281040013555389, 9: 1.1773979884209347, 0: 1.0573471501815037, 2: 1.3047449314148087, 4: 1.103071377564647, 3: 1.3507975626009368, 5: 1.256348288932448, 1: 1.2336026212856184, 8: 1.1858132406764084, 7: 1.081904009602635}
2024-05-21 14:46:10 - INFO     - 0.9, 0.8888888888888888, 0.8666666666666667, 0.8518518518518519, 0.8296296296296296, 0.8592592592592593, 0.8481481481481481, 0.9111111111111111, 0.8851851851851852, 0.8962962962962963
2024-05-21 14:46:10 - WARNING  - Epoch: 105, Sum of Accs: 8.737, Sum of s_i: 11.979131172035478
2024-05-21 14:46:14 - INFO     - {6: 1.2289808601763939, 9: 1.177797916616952, 0: 1.0566159506845214, 2: 1.3063481121876124, 4: 1.102772673534532, 3: 1.352838063291474, 5: 1.257500289374535, 1: 1.2345417964314804, 8: 1.186291252161769, 7: 1.081411351802078}
2024-05-21 14:46:14 - INFO     - 0.9074074074074074, 0.8851851851851852, 0.8666666666666667, 0.8592592592592593, 0.825925925925926, 0.8666666666666667, 0.8481481481481481, 0.9148148148148149, 0.8851851851851852, 0.8962962962962963
2024-05-21 14:46:14 - WARNING  - Epoch: 106, Sum of Accs: 8.756, Sum of s_i: 11.98509826626135
2024-05-21 14:46:18 - INFO     - {6: 1.229847789595048, 9: 1.178189375270959, 0: 1.05587694739077, 2: 1.3079426254549316, 4: 1.1024676170767678, 3: 1.354871714405026, 5: 1.2586459373889731, 1: 1.2354648764828287, 8: 1.1867692880043883, 7: 1.08090172282742}
2024-05-21 14:46:18 - INFO     - 0.9, 0.8888888888888888, 0.8629629629629629, 0.8481481481481481, 0.8333333333333334, 0.8592592592592593, 0.8481481481481481, 0.9111111111111111, 0.8851851851851852, 0.8962962962962963
2024-05-21 14:46:18 - WARNING  - Epoch: 107, Sum of Accs: 8.733, Sum of s_i: 11.990977893897112
2024-05-21 14:46:22 - INFO     - {6: 1.2307049467564533, 9: 1.178569637986793, 0: 1.05512611664602, 2: 1.3095261749799674, 4: 1.1021507331680047, 3: 1.3568941695804049, 5: 1.2597797579524124, 1: 1.2363844203809227, 8: 1.1872354963960088, 7: 1.080390885148215}
2024-05-21 14:46:22 - INFO     - 0.9074074074074074, 0.8851851851851852, 0.8666666666666667, 0.8629629629629629, 0.825925925925926, 0.8629629629629629, 0.8481481481481481, 0.9148148148148149, 0.8851851851851852, 0.8962962962962963
2024-05-21 14:46:22 - WARNING  - Epoch: 108, Sum of Accs: 8.756, Sum of s_i: 11.9967623389952
2024-05-21 14:46:26 - INFO     - {6: 1.2315525010749517, 9: 1.1789417215406441, 0: 1.0543657149315502, 2: 1.311101414947206, 4: 1.1018242782895222, 3: 1.3589076836851608, 5: 1.260904007546132, 1: 1.2372956547212195, 8: 1.1876921338179096, 7: 1.0798717379112126}
2024-05-21 14:46:26 - INFO     - 0.9, 0.8888888888888888, 0.8629629629629629, 0.8481481481481481, 0.8333333333333334, 0.8592592592592593, 0.8518518518518519, 0.9111111111111111, 0.8814814814814815, 0.8962962962962963
2024-05-21 14:46:26 - WARNING  - Epoch: 109, Sum of Accs: 8.733, Sum of s_i: 12.002456848465508
2024-05-21 14:46:30 - INFO     - {6: 1.2323906127024284, 9: 1.1793043624034738, 0: 1.0535978938466215, 2: 1.3126679741320633, 4: 1.1014870910157442, 3: 1.360909762587068, 5: 1.2620180833489254, 1: 1.2381954538586677, 8: 1.1881413518693515, 7: 1.0793405968669925}
2024-05-21 14:46:30 - INFO     - 0.9037037037037037, 0.8888888888888888, 0.8666666666666667, 0.8629629629629629, 0.825925925925926, 0.8666666666666667, 0.8518518518518519, 0.9148148148148149, 0.8851851851851852, 0.8962962962962963
2024-05-21 14:46:30 - WARNING  - Epoch: 110, Sum of Accs: 8.763, Sum of s_i: 12.008053182631336
2024-05-21 14:46:34 - INFO     - {6: 1.233219454903905, 9: 1.179656361878108, 0: 1.0528188487861374, 2: 1.314223309341365, 4: 1.1011419927912471, 3: 1.3629033719338872, 5: 1.2631236895966307, 1: 1.2390867834410277, 8: 1.188579345945238, 7: 1.0788015448720534}
2024-05-21 14:46:34 - INFO     - 0.9, 0.8888888888888888, 0.8666666666666667, 0.8518518518518519, 0.8333333333333334, 0.8666666666666667, 0.8518518518518519, 0.9074074074074074, 0.8814814814814815, 0.8962962962962963
2024-05-21 14:46:34 - WARNING  - Epoch: 111, Sum of Accs: 8.744, Sum of s_i: 12.0135547034896
2024-05-21 14:46:38 - INFO     - {6: 1.2340391948228016, 9: 1.1799992756264988, 0: 1.0520313005867699, 2: 1.3157701414117835, 4: 1.1007883914278669, 3: 1.364888478141823, 5: 1.2642207927054525, 1: 1.2399696098845043, 8: 1.1890010473932697, 7: 1.0782539897382308}
2024-05-21 14:46:38 - INFO     - 0.9037037037037037, 0.8888888888888888, 0.8666666666666667, 0.8629629629629629, 0.825925925925926, 0.8666666666666667, 0.8555555555555555, 0.9111111111111111, 0.8851851851851852, 0.8962962962962963
2024-05-21 14:46:38 - WARNING  - Epoch: 112, Sum of Accs: 8.763, Sum of s_i: 12.018962221739
2024-05-21 14:46:42 - INFO     - {6: 1.2348499977304825, 9: 1.180333268586558, 0: 1.0512348315990707, 2: 1.3173088165274456, 4: 1.1004258692761548, 3: 1.3668654273950023, 5: 1.265309738859518, 1: 1.2408442793732246, 8: 1.1894223813755165, 7: 1.0776975138160767}
2024-05-21 14:46:42 - INFO     - 0.9, 0.8888888888888888, 0.8666666666666667, 0.8555555555555555, 0.8333333333333334, 0.8666666666666667, 0.8518518518518519, 0.9111111111111111, 0.8814814814814815, 0.8962962962962963
2024-05-21 14:46:42 - WARNING  - Epoch: 113, Sum of Accs: 8.752, Sum of s_i: 12.024292124539048
2024-05-21 14:46:47 - INFO     - {6: 1.2356520013404462, 9: 1.1806584781900318, 0: 1.0504290427452931, 2: 1.318837407943454, 4: 1.1000528349507568, 3: 1.368832292948528, 5: 1.2663886013139298, 1: 1.2417094016717845, 8: 1.1898336316581095, 7: 1.0771317180278441}
2024-05-21 14:46:47 - INFO     - 0.9037037037037037, 0.8888888888888888, 0.8703703703703703, 0.8592592592592593, 0.825925925925926, 0.8666666666666667, 0.8555555555555555, 0.9111111111111111, 0.8814814814814815, 0.8962962962962963
2024-05-21 14:46:47 - WARNING  - Epoch: 114, Sum of Accs: 8.759, Sum of s_i: 12.029525410790178
2024-05-21 14:46:51 - INFO     - {6: 1.2364453742630521, 9: 1.1809750727112183, 0: 1.049614653565594, 2: 1.3203573990335407, 4: 1.0996723926070446, 3: 1.370790558176132, 5: 1.2674593851955474, 1: 1.2425653871349294, 8: 1.190236281614781, 7: 1.07655732191369}
2024-05-21 14:46:51 - INFO     - 0.9037037037037037, 0.8888888888888888, 0.8666666666666667, 0.8555555555555555, 0.8333333333333334, 0.8666666666666667, 0.8518518518518519, 0.9111111111111111, 0.8814814814814815, 0.8962962962962963
2024-05-21 14:46:51 - WARNING  - Epoch: 115, Sum of Accs: 8.756, Sum of s_i: 12.034673826215528
2024-05-21 14:46:55 - INFO     - {6: 1.2372302652551406, 9: 1.1812832006084844, 0: 1.0487923195151017, 2: 1.3218702918751035, 4: 1.0992848520148086, 3: 1.3727417251552119, 5: 1.2685225490755134, 1: 1.24340746097047, 8: 1.1906309867006593, 7: 1.0759758275510118}
2024-05-21 14:46:55 - INFO     - 0.9037037037037037, 0.8888888888888888, 0.8703703703703703, 0.8592592592592593, 0.825925925925926, 0.8666666666666667, 0.8555555555555555, 0.9074074074074074, 0.8814814814814815, 0.8962962962962963
2024-05-21 14:46:55 - WARNING  - Epoch: 116, Sum of Accs: 8.756, Sum of s_i: 12.039739478721506
2024-05-21 14:46:59 - INFO     - {6: 1.2380068191626499, 9: 1.1815842837513464, 0: 1.0479629407102053, 2: 1.3233748849713127, 4: 1.0988894200458996, 3: 1.3746827681377758, 5: 1.2695778215788065, 1: 1.244248456808418, 8: 1.1910182386634531, 7: 1.0753842091918178}
2024-05-21 14:46:59 - INFO     - 0.9037037037037037, 0.8888888888888888, 0.8666666666666667, 0.8592592592592593, 0.8333333333333334, 0.8666666666666667, 0.8518518518518519, 0.9074074074074074, 0.8814814814814815, 0.9
2024-05-21 14:46:59 - WARNING  - Epoch: 117, Sum of Accs: 8.759, Sum of s_i: 12.044729843021685
2024-05-21 14:47:03 - INFO     - {6: 1.2387751681232348, 9: 1.1818758993849818, 0: 1.0471236152595869, 2: 1.3248713189120118, 4: 1.0984854205527999, 3: 1.3766174762159922, 5: 1.270623626572873, 1: 1.2450795060006439, 8: 1.191397331470737, 7: 1.074786255928276}
2024-05-21 14:47:03 - INFO     - 0.9037037037037037, 0.8888888888888888, 0.8703703703703703, 0.8592592592592593, 0.8333333333333334, 0.8666666666666667, 0.8555555555555555, 0.9074074074074074, 0.8814814814814815, 0.8962962962962963
2024-05-21 14:47:03 - WARNING  - Epoch: 118, Sum of Accs: 8.763, Sum of s_i: 12.049635618421137
2024-05-21 14:47:07 - INFO     - {6: 1.2395354591629713, 9: 1.1821607196600712, 0: 1.0462762579694378, 2: 1.3263583418916487, 4: 1.0980720100986379, 3: 1.3785424019676376, 5: 1.2716609205909133, 1: 1.2459021519878302, 8: 1.1917670133169584, 7: 1.0741788917036719}
2024-05-21 14:47:07 - INFO     - 0.9037037037037037, 0.8888888888888888, 0.8666666666666667, 0.8592592592592593, 0.8333333333333334, 0.8666666666666667, 0.8555555555555555, 0.9074074074074074, 0.8814814814814815, 0.9
2024-05-21 14:47:07 - WARNING  - Epoch: 119, Sum of Accs: 8.763, Sum of s_i: 12.054454168349778
2024-05-21 14:47:11 - INFO     - {6: 1.2402878432140587, 9: 1.1824363990082247, 0: 1.045421475369833, 2: 1.3278379395618298, 4: 1.0976511743350201, 3: 1.380460273775336, 5: 1.2726907892994979, 1: 1.2467138132230786, 8: 1.1921292698537242, 7: 1.073564102169612}
2024-05-21 14:47:11 - INFO     - 0.9037037037037037, 0.8925925925925926, 0.8703703703703703, 0.8592592592592593, 0.8333333333333334, 0.8666666666666667, 0.8555555555555555, 0.9074074074074074, 0.8814814814814815, 0.9
2024-05-21 14:47:11 - WARNING  - Epoch: 120, Sum of Accs: 8.770, Sum of s_i: 12.059193079810216
2024-05-21 14:47:15 - INFO     - {6: 1.2410324583541712, 9: 1.1827043233371626, 0: 1.0445584988031626, 2: 1.3293097822127953, 4: 1.097221147169185, 3: 1.3823696586322392, 5: 1.273712464041017, 1: 1.247520918315523, 8: 1.192483039439695, 7: 1.072940825684757}
2024-05-21 14:47:15 - INFO     - 0.9037037037037037, 0.8888888888888888, 0.8703703703703703, 0.8592592592592593, 0.8333333333333334, 0.8666666666666667, 0.8592592592592593, 0.9074074074074074, 0.8814814814814815, 0.9
2024-05-21 14:47:15 - WARNING  - Epoch: 121, Sum of Accs: 8.770, Sum of s_i: 12.063853115989708
2024-05-21 14:47:19 - INFO     - {6: 1.2417694410323006, 9: 1.1829646288280782, 0: 1.0436879162748833, 2: 1.3307750050216884, 4: 1.0967859365442794, 3: 1.384271730511263, 5: 1.2747231593072994, 1: 1.2483207104300877, 8: 1.192826122534159, 7: 1.0723116612894092}
2024-05-21 14:47:19 - INFO     - 0.9037037037037037, 0.8925925925925926, 0.8703703703703703, 0.8592592592592593, 0.8333333333333334, 0.8666666666666667, 0.8555555555555555, 0.9074074074074074, 0.8814814814814815, 0.9
2024-05-21 14:47:19 - WARNING  - Epoch: 122, Sum of Accs: 8.770, Sum of s_i: 12.068436311773448
2024-05-21 14:47:23 - INFO     - {6: 1.2424989240005069, 9: 1.1832186410316372, 0: 1.042811466530684, 2: 1.3322327604652353, 4: 1.0963434336360673, 3: 1.386166099744427, 5: 1.2757313608712895, 1: 1.2491080548718592, 8: 1.1931667119263305, 7: 1.0716752046107552}
2024-05-21 14:47:23 - INFO     - 0.9037037037037037, 0.8888888888888888, 0.8703703703703703, 0.8592592592592593, 0.8333333333333334, 0.8666666666666667, 0.8592592592592593, 0.9074074074074074, 0.8814814814814815, 0.9
2024-05-21 14:47:23 - WARNING  - Epoch: 123, Sum of Accs: 8.770, Sum of s_i: 12.072952657688793
2024-05-21 14:47:27 - INFO     - {6: 1.2432210233322496, 9: 1.1834652695987329, 0: 1.0419276331500213, 2: 1.3336833073543586, 4: 1.0958935470913918, 3: 1.3880549207710675, 5: 1.2767321787988162, 1: 1.2498881026937279, 8: 1.1934934242417254, 7: 1.0710313642956375}
2024-05-21 14:47:27 - INFO     - 0.9037037037037037, 0.8925925925925926, 0.8703703703703703, 0.8592592592592593, 0.8333333333333334, 0.8666666666666667, 0.8555555555555555, 0.9074074074074074, 0.8814814814814815, 0.9
2024-05-21 14:47:27 - WARNING  - Epoch: 124, Sum of Accs: 8.770, Sum of s_i: 12.07739077132773
2024-05-21 14:47:31 - INFO     - {6: 1.2439358733821062, 9: 1.1837046488839424, 0: 1.0410365504874726, 2: 1.3351266049615957, 4: 1.0954364112648303, 3: 1.389936492515822, 5: 1.2777257474444568, 1: 1.2506673946740234, 8: 1.1938117045297796, 7: 1.0703802746986337}
2024-05-21 14:47:31 - INFO     - 0.9037037037037037, 0.8888888888888888, 0.8666666666666667, 0.8592592592592593, 0.8333333333333334, 0.8666666666666667, 0.8592592592592593, 0.9074074074074074, 0.8814814814814815, 0.9
2024-05-21 14:47:31 - WARNING  - Epoch: 125, Sum of Accs: 8.767, Sum of s_i: 12.08176170284266
2024-05-21 14:47:36 - INFO     - {6: 1.2446435901326154, 9: 1.1839368948698044, 0: 1.040136801328574, 2: 1.336561236072483, 4: 1.0949721421389211, 3: 1.391809282597419, 5: 1.27871053442694, 1: 1.2514379049911615, 8: 1.1941289945072515, 7: 1.0697220518022825}
2024-05-21 14:47:36 - INFO     - 0.9037037037037037, 0.8888888888888888, 0.8703703703703703, 0.8592592592592593, 0.8333333333333334, 0.8666666666666667, 0.8555555555555555, 0.9037037037037037, 0.8814814814814815, 0.9
2024-05-21 14:47:36 - WARNING  - Epoch: 126, Sum of Accs: 8.763, Sum of s_i: 12.086059432867453
2024-05-21 14:47:40 - INFO     - {6: 1.2453442990839205, 9: 1.1841609910603736, 0: 1.0392300703791382, 2: 1.3379903631223529, 4: 1.0945008357549921, 3: 1.3936755712475333, 5: 1.2796899325152131, 1: 1.2522030264140895, 8: 1.194440780423706, 7: 1.0690553139183918}
2024-05-21 14:47:40 - INFO     - 0.9037037037037037, 0.8888888888888888, 0.8666666666666667, 0.8592592592592593, 0.8333333333333334, 0.8666666666666667, 0.8592592592592593, 0.9074074074074074, 0.8851851851851852, 0.9
2024-05-21 14:47:40 - WARNING  - Epoch: 127, Sum of Accs: 8.770, Sum of s_i: 12.090291183919712
2024-05-21 14:47:44 - INFO     - {6: 1.2460381136612766, 9: 1.1843782050620926, 0: 1.0383168224330988, 2: 1.3394114954460994, 4: 1.0940203540575222, 3: 1.3955337971213795, 5: 1.2806579125487014, 1: 1.2529601531108943, 8: 1.1947433910266196, 7: 1.0683808784504798}
2024-05-21 14:47:44 - INFO     - 0.9037037037037037, 0.8888888888888888, 0.8629629629629629, 0.8592592592592593, 0.8333333333333334, 0.8666666666666667, 0.8592592592592593, 0.9037037037037037, 0.8814814814814815, 0.9
2024-05-21 14:47:44 - WARNING  - Epoch: 128, Sum of Accs: 8.759, Sum of s_i: 12.094441122918164
2024-05-21 14:47:48 - INFO     - {6: 1.246725172775274, 9: 1.1845886755214325, 0: 1.0373968309446804, 2: 1.3408270386670518, 4: 1.093534309405091, 3: 1.397386102154662, 5: 1.2816225723684724, 1: 1.253710178379718, 8: 1.195040438674572, 7: 1.0677020344671913}
2024-05-21 14:47:48 - INFO     - 0.9037037037037037, 0.8925925925925926, 0.8703703703703703, 0.8592592592592593, 0.8333333333333334, 0.8666666666666667, 0.8592592592592593, 0.9037037037037037, 0.8851851851851852, 0.9
2024-05-21 14:47:48 - WARNING  - Epoch: 129, Sum of Accs: 8.774, Sum of s_i: 12.098533353358146
2024-05-21 14:47:52 - INFO     - {6: 1.2474055758120366, 9: 1.184793607793548, 0: 1.0364713012690374, 2: 1.3422359546116907, 4: 1.0930427265654354, 3: 1.399233292236818, 5: 1.2825772658324006, 1: 1.254455088697415, 8: 1.1953247586146016, 7: 1.0670093083363952}
2024-05-21 14:47:52 - INFO     - 0.9037037037037037, 0.8888888888888888, 0.8703703703703703, 0.8592592592592593, 0.8333333333333334, 0.8666666666666667, 0.8592592592592593, 0.9037037037037037, 0.8851851851851852, 0.9
2024-05-21 14:47:52 - WARNING  - Epoch: 130, Sum of Accs: 8.770, Sum of s_i: 12.102548879769381
2024-05-21 14:47:56 - INFO     - {6: 1.248079452782087, 9: 1.1849909193177137, 0: 1.0355381508454449, 2: 1.3436382791391217, 4: 1.0925424404473483, 3: 1.4010725262597792, 5: 1.2835287667169974, 1: 1.2551920429559174, 8: 1.1956086473273797, 7: 1.0663161509783476}
2024-05-21 14:47:56 - INFO     - 0.9037037037037037, 0.8925925925925926, 0.8703703703703703, 0.8592592592592593, 0.8333333333333334, 0.8666666666666667, 0.8592592592592593, 0.9037037037037037, 0.8851851851851852, 0.9
2024-05-21 14:47:56 - WARNING  - Epoch: 131, Sum of Accs: 8.774, Sum of s_i: 12.106507376770136
2024-05-21 14:48:00 - INFO     - {6: 1.248746901454623, 9: 1.1851828972256027, 0: 1.0345996668055755, 2: 1.345034303702962, 4: 1.0920380315773897, 3: 1.4029068249611367, 5: 1.284470638504768, 1: 1.2559240618928158, 8: 1.1958801916145223, 7: 1.0656176600040232}
2024-05-21 14:48:00 - INFO     - 0.9037037037037037, 0.8925925925925926, 0.8703703703703703, 0.8592592592592593, 0.8333333333333334, 0.8666666666666667, 0.8592592592592593, 0.9037037037037037, 0.8851851851851852, 0.9
2024-05-21 14:48:00 - WARNING  - Epoch: 132, Sum of Accs: 8.774, Sum of s_i: 12.110401177743418
2024-05-21 14:48:04 - INFO     - {6: 1.249408031810675, 9: 1.1853674845111404, 0: 1.0336537921433548, 2: 1.3464228093105275, 4: 1.0915261037511563, 3: 1.4047336047062193, 5: 1.2854094151507367, 1: 1.2566485618734395, 8: 1.1961513560886725, 7: 1.0649117784073479}
2024-05-21 14:48:04 - INFO     - 0.9037037037037037, 0.8925925925925926, 0.8703703703703703, 0.8592592592592593, 0.8333333333333334, 0.8666666666666667, 0.8592592592592593, 0.9037037037037037, 0.8851851851851852, 0.9
2024-05-21 14:48:04 - WARNING  - Epoch: 133, Sum of Accs: 8.774, Sum of s_i: 12.114232937753268
2024-05-21 14:48:08 - INFO     - {6: 1.250062949279537, 9: 1.1855469312153553, 0: 1.0327014246714137, 2: 1.3478048221083723, 4: 1.0910076831152022, 3: 1.4065540355063753, 5: 1.2863418428517788, 1: 1.2573665690443425, 8: 1.196416027753102, 7: 1.0641934964280741}
2024-05-21 14:48:08 - INFO     - 0.9037037037037037, 0.8925925925925926, 0.8703703703703703, 0.8592592592592593, 0.8333333333333334, 0.8666666666666667, 0.8592592592592593, 0.9037037037037037, 0.8888888888888888, 0.9
2024-05-21 14:48:08 - WARNING  - Epoch: 134, Sum of Accs: 8.778, Sum of s_i: 12.117995781973555
2024-05-21 14:48:12 - INFO     - {6: 1.25071177019073, 9: 1.1857192306019078, 0: 1.0317429830954923, 2: 1.3491823129849108, 4: 1.0904847405579419, 3: 1.4083684165771901, 5: 1.2872696047667207, 1: 1.2580786703506983, 8: 1.1966747935529842, 7: 1.0634752161571308}
2024-05-21 14:48:12 - INFO     - 0.9037037037037037, 0.8925925925925926, 0.8703703703703703, 0.8592592592592593, 0.8333333333333334, 0.8666666666666667, 0.8592592592592593, 0.9037037037037037, 0.8888888888888888, 0.9
2024-05-21 14:48:12 - WARNING  - Epoch: 135, Sum of Accs: 8.778, Sum of s_i: 12.12170773883571
2024-05-21 14:48:16 - INFO     - {6: 1.251354581441935, 9: 1.1858855308253526, 0: 1.0307798616342918, 2: 1.3505525315303832, 4: 1.0899555659327287, 3: 1.4101768376993655, 5: 1.2881900943505966, 1: 1.2587848117084146, 8: 1.1969276709650414, 7: 1.062745010361635}
2024-05-21 14:48:16 - INFO     - 0.9037037037037037, 0.8925925925925926, 0.8703703703703703, 0.8592592592592593, 0.8333333333333334, 0.8703703703703703, 0.8592592592592593, 0.9037037037037037, 0.8888888888888888, 0.9
2024-05-21 14:48:16 - WARNING  - Epoch: 136, Sum of Accs: 8.781, Sum of s_i: 12.125352496449743
2024-05-21 14:48:20 - INFO     - {6: 1.2519914961247267, 9: 1.186045944765617, 0: 1.0298095542360537, 2: 1.3519181735232406, 4: 1.0894207744917874, 3: 1.4119791847084306, 5: 1.2891060073818574, 1: 1.2594864480743304, 8: 1.1971759718244837, 7: 1.0620162651502514}
2024-05-21 14:48:20 - INFO     - 0.9037037037037037, 0.8925925925925926, 0.8703703703703703, 0.8629629629629629, 0.8333333333333334, 0.8703703703703703, 0.8592592592592593, 0.9037037037037037, 0.8888888888888888, 0.9
2024-05-21 14:48:20 - WARNING  - Epoch: 137, Sum of Accs: 8.785, Sum of s_i: 12.12894982028078
2024-05-21 14:48:24 - INFO     - {6: 1.2526225951482242, 9: 1.1862015730244675, 0: 1.028833449226101, 2: 1.353276448783074, 4: 1.0888779988168027, 3: 1.4137751166047619, 5: 1.2900139361790748, 1: 1.260180717707222, 8: 1.1974162884498825, 7: 1.0612795357048244}
2024-05-21 14:48:24 - INFO     - 0.9037037037037037, 0.8925925925925926, 0.8703703703703703, 0.8629629629629629, 0.8333333333333334, 0.8703703703703703, 0.8592592592592593, 0.9037037037037037, 0.8888888888888888, 0.9
2024-05-21 14:48:24 - WARNING  - Epoch: 138, Sum of Accs: 8.785, Sum of s_i: 12.132477659644433
2024-05-21 14:48:28 - INFO     - {6: 1.2532479948644797, 9: 1.1863515019760758, 0: 1.0278529162299512, 2: 1.354630627460169, 4: 1.08833141265664, 3: 1.4155672380159152, 5: 1.2909183858945732, 1: 1.2608705593539162, 8: 1.197653125993562, 7: 1.0605393271776784}
2024-05-21 14:48:28 - INFO     - 0.9037037037037037, 0.8925925925925926, 0.8703703703703703, 0.8629629629629629, 0.8333333333333334, 0.8703703703703703, 0.8592592592592593, 0.9037037037037037, 0.8888888888888888, 0.9
2024-05-21 14:48:28 - WARNING  - Epoch: 139, Sum of Accs: 8.785, Sum of s_i: 12.135963089622962
2024-05-21 14:48:32 - INFO     - {6: 1.2538677676914096, 9: 1.1864948038812393, 0: 1.0268655249516505, 2: 1.3559776164516542, 4: 1.0877779682143263, 3: 1.4173525011449177, 5: 1.2918130784136768, 1: 1.2615535427184597, 8: 1.197882773851632, 7: 1.0597864465889129}
2024-05-21 14:48:32 - INFO     - 0.9037037037037037, 0.8925925925925926, 0.8703703703703703, 0.8629629629629629, 0.8333333333333334, 0.8703703703703703, 0.8592592592592593, 0.9037037037037037, 0.8888888888888888, 0.9
2024-05-21 14:48:32 - WARNING  - Epoch: 140, Sum of Accs: 8.785, Sum of s_i: 12.139372023907878
2024-05-21 14:48:37 - INFO     - {6: 1.2544820408743735, 9: 1.1866326156848728, 0: 1.025872652580264, 2: 1.3573193465773155, 4: 1.0872192649061887, 3: 1.4191322831808344, 5: 1.2927048573504796, 1: 1.2622310449899175, 8: 1.198106940616616, 7: 1.0590281455622315}
2024-05-21 14:48:37 - INFO     - 0.9037037037037037, 0.8925925925925926, 0.8703703703703703, 0.8629629629629629, 0.8333333333333334, 0.8703703703703703, 0.8592592592592593, 0.9037037037037037, 0.8888888888888888, 0.9
2024-05-21 14:48:37 - WARNING  - Epoch: 141, Sum of Accs: 8.785, Sum of s_i: 12.142729192323095
2024-05-21 14:48:41 - INFO     - {6: 1.2550909015487384, 9: 1.1867660055945903, 0: 1.0248755805422232, 2: 1.3586566548090608, 4: 1.0866561397041352, 3: 1.4209078655500968, 5: 1.2935924366206282, 1: 1.262904347594721, 8: 1.198326907714946, 7: 1.058271066589736}
2024-05-21 14:48:41 - INFO     - 0.9037037037037037, 0.8925925925925926, 0.8703703703703703, 0.8629629629629629, 0.8333333333333334, 0.8703703703703703, 0.8592592592592593, 0.9037037037037037, 0.8888888888888888, 0.9
2024-05-21 14:48:41 - WARNING  - Epoch: 142, Sum of Accs: 8.785, Sum of s_i: 12.146047906268878
2024-05-21 14:48:45 - INFO     - {6: 1.2556944152405298, 9: 1.1868930765407613, 0: 1.0238719849029794, 2: 1.359987439439603, 4: 1.0860864909008787, 3: 1.4226773147848586, 5: 1.2944710335962832, 1: 1.263571517065024, 8: 1.198540351212073, 7: 1.0575050053227466}
2024-05-21 14:48:45 - INFO     - 0.9037037037037037, 0.8925925925925926, 0.8703703703703703, 0.8629629629629629, 0.8333333333333334, 0.8740740740740741, 0.8592592592592593, 0.9037037037037037, 0.8888888888888888, 0.9
2024-05-21 14:48:45 - WARNING  - Epoch: 143, Sum of Accs: 8.789, Sum of s_i: 12.149298629005738
2024-05-21 14:48:49 - INFO     - {6: 1.2562926948927708, 9: 1.1870158854283552, 0: 1.022864331842815, 2: 1.3613141666492246, 4: 1.0855127846767014, 3: 1.4244415653588738, 5: 1.2953444420921256, 1: 1.2642342386477037, 8: 1.1987436764472135, 7: 1.0567365945550036}
2024-05-21 14:48:49 - INFO     - 0.9037037037037037, 0.8925925925925926, 0.8703703703703703, 0.8629629629629629, 0.8333333333333334, 0.8740740740740741, 0.8592592592592593, 0.9037037037037037, 0.8888888888888888, 0.9
2024-05-21 14:48:49 - WARNING  - Epoch: 144, Sum of Accs: 8.789, Sum of s_i: 12.152500380590789
2024-05-21 14:48:53 - INFO     - {6: 1.2568858226391364, 9: 1.1871325883718669, 0: 1.0218503851365697, 2: 1.362636231162938, 4: 1.0849329725084418, 3: 1.4262002730599317, 5: 1.2962153343960683, 1: 1.2648868751162288, 8: 1.198948399827512, 7: 1.0559588494462295}
2024-05-21 14:48:53 - INFO     - 0.9037037037037037, 0.8925925925925926, 0.8703703703703703, 0.8629629629629629, 0.8333333333333334, 0.8740740740740741, 0.8592592592592593, 0.9037037037037037, 0.8888888888888888, 0.9
2024-05-21 14:48:53 - WARNING  - Epoch: 145, Sum of Accs: 8.789, Sum of s_i: 12.155647731664923
2024-05-21 14:48:57 - INFO     - {6: 1.2574738891890183, 9: 1.18724423884696, 0: 1.0208313941994607, 2: 1.3639517999600588, 4: 1.0843479284073199, 3: 1.4279541159945697, 5: 1.2970786397204819, 1: 1.2655359037752971, 8: 1.1991440929801067, 7: 1.0551774965279987}
2024-05-21 14:48:57 - INFO     - 0.9037037037037037, 0.8925925925925926, 0.8703703703703703, 0.8629629629629629, 0.8333333333333334, 0.8740740740740741, 0.8592592592592593, 0.9037037037037037, 0.8888888888888888, 0.9
2024-05-21 14:48:57 - WARNING  - Epoch: 146, Sum of Accs: 8.789, Sum of s_i: 12.158739499601271
2024-05-21 14:49:01 - INFO     - {6: 1.2580569869859415, 9: 1.187350929127762, 0: 1.0198076225325046, 2: 1.3652624085628886, 4: 1.0837581035763508, 3: 1.4297029987349168, 5: 1.2979395193617151, 1: 1.2661825067511852, 8: 1.1993373604495212, 7: 1.0543937179265876}
2024-05-21 14:49:01 - INFO     - 0.9037037037037037, 0.8925925925925926, 0.8703703703703703, 0.8629629629629629, 0.8333333333333334, 0.8740740740740741, 0.8592592592592593, 0.9037037037037037, 0.8888888888888888, 0.9
2024-05-21 14:49:01 - WARNING  - Epoch: 147, Sum of Accs: 8.789, Sum of s_i: 12.161792154009373
2024-05-21 14:49:05 - INFO     - {6: 1.2586351818630492, 9: 1.1874536532402225, 0: 1.0187798846972067, 2: 1.366569050997377, 4: 1.083162771598425, 3: 1.4314479153069222, 5: 1.2987964328346067, 1: 1.2668251435587317, 8: 1.1995266617505942, 7: 1.053605973156835}
2024-05-21 14:49:05 - INFO     - 0.9037037037037037, 0.8925925925925926, 0.8703703703703703, 0.8629629629629629, 0.8333333333333334, 0.8740740740740741, 0.8592592592592593, 0.9037037037037037, 0.8888888888888888, 0.9
2024-05-21 14:49:05 - WARNING  - Epoch: 148, Sum of Accs: 8.789, Sum of s_i: 12.164802669003969
2024-05-21 14:49:09 - INFO     - {6: 1.259208544392992, 9: 1.1875506249943764, 0: 1.017746238914092, 2: 1.3678714441041595, 4: 1.0825647312714088, 3: 1.433188582551222, 5: 1.2996474383596814, 1: 1.2674635310385725, 8: 1.1997117137239615, 7: 1.0528139790593767}
2024-05-21 14:49:09 - INFO     - 0.9037037037037037, 0.8925925925925926, 0.8703703703703703, 0.8629629629629629, 0.8333333333333334, 0.8740740740740741, 0.8592592592592593, 0.9037037037037037, 0.8888888888888888, 0.9
2024-05-21 14:49:09 - WARNING  - Epoch: 149, Sum of Accs: 8.789, Sum of s_i: 12.167766828409842
2024-05-21 14:49:13 - INFO     - {6: 1.2597771517871172, 9: 1.1876437616238544, 0: 1.0167078523986426, 2: 1.3691674378584962, 4: 1.0819602915919466, 3: 1.4349228504430758, 5: 1.3004937031524213, 1: 1.2680955191659673, 8: 1.1998903663448828, 7: 1.0520155856094724}
2024-05-21 14:49:13 - INFO     - 0.9037037037037037, 0.8925925925925926, 0.8703703703703703, 0.8629629629629629, 0.8333333333333334, 0.8703703703703703, 0.8592592592592593, 0.9037037037037037, 0.8888888888888888, 0.9
2024-05-21 14:49:13 - WARNING  - Epoch: 150, Sum of Accs: 8.785, Sum of s_i: 12.170674519975877
2024-05-21 14:49:17 - INFO     - {6: 1.2603410973321447, 9: 1.1877313325500507, 0: 1.0156649613770805, 2: 1.37045892710672, 4: 1.0813522512605558, 3: 1.436652613828817, 5: 1.3013331272926854, 1: 1.2687230027872496, 8: 1.2000621783133283, 7: 1.0512103515070923}
2024-05-21 14:49:17 - INFO     - 0.9037037037037037, 0.8925925925925926, 0.8703703703703703, 0.8629629629629629, 0.8333333333333334, 0.8703703703703703, 0.8592592592592593, 0.9037037037037037, 0.8888888888888888, 0.9
2024-05-21 14:49:17 - WARNING  - Epoch: 151, Sum of Accs: 8.785, Sum of s_i: 12.173529843355723
2024-05-21 14:49:21 - INFO     - {6: 1.26090046758955, 9: 1.1878143360257647, 0: 1.0146175029050362, 2: 1.3717458489044618, 4: 1.0807387396244987, 3: 1.4383778097640758, 5: 1.3021703201288304, 1: 1.2693459189580496, 8: 1.2002317589776548, 7: 1.0504028861005932}
2024-05-21 14:49:21 - INFO     - 0.9037037037037037, 0.8925925925925926, 0.8740740740740741, 0.8629629629629629, 0.8333333333333334, 0.8703703703703703, 0.8592592592592593, 0.9037037037037037, 0.8888888888888888, 0.9
2024-05-21 14:49:21 - WARNING  - Epoch: 152, Sum of Accs: 8.789, Sum of s_i: 12.176345588978515
2024-05-21 14:49:25 - INFO     - {6: 1.261455328499125, 9: 1.1878928378696536, 0: 1.0135654171319841, 2: 1.3730298277876904, 4: 1.0801202294741628, 3: 1.4400980071850558, 5: 1.3030025144506965, 1: 1.2699648267600905, 8: 1.200396341127702, 7: 1.049591412325335}
2024-05-21 14:49:25 - INFO     - 0.9037037037037037, 0.8925925925925926, 0.8740740740740741, 0.8629629629629629, 0.8333333333333334, 0.8703703703703703, 0.8592592592592593, 0.9037037037037037, 0.8888888888888888, 0.9
2024-05-21 14:49:25 - WARNING  - Epoch: 153, Sum of Accs: 8.789, Sum of s_i: 12.179116742611496
2024-05-21 14:49:30 - INFO     - {6: 1.262005753916705, 9: 1.1879669118032534, 0: 1.0125090291178256, 2: 1.374309391881738, 4: 1.0794977882959913, 3: 1.4418142735782005, 5: 1.3038307777447273, 1: 1.2705803852271962, 8: 1.2005569922499142, 7: 1.0487765892151415}
2024-05-21 14:49:30 - INFO     - 0.9037037037037037, 0.8925925925925926, 0.8740740740740741, 0.8629629629629629, 0.8333333333333334, 0.8703703703703703, 0.8592592592592593, 0.9037037037037037, 0.8888888888888888, 0.9
2024-05-21 14:49:30 - WARNING  - Epoch: 154, Sum of Accs: 8.789, Sum of s_i: 12.181847893030692
2024-05-21 14:49:34 - INFO     - {6: 1.2625518102404951, 9: 1.1880366241035922, 0: 1.0114481679925513, 2: 1.3755830225041044, 4: 1.0788705337736748, 3: 1.4435270515968883, 5: 1.3046546794054972, 1: 1.2711895585117368, 8: 1.2007132817388653, 7: 1.0479553809223827}
2024-05-21 14:49:34 - INFO     - 0.9037037037037037, 0.8925925925925926, 0.8740740740740741, 0.8629629629629629, 0.8333333333333334, 0.8703703703703703, 0.8592592592592593, 0.9037037037037037, 0.8888888888888888, 0.9
2024-05-21 14:49:34 - WARNING  - Epoch: 155, Sum of Accs: 8.789, Sum of s_i: 12.184530110789787
2024-05-21 14:49:38 - INFO     - {6: 1.2630935780368668, 9: 1.188102921135317, 0: 1.0103830311726798, 2: 1.376852265954019, 4: 1.0782393437897906, 3: 1.44523456918432, 5: 1.3054721476851359, 1: 1.2717947963347096, 8: 1.2008651840553646, 7: 1.047128190959377}
2024-05-21 14:49:38 - INFO     - 0.9037037037037037, 0.8925925925925926, 0.8740740740740741, 0.8629629629629629, 0.8333333333333334, 0.8703703703703703, 0.8592592592592593, 0.9037037037037037, 0.8888888888888888, 0.9
2024-05-21 14:49:38 - WARNING  - Epoch: 156, Sum of Accs: 8.789, Sum of s_i: 12.187166028307582
2024-05-21 14:49:42 - INFO     - {6: 1.2636311335408683, 9: 1.1881641471097701, 0: 1.0093136973943708, 2: 1.3781174102504998, 4: 1.0776040546524726, 3: 1.4469378898133143, 5: 1.3062874652150163, 1: 1.272395837199245, 8: 1.20101298721843, 7: 1.046298948051617}
2024-05-21 14:49:42 - INFO     - 0.9037037037037037, 0.8925925925925926, 0.8740740740740741, 0.8629629629629629, 0.8333333333333334, 0.8703703703703703, 0.8592592592592593, 0.9037037037037037, 0.8888888888888888, 0.9
2024-05-21 14:49:42 - WARNING  - Epoch: 157, Sum of Accs: 8.789, Sum of s_i: 12.189763570445603
2024-05-21 14:49:46 - INFO     - {6: 1.2641645402162385, 9: 1.1882212313188782, 0: 1.008240228513466, 2: 1.379378321639381, 4: 1.0769645326075548, 3: 1.4486370753397126, 5: 1.3070986476423008, 1: 1.2729894573241696, 8: 1.2011565574738958, 7: 1.045465472236257}
2024-05-21 14:49:46 - INFO     - 0.9037037037037037, 0.8925925925925926, 0.8740740740740741, 0.8629629629629629, 0.8333333333333334, 0.8703703703703703, 0.8592592592592593, 0.9037037037037037, 0.8888888888888888, 0.9
2024-05-21 14:49:46 - WARNING  - Epoch: 158, Sum of Accs: 8.789, Sum of s_i: 12.192316064311854
2024-05-21 14:49:50 - INFO     - {6: 1.2646938720810732, 9: 1.1882742476480412, 0: 1.0071627828948706, 2: 1.3806352562905717, 4: 1.0763206627929358, 3: 1.4503322841284205, 5: 1.3079038047853173, 1: 1.2735820153164077, 8: 1.2012961509916713, 7: 1.044628019683207}
2024-05-21 14:49:50 - INFO     - 0.9037037037037037, 0.8925925925925926, 0.8740740740740741, 0.8629629629629629, 0.8333333333333334, 0.8703703703703703, 0.8592592592592593, 0.9037037037037037, 0.8888888888888888, 0.9
2024-05-21 14:49:50 - WARNING  - Epoch: 159, Sum of Accs: 8.789, Sum of s_i: 12.194829096612517
2024-05-21 14:49:54 - INFO     - {6: 1.2652191941316049, 9: 1.1883232609764816, 0: 1.0060812560972954, 2: 1.3818898350174005, 4: 1.0756748080859657, 3: 1.4520251369927666, 5: 1.3087086545505495, 1: 1.2741725884162947, 8: 1.2014333885850847, 7: 1.0437882112057948}
2024-05-21 14:49:54 - INFO     - 0.9037037037037037, 0.8925925925925926, 0.8740740740740741, 0.8629629629629629, 0.8333333333333334, 0.8703703703703703, 0.8592592592592593, 0.9037037037037037, 0.8888888888888888, 0.9
2024-05-21 14:49:54 - WARNING  - Epoch: 160, Sum of Accs: 8.789, Sum of s_i: 12.19731633405924
2024-05-21 14:49:58 - INFO     - {6: 1.2657405494785603, 9: 1.18836914555879, 0: 1.0049966787318454, 2: 1.3831396379217364, 4: 1.0750241775565028, 3: 1.4537132140346198, 5: 1.309508728493289, 1: 1.2747583856936888, 8: 1.2015608202335435, 7: 1.0429436269058898}
2024-05-21 14:49:58 - INFO     - 0.9037037037037037, 0.8925925925925926, 0.8740740740740741, 0.8629629629629629, 0.8333333333333334, 0.8666666666666667, 0.8592592592592593, 0.9037037037037037, 0.8888888888888888, 0.9
2024-05-21 14:49:58 - WARNING  - Epoch: 161, Sum of Accs: 8.785, Sum of s_i: 12.199754964608466
2024-05-21 14:50:02 - INFO     - {6: 1.2662580175256561, 9: 1.188410318210954, 0: 1.0039073894362511, 2: 1.3843863992480334, 4: 1.0743688350968956, 3: 1.4553973069295583, 5: 1.3103048182891135, 1: 1.2753401988241684, 8: 1.2016902404264251, 7: 1.0420943306758406}
2024-05-21 14:50:02 - INFO     - 0.9037037037037037, 0.8925925925925926, 0.8740740740740741, 0.8629629629629629, 0.8333333333333334, 0.8666666666666667, 0.8592592592592593, 0.9037037037037037, 0.8888888888888888, 0.9
2024-05-21 14:50:02 - WARNING  - Epoch: 162, Sum of Accs: 8.785, Sum of s_i: 12.202157854662895
2024-05-21 14:50:07 - INFO     - {6: 1.2667716570687055, 9: 1.1884484869893563, 0: 1.0028150962668951, 2: 1.385629347340591, 4: 1.073709369876659, 3: 1.4570785291596329, 5: 1.3110980374200742, 1: 1.2759191412897841, 8: 1.2018138675065722, 7: 1.0412428915641572}
2024-05-21 14:50:07 - INFO     - 0.9037037037037037, 0.8925925925925926, 0.8740740740740741, 0.8629629629629629, 0.8333333333333334, 0.8666666666666667, 0.8592592592592593, 0.9037037037037037, 0.8888888888888888, 0.9
2024-05-21 14:50:07 - WARNING  - Epoch: 163, Sum of Accs: 8.785, Sum of s_i: 12.204526424482427
2024-05-21 14:50:11 - INFO     - {6: 1.2672815245602624, 9: 1.1884820719596811, 0: 1.0017182192894616, 2: 1.386868543585079, 4: 1.0730464397352129, 3: 1.4587543065895026, 5: 1.31188581175083, 1: 1.276492638955195, 8: 1.2019340296655094, 7: 1.0403860076522689}
2024-05-21 14:50:11 - INFO     - 0.9037037037037037, 0.8925925925925926, 0.8740740740740741, 0.8629629629629629, 0.8333333333333334, 0.8666666666666667, 0.8592592592592593, 0.9037037037037037, 0.8888888888888888, 0.8962962962962963
2024-05-21 14:50:11 - WARNING  - Epoch: 164, Sum of Accs: 8.781, Sum of s_i: 12.206849593743005
2024-05-21 14:50:15 - INFO     - {6: 1.2677876940090578, 9: 1.1885127706438294, 0: 1.0006176016743487, 2: 1.388104057817785, 4: 1.0723806233075899, 3: 1.460428094959726, 5: 1.3126715970219396, 1: 1.2770641475609592, 8: 1.2020522027648002, 7: 1.039527134680734}
2024-05-21 14:50:15 - INFO     - 0.9037037037037037, 0.8925925925925926, 0.8740740740740741, 0.8629629629629629, 0.8333333333333334, 0.8666666666666667, 0.8592592592592593, 0.9037037037037037, 0.8888888888888888, 0.8962962962962963
2024-05-21 14:50:15 - WARNING  - Epoch: 165, Sum of Accs: 8.781, Sum of s_i: 12.20914592444077
2024-05-21 14:50:19 - INFO     - {6: 1.268290209796556, 9: 1.1885390163404146, 0: 0.9995133436776525, 2: 1.3893359366726494, 4: 1.0717101091605017, 3: 1.462096491370333, 5: 1.3134519903334327, 1: 1.2776302642071073, 8: 1.2021649839044748, 7: 1.038662869749583}
2024-05-21 14:50:19 - INFO     - 0.9037037037037037, 0.8925925925925926, 0.8740740740740741, 0.8629629629629629, 0.8333333333333334, 0.8666666666666667, 0.8592592592592593, 0.9037037037037037, 0.8888888888888888, 0.8962962962962963
2024-05-21 14:50:19 - WARNING  - Epoch: 166, Sum of Accs: 8.781, Sum of s_i: 12.211395215212704
2024-05-21 14:50:23 - INFO     - {6: 1.2687891483659324, 9: 1.1885616908594885, 0: 0.9984063495346236, 2: 1.3905633227994063, 4: 1.0710360411140623, 3: 1.4637613583489517, 5: 1.3142288542129377, 1: 1.278192851421267, 8: 1.202274235612161, 7: 1.0377909704840493}
2024-05-21 14:50:23 - INFO     - 0.9037037037037037, 0.8925925925925926, 0.8740740740740741, 0.8629629629629629, 0.8333333333333334, 0.8666666666666667, 0.8592592592592593, 0.9037037037037037, 0.8888888888888888, 0.8962962962962963
2024-05-21 14:50:23 - WARNING  - Epoch: 167, Sum of Accs: 8.781, Sum of s_i: 12.213604822752881
2024-05-21 14:50:27 - INFO     - {6: 1.269284574367892, 9: 1.188581646096801, 0: 0.9972958428241778, 2: 1.3917881422673275, 4: 1.0703604271481846, 3: 1.4654244519543902, 5: 1.3150039447192623, 1: 1.2787536652622464, 8: 1.2023817139466668, 7: 1.0369214027477296}
2024-05-21 14:50:27 - INFO     - 0.9037037037037037, 0.8925925925925926, 0.8740740740740741, 0.8629629629629629, 0.8333333333333334, 0.8703703703703703, 0.8592592592592593, 0.9037037037037037, 0.8888888888888888, 0.9
2024-05-21 14:50:27 - WARNING  - Epoch: 168, Sum of Accs: 8.789, Sum of s_i: 12.215795811334678
2024-05-21 14:50:31 - INFO     - {6: 1.2697765189061923, 9: 1.1885973383804511, 0: 0.9961818546500726, 2: 1.3930094977005603, 4: 1.0696813491476185, 3: 1.4670840815251402, 5: 1.3157720734708425, 1: 1.2793075173484814, 8: 1.2024822305264282, 7: 1.0360483709767214}
2024-05-21 14:50:31 - INFO     - 0.9037037037037037, 0.8925925925925926, 0.8740740740740741, 0.8629629629629629, 0.8333333333333334, 0.8703703703703703, 0.8592592592592593, 0.9037037037037037, 0.8888888888888888, 0.9
2024-05-21 14:50:31 - WARNING  - Epoch: 169, Sum of Accs: 8.789, Sum of s_i: 12.217940832632507
2024-05-21 14:50:35 - INFO     - {6: 1.270265056473968, 9: 1.1886104051835795, 0: 0.9950644595054428, 2: 1.3942274607488243, 4: 1.0689988787620839, 3: 1.4687403187109216, 5: 1.31654030755751, 1: 1.2798614747698038, 8: 1.202582852441277, 7: 1.0351719468207445}
2024-05-21 14:50:35 - INFO     - 0.9037037037037037, 0.8925925925925926, 0.8740740740740741, 0.8629629629629629, 0.8333333333333334, 0.8703703703703703, 0.8592592592592593, 0.9037037037037037, 0.8888888888888888, 0.9
2024-05-21 14:50:35 - WARNING  - Epoch: 170, Sum of Accs: 8.789, Sum of s_i: 12.220063160974155
2024-05-21 14:50:39 - INFO     - {6: 1.2707502245273306, 9: 1.188620102472295, 0: 0.9939436948464, 2: 1.395442069922535, 4: 1.0683130545019959, 3: 1.4703932020221495, 5: 1.317305187769624, 1: 1.2804120783165729, 8: 1.202674570609282, 7: 1.0342921687902142}
2024-05-21 14:50:39 - INFO     - 0.9037037037037037, 0.8925925925925926, 0.8740740740740741, 0.8629629629629629, 0.8333333333333334, 0.8703703703703703, 0.8555555555555555, 0.9037037037037037, 0.8888888888888888, 0.9
2024-05-21 14:50:39 - WARNING  - Epoch: 171, Sum of Accs: 8.785, Sum of s_i: 12.2221463537784
2024-05-21 14:50:44 - INFO     - {6: 1.2712320865654112, 9: 1.188625729225957, 0: 0.9928188596523035, 2: 1.3966533908395664, 4: 1.067622020006952, 3: 1.4720419714927977, 5: 1.3180633384517408, 1: 1.280957471628386, 8: 1.2027666284146217, 7: 1.033407180524728}
2024-05-21 14:50:44 - INFO     - 0.9037037037037037, 0.8925925925925926, 0.8740740740740741, 0.8629629629629629, 0.8333333333333334, 0.8703703703703703, 0.8555555555555555, 0.9037037037037037, 0.8888888888888888, 0.9
2024-05-21 14:50:44 - WARNING  - Epoch: 172, Sum of Accs: 8.785, Sum of s_i: 12.224188676802465
2024-05-21 14:50:48 - INFO     - {6: 1.271710708760898, 9: 1.1886281215815502, 0: 0.9916915491353849, 2: 1.3978614857046257, 4: 1.0669296814382123, 3: 1.473688340495374, 5: 1.3188217043552033, 1: 1.2815015608665035, 8: 1.2028573821462656, 7: 1.032519103998108}
2024-05-21 14:50:48 - INFO     - 0.9037037037037037, 0.8925925925925926, 0.8740740740740741, 0.8629629629629629, 0.8333333333333334, 0.8703703703703703, 0.8555555555555555, 0.9037037037037037, 0.8888888888888888, 0.9
2024-05-21 14:50:48 - WARNING  - Epoch: 173, Sum of Accs: 8.785, Sum of s_i: 12.226209638482125
2024-05-21 14:50:52 - INFO     - {6: 1.2721861262789227, 9: 1.1886273146410107, 0: 0.9905610339410041, 2: 1.399064597086114, 4: 1.0662323593859018, 3: 1.47533071770526, 5: 1.3195734749766679, 1: 1.2820390548226228, 8: 1.2029431523943386, 7: 1.0316278281753555}
2024-05-21 14:50:52 - INFO     - 0.9037037037037037, 0.8925925925925926, 0.8740740740740741, 0.8629629629629629, 0.8333333333333334, 0.8703703703703703, 0.8555555555555555, 0.9037037037037037, 0.8888888888888888, 0.9
2024-05-21 14:50:52 - WARNING  - Epoch: 174, Sum of Accs: 8.785, Sum of s_i: 12.228185659407197
2024-05-21 14:50:56 - INFO     - {6: 1.2726584116119057, 9: 1.1886233807710884, 0: 0.9894273865615817, 2: 1.4002645815382195, 4: 1.0655318115180257, 3: 1.4769688774086998, 5: 1.320322145955998, 1: 1.2825722630804397, 8: 1.2030242112018499, 7: 1.030733326537037}
2024-05-21 14:50:56 - INFO     - 0.9037037037037037, 0.8925925925925926, 0.8740740740740741, 0.8629629629629629, 0.8333333333333334, 0.8703703703703703, 0.8555555555555555, 0.9037037037037037, 0.8888888888888888, 0.9
2024-05-21 14:50:56 - WARNING  - Epoch: 175, Sum of Accs: 8.785, Sum of s_i: 12.230126396184845
2024-05-21 14:51:00 - INFO     - {6: 1.2731276218708323, 9: 1.1886163769831508, 0: 0.9882906641081028, 2: 1.4014622393545266, 4: 1.0648282071889763, 3: 1.4786039806509665, 5: 1.3210693315284914, 1: 1.2831051719875881, 8: 1.203103699173184, 7: 1.0298358538668864}
2024-05-21 14:51:00 - INFO     - 0.9037037037037037, 0.8925925925925926, 0.8740740740740741, 0.8629629629629629, 0.8333333333333334, 0.8703703703703703, 0.8555555555555555, 0.9074074074074074, 0.8888888888888888, 0.9
2024-05-21 14:51:00 - WARNING  - Epoch: 176, Sum of Accs: 8.789, Sum of s_i: 12.232043146712705
2024-05-21 14:51:04 - INFO     - {6: 1.2735937962109112, 9: 1.1886063423630728, 0: 0.9871509057357764, 2: 1.402657943896617, 4: 1.0641234782972677, 3: 1.4802371817593423, 5: 1.3218145295377532, 1: 1.2836323276574848, 8: 1.2031812850106272, 7: 1.0289326279594837}
2024-05-21 14:51:04 - INFO     - 0.9037037037037037, 0.8925925925925926, 0.8740740740740741, 0.8629629629629629, 0.8333333333333334, 0.8703703703703703, 0.8555555555555555, 0.9074074074074074, 0.8888888888888888, 0.8962962962962963
2024-05-21 14:51:04 - WARNING  - Epoch: 177, Sum of Accs: 8.785, Sum of s_i: 12.233930418428336
2024-05-21 14:51:08 - INFO     - {6: 1.274056982438621, 9: 1.1885940578261356, 0: 0.9860081592510808, 2: 1.4038506729493097, 4: 1.0634146786485594, 3: 1.48186708968195, 5: 1.3225541836549006, 1: 1.284157705109287, 8: 1.2032566729299046, 7: 1.0280298745403331}
2024-05-21 14:51:08 - INFO     - 0.9037037037037037, 0.8925925925925926, 0.8740740740740741, 0.8629629629629629, 0.8333333333333334, 0.8703703703703703, 0.8555555555555555, 0.9074074074074074, 0.8888888888888888, 0.9
2024-05-21 14:51:08 - WARNING  - Epoch: 178, Sum of Accs: 8.789, Sum of s_i: 12.235790077030083
2024-05-21 14:51:12 - INFO     - {6: 1.274517225355683, 9: 1.1885788299785505, 0: 0.9848624694557374, 2: 1.4050393634237524, 4: 1.0627029356892033, 3: 1.4834940542939097, 5: 1.3232909249526459, 1: 1.2846823899567879, 8: 1.203323806737253, 7: 1.0271241778105347}
2024-05-21 14:51:12 - INFO     - 0.9037037037037037, 0.8925925925925926, 0.8740740740740741, 0.8629629629629629, 0.8333333333333334, 0.8703703703703703, 0.8555555555555555, 0.9074074074074074, 0.8888888888888888, 0.8962962962962963
2024-05-21 14:51:12 - WARNING  - Epoch: 179, Sum of Accs: 8.785, Sum of s_i: 12.237616177654058
2024-05-21 14:51:16 - INFO     - {6: 1.2749745791193734, 9: 1.1885599895402885, 0: 0.9837138905070225, 2: 1.4062244413075182, 4: 1.0619875801391703, 3: 1.4851174063151926, 5: 1.3240248098822016, 1: 1.285203462213612, 8: 1.2033900794949899, 7: 1.0262148684900596}
2024-05-21 14:51:16 - INFO     - 0.9037037037037037, 0.8925925925925926, 0.8740740740740741, 0.8629629629629629, 0.8333333333333334, 0.8703703703703703, 0.8592592592592593, 0.9074074074074074, 0.8888888888888888, 0.8962962962962963
2024-05-21 14:51:16 - WARNING  - Epoch: 180, Sum of Accs: 8.789, Sum of s_i: 12.23941110700943
2024-05-21 14:51:20 - INFO     - {6: 1.2754290940552837, 9: 1.1885390337115518, 0: 0.9825624727305274, 2: 1.407408539033187, 4: 1.061269371966877, 3: 1.4867386429460008, 5: 1.3247591786462738, 1: 1.2857235543123389, 8: 1.203451553010817, 7: 1.0253045790114874}
2024-05-21 14:51:20 - INFO     - 0.9037037037037037, 0.8925925925925926, 0.8740740740740741, 0.8629629629629629, 0.8333333333333334, 0.8703703703703703, 0.8592592592592593, 0.9074074074074074, 0.8888888888888888, 0.8962962962962963
2024-05-21 14:51:20 - WARNING  - Epoch: 181, Sum of Accs: 8.789, Sum of s_i: 12.241186019424346
2024-05-21 14:51:24 - INFO     - {6: 1.2758808028041866, 9: 1.1885152716958074, 0: 0.9814082487670248, 2: 1.4085886953394704, 4: 1.0605490948393617, 3: 1.4883570733898015, 5: 1.3254896059909607, 1: 1.2862397049916805, 8: 1.203514368183685, 7: 1.02439034811353}
2024-05-21 14:51:24 - INFO     - 0.9037037037037037, 0.8925925925925926, 0.8740740740740741, 0.8629629629629629, 0.8333333333333334, 0.8703703703703703, 0.8592592592592593, 0.9074074074074074, 0.8888888888888888, 0.8962962962962963
2024-05-21 14:51:24 - WARNING  - Epoch: 182, Sum of Accs: 8.789, Sum of s_i: 12.242933214115508
2024-05-21 14:51:28 - INFO     - {6: 1.2763297501421929, 9: 1.1884887482691664, 0: 0.9802512633926256, 2: 1.4097660902348572, 4: 1.0598260563009496, 3: 1.4899731852183353, 5: 1.3262172719247507, 1: 1.2867530942601255, 8: 1.2035744219456566, 7: 1.0234733558046758}
2024-05-21 14:51:28 - INFO     - 0.9037037037037037, 0.8925925925925926, 0.8740740740740741, 0.8629629629629629, 0.8333333333333334, 0.8703703703703703, 0.8592592592592593, 0.9074074074074074, 0.8888888888888888, 0.8962962962962963
2024-05-21 14:51:28 - WARNING  - Epoch: 183, Sum of Accs: 8.789, Sum of s_i: 12.244653237493337
2024-05-21 14:51:32 - INFO     - {6: 1.2767759799367848, 9: 1.1884588024299645, 0: 0.9790915604748122, 2: 1.4109419420359455, 4: 1.0590996171428657, 3: 1.4915866011569057, 5: 1.3269415372388689, 1: 1.2872642304342368, 8: 1.2036310750879562, 7: 1.0225529628761498}
2024-05-21 14:51:32 - INFO     - 0.9037037037037037, 0.8925925925925926, 0.8740740740740741, 0.8629629629629629, 0.8333333333333334, 0.8703703703703703, 0.8592592592592593, 0.9074074074074074, 0.8888888888888888, 0.8962962962962963
2024-05-21 14:51:32 - WARNING  - Epoch: 184, Sum of Accs: 8.789, Sum of s_i: 12.246344308814491
2024-05-21 14:51:36 - INFO     - {6: 1.2772195388236567, 9: 1.1884261901340287, 0: 0.9779291866492786, 2: 1.412113948480198, 4: 1.0583705260205776, 3: 1.4931961813205148, 5: 1.3276631143033641, 1: 1.2877715308333868, 8: 1.2036850399806327, 7: 1.0216298816980007}
2024-05-21 14:51:36 - INFO     - 0.9037037037037037, 0.8925925925925926, 0.8740740740740741, 0.8629629629629629, 0.8333333333333334, 0.8703703703703703, 0.8592592592592593, 0.9074074074074074, 0.8888888888888888, 0.8962962962962963
2024-05-21 14:51:36 - WARNING  - Epoch: 185, Sum of Accs: 8.789, Sum of s_i: 12.24800513824364
2024-05-21 14:51:40 - INFO     - {6: 1.2776604754288077, 9: 1.1883916559745327, 0: 0.9767641905420242, 2: 1.4132833326427294, 4: 1.0576394767493105, 3: 1.4948038396205636, 5: 1.3283827695042991, 1: 1.288273741571088, 8: 1.2037370830097491, 7: 1.0207008362816483}
2024-05-21 14:51:40 - INFO     - 0.9037037037037037, 0.8925925925925926, 0.8740740740740741, 0.8629629629629629, 0.8333333333333334, 0.8703703703703703, 0.8592592592592593, 0.9074074074074074, 0.8888888888888888, 0.8962962962962963
2024-05-21 14:51:40 - WARNING  - Epoch: 186, Sum of Accs: 8.789, Sum of s_i: 12.249637401324751
2024-05-21 14:51:44 - INFO     - {6: 1.2780988356869836, 9: 1.1883538537051554, 0: 0.9755966180877947, 2: 1.414451351003273, 4: 1.0569070616760554, 3: 1.4964101321186245, 5: 1.3291010589032461, 1: 1.28877775430469, 8: 1.2037877602368774, 7: 1.019774467437951}
2024-05-21 14:51:44 - INFO     - 0.9037037037037037, 0.8925925925925926, 0.8740740740740741, 0.8629629629629629, 0.8333333333333334, 0.8703703703703703, 0.8592592592592593, 0.9074074074074074, 0.8888888888888888, 0.8962962962962963
2024-05-21 14:51:44 - WARNING  - Epoch: 187, Sum of Accs: 8.789, Sum of s_i: 12.251258893160651
2024-05-21 14:51:49 - INFO     - {6: 1.2785346374150532, 9: 1.188314184668578, 0: 0.9744264871034589, 2: 1.4156168214688076, 4: 1.0561702599508285, 3: 1.4980132003643247, 5: 1.3298149616502213, 1: 1.289279219143283, 8: 1.203835213211645, 7: 1.018844874341893}
2024-05-21 14:51:49 - INFO     - 0.9037037037037037, 0.8925925925925926, 0.8740740740740741, 0.8629629629629629, 0.8333333333333334, 0.8703703703703703, 0.8592592592592593, 0.9074074074074074, 0.8888888888888888, 0.8962962962962963
2024-05-21 14:51:49 - WARNING  - Epoch: 188, Sum of Accs: 8.789, Sum of s_i: 12.252849859318093
2024-05-21 14:51:53 - INFO     - {6: 1.2789679295688545, 9: 1.1882713227224684, 0: 0.9732538465448548, 2: 1.416779794933119, 4: 1.055430965732221, 3: 1.49961253087776, 5: 1.3305282061529358, 1: 1.2897781869806524, 8: 1.203879011293421, 7: 1.0179122268488339}
2024-05-21 14:51:53 - INFO     - 0.9037037037037037, 0.8925925925925926, 0.8740740740740741, 0.8629629629629629, 0.8333333333333334, 0.8703703703703703, 0.8592592592592593, 0.9074074074074074, 0.8888888888888888, 0.8962962962962963
2024-05-21 14:51:53 - WARNING  - Epoch: 189, Sum of Accs: 8.789, Sum of s_i: 12.254414021655121
2024-05-21 14:51:57 - INFO     - {6: 1.2793987551907502, 9: 1.188226677579717, 0: 0.9720787394543451, 2: 1.4179390681123951, 4: 1.0546898054776985, 3: 1.5012100781945534, 5: 1.3312377503706154, 1: 1.290273454532987, 8: 1.2039209433392821, 7: 1.0169771128238692}
2024-05-21 14:51:57 - INFO     - 0.9037037037037037, 0.8925925925925926, 0.8740740740740741, 0.8629629629629629, 0.8333333333333334, 0.8703703703703703, 0.8592592592592593, 0.9074074074074074, 0.8888888888888888, 0.8962962962962963
2024-05-21 14:51:57 - WARNING  - Epoch: 190, Sum of Accs: 8.789, Sum of s_i: 12.255952385076213
2024-05-21 14:52:01 - INFO     - {6: 1.2798271557000118, 9: 1.1881796073243316, 0: 0.9709012072512012, 2: 1.4190971712394873, 4: 1.0539456497070732, 3: 1.502805200398713, 5: 1.3319429579973379, 1: 1.2907657265692187, 8: 1.2039598798690403, 7: 1.0160390032828017}
2024-05-21 14:52:01 - INFO     - 0.9037037037037037, 0.8925925925925926, 0.8740740740740741, 0.8629629629629629, 0.8333333333333334, 0.8703703703703703, 0.8592592592592593, 0.9074074074074074, 0.8888888888888888, 0.8962962962962963
2024-05-21 14:52:01 - WARNING  - Epoch: 191, Sum of Accs: 8.789, Sum of s_i: 12.257463559339218
2024-05-21 14:52:05 - INFO     - {6: 1.2802531746694732, 9: 1.1881294842705428, 0: 0.9697212935082572, 2: 1.4202529047730086, 4: 1.0532009498067956, 3: 1.5043985603199408, 5: 1.3326489625692626, 1: 1.2912568067259875, 8: 1.2039976245193356, 7: 1.0150997018622714}
2024-05-21 14:52:05 - INFO     - 0.9037037037037037, 0.8925925925925926, 0.8740740740740741, 0.8629629629629629, 0.8333333333333334, 0.8703703703703703, 0.8592592592592593, 0.9074074074074074, 0.8888888888888888, 0.8962962962962963
2024-05-21 14:52:05 - WARNING  - Epoch: 192, Sum of Accs: 8.789, Sum of s_i: 12.258959463024874
2024-05-21 14:52:09 - INFO     - {6: 1.2806768368587673, 9: 1.188077008345381, 0: 0.9685383556353371, 2: 1.4214043471698745, 4: 1.0524519587698626, 3: 1.5059895889836812, 5: 1.333351988133889, 1: 1.2917442434959117, 8: 1.2040317257827862, 7: 1.0141567570548964}
2024-05-21 14:52:09 - INFO     - 0.9037037037037037, 0.8925925925925926, 0.8740740740740741, 0.8666666666666667, 0.8333333333333334, 0.8703703703703703, 0.8592592592592593, 0.9074074074074074, 0.8888888888888888, 0.8962962962962963
2024-05-21 14:52:09 - WARNING  - Epoch: 193, Sum of Accs: 8.793, Sum of s_i: 12.260422810230388
2024-05-21 14:52:13 - INFO     - {6: 1.2810981942280222, 9: 1.1880222314206725, 0: 0.9673532030193215, 2: 1.4225535748236449, 4: 1.051700666733383, 3: 1.507578330496643, 5: 1.334051486826063, 1: 1.2922307052444144, 8: 1.2040648520248154, 7: 1.0132128372261}
2024-05-21 14:52:13 - INFO     - 0.9037037037037037, 0.8925925925925926, 0.8740740740740741, 0.8666666666666667, 0.8296296296296296, 0.8703703703703703, 0.8592592592592593, 0.9074074074074074, 0.8888888888888888, 0.8962962962962963
2024-05-21 14:52:13 - WARNING  - Epoch: 194, Sum of Accs: 8.789, Sum of s_i: 12.26186608204308
2024-05-21 14:52:17 - INFO     - {6: 1.2815172790432496, 9: 1.1879651857068878, 0: 0.9661663551221435, 2: 1.4237024058491303, 4: 1.0509490643250696, 3: 1.5091634772424032, 5: 1.3347505888899518, 1: 1.292715530642958, 8: 1.2040963419168855, 7: 1.0122672810473445}
2024-05-21 14:52:17 - INFO     - 0.9037037037037037, 0.8925925925925926, 0.8740740740740741, 0.8666666666666667, 0.8296296296296296, 0.8703703703703703, 0.8592592592592593, 0.9074074074074074, 0.8888888888888888, 0.8962962962962963
2024-05-21 14:52:17 - WARNING  - Epoch: 195, Sum of Accs: 8.789, Sum of s_i: 12.263293509786026
2024-05-21 14:52:21 - INFO     - {6: 1.2819341168836353, 9: 1.187905896738828, 0: 0.9649772602501239, 2: 1.4248470352030982, 4: 1.050193423535121, 3: 1.5107477333590664, 5: 1.3354456525722054, 1: 1.2931939200112277, 8: 1.2041206431365912, 7: 1.0113145361962246}
2024-05-21 14:52:21 - INFO     - 0.9037037037037037, 0.8925925925925926, 0.8740740740740741, 0.8666666666666667, 0.8296296296296296, 0.8703703703703703, 0.8592592592592593, 0.9074074074074074, 0.8888888888888888, 0.8962962962962963
2024-05-21 14:52:21 - WARNING  - Epoch: 196, Sum of Accs: 8.789, Sum of s_i: 12.26468021788612
2024-05-21 14:52:25 - INFO     - {6: 1.282348772448725, 9: 1.1878444291069983, 0: 0.9637859831028082, 2: 1.4259901383255684, 4: 1.0494354407915198, 3: 1.5123284581867815, 5: 1.3361383743008066, 1: 1.293670153503057, 8: 1.2041457526933736, 7: 1.0103595995692571}
2024-05-21 14:52:25 - INFO     - 0.9037037037037037, 0.8925925925925926, 0.8740740740740741, 0.8666666666666667, 0.8296296296296296, 0.8703703703703703, 0.8592592592592593, 0.9074074074074074, 0.8888888888888888, 0.8962962962962963
2024-05-21 14:52:25 - WARNING  - Epoch: 197, Sum of Accs: 8.789, Sum of s_i: 12.266047102028896
2024-05-21 14:52:29 - INFO     - {6: 1.2827612775151218, 9: 1.1877808145335718, 0: 0.9625925554567994, 2: 1.4271324195793083, 4: 1.0486754916213725, 3: 1.5139084120641435, 5: 1.3368303250790547, 1: 1.29414782761596, 8: 1.204170091299803, 7: 1.009406892104861}
2024-05-21 14:52:29 - INFO     - 0.9037037037037037, 0.8925925925925926, 0.8740740740740741, 0.8666666666666667, 0.8296296296296296, 0.8740740740740741, 0.8592592592592593, 0.9074074074074074, 0.8888888888888888, 0.8962962962962963
2024-05-21 14:52:29 - WARNING  - Epoch: 198, Sum of Accs: 8.793, Sum of s_i: 12.267406106869997
2024-05-21 14:52:33 - INFO     - {6: 1.2831716450493207, 9: 1.1877157113031234, 0: 0.9613969902785928, 2: 1.4282712346708877, 4: 1.047913873279153, 3: 1.5154855012932402, 5: 1.3375176752069655, 1: 1.2946209010785255, 8: 1.204189829255895, 7: 1.0084495839901273}
2024-05-21 14:52:33 - INFO     - 0.9037037037037037, 0.8925925925925926, 0.8740740740740741, 0.8666666666666667, 0.8296296296296296, 0.8740740740740741, 0.8592592592592593, 0.9074074074074074, 0.8888888888888888, 0.8962962962962963
2024-05-21 14:52:33 - WARNING  - Epoch: 199, Sum of Accs: 8.793, Sum of s_i: 12.268732945405834
2024-05-21 14:52:37 - INFO     - {6: 1.2835799261928318, 9: 1.1876485216819874, 0: 0.9601993387096985, 2: 1.4294093102098813, 4: 1.0471497259461169, 3: 1.5170605041316492, 5: 1.3382060217843625, 1: 1.2950936241524753, 8: 1.2042105636614733, 7: 1.00749327232488}
2024-05-21 14:52:37 - INFO     - 0.9037037037037037, 0.8925925925925926, 0.8740740740740741, 0.8666666666666667, 0.8296296296296296, 0.8740740740740741, 0.8592592592592593, 0.9074074074074074, 0.8888888888888888, 0.8962962962962963
2024-05-21 14:52:37 - WARNING  - Epoch: 200, Sum of Accs: 8.793, Sum of s_i: 12.270050808795355
2024-05-21 14:52:42 - INFO     - {6: 1.2839861355946292, 9: 1.1875786218469886, 0: 0.9589996153990905, 2: 1.4305453244347488, 4: 1.0463853067371855, 3: 1.5186347924940338, 5: 1.3388923070476333, 1: 1.295565632750401, 8: 1.2042292367529255, 7: 1.0065348993455066}
2024-05-21 14:52:42 - INFO     - 0.9037037037037037, 0.8925925925925926, 0.8740740740740741, 0.8666666666666667, 0.8296296296296296, 0.8740740740740741, 0.8592592592592593, 0.9074074074074074, 0.8888888888888888, 0.8962962962962963
2024-05-21 14:52:42 - WARNING  - Epoch: 201, Sum of Accs: 8.793, Sum of s_i: 12.271351872403145
2024-05-21 14:52:46 - INFO     - {6: 1.2843903001885422, 9: 1.1875073156762543, 0: 0.957797847280598, 2: 1.4316779365860424, 4: 1.0456174854546803, 3: 1.5202056787828446, 5: 1.3395751902373303, 1: 1.2960342392747528, 8: 1.2042445077708037, 7: 1.0055731242925592}
2024-05-21 14:52:46 - INFO     - 0.9037037037037037, 0.8925925925925926, 0.8740740740740741, 0.8666666666666667, 0.8296296296296296, 0.8740740740740741, 0.8592592592592593, 0.9074074074074074, 0.8925925925925926, 0.8962962962962963
2024-05-21 14:52:46 - WARNING  - Epoch: 202, Sum of Accs: 8.796, Sum of s_i: 12.272623625544409
2024-05-21 14:52:50 - INFO     - {6: 1.2847924665429746, 9: 1.187433379466412, 0: 0.956594080922625, 2: 1.4328085504978554, 4: 1.044847034133067, 3: 1.5217753765520174, 5: 1.3402560751875465, 1: 1.296500847559624, 8: 1.204257148749574, 7: 1.0046087192005038}
2024-05-21 14:52:50 - INFO     - 0.9037037037037037, 0.8925925925925926, 0.8740740740740741, 0.8666666666666667, 0.8296296296296296, 0.8740740740740741, 0.8592592592592593, 0.9074074074074074, 0.8925925925925926, 0.8962962962962963
2024-05-21 14:52:50 - WARNING  - Epoch: 203, Sum of Accs: 8.796, Sum of s_i: 12.273873678812201
2024-05-21 14:52:54 - INFO     - {6: 1.2851926692380642, 9: 1.1873574828356617, 0: 0.9553877223441162, 2: 1.4339365721891326, 4: 1.0440748646249778, 3: 1.523343127470837, 5: 1.3409333607142409, 1: 1.2969638564209731, 8: 1.2042680715418683, 7: 1.0036425959219726}
2024-05-21 14:52:54 - INFO     - 0.9037037037037037, 0.8925925925925926, 0.8740740740740741, 0.8666666666666667, 0.8296296296296296, 0.8740740740740741, 0.8592592592592593, 0.9074074074074074, 0.8925925925925926, 0.8962962962962963
2024-05-21 14:52:54 - WARNING  - Epoch: 204, Sum of Accs: 8.796, Sum of s_i: 12.275100323301844
2024-05-21 14:52:58 - INFO     - {6: 1.2855909455122638, 9: 1.1872796629595634, 0: 0.9541800659059103, 2: 1.4350626706350622, 4: 1.0433007798912928, 3: 1.5249089658826516, 5: 1.3416087373226735, 1: 1.2974261994941452, 8: 1.2042758359784822, 7: 1.0026715161071107}
2024-05-21 14:52:58 - INFO     - 0.9037037037037037, 0.8925925925925926, 0.8740740740740741, 0.8666666666666667, 0.8296296296296296, 0.8740740740740741, 0.8592592592592593, 0.9074074074074074, 0.8925925925925926, 0.8962962962962963
2024-05-21 14:52:58 - WARNING  - Epoch: 205, Sum of Accs: 8.796, Sum of s_i: 12.276305379689155
2024-05-21 14:53:02 - INFO     - {6: 1.2859873297190976, 9: 1.187199954133587, 0: 0.9529698951321754, 2: 1.4361868801311133, 4: 1.0425245559535452, 3: 1.5264729282379246, 5: 1.3422846965788326, 1: 1.297887882084959, 8: 1.2042799424226183, 7: 1.0017028171206255}
2024-05-21 14:53:02 - INFO     - 0.9037037037037037, 0.8925925925925926, 0.8740740740740741, 0.8666666666666667, 0.8296296296296296, 0.8740740740740741, 0.8592592592592593, 0.9074074074074074, 0.8925925925925926, 0.8962962962962963
2024-05-21 14:53:02 - WARNING  - Epoch: 206, Sum of Accs: 8.796, Sum of s_i: 12.277496881514478
2024-05-21 14:53:06 - INFO     - {6: 1.2863818435788796, 9: 1.1871189972287217, 0: 0.951758476279552, 2: 1.437309841548276, 4: 1.041747083936909, 3: 1.5280350308191661, 5: 1.3429587960609604, 1: 1.2983477049017416, 8: 1.2042864297329272, 7: 1.0007322583601088}
2024-05-21 14:53:06 - INFO     - 0.9037037037037037, 0.8925925925925926, 0.8740740740740741, 0.8666666666666667, 0.8296296296296296, 0.8740740740740741, 0.8629629629629629, 0.9074074074074074, 0.8925925925925926, 0.8962962962962963
2024-05-21 14:53:06 - WARNING  - Epoch: 207, Sum of Accs: 8.800, Sum of s_i: 12.278676462447244
2024-05-21 14:53:10 - INFO     - {6: 1.2867745062333666, 9: 1.1870355729781363, 0: 0.9505452062216335, 2: 1.4384303356197183, 4: 1.0409674210505329, 3: 1.5295937990281256, 5: 1.3436298376467866, 1: 1.2988044698222225, 8: 1.2042898591469346, 7: 0.9997583652273102}
2024-05-21 14:53:10 - INFO     - 0.9037037037037037, 0.8925925925925926, 0.8740740740740741, 0.8703703703703703, 0.8296296296296296, 0.8740740740740741, 0.8629629629629629, 0.9074074074074074, 0.8925925925925926, 0.8962962962962963
2024-05-21 14:53:10 - WARNING  - Epoch: 208, Sum of Accs: 8.804, Sum of s_i: 12.279829372974767
2024-05-21 14:53:14 - INFO     - {6: 1.2871653599508408, 9: 1.1869509559309634, 0: 0.9493301272267022, 2: 1.439549636894573, 4: 1.0401862888915887, 3: 1.5311513744404976, 5: 1.3442994099600447, 1: 1.2992597654701354, 8: 1.204291819288374, 7: 0.998783279297924}
2024-05-21 14:53:14 - INFO     - 0.9037037037037037, 0.8925925925925926, 0.8740740740740741, 0.8703703703703703, 0.8296296296296296, 0.8740740740740741, 0.8629629629629629, 0.9074074074074074, 0.8925925925925926, 0.8962962962962963
2024-05-21 14:53:14 - WARNING  - Epoch: 209, Sum of Accs: 8.804, Sum of s_i: 12.280968017351645
2024-05-21 14:53:18 - INFO     - {6: 1.2875544275151696, 9: 1.186864552730645, 0: 0.9481132620786255, 2: 1.440668586060858, 4: 1.0394030494397561, 3: 1.532707163699724, 5: 1.344965663382284, 1: 1.2997117422270297, 8: 1.2042916721369248, 7: 0.9978064072153923}
2024-05-21 14:53:18 - INFO     - 0.9037037037037037, 0.8925925925925926, 0.8740740740740741, 0.8703703703703703, 0.8296296296296296, 0.8777777777777778, 0.8629629629629629, 0.9074074074074074, 0.8925925925925926, 0.8962962962962963
2024-05-21 14:53:18 - WARNING  - Epoch: 210, Sum of Accs: 8.807, Sum of s_i: 12.282086526486411
2024-05-21 14:53:22 - INFO     - {6: 1.28794174089876, 9: 1.186775788007456, 0: 0.9468946427498104, 2: 1.4417857899394857, 4: 1.038617769604796, 3: 1.534262121132786, 5: 1.3456331382993152, 1: 1.3001649404787157, 8: 1.2042868191259732, 7: 0.9968277809521223}
2024-05-21 14:53:22 - INFO     - 0.9037037037037037, 0.8925925925925926, 0.8740740740740741, 0.8703703703703703, 0.8296296296296296, 0.8777777777777778, 0.8629629629629629, 0.9074074074074074, 0.8925925925925926, 0.8962962962962963
2024-05-21 14:53:22 - WARNING  - Epoch: 211, Sum of Accs: 8.807, Sum of s_i: 12.28319053118922
2024-05-21 14:53:26 - INFO     - {6: 1.2883273232251438, 9: 1.186685899569193, 0: 0.9456742923637889, 2: 1.44289981982325, 4: 1.0378328158721788, 3: 1.5358144251540677, 5: 1.346297439221483, 1: 1.3006149647355385, 8: 1.2042835078763225, 7: 0.9958474236316459}
2024-05-21 14:53:26 - INFO     - 0.9037037037037037, 0.8925925925925926, 0.8703703703703703, 0.8703703703703703, 0.8296296296296296, 0.8777777777777778, 0.8629629629629629, 0.9074074074074074, 0.8925925925925926, 0.8962962962962963
2024-05-21 14:53:26 - WARNING  - Epoch: 212, Sum of Accs: 8.804, Sum of s_i: 12.284277911472612
2024-05-21 14:53:30 - INFO     - {6: 1.2887112009260533, 9: 1.186593704808261, 0: 0.9444522373522929, 2: 1.4440121450815402, 4: 1.03704470769667, 3: 1.5373650245498751, 5: 1.3469600355181766, 1: 1.3010607657617164, 8: 1.2042759733960269, 7: 0.9948653616856951}
2024-05-21 14:53:30 - INFO     - 0.9037037037037037, 0.8925925925925926, 0.8703703703703703, 0.8703703703703703, 0.8296296296296296, 0.8777777777777778, 0.8629629629629629, 0.9074074074074074, 0.8925925925925926, 0.8962962962962963
2024-05-21 14:53:30 - WARNING  - Epoch: 213, Sum of Accs: 8.804, Sum of s_i: 12.28534115677631
2024-05-21 14:53:34 - INFO     - {6: 1.2890934121866835, 9: 1.186500445304244, 0: 0.9432285159005176, 2: 1.445122803899551, 4: 1.036254933080882, 3: 1.538913957505403, 5: 1.3476209653745905, 1: 1.3015074189527853, 8: 1.2042690154403328, 7: 0.9938816332994648}
2024-05-21 14:53:34 - INFO     - 0.9037037037037037, 0.8925925925925926, 0.8703703703703703, 0.8703703703703703, 0.8296296296296296, 0.8777777777777778, 0.8629629629629629, 0.9074074074074074, 0.8925925925925926, 0.8962962962962963
2024-05-21 14:53:34 - WARNING  - Epoch: 214, Sum of Accs: 8.804, Sum of s_i: 12.286393100944455
2024-05-21 14:53:38 - INFO     - {6: 1.2894739750600754, 9: 1.186405537412989, 0: 0.9420031460615041, 2: 1.4462332868390781, 4: 1.035463242517731, 3: 1.5404612420736927, 5: 1.3482799792836417, 1: 1.3019538962653707, 8: 1.2042575018002433, 7: 0.9928962565259964}
2024-05-21 14:53:38 - INFO     - 0.9037037037037037, 0.8925925925925926, 0.8703703703703703, 0.8703703703703703, 0.825925925925926, 0.8777777777777778, 0.8629629629629629, 0.9074074074074074, 0.8925925925925926, 0.8962962962962963
2024-05-21 14:53:39 - WARNING  - Epoch: 215, Sum of Accs: 8.800, Sum of s_i: 12.287428063840325
2024-05-21 14:53:43 - INFO     - {6: 1.2898529164862607, 9: 1.1863090080745269, 0: 0.9407761547752839, 2: 1.4473421556551953, 4: 1.0346716779000493, 3: 1.542008385027327, 5: 1.3489391191381621, 1: 1.3023948064663722, 8: 1.204249029482945, 7: 0.9919092583053212}
2024-05-21 14:53:43 - INFO     - 0.9037037037037037, 0.8925925925925926, 0.8703703703703703, 0.8703703703703703, 0.825925925925926, 0.8777777777777778, 0.8629629629629629, 0.9074074074074074, 0.8925925925925926, 0.8962962962962963
2024-05-21 14:53:43 - WARNING  - Epoch: 216, Sum of Accs: 8.800, Sum of s_i: 12.288452511311444
2024-05-21 14:53:47 - INFO     - {6: 1.2902302532622243, 9: 1.1862102831227372, 0: 0.9395475588388421, 2: 1.4484473490254333, 4: 1.0338767857145297, 3: 1.5435518525350822, 5: 1.3495945835468035, 1: 1.3028363420877094, 8: 1.2042372295978088, 7: 0.9909206554344244}
2024-05-21 14:53:47 - INFO     - 0.9037037037037037, 0.8925925925925926, 0.8703703703703703, 0.8666666666666667, 0.825925925925926, 0.8777777777777778, 0.8629629629629629, 0.9074074074074074, 0.8925925925925926, 0.8962962962962963
2024-05-21 14:53:47 - WARNING  - Epoch: 217, Sum of Accs: 8.796, Sum of s_i: 12.289452893165594
2024-05-21 14:53:51 - INFO     - {6: 1.290606023393112, 9: 1.186109994094336, 0: 0.9383173962573244, 2: 1.4495530617831665, 4: 1.0330803334734984, 3: 1.5450958394303327, 5: 1.3502488357779745, 1: 1.303278049218501, 8: 1.204220983545418, 7: 0.9899304859184517}
2024-05-21 14:53:51 - INFO     - 0.9037037037037037, 0.8925925925925926, 0.8703703703703703, 0.8666666666666667, 0.825925925925926, 0.8777777777777778, 0.8629629629629629, 0.9074074074074074, 0.8925925925925926, 0.8962962962962963
2024-05-21 14:53:51 - WARNING  - Epoch: 218, Sum of Accs: 8.796, Sum of s_i: 12.290441002892118
2024-05-21 14:53:55 - INFO     - {6: 1.2909802463980813, 9: 1.1860081604755306, 0: 0.9370852601105922, 2: 1.4506553059062204, 4: 1.0322821441627534, 3: 1.5466378107419754, 5: 1.3509003899469283, 1: 1.3037162877146131, 8: 1.2042058865350567, 7: 0.988938183417433}
2024-05-21 14:53:55 - INFO     - 0.9037037037037037, 0.8925925925925926, 0.8703703703703703, 0.8666666666666667, 0.825925925925926, 0.8777777777777778, 0.8629629629629629, 0.9074074074074074, 0.8925925925925926, 0.8962962962962963
2024-05-21 14:53:55 - WARNING  - Epoch: 219, Sum of Accs: 8.796, Sum of s_i: 12.291409675409184
2024-05-21 14:53:59 - INFO     - {6: 1.29135295300055, 9: 1.1859048129384728, 0: 0.9358520340006556, 2: 1.4517579689451645, 4: 1.0314826476349506, 3: 1.5481770217854887, 5: 1.3515515978913277, 1: 1.3041532189936673, 8: 1.2041866217637287, 7: 0.9879443669981619}
2024-05-21 14:53:59 - INFO     - 0.9037037037037037, 0.8925925925925926, 0.8703703703703703, 0.8666666666666667, 0.825925925925926, 0.8777777777777778, 0.8629629629629629, 0.9074074074074074, 0.8925925925925926, 0.8962962962962963
2024-05-21 14:53:59 - WARNING  - Epoch: 220, Sum of Accs: 8.796, Sum of s_i: 12.292363243952169
2024-05-21 14:54:03 - INFO     - {6: 1.2917241671250579, 9: 1.1858005562983336, 0: 0.934617315412758, 2: 1.4528576306270529, 4: 1.0306818758830403, 3: 1.5497160044596237, 5: 1.3522015306116195, 1: 1.3045888750486139, 8: 1.2041689423122017, 7: 0.9869496414758094}
2024-05-21 14:54:03 - INFO     - 0.9037037037037037, 0.8925925925925926, 0.8703703703703703, 0.8666666666666667, 0.825925925925926, 0.8777777777777778, 0.8629629629629629, 0.9074074074074074, 0.8925925925925926, 0.8962962962962963
2024-05-21 14:54:03 - WARNING  - Epoch: 221, Sum of Accs: 8.796, Sum of s_i: 12.293306539254111
2024-05-21 14:54:07 - INFO     - {6: 1.2920939051241365, 9: 1.1856942450185803, 0: 0.9333811206994311, 2: 1.453955816183512, 4: 1.0298796280057005, 3: 1.5512524641535999, 5: 1.3528499872064819, 1: 1.3050230549781312, 8: 1.2041467482162647, 7: 0.9859534398280275}
2024-05-21 14:54:07 - INFO     - 0.9037037037037037, 0.8925925925925926, 0.8703703703703703, 0.8666666666666667, 0.8296296296296296, 0.8777777777777778, 0.8629629629629629, 0.9074074074074074, 0.8925925925925926, 0.8962962962962963
2024-05-21 14:54:07 - WARNING  - Epoch: 222, Sum of Accs: 8.800, Sum of s_i: 12.294230409413863
2024-05-21 14:54:11 - INFO     - {6: 1.2924621976588977, 9: 1.1855870667886943, 0: 0.9321434805217869, 2: 1.4550525562756538, 4: 1.0290759346640435, 3: 1.552787478383259, 5: 1.353496998337027, 1: 1.3054557894433312, 8: 1.2041261471749911, 7: 0.9849557927159284}
2024-05-21 14:54:11 - INFO     - 0.9037037037037037, 0.8925925925925926, 0.8703703703703703, 0.8666666666666667, 0.825925925925926, 0.8777777777777778, 0.8629629629629629, 0.9074074074074074, 0.8925925925925926, 0.8962962962962963
2024-05-21 14:54:11 - WARNING  - Epoch: 223, Sum of Accs: 8.796, Sum of s_i: 12.295143441963612
2024-05-21 14:54:15 - INFO     - {6: 1.2928290619416973, 9: 1.1854778864946858, 0: 0.93090383828002, 2: 1.4561494041982408, 4: 1.0282702392582639, 3: 1.554322600443363, 5: 1.3541412606825889, 1: 1.3058886317389764, 8: 1.2041056539641628, 7: 0.9839561435397066}
2024-05-21 14:54:15 - INFO     - 0.9037037037037037, 0.8925925925925926, 0.8703703703703703, 0.8666666666666667, 0.8296296296296296, 0.8777777777777778, 0.8629629629629629, 0.9111111111111111, 0.8888888888888888, 0.8962962962962963
2024-05-21 14:54:15 - WARNING  - Epoch: 224, Sum of Accs: 8.800, Sum of s_i: 12.296044720541706
2024-05-21 14:54:19 - INFO     - {6: 1.293194516608842, 9: 1.1853678703971835, 0: 0.9296633602347593, 2: 1.4572433064227661, 4: 1.0274637080489903, 3: 1.5558558679495476, 5: 1.3547854339455176, 1: 1.30631852833656, 8: 1.2040822150552728, 7: 0.982955658559991}
2024-05-21 14:54:19 - INFO     - 0.9037037037037037, 0.8925925925925926, 0.8703703703703703, 0.8666666666666667, 0.8296296296296296, 0.8777777777777778, 0.8629629629629629, 0.9074074074074074, 0.8888888888888888, 0.8962962962962963
2024-05-21 14:54:19 - WARNING  - Epoch: 225, Sum of Accs: 8.796, Sum of s_i: 12.296930465559429
2024-05-21 14:54:23 - INFO     - {6: 1.2935585861966743, 9: 1.1852558999778158, 0: 0.9284209278676333, 2: 1.4583352543254262, 4: 1.0266552225178516, 3: 1.557386089989725, 5: 1.3554276528865812, 1: 1.3067464706122782, 8: 1.2040568218245176, 7: 0.9819532192584102}
2024-05-21 14:54:23 - INFO     - 0.9037037037037037, 0.8925925925925926, 0.8703703703703703, 0.8666666666666667, 0.8296296296296296, 0.8777777777777778, 0.8629629629629629, 0.9074074074074074, 0.8888888888888888, 0.8962962962962963
2024-05-21 14:54:23 - WARNING  - Epoch: 226, Sum of Accs: 8.796, Sum of s_i: 12.297796145456912
2024-05-21 14:54:27 - INFO     - {6: 1.2939213023132707, 9: 1.1851425782991696, 0: 0.9271771442412288, 2: 1.4594258509688076, 4: 1.0258458023539352, 3: 1.5589149607706236, 5: 1.356068520568366, 1: 1.3071730616287178, 8: 1.2040300773344836, 7: 0.9809499957281463}
2024-05-21 14:54:27 - INFO     - 0.9037037037037037, 0.8925925925925926, 0.8703703703703703, 0.8666666666666667, 0.8296296296296296, 0.8777777777777778, 0.8629629629629629, 0.9074074074074074, 0.8888888888888888, 0.8962962962962963
2024-05-21 14:54:27 - WARNING  - Epoch: 227, Sum of Accs: 8.796, Sum of s_i: 12.298649294206747
2024-05-21 14:54:31 - INFO     - {6: 1.2942826847745024, 9: 1.185028489995754, 0: 0.925932207457496, 2: 1.460517240539843, 4: 1.0250367584911717, 3: 1.5604446244791763, 5: 1.3567101811778048, 1: 1.3076004455728114, 8: 1.2040041257721037, 7: 0.9799450520099586}
2024-05-21 14:54:31 - INFO     - 0.9037037037037037, 0.8925925925925926, 0.8703703703703703, 0.8666666666666667, 0.8296296296296296, 0.8777777777777778, 0.8629629629629629, 0.9111111111111111, 0.8888888888888888, 0.8962962962962963
2024-05-21 14:54:31 - WARNING  - Epoch: 228, Sum of Accs: 8.800, Sum of s_i: 12.299501810270622
2024-05-21 14:54:35 - INFO     - {6: 1.2946427347911635, 9: 1.1849125065722286, 0: 0.9246857620862124, 2: 1.4616051754383454, 4: 1.0242246889232542, 3: 1.5619712624825748, 5: 1.3573488160820895, 1: 1.308024374844372, 8: 1.2039751485045695, 7: 0.97893859970422}
2024-05-21 14:54:35 - INFO     - 0.9037037037037037, 0.8925925925925926, 0.8703703703703703, 0.8666666666666667, 0.8296296296296296, 0.8777777777777778, 0.8629629629629629, 0.9074074074074074, 0.8888888888888888, 0.8962962962962963
2024-05-21 14:54:35 - WARNING  - Epoch: 229, Sum of Accs: 8.796, Sum of s_i: 12.300329069429031
2024-05-21 14:54:39 - INFO     - {6: 1.2950014920505546, 9: 1.1847952325021363, 0: 0.9234380260683618, 2: 1.4626918196902807, 4: 1.0234108997413909, 3: 1.5634961808720274, 5: 1.3579857313724282, 1: 1.3084470134693658, 8: 1.2039444516230895, 7: 0.9779308567519145}
2024-05-21 14:54:39 - INFO     - 0.9037037037037037, 0.8925925925925926, 0.8703703703703703, 0.8666666666666667, 0.8296296296296296, 0.8777777777777778, 0.8629629629629629, 0.9074074074074074, 0.8888888888888888, 0.8962962962962963
2024-05-21 14:54:39 - WARNING  - Epoch: 230, Sum of Accs: 8.796, Sum of s_i: 12.301141704141548
2024-05-21 14:54:43 - INFO     - {6: 1.295358979609436, 9: 1.184676690803952, 0: 0.9221890224224194, 2: 1.4637793330009838, 4: 1.0225979796182951, 3: 1.5650219683202475, 5: 1.3586235157215345, 1: 1.308870521153127, 8: 1.2039146238003773, 7: 0.9769224046639354}
2024-05-21 14:54:43 - INFO     - 0.9037037037037037, 0.8925925925925926, 0.8703703703703703, 0.8666666666666667, 0.8296296296296296, 0.8777777777777778, 0.8629629629629629, 0.9074074074074074, 0.8888888888888888, 0.8962962962962963
2024-05-21 14:54:43 - WARNING  - Epoch: 231, Sum of Accs: 8.796, Sum of s_i: 12.30195503911431
2024-05-21 14:54:47 - INFO     - {6: 1.2957151965752396, 9: 1.18455688058593, 0: 0.920938750256639, 2: 1.4648655814171834, 4: 1.0217816542885019, 3: 1.5665464908739644, 5: 1.3592600351761375, 1: 1.309292763942385, 8: 1.2038813907709676, 7: 0.9759121255637001}
2024-05-21 14:54:47 - INFO     - 0.9037037037037037, 0.8925925925925926, 0.8703703703703703, 0.8666666666666667, 0.8296296296296296, 0.8777777777777778, 0.8629629629629629, 0.9074074074074074, 0.8888888888888888, 0.8962962962962963
2024-05-21 14:54:47 - WARNING  - Epoch: 232, Sum of Accs: 8.796, Sum of s_i: 12.302750869450646
2024-05-21 14:54:51 - INFO     - {6: 1.2960701704888673, 9: 1.184435829343418, 0: 0.9196872370663689, 2: 1.4659505923544562, 4: 1.0209662317919759, 3: 1.5680697759487545, 5: 1.3598925169129787, 1: 1.309710969013881, 8: 1.203849060574825, 7: 0.974902749296732}
2024-05-21 14:54:51 - INFO     - 0.9037037037037037, 0.8925925925925926, 0.8703703703703703, 0.8666666666666667, 0.8296296296296296, 0.8777777777777778, 0.8629629629629629, 0.9074074074074074, 0.8888888888888888, 0.8962962962962963
2024-05-21 14:54:51 - WARNING  - Epoch: 233, Sum of Accs: 8.796, Sum of s_i: 12.303535132792259
2024-05-21 14:54:56 - INFO     - {6: 1.2964239196062404, 9: 1.184313555301964, 0: 0.9184350534713366, 2: 1.46703223663503, 4: 1.0201474426387507, 3: 1.5695896943668455, 5: 1.3605244322319558, 1: 1.310128607667513, 8: 1.2038133637219834, 7: 0.9738900063730648}
2024-05-21 14:54:56 - INFO     - 0.9037037037037037, 0.8925925925925926, 0.8703703703703703, 0.8666666666666667, 0.8296296296296296, 0.8777777777777778, 0.8666666666666667, 0.9074074074074074, 0.8888888888888888, 0.8962962962962963
2024-05-21 14:54:56 - WARNING  - Epoch: 234, Sum of Accs: 8.800, Sum of s_i: 12.304298312014684
2024-05-21 14:55:00 - INFO     - {6: 1.2967764770346268, 9: 1.1841906419657033, 0: 0.9171816781873177, 2: 1.4681148401970605, 4: 1.0193279222700686, 3: 1.5711088815694794, 5: 1.3611545239882035, 1: 1.3105434391620407, 8: 1.203776935653685, 7: 0.9728782227308544}
2024-05-21 14:55:00 - INFO     - 0.9037037037037037, 0.8925925925925926, 0.8703703703703703, 0.8666666666666667, 0.8296296296296296, 0.8777777777777778, 0.8666666666666667, 0.9074074074074074, 0.8888888888888888, 0.8962962962962963
2024-05-21 14:55:00 - WARNING  - Epoch: 235, Sum of Accs: 8.800, Sum of s_i: 12.30505356275904
2024-05-21 14:55:04 - INFO     - {6: 1.2971278553288141, 9: 1.18406600096556, 0: 0.915926769809706, 2: 1.4691962713220645, 4: 1.0185089199612738, 3: 1.572628177073863, 5: 1.3617858163934733, 1: 1.3109604549019653, 8: 1.203740615887136, 7: 0.9718652666516175}
2024-05-21 14:55:04 - INFO     - 0.9037037037037037, 0.8925925925925926, 0.8703703703703703, 0.8666666666666667, 0.8296296296296296, 0.8777777777777778, 0.8666666666666667, 0.9074074074074074, 0.8888888888888888, 0.8962962962962963
2024-05-21 14:55:04 - WARNING  - Epoch: 236, Sum of Accs: 8.800, Sum of s_i: 12.305806148295474
2024-05-21 14:55:08 - INFO     - {6: 1.2974780588226162, 9: 1.183940187079164, 0: 0.9146704939755517, 2: 1.4702743757576962, 4: 1.0176870654367713, 3: 1.574144555647012, 5: 1.3624141918675083, 1: 1.31137502818432, 8: 1.203701853663017, 7: 0.9708489838830082}
2024-05-21 14:55:08 - INFO     - 0.9037037037037037, 0.8925925925925926, 0.8703703703703703, 0.8666666666666667, 0.8296296296296296, 0.8777777777777778, 0.8666666666666667, 0.9074074074074074, 0.8888888888888888, 0.8962962962962963
2024-05-21 14:55:08 - WARNING  - Epoch: 237, Sum of Accs: 8.800, Sum of s_i: 12.306534794316665
2024-05-21 14:55:12 - INFO     - {6: 1.2978271250503546, 9: 1.1838137825422552, 0: 0.9134136274908845, 2: 1.4713535037711614, 4: 1.0168640756775054, 3: 1.5756602734590621, 5: 1.3630408255342292, 1: 1.311788466231911, 8: 1.203663640543067, 7: 0.9698321104638862}
2024-05-21 14:55:12 - INFO     - 0.9037037037037037, 0.8925925925925926, 0.8703703703703703, 0.8666666666666667, 0.8296296296296296, 0.8777777777777778, 0.8666666666666667, 0.9074074074074074, 0.8888888888888888, 0.8962962962962963
2024-05-21 14:55:12 - WARNING  - Epoch: 238, Sum of Accs: 8.800, Sum of s_i: 12.307257430764315
2024-05-21 14:55:16 - INFO     - {6: 1.298175063551333, 9: 1.1836862502785865, 0: 0.9121556332794575, 2: 1.4724315091107845, 4: 1.0160416475833296, 3: 1.5771749336549383, 5: 1.3636691019122555, 1: 1.3122024659445923, 8: 1.2036243047492747, 7: 0.9688141093180042}
2024-05-21 14:55:16 - INFO     - 0.9037037037037037, 0.8925925925925926, 0.8703703703703703, 0.8666666666666667, 0.8296296296296296, 0.8777777777777778, 0.8666666666666667, 0.9074074074074074, 0.8888888888888888, 0.8962962962962963
2024-05-21 14:55:16 - WARNING  - Epoch: 239, Sum of Accs: 8.800, Sum of s_i: 12.307975019382557
2024-05-21 14:55:20 - INFO     - {6: 1.2985218823603024, 9: 1.1835570572190777, 0: 0.9108965193760215, 2: 1.4735062343733034, 4: 1.0152159394120497, 3: 1.5786879330549746, 5: 1.364294098213178, 1: 1.3126131855801695, 8: 1.2035816888783784, 7: 0.9677949884801132}
2024-05-21 14:55:20 - INFO     - 0.9037037037037037, 0.8925925925925926, 0.8703703703703703, 0.8666666666666667, 0.8296296296296296, 0.8777777777777778, 0.8666666666666667, 0.9074074074074074, 0.8888888888888888, 0.8962962962962963
2024-05-21 14:55:20 - WARNING  - Epoch: 240, Sum of Accs: 8.800, Sum of s_i: 12.308669526947567
2024-05-21 14:55:24 - INFO     - {6: 1.2988676176410547, 9: 1.183426782394849, 0: 0.9096357826040345, 2: 1.4745798778711026, 4: 1.01438914947605, 3: 1.5801998506902908, 5: 1.3649180127493803, 1: 1.3130212766602856, 8: 1.2035379912427622, 7: 0.9667742447736714}
2024-05-21 14:55:24 - INFO     - 0.9037037037037037, 0.8925925925925926, 0.8703703703703703, 0.8666666666666667, 0.8296296296296296, 0.8777777777777778, 0.8666666666666667, 0.9074074074074074, 0.8888888888888888, 0.8962962962962963
2024-05-21 14:55:24 - WARNING  - Epoch: 241, Sum of Accs: 8.800, Sum of s_i: 12.309350586103479
2024-05-21 14:55:28 - INFO     - {6: 1.2992122905174608, 9: 1.183295446894943, 0: 0.9083739851563702, 2: 1.4756546338873882, 4: 1.0135617954590428, 3: 1.5817112042445998, 5: 1.3655413632045754, 1: 1.3134303504501355, 8: 1.2034954061256324, 7: 0.9657524403915521}
2024-05-21 14:55:28 - INFO     - 0.9037037037037037, 0.8925925925925926, 0.8703703703703703, 0.8666666666666667, 0.8296296296296296, 0.8777777777777778, 0.8666666666666667, 0.9074074074074074, 0.8888888888888888, 0.8962962962962963
2024-05-21 14:55:28 - WARNING  - Epoch: 242, Sum of Accs: 8.800, Sum of s_i: 12.310028916331701
2024-05-21 14:55:32 - INFO     - {6: 1.2995559053866748, 9: 1.1831630551089183, 0: 0.9071111314225871, 2: 1.476728336626087, 4: 1.0127328885612468, 3: 1.58322100491812, 5: 1.3661653369816775, 1: 1.31383633799616, 8: 1.203451767730916, 7: 0.964729579723314}
2024-05-21 14:55:32 - INFO     - 0.9037037037037037, 0.8925925925925926, 0.8703703703703703, 0.8666666666666667, 0.8296296296296296, 0.8777777777777778, 0.8666666666666667, 0.9074074074074074, 0.8888888888888888, 0.8962962962962963
2024-05-21 14:55:32 - WARNING  - Epoch: 243, Sum of Accs: 8.800, Sum of s_i: 12.310695344455702
2024-05-21 14:55:36 - INFO     - {6: 1.299898480948932, 9: 1.1830296257061617, 0: 0.905847774272439, 2: 1.4777988255453582, 4: 1.011903452863045, 3: 1.5847297679749082, 5: 1.366786096939352, 1: 1.3142433301048153, 8: 1.2034049155167719, 7: 0.963706215638711}
2024-05-21 14:55:36 - INFO     - 0.9037037037037037, 0.8925925925925926, 0.8703703703703703, 0.8666666666666667, 0.8296296296296296, 0.8777777777777778, 0.8666666666666667, 0.9074074074074074, 0.8888888888888888, 0.8962962962962963
2024-05-21 14:55:36 - WARNING  - Epoch: 244, Sum of Accs: 8.800, Sum of s_i: 12.311348485510495
2024-05-21 14:55:40 - INFO     - {6: 1.300240038056671, 9: 1.1828951795047875, 0: 0.9045833986677727, 2: 1.4788704788871605, 4: 1.0110730016593568, 3: 1.586239319298687, 5: 1.3674052914153816, 1: 1.314647282644718, 8: 1.2033592277251588, 7: 0.9626818330995897}
2024-05-21 14:55:40 - INFO     - 0.9037037037037037, 0.8925925925925926, 0.8703703703703703, 0.8666666666666667, 0.8296296296296296, 0.8777777777777778, 0.8666666666666667, 0.9074074074074074, 0.8888888888888888, 0.8962962962962963
2024-05-21 14:55:40 - WARNING  - Epoch: 245, Sum of Accs: 8.800, Sum of s_i: 12.311995050959283
2024-05-21 14:55:44 - INFO     - {6: 1.3005805870910665, 9: 1.1827597268686905, 0: 0.9033180149897627, 2: 1.479938944573091, 4: 1.010241552067028, 3: 1.5877478736289419, 5: 1.3680234907453555, 1: 1.3150502417097265, 8: 1.203312166784481, 7: 0.9616559115812793}
2024-05-21 14:55:44 - INFO     - 0.9037037037037037, 0.8925925925925926, 0.8703703703703703, 0.8666666666666667, 0.8296296296296296, 0.8814814814814815, 0.8666666666666667, 0.9074074074074074, 0.8888888888888888, 0.8962962962962963
2024-05-21 14:55:44 - WARNING  - Epoch: 246, Sum of Accs: 8.804, Sum of s_i: 12.312628510039424
2024-05-21 14:55:48 - INFO     - {6: 1.3009201486097333, 9: 1.1826232883216818, 0: 0.9020511144949956, 2: 1.4810086120689638, 4: 1.009410786129102, 3: 1.5892536275414781, 5: 1.3686407095575375, 1: 1.3154537158578037, 8: 1.2032644931469385, 7: 0.9606290041520573}
2024-05-21 14:55:48 - INFO     - 0.9037037037037037, 0.8925925925925926, 0.8703703703703703, 0.8666666666666667, 0.8296296296296296, 0.8814814814814815, 0.8666666666666667, 0.9074074074074074, 0.8888888888888888, 0.8962962962962963
2024-05-21 14:55:48 - WARNING  - Epoch: 247, Sum of Accs: 8.804, Sum of s_i: 12.313255499880292
2024-05-21 14:55:52 - INFO     - {6: 1.3012587328178002, 9: 1.1824864017651018, 0: 0.9007837659906571, 2: 1.4820773049720144, 4: 1.0085790455983537, 3: 1.5907602251906214, 5: 1.3692596734989915, 1: 1.3158547209101972, 8: 1.2032158449165737, 7: 0.9596016487132639}
2024-05-21 14:55:52 - INFO     - 0.9037037037037037, 0.8925925925925926, 0.8703703703703703, 0.8666666666666667, 0.8296296296296296, 0.8814814814814815, 0.8666666666666667, 0.9074074074074074, 0.8888888888888888, 0.8962962962962963
2024-05-21 14:55:52 - WARNING  - Epoch: 248, Sum of Accs: 8.804, Sum of s_i: 12.313877364373575
2024-05-21 14:55:56 - INFO     - {6: 1.30159634782229, 9: 1.1823480198660845, 0: 0.8995154482827415, 2: 1.483145033822593, 4: 1.0077463410151335, 3: 1.5922662281787174, 5: 1.3698749599786724, 1: 1.3162547720142466, 8: 1.2031662326337371, 7: 0.9585727979320334}
2024-05-21 14:55:56 - INFO     - 0.9037037037037037, 0.8925925925925926, 0.8703703703703703, 0.8666666666666667, 0.8296296296296296, 0.8814814814814815, 0.8666666666666667, 0.9074074074074074, 0.8888888888888888, 0.8962962962962963
2024-05-21 14:55:56 - WARNING  - Epoch: 249, Sum of Accs: 8.804, Sum of s_i: 12.31448618154625
2024-05-21 14:56:00 - INFO     - {6: 1.3019330140718266, 9: 1.182209215350974, 0: 0.8982461818198727, 2: 1.4842118173366312, 4: 1.006911028589333, 3: 1.5937712858302728, 5: 1.3704893084515055, 1: 1.3166575499013429, 8: 1.2031129689347515, 7: 0.9575451942418306}
2024-05-21 14:56:00 - INFO     - 0.9037037037037037, 0.8925925925925926, 0.8703703703703703, 0.8666666666666667, 0.8296296296296296, 0.8814814814814815, 0.8666666666666667, 0.9074074074074074, 0.8888888888888888, 0.8962962962962963
2024-05-21 14:56:00 - WARNING  - Epoch: 250, Sum of Accs: 8.804, Sum of s_i: 12.315087564528342
2024-05-21 14:56:04 - INFO     - {6: 1.3022687432620517, 9: 1.182068950699832, 0: 0.8969759782976924, 2: 1.4852776687917986, 4: 1.00607424882642, 3: 1.5952754114229575, 5: 1.371102730370869, 1: 1.3170593957295686, 8: 1.2030571971706379, 7: 0.9565144607084755}
2024-05-21 14:56:04 - INFO     - 0.9037037037037037, 0.8925925925925926, 0.8703703703703703, 0.8666666666666667, 0.8296296296296296, 0.8814814814814815, 0.8666666666666667, 0.9074074074074074, 0.8888888888888888, 0.8962962962962963
2024-05-21 14:56:04 - WARNING  - Epoch: 251, Sum of Accs: 8.804, Sum of s_i: 12.315674785280303
2024-05-21 14:56:08 - INFO     - {6: 1.3026035575661514, 9: 1.1819277726476316, 0: 0.8957045582283143, 2: 1.4863406289922065, 4: 1.0052371003479128, 3: 1.5967782748232018, 5: 1.371715249308648, 1: 1.3174581303724542, 8: 1.2030021039365981, 7: 0.9554828137740617}
2024-05-21 14:56:08 - INFO     - 0.9037037037037037, 0.8925925925925926, 0.8703703703703703, 0.8666666666666667, 0.8296296296296296, 0.8814814814814815, 0.8666666666666667, 0.9074074074074074, 0.8888888888888888, 0.8962962962962963
2024-05-21 14:56:08 - WARNING  - Epoch: 252, Sum of Accs: 8.804, Sum of s_i: 12.316250189997179
2024-05-21 14:56:12 - INFO     - {6: 1.3029374754949814, 9: 1.1817862198118145, 0: 0.8944325434447389, 2: 1.487402994478417, 4: 1.0043990593244883, 3: 1.5982789144469296, 5: 1.372327885833262, 1: 1.317856490231723, 8: 1.2029471282893933, 7: 0.9544507920560313}
2024-05-21 14:56:12 - INFO     - 0.9037037037037037, 0.8925925925925926, 0.8703703703703703, 0.8666666666666667, 0.8296296296296296, 0.8814814814814815, 0.8666666666666667, 0.9074074074074074, 0.8888888888888888, 0.8962962962962963
2024-05-21 14:56:12 - WARNING  - Epoch: 253, Sum of Accs: 8.804, Sum of s_i: 12.316819503411779
2024-05-21 14:56:16 - INFO     - {6: 1.303270506636587, 9: 1.1816437801887731, 0: 0.8931596418739391, 2: 1.4884644731774033, 4: 1.0035601045896756, 3: 1.599778667283433, 5: 1.3729396355706516, 1: 1.3182539633037673, 8: 1.2028912658549642, 7: 0.9534178835507766}
2024-05-21 14:56:16 - INFO     - 0.9037037037037037, 0.8925925925925926, 0.8703703703703703, 0.8666666666666667, 0.8296296296296296, 0.8814814814814815, 0.8666666666666667, 0.9074074074074074, 0.8888888888888888, 0.8962962962962963
2024-05-21 14:56:16 - WARNING  - Epoch: 254, Sum of Accs: 8.804, Sum of s_i: 12.317379922029971
2024-05-21 14:56:20 - INFO     - {6: 1.3036026649419645, 9: 1.1814999504472736, 0: 0.8918858674669111, 2: 1.4895245617579314, 4: 1.0027197597364048, 3: 1.6012770300014785, 5: 1.373549995189583, 1: 1.3186500462573536, 8: 1.202834013302077, 7: 0.9523835849270638}
2024-05-21 14:56:20 - INFO     - 0.9037037037037037, 0.8925925925925926, 0.8703703703703703, 0.8666666666666667, 0.8296296296296296, 0.8814814814814815, 0.8666666666666667, 0.9074074074074074, 0.8888888888888888, 0.8962962962962963
2024-05-21 14:56:20 - WARNING  - Epoch: 255, Sum of Accs: 8.804, Sum of s_i: 12.317927474028041
2024-05-21 14:56:24 - INFO     - {6: 1.3039339705425603, 9: 1.1813557852832224, 0: 0.8906112403551015, 2: 1.4905843149159077, 4: 1.0018790794605823, 3: 1.6027750572969721, 5: 1.3741600193859629, 1: 1.319044813401353, 8: 1.202773880602791, 7: 0.9513489508807992}
2024-05-21 14:56:24 - INFO     - 0.9037037037037037, 0.8925925925925926, 0.8703703703703703, 0.8666666666666667, 0.8296296296296296, 0.8814814814814815, 0.8666666666666667, 0.9074074074074074, 0.8888888888888888, 0.8962962962962963
2024-05-21 14:56:24 - WARNING  - Epoch: 256, Sum of Accs: 8.804, Sum of s_i: 12.318467112125253
2024-05-21 14:56:28 - INFO     - {6: 1.3042644358517246, 9: 1.1812102652909917, 0: 0.8893354849866542, 2: 1.4916449264163398, 4: 1.0010392575272156, 3: 1.6042735990873118, 5: 1.3747705580771887, 1: 1.319437791586799, 8: 1.2027168071221983, 7: 0.9503131885778968}
2024-05-21 14:56:28 - INFO     - 0.9037037037037037, 0.8925925925925926, 0.8703703703703703, 0.8666666666666667, 0.8296296296296296, 0.8814814814814815, 0.8666666666666667, 0.9074074074074074, 0.8888888888888888, 0.8962962962962963
2024-05-21 14:56:28 - WARNING  - Epoch: 257, Sum of Accs: 8.804, Sum of s_i: 12.319006314524323
2024-05-21 14:56:32 - INFO     - {6: 1.304594061636134, 9: 1.1810639071350213, 0: 0.8880586648829255, 2: 1.492704702484147, 4: 1.000196384259474, 3: 1.6057713115332783, 5: 1.3753783892816493, 1: 1.3198313461259146, 8: 1.2026550137503342, 7: 0.9492763615397132}
2024-05-21 14:56:32 - INFO     - 0.9037037037037037, 0.8925925925925926, 0.8703703703703703, 0.8666666666666667, 0.8296296296296296, 0.8814814814814815, 0.8666666666666667, 0.9074074074074074, 0.8888888888888888, 0.8962962962962963
2024-05-21 14:56:33 - WARNING  - Epoch: 258, Sum of Accs: 8.804, Sum of s_i: 12.319530142628592
2024-05-21 14:56:37 - INFO     - {6: 1.3049228719176342, 9: 1.1809172466518745, 0: 0.8867815424520202, 2: 1.4937619603230279, 4: 0.999353208664556, 3: 1.6072668435096764, 5: 1.3759859181589336, 1: 1.3202245983378535, 8: 1.2025949304557997, 7: 0.948239232174353}
2024-05-21 14:56:37 - INFO     - 0.9037037037037037, 0.8925925925925926, 0.8703703703703703, 0.8666666666666667, 0.8296296296296296, 0.8814814814814815, 0.8666666666666667, 0.9074074074074074, 0.8888888888888888, 0.8962962962962963
2024-05-21 14:56:37 - WARNING  - Epoch: 259, Sum of Accs: 8.804, Sum of s_i: 12.32004835264573
2024-05-21 14:56:41 - INFO     - {6: 1.3052508755244243, 9: 1.180769268947332, 0: 0.8855036133464048, 2: 1.494817900940513, 4: 0.9985092263949278, 3: 1.6087610582646787, 5: 1.3765926403615074, 1: 1.3206151528696415, 8: 1.202534040486555, 7: 0.9472012961342826}
2024-05-21 14:56:41 - INFO     - 0.9037037037037037, 0.8925925925925926, 0.8703703703703703, 0.8666666666666667, 0.8296296296296296, 0.8814814814814815, 0.8666666666666667, 0.9074074074074074, 0.8888888888888888, 0.8962962962962963
2024-05-21 14:56:41 - WARNING  - Epoch: 260, Sum of Accs: 8.804, Sum of s_i: 12.320555073270269
2024-05-21 14:56:45 - INFO     - {6: 1.305578090420277, 9: 1.1806210130785375, 0: 0.8842248955298521, 2: 1.4958752752678044, 4: 0.9976644554143622, 3: 1.6102567067294875, 5: 1.3772002857272023, 1: 1.3210085215699912, 8: 1.2024740736804311, 7: 0.9461625713832749}
2024-05-21 14:56:45 - INFO     - 0.9037037037037037, 0.8925925925925926, 0.8703703703703703, 0.8666666666666667, 0.8296296296296296, 0.8814814814814815, 0.8666666666666667, 0.9074074074074074, 0.8888888888888888, 0.8962962962962963
2024-05-21 14:56:45 - WARNING  - Epoch: 261, Sum of Accs: 8.804, Sum of s_i: 12.32106588880122
2024-05-21 14:56:49 - INFO     - {6: 1.305904510310262, 9: 1.1804719622038755, 0: 0.8829453827074316, 2: 1.49693014271517, 4: 0.996818889427929, 3: 1.6117498483143704, 5: 1.3778054242129714, 1: 1.321399383390415, 8: 1.2024115999943814, 7: 0.9451230516263995}
2024-05-21 14:56:49 - INFO     - 0.9037037037037037, 0.8925925925925926, 0.8703703703703703, 0.8666666666666667, 0.8296296296296296, 0.8814814814814815, 0.8666666666666667, 0.9074074074074074, 0.8888888888888888, 0.8962962962962963
2024-05-21 14:56:49 - WARNING  - Epoch: 262, Sum of Accs: 8.804, Sum of s_i: 12.321560194903206
2024-05-21 14:56:53 - INFO     - {6: 1.306230160964075, 9: 1.1803216353579271, 0: 0.8816651006488391, 2: 1.4979859605579966, 4: 0.9959742738369568, 3: 1.6132439402947143, 5: 1.378409286727454, 1: 1.3217911956062998, 8: 1.2023500767037927, 7: 0.9440844822649853}
2024-05-21 14:56:53 - INFO     - 0.9037037037037037, 0.8925925925925926, 0.8703703703703703, 0.8666666666666667, 0.8296296296296296, 0.8814814814814815, 0.8666666666666667, 0.9074074074074074, 0.8888888888888888, 0.8962962962962963
2024-05-21 14:56:53 - WARNING  - Epoch: 263, Sum of Accs: 8.804, Sum of s_i: 12.322056112963041
2024-05-21 14:56:57 - INFO     - {6: 1.3065550399476187, 9: 1.1801705380912726, 0: 0.8803840469199774, 2: 1.4990392870989209, 4: 0.9951271669440823, 3: 1.614736943105508, 5: 1.379014286439134, 1: 1.322180011034731, 8: 1.2022835950906021, 7: 0.9430434216016687}
2024-05-21 14:56:57 - INFO     - 0.9037037037037037, 0.8925925925925926, 0.8703703703703703, 0.8666666666666667, 0.8296296296296296, 0.8814814814814815, 0.8666666666666667, 0.9074074074074074, 0.8888888888888888, 0.8962962962962963
2024-05-21 14:56:57 - WARNING  - Epoch: 264, Sum of Accs: 8.804, Sum of s_i: 12.322534336273517
2024-05-21 14:57:01 - INFO     - {6: 1.3068791748652915, 9: 1.1800186979633889, 0: 0.8791019810694036, 2: 1.500093596368847, 4: 0.9942793159853368, 3: 1.6162295265129514, 5: 1.37961622320387, 1: 1.3225703146777155, 8: 1.202220563227113, 7: 0.9420016168724811}
2024-05-21 14:57:01 - INFO     - 0.9037037037037037, 0.8925925925925926, 0.8703703703703703, 0.8666666666666667, 0.8296296296296296, 0.8814814814814815, 0.8666666666666667, 0.9074074074074074, 0.8888888888888888, 0.8962962962962963
2024-05-21 14:57:01 - WARNING  - Epoch: 265, Sum of Accs: 8.804, Sum of s_i: 12.3230110107464
2024-05-21 14:57:05 - INFO     - {6: 1.3072025681958876, 9: 1.1798661174488412, 0: 0.8778194416875943, 2: 1.501144934176327, 4: 0.993430220359018, 3: 1.6177191384579486, 5: 1.380217432688741, 1: 1.3229563123684454, 8: 1.2021545599011776, 7: 0.9409590705562169}
2024-05-21 14:57:05 - INFO     - 0.9037037037037037, 0.8925925925925926, 0.8703703703703703, 0.8666666666666667, 0.8296296296296296, 0.8814814814814815, 0.8666666666666667, 0.9074074074074074, 0.8888888888888888, 0.8962962962962963
2024-05-21 14:57:05 - WARNING  - Epoch: 266, Sum of Accs: 8.804, Sum of s_i: 12.323469795840198
2024-05-21 14:57:09 - INFO     - {6: 1.3075252478358532, 9: 1.1797133263241597, 0: 0.8765361886151545, 2: 1.5021977934449982, 4: 0.9925809141225653, 3: 1.619210271864137, 5: 1.3808205629958157, 1: 1.323345166010175, 8: 1.2020858989992136, 7: 0.9399158105493222}
2024-05-21 14:57:09 - INFO     - 0.9037037037037037, 0.8925925925925926, 0.8703703703703703, 0.8666666666666667, 0.8296296296296296, 0.8814814814814815, 0.8666666666666667, 0.9074074074074074, 0.8888888888888888, 0.8962962962962963
2024-05-21 14:57:09 - WARNING  - Epoch: 267, Sum of Accs: 8.804, Sum of s_i: 12.323931180761393
2024-05-21 14:57:13 - INFO     - {6: 1.3078472098051785, 9: 1.179559316764686, 0: 0.8752522178720744, 2: 1.5032499390159781, 4: 0.9917326262597465, 3: 1.620700691572634, 5: 1.3814229796051989, 1: 1.3237333059542131, 8: 1.2020207034367782, 7: 0.9388735689160611}
2024-05-21 14:57:13 - INFO     - 0.9037037037037037, 0.8925925925925926, 0.8703703703703703, 0.8666666666666667, 0.8296296296296296, 0.8814814814814815, 0.8666666666666667, 0.9074074074074074, 0.8888888888888888, 0.8962962962962963
2024-05-21 14:57:13 - WARNING  - Epoch: 268, Sum of Accs: 8.804, Sum of s_i: 12.32439255920255
2024-05-21 14:57:17 - INFO     - {6: 1.3081684541784226, 9: 1.1794045907701005, 0: 0.873967529532913, 2: 1.5042991313434204, 4: 0.9908818847565722, 3: 1.6221881580375936, 5: 1.3820224429710446, 1: 1.3241184926547136, 8: 1.2019525546308052, 7: 0.9378288736424448}
2024-05-21 14:57:17 - INFO     - 0.9037037037037037, 0.8925925925925926, 0.8703703703703703, 0.8666666666666667, 0.8296296296296296, 0.8814814814814815, 0.8666666666666667, 0.9074074074074074, 0.8888888888888888, 0.8962962962962963
2024-05-21 14:57:17 - WARNING  - Epoch: 269, Sum of Accs: 8.804, Sum of s_i: 12.324832112518031
2024-05-21 14:57:21 - INFO     - {6: 1.3084890149608432, 9: 1.1792491822904576, 0: 0.8726819007741253, 2: 1.5053498823573908, 4: 0.9900304596625746, 3: 1.6236751836861092, 5: 1.3826234650234184, 1: 1.324501680899536, 8: 1.2018859645113602, 7: 0.936783494778005}
2024-05-21 14:57:21 - INFO     - 0.9037037037037037, 0.8925925925925926, 0.8703703703703703, 0.8666666666666667, 0.8296296296296296, 0.8814814814814815, 0.8666666666666667, 0.9074074074074074, 0.8888888888888888, 0.8962962962962963
2024-05-21 14:57:21 - WARNING  - Epoch: 270, Sum of Accs: 8.804, Sum of s_i: 12.32527022894382
2024-05-21 14:57:25 - INFO     - {6: 1.3088088944453051, 9: 1.1790930936147304, 0: 0.8713958475461817, 2: 1.5063977120036913, 4: 0.9891783532706182, 3: 1.625161784865469, 5: 1.3832211922574587, 1: 1.3248855049188948, 8: 1.2018164530242454, 7: 0.9357374346156065}
2024-05-21 14:57:25 - INFO     - 0.9037037037037037, 0.8925925925925926, 0.8703703703703703, 0.8666666666666667, 0.8296296296296296, 0.8814814814814815, 0.8666666666666667, 0.9074074074074074, 0.8888888888888888, 0.8962962962962963
2024-05-21 14:57:25 - WARNING  - Epoch: 271, Sum of Accs: 8.804, Sum of s_i: 12.3256962705622
2024-05-21 14:57:29 - INFO     - {6: 1.3091281114646145, 9: 1.1789363435450921, 0: 0.8701091318530857, 2: 1.507447124828005, 4: 0.9883255844135094, 3: 1.6266494718273, 5: 1.3838208761201758, 1: 1.3252691638686431, 8: 1.2017485247151438, 7: 0.9346907119880556}
2024-05-21 14:57:29 - INFO     - 0.9037037037037037, 0.8925925925925926, 0.8703703703703703, 0.8666666666666667, 0.8296296296296296, 0.8814814814814815, 0.8666666666666667, 0.9074074074074074, 0.8888888888888888, 0.8962962962962963
2024-05-21 14:57:29 - WARNING  - Epoch: 272, Sum of Accs: 8.804, Sum of s_i: 12.326125044623627
2024-05-21 14:57:33 - INFO     - {6: 1.3094466618254959, 9: 1.1787794231413262, 0: 0.8688217495015615, 2: 1.5084958731862264, 4: 0.9874721488979724, 3: 1.6281347438830789, 5: 1.384418145076841, 1: 1.3256521561599632, 8: 1.2016781814999904, 7: 0.9336433227020765}
2024-05-21 14:57:33 - INFO     - 0.9037037037037037, 0.8925925925925926, 0.8703703703703703, 0.8666666666666667, 0.8296296296296296, 0.8814814814814815, 0.8666666666666667, 0.9074074074074074, 0.8888888888888888, 0.8962962962962963
2024-05-21 14:57:33 - WARNING  - Epoch: 273, Sum of Accs: 8.804, Sum of s_i: 12.326542405874532
2024-05-21 14:57:37 - INFO     - {6: 1.3097645633260524, 9: 1.1786213596796884, 0: 0.8675337182897127, 2: 1.5095439763371687, 4: 0.9866180645221108, 3: 1.6296211211715386, 5: 1.3850165192661867, 1: 1.3260362536839638, 8: 1.2016089435175175, 7: 0.9325947903582253}
2024-05-21 14:57:37 - INFO     - 0.9037037037037037, 0.8925925925925926, 0.8703703703703703, 0.8666666666666667, 0.8296296296296296, 0.8814814814814815, 0.8666666666666667, 0.9074074074074074, 0.8888888888888888, 0.8962962962962963
2024-05-21 14:57:37 - WARNING  - Epoch: 274, Sum of Accs: 8.804, Sum of s_i: 12.326959310152164
2024-05-21 14:57:41 - INFO     - {6: 1.3100818167293666, 9: 1.1784631423183556, 0: 0.8662450389806216, 2: 1.5105896772978635, 4: 0.9857634625370273, 3: 1.6311050962697506, 5: 1.3856116434469563, 1: 1.3264171011993882, 8: 1.2015364555264683, 7: 0.9315462346026998}
2024-05-21 14:57:41 - INFO     - 0.9037037037037037, 0.8925925925925926, 0.8703703703703703, 0.8666666666666667, 0.8296296296296296, 0.8814814814814815, 0.8666666666666667, 0.9074074074074074, 0.8888888888888888, 0.8962962962962963
2024-05-21 14:57:41 - WARNING  - Epoch: 275, Sum of Accs: 8.804, Sum of s_i: 12.327359668908498
2024-05-21 14:57:45 - INFO     - {6: 1.3103984478057407, 9: 1.1783043026300823, 0: 0.8649557373445901, 2: 1.5116365149025979, 4: 0.984908107736983, 3: 1.6325884490410223, 5: 1.386206993119114, 1: 1.326798174206201, 8: 1.2014659519977873, 7: 0.9304969260322133}
2024-05-21 14:57:45 - INFO     - 0.9037037037037037, 0.8925925925925926, 0.8703703703703703, 0.8666666666666667, 0.8296296296296296, 0.8814814814814815, 0.8666666666666667, 0.9074074074074074, 0.8888888888888888, 0.8962962962962963
2024-05-21 14:57:45 - WARNING  - Epoch: 276, Sum of Accs: 8.804, Sum of s_i: 12.327759604816332
2024-05-21 14:57:49 - INFO     - {6: 1.3107144572608886, 9: 1.1781443501806492, 0: 0.8636653229473985, 2: 1.5126804807751923, 4: 0.9840516401757786, 3: 1.634070689051134, 5: 1.386801230030112, 1: 1.3271781344518536, 8: 1.2013913123708913, 7: 0.9294465047005669}
2024-05-21 14:57:49 - INFO     - 0.9037037037037037, 0.8925925925925926, 0.8703703703703703, 0.8666666666666667, 0.8296296296296296, 0.8814814814814815, 0.8666666666666667, 0.9074074074074074, 0.8888888888888888, 0.8962962962962963
2024-05-21 14:57:49 - WARNING  - Epoch: 277, Sum of Accs: 8.804, Sum of s_i: 12.328144121944465
2024-05-21 14:57:53 - INFO     - {6: 1.3110298691058875, 9: 1.1779838010865347, 0: 0.8623743119055256, 2: 1.5137238500031054, 4: 0.9831945759698929, 3: 1.6355542989029412, 5: 1.3873968367828053, 1: 1.3275574980528249, 8: 1.2013154862179716, 7: 0.928395486724239}
2024-05-21 14:57:53 - INFO     - 0.9037037037037037, 0.8925925925925926, 0.8703703703703703, 0.8666666666666667, 0.8296296296296296, 0.8814814814814815, 0.8666666666666667, 0.9074074074074074, 0.8888888888888888, 0.8962962962962963
2024-05-21 14:57:53 - WARNING  - Epoch: 278, Sum of Accs: 8.804, Sum of s_i: 12.328526014751729
2024-05-21 14:57:57 - INFO     - {6: 1.3113446874636896, 9: 1.1778226594638916, 0: 0.8610831975509223, 2: 1.514768883703124, 4: 0.9823374084512768, 3: 1.6370376067404768, 5: 1.3879895443479249, 1: 1.3279367583410657, 8: 1.20123907146357, 7: 0.9273443654351808}
2024-05-21 14:57:57 - INFO     - 0.9037037037037037, 0.8888888888888888, 0.8703703703703703, 0.8666666666666667, 0.8296296296296296, 0.8814814814814815, 0.8666666666666667, 0.9074074074074074, 0.8888888888888888, 0.8962962962962963
2024-05-21 14:57:57 - WARNING  - Epoch: 279, Sum of Accs: 8.800, Sum of s_i: 12.328904182961121
2024-05-21 14:58:01 - INFO     - {6: 1.3116589181660483, 9: 1.177660931134917, 0: 0.8597910072741894, 2: 1.5158133331150394, 4: 0.9814814244293935, 3: 1.6385200373748123, 5: 1.3885839718831465, 1: 1.328313682045493, 8: 1.2011626596615237, 7: 0.9262926564906792}
2024-05-21 14:58:01 - INFO     - 0.9037037037037037, 0.8888888888888888, 0.8703703703703703, 0.8666666666666667, 0.8296296296296296, 0.8814814814814815, 0.8666666666666667, 0.9074074074074074, 0.8888888888888888, 0.8962962962962963
2024-05-21 14:58:01 - WARNING  - Epoch: 280, Sum of Accs: 8.800, Sum of s_i: 12.329278621575243
2024-05-21 14:58:05 - INFO     - {6: 1.311972567051199, 9: 1.177498621928284, 0: 0.8584987234469347, 2: 1.5168554295575707, 4: 0.9806230874381259, 3: 1.639999920627724, 5: 1.3891763393640812, 1: 1.3286912855339457, 8: 1.2010869276435028, 7: 0.9252403657289695}
2024-05-21 14:58:05 - INFO     - 0.9037037037037037, 0.8888888888888888, 0.8703703703703703, 0.8666666666666667, 0.8296296296296296, 0.8814814814814815, 0.8666666666666667, 0.9074074074074074, 0.8888888888888888, 0.8962962962962963
2024-05-21 14:58:05 - WARNING  - Epoch: 281, Sum of Accs: 8.800, Sum of s_i: 12.329643268320337
2024-05-21 14:58:09 - INFO     - {6: 1.3122856493748836, 9: 1.1773362334873214, 0: 0.8572058730582137, 2: 1.517898734172254, 4: 0.9797641838853921, 3: 1.6414812128226355, 5: 1.3897696284598788, 1: 1.329070297964398, 8: 1.2010126045674816, 7: 0.924189283139412}
2024-05-21 14:58:09 - INFO     - 0.9037037037037037, 0.8888888888888888, 0.8703703703703703, 0.8666666666666667, 0.8296296296296296, 0.8814814814814815, 0.8666666666666667, 0.9074074074074074, 0.8925925925925926, 0.8962962962962963
2024-05-21 14:58:09 - WARNING  - Epoch: 282, Sum of Accs: 8.804, Sum of s_i: 12.33001370093187
2024-05-21 14:58:13 - INFO     - {6: 1.3125981561886204, 9: 1.1771732695364112, 0: 0.8559124471595451, 2: 1.518941465831886, 4: 0.9789064821112252, 3: 1.6429622186197848, 5: 1.3903626311579143, 1: 1.3294490239970882, 8: 1.2009379950936983, 7: 0.923137627594803}
2024-05-21 14:58:13 - INFO     - 0.9037037037037037, 0.8888888888888888, 0.8703703703703703, 0.8666666666666667, 0.8296296296296296, 0.8814814814814815, 0.8666666666666667, 0.9074074074074074, 0.8888888888888888, 0.8962962962962963
2024-05-21 14:58:13 - WARNING  - Epoch: 283, Sum of Accs: 8.800, Sum of s_i: 12.330381317290975
2024-05-21 14:58:17 - INFO     - {6: 1.3129100919088066, 9: 1.1770092499305522, 0: 0.8546179656059278, 2: 1.5199836304386982, 4: 0.9780465941379681, 3: 1.6444423741485552, 5: 1.3909547835875709, 1: 1.329823680582499, 8: 1.2008625353515363, 7: 0.9220831391067308}
2024-05-21 14:58:17 - INFO     - 0.9037037037037037, 0.8888888888888888, 0.8703703703703703, 0.8666666666666667, 0.8296296296296296, 0.8814814814814815, 0.8666666666666667, 0.9074074074074074, 0.8925925925925926, 0.8962962962962963
2024-05-21 14:58:17 - WARNING  - Epoch: 284, Sum of Accs: 8.804, Sum of s_i: 12.330734044798847
2024-05-21 14:58:21 - INFO     - {6: 1.313221479703748, 9: 1.1768446832837778, 0: 0.8533234206884639, 2: 1.5210229821139516, 4: 0.9771855123794226, 3: 1.6459199999613257, 5: 1.3915441006525062, 1: 1.3301987209820891, 8: 1.200784240244653, 7: 0.9210287555955076}
2024-05-21 14:58:21 - INFO     - 0.9037037037037037, 0.8888888888888888, 0.8703703703703703, 0.8666666666666667, 0.8296296296296296, 0.8814814814814815, 0.8666666666666667, 0.9074074074074074, 0.8925925925925926, 0.8962962962962963
2024-05-21 14:58:21 - WARNING  - Epoch: 285, Sum of Accs: 8.804, Sum of s_i: 12.331073895605446
2024-05-21 14:58:25 - INFO     - {6: 1.3135323396116325, 9: 1.1766800724270152, 0: 0.852028347883943, 2: 1.5220640741768288, 4: 0.9763261710085009, 3: 1.6473993661617201, 5: 1.3921354637537868, 1: 1.3305758074180245, 8: 1.2007079911741148, 7: 0.9199754604541438}
2024-05-21 14:58:25 - INFO     - 0.9037037037037037, 0.8888888888888888, 0.8703703703703703, 0.8666666666666667, 0.8296296296296296, 0.8814814814814815, 0.8666666666666667, 0.9074074074074074, 0.8962962962962963, 0.8962962962962963
2024-05-21 14:58:25 - WARNING  - Epoch: 286, Sum of Accs: 8.807, Sum of s_i: 12.33142509406971
2024-05-21 14:58:29 - INFO     - {6: 1.3138426540429347, 9: 1.1765144341486262, 0: 0.8507322476577956, 2: 1.5231023542204674, 4: 0.9754640176183408, 3: 1.6488779171983485, 5: 1.3927260116913014, 1: 1.3309500818347213, 8: 1.200628930084338, 7: 0.9189193532935415}
2024-05-21 14:58:29 - INFO     - 0.9037037037037037, 0.8888888888888888, 0.8703703703703703, 0.8666666666666667, 0.8296296296296296, 0.8814814814814815, 0.8666666666666667, 0.9074074074074074, 0.8962962962962963, 0.8962962962962963
2024-05-21 14:58:29 - WARNING  - Epoch: 287, Sum of Accs: 8.807, Sum of s_i: 12.331758001790416
2024-05-21 14:58:33 - INFO     - {6: 1.3141524514410048, 9: 1.1763482796711504, 0: 0.8494361123434603, 2: 1.5241423892347197, 4: 0.9746018291399926, 3: 1.6503562263501181, 5: 1.3933163177439571, 1: 1.3313226223742132, 8: 1.200551623965175, 7: 0.9178650011035528}
2024-05-21 14:58:33 - INFO     - 0.9037037037037037, 0.8888888888888888, 0.8703703703703703, 0.8666666666666667, 0.8296296296296296, 0.8814814814814815, 0.8666666666666667, 0.9074074074074074, 0.8962962962962963, 0.8962962962962963
2024-05-21 14:58:33 - WARNING  - Epoch: 288, Sum of Accs: 8.807, Sum of s_i: 12.332092853367346
2024-05-21 14:58:37 - INFO     - {6: 1.3144617288206648, 9: 1.1761816060141201, 0: 0.8481394570107148, 2: 1.5251819065358054, 4: 0.9737391206432343, 3: 1.6518340177887212, 5: 1.3939035364396637, 1: 1.3316955644045745, 8: 1.200471527496757, 7: 0.9168078585643094}
2024-05-21 14:58:37 - INFO     - 0.9037037037037037, 0.8888888888888888, 0.8703703703703703, 0.8666666666666667, 0.8296296296296296, 0.8814814814814815, 0.8666666666666667, 0.9074074074074074, 0.8962962962962963, 0.8962962962962963
2024-05-21 14:58:37 - WARNING  - Epoch: 289, Sum of Accs: 8.807, Sum of s_i: 12.332416323718567
2024-05-21 14:58:41 - INFO     - {6: 1.3147705038889301, 9: 1.1760144308558866, 0: 0.8468422993665746, 2: 1.526220923751949, 4: 0.9728754303732295, 3: 1.653311309142382, 5: 1.3944902582887653, 1: 1.3320680095883308, 8: 1.2003906371740398, 7: 0.9157502145238625}
2024-05-21 14:58:41 - INFO     - 0.9037037037037037, 0.8888888888888888, 0.8703703703703703, 0.8666666666666667, 0.8296296296296296, 0.8814814814814815, 0.8666666666666667, 0.9074074074074074, 0.8962962962962963, 0.8962962962962963
2024-05-21 14:58:41 - WARNING  - Epoch: 290, Sum of Accs: 8.807, Sum of s_i: 12.332734016953953
2024-05-21 14:58:45 - INFO     - {6: 1.3150787856477595, 9: 1.1758467631837928, 0: 0.8455446484129986, 2: 1.5272594498449257, 4: 0.9720117262556407, 3: 1.654787837863734, 5: 1.3950767799771024, 1: 1.3324390552002843, 8: 1.2003115506244593, 7: 0.9146925566358315}
2024-05-21 14:58:45 - INFO     - 0.9037037037037037, 0.8888888888888888, 0.8703703703703703, 0.8666666666666667, 0.8296296296296296, 0.8814814814814815, 0.8666666666666667, 0.9074074074074074, 0.8962962962962963, 0.8962962962962963
2024-05-21 14:58:45 - WARNING  - Epoch: 291, Sum of Accs: 8.807, Sum of s_i: 12.333049153646527
2024-05-21 14:58:49 - INFO     - {6: 1.315386578097046, 9: 1.1756786069911864, 0: 0.8442465081498796, 2: 1.5282956898515927, 4: 0.9711475328285089, 3: 1.6562618741306725, 5: 1.3956625340225848, 1: 1.332810811702764, 8: 1.2002296924981228, 7: 0.9136344094382576}
2024-05-21 14:58:49 - INFO     - 0.9037037037037037, 0.8888888888888888, 0.8703703703703703, 0.8666666666666667, 0.8296296296296296, 0.8814814814814815, 0.8666666666666667, 0.9074074074074074, 0.8962962962962963, 0.8962962962962963
2024-05-21 14:58:49 - WARNING  - Epoch: 292, Sum of Accs: 8.807, Sum of s_i: 12.333354237710616
2024-05-21 14:58:53 - INFO     - {6: 1.3156938968739893, 9: 1.1755104550034827, 0: 0.8429478942144174, 2: 1.5293314561859166, 4: 0.9702828657290339, 3: 1.6577359146025137, 5: 1.3962478173689297, 1: 1.3331818183837638, 8: 1.2001481176990314, 7: 0.9125757885683405}
2024-05-21 14:58:53 - INFO     - 0.9037037037037037, 0.8888888888888888, 0.8703703703703703, 0.8666666666666667, 0.8296296296296296, 0.8814814814814815, 0.8666666666666667, 0.9074074074074074, 0.8962962962962963, 0.8962962962962963
2024-05-21 14:58:53 - WARNING  - Epoch: 293, Sum of Accs: 8.807, Sum of s_i: 12.333656024629418
2024-05-21 14:58:57 - INFO     - {6: 1.3160007471253903, 9: 1.1753413581320573, 0: 0.841648811753413, 2: 1.5303685571140908, 4: 0.9694177301040167, 3: 1.6592112896682052, 5: 1.3968326317392463, 1: 1.3335549136849965, 8: 1.2000678774937905, 7: 0.9115166991728813}
2024-05-21 14:58:57 - INFO     - 0.9037037037037037, 0.8888888888888888, 0.8703703703703703, 0.8666666666666667, 0.8296296296296296, 0.8814814814814815, 0.8666666666666667, 0.9074074074074074, 0.8962962962962963, 0.8962962962962963
2024-05-21 14:58:57 - WARNING  - Epoch: 294, Sum of Accs: 8.807, Sum of s_i: 12.333960615988087
2024-05-21 14:59:01 - INFO     - {6: 1.3163071245252416, 9: 1.1751722647672613, 0: 0.8403492564408588, 2: 1.5314051865468086, 4: 0.9685521216274496, 3: 1.6606861932384402, 5: 1.3974169769629246, 1: 1.3339249822433297, 8: 1.199985361317607, 7: 0.910457136925872}
2024-05-21 14:59:01 - INFO     - 0.9037037037037037, 0.8888888888888888, 0.8703703703703703, 0.8666666666666667, 0.8296296296296296, 0.8814814814814815, 0.8666666666666667, 0.9074074074074074, 0.8962962962962963, 0.8962962962962963
2024-05-21 14:59:01 - WARNING  - Epoch: 295, Sum of Accs: 8.807, Sum of s_i: 12.334256604595794
2024-05-21 14:59:05 - INFO     - {6: 1.3166130424554128, 9: 1.1750027119327855, 0: 0.8390492416586246, 2: 1.5324413585460748, 4: 0.9676860536812026, 3: 1.6621606393752237, 5: 1.3980034200005942, 1: 1.334297148615654, 8: 1.199904192183458, 7: 0.9093971152091829}
2024-05-21 14:59:05 - INFO     - 0.9037037037037037, 0.8888888888888888, 0.8703703703703703, 0.8666666666666667, 0.8296296296296296, 0.8814814814814815, 0.8666666666666667, 0.9074074074074074, 0.8962962962962963, 0.8962962962962963
2024-05-21 14:59:05 - WARNING  - Epoch: 296, Sum of Accs: 8.807, Sum of s_i: 12.334554923658215
2024-05-21 14:59:09 - INFO     - {6: 1.3169184973250625, 9: 1.174832221928685, 0: 0.8377487638158689, 2: 1.5334747868640022, 4: 0.9668195226744342, 3: 1.6636323418306682, 5: 1.3985871193569248, 1: 1.3346665713066397, 8: 1.1998207534770728, 7: 0.9083366304319722}
2024-05-21 14:59:09 - INFO     - 0.9037037037037037, 0.8888888888888888, 0.8703703703703703, 0.8666666666666667, 0.8296296296296296, 0.8814814814814815, 0.8666666666666667, 0.9074074074074074, 0.8962962962962963, 0.8925925925925926
2024-05-21 14:59:09 - WARNING  - Epoch: 297, Sum of Accs: 8.804, Sum of s_i: 12.334837209011331
2024-05-21 14:59:13 - INFO     - {6: 1.317223514046984, 9: 1.1746612944829056, 0: 0.8364473744223311, 2: 1.5345077777402503, 4: 0.9659520801168835, 3: 1.665105635220121, 5: 1.3991701228274993, 1: 1.335035556555946, 8: 1.1997364032199056, 7: 0.9072757075070333}
2024-05-21 14:59:13 - INFO     - 0.9037037037037037, 0.8888888888888888, 0.8703703703703703, 0.8703703703703703, 0.8296296296296296, 0.8814814814814815, 0.8666666666666667, 0.9074074074074074, 0.8962962962962963, 0.8925925925925926
2024-05-21 14:59:13 - WARNING  - Epoch: 298, Sum of Accs: 8.807, Sum of s_i: 12.335115466139857
2024-05-21 14:59:18 - INFO     - {6: 1.3175280988971165, 9: 1.1744899358611993, 0: 0.835145819793221, 2: 1.5355426236206966, 4: 0.9650864925635311, 3: 1.6665767349983143, 5: 1.399755239746349, 1: 1.3354063968094505, 8: 1.1996504539520347, 7: 0.9062141459434684}
2024-05-21 14:59:18 - INFO     - 0.9037037037037037, 0.8888888888888888, 0.8703703703703703, 0.8666666666666667, 0.8296296296296296, 0.8814814814814815, 0.8666666666666667, 0.9074074074074074, 0.8962962962962963, 0.8925925925925926
2024-05-21 14:59:18 - WARNING  - Epoch: 299, Sum of Accs: 8.804, Sum of s_i: 12.335395942185382
2024-05-21 14:59:22 - INFO     - {6: 1.3178322484552287, 9: 1.1743186146546645, 0: 0.8338440366389279, 2: 1.5365770350825136, 4: 0.9642186562452251, 3: 1.6680494205976486, 5: 1.4003381079002453, 1: 1.3357768026443257, 8: 1.1995675242804364, 7: 0.9051523558547203}
2024-05-21 14:59:22 - INFO     - 0.9037037037037037, 0.8888888888888888, 0.8703703703703703, 0.8666666666666667, 0.8296296296296296, 0.8814814814814815, 0.8666666666666667, 0.9074074074074074, 0.8962962962962963, 0.8925925925925926
2024-05-21 14:59:22 - WARNING  - Epoch: 300, Sum of Accs: 8.804, Sum of s_i: 12.335674802353935
2024-05-21 14:59:26 - INFO     - {6: 1.318135965252671, 9: 1.1741463893787143, 0: 0.8325413494152194, 2: 1.537611017163551, 4: 0.9633522048924638, 3: 1.6695216768162033, 5: 1.400919816143668, 1: 1.3361442342224035, 8: 1.1994816203520406, 7: 0.9040919507315169}
2024-05-21 14:59:26 - INFO     - 0.9037037037037037, 0.8888888888888888, 0.8703703703703703, 0.8666666666666667, 0.8296296296296296, 0.8814814814814815, 0.8666666666666667, 0.9074074074074074, 0.8962962962962963, 0.8925925925925926
2024-05-21 14:59:26 - WARNING  - Epoch: 301, Sum of Accs: 8.804, Sum of s_i: 12.335946224368453
2024-05-21 14:59:30 - INFO     - {6: 1.3184392608551971, 9: 1.1739737435862931, 0: 0.83123824167504, 2: 1.5386422896931577, 4: 0.9624837337084624, 3: 1.6709932610195513, 5: 1.401503397247902, 1: 1.3365135386612925, 8: 1.1993975892844562, 7: 0.9030288360568826}
2024-05-21 14:59:30 - INFO     - 0.9037037037037037, 0.8888888888888888, 0.8703703703703703, 0.8703703703703703, 0.8296296296296296, 0.8814814814814815, 0.8666666666666667, 0.9074074074074074, 0.8962962962962963, 0.8925925925925926
2024-05-21 14:59:30 - WARNING  - Epoch: 302, Sum of Accs: 8.807, Sum of s_i: 12.336213891788233
2024-05-21 14:59:34 - INFO     - {6: 1.318742141111, 9: 1.1738006831161059, 0: 0.8299347192570944, 2: 1.5396754389327676, 4: 0.961614158126504, 3: 1.6724623930089089, 5: 1.4020868175259154, 1: 1.336880390886191, 8: 1.1993111060028812, 7: 0.9019653067044819}
2024-05-21 14:59:34 - INFO     - 0.9037037037037037, 0.8888888888888888, 0.8703703703703703, 0.8666666666666667, 0.8296296296296296, 0.8814814814814815, 0.8666666666666667, 0.9074074074074074, 0.8962962962962963, 0.8925925925925926
2024-05-21 14:59:34 - WARNING  - Epoch: 303, Sum of Accs: 8.804, Sum of s_i: 12.33647315467185
2024-05-21 14:59:38 - INFO     - {6: 1.3190446190822445, 9: 1.1736272210092147, 0: 0.8286312645159334, 2: 1.5407081869385704, 4: 0.9607441809078417, 3: 1.6739334151522287, 5: 1.4026698365701213, 1: 1.337249133265052, 8: 1.1992225012002602, 7: 0.9009013757153775}
2024-05-21 14:59:38 - INFO     - 0.9037037037037037, 0.8888888888888888, 0.8703703703703703, 0.8703703703703703, 0.8296296296296296, 0.8814814814814815, 0.8666666666666667, 0.9074074074074074, 0.8962962962962963, 0.8925925925925926
2024-05-21 14:59:38 - WARNING  - Epoch: 304, Sum of Accs: 8.807, Sum of s_i: 12.336731734356846
2024-05-21 14:59:42 - INFO     - {6: 1.3193466958492237, 9: 1.1734533583441102, 0: 0.8273274085705072, 2: 1.5417382425954935, 4: 0.9598742717984028, 3: 1.6754017449466692, 5: 1.4032499293774592, 1: 1.3376151832950334, 8: 1.199133514131037, 7: 0.8998375128354964}
2024-05-21 14:59:42 - INFO     - 0.9037037037037037, 0.8888888888888888, 0.8703703703703703, 0.8703703703703703, 0.8296296296296296, 0.8814814814814815, 0.8666666666666667, 0.9074074074074074, 0.8962962962962963, 0.8925925925925926
2024-05-21 14:59:42 - WARNING  - Epoch: 305, Sum of Accs: 8.807, Sum of s_i: 12.336977861743435
2024-05-21 14:59:46 - INFO     - {6: 1.3196483907512875, 9: 1.1732791144289416, 0: 0.8260227027075802, 2: 1.5427702117230715, 4: 0.9590035127714629, 3: 1.6768696934910454, 5: 1.4038298748227216, 1: 1.3379808520749505, 8: 1.1990458474044807, 7: 0.8987728000381144}
2024-05-21 14:59:46 - INFO     - 0.9037037037037037, 0.8888888888888888, 0.8703703703703703, 0.8703703703703703, 0.8296296296296296, 0.8814814814814815, 0.8666666666666667, 0.9074074074074074, 0.8962962962962963, 0.8925925925925926
2024-05-21 14:59:46 - WARNING  - Epoch: 306, Sum of Accs: 8.807, Sum of s_i: 12.337223000213656
2024-05-21 14:59:50 - INFO     - {6: 1.319949705340906, 9: 1.1731044908136226, 0: 0.8247180845847931, 2: 1.543801801494282, 4: 0.958132841484663, 3: 1.6783377297755617, 5: 1.4044092083227482, 1: 1.3383484362192195, 8: 1.1989575687326886, 7: 0.8977081749808725}
2024-05-21 14:59:50 - INFO     - 0.9037037037037037, 0.8888888888888888, 0.8703703703703703, 0.8703703703703703, 0.8296296296296296, 0.8814814814814815, 0.8666666666666667, 0.9074074074074074, 0.8962962962962963, 0.8925925925925926
2024-05-21 14:59:50 - WARNING  - Epoch: 307, Sum of Accs: 8.807, Sum of s_i: 12.337468041749355
2024-05-21 14:59:54 - INFO     - {6: 1.3202506397865903, 9: 1.1729294876663363, 0: 0.823413086318072, 2: 1.5448330128030536, 4: 0.9572613232256058, 3: 1.6798049190878204, 5: 1.4049881666949091, 1: 1.3387131179260354, 8: 1.198871438908045, 7: 0.8966431697796964}
2024-05-21 14:59:54 - INFO     - 0.9037037037037037, 0.8888888888888888, 0.8703703703703703, 0.8703703703703703, 0.8296296296296296, 0.8814814814814815, 0.8666666666666667, 0.9074074074074074, 0.8962962962962963, 0.8925925925925926
2024-05-21 14:59:54 - WARNING  - Epoch: 308, Sum of Accs: 8.807, Sum of s_i: 12.337708362196164
2024-05-21 14:59:58 - INFO     - {6: 1.3205512014299774, 9: 1.1727541123168461, 0: 0.8221077152490537, 2: 1.5458638529583875, 4: 0.9563894327643445, 3: 1.6812740333806713, 5: 1.4055692778886462, 1: 1.3390799524544275, 8: 1.1987849379299635, 7: 0.8955777917762231}
2024-05-21 14:59:58 - INFO     - 0.9037037037037037, 0.8888888888888888, 0.8703703703703703, 0.8703703703703703, 0.8296296296296296, 0.8814814814814815, 0.8666666666666667, 0.9074074074074074, 0.8962962962962963, 0.8925925925925926
2024-05-21 14:59:58 - WARNING  - Epoch: 309, Sum of Accs: 8.807, Sum of s_i: 12.337952308148541
2024-05-21 15:00:02 - INFO     - {6: 1.3208513846647472, 9: 1.1725783591678007, 0: 0.8208019657714181, 2: 1.5468920181313697, 4: 0.9555176301226961, 3: 1.6827404726911708, 5: 1.4061474949378985, 1: 1.3394441120004679, 8: 1.1986957619695304, 7: 0.8945120353641325}
2024-05-21 15:00:02 - INFO     - 0.9037037037037037, 0.8888888888888888, 0.8703703703703703, 0.8703703703703703, 0.8296296296296296, 0.8814814814814815, 0.8666666666666667, 0.9074074074074074, 0.8962962962962963, 0.8925925925925926
2024-05-21 15:00:02 - WARNING  - Epoch: 310, Sum of Accs: 8.807, Sum of s_i: 12.338181234821231
2024-05-21 15:00:06 - INFO     - {6: 1.321151212805117, 9: 1.1724022514958412, 0: 0.8194958611993824, 2: 1.5479198287814377, 4: 0.9546454723866477, 3: 1.6842086152407503, 5: 1.4067276343883641, 1: 1.3398067977086743, 8: 1.1986045497437126, 7: 0.8934459238576419}
2024-05-21 15:00:06 - INFO     - 0.9037037037037037, 0.8888888888888888, 0.8703703703703703, 0.8703703703703703, 0.8296296296296296, 0.8814814814814815, 0.8666666666666667, 0.9074074074074074, 0.8962962962962963, 0.8925925925925926
2024-05-21 15:00:06 - WARNING  - Epoch: 311, Sum of Accs: 8.807, Sum of s_i: 12.33840814760757
2024-05-21 15:00:10 - INFO     - {6: 1.3214506889904851, 9: 1.172226256916562, 0: 0.818189404672345, 2: 1.5489495875581023, 4: 0.9537729626955974, 3: 1.685674813121016, 5: 1.4073076642034321, 1: 1.340172550858397, 8: 1.1985151323530459, 7: 0.8923794603961495}
2024-05-21 15:00:10 - INFO     - 0.9037037037037037, 0.8888888888888888, 0.8703703703703703, 0.8703703703703703, 0.8296296296296296, 0.8814814814814815, 0.8666666666666667, 0.9074074074074074, 0.8962962962962963, 0.8925925925925926
2024-05-21 15:00:10 - WARNING  - Epoch: 312, Sum of Accs: 8.807, Sum of s_i: 12.338638521765136
2024-05-21 15:00:14 - INFO     - {6: 1.3217498078679535, 9: 1.1720494411230347, 0: 0.8168825908374079, 2: 1.5499766900866028, 4: 0.9529000956966475, 3: 1.6871401897870335, 5: 1.4078848268825865, 1: 1.3405361116663042, 8: 1.1984232240977515, 7: 0.8913126396267574}
2024-05-21 15:00:14 - INFO     - 0.9037037037037037, 0.8888888888888888, 0.8703703703703703, 0.8703703703703703, 0.8296296296296296, 0.8814814814814815, 0.8666666666666667, 0.9074074074074074, 0.8962962962962963, 0.8925925925925926
2024-05-21 15:00:14 - WARNING  - Epoch: 313, Sum of Accs: 8.807, Sum of s_i: 12.338855617672081
2024-05-21 15:00:18 - INFO     - {6: 1.3220485900466026, 9: 1.1718722891724291, 0: 0.8155754403036516, 2: 1.5510057586453496, 4: 0.9520268919988784, 3: 1.6886072907020742, 5: 1.408461864292412, 1: 1.3408988724107846, 8: 1.198334951523083, 7: 0.8902454821585462}
2024-05-21 15:00:18 - INFO     - 0.9037037037037037, 0.8888888888888888, 0.8703703703703703, 0.8703703703703703, 0.8296296296296296, 0.8814814814814815, 0.8666666666666667, 0.9074074074074074, 0.8962962962962963, 0.8925925925925926
2024-05-21 15:00:18 - WARNING  - Epoch: 314, Sum of Accs: 8.807, Sum of s_i: 12.339077431253813
2024-05-21 15:00:22 - INFO     - {6: 1.322347028224371, 9: 1.171694793774387, 0: 0.8142679457690146, 2: 1.5520344847238432, 4: 0.9511551846435731, 3: 1.6900742909180848, 5: 1.4090408614093088, 1: 1.3412601763192493, 8: 1.198242359737343, 7: 0.8891779806894542}
2024-05-21 15:00:22 - INFO     - 0.9037037037037037, 0.8888888888888888, 0.8703703703703703, 0.8703703703703703, 0.8296296296296296, 0.8814814814814815, 0.8666666666666667, 0.9074074074074074, 0.8962962962962963, 0.8925925925925926
2024-05-21 15:00:22 - WARNING  - Epoch: 315, Sum of Accs: 8.807, Sum of s_i: 12.339295106208631
2024-05-21 15:00:26 - INFO     - {6: 1.3226451288341008, 9: 1.1715169613513554, 0: 0.8129596513982249, 2: 1.5530605706228395, 4: 0.9502808371087705, 3: 1.6915407204149544, 5: 1.4096192878070646, 1: 1.3416222565913039, 8: 1.19815317396328, 7: 0.8881096793842095}
2024-05-21 15:00:26 - INFO     - 0.9037037037037037, 0.8888888888888888, 0.8703703703703703, 0.8703703703703703, 0.8296296296296296, 0.8814814814814815, 0.8666666666666667, 0.9074074074074074, 0.8962962962962963, 0.8925925925925926
2024-05-21 15:00:26 - WARNING  - Epoch: 316, Sum of Accs: 8.807, Sum of s_i: 12.339508267476104
2024-05-21 15:00:30 - INFO     - {6: 1.322942898889421, 9: 1.1713392606420285, 0: 0.8116514887411396, 2: 1.5540867882355403, 4: 0.9494066212876724, 3: 1.6930068189863163, 5: 1.4101957764581687, 1: 1.341986075398207, 8: 1.1980620504425654, 7: 0.8870415097926693}
2024-05-21 15:00:30 - INFO     - 0.9037037037037037, 0.8888888888888888, 0.8703703703703703, 0.8703703703703703, 0.8296296296296296, 0.8814814814814815, 0.8666666666666667, 0.9074074074074074, 0.8962962962962963, 0.8925925925925926
2024-05-21 15:00:30 - WARNING  - Epoch: 317, Sum of Accs: 8.807, Sum of s_i: 12.339719288873729
2024-05-21 15:00:34 - INFO     - {6: 1.323240341722179, 9: 1.1711607715000703, 0: 0.8103425376514231, 2: 1.5551145240834265, 4: 0.9485316170339431, 3: 1.694472592090414, 5: 1.4107735464631526, 1: 1.3423495687378457, 8: 1.1979684759764337, 7: 0.8859748584363146}
2024-05-21 15:00:34 - INFO     - 0.9037037037037037, 0.8888888888888888, 0.8703703703703703, 0.8703703703703703, 0.8296296296296296, 0.8814814814814815, 0.8666666666666667, 0.9074074074074074, 0.8962962962962963, 0.8925925925925926
2024-05-21 15:00:34 - WARNING  - Epoch: 318, Sum of Accs: 8.807, Sum of s_i: 12.339928833695202
2024-05-21 15:00:38 - INFO     - {6: 1.3235374596353322, 9: 1.1709824186485762, 0: 0.8090337228521708, 2: 1.5561400895539603, 4: 0.947656749070678, 3: 1.6959380434451414, 5: 1.4113509947187661, 1: 1.342712740328114, 8: 1.1978751443993882, 7: 0.8849060367026074}
2024-05-21 15:00:38 - INFO     - 0.9037037037037037, 0.8888888888888888, 0.8703703703703703, 0.8703703703703703, 0.8296296296296296, 0.8814814814814815, 0.8666666666666667, 0.9074074074074074, 0.8962962962962963, 0.8925925925925926
2024-05-21 15:00:38 - WARNING  - Epoch: 319, Sum of Accs: 8.807, Sum of s_i: 12.340133399354736
2024-05-21 15:00:42 - INFO     - {6: 1.3238342603623283, 9: 1.1708037486109253, 0: 0.8077245908667616, 2: 1.5571653378383372, 4: 0.9467815639212559, 3: 1.6974031800090752, 5: 1.4119258563474104, 1: 1.3430724340895812, 8: 1.1977815026543819, 7: 0.8838385119247829}
2024-05-21 15:00:42 - INFO     - 0.9037037037037037, 0.8888888888888888, 0.8703703703703703, 0.8703703703703703, 0.8296296296296296, 0.8814814814814815, 0.8666666666666667, 0.9074074074074074, 0.8962962962962963, 0.8925925925925926
2024-05-21 15:00:42 - WARNING  - Epoch: 320, Sum of Accs: 8.807, Sum of s_i: 12.34033098662484
2024-05-21 15:00:46 - INFO     - {6: 1.3241307547353836, 9: 1.1706243125345788, 0: 0.8064151525274114, 2: 1.5581898200840185, 4: 0.9459060724178928, 3: 1.6988659363922736, 5: 1.412500609631495, 1: 1.3434329107083207, 8: 1.1976886437666479, 7: 0.8827686069662232}
2024-05-21 15:00:46 - INFO     - 0.9037037037037037, 0.8888888888888888, 0.8703703703703703, 0.8703703703703703, 0.8296296296296296, 0.8814814814814815, 0.8666666666666667, 0.9074074074074074, 0.8962962962962963, 0.8925925925925926
2024-05-21 15:00:46 - WARNING  - Epoch: 321, Sum of Accs: 8.807, Sum of s_i: 12.340522819764248
2024-05-21 15:00:50 - INFO     - {6: 1.324426951687391, 9: 1.1704450387219392, 0: 0.8051054167670134, 2: 1.5592144645934065, 4: 0.9450302834934821, 3: 1.7003288550391789, 5: 1.4130755251792864, 1: 1.343793549590767, 8: 1.1975959471426205, 7: 0.8816988642713703}
2024-05-21 15:00:50 - INFO     - 0.9037037037037037, 0.8888888888888888, 0.8703703703703703, 0.8703703703703703, 0.8296296296296296, 0.8814814814814815, 0.8666666666666667, 0.9074074074074074, 0.8962962962962963, 0.8925925925925926
2024-05-21 15:00:50 - WARNING  - Epoch: 322, Sum of Accs: 8.807, Sum of s_i: 12.340714896486457
2024-05-21 15:00:54 - INFO     - {6: 1.3247228508518134, 9: 1.1702650083939958, 0: 0.8037949244913116, 2: 1.560240663589181, 4: 0.9441537380537675, 3: 1.7017910171707804, 5: 1.4136519952134643, 1: 1.3441557429595996, 8: 1.1975024940032895, 7: 0.8806283650612137}
2024-05-21 15:00:54 - INFO     - 0.9037037037037037, 0.8888888888888888, 0.8703703703703703, 0.8703703703703703, 0.8296296296296296, 0.8814814814814815, 0.8666666666666667, 0.9074074074074074, 0.8962962962962963, 0.8925925925925926
2024-05-21 15:00:54 - WARNING  - Epoch: 323, Sum of Accs: 8.807, Sum of s_i: 12.340906799788417
2024-05-21 15:00:58 - INFO     - {6: 1.3250184525086228, 9: 1.1700846810367496, 0: 0.802484135186307, 2: 1.5612642545539623, 4: 0.94327689558475, 3: 1.7032549665602748, 5: 1.4142279415038448, 1: 1.3445153282974394, 8: 1.1974087438346557, 7: 0.8795575688217542}
2024-05-21 15:00:58 - INFO     - 0.9037037037037037, 0.8888888888888888, 0.8703703703703703, 0.8703703703703703, 0.8296296296296296, 0.8814814814814815, 0.8666666666666667, 0.9074074074074074, 0.8962962962962963, 0.8925925925925926
2024-05-21 15:00:58 - WARNING  - Epoch: 324, Sum of Accs: 8.807, Sum of s_i: 12.341092967888361
2024-05-21 15:01:02 - INFO     - {6: 1.3253137655597107, 9: 1.169904065537747, 0: 0.8011735155249894, 2: 1.5622898693138965, 4: 0.9424020769108853, 3: 1.704718855457726, 5: 1.4148013240048485, 1: 1.3448735453891347, 8: 1.1973170174611745, 7: 0.8784869422259816}
2024-05-21 15:01:02 - INFO     - 0.9037037037037037, 0.8888888888888888, 0.8703703703703703, 0.8703703703703703, 0.8296296296296296, 0.8814814814814815, 0.8666666666666667, 0.9074074074074074, 0.8962962962962963, 0.8925925925925926
2024-05-21 15:01:02 - WARNING  - Epoch: 325, Sum of Accs: 8.807, Sum of s_i: 12.341280977386093
2024-05-21 15:01:06 - INFO     - {6: 1.3256087871610678, 9: 1.1697231590575183, 0: 0.7998621470970023, 2: 1.563313338472634, 4: 0.9415246553188854, 3: 1.7061822284554096, 5: 1.4153766939034182, 1: 1.3452314782294172, 8: 1.1972210600684212, 7: 0.8774155668635395}
2024-05-21 15:01:06 - INFO     - 0.9037037037037037, 0.8888888888888888, 0.8703703703703703, 0.8703703703703703, 0.8296296296296296, 0.8814814814814815, 0.8666666666666667, 0.9074074074074074, 0.8962962962962963, 0.8925925925925926
2024-05-21 15:01:06 - WARNING  - Epoch: 326, Sum of Accs: 8.807, Sum of s_i: 12.341459114627312
2024-05-21 15:01:10 - INFO     - {6: 1.3259035326263613, 9: 1.169541976885083, 0: 0.7985509598498903, 2: 1.5643360746222263, 4: 0.9406469580346789, 3: 1.7076453273991437, 5: 1.415949701091414, 1: 1.3455902087520677, 8: 1.1971264550845981, 7: 0.8763439158088909}
2024-05-21 15:01:10 - INFO     - 0.9037037037037037, 0.8888888888888888, 0.8703703703703703, 0.8703703703703703, 0.8296296296296296, 0.8814814814814815, 0.8666666666666667, 0.9074074074074074, 0.8962962962962963, 0.8925925925925926
2024-05-21 15:01:10 - WARNING  - Epoch: 327, Sum of Accs: 8.807, Sum of s_i: 12.341635110154355
2024-05-21 15:01:14 - INFO     - {6: 1.3261980052849225, 9: 1.1693609787789971, 0: 0.7972394997960461, 2: 1.565358994838168, 4: 0.9397694448168219, 3: 1.7091081534700865, 5: 1.416524524063243, 1: 1.3459475965776093, 8: 1.1970320341671246, 7: 0.8752740805380755}
2024-05-21 15:01:14 - INFO     - 0.9037037037037037, 0.8888888888888888, 0.8703703703703703, 0.8703703703703703, 0.8296296296296296, 0.8814814814814815, 0.8666666666666667, 0.9074074074074074, 0.8962962962962963, 0.8925925925925926
2024-05-21 15:01:14 - WARNING  - Epoch: 328, Sum of Accs: 8.807, Sum of s_i: 12.341813312331094
2024-05-21 15:01:18 - INFO     - {6: 1.326492201725786, 9: 1.1691797044552137, 0: 0.7959277635245043, 2: 1.566383497211855, 4: 0.9388916553812673, 3: 1.710569071605848, 5: 1.4170992974753334, 1: 1.3463080933243547, 8: 1.1969373370319534, 7: 0.8742023373320787}
2024-05-21 15:01:18 - INFO     - 0.9037037037037037, 0.8888888888888888, 0.8703703703703703, 0.8703703703703703, 0.8296296296296296, 0.8814814814814815, 0.8666666666666667, 0.9074074074074074, 0.8962962962962963, 0.8925925925925926
2024-05-21 15:01:18 - WARNING  - Epoch: 329, Sum of Accs: 8.807, Sum of s_i: 12.341990959068195
2024-05-21 15:01:22 - INFO     - {6: 1.326786122819424, 9: 1.168997699236028, 0: 0.7946157519057369, 2: 1.5674077261609725, 4: 0.938013590598487, 3: 1.7120313480965732, 5: 1.4176735708669448, 1: 1.346668090050621, 8: 1.1968402838432504, 7: 0.8731303187788563}
2024-05-21 15:01:22 - INFO     - 0.9037037037037037, 0.8888888888888888, 0.8703703703703703, 0.8703703703703703, 0.8296296296296296, 0.8814814814814815, 0.8666666666666667, 0.9074074074074074, 0.8962962962962963, 0.8925925925925926
2024-05-21 15:01:22 - WARNING  - Epoch: 330, Sum of Accs: 8.807, Sum of s_i: 12.342164502356894
2024-05-21 15:01:26 - INFO     - {6: 1.3270797749352454, 9: 1.1688154254712613, 0: 0.7933034713091528, 2: 1.5684293707182333, 4: 0.9371352568378901, 3: 1.7134933612279162, 5: 1.418245486462609, 1: 1.3470278234175048, 8: 1.1967466817036607, 7: 0.8720580312478172}
2024-05-21 15:01:26 - INFO     - 0.9037037037037037, 0.8888888888888888, 0.8703703703703703, 0.8703703703703703, 0.8296296296296296, 0.8814814814814815, 0.8666666666666667, 0.9074074074074074, 0.8962962962962963, 0.8925925925925926
2024-05-21 15:01:26 - WARNING  - Epoch: 331, Sum of Accs: 8.807, Sum of s_i: 12.342334683331291
2024-05-21 15:01:30 - INFO     - {6: 1.3273731632933756, 9: 1.1686328883726225, 0: 0.7919909269548775, 2: 1.5694530692837168, 4: 0.936256659319602, 3: 1.7149551089980866, 5: 1.4188169655146032, 1: 1.3473875163560465, 8: 1.1966528142028987, 7: 0.8709854799590869}
2024-05-21 15:01:30 - INFO     - 0.9037037037037037, 0.8888888888888888, 0.8703703703703703, 0.8703703703703703, 0.8296296296296296, 0.8814814814814815, 0.8666666666666667, 0.9074074074074074, 0.8962962962962963, 0.8925925925925926
2024-05-21 15:01:30 - WARNING  - Epoch: 332, Sum of Accs: 8.807, Sum of s_i: 12.342504592254917
2024-05-21 15:01:34 - INFO     - {6: 1.327666288324164, 9: 1.1684500883697426, 0: 0.7906776650042394, 2: 1.5704765063884378, 4: 0.935377344204951, 3: 1.716416820240325, 5: 1.4193906736577278, 1: 1.3477469478338258, 8: 1.1965589101742045, 7: 0.8699145298595672}
2024-05-21 15:01:34 - INFO     - 0.9037037037037037, 0.8888888888888888, 0.8703703703703703, 0.8703703703703703, 0.8296296296296296, 0.8814814814814815, 0.8666666666666667, 0.9074074074074074, 0.8962962962962963, 0.8925925925925926
2024-05-21 15:01:34 - WARNING  - Epoch: 333, Sum of Accs: 8.807, Sum of s_i: 12.342675774057184
2024-05-21 15:01:38 - INFO     - {6: 1.3279591480636823, 9: 1.1682674773446138, 0: 0.7893645920313523, 2: 1.5714978136853368, 4: 0.9344982180680511, 3: 1.7178764016747412, 5: 1.4199622519930302, 1: 1.348104249503783, 8: 1.196462876337688, 7: 0.8688414499522252}
2024-05-21 15:01:38 - INFO     - 0.9037037037037037, 0.8888888888888888, 0.8703703703703703, 0.8703703703703703, 0.8296296296296296, 0.8814814814814815, 0.8666666666666667, 0.9074074074074074, 0.8962962962962963, 0.8925925925925926
2024-05-21 15:01:38 - WARNING  - Epoch: 334, Sum of Accs: 8.807, Sum of s_i: 12.342834478654503
2024-05-21 15:01:42 - INFO     - {6: 1.328251761856533, 9: 1.1680841669251496, 0: 0.7880508196641297, 2: 1.5725184215879002, 4: 0.9336183925368157, 3: 1.7193373857171284, 5: 1.420532968717744, 1: 1.3484629537817112, 8: 1.1963645408178534, 7: 0.8677676706505477}
2024-05-21 15:01:42 - INFO     - 0.9037037037037037, 0.8888888888888888, 0.8703703703703703, 0.8703703703703703, 0.8296296296296296, 0.8814814814814815, 0.8666666666666667, 0.9074074074074074, 0.8962962962962963, 0.8925925925925926
2024-05-21 15:01:42 - WARNING  - Epoch: 335, Sum of Accs: 8.807, Sum of s_i: 12.342989082255512
2024-05-21 15:01:46 - INFO     - {6: 1.3285441360653838, 9: 1.167900617306565, 0: 0.786737261160575, 2: 1.5735387902913431, 4: 0.9327383278064598, 3: 1.7207960285580886, 5: 1.4211034506565008, 1: 1.3488193168582123, 8: 1.1962659745453204, 7: 0.8666936521497497}
2024-05-21 15:01:46 - INFO     - 0.9037037037037037, 0.8888888888888888, 0.8703703703703703, 0.8703703703703703, 0.8296296296296296, 0.8814814814814815, 0.8666666666666667, 0.9074074074074074, 0.8962962962962963, 0.8925925925925926
2024-05-21 15:01:46 - WARNING  - Epoch: 336, Sum of Accs: 8.807, Sum of s_i: 12.343137555398197
2024-05-21 15:01:50 - INFO     - {6: 1.328836280197179, 9: 1.1677168379805107, 0: 0.7854234725799647, 2: 1.5745612501221202, 4: 0.9318580333686345, 3: 1.722256762526383, 5: 1.4216736974803736, 1: 1.349174403480483, 8: 1.1961686091973747, 7: 0.8656217247762859}
2024-05-21 15:01:50 - INFO     - 0.9037037037037037, 0.8888888888888888, 0.8703703703703703, 0.8703703703703703, 0.8296296296296296, 0.8814814814814815, 0.8666666666666667, 0.9074074074074074, 0.8962962962962963, 0.8925925925925926
2024-05-21 15:01:50 - WARNING  - Epoch: 337, Sum of Accs: 8.807, Sum of s_i: 12.34329107170931
2024-05-21 15:01:54 - INFO     - {6: 1.3291281864439046, 9: 1.1675328211514937, 0: 0.7841094461142849, 2: 1.5755816039262265, 4: 0.9309779537389419, 3: 1.7237170422491983, 5: 1.4222459741040752, 1: 1.3495324034388394, 8: 1.196069569450927, 7: 0.8645476913761512}
2024-05-21 15:01:54 - INFO     - 0.9037037037037037, 0.8888888888888888, 0.8703703703703703, 0.8703703703703703, 0.8296296296296296, 0.8814814814814815, 0.8666666666666667, 0.9074074074074074, 0.8962962962962963, 0.8925925925925926
2024-05-21 15:01:54 - WARNING  - Epoch: 338, Sum of Accs: 8.807, Sum of s_i: 12.343442691994042
2024-05-21 15:01:58 - INFO     - {6: 1.3294198577505658, 9: 1.1673485697597668, 0: 0.7827951847085407, 2: 1.5766017227902682, 4: 0.9300976391691849, 3: 1.7251749833170162, 5: 1.4228157583214882, 1: 1.349887028222615, 8: 1.1959718952478122, 7: 0.8634734230359521}
2024-05-21 15:01:58 - INFO     - 0.9037037037037037, 0.8888888888888888, 0.8703703703703703, 0.8703703703703703, 0.8296296296296296, 0.8814814814814815, 0.8666666666666667, 0.9074074074074074, 0.8962962962962963, 0.8925925925925926
2024-05-21 15:01:58 - WARNING  - Epoch: 339, Sum of Accs: 8.807, Sum of s_i: 12.343586062323208
2024-05-21 15:02:02 - INFO     - {6: 1.329711306907081, 9: 1.1671640965746855, 0: 0.7814802495757012, 2: 1.5776211679272147, 4: 0.9292166508723325, 3: 1.7266327025914798, 5: 1.423385474496838, 1: 1.3502424677326197, 8: 1.195872416065518, 7: 0.862398932545607}
2024-05-21 15:02:02 - INFO     - 0.9037037037037037, 0.8888888888888888, 0.8703703703703703, 0.8703703703703703, 0.8296296296296296, 0.8814814814814815, 0.8666666666666667, 0.9074074074074074, 0.8962962962962963, 0.8925925925925926
2024-05-21 15:02:02 - WARNING  - Epoch: 340, Sum of Accs: 8.807, Sum of s_i: 12.343725465289078
2024-05-21 15:02:06 - INFO     - {6: 1.3300025400667572, 9: 1.1669794077396558, 0: 0.7801655500229719, 2: 1.5786403974142127, 4: 0.9283358981555905, 3: 1.728090206215995, 5: 1.4239549750222393, 1: 1.3505976915926758, 8: 1.1957743044191007, 7: 0.861323774828364}
2024-05-21 15:02:06 - INFO     - 0.9037037037037037, 0.8888888888888888, 0.8703703703703703, 0.8703703703703703, 0.8296296296296296, 0.8814814814814815, 0.8666666666666667, 0.9074074074074074, 0.8962962962962963, 0.8925925925925926
2024-05-21 15:02:06 - WARNING  - Epoch: 341, Sum of Accs: 8.807, Sum of s_i: 12.343864745477564
2024-05-21 15:02:10 - INFO     - {6: 1.3302935574256773, 9: 1.1667949543339289, 0: 0.7788506346694867, 2: 1.5796617347450495, 4: 0.9274568020526284, 3: 1.729549597250005, 5: 1.4245263629571354, 1: 1.3509550232965708, 8: 1.1956783006165221, 7: 0.8602507249549598}
2024-05-21 15:02:10 - INFO     - 0.9037037037037037, 0.8888888888888888, 0.8703703703703703, 0.8703703703703703, 0.8296296296296296, 0.8814814814814815, 0.8666666666666667, 0.9074074074074074, 0.8962962962962963, 0.8925925925925926
2024-05-21 15:02:10 - WARNING  - Epoch: 342, Sum of Accs: 8.807, Sum of s_i: 12.344017692301964
2024-05-21 15:02:14 - INFO     - {6: 1.330584337815485, 9: 1.1666102639590892, 0: 0.7775354823468887, 2: 1.5806809626922376, 4: 0.9265755965660176, 3: 1.731008758905071, 5: 1.4250952606354206, 1: 1.351309644309511, 8: 1.195580187430295, 7: 0.8591755656979069}
2024-05-21 15:02:14 - INFO     - 0.9037037037037037, 0.8888888888888888, 0.8703703703703703, 0.8703703703703703, 0.8296296296296296, 0.8814814814814815, 0.8666666666666667, 0.9074074074074074, 0.8962962962962963, 0.8925925925925926
2024-05-21 15:02:14 - WARNING  - Epoch: 343, Sum of Accs: 8.807, Sum of s_i: 12.344156060357923
2024-05-21 15:02:18 - INFO     - {6: 1.3308749038299563, 9: 1.1664249090501733, 0: 0.7762201156489547, 2: 1.5817018513684478, 4: 0.9256960518084291, 3: 1.7324679217187986, 5: 1.4256664203500342, 1: 1.3516665273587793, 8: 1.1954837349730898, 7: 0.8581001920655178}
2024-05-21 15:02:18 - INFO     - 0.9037037037037037, 0.8888888888888888, 0.8703703703703703, 0.8703703703703703, 0.8296296296296296, 0.8814814814814815, 0.8666666666666667, 0.9074074074074074, 0.8962962962962963, 0.8925925925925926
2024-05-21 15:02:18 - WARNING  - Epoch: 344, Sum of Accs: 8.807, Sum of s_i: 12.34430262817218
2024-05-21 15:02:22 - INFO     - {6: 1.3311652427713947, 9: 1.1662393274328242, 0: 0.7749040720838473, 2: 1.5827225146702568, 4: 0.9248162816764393, 3: 1.7339268591581247, 5: 1.4262373546902465, 1: 1.3520231850336466, 8: 1.1953831415785372, 7: 0.8570245913600958}
2024-05-21 15:02:22 - INFO     - 0.9037037037037037, 0.8888888888888888, 0.8703703703703703, 0.8703703703703703, 0.8296296296296296, 0.8814814814814815, 0.8666666666666667, 0.9074074074074074, 0.8962962962962963, 0.8925925925925926
2024-05-21 15:02:22 - WARNING  - Epoch: 345, Sum of Accs: 8.807, Sum of s_i: 12.344442570455412
2024-05-21 15:02:26 - INFO     - {6: 1.3314553649105711, 9: 1.166053529361303, 0: 0.7735882615106182, 2: 1.5837429614290626, 4: 0.9239344179391974, 3: 1.735385365313227, 5: 1.4268057459791563, 1: 1.3523794114242897, 8: 1.1952839206956283, 7: 0.8559506509146606}
2024-05-21 15:02:26 - INFO     - 0.9037037037037037, 0.8888888888888888, 0.8703703703703703, 0.8703703703703703, 0.8296296296296296, 0.8814814814814815, 0.8666666666666667, 0.9074074074074074, 0.8962962962962963, 0.8925925925925926
2024-05-21 15:02:26 - WARNING  - Epoch: 346, Sum of Accs: 8.807, Sum of s_i: 12.344579629477714
2024-05-21 15:02:30 - INFO     - {6: 1.3317452747200267, 9: 1.1658679684061115, 0: 0.7722722386076684, 2: 1.5847613187958987, 4: 0.9230523418722347, 3: 1.7368419968175803, 5: 1.4273743743843958, 1: 1.352732291800112, 8: 1.195184936929049, 7: 0.8548746210772558}
2024-05-21 15:02:30 - INFO     - 0.9037037037037037, 0.8888888888888888, 0.8703703703703703, 0.8703703703703703, 0.8296296296296296, 0.8814814814814815, 0.8666666666666667, 0.9074074074074074, 0.8962962962962963, 0.8925925925925926
2024-05-21 15:02:30 - WARNING  - Epoch: 347, Sum of Accs: 8.807, Sum of s_i: 12.344707363410334
2024-05-21 15:02:34 - INFO     - {6: 1.3320349866511398, 9: 1.1656822095725776, 0: 0.7709560178263761, 2: 1.5857794782843924, 4: 0.9221700679269297, 3: 1.7382984304435913, 5: 1.427942804911293, 1: 1.3530864456616638, 8: 1.195083737593242, 7: 0.8537983933615085}
2024-05-21 15:02:34 - INFO     - 0.9037037037037037, 0.8888888888888888, 0.8703703703703703, 0.8703703703703703, 0.8296296296296296, 0.8814814814814815, 0.8666666666666667, 0.9074074074074074, 0.8962962962962963, 0.8925925925925926
2024-05-21 15:02:34 - WARNING  - Epoch: 348, Sum of Accs: 8.807, Sum of s_i: 12.344832572232713
2024-05-21 15:02:38 - INFO     - {6: 1.3323245046204408, 9: 1.165495808301117, 0: 0.7696396030832717, 2: 1.5867993235378928, 4: 0.9212878997007955, 3: 1.7397563365133535, 5: 1.4285127078819413, 1: 1.3534389306751289, 8: 1.1949828871002335, 7: 0.8527215232078347}
2024-05-21 15:02:38 - INFO     - 0.9037037037037037, 0.8888888888888888, 0.8703703703703703, 0.8703703703703703, 0.8296296296296296, 0.8814814814814815, 0.8666666666666667, 0.9074074074074074, 0.8962962962962963, 0.8925925925925926
2024-05-21 15:02:38 - WARNING  - Epoch: 349, Sum of Accs: 8.807, Sum of s_i: 12.34495952462201
2024-05-21 15:02:42 - INFO     - {6: 1.3326138259317792, 9: 1.1653096588478085, 0: 0.7683229916822047, 2: 1.5878189723062737, 4: 0.9204052351357157, 3: 1.7412142594192517, 5: 1.4290801568988298, 1: 1.3537945738165682, 8: 1.1948827239453035, 7: 0.8516449048723127}
2024-05-21 15:02:42 - INFO     - 0.9037037037037037, 0.8888888888888888, 0.8703703703703703, 0.8703703703703703, 0.8296296296296296, 0.8814814814814815, 0.8666666666666667, 0.9074074074074074, 0.8962962962962963, 0.8925925925925926
2024-05-21 15:02:42 - WARNING  - Epoch: 350, Sum of Accs: 8.807, Sum of s_i: 12.345087302856049
2024-05-21 15:02:46 - INFO     - {6: 1.332902949310766, 9: 1.165123311462148, 0: 0.767006182348786, 2: 1.5888384240156173, 4: 0.9195223726382842, 3: 1.7426719852661123, 5: 1.4296479988736004, 1: 1.3541481391259937, 8: 1.1947829537482555, 7: 0.850568088604439}
2024-05-21 15:02:46 - INFO     - 0.9037037037037037, 0.8888888888888888, 0.8703703703703703, 0.8703703703703703, 0.8296296296296296, 0.8814814814814815, 0.8666666666666667, 0.9074074074074074, 0.9, 0.8925925925925926
2024-05-21 15:02:46 - WARNING  - Epoch: 351, Sum of Accs: 8.811, Sum of s_i: 12.345212405394003
2024-05-21 15:02:50 - INFO     - {6: 1.3331918789068988, 9: 1.1649367702936335, 0: 0.7656891792325133, 2: 1.5898558011691306, 4: 0.9186393163579987, 3: 1.7441276365571428, 5: 1.430215647065517, 1: 1.3545015106525653, 8: 1.1946829897683535, 7: 0.8494910785537113}
2024-05-21 15:02:50 - INFO     - 0.9037037037037037, 0.8888888888888888, 0.8740740740740741, 0.8703703703703703, 0.8296296296296296, 0.8814814814814815, 0.8666666666666667, 0.9074074074074074, 0.9, 0.8925925925925926
2024-05-21 15:02:50 - WARNING  - Epoch: 352, Sum of Accs: 8.815, Sum of s_i: 12.345331808557464
2024-05-21 15:02:54 - INFO     - {6: 1.3334806235528598, 9: 1.1647500441749474, 0: 0.7643719911660689, 2: 1.5908729933724721, 4: 0.9177560751275414, 3: 1.7455831028980016, 5: 1.430783110307262, 1: 1.354854697228965, 8: 1.1945828408382797, 7: 0.848413883552812}
2024-05-21 15:02:54 - INFO     - 0.9037037037037037, 0.8888888888888888, 0.8740740740740741, 0.8703703703703703, 0.8296296296296296, 0.8814814814814815, 0.8666666666666667, 0.9074074074074074, 0.9, 0.8925925925925926
2024-05-21 15:02:54 - WARNING  - Epoch: 353, Sum of Accs: 8.815, Sum of s_i: 12.34544936221921
2024-05-21 15:02:58 - INFO     - {6: 1.3337691861176386, 9: 1.164562689032482, 0: 0.7630546210184423, 2: 1.5918918874342127, 4: 0.916872651815902, 3: 1.7470383871576782, 5: 1.4313498112822116, 1: 1.3552071215385697, 8: 1.1944805062372517, 7: 0.8473365064707304}
2024-05-21 15:02:58 - INFO     - 0.9037037037037037, 0.8888888888888888, 0.8740740740740741, 0.8703703703703703, 0.8296296296296296, 0.8814814814814815, 0.8666666666666667, 0.9074074074074074, 0.9, 0.8925925925925926
2024-05-21 15:02:58 - WARNING  - Epoch: 354, Sum of Accs: 8.815, Sum of s_i: 12.34556336810512
2024-05-21 15:03:02 - INFO     - {6: 1.3340575721004297, 9: 1.164375604250626, 0: 0.761737074288828, 2: 1.5929087209743844, 4: 0.9159890519222749, 3: 1.7484951724540598, 5: 1.4319163369562613, 1: 1.3555599494517996, 8: 1.1943779960131198, 7: 0.8462606304253539}
2024-05-21 15:03:02 - INFO     - 0.9037037037037037, 0.8888888888888888, 0.8740740740740741, 0.8703703703703703, 0.8296296296296296, 0.8814814814814815, 0.8666666666666667, 0.9074074074074074, 0.9, 0.8925925925925926
2024-05-21 15:03:02 - WARNING  - Epoch: 355, Sum of Accs: 8.815, Sum of s_i: 12.345678108837138
2024-05-21 15:03:06 - INFO     - {6: 1.3343457803669925, 9: 1.1641878953785367, 0: 0.7604193498429853, 2: 1.593924930424323, 4: 0.9151052743124194, 3: 1.7499517827563544, 5: 1.4324828174446032, 1: 1.3559142799896353, 8: 1.194278991044482, 7: 0.8451828990450563}
2024-05-21 15:03:06 - INFO     - 0.9037037037037037, 0.8888888888888888, 0.8740740740740741, 0.8703703703703703, 0.8296296296296296, 0.8814814814814815, 0.8666666666666667, 0.9074074074074074, 0.9, 0.8925925925925926
2024-05-21 15:03:06 - WARNING  - Epoch: 356, Sum of Accs: 8.815, Sum of s_i: 12.34579400060539
2024-05-21 15:03:10 - INFO     - {6: 1.3346338091385679, 9: 1.1640000072995025, 0: 0.7591014459021553, 2: 1.5949409606673164, 4: 0.9142213172075766, 3: 1.7514082149152121, 5: 1.433051246504347, 1: 1.3562663046056869, 8: 1.19417768015406, 7: 0.8441045420838087}
2024-05-21 15:03:10 - INFO     - 0.9037037037037037, 0.8888888888888888, 0.8740740740740741, 0.8703703703703703, 0.8296296296296296, 0.8814814814814815, 0.8666666666666667, 0.9074074074074074, 0.9, 0.8925925925925926
2024-05-21 15:03:10 - WARNING  - Epoch: 357, Sum of Accs: 8.815, Sum of s_i: 12.345905528478234
2024-05-21 15:03:14 - INFO     - {6: 1.334921665177844, 9: 1.1638119467653467, 0: 0.7577833692290259, 2: 1.5959591513182336, 4: 0.9133367415616497, 3: 1.7528623468406013, 5: 1.4336173753306223, 1: 1.3566171536913352, 8: 1.194078529671562, 7: 0.8430260126674396}
2024-05-21 15:03:14 - INFO     - 0.9037037037037037, 0.8888888888888888, 0.8740740740740741, 0.8703703703703703, 0.8296296296296296, 0.8814814814814815, 0.8666666666666667, 0.9074074074074074, 0.9, 0.8925925925925926
2024-05-21 15:03:14 - WARNING  - Epoch: 358, Sum of Accs: 8.815, Sum of s_i: 12.34601429225366
2024-05-21 15:03:18 - INFO     - {6: 1.33520935276941, 9: 1.1636241635922657, 0: 0.7564651241081866, 2: 1.5969752864671802, 4: 0.9124524432767975, 3: 1.7543184390079443, 5: 1.4341837815179723, 1: 1.356967833740638, 8: 1.1939790065679723, 7: 0.8419477606121454}
2024-05-21 15:03:18 - INFO     - 0.9037037037037037, 0.8888888888888888, 0.8740740740740741, 0.8703703703703703, 0.8333333333333334, 0.8814814814814815, 0.8666666666666667, 0.9074074074074074, 0.9, 0.8925925925925926
2024-05-21 15:03:18 - WARNING  - Epoch: 359, Sum of Accs: 8.819, Sum of s_i: 12.346123191660512
2024-05-21 15:03:22 - INFO     - {6: 1.3354968717067754, 9: 1.1634357664971025, 0: 0.7551467103331466, 2: 1.5979908076940446, 4: 0.9115679763377448, 3: 1.7557722343723259, 5: 1.43474957378324, 1: 1.3573193493405604, 8: 1.1938771866614213, 7: 0.8408693399026504}
2024-05-21 15:03:22 - INFO     - 0.9037037037037037, 0.8888888888888888, 0.8740740740740741, 0.8703703703703703, 0.8333333333333334, 0.8814814814814815, 0.8666666666666667, 0.9074074074074074, 0.9, 0.8925925925925926
2024-05-21 15:03:22 - WARNING  - Epoch: 360, Sum of Accs: 8.819, Sum of s_i: 12.34622581662901
2024-05-21 15:03:26 - INFO     - {6: 1.335784231710528, 9: 1.1632472107233305, 0: 0.7538281376244936, 2: 1.5990066152551776, 4: 0.9106836663391329, 3: 1.7572280016198514, 5: 1.4353173379316517, 1: 1.3576707062618742, 8: 1.193773660794799, 7: 0.8397903152466651}
2024-05-21 15:03:26 - INFO     - 0.9037037037037037, 0.8888888888888888, 0.8740740740740741, 0.8703703703703703, 0.8333333333333334, 0.8814814814814815, 0.8666666666666667, 0.9074074074074074, 0.9, 0.8925925925925926
2024-05-21 15:03:26 - WARNING  - Epoch: 361, Sum of Accs: 8.819, Sum of s_i: 12.346329883507504
2024-05-21 15:03:30 - INFO     - {6: 1.3360714305508428, 9: 1.163058938798998, 0: 0.7525094037524029, 2: 1.6000241509149178, 4: 0.9097988793030294, 3: 1.7586838114171088, 5: 1.4358826843260935, 1: 1.3580223470326278, 8: 1.193671395017422, 7: 0.8387115744401195}
2024-05-21 15:03:30 - INFO     - 0.9037037037037037, 0.8888888888888888, 0.8740740740740741, 0.8703703703703703, 0.8333333333333334, 0.8814814814814815, 0.8666666666666667, 0.9074074074074074, 0.9, 0.8925925925925926
2024-05-21 15:03:30 - WARNING  - Epoch: 362, Sum of Accs: 8.819, Sum of s_i: 12.346434615553562
2024-05-21 15:03:34 - INFO     - {6: 1.336358467200898, 9: 1.1628700601903097, 0: 0.7511905076900526, 2: 1.6010415257881279, 4: 0.9089139300766662, 3: 1.7601394604278362, 5: 1.436450330237707, 1: 1.358372377825697, 8: 1.193571428757217, 7: 0.8376326714433142}
2024-05-21 15:03:34 - INFO     - 0.9037037037037037, 0.8888888888888888, 0.8740740740740741, 0.8703703703703703, 0.8333333333333334, 0.8814814814814815, 0.8666666666666667, 0.9074074074074074, 0.9, 0.8925925925925926
2024-05-21 15:03:34 - WARNING  - Epoch: 363, Sum of Accs: 8.819, Sum of s_i: 12.346540759637826
2024-05-21 15:03:38 - INFO     - {6: 1.33664533947735, 9: 1.16268101747172, 0: 0.7498710030237046, 2: 1.602056401391566, 4: 0.9080288164767002, 3: 1.7615947454862606, 5: 1.437015358421669, 1: 1.3587231293443138, 8: 1.1934688447693602, 7: 0.8365531598425113}
2024-05-21 15:03:38 - INFO     - 0.9037037037037037, 0.8888888888888888, 0.8740740740740741, 0.8703703703703703, 0.8333333333333334, 0.8814814814814815, 0.8666666666666667, 0.9074074074074074, 0.9, 0.8925925925925926
2024-05-21 15:03:38 - WARNING  - Epoch: 364, Sum of Accs: 8.819, Sum of s_i: 12.346637815705154
2024-05-21 15:03:42 - INFO     - {6: 1.3369320614567746, 9: 1.1624922686864971, 0: 0.7485517922907235, 2: 1.603071570928371, 4: 0.9071435525797064, 3: 1.7630481891605827, 5: 1.4375807989968772, 1: 1.359074293254177, 8: 1.19336667317275, 7: 0.8354739421750753}
2024-05-21 15:03:42 - INFO     - 0.9037037037037037, 0.8888888888888888, 0.8740740740740741, 0.8703703703703703, 0.8333333333333334, 0.8814814814814815, 0.8666666666666667, 0.9074074074074074, 0.9, 0.8925925925925926
2024-05-21 15:03:42 - WARNING  - Epoch: 365, Sum of Accs: 8.819, Sum of s_i: 12.346735142701535
2024-05-21 15:03:46 - INFO     - {6: 1.3372186327224689, 9: 1.1623029254400281, 0: 0.7472324308440125, 2: 1.6040861460039295, 4: 0.9062581379689825, 3: 1.7645031747859035, 5: 1.438147781523084, 1: 1.359426999115039, 8: 1.193266043527138, 7: 0.834394130046393}
2024-05-21 15:03:46 - INFO     - 0.9037037037037037, 0.8888888888888888, 0.8740740740740741, 0.8703703703703703, 0.8333333333333334, 0.8814814814814815, 0.8666666666666667, 0.9074074074074074, 0.9, 0.8925925925925926
2024-05-21 15:03:46 - WARNING  - Epoch: 366, Sum of Accs: 8.819, Sum of s_i: 12.34683640197698
2024-05-21 15:03:50 - INFO     - {6: 1.3375050471882093, 9: 1.162113425645128, 0: 0.745912469101354, 2: 1.6051010080270505, 4: 0.9053721230623112, 3: 1.7659558674505482, 5: 1.438712359483573, 1: 1.3597764262788865, 8: 1.1931630093158083, 7: 0.8333141613692795}
2024-05-21 15:03:50 - INFO     - 0.9037037037037037, 0.8888888888888888, 0.8740740740740741, 0.8703703703703703, 0.8333333333333334, 0.8814814814814815, 0.8666666666666667, 0.9074074074074074, 0.9, 0.8925925925925926
2024-05-21 15:03:50 - WARNING  - Epoch: 367, Sum of Accs: 8.819, Sum of s_i: 12.346925896922148
2024-05-21 15:03:54 - INFO     - {6: 1.3377913230736265, 9: 1.161924230765898, 0: 0.7445928122743657, 2: 1.6061157314698482, 4: 0.9044864130713101, 3: 1.7674105585456923, 5: 1.4392767947919203, 1: 1.3601265849218889, 8: 1.1930598324523372, 7: 0.8322344976078363}
2024-05-21 15:03:54 - INFO     - 0.9037037037037037, 0.8888888888888888, 0.8740740740740741, 0.8703703703703703, 0.8333333333333334, 0.8814814814814815, 0.8666666666666667, 0.9074074074074074, 0.9, 0.8925925925925926
2024-05-21 15:03:54 - WARNING  - Epoch: 368, Sum of Accs: 8.819, Sum of s_i: 12.347018778974725
2024-05-21 15:03:58 - INFO     - {6: 1.3380774551364323, 9: 1.1617344490210415, 0: 0.743273011624766, 2: 1.6071298680470194, 4: 0.9036005592576976, 3: 1.7688629692603808, 5: 1.4398410923038776, 1: 1.3604757321021559, 8: 1.192955103611496, 7: 0.8311546900237817}
2024-05-21 15:03:58 - INFO     - 0.9037037037037037, 0.8888888888888888, 0.8740740740740741, 0.8703703703703703, 0.8333333333333334, 0.8814814814814815, 0.8666666666666667, 0.9074074074074074, 0.9, 0.8925925925925926
2024-05-21 15:03:58 - WARNING  - Epoch: 369, Sum of Accs: 8.819, Sum of s_i: 12.347104930388648
2024-05-21 15:04:02 - INFO     - {6: 1.3383634538009617, 9: 1.1615445340918706, 0: 0.7419526347478367, 2: 1.6081462101944282, 4: 0.9027141292167554, 3: 1.7703175855453068, 5: 1.4404053667351377, 1: 1.3608247413116183, 8: 1.1928541046254895, 7: 0.8300743062123975}
2024-05-21 15:04:02 - INFO     - 0.9037037037037037, 0.8888888888888888, 0.8740740740740741, 0.8703703703703703, 0.8333333333333334, 0.8814814814814815, 0.8666666666666667, 0.9074074074074074, 0.9, 0.8925925925925926
2024-05-21 15:04:02 - WARNING  - Epoch: 370, Sum of Accs: 8.819, Sum of s_i: 12.347197066481803
2024-05-21 15:04:06 - INFO     - {6: 1.33864930980291, 9: 1.1613544767289323, 0: 0.74063211543714, 2: 1.6091600711535174, 4: 0.901827556742046, 3: 1.7717718626609256, 5: 1.4409694987326305, 1: 1.3611745966437658, 8: 1.1927506244511634, 7: 0.828993779967246}
2024-05-21 15:04:06 - INFO     - 0.9037037037037037, 0.8888888888888888, 0.8740740740740741, 0.8703703703703703, 0.8333333333333334, 0.8814814814814815, 0.8666666666666667, 0.9074074074074074, 0.9, 0.8925925925925926
2024-05-21 15:04:06 - WARNING  - Epoch: 371, Sum of Accs: 8.819, Sum of s_i: 12.347283892320277
2024-05-21 15:04:11 - INFO     - {6: 1.3389350313669597, 9: 1.16116428514371, 0: 0.7393114619041594, 2: 1.610176137420568, 4: 0.9009431895752977, 3: 1.7732259991032693, 5: 1.4415358360380846, 1: 1.3615233248710366, 8: 1.1926493495847987, 7: 0.8279135618844352}
2024-05-21 15:04:11 - INFO     - 0.9037037037037037, 0.8888888888888888, 0.8740740740740741, 0.8703703703703703, 0.8333333333333334, 0.8814814814814815, 0.8666666666666667, 0.9074074074074074, 0.9, 0.8925925925925926
2024-05-21 15:04:11 - WARNING  - Epoch: 372, Sum of Accs: 8.819, Sum of s_i: 12.347378176892319
2024-05-21 15:04:15 - INFO     - {6: 1.3392206069468544, 9: 1.160973947808458, 0: 0.7379911047716488, 2: 1.6111901605578434, 4: 0.9000567792787743, 3: 1.774677854227562, 5: 1.4420996880632635, 1: 1.3618729002308705, 8: 1.1925455894381591, 7: 0.8268331978174697}
2024-05-21 15:04:15 - INFO     - 0.9037037037037037, 0.8888888888888888, 0.8740740740740741, 0.8703703703703703, 0.8333333333333334, 0.8814814814814815, 0.8666666666666667, 0.9074074074074074, 0.9, 0.8925925925925926
2024-05-21 15:04:15 - WARNING  - Epoch: 373, Sum of Accs: 8.819, Sum of s_i: 12.347461829140904
2024-05-21 15:04:19 - INFO     - {6: 1.3395060530072387, 9: 1.1607834811614077, 0: 0.7366701761768403, 2: 1.6122059525342316, 4: 0.899169797519953, 3: 1.7761319203414676, 5: 1.4426657510780552, 1: 1.3622213592877177, 8: 1.192444040281132, 7: 0.8257522622882063}
2024-05-21 15:04:19 - INFO     - 0.9037037037037037, 0.8888888888888888, 0.8740740740740741, 0.8703703703703703, 0.8333333333333334, 0.8814814814814815, 0.8666666666666667, 0.9074074074074074, 0.9, 0.8925925925925926
2024-05-21 15:04:19 - WARNING  - Epoch: 374, Sum of Accs: 8.819, Sum of s_i: 12.34755079367625
2024-05-21 15:04:23 - INFO     - {6: 1.339791361325363, 9: 1.1605933187148847, 0: 0.735349551782559, 2: 1.6132197084097364, 4: 0.8982831199616589, 3: 1.7775839503544895, 5: 1.4432297779919632, 1: 1.3625711095362807, 8: 1.1923404550232215, 7: 0.82467163095947}
2024-05-21 15:04:23 - INFO     - 0.9037037037037037, 0.8888888888888888, 0.8740740740740741, 0.8703703703703703, 0.8333333333333334, 0.8814814814814815, 0.8666666666666667, 0.9074074074074074, 0.9, 0.8925925925925926
2024-05-21 15:04:23 - WARNING  - Epoch: 375, Sum of Accs: 8.819, Sum of s_i: 12.347633984059629
2024-05-21 15:04:27 - INFO     - {6: 1.340076540843402, 9: 1.1604025859529272, 0: 0.7340287985881928, 2: 1.6142333354851561, 4: 0.8973963136032799, 3: 1.7790358515674265, 5: 1.4437931304991685, 1: 1.3629207309847586, 8: 1.192234782074024, 7: 0.8235908708306489}
2024-05-21 15:04:27 - INFO     - 0.9037037037037037, 0.8888888888888888, 0.8740740740740741, 0.8703703703703703, 0.8333333333333334, 0.8814814814814815, 0.8666666666666667, 0.9074074074074074, 0.9, 0.8925925925925926
2024-05-21 15:04:27 - WARNING  - Epoch: 376, Sum of Accs: 8.819, Sum of s_i: 12.347712940428986
2024-05-21 15:04:31 - INFO     - {6: 1.340361598118624, 9: 1.1602117311441766, 0: 0.7327074818316839, 2: 1.6152487403879991, 4: 0.8965089436827581, 3: 1.7804871892182208, 5: 1.444356465050849, 1: 1.3632697888710938, 8: 1.1921328458434517, 7: 0.8225095471396849}
2024-05-21 15:04:31 - INFO     - 0.9037037037037037, 0.8888888888888888, 0.8740740740740741, 0.8703703703703703, 0.8333333333333334, 0.8814814814814815, 0.8666666666666667, 0.9074074074074074, 0.9, 0.8925925925925926
2024-05-21 15:04:31 - WARNING  - Epoch: 377, Sum of Accs: 8.819, Sum of s_i: 12.347794331288542
2024-05-21 15:04:35 - INFO     - {6: 1.3406465293838359, 9: 1.1600207505274744, 0: 0.7313864803844902, 2: 1.6162616780933248, 4: 0.8956214479542848, 3: 1.7819405478674495, 5: 1.4449196737945778, 1: 1.3636187209494777, 8: 1.192028442415362, 7: 0.8214285387580362}
2024-05-21 15:04:35 - INFO     - 0.9037037037037037, 0.8888888888888888, 0.8740740740740741, 0.8703703703703703, 0.8333333333333334, 0.8814814814814815, 0.8666666666666667, 0.9074074074074074, 0.9, 0.8925925925925926
2024-05-21 15:04:35 - WARNING  - Epoch: 378, Sum of Accs: 8.819, Sum of s_i: 12.347872810128312
2024-05-21 15:04:39 - INFO     - {6: 1.3409313391493385, 9: 1.1598296486058837, 0: 0.7300652123630003, 2: 1.6172768361178802, 4: 0.8947341267687821, 3: 1.7833916384054036, 5: 1.4454851028575366, 1: 1.3639698733470913, 8: 1.191926259306502, 7: 0.8203469679542322}
2024-05-21 15:04:39 - INFO     - 0.9037037037037037, 0.8888888888888888, 0.8740740740740741, 0.8703703703703703, 0.8333333333333334, 0.8814814814814815, 0.8666666666666667, 0.9074074074074074, 0.9, 0.8925925925925926
2024-05-21 15:04:39 - WARNING  - Epoch: 379, Sum of Accs: 8.819, Sum of s_i: 12.347957004875651
2024-05-21 15:04:43 - INFO     - {6: 1.341216018567914, 9: 1.1596384165463662, 0: 0.7287435183557246, 2: 1.6182895223803906, 4: 0.8938463795974936, 3: 1.7848447477845195, 5: 1.4460479593456013, 1: 1.3643185539826599, 8: 1.191821503622748, 7: 0.8192652670125016}
2024-05-21 15:04:43 - INFO     - 0.9037037037037037, 0.8888888888888888, 0.8740740740740741, 0.8703703703703703, 0.8333333333333334, 0.8814814814814815, 0.8666666666666667, 0.9074074074074074, 0.9, 0.8925925925925926
2024-05-21 15:04:43 - WARNING  - Epoch: 380, Sum of Accs: 8.819, Sum of s_i: 12.34803188719592
2024-05-21 15:04:47 - INFO     - {6: 1.3415005820584804, 9: 1.159447068744715, 0: 0.727421708606315, 2: 1.619304435672202, 4: 0.8929589572116416, 3: 1.7862979352138482, 5: 1.446613143675816, 1: 1.3646694616475294, 8: 1.191719075781144, 7: 0.818183450328637}
2024-05-21 15:04:47 - INFO     - 0.9037037037037037, 0.8888888888888888, 0.8740740740740741, 0.8703703703703703, 0.8333333333333334, 0.8814814814814815, 0.8666666666666667, 0.9074074074074074, 0.9, 0.8925925925925926
2024-05-21 15:04:47 - WARNING  - Epoch: 381, Sum of Accs: 8.819, Sum of s_i: 12.34811581894033
2024-05-21 15:04:51 - INFO     - {6: 1.3417850156133047, 9: 1.15925559121565, 0: 0.7261002094487338, 2: 1.6203192189183766, 4: 0.8920714048900475, 3: 1.7877507955868195, 5: 1.4471781979603942, 1: 1.3650202392667625, 8: 1.1916165178939033, 7: 0.8171019442366008}
2024-05-21 15:04:51 - INFO     - 0.9037037037037037, 0.8888888888888888, 0.8740740740740741, 0.8703703703703703, 0.8333333333333334, 0.8814814814814815, 0.8666666666666667, 0.9074074074074074, 0.9, 0.8925925925925926
2024-05-21 15:04:51 - WARNING  - Epoch: 382, Sum of Accs: 8.819, Sum of s_i: 12.348199135030592
2024-05-21 15:04:55 - INFO     - {6: 1.3420693201875844, 9: 1.1590644250252826, 0: 0.7247785813106081, 2: 1.6213338730705515, 4: 0.8911837235879091, 3: 1.7892037238765117, 5: 1.447740677138093, 1: 1.365368441779116, 8: 1.191513830912663, 7: 0.8160203091640202}
2024-05-21 15:04:55 - INFO     - 0.9037037037037037, 0.8888888888888888, 0.8740740740740741, 0.8703703703703703, 0.8333333333333334, 0.8814814814814815, 0.8666666666666667, 0.9074074074074074, 0.9, 0.8925925925925926
2024-05-21 15:04:55 - WARNING  - Epoch: 383, Sum of Accs: 8.819, Sum of s_i: 12.348276906052341
2024-05-21 15:04:59 - INFO     - {6: 1.3423535043674524, 9: 1.1588726985210709, 0: 0.7234566896501665, 2: 1.6223463616798959, 4: 0.8902959218913588, 3: 1.7906546297512775, 5: 1.4483030440603168, 1: 1.365715661569501, 8: 1.1914077151965743, 7: 0.8149385536970278}
2024-05-21 15:04:59 - INFO     - 0.9037037037037037, 0.8888888888888888, 0.8740740740740741, 0.8703703703703703, 0.8333333333333334, 0.8814814814814815, 0.8666666666666667, 0.9074074074074074, 0.9, 0.8925925925925926
2024-05-21 15:04:59 - WARNING  - Epoch: 384, Sum of Accs: 8.819, Sum of s_i: 12.348344780384641
2024-05-21 15:05:03 - INFO     - {6: 1.3426375834750908, 9: 1.1586808671130788, 0: 0.7221348360453994, 2: 1.6233607920398343, 4: 0.8894080151225788, 3: 1.7921054305538135, 5: 1.4488654020127558, 1: 1.366062773906076, 8: 1.191302900728178, 7: 0.8138566931578057}
2024-05-21 15:05:03 - INFO     - 0.9037037037037037, 0.8888888888888888, 0.8740740740740741, 0.8703703703703703, 0.8333333333333334, 0.8814814814814815, 0.8666666666666667, 0.9074074074074074, 0.9, 0.8925925925925926
2024-05-21 15:05:03 - WARNING  - Epoch: 385, Sum of Accs: 8.819, Sum of s_i: 12.348415294154613
2024-05-21 15:05:07 - INFO     - {6: 1.3429215534260104, 9: 1.1584889267233611, 0: 0.7208124337079233, 2: 1.6243727699721442, 4: 0.8885195596210899, 3: 1.7935556826236407, 5: 1.4494275589881407, 1: 1.3664106542161158, 8: 1.191197445531744, 7: 0.8127742838858747}
2024-05-21 15:05:07 - INFO     - 0.9037037037037037, 0.8888888888888888, 0.8740740740740741, 0.8703703703703703, 0.8333333333333334, 0.8814814814814815, 0.8666666666666667, 0.9074074074074074, 0.9, 0.8925925925925926
2024-05-21 15:05:07 - WARNING  - Epoch: 386, Sum of Accs: 8.819, Sum of s_i: 12.348480868696043
2024-05-21 15:05:11 - INFO     - {6: 1.343205421867578, 9: 1.15829688498702, 0: 0.7194903694370853, 2: 1.6253869905936955, 4: 0.8876333468088423, 3: 1.7950079791830356, 5: 1.4499918524484217, 1: 1.3667606710110516, 8: 1.1910941268202062, 7: 0.811694117303185}
2024-05-21 15:05:11 - INFO     - 0.9037037037037037, 0.8888888888888888, 0.8740740740740741, 0.8703703703703703, 0.8333333333333334, 0.8814814814814815, 0.8666666666666667, 0.9074074074074074, 0.9, 0.8925925925925926
2024-05-21 15:05:11 - WARNING  - Epoch: 387, Sum of Accs: 8.819, Sum of s_i: 12.348561760460122
2024-05-21 15:05:15 - INFO     - {6: 1.3434891650905239, 9: 1.158104718232789, 0: 0.7181681799476257, 2: 1.6264010865480103, 4: 0.8867470093293583, 3: 1.7964603492748676, 5: 1.4505562194411399, 1: 1.3671107613384248, 8: 1.1909884354475844, 7: 0.8106119208792705}
2024-05-21 15:05:15 - INFO     - 0.9037037037037037, 0.8888888888888888, 0.8740740740740741, 0.8703703703703703, 0.8333333333333334, 0.8814814814814815, 0.8666666666666667, 0.9074074074074074, 0.9, 0.8925925925925926
2024-05-21 15:05:15 - WARNING  - Epoch: 388, Sum of Accs: 8.819, Sum of s_i: 12.348637845529597
2024-05-21 15:05:19 - INFO     - {6: 1.3437727905372991, 9: 1.1579124338911828, 0: 0.7168458726819956, 2: 1.6274127205284319, 4: 0.8858582098759811, 3: 1.7979102573928065, 5: 1.451118124459965, 1: 1.3674583896919046, 8: 1.1908812305983338, 7: 0.8095291676554511}
2024-05-21 15:05:19 - INFO     - 0.9037037037037037, 0.8888888888888888, 0.8740740740740741, 0.8703703703703703, 0.8333333333333334, 0.8814814814814815, 0.8666666666666667, 0.9074074074074074, 0.9, 0.8925925925925926
2024-05-21 15:05:19 - WARNING  - Epoch: 389, Sum of Accs: 8.819, Sum of s_i: 12.348699197313353
2024-05-21 15:05:23 - INFO     - {6: 1.3440563210156178, 9: 1.1577200547333504, 0: 0.7155234704479088, 2: 1.628424698564131, 4: 0.8849697544778814, 3: 1.799360070694519, 5: 1.4516799346625635, 1: 1.3678059232291582, 8: 1.190775428629114, 7: 0.8084463196154055}
2024-05-21 15:05:23 - INFO     - 0.9037037037037037, 0.8888888888888888, 0.8740740740740741, 0.8703703703703703, 0.8333333333333334, 0.8814814814814815, 0.8666666666666667, 0.9074074074074074, 0.9, 0.8925925925925926
2024-05-21 15:05:23 - WARNING  - Epoch: 390, Sum of Accs: 8.819, Sum of s_i: 12.34876197606965
2024-05-21 15:05:27 - INFO     - {6: 1.3443397543177937, 9: 1.157527578555141, 0: 0.7142009710376792, 2: 1.6294384859622975, 4: 0.8840807631879011, 3: 1.8008121322302026, 5: 1.4522439930991333, 1: 1.368155705000383, 8: 1.1906718748938652, 7: 0.807363374554983}
2024-05-21 15:05:27 - INFO     - 0.9037037037037037, 0.8888888888888888, 0.8740740740740741, 0.8703703703703703, 0.8333333333333334, 0.8814814814814815, 0.8666666666666667, 0.9074074074074074, 0.9, 0.8925925925925926
2024-05-21 15:05:27 - WARNING  - Epoch: 391, Sum of Accs: 8.819, Sum of s_i: 12.348834632839381
2024-05-21 15:05:31 - INFO     - {6: 1.3446230751549875, 9: 1.1573349900922179, 0: 0.7128779206269976, 2: 1.6304498158214018, 4: 0.8831916596132067, 3: 1.8022638932399642, 5: 1.4528055036855905, 1: 1.3685029389214949, 8: 1.1905657733085035, 7: 0.8062803172098465}
2024-05-21 15:05:31 - INFO     - 0.9037037037037037, 0.8888888888888888, 0.8740740740740741, 0.8666666666666667, 0.8333333333333334, 0.8814814814814815, 0.8666666666666667, 0.9074074074074074, 0.9, 0.8925925925925926
2024-05-21 15:05:31 - WARNING  - Epoch: 392, Sum of Accs: 8.815, Sum of s_i: 12.34889588767421
2024-05-21 15:05:35 - INFO     - {6: 1.3449063011774203, 9: 1.1571423069665066, 0: 0.711555213937025, 2: 1.6314614894012152, 4: 0.8823028997592213, 3: 1.8037138409572948, 5: 1.4533674483038073, 1: 1.3688506068743667, 8: 1.1904596673714047, 7: 0.805197603585419}
2024-05-21 15:05:35 - INFO     - 0.9037037037037037, 0.8888888888888888, 0.8740740740740741, 0.8666666666666667, 0.8333333333333334, 0.8814814814814815, 0.8666666666666667, 0.9074074074074074, 0.9, 0.8962962962962963
2024-05-21 15:05:35 - WARNING  - Epoch: 393, Sum of Accs: 8.819, Sum of s_i: 12.348957378333681
2024-05-21 15:05:39 - INFO     - {6: 1.3451894320212008, 9: 1.1569499670456398, 0: 0.7102324120684, 2: 1.6324730678023762, 4: 0.8814140447265835, 3: 1.805163693495973, 5: 1.4539292977433715, 1: 1.369198179648586, 8: 1.1903539046391505, 7: 0.804114794782339}
2024-05-21 15:05:39 - INFO     - 0.9037037037037037, 0.8888888888888888, 0.8740740740740741, 0.8666666666666667, 0.8333333333333334, 0.8814814814814815, 0.8666666666666667, 0.9074074074074074, 0.9, 0.8962962962962963
2024-05-21 15:05:39 - WARNING  - Epoch: 394, Sum of Accs: 8.819, Sum of s_i: 12.349018793973622
2024-05-21 15:05:43 - INFO     - {6: 1.3454724678035834, 9: 1.1567570939847922, 0: 0.7089095151383773, 2: 1.6334864594309193, 4: 0.8805246565539647, 3: 1.8066151672823678, 5: 1.4544927684306526, 1: 1.3695475656501872, 8: 1.1902476087669154, 7: 0.8030318909178613}
2024-05-21 15:05:43 - INFO     - 0.9037037037037037, 0.8888888888888888, 0.8740740740740741, 0.8666666666666667, 0.8333333333333334, 0.8814814814814815, 0.8666666666666667, 0.9074074074074074, 0.9, 0.8962962962962963
2024-05-21 15:05:43 - WARNING  - Epoch: 395, Sum of Accs: 8.819, Sum of s_i: 12.34908519395962
2024-05-21 15:05:47 - INFO     - {6: 1.3457554008108898, 9: 1.1565645562274514, 0: 0.7075865154332782, 2: 1.6344978399956063, 4: 0.8796356036848528, 3: 1.808066540664975, 5: 1.455054420033743, 1: 1.3698949405879324, 8: 1.190141648198187, 7: 0.8019488842783074}
2024-05-21 15:05:47 - INFO     - 0.9037037037037037, 0.8888888888888888, 0.8740740740740741, 0.8666666666666667, 0.8333333333333334, 0.8814814814814815, 0.8666666666666667, 0.9074074074074074, 0.9, 0.8962962962962963
2024-05-21 15:05:47 - WARNING  - Epoch: 396, Sum of Accs: 8.819, Sum of s_i: 12.349146349915221
2024-05-21 15:05:51 - INFO     - {6: 1.3460382391610966, 9: 1.1563719238130108, 0: 0.7062632814525159, 2: 1.635511034599571, 4: 0.8787464561586412, 3: 1.809517817364008, 5: 1.455617885676111, 1: 1.3702441295649552, 8: 1.1900375016687363, 7: 0.8008676916780312}
2024-05-21 15:05:51 - INFO     - 0.9037037037037037, 0.8888888888888888, 0.8740740740740741, 0.8666666666666667, 0.8333333333333334, 0.8814814814814815, 0.8666666666666667, 0.9074074074074074, 0.9, 0.8962962962962963
2024-05-21 15:05:51 - WARNING  - Epoch: 397, Sum of Accs: 8.819, Sum of s_i: 12.349215961136677
2024-05-21 15:05:55 - INFO     - {6: 1.3463209697685243, 9: 1.1561787460663084, 0: 0.7049396417580553, 2: 1.6365241230740863, 4: 0.8778567633001678, 3: 1.8109689889446803, 5: 1.4561788972898397, 1: 1.3705930213811683, 8: 1.189933057978476, 7: 0.7997840450491156}
2024-05-21 15:05:55 - INFO     - 0.9037037037037037, 0.8888888888888888, 0.8740740740740741, 0.8666666666666667, 0.8333333333333334, 0.8814814814814815, 0.8666666666666667, 0.9074074074074074, 0.9, 0.8962962962962963
2024-05-21 15:05:55 - WARNING  - Epoch: 398, Sum of Accs: 8.819, Sum of s_i: 12.349278254610422
2024-05-21 15:06:00 - INFO     - {6: 1.3466036039606644, 9: 1.1559859094938014, 0: 0.7036163432377899, 2: 1.637537114203091, 4: 0.8769674116158895, 3: 1.812420254211202, 5: 1.4567421594572476, 1: 1.3709420068832312, 8: 1.1898287079740653, 7: 0.7987007395943952}
2024-05-21 15:06:00 - INFO     - 0.9037037037037037, 0.8888888888888888, 0.8740740740740741, 0.8666666666666667, 0.8333333333333334, 0.8814814814814815, 0.8666666666666667, 0.9074074074074074, 0.9, 0.8962962962962963
2024-05-21 15:06:00 - WARNING  - Epoch: 399, Sum of Accs: 8.819, Sum of s_i: 12.349344250631377
2024-05-21 15:06:04 - INFO     - {6: 1.346886136008139, 9: 1.1557925335053563, 0: 0.7022925053015864, 2: 1.6385476565366734, 4: 0.8760775205156732, 3: 1.8138712323587014, 5: 1.4573029728292335, 1: 1.3712907052662715, 8: 1.189724070850632, 7: 0.7976168947237368}
2024-05-21 15:06:04 - INFO     - 0.9037037037037037, 0.8888888888888888, 0.8740740740740741, 0.8666666666666667, 0.8333333333333334, 0.8814814814814815, 0.8666666666666667, 0.9074074074074074, 0.9, 0.8962962962962963
2024-05-21 15:06:04 - WARNING  - Epoch: 400, Sum of Accs: 8.819, Sum of s_i: 12.349402227896004
2024-05-21 15:06:08 - INFO     - {6: 1.3471685783229774, 9: 1.1555990679280743, 0: 0.7009688771948107, 2: 1.639558109281419, 4: 0.8751879769540933, 3: 1.8153221203075878, 5: 1.4578636119522754, 1: 1.3716362001199656, 8: 1.1896171824619624, 7: 0.7965332596825062}
2024-05-21 15:06:08 - INFO     - 0.9037037037037037, 0.8888888888888888, 0.8740740740740741, 0.8666666666666667, 0.8333333333333334, 0.8814814814814815, 0.8666666666666667, 0.9074074074074074, 0.9, 0.8962962962962963
2024-05-21 15:06:08 - WARNING  - Epoch: 401, Sum of Accs: 8.819, Sum of s_i: 12.349454984205673
2024-05-21 15:06:12 - INFO     - {6: 1.3474509389866403, 9: 1.1554055208304628, 0: 0.6996448681494408, 2: 1.6405708294396877, 4: 0.8742979147447105, 3: 1.8167731146033734, 5: 1.4584266031489472, 1: 1.3719849146512924, 8: 1.1895087149124657, 7: 0.7954492437026813}
2024-05-21 15:06:12 - INFO     - 0.9037037037037037, 0.8888888888888888, 0.8740740740740741, 0.8666666666666667, 0.8333333333333334, 0.8814814814814815, 0.8666666666666667, 0.9074074074074074, 0.9, 0.8962962962962963
2024-05-21 15:06:12 - WARNING  - Epoch: 402, Sum of Accs: 8.819, Sum of s_i: 12.349512663169701
2024-05-21 15:06:16 - INFO     - {6: 1.3477332103812714, 9: 1.15521188460687, 0: 0.6983212068316664, 2: 1.6415815483916993, 4: 0.8734082002629233, 3: 1.8182216708393255, 5: 1.4589871562857855, 1: 1.3723311911227856, 8: 1.1894016558774854, 7: 0.794365575450452}
2024-05-21 15:06:16 - INFO     - 0.9037037037037037, 0.8888888888888888, 0.8740740740740741, 0.8666666666666667, 0.8333333333333334, 0.8814814814814815, 0.8666666666666667, 0.9074074074074074, 0.9, 0.8962962962962963
2024-05-21 15:06:16 - WARNING  - Epoch: 403, Sum of Accs: 8.819, Sum of s_i: 12.349563300050265
2024-05-21 15:06:20 - INFO     - {6: 1.3480154034066425, 9: 1.155018170139599, 0: 0.696997030416637, 2: 1.642591752246456, 4: 0.872517970683881, 3: 1.8196701488315994, 5: 1.4595476311789455, 1: 1.3726773893506004, 8: 1.1892945185988266, 7: 0.7932813921009677}
2024-05-21 15:06:20 - INFO     - 0.9037037037037037, 0.8888888888888888, 0.8740740740740741, 0.8666666666666667, 0.8333333333333334, 0.8814814814814815, 0.8666666666666667, 0.9074074074074074, 0.9, 0.8962962962962963
2024-05-21 15:06:20 - WARNING  - Epoch: 404, Sum of Accs: 8.819, Sum of s_i: 12.349611406954155
2024-05-21 15:06:24 - INFO     - {6: 1.3482975219790412, 9: 1.154824381338659, 0: 0.6956727796679387, 2: 1.6436018817675437, 4: 0.87162766677117, 3: 1.8211185524902043, 5: 1.4601080317384365, 1: 1.3730235132447464, 8: 1.189187306986499, 7: 0.7921971344178145}
2024-05-21 15:06:24 - INFO     - 0.9037037037037037, 0.8888888888888888, 0.8740740740740741, 0.8666666666666667, 0.8333333333333334, 0.8814814814814815, 0.8666666666666667, 0.9074074074074074, 0.9, 0.8962962962962963
2024-05-21 15:06:24 - WARNING  - Epoch: 405, Sum of Accs: 8.819, Sum of s_i: 12.349658770402051
2024-05-21 15:06:28 - INFO     - {6: 1.348579567249762, 9: 1.1546309558447325, 0: 0.6943488922262541, 2: 1.6446123745956451, 4: 0.8707377261654725, 3: 1.8225673194558227, 5: 1.4606682786318161, 1: 1.373370000445906, 8: 1.1890804586811852, 7: 0.7911132400416748}
2024-05-21 15:06:28 - INFO     - 0.9037037037037037, 0.8888888888888888, 0.8740740740740741, 0.8666666666666667, 0.8333333333333334, 0.8814814814814815, 0.8666666666666667, 0.9074074074074074, 0.9, 0.8962962962962963
2024-05-21 15:06:28 - WARNING  - Epoch: 406, Sum of Accs: 8.819, Sum of s_i: 12.349708813338271
2024-05-21 15:06:32 - INFO     - {6: 1.3488615350726483, 9: 1.1544374529029717, 0: 0.6930249273367349, 2: 1.645622789975912, 4: 0.8698477081119406, 3: 1.8240160089736068, 5: 1.4612289650504864, 1: 1.373716410199231, 8: 1.1889735329280366, 7: 0.7900292682177007}
2024-05-21 15:06:32 - INFO     - 0.9037037037037037, 0.8888888888888888, 0.8740740740740741, 0.8666666666666667, 0.8333333333333334, 0.8814814814814815, 0.8666666666666667, 0.9074074074074074, 0.9, 0.8962962962962963
2024-05-21 15:06:32 - WARNING  - Epoch: 407, Sum of Accs: 8.819, Sum of s_i: 12.34975859876927
2024-05-21 15:06:36 - INFO     - {6: 1.3491434258469697, 9: 1.1542434366689656, 0: 0.6917004491549704, 2: 1.6466326920639334, 4: 0.8689571767661632, 3: 1.8254641851991456, 5: 1.4617890622674468, 1: 1.3740623066603106, 8: 1.1888646160662306, 7: 0.7889447831014812}
2024-05-21 15:06:36 - INFO     - 0.9037037037037037, 0.8888888888888888, 0.8740740740740741, 0.8666666666666667, 0.8333333333333334, 0.8814814814814815, 0.8666666666666667, 0.9074074074074074, 0.9, 0.8962962962962963
2024-05-21 15:06:36 - WARNING  - Epoch: 408, Sum of Accs: 8.819, Sum of s_i: 12.349802133795617
2024-05-21 15:06:40 - INFO     - {6: 1.3494252492465426, 9: 1.1540497893038915, 0: 0.690376339842138, 2: 1.6476429630208869, 4: 0.868067014289318, 3: 1.8269127302936163, 5: 1.4623490893641444, 1: 1.3744085719903225, 8: 1.1887556286342762, 7: 0.7878606668541939}
2024-05-21 15:06:40 - INFO     - 0.9037037037037037, 0.8888888888888888, 0.8740740740740741, 0.8666666666666667, 0.8333333333333334, 0.8814814814814815, 0.8666666666666667, 0.9074074074074074, 0.9, 0.8962962962962963
2024-05-21 15:06:40 - WARNING  - Epoch: 409, Sum of Accs: 8.819, Sum of s_i: 12.349848042839328
2024-05-21 15:06:44 - INFO     - {6: 1.3497070015979586, 9: 1.1538556348687712, 0: 0.6890517234592594, 2: 1.6486527269077942, 4: 0.8671763447424266, 3: 1.8283629346030041, 5: 1.4629090460983447, 1: 1.3747564965352514, 8: 1.1886465683939336, 7: 0.7867760435368603}
2024-05-21 15:06:44 - INFO     - 0.9037037037037037, 0.8888888888888888, 0.8740740740740741, 0.8666666666666667, 0.8333333333333334, 0.8814814814814815, 0.8666666666666667, 0.9074074074074074, 0.9, 0.8962962962962963
2024-05-21 15:06:44 - WARNING  - Epoch: 410, Sum of Accs: 8.819, Sum of s_i: 12.349894520743604
2024-05-21 15:06:48 - INFO     - {6: 1.3499886820215032, 9: 1.1536618445276687, 0: 0.6877274711703986, 2: 1.6496628548887193, 4: 0.866286039289553, 3: 1.8298113367214466, 5: 1.4634694451176733, 1: 1.3751026188892348, 8: 1.1885393552414434, 7: 0.7856917843135445}
2024-05-21 15:06:48 - INFO     - 0.9037037037037037, 0.8888888888888888, 0.8740740740740741, 0.8666666666666667, 0.8333333333333334, 0.8814814814814815, 0.8666666666666667, 0.9074074074074074, 0.9, 0.8962962962962963
2024-05-21 15:06:48 - WARNING  - Epoch: 411, Sum of Accs: 8.819, Sum of s_i: 12.349941432181184
2024-05-21 15:06:52 - INFO     - {6: 1.3502702898469114, 9: 1.1534675457981027, 0: 0.6864031462834014, 2: 1.650674824845689, 4: 0.8653952254482157, 3: 1.8312615808159336, 5: 1.4640316861130465, 1: 1.3754472811931042, 8: 1.1884339840649978, 7: 0.7846074524920923}
2024-05-21 15:06:52 - INFO     - 0.9037037037037037, 0.8888888888888888, 0.8740740740740741, 0.8666666666666667, 0.8333333333333334, 0.8814814814814815, 0.8666666666666667, 0.9074074074074074, 0.9, 0.8962962962962963
2024-05-21 15:06:52 - WARNING  - Epoch: 412, Sum of Accs: 8.819, Sum of s_i: 12.349993016901495
2024-05-21 15:06:56 - INFO     - {6: 1.3505518178427747, 9: 1.1532731673668923, 0: 0.6850787415668591, 2: 1.6516867153244283, 4: 0.8645047675676606, 3: 1.8327098305066947, 5: 1.464591497042267, 1: 1.3757928154569798, 8: 1.1883261828223999, 7: 0.7835230408410951}
2024-05-21 15:06:56 - INFO     - 0.9037037037037037, 0.8888888888888888, 0.8740740740740741, 0.8666666666666667, 0.8333333333333334, 0.8814814814814815, 0.8666666666666667, 0.9074074074074074, 0.9, 0.8962962962962963
2024-05-21 15:06:56 - WARNING  - Epoch: 413, Sum of Accs: 8.819, Sum of s_i: 12.350038576338052
2024-05-21 15:07:00 - INFO     - {6: 1.3508332753341408, 9: 1.1530787185441433, 0: 0.6837542663458198, 2: 1.652696184823707, 4: 0.8636138036331404, 3: 1.8341575741434906, 5: 1.4651512375799491, 1: 1.3761382793293166, 8: 1.1882183111882632, 7: 0.7824385586856009}
2024-05-21 15:07:00 - INFO     - 0.9037037037037037, 0.8888888888888888, 0.8740740740740741, 0.8666666666666667, 0.8333333333333334, 0.8814814814814815, 0.8666666666666667, 0.9074074074074074, 0.9, 0.8962962962962963
2024-05-21 15:07:00 - WARNING  - Epoch: 414, Sum of Accs: 8.819, Sum of s_i: 12.350080209607572
2024-05-21 15:07:04 - INFO     - {6: 1.3511146683974085, 9: 1.1528842053965174, 0: 0.6824292912504354, 2: 1.6537079416376652, 4: 0.8627227753737432, 3: 1.8356052534554095, 5: 1.4657132654323108, 1: 1.3764836788767765, 8: 1.1881103752292494, 7: 0.7813535766557616}
2024-05-21 15:07:04 - INFO     - 0.9037037037037037, 0.8888888888888888, 0.8740740740740741, 0.8666666666666667, 0.8333333333333334, 0.8814814814814815, 0.8666666666666667, 0.9074074074074074, 0.9, 0.8962962962962963
2024-05-21 15:07:04 - WARNING  - Epoch: 415, Sum of Accs: 8.819, Sum of s_i: 12.350125031705279
2024-05-21 15:07:08 - INFO     - {6: 1.3513959920984018, 9: 1.1526896229977417, 0: 0.6811046822390233, 2: 1.6547196287205634, 4: 0.8618316778631964, 3: 1.8370528635161787, 5: 1.4662728723939662, 1: 1.3768280674513054, 8: 1.188002370019086, 7: 0.7802685253747725}
2024-05-21 15:07:08 - INFO     - 0.9037037037037037, 0.8888888888888888, 0.8740740740740741, 0.8666666666666667, 0.8333333333333334, 0.8814814814814815, 0.8666666666666667, 0.9074074074074074, 0.9, 0.8962962962962963
2024-05-21 15:07:08 - WARNING  - Epoch: 416, Sum of Accs: 8.819, Sum of s_i: 12.350166302674236
2024-05-21 15:07:12 - INFO     - {6: 1.351677251933033, 9: 1.152494976834922, 0: 0.6797795741284453, 2: 1.6557312528918202, 4: 0.8609405165886055, 3: 1.8385004098129039, 5: 1.4668347676036262, 1: 1.3771723898944412, 8: 1.1878966530569275, 7: 0.7791834103297395}
2024-05-21 15:07:12 - INFO     - 0.9037037037037037, 0.8888888888888888, 0.8740740740740741, 0.8666666666666667, 0.8333333333333334, 0.8814814814814815, 0.8666666666666667, 0.9074074074074074, 0.9, 0.8962962962962963
2024-05-21 15:07:12 - WARNING  - Epoch: 417, Sum of Accs: 8.819, Sum of s_i: 12.350211203074464
2024-05-21 15:07:16 - INFO     - {6: 1.3519584422853794, 9: 1.1523002613011308, 0: 0.6784543966468959, 2: 1.656740455680057, 4: 0.8600492859430433, 3: 1.8399500563448627, 5: 1.467394241430266, 1: 1.377519756661941, 8: 1.1877906843179538, 7: 0.7780982259137351}
2024-05-21 15:07:16 - INFO     - 0.9074074074074074, 0.8888888888888888, 0.8740740740740741, 0.8666666666666667, 0.8333333333333334, 0.8814814814814815, 0.8666666666666667, 0.9074074074074074, 0.9, 0.8962962962962963
2024-05-21 15:07:16 - WARNING  - Epoch: 418, Sum of Accs: 8.822, Sum of s_i: 12.350255806525267
2024-05-21 15:07:20 - INFO     - {6: 1.3522395636155637, 9: 1.152105476855752, 0: 0.6771291502537585, 2: 1.6577519419559827, 4: 0.8591579863858931, 3: 1.8413996307320741, 5: 1.4679535693945092, 1: 1.3778639425282833, 8: 1.1876810021753799, 7: 0.7770129725861429}
2024-05-21 15:07:20 - INFO     - 0.9074074074074074, 0.8888888888888888, 0.8740740740740741, 0.8666666666666667, 0.8333333333333334, 0.8814814814814815, 0.8666666666666667, 0.9074074074074074, 0.9, 0.8962962962962963
2024-05-21 15:07:20 - WARNING  - Epoch: 419, Sum of Accs: 8.822, Sum of s_i: 12.350295236483339
2024-05-21 15:07:24 - INFO     - {6: 1.3525206239298693, 9: 1.1519110664054104, 0: 0.6758042778556587, 2: 1.6587614498276688, 4: 0.8582670608237805, 3: 1.842849145510128, 5: 1.46851283785862, 1: 1.3782089343270492, 8: 1.187572658467672, 7: 0.7759298260224384}
2024-05-21 15:07:24 - INFO     - 0.9037037037037037, 0.8888888888888888, 0.8740740740740741, 0.8666666666666667, 0.8333333333333334, 0.8814814814814815, 0.8666666666666667, 0.9074074074074074, 0.9, 0.8962962962962963
2024-05-21 15:07:24 - WARNING  - Epoch: 420, Sum of Accs: 8.819, Sum of s_i: 12.350337881028294
2024-05-21 15:07:28 - INFO     - {6: 1.3528016182544107, 9: 1.1517161551578483, 0: 0.6744793394677946, 2: 1.6597728089834825, 4: 0.8573760692719036, 3: 1.8442968615295672, 5: 1.4690744680528371, 1: 1.3785529921592776, 8: 1.1874643244087222, 7: 0.7748448807001195}
2024-05-21 15:07:28 - INFO     - 0.9074074074074074, 0.8888888888888888, 0.8740740740740741, 0.8666666666666667, 0.8333333333333334, 0.8814814814814815, 0.8666666666666667, 0.9074074074074074, 0.9, 0.8962962962962963
2024-05-21 15:07:28 - WARNING  - Epoch: 421, Sum of Accs: 8.822, Sum of s_i: 12.350379517985962
2024-05-21 15:07:32 - INFO     - {6: 1.353082548148894, 9: 1.1515211795834408, 0: 0.6731543366498723, 2: 1.6607841039927373, 4: 0.8564845785857249, 3: 1.8457464306763394, 5: 1.4696360341004955, 1: 1.3788969839751475, 8: 1.1873582782845618, 7: 0.7737617885051334}
2024-05-21 15:07:32 - INFO     - 0.9074074074074074, 0.8888888888888888, 0.8740740740740741, 0.8666666666666667, 0.8333333333333334, 0.8814814814814815, 0.8666666666666667, 0.9074074074074074, 0.9, 0.8962962962962963
2024-05-21 15:07:32 - WARNING  - Epoch: 422, Sum of Accs: 8.822, Sum of s_i: 12.350426262502348
2024-05-21 15:07:36 - INFO     - {6: 1.3533634057103774, 9: 1.1513261317919044, 0: 0.6718292614989503, 2: 1.6617934091116013, 4: 0.85559345027079, 3: 1.8471940099327204, 5: 1.4701951050606687, 1: 1.3792409132629722, 8: 1.1872502422700104, 7: 0.7726767064197564}
2024-05-21 15:07:36 - INFO     - 0.9074074074074074, 0.8888888888888888, 0.8740740740740741, 0.8666666666666667, 0.8333333333333334, 0.8814814814814815, 0.8666666666666667, 0.9074074074074074, 0.9, 0.8962962962962963
2024-05-21 15:07:36 - WARNING  - Epoch: 423, Sum of Accs: 8.822, Sum of s_i: 12.350462635329754
2024-05-21 15:07:40 - INFO     - {6: 1.3536442069885857, 9: 1.1511310278072522, 0: 0.6705039974584238, 2: 1.6628045762757366, 4: 0.8547018311743668, 3: 1.8486432662040544, 5: 1.4707563582328889, 1: 1.3795847786512268, 8: 1.1871407721517915, 7: 0.771591435444775}
2024-05-21 15:07:40 - INFO     - 0.9074074074074074, 0.8888888888888888, 0.8740740740740741, 0.8666666666666667, 0.8333333333333334, 0.8814814814814815, 0.8666666666666667, 0.9074074074074074, 0.9, 0.8962962962962963
2024-05-21 15:07:40 - WARNING  - Epoch: 424, Sum of Accs: 8.822, Sum of s_i: 12.3505022503891
2024-05-21 15:07:44 - INFO     - {6: 1.3539249469669454, 9: 1.1509358626209454, 0: 0.6691783703243586, 2: 1.6638156828768367, 4: 0.8538101508762888, 3: 1.8500924621022177, 5: 1.4713175510319383, 1: 1.379928583876702, 8: 1.1870343527790221, 7: 0.7705058013762549}
2024-05-21 15:07:44 - INFO     - 0.9074074074074074, 0.8888888888888888, 0.8740740740740741, 0.8666666666666667, 0.8333333333333334, 0.8814814814814815, 0.8666666666666667, 0.9074074074074074, 0.9, 0.8962962962962963
2024-05-21 15:07:44 - WARNING  - Epoch: 425, Sum of Accs: 8.822, Sum of s_i: 12.350543764831508
2024-05-21 15:07:48 - INFO     - {6: 1.354205622706881, 9: 1.150740633299114, 0: 0.6678526790547689, 2: 1.6648267255219855, 4: 0.8529184064426862, 3: 1.851539425239931, 5: 1.4718765110705379, 1: 1.3802723322794788, 8: 1.1869257006458032, 7: 0.7694201031722102}
2024-05-21 15:07:48 - INFO     - 0.9074074074074074, 0.8888888888888888, 0.8740740740740741, 0.8666666666666667, 0.8333333333333334, 0.8814814814814815, 0.8666666666666667, 0.9074074074074074, 0.9, 0.8962962962962963
2024-05-21 15:07:48 - WARNING  - Epoch: 426, Sum of Accs: 8.822, Sum of s_i: 12.350578139433397
2024-05-21 15:07:52 - INFO     - {6: 1.354486245256798, 9: 1.1505453508724643, 0: 0.6665273688922804, 2: 1.6658353614173635, 4: 0.8520266089042655, 3: 1.8529863352728264, 5: 1.4724354180043193, 1: 1.380616962547915, 8: 1.1868169954077659, 7: 0.7683347860752668}
2024-05-21 15:07:52 - INFO     - 0.9074074074074074, 0.8888888888888888, 0.8740740740740741, 0.8666666666666667, 0.8333333333333334, 0.8814814814814815, 0.8666666666666667, 0.9074074074074074, 0.9, 0.8962962962962963
2024-05-21 15:07:52 - WARNING  - Epoch: 427, Sum of Accs: 8.822, Sum of s_i: 12.350611432651265
2024-05-21 15:07:56 - INFO     - {6: 1.3547668162903297, 9: 1.1503504511413487, 0: 0.6652020072134065, 2: 1.6668443800082757, 4: 0.8511351940613788, 3: 1.8544353644498996, 5: 1.4729947076336347, 1: 1.3809619755118854, 8: 1.1867086728652627, 7: 0.767249417461938}
2024-05-21 15:07:56 - INFO     - 0.9074074074074074, 0.8851851851851852, 0.8740740740740741, 0.8666666666666667, 0.8333333333333334, 0.8814814814814815, 0.8666666666666667, 0.9074074074074074, 0.9, 0.8962962962962963
2024-05-21 15:07:56 - WARNING  - Epoch: 428, Sum of Accs: 8.819, Sum of s_i: 12.350648986637362
2024-05-21 15:08:00 - INFO     - {6: 1.35504732921496, 9: 1.1501550592650085, 0: 0.6638764557157352, 2: 1.6678529064539631, 4: 0.8502435893996947, 3: 1.8558843377062506, 5: 1.4735556777908718, 1: 1.381306496330631, 8: 1.186602030850681, 7: 0.7661639907397081}
2024-05-21 15:08:00 - INFO     - 0.9074074074074074, 0.8888888888888888, 0.8740740740740741, 0.8666666666666667, 0.8333333333333334, 0.8814814814814815, 0.8666666666666667, 0.9074074074074074, 0.9, 0.8962962962962963
2024-05-21 15:08:00 - WARNING  - Epoch: 429, Sum of Accs: 8.822, Sum of s_i: 12.350687873467502
2024-05-21 15:08:04 - INFO     - {6: 1.3553277819687695, 9: 1.1499596073142255, 0: 0.662550541817194, 2: 1.6688637270934756, 4: 0.8493539766054083, 3: 1.8573334324832804, 5: 1.4741167694687878, 1: 1.3816533113432017, 8: 1.1864955103567782, 7: 0.7650780699067119}
2024-05-21 15:08:04 - INFO     - 0.9074074074074074, 0.8851851851851852, 0.8740740740740741, 0.8666666666666667, 0.8333333333333334, 0.8814814814814815, 0.8666666666666667, 0.9074074074074074, 0.9, 0.8962962962962963
2024-05-21 15:08:04 - WARNING  - Epoch: 430, Sum of Accs: 8.819, Sum of s_i: 12.350732728357833
2024-05-21 15:08:08 - INFO     - {6: 1.355608165317754, 9: 1.1497640860697853, 0: 0.6612245586249955, 2: 1.669874478633331, 4: 0.8484619402491971, 3: 1.8587824581606531, 5: 1.4746754375847786, 1: 1.3820000572561153, 8: 1.1863850940168812, 7: 0.7639920797800585}
2024-05-21 15:08:08 - INFO     - 0.9074074074074074, 0.8851851851851852, 0.8740740740740741, 0.8666666666666667, 0.8333333333333334, 0.8814814814814815, 0.8666666666666667, 0.9074074074074074, 0.9, 0.8962962962962963
2024-05-21 15:08:08 - WARNING  - Epoch: 431, Sum of Accs: 8.819, Sum of s_i: 12.35076835569355
2024-05-21 15:08:12 - INFO     - {6: 1.355888493540316, 9: 1.1495685097872181, 0: 0.6598985203946701, 2: 1.6708828206727917, 4: 0.8475698488548589, 3: 1.8602312490378192, 5: 1.4752340506626425, 1: 1.3823434622362936, 8: 1.186275163490586, 7: 0.7629060346152781}
2024-05-21 15:08:12 - INFO     - 0.9074074074074074, 0.8851851851851852, 0.8740740740740741, 0.8666666666666667, 0.8333333333333334, 0.8814814814814815, 0.8666666666666667, 0.9074074074074074, 0.9, 0.8962962962962963
2024-05-21 15:08:12 - WARNING  - Epoch: 432, Sum of Accs: 8.819, Sum of s_i: 12.350798153292475
2024-05-21 15:08:16 - INFO     - {6: 1.35616877565714, 9: 1.149373321139395, 0: 0.6585728697990887, 2: 1.6718915503469962, 4: 0.8466781450952646, 3: 1.8616799914708595, 5: 1.4757925481942344, 1: 1.382689924904875, 8: 1.1861682906526936, 7: 0.7618203770852418}
2024-05-21 15:08:16 - INFO     - 0.9074074074074074, 0.8851851851851852, 0.8740740740740741, 0.8666666666666667, 0.8333333333333334, 0.8814814814814815, 0.8666666666666667, 0.9074074074074074, 0.9, 0.8962962962962963
2024-05-21 15:08:16 - WARNING  - Epoch: 433, Sum of Accs: 8.819, Sum of s_i: 12.35083579434579
2024-05-21 15:08:20 - INFO     - {6: 1.3564489995324538, 9: 1.1491776406767096, 0: 0.6572471609619971, 2: 1.6728997882063386, 4: 0.8457859495208081, 3: 1.8631286781133702, 5: 1.4763532317376313, 1: 1.3830332226492599, 8: 1.1860591873786206, 7: 0.7607342277403432}
2024-05-21 15:08:20 - INFO     - 0.9074074074074074, 0.8851851851851852, 0.8740740740740741, 0.8666666666666667, 0.8333333333333334, 0.8814814814814815, 0.8666666666666667, 0.9074074074074074, 0.9, 0.8962962962962963
2024-05-21 15:08:20 - WARNING  - Epoch: 434, Sum of Accs: 8.819, Sum of s_i: 12.350868086517533
2024-05-21 15:08:24 - INFO     - {6: 1.3567291734428515, 9: 1.1489823438224602, 0: 0.6559214021599894, 2: 1.6739084096741168, 4: 0.8448941375547876, 3: 1.8645755737186658, 5: 1.476912124243813, 1: 1.3833778384900963, 8: 1.1859504677129835, 7: 0.7596484620038805}
2024-05-21 15:08:24 - INFO     - 0.9074074074074074, 0.8851851851851852, 0.8740740740740741, 0.8666666666666667, 0.8333333333333334, 0.8814814814814815, 0.8666666666666667, 0.9074074074074074, 0.9, 0.8962962962962963
2024-05-21 15:08:24 - WARNING  - Epoch: 435, Sum of Accs: 8.819, Sum of s_i: 12.350899932823644
2024-05-21 15:08:28 - INFO     - {6: 1.3570092980785176, 9: 1.1487865642790722, 0: 0.6545954635803636, 2: 1.6749189031693508, 4: 0.8440018428996283, 3: 1.8660241584248136, 5: 1.477472705850847, 1: 1.3837210346533029, 8: 1.1858434371481987, 7: 0.7585622135782791}
2024-05-21 15:08:28 - INFO     - 0.9074074074074074, 0.8851851851851852, 0.8740740740740741, 0.8666666666666667, 0.8333333333333334, 0.8814814814814815, 0.8666666666666667, 0.9074074074074074, 0.9, 0.8962962962962963
2024-05-21 15:08:28 - WARNING  - Epoch: 436, Sum of Accs: 8.819, Sum of s_i: 12.350935621662375
2024-05-21 15:08:32 - INFO     - {6: 1.3572893674943913, 9: 1.1485907296043316, 0: 0.6532691669578646, 2: 1.6759293421563657, 4: 0.8431118484528444, 3: 1.867472685148574, 5: 1.4780332294754934, 1: 1.3840641730361507, 8: 1.1857363486010264, 7: 0.7574780789602812}
2024-05-21 15:08:32 - INFO     - 0.9074074074074074, 0.8851851851851852, 0.8740740740740741, 0.8666666666666667, 0.8333333333333334, 0.8814814814814815, 0.8666666666666667, 0.9074074074074074, 0.9, 0.8962962962962963
2024-05-21 15:08:32 - WARNING  - Epoch: 437, Sum of Accs: 8.819, Sum of s_i: 12.350974969887323
2024-05-21 15:08:36 - INFO     - {6: 1.357569376028907, 9: 1.1483952673742, 0: 0.6519432427799747, 2: 1.6769377982482618, 4: 0.8422198711109417, 3: 1.8689194153779871, 5: 1.4785919566057928, 1: 1.384408623501105, 8: 1.1856274635595072, 7: 0.7563921478479363}
2024-05-21 15:08:36 - INFO     - 0.9074074074074074, 0.8851851851851852, 0.8740740740740741, 0.8666666666666667, 0.8333333333333334, 0.8814814814814815, 0.8666666666666667, 0.9074074074074074, 0.9, 0.8962962962962963
2024-05-21 15:08:36 - WARNING  - Epoch: 438, Sum of Accs: 8.819, Sum of s_i: 12.351005162434614
2024-05-21 15:08:40 - INFO     - {6: 1.3578493378484597, 9: 1.148199325275461, 0: 0.650617271887122, 2: 1.6779481294416483, 4: 0.8413278470540762, 3: 1.8703680207088909, 5: 1.4791501342470217, 1: 1.3847549490675497, 8: 1.1855180290289173, 7: 0.7553061700206286}
2024-05-21 15:08:40 - INFO     - 0.9074074074074074, 0.8851851851851852, 0.8740740740740741, 0.8666666666666667, 0.8333333333333334, 0.8814814814814815, 0.8666666666666667, 0.9074074074074074, 0.9, 0.8962962962962963
2024-05-21 15:08:40 - WARNING  - Epoch: 439, Sum of Accs: 8.819, Sum of s_i: 12.351039214579774
2024-05-21 15:08:44 - INFO     - {6: 1.358129246981674, 9: 1.1480033305747626, 0: 0.6492908152386654, 2: 1.678958408850675, 4: 0.8404357703108721, 3: 1.871816574255435, 5: 1.4797082603614018, 1: 1.3851012228496347, 8: 1.185408542971479, 7: 0.754219706437717}
2024-05-21 15:08:44 - INFO     - 0.9074074074074074, 0.8851851851851852, 0.8740740740740741, 0.8666666666666667, 0.8333333333333334, 0.8814814814814815, 0.8666666666666667, 0.9074074074074074, 0.9, 0.8962962962962963
2024-05-21 15:08:44 - WARNING  - Epoch: 440, Sum of Accs: 8.819, Sum of s_i: 12.351071878832315
2024-05-21 15:08:48 - INFO     - {6: 1.3584091055762597, 9: 1.1478077184047013, 0: 0.6479646107749769, 2: 1.6799686368048066, 4: 0.8395436430290397, 3: 1.8732648935784992, 5: 1.4802663355567156, 1: 1.38544726240824, 8: 1.185301429792195, 7: 0.7531336253854425}
2024-05-21 15:08:48 - INFO     - 0.9074074074074074, 0.8851851851851852, 0.8740740740740741, 0.8666666666666667, 0.8333333333333334, 0.8814814814814815, 0.8666666666666667, 0.9074074074074074, 0.9, 0.8962962962962963
2024-05-21 15:08:48 - WARNING  - Epoch: 441, Sum of Accs: 8.819, Sum of s_i: 12.351107261310878
2024-05-21 15:08:52 - INFO     - {6: 1.3586889094268986, 9: 1.147612051490693, 0: 0.6466384819132103, 2: 1.6809788100542182, 4: 0.8386514610032603, 3: 1.8747114191240357, 5: 1.4808243590084447, 1: 1.3857915081893175, 8: 1.1851904452912914, 7: 0.7520474895892209}
2024-05-21 15:08:52 - INFO     - 0.9074074074074074, 0.8851851851851852, 0.8740740740740741, 0.8666666666666667, 0.8333333333333334, 0.8814814814814815, 0.8666666666666667, 0.9074074074074074, 0.9, 0.8962962962962963
2024-05-21 15:08:52 - WARNING  - Epoch: 442, Sum of Accs: 8.819, Sum of s_i: 12.351134935090588
2024-05-21 15:08:56 - INFO     - {6: 1.3589686704607897, 9: 1.147415908927852, 0: 0.645312310234696, 2: 1.6819889413451683, 4: 0.8377588033286482, 3: 1.876159824552503, 5: 1.4813847613377982, 1: 1.3861343439744653, 8: 1.1850808799170627, 7: 0.7509608781441667}
2024-05-21 15:08:56 - INFO     - 0.9074074074074074, 0.8851851851851852, 0.8740740740740741, 0.8666666666666667, 0.8333333333333334, 0.8814814814814815, 0.8666666666666667, 0.9074074074074074, 0.9, 0.8962962962962963
2024-05-21 15:08:56 - WARNING  - Epoch: 443, Sum of Accs: 8.819, Sum of s_i: 12.35116532222315
2024-05-21 15:09:00 - INFO     - {6: 1.3592483844801113, 9: 1.1472201521825265, 0: 0.6439860915416122, 2: 1.6829990251586364, 4: 0.8368665314715515, 3: 1.8776081825034885, 5: 1.4819451161896697, 1: 1.3864771319252474, 8: 1.1849736225971157, 7: 0.7498746525166279}
2024-05-21 15:09:00 - INFO     - 0.9074074074074074, 0.8851851851851852, 0.8740740740740741, 0.8666666666666667, 0.8333333333333334, 0.8814814814814815, 0.8666666666666667, 0.9074074074074074, 0.9, 0.8962962962962963
2024-05-21 15:09:00 - WARNING  - Epoch: 444, Sum of Accs: 8.819, Sum of s_i: 12.351198890566588
2024-05-21 15:09:04 - INFO     - {6: 1.3595280465632587, 9: 1.1470243435010266, 0: 0.6426598209123541, 2: 1.6840071347991643, 4: 0.8359742076782806, 3: 1.879056309565008, 5: 1.482502999474984, 1: 1.3868198755044499, 8: 1.1848638937106113, 7: 0.7487883749529147}
2024-05-21 15:09:04 - INFO     - 0.9074074074074074, 0.8851851851851852, 0.8740740740740741, 0.8666666666666667, 0.8333333333333334, 0.8814814814814815, 0.8666666666666667, 0.9074074074074074, 0.9, 0.8962962962962963
2024-05-21 15:09:04 - WARNING  - Epoch: 445, Sum of Accs: 8.819, Sum of s_i: 12.351225006662052
2024-05-21 15:09:08 - INFO     - {6: 1.3598076682404139, 9: 1.1468284944135345, 0: 0.6413335098771038, 2: 1.685017126676881, 4: 0.8350818434790175, 3: 1.8805045755802419, 5: 1.4830632623911042, 1: 1.3871639391120438, 8: 1.1847565444549126, 7: 0.7477020569832095}
2024-05-21 15:09:08 - INFO     - 0.9074074074074074, 0.8851851851851852, 0.8740740740740741, 0.8666666666666667, 0.8333333333333334, 0.8814814814814815, 0.8666666666666667, 0.9074074074074074, 0.9, 0.8962962962962963
2024-05-21 15:09:08 - WARNING  - Epoch: 446, Sum of Accs: 8.819, Sum of s_i: 12.351259021208463
2024-05-21 15:09:13 - INFO     - {6: 1.3600872372916522, 9: 1.1466321601754872, 0: 0.6400071462159367, 2: 1.6860270668296367, 4: 0.8341913501979744, 3: 1.8819504338017397, 5: 1.4836211175134881, 1: 1.3875065886660398, 8: 1.184645858502435, 7: 0.7466156863875875}
2024-05-21 15:09:13 - INFO     - 0.9074074074074074, 0.8851851851851852, 0.8740740740740741, 0.8666666666666667, 0.8333333333333334, 0.8814814814814815, 0.8666666666666667, 0.9074074074074074, 0.9, 0.8962962962962963
2024-05-21 15:09:13 - WARNING  - Epoch: 447, Sum of Accs: 8.819, Sum of s_i: 12.351284645581977
2024-05-21 15:09:17 - INFO     - {6: 1.3603667666981363, 9: 1.146435786356172, 0: 0.6386803104488633, 2: 1.6870369681812574, 4: 0.8332984612668882, 3: 1.883398428213842, 5: 1.4841812899035123, 1: 1.3878524843907187, 8: 1.1845382376436049, 7: 0.7455312005349672}
2024-05-21 15:09:17 - INFO     - 0.9074074074074074, 0.8851851851851852, 0.8740740740740741, 0.8666666666666667, 0.8333333333333334, 0.8814814814814815, 0.8666666666666667, 0.9074074074074074, 0.9, 0.8962962962962963
2024-05-21 15:09:17 - WARNING  - Epoch: 448, Sum of Accs: 8.819, Sum of s_i: 12.351319933637962
2024-05-21 15:09:21 - INFO     - {6: 1.360646241509021, 9: 1.1462397904024098, 0: 0.6373538525473427, 2: 1.6880448905495227, 4: 0.8324059502013548, 3: 1.8848446247196247, 5: 1.484739483310181, 1: 1.3881964011320422, 8: 1.1844288188784549, 7: 0.7444447356989916}
2024-05-21 15:09:21 - INFO     - 0.9074074074074074, 0.8851851851851852, 0.8740740740740741, 0.8666666666666667, 0.8333333333333334, 0.8814814814814815, 0.8666666666666667, 0.9074074074074074, 0.9, 0.8962962962962963
2024-05-21 15:09:21 - WARNING  - Epoch: 449, Sum of Accs: 8.819, Sum of s_i: 12.351344788948944
2024-05-21 15:09:25 - INFO     - {6: 1.360925677865459, 9: 1.146043323682055, 0: 0.6360273561913753, 2: 1.6890523421511956, 4: 0.8315129683692289, 3: 1.886292529758502, 5: 1.4852972059502574, 1: 1.3885398471067736, 8: 1.184317474360251, 7: 0.7433582324085692}
2024-05-21 15:09:25 - INFO     - 0.9074074074074074, 0.8851851851851852, 0.8740740740740741, 0.8666666666666667, 0.8333333333333334, 0.8814814814814815, 0.8666666666666667, 0.9074074074074074, 0.9, 0.8962962962962963
2024-05-21 15:09:25 - WARNING  - Epoch: 450, Sum of Accs: 8.819, Sum of s_i: 12.351366957843668
2024-05-21 15:09:29 - INFO     - {6: 1.3612050799238475, 9: 1.1458468227185734, 0: 0.6347008255373584, 2: 1.690062116045605, 4: 0.8306203845511992, 3: 1.8877405777904286, 5: 1.48585725088307, 1: 1.3888856153742413, 8: 1.184209907121245, 7: 0.7422716948200974}
2024-05-21 15:09:29 - INFO     - 0.9074074074074074, 0.8851851851851852, 0.8740740740740741, 0.8666666666666667, 0.8333333333333334, 0.8814814814814815, 0.8666666666666667, 0.9074074074074074, 0.9, 0.8962962962962963
2024-05-21 15:09:29 - WARNING  - Epoch: 451, Sum of Accs: 8.819, Sum of s_i: 12.351400274765666
2024-05-21 15:09:33 - INFO     - {6: 1.3614844304370737, 9: 1.1456502702924694, 0: 0.633374243338179, 2: 1.6910718386215624, 4: 0.8297273170133241, 3: 1.8891883939839642, 5: 1.486414823868783, 1: 1.3892280491674627, 8: 1.1841021080438483, 7: 0.741185105686463}
2024-05-21 15:09:33 - INFO     - 0.9074074074074074, 0.8851851851851852, 0.8740740740740741, 0.8666666666666667, 0.8333333333333334, 0.8814814814814815, 0.8666666666666667, 0.9074074074074074, 0.9, 0.8962962962962963
2024-05-21 15:09:33 - WARNING  - Epoch: 452, Sum of Accs: 8.819, Sum of s_i: 12.351426580453131
2024-05-21 15:09:37 - INFO     - {6: 1.3617637402525702, 9: 1.1454541093433188, 0: 0.6320476204412702, 2: 1.6920815200101085, 4: 0.8288346409524023, 3: 1.8906361684489696, 5: 1.4869745952346747, 1: 1.3895737249290672, 8: 1.1839942672379211, 7: 0.7400984758550991}
2024-05-21 15:09:37 - INFO     - 0.9074074074074074, 0.8851851851851852, 0.8740740740740741, 0.8666666666666667, 0.8333333333333334, 0.8814814814814815, 0.8666666666666667, 0.9074074074074074, 0.9, 0.8962962962962963
2024-05-21 15:09:37 - WARNING  - Epoch: 453, Sum of Accs: 8.819, Sum of s_i: 12.3514588627054
2024-05-21 15:09:41 - INFO     - {6: 1.3620430001242325, 9: 1.145257898450334, 0: 0.630720947600527, 2: 1.6930892274391514, 4: 0.8279419149476464, 3: 1.8920838963229163, 5: 1.4875320800622724, 1: 1.3899160707100893, 8: 1.1838832775124697, 7: 0.7390117960799011}
2024-05-21 15:09:41 - INFO     - 0.9074074074074074, 0.8851851851851852, 0.8740740740740741, 0.8629629629629629, 0.8333333333333334, 0.8814814814814815, 0.8666666666666667, 0.9074074074074074, 0.9, 0.8962962962962963
2024-05-21 15:09:41 - WARNING  - Epoch: 454, Sum of Accs: 8.815, Sum of s_i: 12.351480109249541
2024-05-21 15:09:45 - INFO     - {6: 1.3623222271255626, 9: 1.145061654687017, 0: 0.6293942418894516, 2: 1.694096901997862, 4: 0.8270491560725581, 3: 1.893529845019144, 5: 1.4880900256593863, 1: 1.3902597396418581, 8: 1.183773610937765, 7: 0.7379250834343707}
2024-05-21 15:09:45 - INFO     - 0.9074074074074074, 0.8888888888888888, 0.8740740740740741, 0.8629629629629629, 0.8333333333333334, 0.8814814814814815, 0.8666666666666667, 0.9074074074074074, 0.9, 0.8962962962962963
2024-05-21 15:09:45 - WARNING  - Epoch: 455, Sum of Accs: 8.819, Sum of s_i: 12.351502486464975
2024-05-21 15:09:49 - INFO     - {6: 1.3626014195074558, 9: 1.144864944382792, 0: 0.6280670696374684, 2: 1.6951064678063537, 4: 0.8261559306565621, 3: 1.8949775049356568, 5: 1.4886496824767852, 1: 1.3906051197939118, 8: 1.1836656555833451, 7: 0.7368379042479325}
2024-05-21 15:09:49 - INFO     - 0.9074074074074074, 0.8888888888888888, 0.8740740740740741, 0.8629629629629629, 0.8333333333333334, 0.8814814814814815, 0.8666666666666667, 0.9074074074074074, 0.9, 0.8962962962962963
2024-05-21 15:09:49 - WARNING  - Epoch: 456, Sum of Accs: 8.819, Sum of s_i: 12.351531699028266
2024-05-21 15:09:53 - INFO     - {6: 1.3628805666952803, 9: 1.1446686208059693, 0: 0.6267402841128874, 2: 1.6961159872829, 4: 0.8252630919679683, 3: 1.8964251179945397, 5: 1.489209472991735, 1: 1.3909504530883359, 8: 1.1835540135524796, 7: 0.7357511117888965}
2024-05-21 15:09:53 - INFO     - 0.9074074074074074, 0.8888888888888888, 0.8740740740740741, 0.8629629629629629, 0.8333333333333334, 0.8814814814814815, 0.8666666666666667, 0.9074074074074074, 0.9, 0.8962962962962963
2024-05-21 15:09:53 - WARNING  - Epoch: 457, Sum of Accs: 8.819, Sum of s_i: 12.351558720280993
2024-05-21 15:09:57 - INFO     - {6: 1.3631596720793893, 9: 1.144472255425431, 0: 0.6254134567845908, 2: 1.6971235402243894, 4: 0.8243702114756589, 3: 1.8978709450735465, 5: 1.4897672969716278, 1: 1.3912940004028835, 8: 1.1834442253605537, 7: 0.734664277526145}
2024-05-21 15:09:57 - INFO     - 0.9074074074074074, 0.8888888888888888, 0.8740740740740741, 0.8629629629629629, 0.8333333333333334, 0.8814814814814815, 0.8666666666666667, 0.9074074074074074, 0.9, 0.8962962962962963
2024-05-21 15:09:57 - WARNING  - Epoch: 458, Sum of Accs: 8.819, Sum of s_i: 12.351579881324215
2024-05-21 15:10:01 - INFO     - {6: 1.3634387447260785, 9: 1.1442754255777245, 0: 0.6240864694855455, 2: 1.698132986352779, 4: 0.8234771710126008, 3: 1.8993166121818044, 5: 1.4903270141384208, 1: 1.3916394409043313, 8: 1.183333913521231, 7: 0.7335772832926447}
2024-05-21 15:10:01 - INFO     - 0.9074074074074074, 0.8888888888888888, 0.8740740740740741, 0.8629629629629629, 0.8333333333333334, 0.8814814814814815, 0.8666666666666667, 0.9074074074074074, 0.9, 0.8962962962962963
2024-05-21 15:10:01 - WARNING  - Epoch: 459, Sum of Accs: 8.819, Sum of s_i: 12.351605061193162
2024-05-21 15:10:05 - INFO     - {6: 1.3637177784181558, 9: 1.1440785568377798, 0: 0.6227591387978425, 2: 1.699140035934862, 4: 0.822583787160885, 3: 1.9007619359014045, 5: 1.4908843347589071, 1: 1.391981568937046, 8: 1.1832227060474723, 7: 0.7324899456704868}
2024-05-21 15:10:05 - INFO     - 0.9074074074074074, 0.8888888888888888, 0.8740740740740741, 0.8629629629629629, 0.8333333333333334, 0.8814814814814815, 0.8666666666666667, 0.9074074074074074, 0.9, 0.8962962962962963
2024-05-21 15:10:05 - WARNING  - Epoch: 460, Sum of Accs: 8.819, Sum of s_i: 12.351619788464841
2024-05-21 15:10:09 - INFO     - {6: 1.3639967893264398, 9: 1.1438820969814167, 0: 0.6214322169937211, 2: 1.7001474944005266, 4: 0.8216908121927508, 3: 1.9022076685045863, 5: 1.491442064262975, 1: 1.392325021775769, 8: 1.1831128233797217, 7: 0.7314030169319105}
2024-05-21 15:10:09 - INFO     - 0.9074074074074074, 0.8851851851851852, 0.8740740740740741, 0.8629629629629629, 0.8333333333333334, 0.8814814814814815, 0.8666666666666667, 0.9074074074074074, 0.9, 0.8962962962962963
2024-05-21 15:10:09 - WARNING  - Epoch: 461, Sum of Accs: 8.815, Sum of s_i: 12.351640004749816
2024-05-21 15:10:13 - INFO     - {6: 1.3642757689592708, 9: 1.143685174268784, 0: 0.6201052639141467, 2: 1.7011568477272374, 4: 0.8207973743683468, 3: 1.903655116601588, 5: 1.492001509260863, 1: 1.3926701901083116, 8: 1.1830046562057908, 7: 0.7303156253370644}
2024-05-21 15:10:13 - INFO     - 0.9074074074074074, 0.8851851851851852, 0.8740740740740741, 0.8629629629629629, 0.8333333333333334, 0.8814814814814815, 0.8666666666666667, 0.9074074074074074, 0.9, 0.8962962962962963
2024-05-21 15:10:13 - WARNING  - Epoch: 462, Sum of Accs: 8.815, Sum of s_i: 12.351667526751404
2024-05-21 15:10:17 - INFO     - {6: 1.364554706014592, 9: 1.143488640559458, 0: 0.6187782682570623, 2: 1.7021661579959608, 4: 0.8199043255472496, 3: 1.905100775351807, 5: 1.4925610905679898, 1: 1.3930122126037232, 8: 1.1828966253410989, 7: 0.7292286227455251}
2024-05-21 15:10:17 - INFO     - 0.9074074074074074, 0.8851851851851852, 0.8740740740740741, 0.8629629629629629, 0.8333333333333334, 0.8814814814814815, 0.8666666666666667, 0.9074074074074074, 0.9, 0.8962962962962963
2024-05-21 15:10:17 - WARNING  - Epoch: 463, Sum of Accs: 8.815, Sum of s_i: 12.351691424984468
2024-05-21 15:10:21 - INFO     - {6: 1.3648336060986859, 9: 1.143291638425457, 0: 0.6174508041753031, 2: 1.7031754327914033, 4: 0.8190112397549252, 3: 1.9065459656773511, 5: 1.49311827779442, 1: 1.3933574817722238, 8: 1.1827862003957104, 7: 0.7281415831827587}
2024-05-21 15:10:21 - INFO     - 0.9074074074074074, 0.8851851851851852, 0.8740740740740741, 0.8629629629629629, 0.8333333333333334, 0.8814814814814815, 0.8666666666666667, 0.9074074074074074, 0.9, 0.8962962962962963
2024-05-21 15:10:21 - WARNING  - Epoch: 464, Sum of Accs: 8.815, Sum of s_i: 12.351712230068237
2024-05-21 15:10:25 - INFO     - {6: 1.3651124739968798, 9: 1.1430950355590037, 0: 0.6161236120966405, 2: 1.7041827482469778, 4: 0.8181181217767008, 3: 1.907991555270443, 5: 1.493675864288398, 1: 1.3937007916008566, 8: 1.1826761747178696, 7: 0.7270545114340923}
2024-05-21 15:10:25 - INFO     - 0.9074074074074074, 0.8851851851851852, 0.8740740740740741, 0.8629629629629629, 0.8333333333333334, 0.8814814814814815, 0.8666666666666667, 0.9074074074074074, 0.9, 0.8962962962962963
2024-05-21 15:10:25 - WARNING  - Epoch: 465, Sum of Accs: 8.815, Sum of s_i: 12.351730888987863
2024-05-21 15:10:29 - INFO     - {6: 1.3653913130294453, 9: 1.142898403826922, 0: 0.6147965184168005, 2: 1.705191960924274, 4: 0.8172249749328481, 3: 1.9094390420852563, 5: 1.494232928951407, 1: 1.3940435795985202, 8: 1.1825680462617505, 7: 0.7259674108197974}
2024-05-21 15:10:29 - INFO     - 0.9111111111111111, 0.8851851851851852, 0.8740740740740741, 0.8629629629629629, 0.8333333333333334, 0.8814814814814815, 0.8666666666666667, 0.9074074074074074, 0.9, 0.8962962962962963
2024-05-21 15:10:29 - WARNING  - Epoch: 466, Sum of Accs: 8.819, Sum of s_i: 12.351754178847019
2024-05-21 15:10:33 - INFO     - {6: 1.3656701160323963, 9: 1.142701304767216, 0: 0.6134689574093362, 2: 1.7062011390652572, 4: 0.8163317920593809, 3: 1.9108864943637565, 5: 1.4947923781307932, 1: 1.3943863932339, 8: 1.1824575243906568, 7: 0.7248798428778781}
2024-05-21 15:10:33 - INFO     - 0.9074074074074074, 0.8851851851851852, 0.8740740740740741, 0.8629629629629629, 0.8333333333333334, 0.8814814814814815, 0.8666666666666667, 0.9074074074074074, 0.9, 0.8962962962962963
2024-05-21 15:10:33 - WARNING  - Epoch: 467, Sum of Accs: 8.815, Sum of s_i: 12.351775942330569
2024-05-21 15:10:37 - INFO     - {6: 1.3659488853671966, 9: 1.1425046033373691, 0: 0.612141794031731, 2: 1.7072102823514714, 4: 0.8154385755177629, 3: 1.9123319853934544, 5: 1.4953498660613773, 1: 1.3947315308931725, 8: 1.1823455146619704, 7: 0.7237926725658179}
2024-05-21 15:10:37 - INFO     - 0.9074074074074074, 0.8851851851851852, 0.8740740740740741, 0.8629629629629629, 0.8333333333333334, 0.8814814814814815, 0.8666666666666667, 0.9074074074074074, 0.9, 0.8962962962962963
2024-05-21 15:10:37 - WARNING  - Epoch: 468, Sum of Accs: 8.815, Sum of s_i: 12.351795710181324
2024-05-21 15:10:41 - INFO     - {6: 1.3662276241212172, 9: 1.1423074401316002, 0: 0.6108141688782038, 2: 1.7082193965259, 4: 0.8145448972002229, 3: 1.9137770146472304, 5: 1.4959068922160395, 1: 1.3950766394406593, 8: 1.182234928644814, 7: 0.7227050404778358}
2024-05-21 15:10:41 - INFO     - 0.9074074074074074, 0.8851851851851852, 0.8740740740740741, 0.8629629629629629, 0.8333333333333334, 0.8814814814814815, 0.8666666666666667, 0.9074074074074074, 0.9, 0.8962962962962963
2024-05-21 15:10:41 - WARNING  - Epoch: 469, Sum of Accs: 8.815, Sum of s_i: 12.351814042283724
2024-05-21 15:10:45 - INFO     - {6: 1.3665063345156596, 9: 1.1421102486116586, 0: 0.6094865154105039, 2: 1.7092261233279862, 4: 0.8136516217182471, 3: 1.9152241991759307, 5: 1.4964638900565288, 1: 1.3954184436817383, 8: 1.1821243143134847, 7: 0.7216178112254178}
2024-05-21 15:10:45 - INFO     - 0.9074074074074074, 0.8851851851851852, 0.8740740740740741, 0.8629629629629629, 0.8333333333333334, 0.8814814814814815, 0.8666666666666667, 0.9074074074074074, 0.9, 0.8962962962962963
2024-05-21 15:10:45 - WARNING  - Epoch: 470, Sum of Accs: 8.815, Sum of s_i: 12.351829502037155
2024-05-21 15:10:49 - INFO     - {6: 1.3667850209940973, 9: 1.141913033214003, 0: 0.6081592691765362, 2: 1.7102328262523583, 4: 0.8127583223202666, 3: 1.91666917623782, 5: 1.4970208115502845, 1: 1.3957611409791686, 8: 1.182012232146993, 7: 0.7205305580569952}
2024-05-21 15:10:49 - INFO     - 0.9111111111111111, 0.8851851851851852, 0.8740740740740741, 0.8629629629629629, 0.8333333333333334, 0.8814814814814815, 0.8666666666666667, 0.9074074074074074, 0.9, 0.8962962962962963
2024-05-21 15:10:49 - WARNING  - Epoch: 471, Sum of Accs: 8.819, Sum of s_i: 12.351842390928521
2024-05-21 15:10:53 - INFO     - {6: 1.36706368753367, 9: 1.1417162289889287, 0: 0.6068320030037034, 2: 1.7112399403493115, 4: 0.811865002983421, 3: 1.9181163152399063, 5: 1.4975777085825714, 1: 1.3961060002167958, 8: 1.1819037558781467, 7: 0.7194432849497076}
2024-05-21 15:10:53 - INFO     - 0.9111111111111111, 0.8851851851851852, 0.8740740740740741, 0.8629629629629629, 0.8333333333333334, 0.8814814814814815, 0.8666666666666667, 0.9074074074074074, 0.9, 0.8962962962962963
2024-05-21 15:10:53 - WARNING  - Epoch: 472, Sum of Accs: 8.819, Sum of s_i: 12.351863927726162
2024-05-21 15:10:57 - INFO     - {6: 1.3673423207563458, 9: 1.1415189604207756, 0: 0.6055047035139738, 2: 1.7122489487892514, 4: 0.8109716503296786, 3: 1.9195634188597674, 5: 1.4981346293748494, 1: 1.3964490753699104, 8: 1.1817916133597797, 7: 0.7183555474993412}
2024-05-21 15:10:57 - INFO     - 0.9111111111111111, 0.8851851851851852, 0.8740740740740741, 0.8629629629629629, 0.8333333333333334, 0.8814814814814815, 0.8666666666666667, 0.9074074074074074, 0.9, 0.8962962962962963
2024-05-21 15:10:57 - WARNING  - Epoch: 473, Sum of Accs: 8.819, Sum of s_i: 12.351880868273673
2024-05-21 15:11:01 - INFO     - {6: 1.3676209277725087, 9: 1.1413220966722912, 0: 0.6041773778177312, 2: 1.7132579304710396, 4: 0.8100801985776679, 3: 1.921010674679073, 5: 1.4986914612050712, 1: 1.3967940514247568, 8: 1.1816832539081525, 7: 0.7172682148686437}
2024-05-21 15:11:01 - INFO     - 0.9074074074074074, 0.8851851851851852, 0.8740740740740741, 0.8629629629629629, 0.8333333333333334, 0.8814814814814815, 0.8666666666666667, 0.9074074074074074, 0.9, 0.8962962962962963
2024-05-21 15:11:01 - WARNING  - Epoch: 474, Sum of Accs: 8.815, Sum of s_i: 12.351906187396938
2024-05-21 15:11:05 - INFO     - {6: 1.367899495620917, 9: 1.1411247628345356, 0: 0.6028500129537341, 2: 1.7142645149553117, 4: 0.809186780549658, 3: 1.9224555333008624, 5: 1.4992483167277468, 1: 1.3971366302820871, 8: 1.1815724972590094, 7: 0.7161804121486749}
2024-05-21 15:11:05 - INFO     - 0.9111111111111111, 0.8851851851851852, 0.8740740740740741, 0.8629629629629629, 0.8333333333333334, 0.8814814814814815, 0.8666666666666667, 0.9074074074074074, 0.9, 0.8962962962962963
2024-05-21 15:11:05 - WARNING  - Epoch: 475, Sum of Accs: 8.819, Sum of s_i: 12.35191895663254
2024-05-21 15:11:09 - INFO     - {6: 1.3681780437158595, 9: 1.1409274092749395, 0: 0.6015221974463797, 2: 1.7152710797177433, 4: 0.8082929118782908, 3: 1.9239025574154731, 5: 1.4998073377432437, 1: 1.3974782712904124, 8: 1.181460274364453, 7: 0.7150925897068655}
2024-05-21 15:11:09 - INFO     - 0.9111111111111111, 0.8851851851851852, 0.8740740740740741, 0.8629629629629629, 0.8333333333333334, 0.8814814814814815, 0.8666666666666667, 0.9074074074074074, 0.9, 0.8962962962962963
2024-05-21 15:11:09 - WARNING  - Epoch: 476, Sum of Accs: 8.819, Sum of s_i: 12.351932672553659
2024-05-21 15:11:13 - INFO     - {6: 1.3684565705929084, 9: 1.1407304653873414, 0: 0.6001947916110232, 2: 1.7162780541521727, 4: 0.8073994528789215, 3: 1.925349557804816, 5: 1.5003645832160766, 1: 1.3978212400979002, 8: 1.1813499076654672, 7: 0.7140051769370541}
2024-05-21 15:11:13 - INFO     - 0.9111111111111111, 0.8851851851851852, 0.8740740740740741, 0.8629629629629629, 0.8333333333333334, 0.8814814814814815, 0.8666666666666667, 0.9074074074074074, 0.9, 0.8962962962962963
2024-05-21 15:11:13 - WARNING  - Epoch: 477, Sum of Accs: 8.819, Sum of s_i: 12.351949800343682
2024-05-21 15:11:18 - INFO     - {6: 1.3687350709741404, 9: 1.140533495003926, 0: 0.5988673592798497, 2: 1.7172850020907853, 4: 0.8065059673837351, 3: 1.926796531897495, 5: 1.5009235542096415, 1: 1.398164182409571, 8: 1.1812376329139462, 7: 0.7129177376714257}
2024-05-21 15:11:18 - INFO     - 0.9111111111111111, 0.8851851851851852, 0.8740740740740741, 0.8629629629629629, 0.8333333333333334, 0.8814814814814815, 0.8666666666666667, 0.9074074074074074, 0.9, 0.8962962962962963
2024-05-21 15:11:18 - WARNING  - Epoch: 478, Sum of Accs: 8.819, Sum of s_i: 12.351966533834517
2024-05-21 15:11:21 - INFO     - {6: 1.3690135454696013, 9: 1.1403364987347397, 0: 0.5975399010629051, 2: 1.7182938518349475, 4: 0.8056124560027778, 3: 1.9282417280878534, 5: 1.5014826749922072, 1: 1.3985070988354706, 8: 1.1811291415246932, 7: 0.7118302725200262}
2024-05-21 15:11:21 - INFO     - 0.9111111111111111, 0.8851851851851852, 0.8740740740740741, 0.8629629629629629, 0.8333333333333334, 0.8814814814814815, 0.8666666666666667, 0.9074074074074074, 0.9, 0.8962962962962963
2024-05-21 15:11:21 - WARNING  - Epoch: 479, Sum of Accs: 8.819, Sum of s_i: 12.351987169065222
2024-05-21 15:11:26 - INFO     - {6: 1.3692919880436343, 9: 1.14013903982317, 0: 0.5962124109245327, 2: 1.7193003112454055, 4: 0.8047189127003925, 3: 1.9296886461407183, 5: 1.5020394054410686, 1: 1.3988495526189868, 8: 1.1810168150663012, 7: 0.7107427754471988}
2024-05-21 15:11:26 - INFO     - 0.9111111111111111, 0.8851851851851852, 0.8740740740740741, 0.8629629629629629, 0.8333333333333334, 0.8814814814814815, 0.8666666666666667, 0.9074074074074074, 0.9, 0.8962962962962963
2024-05-21 15:11:26 - WARNING  - Epoch: 480, Sum of Accs: 8.819, Sum of s_i: 12.351999857451409
2024-05-21 15:11:30 - INFO     - {6: 1.3695704109895808, 9: 1.1399415613149375, 0: 0.5948849011580738, 2: 1.7203091103332686, 4: 0.8038253497699208, 3: 1.9311355410624873, 5: 1.502596546982799, 1: 1.3991943460799081, 8: 1.180906344436213, 7: 0.7096552587462849}
2024-05-21 15:11:30 - INFO     - 0.9111111111111111, 0.8851851851851852, 0.8740740740740741, 0.8629629629629629, 0.8333333333333334, 0.8814814814814815, 0.8666666666666667, 0.9074074074074074, 0.9, 0.8962962962962963
2024-05-21 15:11:30 - WARNING  - Epoch: 481, Sum of Accs: 8.819, Sum of s_i: 12.352019370873473
2024-05-21 15:11:34 - INFO     - {6: 1.3698488037496603, 9: 1.1397440526691636, 0: 0.593557236085034, 2: 1.7213178795615967, 4: 0.8029316315328681, 3: 1.9325825844283324, 5: 1.5031555872495304, 1: 1.3995391096812944, 8: 1.1807954129790514, 7: 0.7085675867387901}
2024-05-21 15:11:34 - INFO     - 0.9111111111111111, 0.8851851851851852, 0.8740740740740741, 0.8629629629629629, 0.8333333333333334, 0.8814814814814815, 0.8666666666666667, 0.9074074074074074, 0.9, 0.8962962962962963
2024-05-21 15:11:34 - WARNING  - Epoch: 482, Sum of Accs: 8.819, Sum of s_i: 12.352039884675321
2024-05-21 15:11:38 - INFO     - {6: 1.3701271647764803, 9: 1.1395465123409327, 0: 0.5922295393773308, 2: 1.7223266171960474, 4: 0.8020380066832699, 3: 1.9340294180889543, 5: 1.5037121794985098, 1: 1.3998814252649285, 8: 1.1806830027248623, 7: 0.7074800081187498}
2024-05-21 15:11:38 - INFO     - 0.9111111111111111, 0.8851851851851852, 0.8740740740740741, 0.8629629629629629, 0.8333333333333334, 0.8814814814814815, 0.8666666666666667, 0.9074074074074074, 0.9, 0.8962962962962963
2024-05-21 15:11:38 - WARNING  - Epoch: 483, Sum of Accs: 8.819, Sum of s_i: 12.352053874070066
2024-05-21 15:11:42 - INFO     - {6: 1.3704055041628649, 9: 1.139348950406911, 0: 0.59090194605131, 2: 1.7233334041398125, 4: 0.8011443601932362, 3: 1.9354744791702367, 5: 1.5042687558080656, 1: 1.4002242065817518, 8: 1.180572448535212, 7: 0.706392407858274}
2024-05-21 15:11:42 - INFO     - 0.9111111111111111, 0.8851851851851852, 0.8740740740740741, 0.8629629629629629, 0.8333333333333334, 0.8814814814814815, 0.8666666666666667, 0.9074074074074074, 0.9, 0.8962962962962963
2024-05-21 15:11:42 - WARNING  - Epoch: 484, Sum of Accs: 8.819, Sum of s_i: 12.352066462907676
2024-05-21 15:11:46 - INFO     - {6: 1.3706838240754102, 9: 1.1391513690302257, 0: 0.5895743332514498, 2: 1.7243397410851549, 4: 0.8002506942293632, 3: 1.9369214498152674, 5: 1.5048253637918114, 1: 1.4005688974623234, 8: 1.180461444347139, 7: 0.7053047881239589}
2024-05-21 15:11:46 - INFO     - 0.9111111111111111, 0.8851851851851852, 0.8740740740740741, 0.8629629629629629, 0.8333333333333334, 0.8814814814814815, 0.8666666666666667, 0.9074074074074074, 0.9, 0.8962962962962963
2024-05-21 15:11:46 - WARNING  - Epoch: 485, Sum of Accs: 8.819, Sum of s_i: 12.352081905212104
2024-05-21 15:11:50 - INFO     - {6: 1.3709621201001159, 9: 1.138954194290284, 0: 0.58824669656375, 2: 1.7253484131437813, 4: 0.7993570043776506, 3: 1.9383682181035682, 5: 1.5053841289809984, 1: 1.400913385986165, 8: 1.1803525973645073, 7: 0.7042171445018041}
2024-05-21 15:11:50 - INFO     - 0.9111111111111111, 0.8851851851851852, 0.8740740740740741, 0.8629629629629629, 0.8333333333333334, 0.8814814814814815, 0.8666666666666667, 0.9074074074074074, 0.9, 0.8962962962962963
2024-05-21 15:11:50 - WARNING  - Epoch: 486, Sum of Accs: 8.819, Sum of s_i: 12.352103903412624
2024-05-21 15:11:54 - INFO     - {6: 1.3712403820957308, 9: 1.1387569855212518, 0: 0.5869190258469594, 2: 1.7263570513230309, 4: 0.7984652091231014, 3: 1.9398149496342723, 5: 1.5059428574125886, 1: 1.40125783775241, 8: 1.1802437136242787, 7: 0.7031294668505585}
2024-05-21 15:11:54 - INFO     - 0.9111111111111111, 0.8851851851851852, 0.8740740740740741, 0.8629629629629629, 0.8333333333333334, 0.8814814814814815, 0.8666666666666667, 0.9074074074074074, 0.9, 0.8962962962962963
2024-05-21 15:11:54 - WARNING  - Epoch: 487, Sum of Accs: 8.819, Sum of s_i: 12.352127479184182
2024-05-21 15:11:58 - INFO     - {6: 1.3715186076220667, 9: 1.1385593099094584, 0: 0.5855913186608898, 2: 1.727363294033265, 4: 0.7975714487730189, 3: 1.9412616522696688, 5: 1.5064993711612262, 1: 1.4016000748357027, 8: 1.1801326152010978, 7: 0.7020417527300339}
2024-05-21 15:11:58 - INFO     - 0.9111111111111111, 0.8851851851851852, 0.8740740740740741, 0.8629629629629629, 0.8333333333333334, 0.8814814814814815, 0.8666666666666667, 0.9074074074074074, 0.9, 0.8962962962962963
2024-05-21 15:11:58 - WARNING  - Epoch: 488, Sum of Accs: 8.819, Sum of s_i: 12.352139445196428
2024-05-21 15:12:02 - INFO     - {6: 1.3717968146382835, 9: 1.1383620461610282, 0: 0.5842635929647012, 2: 1.7283718774750003, 4: 0.7966776699128175, 3: 1.9427083322178857, 5: 1.5070580480103293, 1: 1.4019446526504964, 8: 1.1800200448197866, 7: 0.7009540200993903}
2024-05-21 15:12:02 - INFO     - 0.9111111111111111, 0.8851851851851852, 0.8740740740740741, 0.8629629629629629, 0.8333333333333334, 0.8814814814814815, 0.8666666666666667, 0.9074074074074074, 0.9, 0.8962962962962963
2024-05-21 15:12:02 - WARNING  - Epoch: 489, Sum of Accs: 8.819, Sum of s_i: 12.352157098949718
2024-05-21 15:12:06 - INFO     - {6: 1.3720749943461437, 9: 1.138164755104241, 0: 0.5829358399601559, 2: 1.729378504740241, 4: 0.7957838637442594, 3: 1.9441532336206437, 5: 1.5076149463139734, 1: 1.4022872742887953, 8: 1.179909330951612, 7: 0.6998662601603901}
2024-05-21 15:12:06 - INFO     - 0.9111111111111111, 0.8851851851851852, 0.8740740740740741, 0.8629629629629629, 0.8333333333333334, 0.8814814814814815, 0.8666666666666667, 0.9074074074074074, 0.9, 0.8962962962962963
2024-05-21 15:12:06 - WARNING  - Epoch: 490, Sum of Accs: 8.819, Sum of s_i: 12.352169003230454
2024-05-21 15:12:10 - INFO     - {6: 1.3723531556394826, 9: 1.137967445632933, 0: 0.5816080685410895, 2: 1.7303870426602552, 4: 0.7948900391611801, 3: 1.9455998681893305, 5: 1.508173755272391, 1: 1.4026318065818677, 8: 1.1798005277382109, 7: 0.6987784818068687}
2024-05-21 15:12:10 - INFO     - 0.9111111111111111, 0.8851851851851852, 0.8740740740740741, 0.8629629629629629, 0.8333333333333334, 0.8814814814814815, 0.8666666666666667, 0.9074074074074074, 0.9, 0.8962962962962963
2024-05-21 15:12:10 - WARNING  - Epoch: 491, Sum of Accs: 8.819, Sum of s_i: 12.352190191223608
2024-05-21 15:12:14 - INFO     - {6: 1.3726312841575956, 9: 1.137769673168212, 0: 0.5802801400470667, 2: 1.731395548807213, 4: 0.7939960575031444, 3: 1.9470466484738056, 5: 1.5087325324577523, 1: 1.4029763071018837, 8: 1.1796916927517533, 7: 0.697690546378391}
2024-05-21 15:12:14 - INFO     - 0.9111111111111111, 0.8851851851851852, 0.8740740740740741, 0.8629629629629629, 0.8333333333333334, 0.8814814814814815, 0.8666666666666667, 0.9074074074074074, 0.9, 0.8962962962962963
2024-05-21 15:12:14 - WARNING  - Epoch: 492, Sum of Accs: 8.819, Sum of s_i: 12.352210430846817
2024-05-21 15:12:18 - INFO     - {6: 1.3729093813676205, 9: 1.1375722996135897, 0: 0.5789523045446862, 2: 1.7324020935746185, 4: 0.793102168836751, 3: 1.948493222425503, 5: 1.509289348263561, 1: 1.4033188462423474, 8: 1.1795808963857435, 7: 0.6966027039415554}
2024-05-21 15:12:18 - INFO     - 0.9111111111111111, 0.8851851851851852, 0.8740740740740741, 0.8629629629629629, 0.8333333333333334, 0.8814814814814815, 0.8666666666666667, 0.9074074074074074, 0.9, 0.8962962962962963
2024-05-21 15:12:18 - WARNING  - Epoch: 493, Sum of Accs: 8.819, Sum of s_i: 12.352223265195978
2024-05-21 15:12:22 - INFO     - {6: 1.3731874587246253, 9: 1.1373749062059475, 0: 0.5776243243831515, 2: 1.7334105481206732, 4: 0.7922082603173376, 3: 1.949939773880952, 5: 1.5098480738480191, 1: 1.4036600159636365, 8: 1.17947183257026, 7: 0.6955147168455658}
2024-05-21 15:12:22 - INFO     - 0.9111111111111111, 0.8851851851851852, 0.8740740740740741, 0.8629629629629629, 0.8333333333333334, 0.8814814814814815, 0.8666666666666667, 0.9074074074074074, 0.9, 0.8962962962962963
2024-05-21 15:12:22 - WARNING  - Epoch: 494, Sum of Accs: 8.819, Sum of s_i: 12.352239910860167
2024-05-21 15:12:26 - INFO     - {6: 1.37346551033309, 9: 1.137177487049765, 0: 0.5762964432792106, 2: 1.7344170472865184, 4: 0.7913143260493839, 3: 1.9513863025738096, 5: 1.5104065994417628, 1: 1.4040042648920352, 8: 1.1793591119790867, 7: 0.6944285841966652}
2024-05-21 15:12:26 - INFO     - 0.9111111111111111, 0.8851851851851852, 0.8740740740740741, 0.8629629629629629, 0.8333333333333334, 0.8814814814814815, 0.8666666666666667, 0.9074074074074074, 0.9, 0.8962962962962963
2024-05-21 15:12:26 - WARNING  - Epoch: 495, Sum of Accs: 8.819, Sum of s_i: 12.35225567708133
2024-05-21 15:12:30 - INFO     - {6: 1.3737435375534677, 9: 1.1369800435054958, 0: 0.5749685377871829, 2: 1.7354254517234085, 4: 0.7904203673933434, 3: 1.9528310514890852, 5: 1.5109628628505867, 1: 1.4043462516355139, 8: 1.1792463739592638, 7: 0.6933406717701827}
2024-05-21 15:12:30 - INFO     - 0.9111111111111111, 0.8851851851851852, 0.8740740740740741, 0.8629629629629629, 0.8333333333333334, 0.8814814814814815, 0.8666666666666667, 0.9074074074074074, 0.9, 0.8962962962962963
2024-05-21 15:12:30 - WARNING  - Epoch: 496, Sum of Accs: 8.819, Sum of s_i: 12.35226514966753
2024-05-21 15:12:34 - INFO     - {6: 1.3740215501211468, 9: 1.1367821552759552, 0: 0.573640187609884, 2: 1.736433842902777, 4: 0.7895259640520317, 3: 1.954277716805971, 5: 1.5115215250683587, 1: 1.404687358801405, 8: 1.1791336180832865, 7: 0.6922523146584288}
2024-05-21 15:12:34 - INFO     - 0.9111111111111111, 0.8851851851851852, 0.8740740740740741, 0.8629629629629629, 0.8333333333333334, 0.8814814814814815, 0.8666666666666667, 0.9074074074074074, 0.9, 0.8962962962962963
2024-05-21 15:12:34 - WARNING  - Epoch: 497, Sum of Accs: 8.819, Sum of s_i: 12.352276233379245
2024-05-21 15:12:38 - INFO     - {6: 1.374299545543987, 9: 1.1365846799341484, 0: 0.5723122503203188, 2: 1.7374422156820157, 4: 0.7886319735984537, 3: 1.9557241867497004, 5: 1.5120777542652621, 1: 1.4050293113329633, 8: 1.17902464972911, 7: 0.6911643704344088}
2024-05-21 15:12:38 - INFO     - 0.9111111111111111, 0.8888888888888888, 0.8740740740740741, 0.8629629629629629, 0.8333333333333334, 0.8814814814814815, 0.8666666666666667, 0.9074074074074074, 0.9, 0.8962962962962963
2024-05-21 15:12:38 - WARNING  - Epoch: 498, Sum of Accs: 8.822, Sum of s_i: 12.352290937590368
2024-05-21 15:12:42 - INFO     - {6: 1.3745775182216762, 9: 1.1363867518784727, 0: 0.5709842902856026, 2: 1.7384482059483677, 4: 0.7877379603997247, 3: 1.9571684511535696, 5: 1.5126340155700175, 1: 1.4053712959723736, 8: 1.1789118626710193, 7: 0.69007597349652}
2024-05-21 15:12:42 - INFO     - 0.9111111111111111, 0.8888888888888888, 0.8740740740740741, 0.8629629629629629, 0.8333333333333334, 0.8814814814814815, 0.8666666666666667, 0.9074074074074074, 0.9, 0.8962962962962963
2024-05-21 15:12:42 - WARNING  - Epoch: 499, Sum of Accs: 8.822, Sum of s_i: 12.352296325597344
2024-05-21 15:12:46 - INFO     - {6: 1.3748554825649641, 9: 1.1361888155017374, 0: 0.569655891961109, 2: 1.73945418789366, 4: 0.7868435089112182, 3: 1.9586148958979648, 5: 1.5131902685537133, 1: 1.4057132722907242, 8: 1.1788005034828963, 7: 0.6889875682375713}
2024-05-21 15:12:46 - INFO     - 0.9111111111111111, 0.8888888888888888, 0.8740740740740741, 0.8629629629629629, 0.8333333333333334, 0.8814814814814815, 0.8666666666666667, 0.9074074074074074, 0.9, 0.8962962962962963
2024-05-21 15:12:46 - WARNING  - Epoch: 500, Sum of Accs: 8.822, Sum of s_i: 12.35230439529556
2024-05-21 15:12:50 - INFO     - {6: 1.375133434425712, 9: 1.1359908666624434, 0: 0.5683279111094514, 2: 1.7404601573763936, 4: 0.7859494748955478, 3: 1.9600613269231262, 5: 1.5137465090748503, 1: 1.4060552361465162, 8: 1.1786891318322148, 7: 0.6878995804514588}
2024-05-21 15:12:50 - INFO     - 0.9111111111111111, 0.8888888888888888, 0.8740740740740741, 0.8629629629629629, 0.8333333333333334, 0.8814814814814815, 0.8666666666666667, 0.9074074074074074, 0.9, 0.8962962962962963
2024-05-21 15:12:50 - WARNING  - Epoch: 501, Sum of Accs: 8.822, Sum of s_i: 12.352313628897715
2024-05-21 15:12:54 - INFO     - {6: 1.3754113720035692, 9: 1.1357933334756536, 0: 0.5669999159749031, 2: 1.7414665425116314, 4: 0.7850554265969867, 3: 1.961507742442361, 5: 1.5143049214949713, 1: 1.4063993719012922, 8: 1.1785799320805173, 7: 0.6868115783824557}
2024-05-21 15:12:54 - INFO     - 0.9111111111111111, 0.8851851851851852, 0.8740740740740741, 0.8629629629629629, 0.8333333333333334, 0.8814814814814815, 0.8666666666666667, 0.9074074074074074, 0.9, 0.8962962962962963
2024-05-21 15:12:54 - WARNING  - Epoch: 502, Sum of Accs: 8.819, Sum of s_i: 12.35233013686434
2024-05-21 15:12:58 - INFO     - {6: 1.3756892840463333, 9: 1.1355957747537704, 0: 0.5656718953052616, 2: 1.742472902111776, 4: 0.7841613527633324, 3: 1.9629523761800227, 5: 1.5148615521335191, 1: 1.406741725874495, 8: 1.1784689505472465, 7: 0.6857235507783592}
2024-05-21 15:12:58 - INFO     - 0.9111111111111111, 0.8888888888888888, 0.8740740740740741, 0.8629629629629629, 0.8333333333333334, 0.8814814814814815, 0.8666666666666667, 0.9074074074074074, 0.9, 0.8962962962962963
2024-05-21 15:12:58 - WARNING  - Epoch: 503, Sum of Accs: 8.822, Sum of s_i: 12.352339364494117
2024-05-21 15:13:02 - INFO     - {6: 1.3759671818155164, 9: 1.1353982017583062, 0: 0.5643438603620392, 2: 1.7434811776669559, 4: 0.7832672646560972, 3: 1.9643969956441036, 5: 1.5154181684984862, 1: 1.4070840655741168, 8: 1.1783579547403948, 7: 0.6846355089006819}
2024-05-21 15:13:02 - INFO     - 0.9111111111111111, 0.8888888888888888, 0.8740740740740741, 0.8629629629629629, 0.8333333333333334, 0.8814814814814815, 0.8666666666666667, 0.9074074074074074, 0.9, 0.8962962962962963
2024-05-21 15:13:02 - WARNING  - Epoch: 504, Sum of Accs: 8.822, Sum of s_i: 12.352350379616698
2024-05-21 15:13:06 - INFO     - {6: 1.3762450625462033, 9: 1.1352001819028124, 0: 0.563015378558787, 2: 1.7444870761334896, 4: 0.7823727296888322, 3: 1.9658433574034115, 5: 1.5159742897087016, 1: 1.4074281475689656, 8: 1.1782487012287701, 7: 0.6835470201629749}
2024-05-21 15:13:06 - INFO     - 0.9111111111111111, 0.8888888888888888, 0.8740740740740741, 0.8629629629629629, 0.8333333333333334, 0.8814814814814815, 0.8666666666666667, 0.9074074074074074, 0.9, 0.8962962962962963
2024-05-21 15:13:06 - WARNING  - Epoch: 505, Sum of Accs: 8.822, Sum of s_i: 12.352361944902947
2024-05-21 15:13:10 - INFO     - {6: 1.376522925387425, 9: 1.1350021441864895, 0: 0.5616873086876032, 2: 1.745495317579335, 4: 0.7814786066536356, 3: 1.9672896964249864, 5: 1.5165303882227423, 1: 1.407769969417661, 8: 1.1781396015412002, 7: 0.6824589433573361}
2024-05-21 15:13:10 - INFO     - 0.9111111111111111, 0.8888888888888888, 0.8740740740740741, 0.8629629629629629, 0.8333333333333334, 0.8814814814814815, 0.8666666666666667, 0.9074074074074074, 0.9, 0.8962962962962963
2024-05-21 15:13:10 - WARNING  - Epoch: 506, Sum of Accs: 8.822, Sum of s_i: 12.352374901458415
2024-05-21 15:13:14 - INFO     - {6: 1.3768007681871801, 9: 1.1348045162215974, 0: 0.5603592187749529, 2: 1.7465016079364708, 4: 0.7805844635769724, 3: 1.9687360178783948, 5: 1.5170887065770369, 1: 1.408110910212022, 8: 1.1780285507649206, 7: 0.6813708465102309}
2024-05-21 15:13:14 - INFO     - 0.9111111111111111, 0.8888888888888888, 0.8740740740740741, 0.8629629629629629, 0.8333333333333334, 0.8814814814814815, 0.8666666666666667, 0.9074074074074074, 0.9, 0.8962962962962963
2024-05-21 15:13:14 - WARNING  - Epoch: 507, Sum of Accs: 8.822, Sum of s_i: 12.352385606639778
2024-05-21 15:13:18 - INFO     - {6: 1.3770785944279786, 9: 1.1346064419634383, 0: 0.5590311123033459, 2: 1.747509812942808, 4: 0.7796922351495107, 3: 1.9701824970222492, 5: 1.5176471826217774, 1: 1.4084551095914173, 8: 1.1779194146378424, 7: 0.6802846643123271}
2024-05-21 15:13:18 - INFO     - 0.9111111111111111, 0.8888888888888888, 0.8740740740740741, 0.8629629629629629, 0.8333333333333334, 0.8814814814814815, 0.8666666666666667, 0.9074074074074074, 0.9, 0.8962962962962963
2024-05-21 15:13:18 - WARNING  - Epoch: 508, Sum of Accs: 8.822, Sum of s_i: 12.352407064972693
2024-05-21 15:13:22 - INFO     - {6: 1.3773563874767665, 9: 1.1344087642475789, 0: 0.5577029726397282, 2: 1.7485179842382665, 4: 0.7787980423218802, 3: 1.9716289424552251, 5: 1.5182056249556395, 1: 1.408799275259934, 8: 1.1778102447998857, 7: 0.6791965177142545}
2024-05-21 15:13:22 - INFO     - 0.9111111111111111, 0.8888888888888888, 0.8740740740740741, 0.8629629629629629, 0.8333333333333334, 0.8814814814814815, 0.8666666666666667, 0.9074074074074074, 0.9, 0.8962962962962963
2024-05-21 15:13:22 - WARNING  - Epoch: 509, Sum of Accs: 8.822, Sum of s_i: 12.35242475610916
2024-05-21 15:13:27 - INFO     - {6: 1.377634153160793, 9: 1.1342106295295808, 0: 0.5563748056113492, 2: 1.7495241974796736, 4: 0.7779038221294884, 3: 1.9730751880371429, 5: 1.5187638674384434, 1: 1.4091401404470272, 8: 1.1776991169078774, 7: 0.6781083437514206}
2024-05-21 15:13:27 - INFO     - 0.9111111111111111, 0.8888888888888888, 0.8740740740740741, 0.8629629629629629, 0.8333333333333334, 0.8814814814814815, 0.8666666666666667, 0.9074074074074074, 0.9, 0.8962962962962963
2024-05-21 15:13:27 - WARNING  - Epoch: 510, Sum of Accs: 8.822, Sum of s_i: 12.352434264492796
2024-05-21 15:13:30 - INFO     - {6: 1.3779119041372305, 9: 1.1340124801275362, 0: 0.5550461942615462, 2: 1.750532328217235, 4: 0.7770091576156726, 3: 1.974521417361914, 5: 1.5193198564561725, 1: 1.4094819037400683, 8: 1.177587544694445, 7: 0.6770197254671626}
2024-05-21 15:13:30 - INFO     - 0.9111111111111111, 0.8888888888888888, 0.8740740740740741, 0.8629629629629629, 0.8333333333333334, 0.8814814814814815, 0.8666666666666667, 0.9074074074074074, 0.9, 0.8962962962962963
2024-05-21 15:13:30 - WARNING  - Epoch: 511, Sum of Accs: 8.822, Sum of s_i: 12.352442512078984
2024-05-21 15:13:34 - INFO     - {6: 1.3781896423563056, 9: 1.1338143179885494, 0: 0.5537179997682159, 2: 1.7515404455888322, 4: 0.7761149099583294, 3: 1.975965877275887, 5: 1.5198758342246632, 1: 1.4098236542961675, 8: 1.1774759597440707, 7: 0.6759315240393773}
2024-05-21 15:13:34 - INFO     - 0.9111111111111111, 0.8888888888888888, 0.8740740740740741, 0.8629629629629629, 0.8333333333333334, 0.8814814814814815, 0.8666666666666667, 0.9074074074074074, 0.9, 0.8962962962962963
2024-05-21 15:13:34 - WARNING  - Epoch: 512, Sum of Accs: 8.822, Sum of s_i: 12.352450165240398
2024-05-21 15:13:38 - INFO     - {6: 1.3784673687374924, 9: 1.1336165736050892, 0: 0.5523897934369972, 2: 1.7525466195273995, 4: 0.775220650463098, 3: 1.9774103253519717, 5: 1.520432279201634, 1: 1.410165822607793, 8: 1.1773629261696668, 7: 0.6748433107737037}
2024-05-21 15:13:38 - INFO     - 0.9111111111111111, 0.8888888888888888, 0.8740740740740741, 0.8629629629629629, 0.8333333333333334, 0.8814814814814815, 0.8666666666666667, 0.9074074074074074, 0.9, 0.8962962962962963
2024-05-21 15:13:38 - WARNING  - Epoch: 513, Sum of Accs: 8.822, Sum of s_i: 12.352455669874843
2024-05-21 15:13:42 - INFO     - {6: 1.3787450866041373, 9: 1.1334183911462496, 0: 0.5510615785912366, 2: 1.7535523553905876, 4: 0.7743263824533245, 3: 1.978854335352677, 5: 1.52098824112415, 1: 1.410507507864964, 8: 1.1772512759203642, 7: 0.673754659432651}
2024-05-21 15:13:42 - INFO     - 0.9111111111111111, 0.8888888888888888, 0.8740740740740741, 0.8629629629629629, 0.8333333333333334, 0.8814814814814815, 0.8666666666666667, 0.9074074074074074, 0.9, 0.8962962962962963
2024-05-21 15:13:42 - WARNING  - Epoch: 514, Sum of Accs: 8.822, Sum of s_i: 12.35245981388034
2024-05-21 15:13:46 - INFO     - {6: 1.3790227980608605, 9: 1.1332206318383256, 0: 0.5497333573355543, 2: 1.7545604454529036, 4: 0.7734321080336294, 3: 1.980298768504298, 5: 1.5215466022248691, 1: 1.4108483182218778, 8: 1.1771400938010526, 7: 0.6726664312425138}
2024-05-21 15:13:46 - INFO     - 0.9111111111111111, 0.8888888888888888, 0.8740740740740741, 0.8629629629629629, 0.8333333333333334, 0.8814814814814815, 0.8666666666666667, 0.9074074074074074, 0.9, 0.8962962962962963
2024-05-21 15:13:46 - WARNING  - Epoch: 515, Sum of Accs: 8.822, Sum of s_i: 12.352469554715885
2024-05-21 15:13:51 - INFO     - {6: 1.3793004944505407, 9: 1.1330224279368988, 0: 0.548405121012829, 2: 1.7555661598735044, 4: 0.7725373890204315, 3: 1.9817427570624162, 5: 1.5221025876838734, 1: 1.4111900270155369, 8: 1.177028467088238, 7: 0.6715777584588737}
2024-05-21 15:13:51 - INFO     - 0.9111111111111111, 0.8888888888888888, 0.8740740740740741, 0.8629629629629629, 0.8333333333333334, 0.8814814814814815, 0.8666666666666667, 0.9074074074074074, 0.9, 0.8962962962962963
2024-05-21 15:13:51 - WARNING  - Epoch: 516, Sum of Accs: 8.822, Sum of s_i: 12.352473189603142
2024-05-21 15:13:55 - INFO     - {6: 1.3795781852178148, 9: 1.1328242184220656, 0: 0.5470768790676978, 2: 1.7565742300019167, 4: 0.771645025715045, 3: 1.9831891013283458, 5: 1.5226585124675152, 1: 1.4115340915170074, 8: 1.176919196083235, 7: 0.6704914413830451}
2024-05-21 15:13:55 - INFO     - 0.9111111111111111, 0.8888888888888888, 0.8740740740740741, 0.8629629629629629, 0.8333333333333334, 0.8814814814814815, 0.8666666666666667, 0.9074074074074074, 0.9, 0.8962962962962963
2024-05-21 15:13:55 - WARNING  - Epoch: 517, Sum of Accs: 8.822, Sum of s_i: 12.352490881203687
2024-05-21 15:13:59 - INFO     - {6: 1.3798558486199615, 9: 1.132625981585907, 0: 0.5457484869026641, 2: 1.7575822730755837, 4: 0.7707502737671151, 3: 1.984633056951732, 5: 1.5232168265795856, 1: 1.411876073994818, 8: 1.1768098980234867, 7: 0.6694030422835564}
2024-05-21 15:13:59 - INFO     - 0.9111111111111111, 0.8888888888888888, 0.8740740740740741, 0.8629629629629629, 0.8333333333333334, 0.8814814814814815, 0.8666666666666667, 0.9074074074074074, 0.9, 0.8962962962962963
2024-05-21 15:13:59 - WARNING  - Epoch: 518, Sum of Accs: 8.822, Sum of s_i: 12.352501761784412
2024-05-21 15:14:03 - INFO     - {6: 1.3801334951922204, 9: 1.1324277279467991, 0: 0.5444202007625175, 2: 1.7585902992032763, 4: 0.7698559344629557, 3: 1.986079357216942, 5: 1.5237727105682217, 1: 1.412216821585992, 8: 1.176698169840304, 7: 0.6683147492089548}
2024-05-21 15:14:03 - INFO     - 0.9111111111111111, 0.8888888888888888, 0.8740740740740741, 0.8629629629629629, 0.8333333333333334, 0.8814814814814815, 0.8666666666666667, 0.9074074074074074, 0.9, 0.8962962962962963
2024-05-21 15:14:03 - WARNING  - Epoch: 519, Sum of Accs: 8.822, Sum of s_i: 12.352509465988183
2024-05-21 15:14:07 - INFO     - {6: 1.380411129847776, 9: 1.1322294624100624, 0: 0.5430919027056677, 2: 1.7595963814162123, 4: 0.7689611538144479, 3: 1.9875254734190857, 5: 1.5243285866700718, 1: 1.412558468744341, 8: 1.1765886707715154, 7: 0.6672264442176501}
2024-05-21 15:14:07 - INFO     - 0.9111111111111111, 0.8888888888888888, 0.8740740740740741, 0.8629629629629629, 0.8333333333333334, 0.8814814814814815, 0.8666666666666667, 0.9074074074074074, 0.9, 0.8962962962962963
2024-05-21 15:14:07 - WARNING  - Epoch: 520, Sum of Accs: 8.822, Sum of s_i: 12.352517674016832
2024-05-21 15:14:10 - INFO     - {6: 1.380688751807342, 9: 1.1320311841976578, 0: 0.5417635919528283, 2: 1.7606043830394167, 4: 0.7680687220038533, 3: 1.9889717491798071, 5: 1.5248868593316793, 1: 1.4129024647406037, 8: 1.1764793312613044, 7: 0.6661381265303559}
2024-05-21 15:14:10 - INFO     - 0.9111111111111111, 0.8888888888888888, 0.8740740740740741, 0.8629629629629629, 0.8333333333333334, 0.8814814814814815, 0.8666666666666667, 0.9074074074074074, 0.9, 0.8962962962962963
2024-05-21 15:14:10 - WARNING  - Epoch: 521, Sum of Accs: 8.822, Sum of s_i: 12.35253516404485
2024-05-21 15:14:15 - INFO     - {6: 1.3809663467138036, 9: 1.1318333083394723, 0: 0.5404352541468844, 2: 1.7616104255032587, 4: 0.7671743310338967, 3: 1.9904160657811665, 5: 1.525442743469903, 1: 1.413244501577504, 8: 1.1763680325917312, 7: 0.665049781789957}
2024-05-21 15:14:15 - INFO     - 0.9111111111111111, 0.8888888888888888, 0.8740740740740741, 0.8629629629629629, 0.8333333333333334, 0.8814814814814815, 0.8666666666666667, 0.9074074074074074, 0.9, 0.8962962962962963
2024-05-21 15:14:15 - WARNING  - Epoch: 522, Sum of Accs: 8.822, Sum of s_i: 12.352540790947575
2024-05-21 15:14:18 - INFO     - {6: 1.381243932916743, 9: 1.1316349944276738, 0: 0.5391069076374183, 2: 1.7626183915270313, 4: 0.7662818636238704, 3: 1.9918623059424563, 5: 1.5260009805320789, 1: 1.4135884619743346, 8: 1.1762586574820884, 7: 0.6639633606094887}
2024-05-21 15:14:18 - INFO     - 0.9111111111111111, 0.8888888888888888, 0.8740740740740741, 0.8629629629629629, 0.8333333333333334, 0.8814814814814815, 0.8666666666666667, 0.9074074074074074, 0.9, 0.8962962962962963
2024-05-21 15:14:19 - WARNING  - Epoch: 523, Sum of Accs: 8.822, Sum of s_i: 12.352559856673185
2024-05-21 15:14:22 - INFO     - {6: 1.381521489629468, 9: 1.1314366510728633, 0: 0.5377781023348496, 2: 1.7636263288544258, 4: 0.7653870051572887, 3: 1.9933061550471907, 5: 1.5265567804787834, 1: 1.4139300313146101, 8: 1.1761492536760676, 7: 0.662874548372465}
2024-05-21 15:14:22 - INFO     - 0.9111111111111111, 0.8888888888888888, 0.8740740740740741, 0.8629629629629629, 0.8333333333333334, 0.8814814814814815, 0.8666666666666667, 0.9074074074074074, 0.9, 0.8962962962962963
2024-05-21 15:14:22 - WARNING  - Epoch: 524, Sum of Accs: 8.822, Sum of s_i: 12.352566345938012
2024-05-21 15:14:26 - INFO     - {6: 1.3817990363048445, 9: 1.1312382976967699, 0: 0.5364492870109979, 2: 1.7646342561885722, 4: 0.7644925659562469, 3: 1.9947521809391355, 5: 1.5271125664354859, 1: 1.4142715906336027, 8: 1.1760374774885867, 7: 0.6617857261141584}
2024-05-21 15:14:26 - INFO     - 0.9111111111111111, 0.8888888888888888, 0.8740740740740741, 0.8629629629629629, 0.8333333333333334, 0.8814814814814815, 0.8666666666666667, 0.9074074074074074, 0.9, 0.8962962962962963
2024-05-21 15:14:26 - WARNING  - Epoch: 525, Sum of Accs: 8.822, Sum of s_i: 12.3525729847684
2024-05-21 15:14:31 - INFO     - {6: 1.382076572711543, 9: 1.1310403633388213, 0: 0.535120890705291, 2: 1.7656421719708792, 4: 0.7636000483047551, 3: 1.9961981923245382, 5: 1.5276683379121583, 1: 1.41461308544493, 8: 1.1759256367934403, 7: 0.6606973228739966}
2024-05-21 15:14:31 - INFO     - 0.9111111111111111, 0.8888888888888888, 0.8740740740740741, 0.8629629629629629, 0.8333333333333334, 0.8814814814814815, 0.8666666666666667, 0.9074074074074074, 0.9, 0.8962962962962963
2024-05-21 15:14:31 - WARNING  - Epoch: 526, Sum of Accs: 8.822, Sum of s_i: 12.352582622380353
2024-05-21 15:14:34 - INFO     - {6: 1.3823540942111916, 9: 1.1308419848272964, 0: 0.5337924794925342, 2: 1.766647711781382, 4: 0.7627055839279855, 3: 1.9976420062725582, 5: 1.5282241487610644, 1: 1.4149546196284908, 8: 1.1758124042390696, 7: 0.6596089047267849}
2024-05-21 15:14:34 - INFO     - 0.9111111111111111, 0.8888888888888888, 0.8740740740740741, 0.8629629629629629, 0.8333333333333334, 0.8814814814814815, 0.8666666666666667, 0.9074074074074074, 0.9, 0.8962962962962963
2024-05-21 15:14:34 - WARNING  - Epoch: 527, Sum of Accs: 8.822, Sum of s_i: 12.352583937868356
2024-05-21 15:14:38 - INFO     - {6: 1.3826316136761012, 9: 1.130644033527559, 0: 0.5324640662450384, 2: 1.7676556106964223, 4: 0.7618111175164769, 3: 1.999088003832088, 5: 1.5287821432214803, 1: 1.4152985129165894, 8: 1.1757027865276668, 7: 0.6585224164375842}
2024-05-21 15:14:38 - INFO     - 0.9111111111111111, 0.8888888888888888, 0.8740740740740741, 0.8629629629629629, 0.8333333333333334, 0.8814814814814815, 0.8666666666666667, 0.9074074074074074, 0.9, 0.8962962962962963
2024-05-21 15:14:38 - WARNING  - Epoch: 528, Sum of Accs: 8.822, Sum of s_i: 12.352600304597008
2024-05-21 15:14:42 - INFO     - {6: 1.3829091078257187, 9: 1.1304456277097787, 0: 0.5311351984795, 2: 1.76866112320067, 4: 0.7609161965869257, 3: 2.0005317904738527, 5: 1.5293378848423866, 1: 1.4156400197938952, 8: 1.175590957898499, 7: 0.6574335417375908}
2024-05-21 15:14:42 - INFO     - 0.9111111111111111, 0.8888888888888888, 0.8740740740740741, 0.8629629629629629, 0.8333333333333334, 0.8814814814814815, 0.8666666666666667, 0.9074074074074074, 0.9, 0.8962962962962963
2024-05-21 15:14:43 - WARNING  - Epoch: 529, Sum of Accs: 8.822, Sum of s_i: 12.352601448548816
2024-05-21 15:14:47 - INFO     - {6: 1.3831866002059279, 9: 1.1302476493253408, 0: 0.5298067581473037, 2: 1.7696670631382596, 4: 0.7600217030907166, 3: 2.0019777641410346, 5: 1.5298940958183798, 1: 1.415981954104543, 8: 1.1754795567026735, 7: 0.6563450944709396}
2024-05-21 15:14:47 - INFO     - 0.9111111111111111, 0.8888888888888888, 0.8740740740740741, 0.8629629629629629, 0.8333333333333334, 0.8814814814814815, 0.8666666666666667, 0.9074074074074074, 0.9, 0.8962962962962963
2024-05-21 15:14:47 - WARNING  - Epoch: 530, Sum of Accs: 8.822, Sum of s_i: 12.35260823914512
2024-05-21 15:14:51 - INFO     - {6: 1.3834640820827855, 9: 1.1300496604375514, 0: 0.5284783073117558, 2: 1.7706749246305862, 4: 0.7591271990911559, 3: 2.0034237243947235, 5: 1.5304498162567854, 1: 1.4163233978776038, 8: 1.1753700770615847, 7: 0.6552566367009368}
2024-05-21 15:14:51 - INFO     - 0.8962962962962963, 0.8814814814814815, 0.8666666666666667, 0.8555555555555555, 0.8296296296296296, 0.8814814814814815, 0.8703703703703703, 0.9259259259259259, 0.8925925925925926, 0.9037037037037037
2024-05-21 15:14:51 - WARNING  - Epoch: 531, Sum of Accs: 8.804, Sum of s_i: 12.352617825845469
2024-05-21 15:14:55 - INFO     - {6: 1.3837415491314424, 9: 1.1298516567215613, 0: 0.5271498416480075, 2: 1.7716827713599363, 4: 0.7582326802633946, 3: 2.0048696699315416, 5: 1.531007934024539, 1: 1.4166672389800121, 8: 1.175258650534207, 7: 0.6541681641027335}
2024-05-21 15:14:55 - INFO     - 0.9037037037037037, 0.8851851851851852, 0.8703703703703703, 0.8555555555555555, 0.8333333333333334, 0.8814814814814815, 0.8703703703703703, 0.9222222222222223, 0.8962962962962963, 0.9037037037037037
2024-05-21 15:14:55 - WARNING  - Epoch: 532, Sum of Accs: 8.822, Sum of s_i: 12.352630156697375
2024-05-21 15:14:59 - INFO     - {6: 1.3840189971074313, 9: 1.1296532048040566, 0: 0.5258213569115908, 2: 1.7726882377644595, 4: 0.7573381423629651, 3: 2.00631560085597, 5: 1.5315641005963117, 1: 1.4170086997575935, 8: 1.1751472049341611, 7: 0.6530796724318618}
2024-05-21 15:14:59 - INFO     - 0.8962962962962963, 0.8851851851851852, 0.8703703703703703, 0.8592592592592593, 0.8333333333333334, 0.8814814814814815, 0.8703703703703703, 0.9222222222222223, 0.8962962962962963, 0.9037037037037037
2024-05-21 15:14:59 - WARNING  - Epoch: 533, Sum of Accs: 8.819, Sum of s_i: 12.3526352175264
2024-05-21 15:15:03 - INFO     - {6: 1.3842964372556275, 9: 1.1294547450712884, 0: 0.5244924352310643, 2: 1.7736960590394595, 4: 0.7564435966347431, 3: 2.007761521019996, 5: 1.532122192909715, 1: 1.417350152719911, 8: 1.175037685075746, 7: 0.6519907438168803}
2024-05-21 15:15:03 - INFO     - 0.8962962962962963, 0.8851851851851852, 0.8703703703703703, 0.8555555555555555, 0.8333333333333334, 0.8925925925925926, 0.8703703703703703, 0.9222222222222223, 0.8962962962962963, 0.9037037037037037
2024-05-21 15:15:03 - WARNING  - Epoch: 534, Sum of Accs: 8.826, Sum of s_i: 12.35264556877443
2024-05-21 15:15:07 - INFO     - {6: 1.3845738613931464, 9: 1.1292566984441603, 0: 0.5231639266561777, 2: 1.7747038630464216, 4: 0.7555509672079065, 3: 2.0092074209784103, 5: 1.5326802679550806, 1: 1.4176939510999313, 8: 1.174927969763228, 7: 0.6509041606196014}
2024-05-21 15:15:07 - INFO     - 0.8962962962962963, 0.8851851851851852, 0.8703703703703703, 0.8592592592592593, 0.8333333333333334, 0.8925925925925926, 0.8703703703703703, 0.9222222222222223, 0.8962962962962963, 0.9037037037037037
2024-05-21 15:15:07 - WARNING  - Epoch: 535, Sum of Accs: 8.830, Sum of s_i: 12.352663087164064
2024-05-21 15:15:11 - INFO     - {6: 1.384851258434365, 9: 1.1290581956734094, 0: 0.5218349619376685, 2: 1.7757092785976984, 4: 0.7546559493253845, 3: 2.0106533026780835, 5: 1.5332359545447607, 1: 1.4180353610242664, 8: 1.1748182361919686, 7: 0.6498156180139598}
2024-05-21 15:15:11 - INFO     - 0.8962962962962963, 0.8851851851851852, 0.8666666666666667, 0.8592592592592593, 0.8333333333333334, 0.8925925925925926, 0.8666666666666667, 0.9222222222222223, 0.8962962962962963, 0.9037037037037037
2024-05-21 15:15:11 - WARNING  - Epoch: 536, Sum of Accs: 8.822, Sum of s_i: 12.352668116421565
2024-05-21 15:15:15 - INFO     - {6: 1.385128647696674, 9: 1.1288596851361992, 0: 0.5205059894527, 2: 1.7767146863825158, 4: 0.7537613527112752, 3: 2.0120991759934714, 5: 1.5337938247610348, 1: 1.4183767631821422, 8: 1.1747084942364239, 7: 0.6487270676294083}
2024-05-21 15:15:15 - INFO     - 0.8962962962962963, 0.8851851851851852, 0.8666666666666667, 0.8592592592592593, 0.8333333333333334, 0.8925925925925926, 0.8666666666666667, 0.9222222222222223, 0.8962962962962963, 0.9074074074074074
2024-05-21 15:15:15 - WARNING  - Epoch: 537, Sum of Accs: 8.826, Sum of s_i: 12.352675687181844
2024-05-21 15:15:19 - INFO     - {6: 1.3854060252490656, 9: 1.1286611629078138, 0: 0.5191770052765564, 2: 1.7777200824761583, 4: 0.7528663153711188, 3: 2.0135450383505615, 5: 1.5343516840190108, 1: 1.4187203457747732, 8: 1.174596549196651, 7: 0.6476380765188098}
2024-05-21 15:15:19 - INFO     - 0.8962962962962963, 0.8851851851851852, 0.8666666666666667, 0.8592592592592593, 0.8333333333333334, 0.8925925925925926, 0.8666666666666667, 0.9185185185185185, 0.8962962962962963, 0.9074074074074074
2024-05-21 15:15:19 - WARNING  - Epoch: 538, Sum of Accs: 8.822, Sum of s_i: 12.352682285140517
2024-05-21 15:15:23 - INFO     - {6: 1.3856833925962149, 9: 1.128463059490316, 0: 0.5178484399113003, 2: 1.778725897380688, 4: 0.7519716968418498, 3: 2.0149908879242204, 5: 1.534907769961944, 1: 1.4190621550523614, 8: 1.1744850229677657, 7: 0.6465495042190987}
2024-05-21 15:15:23 - INFO     - 0.8962962962962963, 0.8851851851851852, 0.8666666666666667, 0.8592592592592593, 0.8333333333333334, 0.8925925925925926, 0.8703703703703703, 0.9185185185185185, 0.9, 0.9074074074074074
2024-05-21 15:15:23 - WARNING  - Epoch: 539, Sum of Accs: 8.830, Sum of s_i: 12.352687826345761
2024-05-21 15:15:27 - INFO     - {6: 1.3859607513726413, 9: 1.128264518516017, 0: 0.5165198659753212, 2: 1.779731703714495, 4: 0.751077069741858, 3: 2.0164345394094663, 5: 1.5354633754817786, 1: 1.4194035267731482, 8: 1.174373059182079, 7: 0.6454609233486647}
2024-05-21 15:15:27 - INFO     - 0.9, 0.8851851851851852, 0.8703703703703703, 0.8592592592592593, 0.8333333333333334, 0.8925925925925926, 0.8703703703703703, 0.9185185185185185, 0.9, 0.9074074074074074
2024-05-21 15:15:27 - WARNING  - Epoch: 540, Sum of Accs: 8.837, Sum of s_i: 12.35268933351547
2024-05-21 15:15:31 - INFO     - {6: 1.3862381078178916, 9: 1.1280659752142728, 0: 0.515191289708166, 2: 1.7807394409906157, 4: 0.7501843735841798, 3: 2.0178803728450063, 5: 1.5360213837963026, 1: 1.419747258422327, 8: 1.1742634553247842, 7: 0.6443723401470546}
2024-05-21 15:15:31 - INFO     - 0.9, 0.8851851851851852, 0.8703703703703703, 0.8592592592592593, 0.8296296296296296, 0.8925925925925926, 0.8666666666666667, 0.9185185185185185, 0.9, 0.9074074074074074
2024-05-21 15:15:31 - WARNING  - Epoch: 541, Sum of Accs: 8.830, Sum of s_i: 12.352703997850599
2024-05-21 15:15:35 - INFO     - {6: 1.3865154415814933, 9: 1.1278678382132272, 0: 0.5138626907593622, 2: 1.781745222311598, 4: 0.7492897214713632, 3: 2.0193244283035057, 5: 1.536577436155688, 1: 1.4200890341163674, 8: 1.174151895512351, 7: 0.6432837342637958}
2024-05-21 15:15:35 - INFO     - 0.9, 0.8851851851851852, 0.8703703703703703, 0.8592592592592593, 0.8296296296296296, 0.8925925925925926, 0.8666666666666667, 0.9185185185185185, 0.9, 0.9074074074074074
2024-05-21 15:15:35 - WARNING  - Epoch: 542, Sum of Accs: 8.830, Sum of s_i: 12.352707442688754
2024-05-21 15:15:39 - INFO     - {6: 1.3867927700168976, 9: 1.1276696958839845, 0: 0.5125340864823611, 2: 1.7827529310373957, 4: 0.7483950640303493, 3: 2.020770236267753, 5: 1.5371352410208217, 1: 1.420432562316156, 8: 1.1740420882056661, 7: 0.6421970557853527}
2024-05-21 15:15:39 - INFO     - 0.9, 0.8851851851851852, 0.8703703703703703, 0.8592592592592593, 0.8296296296296296, 0.8925925925925926, 0.8666666666666667, 0.9148148148148149, 0.9, 0.9074074074074074
2024-05-21 15:15:39 - WARNING  - Epoch: 543, Sum of Accs: 8.826, Sum of s_i: 12.35272173104674
2024-05-21 15:15:43 - INFO     - {6: 1.3870700763522623, 9: 1.1274711025525566, 0: 0.5112050312031748, 2: 1.7837582560279954, 4: 0.7475003844892957, 3: 2.0222160272786853, 5: 1.5376907925257666, 1: 1.4207729779737157, 8: 1.1739300720628505, 7: 0.6411079935717114}
2024-05-21 15:15:43 - INFO     - 0.9, 0.8888888888888888, 0.8703703703703703, 0.8592592592592593, 0.8296296296296296, 0.8925925925925926, 0.8666666666666667, 0.9148148148148149, 0.9, 0.9074074074074074
2024-05-21 15:15:43 - WARNING  - Epoch: 544, Sum of Accs: 8.830, Sum of s_i: 12.352722714038014
2024-05-21 15:15:47 - INFO     - {6: 1.3873473811672203, 9: 1.1272725077031553, 0: 0.5098759744060154, 2: 1.7847659425643336, 4: 0.7466052745281234, 3: 2.023661813788363, 5: 1.5382463395376829, 1: 1.4211133891456802, 8: 1.1738171477283414, 7: 0.6400211187396311}
2024-05-21 15:15:47 - INFO     - 0.9, 0.8888888888888888, 0.8703703703703703, 0.8592592592592593, 0.8296296296296296, 0.8925925925925926, 0.8666666666666667, 0.9148148148148149, 0.9, 0.9037037037037037
2024-05-21 15:15:47 - WARNING  - Epoch: 545, Sum of Accs: 8.826, Sum of s_i: 12.352726889308546
2024-05-21 15:15:51 - INFO     - {6: 1.3876246795242313, 9: 1.127073906406143, 0: 0.5085472183297982, 2: 1.7857715667579024, 4: 0.7457104652878934, 3: 2.0251075961187257, 5: 1.538802234769655, 1: 1.421453795607911, 8: 1.1737036922786712, 7: 0.6389323557289589}
2024-05-21 15:15:51 - INFO     - 0.9, 0.8851851851851852, 0.8703703703703703, 0.8592592592592593, 0.8296296296296296, 0.8925925925925926, 0.8666666666666667, 0.9111111111111111, 0.9, 0.9074074074074074
2024-05-21 15:15:51 - WARNING  - Epoch: 546, Sum of Accs: 8.822, Sum of s_i: 12.352727510809892
2024-05-21 15:15:55 - INFO     - {6: 1.387901976919958, 9: 1.126875304149385, 0: 0.5072185830131196, 2: 1.7867768828231723, 4: 0.7448153479193644, 3: 2.0265533782571246, 5: 1.53936001380894, 1: 1.4217972979818507, 8: 1.1735938591461375, 7: 0.6378432845899877}
2024-05-21 15:15:55 - INFO     - 0.9, 0.8851851851851852, 0.8703703703703703, 0.8592592592592593, 0.8296296296296296, 0.8925925925925926, 0.8666666666666667, 0.9111111111111111, 0.9, 0.9074074074074074
2024-05-21 15:15:55 - WARNING  - Epoch: 547, Sum of Accs: 8.822, Sum of s_i: 12.35273592860904
2024-05-21 15:15:59 - INFO     - {6: 1.388179261295779, 9: 1.126677117760559, 0: 0.5058899346765352, 2: 1.7877845476831815, 4: 0.7439225793455747, 3: 2.027999139502235, 5: 1.5399177719549366, 1: 1.4221409572149182, 8: 1.1734841828727314, 7: 0.6367546293189484}
2024-05-21 15:15:59 - INFO     - 0.9, 0.8851851851851852, 0.8703703703703703, 0.8592592592592593, 0.8333333333333334, 0.8925925925925926, 0.8666666666666667, 0.9111111111111111, 0.9, 0.9074074074074074
2024-05-21 15:15:59 - WARNING  - Epoch: 548, Sum of Accs: 8.826, Sum of s_i: 12.3527501216254
2024-05-21 15:16:03 - INFO     - {6: 1.3884565237191482, 9: 1.1264784805874166, 0: 0.504561264387499, 2: 1.7887902576639312, 4: 0.7430278558925256, 3: 2.0294448856039433, 5: 1.5404733241422253, 1: 1.4224826615687263, 8: 1.1733721228882013, 7: 0.6356659520954573}
2024-05-21 15:16:03 - INFO     - 0.9, 0.8851851851851852, 0.8703703703703703, 0.8592592592592593, 0.8333333333333334, 0.8888888888888888, 0.8666666666666667, 0.9111111111111111, 0.9, 0.9074074074074074
2024-05-21 15:16:03 - WARNING  - Epoch: 549, Sum of Accs: 8.822, Sum of s_i: 12.352753328549072
2024-05-21 15:16:07 - INFO     - {6: 1.3887337811823512, 9: 1.1262798384620467, 0: 0.5032325891382967, 2: 1.7897978963931207, 4: 0.7421331274793105, 3: 2.0308906237912057, 5: 1.5410288229200342, 1: 1.4228261199915293, 8: 1.1732600094941916, 7: 0.6345792036204059}
2024-05-21 15:16:07 - INFO     - 0.9, 0.8851851851851852, 0.8740740740740741, 0.8555555555555555, 0.8333333333333334, 0.8888888888888888, 0.8666666666666667, 0.9111111111111111, 0.9, 0.9074074074074074
2024-05-21 15:16:07 - WARNING  - Epoch: 550, Sum of Accs: 8.822, Sum of s_i: 12.352762012472493
2024-05-21 15:16:11 - INFO     - {6: 1.3890110252140988, 9: 1.126081182926718, 0: 0.5019039004576389, 2: 1.7908055217498973, 4: 0.7412379568322108, 3: 2.0323363493111914, 5: 1.5415867193152142, 1: 1.423169739721364, 8: 1.1731502937175529, 7: 0.6334900792028642}
2024-05-21 15:16:11 - INFO     - 0.9, 0.8888888888888888, 0.8740740740740741, 0.8555555555555555, 0.8333333333333334, 0.8888888888888888, 0.8666666666666667, 0.9111111111111111, 0.9, 0.9074074074074074
2024-05-21 15:16:11 - WARNING  - Epoch: 551, Sum of Accs: 8.826, Sum of s_i: 12.352772768448752
2024-05-21 15:16:15 - INFO     - {6: 1.3892882526095707, 9: 1.1258825107817398, 0: 0.5005747663649024, 2: 1.7918107679269468, 4: 0.7403427695754615, 3: 2.033782062638113, 5: 1.5421444295430216, 1: 1.4235131732838264, 8: 1.173038198761187, 7: 0.6324009381756727}
2024-05-21 15:16:15 - INFO     - 0.9, 0.8888888888888888, 0.8740740740740741, 0.8555555555555555, 0.837037037037037, 0.8888888888888888, 0.8666666666666667, 0.9111111111111111, 0.9, 0.9074074074074074
2024-05-21 15:16:15 - WARNING  - Epoch: 552, Sum of Accs: 8.830, Sum of s_i: 12.352777869660441
2024-05-21 15:16:19 - INFO     - {6: 1.3895654721150072, 9: 1.125683830759354, 0: 0.49924562439475834, 2: 1.7928183695285538, 4: 0.7394475744413046, 3: 2.0352277644780803, 5: 1.5427023021830317, 1: 1.423856595359335, 8: 1.1729284592293787, 7: 0.6313117892710737}
2024-05-21 15:16:19 - INFO     - 0.9, 0.8888888888888888, 0.8740740740740741, 0.8555555555555555, 0.837037037037037, 0.8888888888888888, 0.8666666666666667, 0.9111111111111111, 0.9, 0.9074074074074074
2024-05-21 15:16:19 - WARNING  - Epoch: 553, Sum of Accs: 8.830, Sum of s_i: 12.35278778175988
2024-05-21 15:16:23 - INFO     - {6: 1.389842676289439, 9: 1.1254851354305002, 0: 0.4979164671181462, 2: 1.7938259558665086, 4: 0.738552792739318, 3: 2.036673450438748, 5: 1.5432599850445856, 1: 1.424200176070348, 8: 1.1728185299191138, 7: 0.6302226250600066}
2024-05-21 15:16:23 - INFO     - 0.9037037037037037, 0.8888888888888888, 0.8740740740740741, 0.8555555555555555, 0.837037037037037, 0.8888888888888888, 0.8666666666666667, 0.9111111111111111, 0.9, 0.9074074074074074
2024-05-21 15:16:23 - WARNING  - Epoch: 554, Sum of Accs: 8.833, Sum of s_i: 12.352797793976716
2024-05-21 15:16:27 - INFO     - {6: 1.3901198649780444, 9: 1.125286424640605, 0: 0.49658772309434634, 2: 1.7948335261234207, 4: 0.7376579955515052, 3: 2.0381192948331774, 5: 1.5438178263399012, 1: 1.4245437407003183, 8: 1.1727087590426106, 7: 0.6291358081126778}
2024-05-21 15:16:27 - INFO     - 0.9074074074074074, 0.8888888888888888, 0.8740740740740741, 0.8555555555555555, 0.837037037037037, 0.8888888888888888, 0.8666666666666667, 0.9111111111111111, 0.9, 0.9074074074074074
2024-05-21 15:16:27 - WARNING  - Epoch: 555, Sum of Accs: 8.837, Sum of s_i: 12.352810963416607
2024-05-21 15:16:31 - INFO     - {6: 1.3903970332976148, 9: 1.1250881221955282, 0: 0.4952589587015114, 2: 1.7958410754376382, 4: 0.7367631779946574, 3: 2.0395649438836645, 5: 1.5443754722912744, 1: 1.424887284387594, 8: 1.1725987928221653, 7: 0.6280470367853879}
2024-05-21 15:16:31 - INFO     - 0.9111111111111111, 0.8888888888888888, 0.8740740740740741, 0.8555555555555555, 0.837037037037037, 0.8888888888888888, 0.8666666666666667, 0.9111111111111111, 0.9, 0.9074074074074074
2024-05-21 15:16:31 - WARNING  - Epoch: 556, Sum of Accs: 8.841, Sum of s_i: 12.352821897797037
2024-05-21 15:16:35 - INFO     - {6: 1.3906741847051327, 9: 1.1248893741842119, 0: 0.493930177396624, 2: 1.7968466744025369, 4: 0.7358683435257571, 3: 2.041010579803397, 5: 1.544930913640389, 1: 1.4252288777255508, 8: 1.1724866219994614, 7: 0.6269582485460455}
2024-05-21 15:16:35 - INFO     - 0.9111111111111111, 0.8888888888888888, 0.8740740740740741, 0.8555555555555555, 0.837037037037037, 0.8888888888888888, 0.8666666666666667, 0.9111111111111111, 0.9, 0.9074074074074074
2024-05-21 15:16:35 - WARNING  - Epoch: 557, Sum of Accs: 8.841, Sum of s_i: 12.352823995929107
2024-05-21 15:16:40 - INFO     - {6: 1.3909513328675036, 9: 1.124690622932942, 0: 0.4926013928465893, 2: 1.7978518414732947, 4: 0.7349730771627161, 3: 2.0424562138286197, 5: 1.5454863517495503, 1: 1.4255700391693669, 8: 1.172374447936804, 7: 0.6258690284125624}
2024-05-21 15:16:40 - INFO     - 0.9111111111111111, 0.8888888888888888, 0.8740740740740741, 0.8555555555555555, 0.837037037037037, 0.8888888888888888, 0.8703703703703703, 0.9111111111111111, 0.9, 0.9074074074074074
2024-05-21 15:16:40 - WARNING  - Epoch: 558, Sum of Accs: 8.844, Sum of s_i: 12.352824348379949
2024-05-21 15:16:44 - INFO     - {6: 1.3912284804847446, 9: 1.1244922997855358, 0: 0.49127260775142473, 2: 1.7988574366479162, 4: 0.7340782389035387, 3: 2.043901845323415, 5: 1.546042217962575, 1: 1.4259116287170466, 8: 1.17226270197801, 7: 0.6247802363829429}
2024-05-21 15:16:44 - INFO     - 0.9111111111111111, 0.8888888888888888, 0.8740740740740741, 0.8555555555555555, 0.837037037037037, 0.8888888888888888, 0.8703703703703703, 0.9111111111111111, 0.9, 0.9074074074074074
2024-05-21 15:16:44 - WARNING  - Epoch: 559, Sum of Accs: 8.844, Sum of s_i: 12.352827693937147
2024-05-21 15:16:48 - INFO     - {6: 1.3915056229274687, 9: 1.1242935428237733, 0: 0.48994338884190397, 2: 1.799864961525363, 4: 0.7331829668300052, 3: 2.045347470678619, 5: 1.5465998402186658, 1: 1.4262549743077921, 8: 1.172152712062282, 7: 0.6236914391788068}
2024-05-21 15:16:48 - INFO     - 0.9111111111111111, 0.8888888888888888, 0.8740740740740741, 0.8555555555555555, 0.837037037037037, 0.8888888888888888, 0.8703703703703703, 0.9111111111111111, 0.9, 0.9074074074074074
2024-05-21 15:16:48 - WARNING  - Epoch: 560, Sum of Accs: 8.844, Sum of s_i: 12.35283691939468
2024-05-21 15:16:52 - INFO     - {6: 1.3917827511013516, 9: 1.124094771616006, 0: 0.4886145843033814, 2: 1.8008724715335593, 4: 0.7322900434044026, 3: 2.046793077554492, 5: 1.5471574439954245, 1: 1.4265983014192056, 8: 1.172042703667222, 7: 0.6226045619827622}
2024-05-21 15:16:52 - INFO     - 0.9111111111111111, 0.8888888888888888, 0.8740740740740741, 0.8555555555555555, 0.837037037037037, 0.8888888888888888, 0.8703703703703703, 0.9111111111111111, 0.9, 0.9074074074074074
2024-05-21 15:16:52 - WARNING  - Epoch: 561, Sum of Accs: 8.844, Sum of s_i: 12.352850710577806
2024-05-21 15:16:56 - INFO     - {6: 1.392059857944719, 9: 1.123895979111861, 0: 0.48728575843434335, 2: 1.8018775973514423, 4: 0.7313951643713518, 3: 2.048238669907828, 5: 1.547712840851711, 1: 1.4269394216101468, 8: 1.1719326807496258, 7: 0.6215157291792691}
2024-05-21 15:16:56 - INFO     - 0.9111111111111111, 0.8888888888888888, 0.8740740740740741, 0.8555555555555555, 0.837037037037037, 0.8888888888888888, 0.8703703703703703, 0.9111111111111111, 0.9, 0.9074074074074074
2024-05-21 15:16:56 - WARNING  - Epoch: 562, Sum of Accs: 8.844, Sum of s_i: 12.352853699512297
2024-05-21 15:17:00 - INFO     - {6: 1.3923369601651756, 9: 1.123697181992204, 0: 0.48595692794239453, 2: 1.8028850815202955, 4: 0.7304998521399236, 3: 2.0496844282141984, 5: 1.5482705960589676, 1: 1.4272829001520582, 8: 1.1718228237850636, 7: 0.6204288261438814}
2024-05-21 15:17:00 - INFO     - 0.9111111111111111, 0.8888888888888888, 0.8740740740740741, 0.8555555555555555, 0.837037037037037, 0.8888888888888888, 0.8703703703703703, 0.9111111111111111, 0.9, 0.9074074074074074
2024-05-21 15:17:00 - WARNING  - Epoch: 563, Sum of Accs: 8.844, Sum of s_i: 12.352865578114162
2024-05-21 15:17:04 - INFO     - {6: 1.3926140440133201, 9: 1.1234983665296383, 0: 0.4846280790781335, 2: 1.803892547397595, 4: 0.7296045215655869, 3: 2.0511301682290153, 5: 1.548825969956833, 1: 1.427626360402416, 8: 1.171712948528948, 7: 0.6193395417991024}
2024-05-21 15:17:04 - INFO     - 0.9111111111111111, 0.8888888888888888, 0.8740740740740741, 0.8555555555555555, 0.837037037037037, 0.8888888888888888, 0.8703703703703703, 0.9111111111111111, 0.9, 0.9074074074074074
2024-05-21 15:17:04 - WARNING  - Epoch: 564, Sum of Accs: 8.844, Sum of s_i: 12.352872547500587
2024-05-21 15:17:08 - INFO     - {6: 1.3928911170821228, 9: 1.1232995403049824, 0: 0.48329909841347696, 2: 1.8048979470027244, 4: 0.7287094877369175, 3: 2.052575726960108, 5: 1.549383525588812, 1: 1.4279696393690497, 8: 1.1716028919891082, 7: 0.618250554199991}
2024-05-21 15:17:08 - INFO     - 0.9111111111111111, 0.8888888888888888, 0.8740740740740741, 0.8555555555555555, 0.837037037037037, 0.8888888888888888, 0.8703703703703703, 0.9111111111111111, 0.9, 0.9074074074074074
2024-05-21 15:17:08 - WARNING  - Epoch: 565, Sum of Accs: 8.844, Sum of s_i: 12.352879528647293
2024-05-21 15:17:12 - INFO     - {6: 1.3931681793534092, 9: 1.1231007033000906, 0: 0.4819697994608268, 2: 1.8059053920609356, 4: 0.7278141356202545, 3: 2.0540212727451266, 5: 1.5499410682747166, 1: 1.4283129053896093, 8: 1.1714928225031942, 7: 0.6171636120539613}
2024-05-21 15:17:12 - INFO     - 0.9111111111111111, 0.8888888888888888, 0.8740740740740741, 0.8555555555555555, 0.837037037037037, 0.8888888888888888, 0.8703703703703703, 0.9111111111111111, 0.9, 0.9074074074074074
2024-05-21 15:17:12 - WARNING  - Epoch: 566, Sum of Accs: 8.844, Sum of s_i: 12.352889890762125
2024-05-21 15:17:16 - INFO     - {6: 1.3934452255979708, 9: 1.1229018502941235, 0: 0.48064091299298306, 2: 1.8069128204999438, 4: 0.7269211306254639, 3: 2.055466798306003, 5: 1.5504987677521282, 1: 1.4286561511860267, 8: 1.1713829098087871, 7: 0.6160742901657809}
2024-05-21 15:17:16 - INFO     - 0.9148148148148149, 0.8888888888888888, 0.8740740740740741, 0.8555555555555555, 0.837037037037037, 0.8888888888888888, 0.8703703703703703, 0.9111111111111111, 0.9, 0.9074074074074074
2024-05-21 15:17:16 - WARNING  - Epoch: 567, Sum of Accs: 8.848, Sum of s_i: 12.352900857229212
2024-05-21 15:17:20 - INFO     - {6: 1.3937222548811123, 9: 1.1227034088126178, 0: 0.47931200956371905, 2: 1.807918297340466, 4: 0.7260261740321872, 3: 2.0569123123558195, 5: 1.5510562787028308, 1: 1.428997622399607, 8: 1.171272808587671, 7: 0.6149853798020619}
2024-05-21 15:17:20 - INFO     - 0.9148148148148149, 0.8888888888888888, 0.8740740740740741, 0.8555555555555555, 0.837037037037037, 0.8888888888888888, 0.8703703703703703, 0.9111111111111111, 0.9, 0.9074074074074074
2024-05-21 15:17:20 - WARNING  - Epoch: 568, Sum of Accs: 8.848, Sum of s_i: 12.352906546478092
2024-05-21 15:17:24 - INFO     - {6: 1.3939992753649217, 9: 1.1225049585317801, 0: 0.47798309733512306, 2: 1.808925699469137, 4: 0.7251312086395784, 3: 2.0583578146803823, 5: 1.55161377792828, 1: 1.429340844959711, 8: 1.1711626956413013, 7: 0.6138964606390109}
2024-05-21 15:17:24 - INFO     - 0.9148148148148149, 0.8888888888888888, 0.8740740740740741, 0.8555555555555555, 0.837037037037037, 0.8888888888888888, 0.8703703703703703, 0.9111111111111111, 0.9, 0.9074074074074074
2024-05-21 15:17:24 - WARNING  - Epoch: 569, Sum of Accs: 8.848, Sum of s_i: 12.352915833189225
2024-05-21 15:17:28 - INFO     - {6: 1.3942762814853702, 9: 1.1223060654659143, 0: 0.476654170743166, 2: 1.8099330879604008, 4: 0.7242362288836085, 3: 2.0598034773091634, 5: 1.5521714374579472, 1: 1.4296842278240331, 8: 1.17105274299915, 7: 0.612807527112599}
2024-05-21 15:17:28 - INFO     - 0.9148148148148149, 0.8888888888888888, 0.8740740740740741, 0.8555555555555555, 0.837037037037037, 0.8888888888888888, 0.8703703703703703, 0.9111111111111111, 0.9, 0.9074074074074074
2024-05-21 15:17:28 - WARNING  - Epoch: 570, Sum of Accs: 8.848, Sum of s_i: 12.352925247241352
2024-05-21 15:17:32 - INFO     - {6: 1.394553273045531, 9: 1.122107586261428, 0: 0.4753252295909215, 2: 1.810940461292633, 4: 0.7233412345673511, 3: 2.0612489509272094, 5: 1.5527289079768791, 1: 1.43002742167762, 8: 1.1709427751979669, 7: 0.6117185790258995}
2024-05-21 15:17:32 - INFO     - 0.9148148148148149, 0.8888888888888888, 0.8740740740740741, 0.8555555555555555, 0.837037037037037, 0.8888888888888888, 0.8703703703703703, 0.9111111111111111, 0.9, 0.9074074074074074
2024-05-21 15:17:32 - WARNING  - Epoch: 571, Sum of Accs: 8.848, Sum of s_i: 12.352934419563438
2024-05-21 15:17:36 - INFO     - {6: 1.3948302504193029, 9: 1.1219086644948912, 0: 0.47399627425228796, 2: 1.8119478211635778, 4: 0.7224457976890433, 3: 2.0626944117897263, 5: 1.5532841755707736, 1: 1.430370775921623, 8: 1.1708327939354963, 7: 0.6106291883771496}
2024-05-21 15:17:36 - INFO     - 0.9148148148148149, 0.8888888888888888, 0.8740740740740741, 0.8555555555555555, 0.837037037037037, 0.8888888888888888, 0.8703703703703703, 0.9111111111111111, 0.9, 0.9074074074074074
2024-05-21 15:17:36 - WARNING  - Epoch: 572, Sum of Accs: 8.848, Sum of s_i: 12.352940153613872
2024-05-21 15:17:40 - INFO     - {6: 1.395107218924508, 9: 1.1217097338739808, 0: 0.47266731004508755, 2: 1.812952808864695, 4: 0.72155078031783, 3: 2.064139866843603, 5: 1.5538394343102941, 1: 1.4307139512110407, 8: 1.1707226337184404, 7: 0.6095397888740258}
2024-05-21 15:17:40 - INFO     - 0.9148148148148149, 0.8888888888888888, 0.8740740740740741, 0.8555555555555555, 0.837037037037037, 0.8888888888888888, 0.8703703703703703, 0.9111111111111111, 0.9, 0.9074074074074074
2024-05-21 15:17:40 - WARNING  - Epoch: 573, Sum of Accs: 8.848, Sum of s_i: 12.352943526983506
2024-05-21 15:17:44 - INFO     - {6: 1.3953841822122968, 9: 1.1215107980440038, 0: 0.4713383406204709, 2: 1.8139582197098643, 4: 0.7206557577292005, 3: 2.065583123473171, 5: 1.554395116193867, 1: 1.4310549280761498, 8: 1.1706088486562796, 7: 0.6084508125149543}
2024-05-21 15:17:44 - INFO     - 0.9148148148148149, 0.8888888888888888, 0.8740740740740741, 0.8555555555555555, 0.837037037037037, 0.8888888888888888, 0.8703703703703703, 0.9111111111111111, 0.9, 0.9074074074074074
2024-05-21 15:17:44 - WARNING  - Epoch: 574, Sum of Accs: 8.848, Sum of s_i: 12.352940127230257
2024-05-21 15:17:48 - INFO     - {6: 1.3956611507583079, 9: 1.121311867463834, 0: 0.4700089480925429, 2: 1.8149632074517223, 4: 0.7197603120372598, 3: 2.067028579892891, 5: 1.5549503749741282, 1: 1.4313981047314108, 8: 1.1704964952647223, 7: 0.6073614130525713}
2024-05-21 15:17:48 - INFO     - 0.9148148148148149, 0.8888888888888888, 0.8740740740740741, 0.8555555555555555, 0.837037037037037, 0.8888888888888888, 0.8703703703703703, 0.9111111111111111, 0.9, 0.9074074074074074
2024-05-21 15:17:48 - WARNING  - Epoch: 575, Sum of Accs: 8.848, Sum of s_i: 12.35294045371939
2024-05-21 15:17:52 - INFO     - {6: 1.3959381187993551, 9: 1.1211129363795085, 0: 0.46867998342118466, 2: 1.8159681946894244, 4: 0.7188652942018887, 3: 2.0684718412681105, 5: 1.5555056332502337, 1: 1.4317390863421713, 8: 1.170384141369009, 7: 0.6062724414467582}
2024-05-21 15:17:52 - INFO     - 0.9148148148148149, 0.8888888888888888, 0.8740740740740741, 0.8555555555555555, 0.837037037037037, 0.8851851851851852, 0.8703703703703703, 0.9111111111111111, 0.9, 0.9074074074074074
2024-05-21 15:17:52 - WARNING  - Epoch: 576, Sum of Accs: 8.844, Sum of s_i: 12.352937671167643
2024-05-21 15:17:56 - INFO     - {6: 1.3962150911440334, 9: 1.1209144379595397, 0: 0.4673509016827263, 2: 1.8169755490784492, 4: 0.7179702806701488, 3: 2.0699174697946523, 5: 1.5560608488242704, 1: 1.432080025250863, 8: 1.1702741546246185, 7: 0.6051854086315419}
2024-05-21 15:17:56 - INFO     - 0.9148148148148149, 0.8888888888888888, 0.8740740740740741, 0.8555555555555555, 0.837037037037037, 0.8851851851851852, 0.8703703703703703, 0.9111111111111111, 0.9, 0.9074074074074074
2024-05-21 15:17:56 - WARNING  - Epoch: 577, Sum of Accs: 8.844, Sum of s_i: 12.352944167660842
2024-05-21 15:18:00 - INFO     - {6: 1.3964920534409202, 9: 1.1207159294917792, 0: 0.4660219312672076, 2: 1.8179809589327165, 4: 0.7170752570906173, 3: 2.071362917361513, 5: 1.556616529716941, 1: 1.4324214294781885, 8: 1.1701622233454705, 7: 0.6040964312815682}
2024-05-21 15:18:00 - INFO     - 0.9148148148148149, 0.8888888888888888, 0.8740740740740741, 0.8555555555555555, 0.837037037037037, 0.8851851851851852, 0.8740740740740741, 0.9111111111111111, 0.9, 0.9074074074074074
2024-05-21 15:18:00 - WARNING  - Epoch: 578, Sum of Accs: 8.848, Sum of s_i: 12.352945661406924
2024-05-21 15:18:04 - INFO     - {6: 1.3967690134275086, 9: 1.120516990365885, 0: 0.4646929585413905, 2: 1.8189883014929034, 4: 0.7161798028529518, 3: 2.072808534059217, 5: 1.5571741433155313, 1: 1.4327647664114336, 8: 1.1700484223929921, 7: 0.6030074516212961}
2024-05-21 15:18:04 - INFO     - 0.9148148148148149, 0.8888888888888888, 0.8777777777777778, 0.8555555555555555, 0.837037037037037, 0.8851851851851852, 0.8740740740740741, 0.9111111111111111, 0.9, 0.9074074074074074
2024-05-21 15:18:04 - WARNING  - Epoch: 579, Sum of Accs: 8.852, Sum of s_i: 12.35295038448111
2024-05-21 15:18:08 - INFO     - {6: 1.3970459661091712, 9: 1.1203184722829005, 0: 0.4633639785106477, 2: 1.8199956361176282, 4: 0.7152847696581962, 3: 2.074253969090625, 5: 1.5577317489786595, 1: 1.4331080954092166, 8: 1.1699384158843016, 7: 0.6019184646560984}
2024-05-21 15:18:08 - INFO     - 0.9148148148148149, 0.8888888888888888, 0.8777777777777778, 0.8555555555555555, 0.837037037037037, 0.8851851851851852, 0.8740740740740741, 0.9111111111111111, 0.9, 0.9074074074074074
2024-05-21 15:18:08 - WARNING  - Epoch: 580, Sum of Accs: 8.852, Sum of s_i: 12.352959516697446
2024-05-21 15:18:12 - INFO     - {6: 1.3973229046665434, 9: 1.1201199400756257, 0: 0.4620349843556145, 2: 1.821002956680182, 4: 0.7143897223391502, 3: 2.0756993901037735, 5: 1.5582893405796165, 1: 1.4334514103448286, 8: 1.16982839531344, 7: 0.6008294635666103}
2024-05-21 15:18:12 - INFO     - 0.9148148148148149, 0.8888888888888888, 0.8777777777777778, 0.8555555555555555, 0.837037037037037, 0.8851851851851852, 0.8740740740740741, 0.9111111111111111, 0.9, 0.9074074074074074
2024-05-21 15:18:12 - WARNING  - Epoch: 581, Sum of Accs: 8.852, Sum of s_i: 12.352968508025384
2024-05-21 15:18:16 - INFO     - {6: 1.397599829317554, 9: 1.119921393961989, 0: 0.4607059762942196, 2: 1.8220083288885731, 4: 0.7134946611137425, 3: 2.0771448003076056, 5: 1.5588449838264111, 1: 1.4337945407842017, 8: 1.1697164263884159, 7: 0.5997404485707605}
2024-05-21 15:18:16 - INFO     - 0.9148148148148149, 0.8888888888888888, 0.8777777777777778, 0.8555555555555555, 0.837037037037037, 0.8851851851851852, 0.8740740740740741, 0.9074074074074074, 0.9, 0.9074074074074074
2024-05-21 15:18:16 - WARNING  - Epoch: 582, Sum of Accs: 8.848, Sum of s_i: 12.352971389453472
2024-05-21 15:18:21 - INFO     - {6: 1.3978767495120332, 9: 1.119722843391821, 0: 0.4593769637762934, 2: 1.8230156311689945, 4: 0.7125995954318034, 3: 2.0785902030957093, 5: 1.559402383515401, 1: 1.4341359029091196, 8: 1.1696044530068603, 7: 0.5986514291183793}
2024-05-21 15:18:21 - INFO     - 0.9148148148148149, 0.8888888888888888, 0.8777777777777778, 0.8555555555555555, 0.837037037037037, 0.8851851851851852, 0.8740740740740741, 0.9074074074074074, 0.9, 0.9074074074074074
2024-05-21 15:18:21 - WARNING  - Epoch: 583, Sum of Accs: 8.848, Sum of s_i: 12.352976154926413
2024-05-21 15:18:25 - INFO     - {6: 1.3981536623360478, 9: 1.11952385717883, 0: 0.4580479438879025, 2: 1.8240229267739099, 4: 0.7117045223793996, 3: 2.0800355992301816, 5: 1.559957586662841, 1: 1.4344790192791328, 8: 1.1694944074783604, 7: 0.5975624022955335}
2024-05-21 15:18:25 - INFO     - 0.9148148148148149, 0.8888888888888888, 0.8777777777777778, 0.8555555555555555, 0.837037037037037, 0.8851851851851852, 0.8740740740740741, 0.9074074074074074, 0.9, 0.9074074074074074
2024-05-21 15:18:25 - WARNING  - Epoch: 584, Sum of Accs: 8.848, Sum of s_i: 12.352981927502139
2024-05-21 15:18:29 - INFO     - {6: 1.3984305662319827, 9: 1.1193252903101178, 0: 0.456718915071432, 2: 1.8250282782272254, 4: 0.7108094403989164, 3: 2.0814809888348775, 5: 1.560514973168423, 1: 1.4348203651055065, 8: 1.1693841818121238, 7: 0.596473366544608}
2024-05-21 15:18:29 - INFO     - 0.9148148148148149, 0.8888888888888888, 0.8777777777777778, 0.8555555555555555, 0.837037037037037, 0.8851851851851852, 0.8740740740740741, 0.9074074074074074, 0.9, 0.9074074074074074
2024-05-21 15:18:29 - WARNING  - Epoch: 585, Sum of Accs: 8.848, Sum of s_i: 12.352986365705213
2024-05-21 15:18:33 - INFO     - {6: 1.3987074632636352, 9: 1.1191262883300381, 0: 0.4553898793906789, 2: 1.8260331945691732, 4: 0.7099139233070654, 3: 2.08292637361433, 5: 1.561072354848762, 1: 1.4351634701205003, 8: 1.169273951320644, 7: 0.595383895682315}
2024-05-21 15:18:33 - INFO     - 0.9148148148148149, 0.8888888888888888, 0.8814814814814815, 0.8555555555555555, 0.837037037037037, 0.8851851851851852, 0.8740740740740741, 0.9074074074074074, 0.9, 0.9074074074074074
2024-05-21 15:18:33 - WARNING  - Epoch: 586, Sum of Accs: 8.852, Sum of s_i: 12.352990794447141
2024-05-21 15:18:37 - INFO     - {6: 1.3989843534456436, 9: 1.1189272795112764, 0: 0.45406083686028204, 2: 1.8270404676316043, 4: 0.7090183993765325, 3: 2.08437174793918, 5: 1.5616275353904312, 1: 1.4355065646808909, 8: 1.1691615196904948, 7: 0.59429441798134}
2024-05-21 15:18:37 - INFO     - 0.9148148148148149, 0.8888888888888888, 0.8814814814814815, 0.8555555555555555, 0.837037037037037, 0.8851851851851852, 0.8740740740740741, 0.9074074074074074, 0.9, 0.9074074074074074
2024-05-21 15:18:37 - WARNING  - Epoch: 587, Sum of Accs: 8.852, Sum of s_i: 12.352993122507673
2024-05-21 15:18:41 - INFO     - {6: 1.3992612400269966, 9: 1.1187282670976213, 0: 0.45273179072922953, 2: 1.8280453735399769, 4: 0.7081233000814672, 3: 2.085817121684307, 5: 1.5621827123372072, 1: 1.4358465644593197, 8: 1.16904818396245, 7: 0.5932049366854716}
2024-05-21 15:18:41 - INFO     - 0.9148148148148149, 0.8888888888888888, 0.8814814814814815, 0.8555555555555555, 0.837037037037037, 0.8851851851851852, 0.8740740740740741, 0.9074074074074074, 0.9, 0.9074074074074074
2024-05-21 15:18:41 - WARNING  - Epoch: 588, Sum of Accs: 8.852, Sum of s_i: 12.352989490604049
2024-05-21 15:18:44 - INFO     - {6: 1.3995381322255729, 9: 1.1185292602922001, 0: 0.4514027502154004, 2: 1.829052648610112, 4: 0.7072301417178034, 3: 2.087262494354236, 5: 1.5627400819080224, 1: 1.4361896573647897, 8: 1.1689379413614465, 7: 0.5921178245513657}
2024-05-21 15:18:44 - INFO     - 0.9148148148148149, 0.8888888888888888, 0.8814814814814815, 0.8555555555555555, 0.837037037037037, 0.8851851851851852, 0.8740740740740741, 0.9074074074074074, 0.9, 0.9074074074074074
2024-05-21 15:18:44 - WARNING  - Epoch: 589, Sum of Accs: 8.852, Sum of s_i: 12.353000932600951
2024-05-21 15:18:48 - INFO     - {6: 1.3998150067275883, 9: 1.1183306640295683, 0: 0.4500736920050103, 2: 1.830057970669508, 4: 0.7063350303434005, 3: 2.0887078547858566, 5: 1.5632956750058216, 1: 1.4365309737972438, 8: 1.1688276865221345, 7: 0.5910287594065207}
2024-05-21 15:18:48 - INFO     - 0.9148148148148149, 0.8888888888888888, 0.8814814814814815, 0.8555555555555555, 0.837037037037037, 0.8851851851851852, 0.8740740740740741, 0.9074074074074074, 0.9, 0.9074074074074074
2024-05-21 15:18:48 - WARNING  - Epoch: 590, Sum of Accs: 8.852, Sum of s_i: 12.353003313292652
2024-05-21 15:18:52 - INFO     - {6: 1.4000918775475542, 9: 1.1181316358797495, 0: 0.44874463011257065, 2: 1.831062860841717, 4: 0.705439915286948, 3: 2.090153212887935, 5: 1.5638508362164338, 1: 1.436871858342511, 8: 1.1687152355609283, 7: 0.5899396905796261}
2024-05-21 15:18:52 - INFO     - 0.9148148148148149, 0.8888888888888888, 0.8814814814814815, 0.8555555555555555, 0.837037037037037, 0.8851851851851852, 0.8740740740740741, 0.9074074074074074, 0.9, 0.9074074074074074
2024-05-21 15:18:52 - WARNING  - Epoch: 591, Sum of Accs: 8.852, Sum of s_i: 12.353001753255974
2024-05-21 15:18:56 - INFO     - {6: 1.4003687507803195, 9: 1.1179330383478678, 0: 0.4474155706329306, 2: 1.832068181631863, 4: 0.7045448026432951, 3: 2.091598572059842, 5: 1.5644064280449832, 1: 1.4372131735057152, 8: 1.1686032152176589, 7: 0.5888506241655311}
2024-05-21 15:18:56 - INFO     - 0.9148148148148149, 0.8925925925925926, 0.8814814814814815, 0.8555555555555555, 0.837037037037037, 0.8851851851851852, 0.8740740740740741, 0.9074074074074074, 0.9, 0.9074074074074074
2024-05-21 15:18:56 - WARNING  - Epoch: 592, Sum of Accs: 8.856, Sum of s_i: 12.353002357030004
2024-05-21 15:19:00 - INFO     - {6: 1.4006456230792699, 9: 1.1177340116746668, 0: 0.44608608201197114, 2: 1.8330754375522789, 4: 0.7036492608583228, 3: 2.0930439292971874, 5: 1.5649639550038024, 1: 1.4375564237991894, 8: 1.1684929571840716, 7: 0.5877611286101168}
2024-05-21 15:19:00 - INFO     - 0.9148148148148149, 0.8925925925925926, 0.8814814814814815, 0.8555555555555555, 0.837037037037037, 0.8851851851851852, 0.8740740740740741, 0.9074074074074074, 0.9, 0.9074074074074074
2024-05-21 15:19:00 - WARNING  - Epoch: 593, Sum of Accs: 8.856, Sum of s_i: 12.353008809070877
2024-05-21 15:19:05 - INFO     - {6: 1.400922485399306, 9: 1.117534975038521, 0: 0.4447565834280672, 2: 1.8340826835376165, 4: 0.7027541373019407, 3: 2.094489275968052, 5: 1.5655214720275432, 1: 1.4378996641575852, 8: 1.168382862035994, 7: 0.5866739873912133}
2024-05-21 15:19:05 - INFO     - 0.9111111111111111, 0.8925925925925926, 0.8814814814814815, 0.8555555555555555, 0.837037037037037, 0.8851851851851852, 0.8740740740740741, 0.9074074074074074, 0.9, 0.9074074074074074
2024-05-21 15:19:05 - WARNING  - Epoch: 594, Sum of Accs: 8.852, Sum of s_i: 12.35301812628584
2024-05-21 15:19:09 - INFO     - {6: 1.4011993333090886, 9: 1.117335924015183, 0: 0.44342749862544417, 2: 1.835089914513625, 4: 0.7018585711668314, 3: 2.0959346083377883, 5: 1.5660788012981657, 1: 1.4382427167628624, 8: 1.1682727518785871, 7: 0.5855868311629808}
2024-05-21 15:19:09 - INFO     - 0.9111111111111111, 0.8925925925925926, 0.8814814814814815, 0.8555555555555555, 0.837037037037037, 0.8851851851851852, 0.8740740740740741, 0.9074074074074074, 0.9, 0.9074074074074074
2024-05-21 15:19:09 - WARNING  - Epoch: 595, Sum of Accs: 8.852, Sum of s_i: 12.353026951070557
2024-05-21 15:19:13 - INFO     - {6: 1.4014761675702472, 9: 1.1171368593650632, 0: 0.4420982798948623, 2: 1.8360947681855329, 4: 0.7009632992722367, 3: 2.097379930527682, 5: 1.5666361203889454, 1: 1.4385857591882971, 8: 1.168162458797548, 7: 0.5844972976306478}
2024-05-21 15:19:13 - INFO     - 0.9111111111111111, 0.8925925925925926, 0.8814814814814815, 0.8555555555555555, 0.837037037037037, 0.8851851851851852, 0.8740740740740741, 0.9074074074074074, 0.9, 0.9074074074074074
2024-05-21 15:19:13 - WARNING  - Epoch: 596, Sum of Accs: 8.852, Sum of s_i: 12.353030940821064
2024-05-21 15:19:17 - INFO     - {6: 1.4017529956607695, 9: 1.1169377885541822, 0: 0.44076917527297926, 2: 1.8370996156966797, 4: 0.7000681414863408, 3: 2.098825246221133, 5: 1.5671912389384954, 1: 1.4389287951172889, 8: 1.1680499651752796, 7: 0.5834081860743099}
2024-05-21 15:19:17 - INFO     - 0.9111111111111111, 0.8925925925925926, 0.8814814814814815, 0.8555555555555555, 0.8407407407407408, 0.8851851851851852, 0.8740740740740741, 0.9074074074074074, 0.9, 0.9074074074074074
2024-05-21 15:19:17 - WARNING  - Epoch: 597, Sum of Accs: 8.856, Sum of s_i: 12.35303114819746
2024-05-21 15:19:21 - INFO     - {6: 1.402029823430559, 9: 1.1167387174230818, 0: 0.43943964219412046, 2: 1.8381068272835437, 4: 0.6991733616379374, 3: 2.1002705580157826, 5: 1.5677485476340314, 1: 1.4392718271474796, 8: 1.1679396616989968, 7: 0.5823194524554645}
2024-05-21 15:19:21 - INFO     - 0.9111111111111111, 0.8925925925925926, 0.8814814814814815, 0.8555555555555555, 0.8444444444444444, 0.8851851851851852, 0.8777777777777778, 0.9074074074074074, 0.9, 0.9074074074074074
2024-05-21 15:19:21 - WARNING  - Epoch: 598, Sum of Accs: 8.863, Sum of s_i: 12.353038418920997
2024-05-21 15:19:25 - INFO     - {6: 1.4023066399553, 9: 1.1165396350649281, 0: 0.4381105260064559, 2: 1.8391140270124593, 4: 0.69827819228626, 3: 2.101715858573633, 5: 1.5683060184013502, 1: 1.439612657484412, 8: 1.167829520294497, 7: 0.581230329333345}
2024-05-21 15:19:25 - INFO     - 0.9111111111111111, 0.8925925925925926, 0.8814814814814815, 0.8518518518518519, 0.8444444444444444, 0.8851851851851852, 0.8777777777777778, 0.9074074074074074, 0.9, 0.9074074074074074
2024-05-21 15:19:25 - WARNING  - Epoch: 599, Sum of Accs: 8.859, Sum of s_i: 12.35304340441264
2024-05-21 15:19:29 - INFO     - {6: 1.4025834487693873, 9: 1.1163405450084605, 0: 0.43678097400223, 2: 1.8401188552780194, 4: 0.6973825871180213, 3: 2.103161156459903, 5: 1.568863313188506, 1: 1.4399534801230303, 8: 1.1677192029098342, 7: 0.580140770394664}
2024-05-21 15:19:29 - INFO     - 0.9111111111111111, 0.8925925925925926, 0.8814814814814815, 0.8518518518518519, 0.8444444444444444, 0.8851851851851852, 0.8777777777777778, 0.9074074074074074, 0.9, 0.9074074074074074
2024-05-21 15:19:29 - WARNING  - Epoch: 600, Sum of Accs: 8.859, Sum of s_i: 12.353044333252056
2024-05-21 15:19:33 - INFO     - {6: 1.4028602561469152, 9: 1.1161418816213413, 0: 0.43545184866735254, 2: 1.8411260452376537, 4: 0.6964874086191309, 3: 2.104606447277948, 5: 1.5694188391618178, 1: 1.4402947294309971, 8: 1.1676090517360531, 7: 0.5790516381253317}
2024-05-21 15:19:33 - INFO     - 0.9111111111111111, 0.8925925925925926, 0.8814814814814815, 0.8518518518518519, 0.8444444444444444, 0.8851851851851852, 0.8777777777777778, 0.9074074074074074, 0.9, 0.9074074074074074
2024-05-21 15:19:33 - WARNING  - Epoch: 601, Sum of Accs: 8.859, Sum of s_i: 12.353048146024541
2024-05-21 15:19:37 - INFO     - {6: 1.403137057627545, 9: 1.1159427842431517, 0: 0.4341225972580522, 2: 1.8421332301744957, 4: 0.6955941601221741, 3: 2.1060519063523073, 5: 1.5699739311440595, 1: 1.4406346383165691, 8: 1.1674956251151516, 7: 0.577962499959101}
2024-05-21 15:19:37 - INFO     - 0.9111111111111111, 0.8925925925925926, 0.8814814814814815, 0.8518518518518519, 0.8444444444444444, 0.8851851851851852, 0.8777777777777778, 0.9074074074074074, 0.9, 0.9074074074074074
2024-05-21 15:19:37 - WARNING  - Epoch: 602, Sum of Accs: 8.859, Sum of s_i: 12.353048430312606
2024-05-21 15:19:41 - INFO     - {6: 1.40341385866849, 9: 1.1157441145194498, 0: 0.43279346558659193, 2: 1.8431404138254148, 4: 0.694698975286701, 3: 2.107497190881336, 5: 1.5705313858333818, 1: 1.4409778163405464, 8: 1.1673854676326554, 7: 0.5768752964057791}
2024-05-21 15:19:41 - INFO     - 0.9111111111111111, 0.8925925925925926, 0.8814814814814815, 0.8518518518518519, 0.8444444444444444, 0.8851851851851852, 0.8777777777777778, 0.9074074074074074, 0.9, 0.9074074074074074
2024-05-21 15:19:41 - WARNING  - Epoch: 603, Sum of Accs: 8.859, Sum of s_i: 12.353057984980348
2024-05-21 15:19:45 - INFO     - {6: 1.403690644932045, 9: 1.1155454300183574, 0: 0.4314643191377413, 2: 1.8441456476463503, 4: 0.6938037756738376, 3: 2.1089424637374448, 5: 1.571088655590377, 1: 1.441317712188946, 8: 1.1672733603201755, 7: 0.5757861430224734}
2024-05-21 15:19:45 - INFO     - 0.9111111111111111, 0.8925925925925926, 0.8814814814814815, 0.8518518518518519, 0.8444444444444444, 0.8851851851851852, 0.8777777777777778, 0.9074074074074074, 0.9, 0.9074074074074074
2024-05-21 15:19:45 - WARNING  - Epoch: 604, Sum of Accs: 8.859, Sum of s_i: 12.353058152267748
2024-05-21 15:19:49 - INFO     - {6: 1.4039674309368708, 9: 1.1153467452585362, 0: 0.43013517243016175, 2: 1.845152816327277, 4: 0.6929085758022452, 3: 2.110387733343225, 5: 1.5716459220970436, 1: 1.4416607020302674, 8: 1.1671630146550234, 7: 0.5746969893804389}
2024-05-21 15:19:49 - INFO     - 0.9111111111111111, 0.8925925925925926, 0.8814814814814815, 0.8518518518518519, 0.8444444444444444, 0.8851851851851852, 0.8777777777777778, 0.9074074074074074, 0.9, 0.9074074074074074
2024-05-21 15:19:49 - WARNING  - Epoch: 605, Sum of Accs: 8.859, Sum of s_i: 12.353065102261088
2024-05-21 15:19:53 - INFO     - {6: 1.4042442061927518, 9: 1.1151476216975655, 0: 0.42880589487756143, 2: 1.8461599751545097, 4: 0.6920129371295034, 3: 2.1118329937895743, 5: 1.5722033519626797, 1: 1.4420038552305583, 8: 1.1670526598304398, 7: 0.5736077048933836}
2024-05-21 15:19:53 - INFO     - 0.9111111111111111, 0.8925925925925926, 0.8814814814814815, 0.8518518518518519, 0.8444444444444444, 0.8851851851851852, 0.8777777777777778, 0.9074074074074074, 0.9, 0.9074074074074074
2024-05-21 15:19:53 - WARNING  - Epoch: 606, Sum of Accs: 8.859, Sum of s_i: 12.353071200758526
2024-05-21 15:19:57 - INFO     - {6: 1.4045209720166338, 9: 1.11494848871969, 0: 0.4274767279890381, 2: 1.8471647604986619, 4: 0.6911177170769672, 3: 2.1132782476838807, 5: 1.5727584083452353, 1: 1.4423446349477687, 8: 1.1669401040411767, 7: 0.5725181030332949}
2024-05-21 15:19:57 - INFO     - 0.9111111111111111, 0.8925925925925926, 0.8814814814814815, 0.8518518518518519, 0.8444444444444444, 0.8851851851851852, 0.8777777777777778, 0.9074074074074074, 0.9, 0.9074074074074074
2024-05-21 15:19:57 - WARNING  - Epoch: 607, Sum of Accs: 8.859, Sum of s_i: 12.353068164352347
2024-05-21 15:20:01 - INFO     - {6: 1.4047977425366516, 9: 1.114749360430435, 0: 0.42614756579665036, 2: 1.8481695505314344, 4: 0.690222073675941, 3: 2.11472350690123, 5: 1.5733134694164113, 1: 1.4426854193535994, 8: 1.1668297479875933, 7: 0.5714285058618266}
2024-05-21 15:20:01 - INFO     - 0.9111111111111111, 0.8925925925925926, 0.8814814814814815, 0.8518518518518519, 0.8444444444444444, 0.8851851851851852, 0.8777777777777778, 0.9074074074074074, 0.9, 0.9074074074074074
2024-05-21 15:20:01 - WARNING  - Epoch: 608, Sum of Accs: 8.859, Sum of s_i: 12.353066942491774
2024-05-21 15:20:05 - INFO     - {6: 1.4050745149464117, 9: 1.114550662075548, 0: 0.424818405494005, 2: 1.8491767056770845, 4: 0.6893268602092829, 3: 2.116168763013998, 5: 1.5738689604219553, 1: 1.4430285688723077, 8: 1.166719561999828, 7: 0.5703393386247263}
2024-05-21 15:20:05 - INFO     - 0.9111111111111111, 0.8925925925925926, 0.8814814814814815, 0.8518518518518519, 0.8444444444444444, 0.8851851851851852, 0.8777777777777778, 0.9074074074074074, 0.9, 0.9074074074074074
2024-05-21 15:20:05 - WARNING  - Epoch: 609, Sum of Accs: 8.859, Sum of s_i: 12.353072341335148
2024-05-21 15:20:09 - INFO     - {6: 1.4053512790062674, 9: 1.1143515273364692, 0: 0.42348923684145534, 2: 1.8501819172943208, 4: 0.6884316383927205, 3: 2.1176140144953735, 5: 1.5744262088042174, 1: 1.4433715405892245, 8: 1.1666091982102713, 7: 0.5692501630377217}
2024-05-21 15:20:09 - INFO     - 0.9111111111111111, 0.8925925925925926, 0.8814814814814815, 0.8518518518518519, 0.8444444444444444, 0.8851851851851852, 0.8777777777777778, 0.9074074074074074, 0.9, 0.9074074074074074
2024-05-21 15:20:09 - WARNING  - Epoch: 610, Sum of Accs: 8.859, Sum of s_i: 12.35307672400804
2024-05-21 15:20:13 - INFO     - {6: 1.4056280362878446, 9: 1.1141528138533994, 0: 0.42216006141062706, 2: 1.8511871221332785, 4: 0.6875364097978794, 3: 2.1190592585872476, 5: 1.5749816846815785, 1: 1.4437145049166396, 8: 1.1664970619158137, 7: 0.5681609806724385}
2024-05-21 15:20:13 - INFO     - 0.9111111111111111, 0.8925925925925926, 0.8814814814814815, 0.8518518518518519, 0.8444444444444444, 0.8851851851851852, 0.8777777777777778, 0.9074074074074074, 0.9, 0.9074074074074074
2024-05-21 15:20:13 - WARNING  - Epoch: 611, Sum of Accs: 8.859, Sum of s_i: 12.35307793425675
2024-05-21 15:20:17 - INFO     - {6: 1.405904791697642, 9: 1.1139536704781048, 0: 0.42083045608757413, 2: 1.8521942616780103, 4: 0.6866407513108137, 3: 2.1205046722694965, 5: 1.5755390952647137, 1: 1.4440576388344295, 8: 1.1663868603271301, 7: 0.5670713684149307}
2024-05-21 15:20:17 - INFO     - 0.9111111111111111, 0.8925925925925926, 0.8814814814814815, 0.8518518518518519, 0.8444444444444444, 0.8851851851851852, 0.8777777777777778, 0.9074074074074074, 0.9, 0.9074074074074074
2024-05-21 15:20:17 - WARNING  - Epoch: 612, Sum of Accs: 8.859, Sum of s_i: 12.353083566362844
2024-05-21 15:20:21 - INFO     - {6: 1.4061815383967875, 9: 1.113754946412603, 0: 0.41950127007431415, 2: 1.853201391226117, 4: 0.685745512133541, 3: 2.1219500759551204, 5: 1.5760964958512238, 1: 1.444397492033696, 8: 1.1662766487418215, 7: 0.5659821754672157}
2024-05-21 15:20:21 - INFO     - 0.9111111111111111, 0.8925925925925926, 0.8814814814814815, 0.8518518518518519, 0.8444444444444444, 0.8851851851851852, 0.8777777777777778, 0.9074074074074074, 0.9, 0.9074074074074074
2024-05-21 15:20:21 - WARNING  - Epoch: 613, Sum of Accs: 8.859, Sum of s_i: 12.35308754629244
2024-05-21 15:20:24 - INFO     - {6: 1.4064582789405538, 9: 1.1135557881950673, 0: 0.41817164990901995, 2: 1.8542085159701196, 4: 0.6848498388042339, 3: 2.123395302425315, 5: 1.5766537192223045, 1: 1.4447404387394314, 8: 1.166164067712898, 7: 0.5648925483674666}
2024-05-21 15:20:24 - INFO     - 0.9111111111111111, 0.8925925925925926, 0.8814814814814815, 0.8518518518518519, 0.8444444444444444, 0.8851851851851852, 0.8777777777777778, 0.9074074074074074, 0.9, 0.9074074074074074
2024-05-21 15:20:24 - WARNING  - Epoch: 614, Sum of Accs: 8.859, Sum of s_i: 12.353090148286412
2024-05-21 15:20:27 - INFO     - {6: 1.4067350154600655, 9: 1.1133570539499318, 0: 0.4168424537161262, 2: 1.8552156353833607, 4: 0.6839545894473273, 3: 2.124840522917247, 5: 1.5772109366151228, 1: 1.4450833794669047, 8: 1.1660536729338975, 7: 0.5638052805764667}
2024-05-21 15:20:27 - INFO     - 0.9111111111111111, 0.8925925925925926, 0.8814814814814815, 0.8518518518518519, 0.8444444444444444, 0.8851851851851852, 0.8777777777777778, 0.9074074074074074, 0.9, 0.9074074074074074
2024-05-21 15:20:27 - WARNING  - Epoch: 615, Sum of Accs: 8.859, Sum of s_i: 12.35309854046645
2024-05-21 15:20:30 - INFO     - {6: 1.4070117390002113, 9: 1.113157878755986, 0: 0.4155132445438665, 2: 1.8562227425363753, 4: 0.6830593271110549, 3: 2.126285731188264, 5: 1.577768314806541, 1: 1.4454264809929778, 8: 1.1659434389534968, 7: 0.5627156365003078}
2024-05-21 15:20:30 - INFO     - 0.9111111111111111, 0.8925925925925926, 0.8814814814814815, 0.8518518518518519, 0.8444444444444444, 0.8851851851851852, 0.8777777777777778, 0.9074074074074074, 0.9, 0.9074074074074074
2024-05-21 15:20:30 - WARNING  - Epoch: 616, Sum of Accs: 8.859, Sum of s_i: 12.35310453438908
2024-05-21 15:20:33 - INFO     - {6: 1.4072884532701546, 9: 1.1129586943066727, 0: 0.414183598146795, 2: 1.8572298411219679, 4: 0.68216405550458, 3: 2.1277309309196384, 5: 1.5783256844305367, 1: 1.4457695739516285, 8: 1.165833196405674, 7: 0.5616283478816593}
2024-05-21 15:20:33 - INFO     - 0.9111111111111111, 0.8925925925925926, 0.8814814814814815, 0.8518518518518519, 0.8444444444444444, 0.8851851851851852, 0.8777777777777778, 0.9074074074074074, 0.9, 0.9074074074074074
2024-05-21 15:20:33 - WARNING  - Epoch: 617, Sum of Accs: 8.859, Sum of s_i: 12.353112375939308
2024-05-21 15:20:36 - INFO     - {6: 1.4075651554123707, 9: 1.1127594977490398, 0: 0.4128542477076032, 2: 1.8582369271565358, 4: 0.6812687717703779, 3: 2.129176291091724, 5: 1.578883041503508, 1: 1.4461126543592548, 8: 1.1657191403730314, 7: 0.560539110377015}
2024-05-21 15:20:36 - INFO     - 0.9111111111111111, 0.8925925925925926, 0.8814814814814815, 0.8518518518518519, 0.8444444444444444, 0.8851851851851852, 0.8777777777777778, 0.9074074074074074, 0.9, 0.9074074074074074
2024-05-21 15:20:36 - WARNING  - Epoch: 618, Sum of Accs: 8.859, Sum of s_i: 12.353114837500458
2024-05-21 15:20:39 - INFO     - {6: 1.4078418537475446, 9: 1.1125602973904571, 0: 0.41152501333037167, 2: 1.8592416451199807, 4: 0.6803734842291336, 3: 2.130621478004017, 5: 1.5794380305053564, 1: 1.446453366695758, 8: 1.165606517203061, 7: 0.5594498690653285}
2024-05-21 15:20:39 - INFO     - 0.9111111111111111, 0.8925925925925926, 0.8814814814814815, 0.8518518518518519, 0.8444444444444444, 0.8851851851851852, 0.8777777777777778, 0.9074074074074074, 0.9, 0.9074074074074074
2024-05-21 15:20:39 - WARNING  - Epoch: 619, Sum of Accs: 8.859, Sum of s_i: 12.353111555291008
2024-05-21 15:20:43 - INFO     - {6: 1.408118557158973, 9: 1.1123615300372385, 0: 0.4101957840293946, 2: 1.8602487315707408, 4: 0.6794782017641438, 3: 2.132066665636392, 5: 1.5799952150386176, 1: 1.4467964475195765, 8: 1.1654960895645035, 7: 0.5583606328298965}
2024-05-21 15:20:43 - INFO     - 0.9111111111111111, 0.8925925925925926, 0.8814814814814815, 0.8555555555555555, 0.8444444444444444, 0.8851851851851852, 0.8777777777777778, 0.9074074074074074, 0.9, 0.9074074074074074
2024-05-21 15:20:43 - WARNING  - Epoch: 620, Sum of Accs: 8.863, Sum of s_i: 12.353117855149474
2024-05-21 15:20:46 - INFO     - {6: 1.4083952508270636, 9: 1.1121623250190409, 0: 0.40886654498507974, 2: 1.8612558089829947, 4: 0.6785848457425988, 3: 2.133512017186163, 5: 1.5805525634892748, 1: 1.4471395193048886, 8: 1.165385825843342, 7: 0.5572709589294857}
2024-05-21 15:20:46 - INFO     - 0.9111111111111111, 0.8925925925925926, 0.8814814814814815, 0.8555555555555555, 0.8444444444444444, 0.8851851851851852, 0.8777777777777778, 0.9074074074074074, 0.9, 0.9074074074074074
2024-05-21 15:20:46 - WARNING  - Epoch: 621, Sum of Accs: 8.863, Sum of s_i: 12.353125660309932
2024-05-21 15:20:50 - INFO     - {6: 1.4086719324237384, 9: 1.1119635358510687, 0: 0.4075372938693491, 2: 1.86226093813705, 4: 0.6776895414628553, 3: 2.1349571861617505, 5: 1.5811097293657486, 1: 1.4474824085160172, 8: 1.165275379547997, 7: 0.5561817008793002}
2024-05-21 15:20:50 - INFO     - 0.9111111111111111, 0.8925925925925926, 0.8814814814814815, 0.8555555555555555, 0.8444444444444444, 0.8851851851851852, 0.8777777777777778, 0.9074074074074074, 0.9, 0.9074074074074074
2024-05-21 15:20:50 - WARNING  - Epoch: 622, Sum of Accs: 8.863, Sum of s_i: 12.353129646214873
2024-05-21 15:20:54 - INFO     - {6: 1.4089486078558429, 9: 1.1117643126260675, 0: 0.40620803658904814, 2: 1.863266061126535, 4: 0.6767942310185415, 3: 2.136402349681003, 5: 1.5816646955011784, 1: 1.4478235258785603, 8: 1.1651649277963172, 7: 0.5550924366645442}
2024-05-21 15:20:54 - INFO     - 0.9111111111111111, 0.8925925925925926, 0.8814814814814815, 0.8555555555555555, 0.8444444444444444, 0.8851851851851852, 0.8777777777777778, 0.9074074074074074, 0.9, 0.9074074074074074
2024-05-21 15:20:54 - WARNING  - Epoch: 623, Sum of Accs: 8.863, Sum of s_i: 12.353129184737638
2024-05-21 15:20:58 - INFO     - {6: 1.4092252840016644, 9: 1.1115650901136411, 0: 0.4048787800224641, 2: 1.864271184829737, 4: 0.6758989212879447, 3: 2.1378457475217223, 5: 1.5822200902427836, 1: 1.4481633189395158, 8: 1.165052710366104, 7: 0.5540031731635052}
2024-05-21 15:20:58 - INFO     - 0.9111111111111111, 0.8925925925925926, 0.8814814814814815, 0.8555555555555555, 0.8444444444444444, 0.8851851851851852, 0.8777777777777778, 0.9074074074074074, 0.9, 0.9074074074074074
2024-05-21 15:20:58 - WARNING  - Epoch: 624, Sum of Accs: 8.863, Sum of s_i: 12.353124300489082
2024-05-21 15:21:02 - INFO     - {6: 1.4095019677014289, 9: 1.1113658751430695, 0: 0.40354910310413417, 2: 1.8652782529794347, 4: 0.675003191205602, 3: 2.1392909175741783, 5: 1.5827774294308847, 1: 1.4485063814622716, 8: 1.1649386375242172, 7: 0.5529134893107204}
2024-05-21 15:21:02 - INFO     - 0.9111111111111111, 0.8925925925925926, 0.8814814814814815, 0.8555555555555555, 0.8444444444444444, 0.8851851851851852, 0.8777777777777778, 0.9074074074074074, 0.9, 0.9074074074074074
2024-05-21 15:21:03 - WARNING  - Epoch: 625, Sum of Accs: 8.863, Sum of s_i: 12.353125245435942
2024-05-21 15:21:07 - INFO     - {6: 1.4097786499397449, 9: 1.1111666587133882, 0: 0.4022198526300448, 2: 1.8662853190121502, 4: 0.6741098238045187, 3: 2.140736081858057, 5: 1.58333459061565, 1: 1.4488492659816916, 8: 1.1648283624235174, 7: 0.551824231902176}
2024-05-21 15:21:07 - INFO     - 0.9111111111111111, 0.8925925925925926, 0.8814814814814815, 0.8555555555555555, 0.8444444444444444, 0.8851851851851852, 0.8777777777777778, 0.9074074074074074, 0.9, 0.9074074074074074
2024-05-21 15:21:07 - WARNING  - Epoch: 626, Sum of Accs: 8.863, Sum of s_i: 12.353132836880937
2024-05-21 15:21:11 - INFO     - {6: 1.4100553204371928, 9: 1.110967430561627, 0: 0.4008905904150873, 2: 1.8672923733556008, 4: 0.6732145084255484, 3: 2.1421812374844036, 5: 1.5838895518243201, 1: 1.4491899505250165, 8: 1.1647157114603688, 7: 0.5507345348682018}
2024-05-21 15:21:11 - INFO     - 0.9111111111111111, 0.8925925925925926, 0.8814814814814815, 0.8555555555555555, 0.8444444444444444, 0.8851851851851852, 0.8777777777777778, 0.9074074074074074, 0.9, 0.9074074074074074
2024-05-21 15:21:11 - WARNING  - Epoch: 627, Sum of Accs: 8.863, Sum of s_i: 12.353131209357366
2024-05-21 15:21:14 - INFO     - {6: 1.4103319934517542, 9: 1.1107686328115414, 0: 0.39956133071724326, 2: 1.868299429543172, 4: 0.6723191955636916, 3: 2.1436263949480843, 5: 1.5844467061888867, 1: 1.449533001085646, 8: 1.1646054265145247, 7: 0.5496452682359029}
2024-05-21 15:21:14 - INFO     - 0.9111111111111111, 0.8925925925925926, 0.8814814814814815, 0.8555555555555555, 0.8444444444444444, 0.8851851851851852, 0.8777777777777778, 0.9074074074074074, 0.9, 0.9074074074074074
2024-05-21 15:21:14 - WARNING  - Epoch: 628, Sum of Accs: 8.863, Sum of s_i: 12.353137379060447
2024-05-21 15:21:18 - INFO     - {6: 1.410608656924312, 9: 1.110569825519452, 0: 0.3982320614773956, 2: 1.8693045405731104, 4: 0.6714238731598311, 3: 2.1450715459357186, 5: 1.5850038540774072, 1: 1.4498758723088212, 8: 1.1644949622312264, 7: 0.5485559920616002}
2024-05-21 15:21:18 - INFO     - 0.9111111111111111, 0.8925925925925926, 0.8814814814814815, 0.8555555555555555, 0.8444444444444444, 0.8851851851851852, 0.8777777777777778, 0.9074074074074074, 0.9, 0.9074074074074074
2024-05-21 15:21:18 - WARNING  - Epoch: 629, Sum of Accs: 8.863, Sum of s_i: 12.353141184268873
2024-05-21 15:21:22 - INFO     - {6: 1.4108853145117766, 9: 1.110370584478367, 0: 0.39690235848855215, 2: 1.8703115827252095, 4: 0.6705281170069749, 3: 2.1465166900716843, 5: 1.585560995114259, 1: 1.450218736680328, 8: 1.1643844910962595, 7: 0.5474662821383018}
2024-05-21 15:21:22 - INFO     - 0.9111111111111111, 0.8925925925925926, 0.8814814814814815, 0.8555555555555555, 0.8444444444444444, 0.8851851851851852, 0.8777777777777778, 0.9074074074074074, 0.9, 0.9074074074074074
2024-05-21 15:21:22 - WARNING  - Epoch: 630, Sum of Accs: 8.863, Sum of s_i: 12.353145152311713
2024-05-21 15:21:26 - INFO     - {6: 1.4111619659623147, 9: 1.110171337310176, 0: 0.39557307722668483, 2: 1.8713162538790462, 4: 0.6696323547270129, 3: 2.1479618311131996, 5: 1.5861181330566607, 1: 1.4505615979573845, 8: 1.1642740168668424, 7: 0.5463765660878976}
2024-05-21 15:21:26 - INFO     - 0.9111111111111111, 0.8925925925925926, 0.8814814814814815, 0.8555555555555555, 0.8444444444444444, 0.8851851851851852, 0.8777777777777778, 0.9074074074074074, 0.9, 0.9074074074074074
2024-05-21 15:21:26 - WARNING  - Epoch: 631, Sum of Accs: 8.863, Sum of s_i: 12.35314713418722
2024-05-21 15:21:30 - INFO     - {6: 1.4114386143477102, 9: 1.1099720870817475, 0: 0.39424379289967487, 2: 1.8723232862076304, 4: 0.6687370172359901, 3: 2.149406964793419, 5: 1.5866752636377661, 1: 1.4509044518731449, 8: 1.1641635352761293, 7: 0.5452872748264328}
2024-05-21 15:21:30 - INFO     - 0.9111111111111111, 0.8925925925925926, 0.8814814814814815, 0.8555555555555555, 0.8444444444444444, 0.8851851851851852, 0.8777777777777778, 0.9074074074074074, 0.9, 0.9074074074074074
2024-05-21 15:21:30 - WARNING  - Epoch: 632, Sum of Accs: 8.863, Sum of s_i: 12.353152288179643
2024-05-21 15:21:35 - INFO     - {6: 1.4117152547620142, 9: 1.1097728288949833, 0: 0.3929145006015735, 2: 1.8733279463428938, 4: 0.6678420541761048, 3: 2.1508520936281474, 5: 1.5872323893733808, 1: 1.4512473009434144, 8: 1.164049421959116, 7: 0.5441983579961053}
2024-05-21 15:21:35 - INFO     - 0.9111111111111111, 0.8925925925925926, 0.8814814814814815, 0.8555555555555555, 0.8444444444444444, 0.8851851851851852, 0.8777777777777778, 0.9074074074074074, 0.9, 0.9074074074074074
2024-05-21 15:21:35 - WARNING  - Epoch: 633, Sum of Accs: 8.863, Sum of s_i: 12.353152148677733
2024-05-21 15:21:39 - INFO     - {6: 1.4119918953920698, 9: 1.1095735709236254, 0: 0.3915852085192237, 2: 1.8743326066935635, 4: 0.6669467089297422, 3: 2.1522972232685564, 5: 1.587787320762454, 1: 1.4515879556671423, 8: 1.1639371690131368, 7: 0.5431090589793005}
2024-05-21 15:21:39 - INFO     - 0.9111111111111111, 0.8925925925925926, 0.8814814814814815, 0.8555555555555555, 0.8444444444444444, 0.8851851851851852, 0.8777777777777778, 0.9074074074074074, 0.9, 0.9074074074074074
2024-05-21 15:21:39 - WARNING  - Epoch: 634, Sum of Accs: 8.863, Sum of s_i: 12.353148718148814
2024-05-21 15:21:43 - INFO     - {6: 1.412268541327732, 9: 1.1093743182493836, 0: 0.3902559217424804, 2: 1.8753396365831814, 4: 0.6660533053855612, 3: 2.153742351521958, 5: 1.5883446216904753, 1: 1.4519309799298183, 8: 1.1638268577693394, 7: 0.5420217016646774}
2024-05-21 15:21:43 - INFO     - 0.9111111111111111, 0.8925925925925926, 0.8814814814814815, 0.8555555555555555, 0.8444444444444444, 0.8851851851851852, 0.8777777777777778, 0.9074074074074074, 0.9, 0.9074074074074074
2024-05-21 15:21:43 - WARNING  - Epoch: 635, Sum of Accs: 8.863, Sum of s_i: 12.353158235864605
2024-05-21 15:21:47 - INFO     - {6: 1.412545172543441, 9: 1.1091754787004455, 0: 0.38892662024578395, 2: 1.8763466511557194, 4: 0.6651579507248518, 3: 2.1551874675005442, 5: 1.5888999715019683, 1: 1.4522738161439455, 8: 1.163716531208462, 7: 0.540932393233526}
2024-05-21 15:21:47 - INFO     - 0.9111111111111111, 0.8925925925925926, 0.8814814814814815, 0.8555555555555555, 0.8444444444444444, 0.8851851851851852, 0.8777777777777778, 0.9074074074074074, 0.9, 0.9074074074074074
2024-05-21 15:21:47 - WARNING  - Epoch: 636, Sum of Accs: 8.863, Sum of s_i: 12.353162052958687
2024-05-21 15:21:51 - INFO     - {6: 1.4128217978556985, 9: 1.108976633248056, 0: 0.38759719255360753, 2: 1.8773536600368543, 4: 0.6642645261721879, 3: 2.1566325748109234, 5: 1.5894572514215066, 1: 1.4526168193981386, 8: 1.1636060232479088, 7: 0.53984501491042}
2024-05-21 15:21:51 - INFO     - 0.9111111111111111, 0.8925925925925926, 0.8814814814814815, 0.8555555555555555, 0.8444444444444444, 0.8851851851851852, 0.8777777777777778, 0.9074074074074074, 0.9, 0.9074074074074074
2024-05-21 15:21:51 - WARNING  - Epoch: 637, Sum of Accs: 8.863, Sum of s_i: 12.3531714936553
2024-05-21 15:21:55 - INFO     - {6: 1.4130984085671572, 9: 1.108777345405978, 0: 0.38626787055266076, 2: 1.8783582905168041, 4: 0.6633687232183388, 3: 2.15807767541911, 5: 1.5900143489305794, 1: 1.452957872040036, 8: 1.1634955085851628, 7: 0.5387560685594333}
2024-05-21 15:21:55 - INFO     - 0.9111111111111111, 0.8925925925925926, 0.8814814814814815, 0.8555555555555555, 0.8444444444444444, 0.8851851851851852, 0.8777777777777778, 0.9074074074074074, 0.9, 0.9074074074074074
2024-05-21 15:21:55 - WARNING  - Epoch: 638, Sum of Accs: 8.863, Sum of s_i: 12.35317211179526
2024-05-21 15:21:59 - INFO     - {6: 1.4133750183226135, 9: 1.1085780566094274, 0: 0.3849385475957116, 2: 1.8793652843852329, 4: 0.6624733470973769, 3: 2.159522770759261, 5: 1.5905714411716163, 1: 1.4533006876157277, 8: 1.163384988654381, 7: 0.5376667386680292}
2024-05-21 15:21:59 - INFO     - 0.9111111111111111, 0.8925925925925926, 0.8814814814814815, 0.8555555555555555, 0.8444444444444444, 0.8851851851851852, 0.8777777777777778, 0.9074074074074074, 0.9, 0.9074074074074074
2024-05-21 15:21:59 - WARNING  - Epoch: 639, Sum of Accs: 8.863, Sum of s_i: 12.353176880879378
2024-05-21 15:22:03 - INFO     - {6: 1.4136516207023075, 9: 1.1083791882244745, 0: 0.3836092172630003, 2: 1.8803722702485675, 4: 0.6615779636006528, 3: 2.1609678581182843, 5: 1.5911286980733543, 1: 1.4536436678521205, 8: 1.1632726974580403, 7: 0.5365774014008629}
2024-05-21 15:22:03 - INFO     - 0.9111111111111111, 0.8925925925925926, 0.8814814814814815, 0.8555555555555555, 0.8444444444444444, 0.8851851851851852, 0.8777777777777778, 0.9074074074074074, 0.9, 0.9074074074074074
2024-05-21 15:22:03 - WARNING  - Epoch: 640, Sum of Accs: 8.863, Sum of s_i: 12.353180582941665
2024-05-21 15:22:07 - INFO     - {6: 1.4139282173564771, 9: 1.1081798863476022, 0: 0.3822798812047643, 2: 1.8813768866937228, 4: 0.660682574378404, 3: 2.162412944112962, 5: 1.591685780968918, 1: 1.453984278670334, 8: 1.1631621681817852, 7: 0.5354880584081719}
2024-05-21 15:22:07 - INFO     - 0.9111111111111111, 0.8925925925925926, 0.8814814814814815, 0.8555555555555555, 0.8444444444444444, 0.8851851851851852, 0.8777777777777778, 0.9074074074074074, 0.9, 0.9074074074074074
2024-05-21 15:22:07 - WARNING  - Epoch: 641, Sum of Accs: 8.863, Sum of s_i: 12.35318067632314
2024-05-21 15:22:11 - INFO     - {6: 1.414204813866225, 9: 1.1079805843265396, 0: 0.38095011723594324, 2: 1.8823838680363933, 4: 0.6597867572455702, 3: 2.163858027629212, 5: 1.5922406262720223, 1: 1.4543270824221255, 8: 1.1630518083910404, 7: 0.5343982875048959}
2024-05-21 15:22:11 - INFO     - 0.9111111111111111, 0.8925925925925926, 0.8814814814814815, 0.8555555555555555, 0.8444444444444444, 0.8851851851851852, 0.8777777777777778, 0.9074074074074074, 0.9, 0.9074074074074074
2024-05-21 15:22:11 - WARNING  - Epoch: 642, Sum of Accs: 8.863, Sum of s_i: 12.353181972929967
2024-05-21 15:22:15 - INFO     - {6: 1.4144814083706716, 9: 1.1077812803033844, 0: 0.37962035126502974, 2: 1.883390847382571, 4: 0.6588909381106439, 3: 2.165303109155198, 5: 1.5927955116092982, 1: 1.4546676910940561, 8: 1.1629414466038026, 7: 0.5333085145995276}
2024-05-21 15:22:15 - INFO     - 0.9111111111111111, 0.8925925925925926, 0.8814814814814815, 0.8555555555555555, 0.8444444444444444, 0.8851851851851852, 0.8777777777777778, 0.9074074074074074, 0.9, 0.9074074074074074
2024-05-21 15:22:15 - WARNING  - Epoch: 643, Sum of Accs: 8.863, Sum of s_i: 12.353181098494181
2024-05-21 15:22:19 - INFO     - {6: 1.4147580042274996, 9: 1.1075824053955654, 0: 0.3782910144094524, 2: 1.8843978267517247, 4: 0.6579955480910538, 3: 2.166748362661869, 5: 1.593350354019123, 1: 1.4550106648362684, 8: 1.1628291488845959, 7: 0.5322191708094953}
2024-05-21 15:22:19 - INFO     - 0.9111111111111111, 0.8925925925925926, 0.8814814814814815, 0.8555555555555555, 0.8444444444444444, 0.8851851851851852, 0.8777777777777778, 0.9074074074074074, 0.9, 0.9074074074074074
2024-05-21 15:22:19 - WARNING  - Epoch: 644, Sum of Accs: 8.863, Sum of s_i: 12.353182500086646
2024-05-21 15:22:23 - INFO     - {6: 1.4150345979166583, 9: 1.107383100558427, 0: 0.37696155585402447, 2: 1.8854048048093792, 4: 0.6571001559037941, 3: 2.1681934422409, 5: 1.59390743049904, 1: 1.4553534646508401, 8: 1.1627149865628008, 7: 0.5311297053196125}
2024-05-21 15:22:23 - INFO     - 0.9111111111111111, 0.8925925925925926, 0.8814814814814815, 0.8555555555555555, 0.8444444444444444, 0.8851851851851852, 0.8777777777777778, 0.9074074074074074, 0.9, 0.9074074074074074
2024-05-21 15:22:23 - WARNING  - Epoch: 645, Sum of Accs: 8.863, Sum of s_i: 12.353183244315476
2024-05-21 15:22:27 - INFO     - {6: 1.4153111904548106, 9: 1.1071837945721241, 0: 0.37563221567977134, 2: 1.886409417145104, 4: 0.6562043348057202, 3: 2.1696385248121715, 5: 1.5944623138731682, 1: 1.4556940713596231, 8: 1.1626022577651103, 7: 0.5300403582109043}
2024-05-21 15:22:27 - INFO     - 0.9111111111111111, 0.8925925925925926, 0.8814814814814815, 0.8555555555555555, 0.8444444444444444, 0.8851851851851852, 0.8777777777777778, 0.9074074074074074, 0.9, 0.9074074074074074
2024-05-21 15:22:27 - WARNING  - Epoch: 646, Sum of Accs: 8.863, Sum of s_i: 12.353178478678506
2024-05-21 15:22:31 - INFO     - {6: 1.4155877903633847, 9: 1.1069844959444488, 0: 0.37430245510433763, 2: 1.8874164018716713, 4: 0.6553108860984886, 3: 2.1710836080432467, 5: 1.5950172046059239, 1: 1.4560370504592486, 8: 1.1624919013582622, 7: 0.5289529557332306}
2024-05-21 15:22:31 - INFO     - 0.9111111111111111, 0.8925925925925926, 0.8814814814814815, 0.8555555555555555, 0.8444444444444444, 0.8851851851851852, 0.8777777777777778, 0.9074074074074074, 0.9, 0.9074074074074074
2024-05-21 15:22:31 - WARNING  - Epoch: 647, Sum of Accs: 8.863, Sum of s_i: 12.353184749582244
2024-05-21 15:22:35 - INFO     - {6: 1.4158643805735283, 9: 1.1067851876338626, 0: 0.37297311260207583, 2: 1.8884210118831128, 4: 0.6544150626761314, 3: 2.1725264921922056, 5: 1.5955720856557687, 1: 1.4563767611745921, 8: 1.1623782765671322, 7: 0.5278631785404312}
2024-05-21 15:22:35 - INFO     - 0.9111111111111111, 0.8925925925925926, 0.8814814814814815, 0.8555555555555555, 0.8444444444444444, 0.8851851851851852, 0.8777777777777778, 0.9074074074074074, 0.9, 0.9074074074074074
2024-05-21 15:22:35 - WARNING  - Epoch: 648, Sum of Accs: 8.863, Sum of s_i: 12.35317554949884
2024-05-21 15:22:39 - INFO     - {6: 1.416140985012306, 9: 1.1065858935291415, 0: 0.37164335654959635, 2: 1.8894280011199847, 4: 0.6535196812384908, 3: 2.173971582916289, 5: 1.596129345931044, 1: 1.4567197447845222, 8: 1.1622679246705887, 7: 0.5267734155534968}
2024-05-21 15:22:39 - INFO     - 0.9111111111111111, 0.8925925925925926, 0.8814814814814815, 0.8555555555555555, 0.8444444444444444, 0.8851851851851852, 0.8777777777777778, 0.9074074074074074, 0.9, 0.9074074074074074
2024-05-21 15:22:39 - WARNING  - Epoch: 649, Sum of Accs: 8.863, Sum of s_i: 12.353179931305458
2024-05-21 15:22:43 - INFO     - {6: 1.4164175826742806, 9: 1.106386592658462, 0: 0.3703135937311584, 2: 1.8904326185713327, 4: 0.65262386525604, 3: 2.1754166712346517, 5: 1.5966864311502929, 1: 1.4570625533384258, 8: 1.1621573977180188, 7: 0.5256840735686111}
2024-05-21 15:22:43 - INFO     - 0.9111111111111111, 0.8925925925925926, 0.8814814814814815, 0.8555555555555555, 0.8444444444444444, 0.8851851851851852, 0.8777777777777778, 0.9074074074074074, 0.9, 0.9074074074074074
2024-05-21 15:22:43 - WARNING  - Epoch: 650, Sum of Accs: 8.863, Sum of s_i: 12.353181379901274
2024-05-21 15:22:47 - INFO     - {6: 1.4166941780958913, 9: 1.1061877173154253, 0: 0.36898425644036353, 2: 1.891439597507183, 4: 0.6517284748012323, 3: 2.1768617516878206, 5: 1.5972436811245465, 1: 1.457405354027136, 8: 1.1620468629002554, 7: 0.5245947293433613}
2024-05-21 15:22:47 - INFO     - 0.9111111111111111, 0.8925925925925926, 0.8814814814814815, 0.8555555555555555, 0.8444444444444444, 0.8851851851851852, 0.8777777777777778, 0.9074074074074074, 0.9, 0.9074074074074074
2024-05-21 15:22:47 - WARNING  - Epoch: 651, Sum of Accs: 8.863, Sum of s_i: 12.353186603243214
2024-05-21 15:22:51 - INFO     - {6: 1.4169707654392092, 9: 1.1059888338940962, 0: 0.3676547908972632, 2: 1.8924445122338687, 4: 0.650833076268132, 3: 2.1783068274899544, 5: 1.5978007538275663, 1: 1.4577481500648106, 8: 1.1619363234314566, 7: 0.523505256865806}
2024-05-21 15:22:51 - INFO     - 0.9111111111111111, 0.8925925925925926, 0.8814814814814815, 0.8555555555555555, 0.8444444444444444, 0.8851851851851852, 0.8777777777777778, 0.9074074074074074, 0.9, 0.9074074074074074
2024-05-21 15:22:51 - WARNING  - Epoch: 652, Sum of Accs: 8.863, Sum of s_i: 12.353189290412162
2024-05-21 15:22:55 - INFO     - {6: 1.4172473486266208, 9: 1.105789518572016, 0: 0.3663250136274246, 2: 1.893449115233816, 4: 0.6499372458342806, 3: 2.1797519014423488, 5: 1.598355627865917, 1: 1.4580887474378161, 8: 1.1618257821129183, 7: 0.5224154726615123}
2024-05-21 15:22:55 - INFO     - 0.9111111111111111, 0.8925925925925926, 0.8814814814814815, 0.8555555555555555, 0.8444444444444444, 0.8851851851851852, 0.8777777777777778, 0.9074074074074074, 0.9, 0.9074074074074074
2024-05-21 15:22:55 - WARNING  - Epoch: 653, Sum of Accs: 8.863, Sum of s_i: 12.35318577341467
2024-05-21 15:22:59 - INFO     - {6: 1.4175239372533308, 9: 1.1055902086805298, 0: 0.364995669541729, 2: 1.894456088066361, 4: 0.6490414208310233, 3: 2.181196976473997, 5: 1.5989128717368655, 1: 1.4584317146434194, 8: 1.161715413812048, 7: 0.521325693887813}
2024-05-21 15:22:59 - INFO     - 0.9111111111111111, 0.8925925925925926, 0.8814814814814815, 0.8555555555555555, 0.8444444444444444, 0.8851851851851852, 0.8777777777777778, 0.9074074074074074, 0.9, 0.9074074074074074
2024-05-21 15:22:59 - WARNING  - Epoch: 654, Sum of Accs: 8.863, Sum of s_i: 12.353189994927117
2024-05-21 15:23:03 - INFO     - {6: 1.417800519351158, 9: 1.1053908922706086, 0: 0.36366631892715073, 2: 1.8954630543987183, 4: 0.6481460170524322, 3: 2.1826420443640537, 5: 1.5994701091076262, 1: 1.4587746753488349, 8: 1.16160503901099, 7: 0.5202363363387799}
2024-05-21 15:23:03 - INFO     - 0.9111111111111111, 0.8925925925925926, 0.8814814814814815, 0.8555555555555555, 0.8444444444444444, 0.8851851851851852, 0.8777777777777778, 0.9074074074074074, 0.9, 0.9074074074074074
2024-05-21 15:23:03 - WARNING  - Epoch: 655, Sum of Accs: 8.863, Sum of s_i: 12.353195006170353
2024-05-21 15:23:07 - INFO     - {6: 1.4180770936987321, 9: 1.1051915681228366, 0: 0.36233696056231934, 2: 1.896467648572974, 4: 0.647250605523588, 3: 2.184087108219604, 5: 1.6000249743202852, 1: 1.4591152638961487, 8: 1.1614922920518302, 7: 0.5191465433087945}
2024-05-21 15:23:07 - INFO     - 0.9111111111111111, 0.8925925925925926, 0.8814814814814815, 0.8555555555555555, 0.8444444444444444, 0.8851851851851852, 0.8777777777777778, 0.9074074074074074, 0.9, 0.9074074074074074
2024-05-21 15:23:07 - WARNING  - Epoch: 656, Sum of Accs: 8.863, Sum of s_i: 12.353190058277114
2024-05-21 15:23:11 - INFO     - {6: 1.418353675698584, 9: 1.1049922516150967, 0: 0.36100718210682126, 2: 1.8974722503872619, 4: 0.6463547739040771, 3: 2.185529984171409, 5: 1.6005798471729766, 1: 1.4594558600834948, 8: 1.161378659801966, 7: 0.5180567579188415}
2024-05-21 15:23:11 - INFO     - 0.9111111111111111, 0.8925925925925926, 0.8814814814814815, 0.8555555555555555, 0.8444444444444444, 0.8851851851851852, 0.8777777777777778, 0.9074074074074074, 0.9, 0.9074074074074074
2024-05-21 15:23:11 - WARNING  - Epoch: 657, Sum of Accs: 8.863, Sum of s_i: 12.35318124286053
2024-05-21 15:23:15 - INFO     - {6: 1.4186302713321384, 9: 1.1047929487192427, 0: 0.35967784502797034, 2: 1.8984768658134357, 4: 0.6454593836612134, 3: 2.186975069153134, 5: 1.6011347336375537, 1: 1.4597964698827268, 8: 1.1612659340947245, 7: 0.5169674139055357}
2024-05-21 15:23:15 - INFO     - 0.9111111111111111, 0.8925925925925926, 0.8814814814814815, 0.8555555555555555, 0.8444444444444444, 0.8851851851851852, 0.8777777777777778, 0.9074074074074074, 0.9, 0.9074074074074074
2024-05-21 15:23:15 - WARNING  - Epoch: 658, Sum of Accs: 8.863, Sum of s_i: 12.353176935227674
2024-05-21 15:23:19 - INFO     - {6: 1.4189068736277786, 9: 1.1045936524748137, 0: 0.3583480868357829, 2: 1.8994838529165838, 4: 0.6445643797202184, 3: 2.188420157162884, 5: 1.6016918185481894, 1: 1.4601392781280174, 8: 1.1611554068335415, 7: 0.5158776487788933}
2024-05-21 15:23:19 - INFO     - 0.9111111111111111, 0.8925925925925926, 0.8814814814814815, 0.8555555555555555, 0.8444444444444444, 0.8851851851851852, 0.8777777777777778, 0.9074074074074074, 0.9, 0.9074074074074074
2024-05-21 15:23:19 - WARNING  - Epoch: 659, Sum of Accs: 8.863, Sum of s_i: 12.353181155026705
2024-05-21 15:23:23 - INFO     - {6: 1.4191834693971748, 9: 1.104394349714584, 0: 0.3570186303541321, 2: 1.9004908330453432, 4: 0.6436685618482176, 3: 2.1898652394682707, 5: 1.6022488977544622, 1: 1.4604789840891208, 8: 1.1610429894882615, 7: 0.5147881853627876}
2024-05-21 15:23:23 - INFO     - 0.9111111111111111, 0.8925925925925926, 0.8814814814814815, 0.8555555555555555, 0.8444444444444444, 0.8851851851851852, 0.8777777777777778, 0.9074074074074074, 0.9, 0.9074074074074074
2024-05-21 15:23:23 - WARNING  - Epoch: 660, Sum of Accs: 8.863, Sum of s_i: 12.353180140522356
2024-05-21 15:23:27 - INFO     - {6: 1.4194600667355797, 9: 1.1041950485208523, 0: 0.35568929498013147, 2: 1.9014978145512944, 4: 0.6427751099203701, 3: 2.191310319488765, 5: 1.602806150298817, 1: 1.460821784345156, 8: 1.1609324542378232, 7: 0.5136984152868425}
2024-05-21 15:23:27 - INFO     - 0.9111111111111111, 0.8925925925925926, 0.8814814814814815, 0.8555555555555555, 0.8444444444444444, 0.8851851851851852, 0.8777777777777778, 0.9074074074074074, 0.9, 0.9074074074074074
2024-05-21 15:23:27 - WARNING  - Epoch: 661, Sum of Accs: 8.863, Sum of s_i: 12.35318645836563
2024-05-21 15:23:31 - INFO     - {6: 1.4197366543029617, 9: 1.1039957375717335, 0: 0.35435952208325433, 2: 1.9025024219242033, 4: 0.6418792838594801, 3: 2.192755397788269, 5: 1.6033610287101292, 1: 1.4611645828802013, 8: 1.1608219172663947, 7: 0.5126086354555104}
2024-05-21 15:23:31 - INFO     - 0.9111111111111111, 0.8925925925925926, 0.8814814814814815, 0.8555555555555555, 0.8444444444444444, 0.8851851851851852, 0.8777777777777778, 0.9074074074074074, 0.9, 0.9074074074074074
2024-05-21 15:23:31 - WARNING  - Epoch: 662, Sum of Accs: 8.863, Sum of s_i: 12.353185181842138
2024-05-21 15:23:36 - INFO     - {6: 1.420013243844583, 9: 1.1037964285936948, 0: 0.3530297511574572, 2: 1.9035093963293548, 4: 0.6409834597696702, 3: 2.194200474388644, 5: 1.6039181022113902, 1: 1.4615073797161173, 8: 1.1607113785958372, 7: 0.5115188575952583}
2024-05-21 15:23:36 - INFO     - 0.9111111111111111, 0.8925925925925926, 0.8814814814814815, 0.8555555555555555, 0.8444444444444444, 0.8851851851851852, 0.8777777777777778, 0.9074074074074074, 0.9, 0.9074074074074074
2024-05-21 15:23:36 - WARNING  - Epoch: 663, Sum of Accs: 8.863, Sum of s_i: 12.353188472202005
2024-05-21 15:23:40 - INFO     - {6: 1.420289828297417, 9: 1.103597114535012, 0: 0.3517004028978859, 2: 1.9045163650063686, 4: 0.6400876305992164, 3: 2.195645545277725, 5: 1.6044753419268074, 1: 1.4618503427661893, 8: 1.1606010061394356, 7: 0.5104290746543623}
2024-05-21 15:23:40 - INFO     - 0.9111111111111111, 0.8925925925925926, 0.8814814814814815, 0.8555555555555555, 0.8444444444444444, 0.8851851851851852, 0.8777777777777778, 0.9074074074074074, 0.9037037037037037, 0.9074074074074074
2024-05-21 15:23:40 - WARNING  - Epoch: 664, Sum of Accs: 8.867, Sum of s_i: 12.35319265210042
2024-05-21 15:23:44 - INFO     - {6: 1.4205664062857308, 9: 1.1033977940221538, 0: 0.35037062043726935, 2: 1.905523327908961, 4: 0.639191794974587, 3: 2.197090610411426, 5: 1.6050324039613946, 1: 1.4621931281354315, 8: 1.1604906279086127, 7: 0.5093392852592908}
2024-05-21 15:23:44 - INFO     - 0.9111111111111111, 0.8925925925925926, 0.8814814814814815, 0.8555555555555555, 0.8444444444444444, 0.8851851851851852, 0.8777777777777778, 0.9074074074074074, 0.9037037037037037, 0.9074074074074074
2024-05-21 15:23:44 - WARNING  - Epoch: 665, Sum of Accs: 8.867, Sum of s_i: 12.353195999304857
2024-05-21 15:23:48 - INFO     - {6: 1.420842979097351, 9: 1.1031984683408855, 0: 0.3490408328082427, 2: 1.906530285657598, 4: 0.6382963819097888, 3: 2.198535669745592, 5: 1.6055872676405574, 1: 1.462533715149249, 8: 1.1603802445238345, 7: 0.5082499184240504}
2024-05-21 15:23:48 - INFO     - 0.9111111111111111, 0.8925925925925926, 0.8814814814814815, 0.8555555555555555, 0.8444444444444444, 0.8851851851851852, 0.8777777777777778, 0.9074074074074074, 0.9037037037037037, 0.9074074074074074
2024-05-21 15:23:48 - WARNING  - Epoch: 666, Sum of Accs: 8.867, Sum of s_i: 12.35319576329715
2024-05-21 15:23:52 - INFO     - {6: 1.4211195522739737, 9: 1.102999143024036, 0: 0.34771147327246016, 2: 1.9075372431079605, 4: 0.6374005414811682, 3: 2.1999807294430465, 5: 1.6061443242388977, 1: 1.4628764950822444, 8: 1.1602696889503563, 7: 0.5071605519538129}
2024-05-21 15:23:52 - INFO     - 0.9111111111111111, 0.8925925925925926, 0.8814814814814815, 0.8555555555555555, 0.8444444444444444, 0.8851851851851852, 0.8777777777777778, 0.9074074074074074, 0.9037037037037037, 0.9074074074074074
2024-05-21 15:23:52 - WARNING  - Epoch: 667, Sum of Accs: 8.867, Sum of s_i: 12.353199742827957
2024-05-21 15:23:56 - INFO     - {6: 1.4213961192959683, 9: 1.102799811562407, 0: 0.3463816798630728, 2: 1.908541829968359, 4: 0.636504694907768, 3: 2.2014257873513037, 5: 1.6066991821376997, 1: 1.4632170763157013, 8: 1.1601555118619529, 7: 0.5060707516099706}
2024-05-21 15:23:56 - INFO     - 0.9111111111111111, 0.8925925925925926, 0.8814814814814815, 0.8555555555555555, 0.8444444444444444, 0.8851851851851852, 0.8777777777777778, 0.9074074074074074, 0.9037037037037037, 0.9074074074074074
2024-05-21 15:23:56 - WARNING  - Epoch: 668, Sum of Accs: 8.867, Sum of s_i: 12.353192444874201
2024-05-21 15:24:00 - INFO     - {6: 1.4216726976047727, 9: 1.1026009191065642, 0: 0.34505232545947173, 2: 1.9095487918666592, 4: 0.6356092873401541, 3: 2.202871023387121, 5: 1.607256415074403, 1: 1.4635600325870597, 8: 1.1600451326268377, 7: 0.5049813902719146}
2024-05-21 15:24:00 - INFO     - 0.9111111111111111, 0.8925925925925926, 0.8814814814814815, 0.8555555555555555, 0.8444444444444444, 0.8851851851851852, 0.8777777777777778, 0.9074074074074074, 0.9037037037037037, 0.9074074074074074
2024-05-21 15:24:00 - WARNING  - Epoch: 669, Sum of Accs: 8.867, Sum of s_i: 12.353198015324958
2024-05-21 15:24:04 - INFO     - {6: 1.4219492672984733, 9: 1.1024015903123658, 0: 0.34372253471751507, 2: 1.9105557465110723, 4: 0.6347134434341847, 3: 2.2043160802884065, 5: 1.6078134688765746, 1: 1.463902981604531, 8: 1.1599347461378355, 7: 0.503891592595503}
2024-05-21 15:24:04 - INFO     - 0.9111111111111111, 0.8925925925925926, 0.8814814814814815, 0.8555555555555555, 0.8444444444444444, 0.8851851851851852, 0.8777777777777778, 0.9074074074074074, 0.9037037037037037, 0.9074074074074074
2024-05-21 15:24:04 - WARNING  - Epoch: 670, Sum of Accs: 8.867, Sum of s_i: 12.353201451776462
2024-05-21 15:24:08 - INFO     - {6: 1.4222258316774585, 9: 1.1022022562119569, 0: 0.34239316638409484, 2: 1.911560330732691, 4: 0.6338184048053499, 3: 2.205761133657943, 5: 1.6083683241365967, 1: 1.4642457552096084, 8: 1.1598241842364394, 7: 0.5028039846232811}
2024-05-21 15:24:08 - INFO     - 0.9111111111111111, 0.8925925925925926, 0.8814814814814815, 0.8555555555555555, 0.8444444444444444, 0.8851851851851852, 0.8777777777777778, 0.9074074074074074, 0.9037037037037037, 0.9074074074074074
2024-05-21 15:24:08 - WARNING  - Epoch: 671, Sum of Accs: 8.867, Sum of s_i: 12.35320337167542
2024-05-21 15:24:12 - INFO     - {6: 1.4225023930871856, 9: 1.1020029191470413, 0: 0.34106379508141654, 2: 1.9125672764678738, 4: 0.6329229803386588, 3: 2.2072063535306428, 5: 1.6089255409101828, 1: 1.4645854258106665, 8: 1.159713788838207, 7: 0.5017141786761523}
2024-05-21 15:24:12 - INFO     - 0.9111111111111111, 0.8925925925925926, 0.8814814814814815, 0.8555555555555555, 0.8444444444444444, 0.8851851851851852, 0.8777777777777778, 0.9074074074074074, 0.9037037037037037, 0.9074074074074074
2024-05-21 15:24:12 - WARNING  - Epoch: 672, Sum of Accs: 8.867, Sum of s_i: 12.353204651888028
2024-05-21 15:24:16 - INFO     - {6: 1.422778952516975, 9: 1.1018035801053563, 0: 0.3397339940919732, 2: 1.91357422089346, 4: 0.6320275538920299, 3: 2.2086513995833563, 5: 1.6094803912289288, 1: 1.4649259994640673, 8: 1.1596010269851342, 7: 0.5006243707522541}
2024-05-21 15:24:16 - INFO     - 0.9111111111111111, 0.8925925925925926, 0.8814814814814815, 0.8555555555555555, 0.8444444444444444, 0.8851851851851852, 0.8777777777777778, 0.9074074074074074, 0.9037037037037037, 0.9074074074074074
2024-05-21 15:24:16 - WARNING  - Epoch: 673, Sum of Accs: 8.867, Sum of s_i: 12.353201489513536
2024-05-21 15:24:20 - INFO     - {6: 1.4230555168375971, 9: 1.1016046736613314, 0: 0.3384046257001899, 2: 1.9145792327714628, 4: 0.6311321323362338, 3: 2.210096452163957, 5: 1.610035674145335, 1: 1.4652670057151282, 8: 1.1594886977297216, 7: 0.49953499542601587}
2024-05-21 15:24:20 - INFO     - 0.9111111111111111, 0.8925925925925926, 0.8814814814814815, 0.8555555555555555, 0.8444444444444444, 0.8851851851851852, 0.8777777777777778, 0.9074074074074074, 0.9037037037037037, 0.9074074074074074
2024-05-21 15:24:20 - WARNING  - Epoch: 674, Sum of Accs: 8.867, Sum of s_i: 12.353199006486973
2024-05-21 15:24:24 - INFO     - {6: 1.4233320849983953, 9: 1.1014053433366835, 0: 0.33707526114858255, 2: 1.9155842484896415, 4: 0.6302367146206136, 3: 2.2115415092175312, 5: 1.6105905331811181, 1: 1.4656075880855663, 8: 1.1593759445936862, 7: 0.49844562393995356}
2024-05-21 15:24:24 - INFO     - 0.9111111111111111, 0.8925925925925926, 0.8814814814814815, 0.8555555555555555, 0.8444444444444444, 0.8851851851851852, 0.8777777777777778, 0.9074074074074074, 0.9037037037037037, 0.9074074074074074
2024-05-21 15:24:24 - WARNING  - Epoch: 675, Sum of Accs: 8.867, Sum of s_i: 12.353194851611772
2024-05-21 15:24:28 - INFO     - {6: 1.4236086595850053, 9: 1.1012060194275648, 0: 0.3357454752917056, 2: 1.9165888429025506, 4: 0.6293408755997238, 3: 2.212986574633651, 5: 1.6111453986324304, 1: 1.4659481768715337, 8: 1.15926319787318, 7: 0.4973558311486217}
2024-05-21 15:24:28 - INFO     - 0.9111111111111111, 0.8925925925925926, 0.8814814814814815, 0.8555555555555555, 0.8444444444444444, 0.8851851851851852, 0.8777777777777778, 0.9074074074074074, 0.9037037037037037, 0.9074074074074074
2024-05-21 15:24:28 - WARNING  - Epoch: 676, Sum of Accs: 8.867, Sum of s_i: 12.353189051965966
2024-05-21 15:24:32 - INFO     - {6: 1.4238852431411915, 9: 1.101006704473669, 0: 0.3344161261354864, 2: 1.9175958106868574, 4: 0.6284454732794917, 3: 2.2144318165554746, 5: 1.6117026374551406, 1: 1.4662911390288986, 8: 1.1591528245240714, 7: 0.4962664750579475}
2024-05-21 15:24:32 - INFO     - 0.9111111111111111, 0.8925925925925926, 0.8814814814814815, 0.8555555555555555, 0.8444444444444444, 0.8851851851851852, 0.8777777777777778, 0.9074074074074074, 0.9037037037037037, 0.9074074074074074
2024-05-21 15:24:32 - WARNING  - Epoch: 677, Sum of Accs: 8.867, Sum of s_i: 12.353194250338229
2024-05-21 15:24:36 - INFO     - {6: 1.4241618186577145, 9: 1.1008073814929755, 0: 0.333086768939604, 2: 1.918600833760761, 4: 0.6275500629195966, 3: 2.2158768809095317, 5: 1.612257503834878, 1: 1.4666321564758604, 8: 1.159042273607196, 7: 0.4951771109276102}
2024-05-21 15:24:36 - INFO     - 0.9111111111111111, 0.8925925925925926, 0.8814814814814815, 0.8555555555555555, 0.8444444444444444, 0.8851851851851852, 0.8777777777777778, 0.9074074074074074, 0.9037037037037037, 0.9074074074074074
2024-05-21 15:24:36 - WARNING  - Epoch: 678, Sum of Accs: 8.867, Sum of s_i: 12.353192791525728
2024-05-21 15:24:40 - INFO     - {6: 1.424438396430397, 9: 1.100608060764831, 0: 0.33175741399988107, 2: 1.919607795786983, 4: 0.6266546548158608, 3: 2.217321944506898, 5: 1.6128147368995034, 1: 1.4669751128751407, 8: 1.1589318945000027, 7: 0.49408732131725236}
2024-05-21 15:24:40 - INFO     - 0.9111111111111111, 0.8925925925925926, 0.8814814814814815, 0.8555555555555555, 0.8444444444444444, 0.8851851851851852, 0.8777777777777778, 0.9074074074074074, 0.9037037037037037, 0.9074074074074074
2024-05-21 15:24:40 - WARNING  - Epoch: 679, Sum of Accs: 8.867, Sum of s_i: 12.353197331896748
2024-05-21 15:24:44 - INFO     - {6: 1.4247149671810682, 9: 1.1004087330259118, 0: 0.33042805203814674, 2: 1.920614750822056, 4: 0.6257592396901137, 3: 2.2187670011349443, 5: 1.6133719629729795, 1: 1.4673180622832718, 8: 1.1588215084016602, 7: 0.4929975246961199}
2024-05-21 15:24:44 - INFO     - 0.9111111111111111, 0.8925925925925926, 0.8814814814814815, 0.8555555555555555, 0.8444444444444444, 0.8851851851851852, 0.8777777777777778, 0.9074074074074074, 0.9037037037037037, 0.9074074074074074
2024-05-21 15:24:44 - WARNING  - Epoch: 680, Sum of Accs: 8.867, Sum of s_i: 12.353201802246272
2024-05-21 15:24:48 - INFO     - {6: 1.4249915310180272, 9: 1.1002098260982238, 0: 0.32909868316270036, 2: 1.9216197622163955, 4: 0.6248638176506545, 3: 2.2202120532355156, 5: 1.6139272454057225, 1: 1.4676590680506696, 8: 1.1587091786625845, 7: 0.4919081488862186}
2024-05-21 15:24:48 - INFO     - 0.9111111111111111, 0.8925925925925926, 0.8814814814814815, 0.8555555555555555, 0.8444444444444444, 0.8851851851851852, 0.8777777777777778, 0.9074074074074074, 0.9037037037037037, 0.9074074074074074
2024-05-21 15:24:48 - WARNING  - Epoch: 681, Sum of Accs: 8.867, Sum of s_i: 12.353199314386714
2024-05-21 15:24:52 - INFO     - {6: 1.4252680987026365, 9: 1.100010495298149, 0: 0.3277693181349042, 2: 1.922626714198882, 4: 0.6239683994588455, 3: 2.2216571068205067, 5: 1.6144842958915995, 1: 1.4680020144062143, 8: 1.1585987895116556, 7: 0.49081877692396747}
2024-05-21 15:24:52 - INFO     - 0.9111111111111111, 0.8925925925925926, 0.8814814814814815, 0.8555555555555555, 0.8444444444444444, 0.8851851851851852, 0.8777777777777778, 0.9074074074074074, 0.9037037037037037, 0.9074074074074074
2024-05-21 15:24:52 - WARNING  - Epoch: 682, Sum of Accs: 8.867, Sum of s_i: 12.353204009347362
2024-05-21 15:24:56 - INFO     - {6: 1.4255446591261596, 9: 1.0998115849570251, 0: 0.3264399458460219, 2: 1.9236336582905535, 4: 0.6230729740059504, 3: 2.2231023250496955, 5: 1.6150415110216743, 1: 1.468344952870944, 8: 1.1584883924699119, 7: 0.48972939770063023}
2024-05-21 15:24:56 - INFO     - 0.9111111111111111, 0.8925925925925926, 0.8814814814814815, 0.8555555555555555, 0.8444444444444444, 0.8851851851851852, 0.8777777777777778, 0.9074074074074074, 0.9037037037037037, 0.9074074074074074
2024-05-21 15:24:56 - WARNING  - Epoch: 683, Sum of Accs: 8.867, Sum of s_i: 12.353209401338566
2024-05-21 15:25:00 - INFO     - {6: 1.4258212112105981, 9: 1.0996126662768166, 0: 0.32511044515363324, 2: 1.9246405942655453, 4: 0.6221774201495489, 3: 2.224547362862162, 5: 1.615596661637475, 1: 1.468687883218994, 8: 1.1583779873114883, 7: 0.48863989007378666}
2024-05-21 15:25:00 - INFO     - 0.9111111111111111, 0.8925925925925926, 0.8814814814814815, 0.8555555555555555, 0.8444444444444444, 0.8851851851851852, 0.8777777777777778, 0.9074074074074074, 0.9037037037037037, 0.9074074074074074
2024-05-21 15:25:00 - WARNING  - Epoch: 684, Sum of Accs: 8.867, Sum of s_i: 12.353212122160047
2024-05-21 15:25:04 - INFO     - {6: 1.4260977590871027, 9: 1.0994133157003345, 0: 0.3237806326293928, 2: 1.9256475271885944, 4: 0.6212815544612956, 3: 2.2259923981098484, 5: 1.6161538655989274, 1: 1.4690306387022214, 8: 1.1582674072882422, 7: 0.48755007061509126}
2024-05-21 15:25:04 - INFO     - 0.9111111111111111, 0.8925925925925926, 0.8814814814814815, 0.8555555555555555, 0.8444444444444444, 0.8851851851851852, 0.8777777777777778, 0.9074074074074074, 0.9037037037037037, 0.9074074074074074
2024-05-21 15:25:04 - WARNING  - Epoch: 685, Sum of Accs: 8.867, Sum of s_i: 12.35321516938105
2024-05-21 15:25:08 - INFO     - {6: 1.426374302250877, 9: 1.0992143880994618, 0: 0.3224512430807618, 2: 1.9266544540964188, 4: 0.6203861117486518, 3: 2.22743742669744, 5: 1.616711063545155, 1: 1.469373559983104, 8: 1.1581569930626512, 7: 0.48646067413200533}
2024-05-21 15:25:08 - INFO     - 0.9111111111111111, 0.8925925925925926, 0.8814814814814815, 0.8555555555555555, 0.8444444444444444, 0.8851851851851852, 0.8777777777777778, 0.9074074074074074, 0.9037037037037037, 0.9074074074074074
2024-05-21 15:25:08 - WARNING  - Epoch: 686, Sum of Accs: 8.867, Sum of s_i: 12.353220216696526
2024-05-21 15:25:12 - INFO     - {6: 1.4266508376086482, 9: 1.099015452692586, 0: 0.3211218457261275, 2: 1.9276613732325674, 4: 0.6194906612300047, 3: 2.2288824475376217, 5: 1.6172680812862228, 1: 1.4697163010588266, 8: 1.1580463986319003, 7: 0.4853712698429161}
2024-05-21 15:25:12 - INFO     - 0.9111111111111111, 0.8925925925925926, 0.8814814814814815, 0.8555555555555555, 0.8444444444444444, 0.8851851851851852, 0.8777777777777778, 0.9074074074074074, 0.9037037037037037, 0.9074074074074074
2024-05-21 15:25:12 - WARNING  - Epoch: 687, Sum of Accs: 8.867, Sum of s_i: 12.353224668847421
2024-05-21 15:25:16 - INFO     - {6: 1.4269273660808834, 9: 1.0988160827428852, 0: 0.31979244148595726, 2: 1.9286663492621832, 4: 0.6185952038258217, 3: 2.230327465200696, 5: 1.6178250958501834, 1: 1.4700590389574422, 8: 1.1579358010240424, 7: 0.48428185866829093}
2024-05-21 15:25:16 - INFO     - 0.9111111111111111, 0.8925925925925926, 0.8814814814814815, 0.8555555555555555, 0.8444444444444444, 0.8851851851851852, 0.8777777777777778, 0.9074074074074074, 0.9037037037037037, 0.9074074074074074
2024-05-21 15:25:16 - WARNING  - Epoch: 688, Sum of Accs: 8.867, Sum of s_i: 12.353226703098386
2024-05-21 15:25:20 - INFO     - {6: 1.4272038914070215, 9: 1.098617137304376, 0: 0.3184630340996898, 2: 1.9296713221457018, 4: 0.6176997432755414, 3: 2.231772479079763, 5: 1.6183803397721053, 1: 1.470400006214019, 8: 1.1578234327741457, 7: 0.48319244434756853}
2024-05-21 15:25:20 - INFO     - 0.9111111111111111, 0.8925925925925926, 0.8814814814814815, 0.8555555555555555, 0.8444444444444444, 0.8851851851851852, 0.8777777777777778, 0.9074074074074074, 0.9037037037037037, 0.9074074074074074
2024-05-21 15:25:20 - WARNING  - Epoch: 689, Sum of Accs: 8.867, Sum of s_i: 12.353223830419934
2024-05-21 15:25:24 - INFO     - {6: 1.427480421175938, 9: 1.0984177686492815, 0: 0.31713320349683705, 2: 1.9306758718126351, 4: 0.6168042871680396, 3: 2.2332174993528793, 5: 1.618935160477442, 1: 1.4707405502540105, 8: 1.1577106413076637, 7: 0.4821030344696246}
2024-05-21 15:25:24 - INFO     - 0.9111111111111111, 0.8925925925925926, 0.8814814814814815, 0.8555555555555555, 0.8444444444444444, 0.8851851851851852, 0.8777777777777778, 0.9074074074074074, 0.9037037037037037, 0.9074074074074074
2024-05-21 15:25:24 - WARNING  - Epoch: 690, Sum of Accs: 8.867, Sum of s_i: 12.353218438164351
2024-05-21 15:25:28 - INFO     - {6: 1.4277569592843244, 9: 1.0982184083203124, 0: 0.31580380889281817, 2: 1.9316804298056935, 4: 0.6159084117272993, 3: 2.234662527902879, 5: 1.6194904171816125, 1: 1.4710811026201274, 8: 1.1575978581673068, 7: 0.4810132052584422}
2024-05-21 15:25:28 - INFO     - 0.9111111111111111, 0.8925925925925926, 0.8814814814814815, 0.8555555555555555, 0.8444444444444444, 0.8851851851851852, 0.8777777777777778, 0.9074074074074074, 0.9037037037037037, 0.9074074074074074
2024-05-21 15:25:28 - WARNING  - Epoch: 691, Sum of Accs: 8.867, Sum of s_i: 12.353213129160816
2024-05-21 15:25:32 - INFO     - {6: 1.428033505603435, 9: 1.0980190561889283, 0: 0.31447399481367583, 2: 1.9326849959963373, 4: 0.6150129721699916, 3: 2.2361053682310397, 5: 1.6200452544106596, 1: 1.4714216631838293, 8: 1.1574850832245351, 7: 0.47992338424484493}
2024-05-21 15:25:32 - INFO     - 0.9111111111111111, 0.8925925925925926, 0.8814814814814815, 0.8555555555555555, 0.8444444444444444, 0.8851851851851852, 0.8777777777777778, 0.9074074074074074, 0.9, 0.9074074074074074
2024-05-21 15:25:32 - WARNING  - Epoch: 692, Sum of Accs: 8.863, Sum of s_i: 12.353205278067275
2024-05-21 15:25:36 - INFO     - {6: 1.428310064064795, 9: 1.0978197161803633, 0: 0.3131441928573527, 2: 1.9336919394577476, 4: 0.6141171170496557, 3: 2.2375504139842106, 5: 1.6206024689104734, 1: 1.471764601018298, 8: 1.1573745137067735, 7: 0.47883357535406684}
2024-05-21 15:25:36 - INFO     - 0.9111111111111111, 0.8925925925925926, 0.8814814814814815, 0.8555555555555555, 0.8444444444444444, 0.8851851851851852, 0.8777777777777778, 0.9074074074074074, 0.9037037037037037, 0.9074074074074074
2024-05-21 15:25:36 - WARNING  - Epoch: 693, Sum of Accs: 8.867, Sum of s_i: 12.353208602583736
2024-05-21 15:25:40 - INFO     - {6: 1.428586617384562, 9: 1.0976207987354833, 0: 0.3118148134647144, 2: 1.9346988764769026, 4: 0.6132216844930045, 3: 2.2389954526515625, 5: 1.6211596769680319, 1: 1.4721075324105113, 8: 1.1572641095925131, 7: 0.47774418902697363}
2024-05-21 15:25:40 - INFO     - 0.9111111111111111, 0.8925925925925926, 0.8814814814814815, 0.8555555555555555, 0.8444444444444444, 0.8851851851851852, 0.8777777777777778, 0.9074074074074074, 0.9037037037037037, 0.9074074074074074
2024-05-21 15:25:40 - WARNING  - Epoch: 694, Sum of Accs: 8.867, Sum of s_i: 12.353213751204258
2024-05-21 15:25:44 - INFO     - {6: 1.428863162741641, 9: 1.097421445643607, 0: 0.3104854261093879, 2: 1.9357038693913622, 4: 0.6123262439736652, 3: 2.240440487072675, 5: 1.6217149409208946, 1: 1.472448519698029, 8: 1.1571517613735574, 7: 0.4766547947371922}
2024-05-21 15:25:44 - INFO     - 0.9111111111111111, 0.8925925925925926, 0.8814814814814815, 0.8555555555555555, 0.8444444444444444, 0.8851851851851852, 0.8777777777777778, 0.9074074074074074, 0.9, 0.9074074074074074
2024-05-21 15:25:44 - WARNING  - Epoch: 695, Sum of Accs: 8.863, Sum of s_i: 12.35321065166201
2024-05-21 15:25:48 - INFO     - {6: 1.4291397128923697, 9: 1.0972220973377098, 0: 0.3091556158557323, 2: 1.9367108045786459, 4: 0.6114303805559969, 3: 2.2418855245775324, 5: 1.6222697819754284, 1: 1.472791449258371, 8: 1.1570413554274257, 7: 0.47556497754908167}
2024-05-21 15:25:48 - INFO     - 0.9111111111111111, 0.8925925925925926, 0.8814814814814815, 0.8555555555555555, 0.8444444444444444, 0.8851851851851852, 0.8777777777777778, 0.9074074074074074, 0.9, 0.9074074074074074
2024-05-21 15:25:48 - WARNING  - Epoch: 696, Sum of Accs: 8.863, Sum of s_i: 12.353211700008295
2024-05-21 15:25:52 - INFO     - {6: 1.4294162614217603, 9: 1.097022747413069, 0: 0.3078262316727175, 2: 1.9377153729760326, 4: 0.6105345155195848, 3: 2.2433283671124364, 5: 1.6228246214112185, 1: 1.4731311187505243, 8: 1.156928582691397, 7: 0.47447515874222757}
2024-05-21 15:25:52 - INFO     - 0.9111111111111111, 0.8925925925925926, 0.8814814814814815, 0.8555555555555555, 0.8444444444444444, 0.8851851851851852, 0.8777777777777778, 0.9074074074074074, 0.9, 0.9074074074074074
2024-05-21 15:25:52 - WARNING  - Epoch: 697, Sum of Accs: 8.863, Sum of s_i: 12.35320297771097
2024-05-21 15:25:56 - INFO     - {6: 1.4296928234407809, 9: 1.0968234109564718, 0: 0.30649643326836207, 2: 1.938719954841463, 4: 0.6096386639512166, 3: 2.244773420055254, 5: 1.6233816712549223, 1: 1.473471694989013, 8: 1.156818020363282, 7: 0.4733853534034172}
2024-05-21 15:25:56 - INFO     - 0.9111111111111111, 0.8925925925925926, 0.8814814814814815, 0.8555555555555555, 0.8444444444444444, 0.8851851851851852, 0.8777777777777778, 0.9074074074074074, 0.9, 0.9074074074074074
2024-05-21 15:25:56 - WARNING  - Epoch: 698, Sum of Accs: 8.863, Sum of s_i: 12.353201446524183
2024-05-21 15:26:01 - INFO     - {6: 1.4299693878278892, 9: 1.0966240768641728, 0: 0.30516706494306484, 2: 1.939724966785952, 4: 0.6087432424619066, 3: 2.2462184733634794, 5: 1.6239369542378144, 1: 1.4738122735917998, 8: 1.1567052634595953, 7: 0.47229597814366503}
2024-05-21 15:26:01 - INFO     - 0.9111111111111111, 0.8925925925925926, 0.8814814814814815, 0.8555555555555555, 0.8444444444444444, 0.8851851851851852, 0.8777777777777778, 0.9074074074074074, 0.9, 0.9074074074074074
2024-05-21 15:26:01 - WARNING  - Epoch: 699, Sum of Accs: 8.863, Sum of s_i: 12.35319768167934
2024-05-21 15:26:05 - INFO     - {6: 1.4302459580375966, 9: 1.0964247485851555, 0: 0.3038375829811043, 2: 1.9407319214672358, 4: 0.6078477073359333, 3: 2.2476635298239214, 5: 1.6244921235840433, 1: 1.4741531662726834, 8: 1.156594704649105, 7: 0.471206608706512}
2024-05-21 15:26:05 - INFO     - 0.9111111111111111, 0.8925925925925926, 0.8814814814814815, 0.8555555555555555, 0.8444444444444444, 0.8851851851851852, 0.8777777777777778, 0.9074074074074074, 0.9, 0.9074074074074074
2024-05-21 15:26:05 - WARNING  - Epoch: 700, Sum of Accs: 8.863, Sum of s_i: 12.35319805144329
2024-05-21 15:26:09 - INFO     - {6: 1.4305225276754376, 9: 1.096225419735187, 0: 0.3025082199065399, 2: 1.941736510939295, 4: 0.6069518633741936, 3: 2.2491063934334976, 5: 1.6250469840945059, 1: 1.4744937501178008, 8: 1.1564819529877488, 7: 0.47011723869749267}
2024-05-21 15:26:09 - INFO     - 0.9111111111111111, 0.8925925925925926, 0.8814814814814815, 0.8555555555555555, 0.8444444444444444, 0.8851851851851852, 0.8777777777777778, 0.9074074074074074, 0.9, 0.9074074074074074
2024-05-21 15:26:09 - WARNING  - Epoch: 701, Sum of Accs: 8.863, Sum of s_i: 12.3531908609617
2024-05-21 15:26:13 - INFO     - {6: 1.4307991084338787, 9: 1.096026101988023, 0: 0.30117844021161766, 2: 1.9427434765998466, 4: 0.6060560305152585, 3: 2.2505514613165536, 5: 1.6256040488784482, 1: 1.4748367101514106, 8: 1.1563714055998724, 7: 0.46902745206811547}
2024-05-21 15:26:13 - INFO     - 0.9111111111111111, 0.8925925925925926, 0.8814814814814815, 0.8555555555555555, 0.8444444444444444, 0.8851851851851852, 0.8777777777777778, 0.9074074074074074, 0.9, 0.9074074074074074
2024-05-21 15:26:13 - WARNING  - Epoch: 702, Sum of Accs: 8.863, Sum of s_i: 12.353194235763025
2024-05-21 15:26:17 - INFO     - {6: 1.4310756839729433, 9: 1.0958272067624406, 0: 0.2998490830382769, 2: 1.9437484996962917, 4: 0.6051606201779048, 3: 2.2519965250313168, 5: 1.6261593430132968, 1: 1.4751794941017147, 8: 1.1562572302259766, 7: 0.46793808796031977}
2024-05-21 15:26:17 - INFO     - 0.9111111111111111, 0.8925925925925926, 0.8814814814814815, 0.8555555555555555, 0.8444444444444444, 0.8851851851851852, 0.8777777777777778, 0.9074074074074074, 0.9, 0.9074074074074074
2024-05-21 15:26:17 - WARNING  - Epoch: 703, Sum of Accs: 8.863, Sum of s_i: 12.353191773980484
2024-05-21 15:26:21 - INFO     - {6: 1.4313522633193339, 9: 1.095628315344184, 0: 0.298519729672262, 2: 1.9447554626276151, 4: 0.6042652136478771, 3: 2.2534415895299307, 5: 1.6267164044127966, 1: 1.4755224514060963, 8: 1.1561468520238847, 7: 0.46685066368740213}
2024-05-21 15:26:21 - INFO     - 0.9111111111111111, 0.8925925925925926, 0.8814814814814815, 0.8555555555555555, 0.8444444444444444, 0.8851851851851852, 0.8777777777777778, 0.9074074074074074, 0.9, 0.9074074074074074
2024-05-21 15:26:21 - WARNING  - Epoch: 704, Sum of Accs: 8.863, Sum of s_i: 12.353198945671382
2024-05-21 15:26:25 - INFO     - {6: 1.4316288315741876, 9: 1.0954294128343904, 0: 0.2971903652147102, 2: 1.945762414516178, 4: 0.6033697960263126, 3: 2.254886643020263, 5: 1.6272734548040153, 1: 1.4758653976677174, 8: 1.1560364627790323, 7: 0.4657612922953954}
2024-05-21 15:26:25 - INFO     - 0.9111111111111111, 0.8925925925925926, 0.8814814814814815, 0.8555555555555555, 0.8444444444444444, 0.8851851851851852, 0.8777777777777778, 0.9074074074074074, 0.9, 0.9074074074074074
2024-05-21 15:26:25 - WARNING  - Epoch: 705, Sum of Accs: 8.863, Sum of s_i: 12.353204070732202
2024-05-21 15:26:29 - INFO     - {6: 1.4319053919027749, 9: 1.0952305023983306, 0: 0.295860992830892, 2: 1.9467693585133312, 4: 0.6024743704784815, 3: 2.2563316886438254, 5: 1.627828262283669, 1: 1.4762081635268207, 8: 1.1559236580868673, 7: 0.46467384908830756}
2024-05-21 15:26:29 - INFO     - 0.9111111111111111, 0.8925925925925926, 0.8814814814814815, 0.8555555555555555, 0.8444444444444444, 0.8851851851851852, 0.8777777777777778, 0.9074074074074074, 0.9, 0.9074074074074074
2024-05-21 15:26:29 - WARNING  - Epoch: 706, Sum of Accs: 8.863, Sum of s_i: 12.353206237753298
2024-05-21 15:26:33 - INFO     - {6: 1.4321819488799141, 9: 1.0950315886108228, 0: 0.29453161709562586, 2: 1.947774363047851, 4: 0.6015789415792026, 3: 2.257776733936112, 5: 1.6283853044768422, 1: 1.4765509290546486, 8: 1.1558130881082216, 7: 0.46358446641858647}
2024-05-21 15:26:33 - INFO     - 0.9111111111111111, 0.8925925925925926, 0.8814814814814815, 0.8555555555555555, 0.8444444444444444, 0.8851851851851852, 0.8777777777777778, 0.9074074074074074, 0.9, 0.9074074074074074
2024-05-21 15:26:33 - WARNING  - Epoch: 707, Sum of Accs: 8.863, Sum of s_i: 12.353208981207825
2024-05-21 15:26:37 - INFO     - {6: 1.4324585016141134, 9: 1.094832242884262, 0: 0.29320180942130675, 2: 1.9487813008072574, 4: 0.6006830807408706, 3: 2.2592217740050677, 5: 1.6289401481107124, 1: 1.4768938611871132, 8: 1.1557026847342127, 7: 0.4624946518098124}
2024-05-21 15:26:37 - INFO     - 0.9111111111111111, 0.8925925925925926, 0.8814814814814815, 0.8555555555555555, 0.8444444444444444, 0.8851851851851852, 0.8777777777777778, 0.9074074074074074, 0.9, 0.9074074074074074
2024-05-21 15:26:37 - WARNING  - Epoch: 708, Sum of Accs: 8.863, Sum of s_i: 12.35321005531473
2024-05-21 15:26:41 - INFO     - {6: 1.4327350526871334, 9: 1.094633323192635, 0: 0.2918724277819214, 2: 1.9497882355895457, 4: 0.5997876459374725, 3: 2.260666810442537, 5: 1.6294971814490677, 1: 1.4772366178601235, 8: 1.155590342231198, 7: 0.46140719938785973}
2024-05-21 15:26:41 - INFO     - 0.9111111111111111, 0.8925925925925926, 0.8814814814814815, 0.8555555555555555, 0.8444444444444444, 0.8851851851851852, 0.8777777777777778, 0.9074074074074074, 0.9, 0.9074074074074074
2024-05-21 15:26:41 - WARNING  - Epoch: 709, Sum of Accs: 8.863, Sum of s_i: 12.353214836559495
2024-05-21 15:26:45 - INFO     - {6: 1.4330115963656385, 9: 1.094433968424871, 0: 0.29054261106639906, 2: 1.9507927991438094, 4: 0.5988917760579373, 3: 2.262109648134318, 5: 1.6300519814626278, 1: 1.4775771412083383, 8: 1.1554775646520463, 7: 0.46031737573788245}
2024-05-21 15:26:45 - INFO     - 0.9111111111111111, 0.8925925925925926, 0.8814814814814815, 0.8555555555555555, 0.8444444444444444, 0.8851851851851852, 0.8777777777777778, 0.9074074074074074, 0.9, 0.9074074074074074
2024-05-21 15:26:45 - WARNING  - Epoch: 710, Sum of Accs: 8.863, Sum of s_i: 12.353206462253869
2024-05-21 15:26:49 - INFO     - {6: 1.433288152995572, 9: 1.0942346265878107, 0: 0.28921323498392737, 2: 1.9517978033311236, 4: 0.5979963468114528, 3: 2.2635546937436257, 5: 1.6306068289859985, 1: 1.4779177120663638, 8: 1.1553648000035983, 7: 0.4592279927209558}
2024-05-21 15:26:49 - INFO     - 0.9111111111111111, 0.8925925925925926, 0.8814814814814815, 0.8555555555555555, 0.8444444444444444, 0.8851851851851852, 0.8777777777777778, 0.9074074074074074, 0.9, 0.9074074074074074
2024-05-21 15:26:49 - WARNING  - Epoch: 711, Sum of Accs: 8.863, Sum of s_i: 12.35320219223043
2024-05-21 15:26:53 - INFO     - {6: 1.4335647162293934, 9: 1.09403529134407, 0: 0.28788343779242853, 2: 1.9528023864094108, 4: 0.5971009241688557, 3: 2.264999747230495, 5: 1.631163879373754, 1: 1.478260485788774, 8: 1.155254238219535, 7: 0.45813818859500205}
2024-05-21 15:26:53 - INFO     - 0.9111111111111111, 0.8925925925925926, 0.8814814814814815, 0.8555555555555555, 0.8444444444444444, 0.8851851851851852, 0.8777777777777778, 0.9074074074074074, 0.9, 0.9074074074074074
2024-05-21 15:26:53 - WARNING  - Epoch: 712, Sum of Accs: 8.863, Sum of s_i: 12.353203295151717
2024-05-21 15:26:57 - INFO     - {6: 1.4338412777574698, 9: 1.0938359543973144, 0: 0.28655363889791446, 2: 1.9538093329240673, 4: 0.5962050721103288, 3: 2.266444796027386, 5: 1.6317210969268139, 1: 1.4786034266764887, 8: 1.1551438436007762, 7: 0.45704838276603305}
2024-05-21 15:26:57 - INFO     - 0.9111111111111111, 0.8925925925925926, 0.8814814814814815, 0.8555555555555555, 0.8444444444444444, 0.8851851851851852, 0.8777777777777778, 0.9074074074074074, 0.9, 0.9074074074074074
2024-05-21 15:26:57 - WARNING  - Epoch: 713, Sum of Accs: 8.863, Sum of s_i: 12.353206822084593
2024-05-21 15:27:01 - INFO     - {6: 1.4341178338309006, 9: 1.0936370397060982, 0: 0.2852241421821196, 2: 1.9548162728705287, 4: 0.5953095222305211, 3: 2.2678900101113646, 5: 1.6322759002950216, 1: 1.4789439533793511, 8: 1.155031034797165, 7: 0.4559609355082535}
2024-05-21 15:27:01 - INFO     - 0.9111111111111111, 0.8925925925925926, 0.8814814814814815, 0.8555555555555555, 0.8444444444444444, 0.8851851851851852, 0.8777777777777778, 0.9074074074074074, 0.9, 0.9074074074074074
2024-05-21 15:27:01 - WARNING  - Epoch: 714, Sum of Accs: 8.863, Sum of s_i: 12.353206644911324
2024-05-21 15:27:05 - INFO     - {6: 1.434394390178342, 9: 1.0934376975869975, 0: 0.2838943381152607, 2: 1.9558208490734559, 4: 0.5944136649996494, 3: 2.2693350574251534, 5: 1.6328329445096965, 1: 1.4792867209286809, 8: 1.154918269866677, 7: 0.4548711245069396}
2024-05-21 15:27:05 - INFO     - 0.9111111111111111, 0.8925925925925926, 0.8814814814814815, 0.8555555555555555, 0.8444444444444444, 0.8851851851851852, 0.8777777777777778, 0.9074074074074074, 0.9, 0.9074074074074074
2024-05-21 15:27:05 - WARNING  - Epoch: 715, Sum of Accs: 8.863, Sum of s_i: 12.353205057190852
2024-05-21 15:27:09 - INFO     - {6: 1.4346709489813025, 9: 1.093238785625311, 0: 0.28256496420581584, 2: 1.956825855433797, 4: 0.5935182379261917, 3: 2.270780104529545, 5: 1.633388221908441, 1: 1.4796277216620801, 8: 1.1548059350936026, 7: 0.4537817436630398}
2024-05-21 15:27:09 - INFO     - 0.9111111111111111, 0.8925925925925926, 0.8814814814814815, 0.8555555555555555, 0.8444444444444444, 0.8851851851851852, 0.8777777777777778, 0.9074074074074074, 0.9, 0.9074074074074074
2024-05-21 15:27:09 - WARNING  - Epoch: 716, Sum of Accs: 8.863, Sum of s_i: 12.353202519029125
2024-05-21 15:27:13 - INFO     - {6: 1.4349475117097068, 9: 1.093039877589068, 0: 0.28123559422181454, 2: 1.9578308657195818, 4: 0.5926228147781777, 3: 2.2722233889528467, 5: 1.633943503232629, 1: 1.4799687263209231, 8: 1.1546936042459721, 7: 0.4526923667445836}
2024-05-21 15:27:13 - INFO     - 0.9111111111111111, 0.8925925925925926, 0.8814814814814815, 0.8555555555555555, 0.8444444444444444, 0.8851851851851852, 0.8777777777777778, 0.9074074074074074, 0.9, 0.9074074074074074
2024-05-21 15:27:13 - WARNING  - Epoch: 717, Sum of Accs: 8.863, Sum of s_i: 12.353198253515304
2024-05-21 15:27:17 - INFO     - {6: 1.435224081035029, 9: 1.0928405484270807, 0: 0.2799062308347314, 2: 1.9588354548796223, 4: 0.5917273982270816, 3: 2.27366844782385, 5: 1.6345005590045185, 1: 1.4803115054274674, 8: 1.1545830478460428, 7: 0.4516025687003831}
2024-05-21 15:27:17 - INFO     - 0.9111111111111111, 0.8925925925925926, 0.8814814814814815, 0.8555555555555555, 0.8444444444444444, 0.8851851851851852, 0.8777777777777778, 0.9074074074074074, 0.9, 0.9074074074074074
2024-05-21 15:27:17 - WARNING  - Epoch: 718, Sum of Accs: 8.863, Sum of s_i: 12.353199842205807
2024-05-21 15:27:21 - INFO     - {6: 1.4355006479033285, 9: 1.0926416445307332, 0: 0.2785768649906256, 2: 1.9598404693053024, 4: 0.590831979218963, 3: 2.2751135029329883, 5: 1.635055844468602, 1: 1.480654280772147, 8: 1.154472487684249, 7: 0.45051319592182243}
2024-05-21 15:27:21 - INFO     - 0.9111111111111111, 0.8925925925925926, 0.8814814814814815, 0.8555555555555555, 0.8444444444444444, 0.8851851851851852, 0.8777777777777778, 0.9074074074074074, 0.9, 0.9074074074074074
2024-05-21 15:27:21 - WARNING  - Epoch: 719, Sum of Accs: 8.863, Sum of s_i: 12.35320091772876
2024-05-21 15:27:25 - INFO     - {6: 1.435777213108256, 9: 1.0924423112549448, 0: 0.2772470697670789, 2: 1.9608450543515417, 4: 0.5899361308314035, 3: 2.276558559037811, 5: 1.6356128974743107, 1: 1.4809948601914444, 8: 1.1543597315970728, 7: 0.4494233937638208}
2024-05-21 15:27:25 - INFO     - 0.9111111111111111, 0.8925925925925926, 0.8814814814814815, 0.8555555555555555, 0.8444444444444444, 0.8851851851851852, 0.8777777777777778, 0.9074074074074074, 0.9, 0.9074074074074074
2024-05-21 15:27:25 - WARNING  - Epoch: 720, Sum of Accs: 8.863, Sum of s_i: 12.353197221377682
2024-05-21 15:27:29 - INFO     - {6: 1.4360537840298528, 9: 1.0922429836866778, 0: 0.27591770797627024, 2: 1.9618520095567888, 4: 0.5890402881513653, 3: 2.278003616497154, 5: 1.6361701237179613, 1: 1.4813376378863288, 8: 1.1542491737854836, 7: 0.44833359731334044}
2024-05-21 15:27:29 - INFO     - 0.9111111111111111, 0.8925925925925926, 0.8814814814814815, 0.8555555555555555, 0.8444444444444444, 0.8851851851851852, 0.8777777777777778, 0.9074074074074074, 0.9, 0.9074074074074074
2024-05-21 15:27:29 - WARNING  - Epoch: 721, Sum of Accs: 8.863, Sum of s_i: 12.353200922601223
2024-05-21 15:27:33 - INFO     - {6: 1.4363303492272448, 9: 1.092043650403366, 0: 0.2745879127452, 2: 1.9628589597246433, 4: 0.5881444397562823, 3: 2.2794486689358466, 5: 1.6367271730575401, 1: 1.4816805824272417, 8: 1.1541387828199228, 7: 0.44724379514781526}
2024-05-21 15:27:33 - INFO     - 0.9111111111111111, 0.8925925925925926, 0.8814814814814815, 0.8555555555555555, 0.8444444444444444, 0.8851851851851852, 0.8777777777777778, 0.9074074074074074, 0.9, 0.9074074074074074
2024-05-21 15:27:33 - WARNING  - Epoch: 722, Sum of Accs: 8.863, Sum of s_i: 12.353204314245101
2024-05-21 15:27:37 - INFO     - {6: 1.4366069091792224, 9: 1.0918443118830334, 0: 0.2732584205573664, 2: 1.9638659041932311, 4: 0.5872509507910714, 3: 2.2808937120343815, 5: 1.6372843885645314, 1: 1.4820233457613174, 8: 1.154028210647525, 7: 0.44615635241216217}
2024-05-21 15:27:37 - INFO     - 0.9111111111111111, 0.8925925925925926, 0.8814814814814815, 0.8555555555555555, 0.8444444444444444, 0.8851851851851852, 0.8777777777777778, 0.9074074074074074, 0.9, 0.9074074074074074
2024-05-21 15:27:37 - WARNING  - Epoch: 723, Sum of Accs: 8.863, Sum of s_i: 12.353212506023842
2024-05-21 15:27:41 - INFO     - {6: 1.4368834564620558, 9: 1.0916449607138303, 0: 0.27192860744040487, 2: 1.9648728365252168, 4: 0.586355084510097, 3: 2.2823389185038843, 5: 1.6378415919349205, 1: 1.4823662724663613, 8: 1.1539178018460954, 7: 0.44506889753990686}
2024-05-21 15:27:41 - INFO     - 0.9111111111111111, 0.8925925925925926, 0.8814814814814815, 0.8555555555555555, 0.8444444444444444, 0.8851851851851852, 0.8777777777777778, 0.9074074074074074, 0.9, 0.9074074074074074
2024-05-21 15:27:41 - WARNING  - Epoch: 724, Sum of Accs: 8.863, Sum of s_i: 12.353218427942773
2024-05-21 15:27:45 - INFO     - {6: 1.4371599945862508, 9: 1.0914456004006443, 0: 0.27059878517946045, 2: 1.965879759738793, 4: 0.5854592090851397, 3: 2.283783944072389, 5: 1.638398614404311, 1: 1.4827059218881133, 8: 1.1538072121436673, 7: 0.4439790683445075}
2024-05-21 15:27:45 - INFO     - 0.9111111111111111, 0.8925925925925926, 0.8814814814814815, 0.8555555555555555, 0.8444444444444444, 0.8851851851851852, 0.8777777777777778, 0.9074074074074074, 0.9, 0.9074074074074074
2024-05-21 15:27:45 - WARNING  - Epoch: 725, Sum of Accs: 8.863, Sum of s_i: 12.353218109843276
2024-05-21 15:27:49 - INFO     - {6: 1.4374365332024073, 9: 1.0912462405786325, 0: 0.26926896340969037, 2: 1.966884318238809, 4: 0.5845637618248779, 3: 2.2852289731263475, 5: 1.6389534439427302, 1: 1.4830464747611876, 8: 1.153694429510268, 7: 0.4428892396402825}
2024-05-21 15:27:49 - INFO     - 0.9111111111111111, 0.8925925925925926, 0.8814814814814815, 0.8555555555555555, 0.8444444444444444, 0.8851851851851852, 0.8777777777777778, 0.9074074074074074, 0.9, 0.9074074074074074
2024-05-21 15:27:49 - WARNING  - Epoch: 726, Sum of Accs: 8.863, Sum of s_i: 12.353212378235233
2024-05-21 15:27:53 - INFO     - {6: 1.4377130806828744, 9: 1.0910473172944526, 0: 0.2679395781777521, 2: 1.9678912494443428, 4: 0.5836683234289268, 3: 2.28667400599823, 5: 1.639510473715499, 1: 1.4833892278686112, 8: 1.153583847111218, 7: 0.4417998474738893}
2024-05-21 15:27:53 - INFO     - 0.9111111111111111, 0.8962962962962963, 0.8814814814814815, 0.8555555555555555, 0.8444444444444444, 0.8851851851851852, 0.8777777777777778, 0.9074074074074074, 0.9, 0.9074074074074074
2024-05-21 15:27:53 - WARNING  - Epoch: 727, Sum of Accs: 8.867, Sum of s_i: 12.353216951195796
2024-05-21 15:27:57 - INFO     - {6: 1.437989621090955, 9: 1.090848386937886, 0: 0.2666101858734273, 2: 1.968896237409804, 4: 0.5827728779605892, 3: 2.288119034845935, 5: 1.6400657327193637, 1: 1.4837319769518573, 8: 1.153471493943264, 7: 0.4407104482351095}
2024-05-21 15:27:57 - INFO     - 0.9111111111111111, 0.8962962962962963, 0.8814814814814815, 0.8555555555555555, 0.8444444444444444, 0.8851851851851852, 0.8777777777777778, 0.9074074074074074, 0.9, 0.9074074074074074
2024-05-21 15:27:57 - WARNING  - Epoch: 728, Sum of Accs: 8.867, Sum of s_i: 12.35321599596819
2024-05-21 15:28:01 - INFO     - {6: 1.438266162976358, 9: 1.0906494580586417, 0: 0.2652807950464247, 2: 1.9699012268525875, 4: 0.5818774339695738, 3: 2.289564065159864, 5: 1.6406209932005507, 1: 1.484072960767699, 8: 1.1533591422526321, 7: 0.439621050473652}
2024-05-21 15:28:01 - INFO     - 0.9111111111111111, 0.8962962962962963, 0.8814814814814815, 0.8555555555555555, 0.8444444444444444, 0.8851851851851852, 0.8777777777777778, 0.9074074074074074, 0.9, 0.9074074074074074
2024-05-21 15:28:01 - WARNING  - Epoch: 729, Sum of Accs: 8.867, Sum of s_i: 12.353213288757987
2024-05-21 15:28:05 - INFO     - {6: 1.438542709048641, 9: 1.090450105680825, 0: 0.2639509807208497, 2: 1.9709057927967986, 4: 0.580981566479986, 3: 2.2910091022755825, 5: 1.641175792187906, 1: 1.4844135210849683, 8: 1.153246329068169, 7: 0.43853122921362203}
2024-05-21 15:28:05 - INFO     - 0.9111111111111111, 0.8962962962962963, 0.8814814814814815, 0.8555555555555555, 0.8444444444444444, 0.8851851851851852, 0.8777777777777778, 0.9037037037037037, 0.9, 0.9074074074074074
2024-05-21 15:28:05 - WARNING  - Epoch: 730, Sum of Accs: 8.863, Sum of s_i: 12.353207128557349
2024-05-21 15:28:09 - INFO     - {6: 1.4388192646480906, 9: 1.0902507628149294, 0: 0.26262160360789394, 2: 1.9719127327472403, 4: 0.5800857085023194, 3: 2.292454144527712, 5: 1.6417328313409214, 1: 1.4847564554084682, 8: 1.1531357560493656, 7: 0.43744141746551335}
2024-05-21 15:28:09 - INFO     - 0.9111111111111111, 0.8962962962962963, 0.8814814814814815, 0.8555555555555555, 0.8444444444444444, 0.8851851851851852, 0.8777777777777778, 0.9037037037037037, 0.9, 0.9074074074074074
2024-05-21 15:28:09 - WARNING  - Epoch: 731, Sum of Accs: 8.863, Sum of s_i: 12.353210677112456
2024-05-21 15:28:13 - INFO     - {6: 1.4390958147594586, 9: 1.0900514144697342, 0: 0.2612922210068564, 2: 1.9729196672337206, 4: 0.5791902727372691, 3: 2.2938991806713247, 5: 1.642290036865805, 1: 1.485099211787622, 8: 1.1530251769220459, 7: 0.43635396474775273}
2024-05-21 15:28:13 - INFO     - 0.9111111111111111, 0.8962962962962963, 0.8814814814814815, 0.8555555555555555, 0.8444444444444444, 0.8851851851851852, 0.8777777777777778, 0.9037037037037037, 0.9, 0.9074074074074074
2024-05-21 15:28:13 - WARNING  - Epoch: 732, Sum of Accs: 8.863, Sum of s_i: 12.35321696120159
2024-05-21 15:28:17 - INFO     - {6: 1.4393723551520645, 9: 1.089852484097693, 0: 0.25996282868705695, 2: 1.973924655183707, 4: 0.5782948272534568, 3: 2.2953442095036714, 5: 1.642845295854195, 1: 1.4854419608555098, 8: 1.152912823738617, 7: 0.4352663322383413}
2024-05-21 15:28:17 - INFO     - 0.9111111111111111, 0.8962962962962963, 0.8814814814814815, 0.8555555555555555, 0.8444444444444444, 0.8851851851851852, 0.8777777777777778, 0.9037037037037037, 0.9, 0.9074074074074074
2024-05-21 15:28:17 - WARNING  - Epoch: 733, Sum of Accs: 8.863, Sum of s_i: 12.353217772564316
2024-05-21 15:28:21 - INFO     - {6: 1.4396488942898449, 9: 1.0896531247964705, 0: 0.2586334351124319, 2: 1.9749292142045123, 4: 0.577399380514819, 3: 2.296789238413766, 5: 1.6434023216651756, 1: 1.4857847100011454, 8: 1.152802237377779, 7: 0.43417693172926136}
2024-05-21 15:28:21 - INFO     - 0.9111111111111111, 0.8962962962962963, 0.8814814814814815, 0.8555555555555555, 0.8444444444444444, 0.8851851851851852, 0.8777777777777778, 0.9037037037037037, 0.9, 0.9074074074074074
2024-05-21 15:28:21 - WARNING  - Epoch: 734, Sum of Accs: 8.863, Sum of s_i: 12.353219488105205
2024-05-21 15:28:25 - INFO     - {6: 1.4399254307744296, 9: 1.0894541905164081, 0: 0.2573040388846113, 2: 1.9759341982464775, 4: 0.5765039311229855, 3: 2.298232496593249, 5: 1.6439575767455443, 1: 1.486124364274169, 8: 1.1526885561443292, 7: 0.4330875285669858}
2024-05-21 15:28:25 - INFO     - 0.9111111111111111, 0.8962962962962963, 0.8814814814814815, 0.8555555555555555, 0.8444444444444444, 0.8851851851851852, 0.8777777777777778, 0.9037037037037037, 0.9, 0.9074074074074074
2024-05-21 15:28:25 - WARNING  - Epoch: 735, Sum of Accs: 8.863, Sum of s_i: 12.35321231186919
2024-05-21 15:28:29 - INFO     - {6: 1.4402019783575364, 9: 1.0892548396469977, 0: 0.2559742260674424, 2: 1.9769411308774174, 4: 0.5756080651418038, 3: 2.2996775315497375, 5: 1.6445124152365649, 1: 1.4864649260998444, 8: 1.1525781476418537, 7: 0.431997708815362}
2024-05-21 15:28:29 - INFO     - 0.9111111111111111, 0.8962962962962963, 0.8814814814814815, 0.8555555555555555, 0.8444444444444444, 0.8851851851851852, 0.8777777777777778, 0.9037037037037037, 0.9, 0.9074074074074074
2024-05-21 15:28:29 - WARNING  - Epoch: 736, Sum of Accs: 8.863, Sum of s_i: 12.353210969434562
2024-05-21 15:28:33 - INFO     - {6: 1.4404785280168084, 9: 1.0890554908504302, 0: 0.254644843014309, 2: 1.9779480649137888, 4: 0.5747145657443765, 3: 2.3011225642485615, 5: 1.6450696203113397, 1: 1.486807854509274, 8: 1.1524677405448098, 7: 0.4309102556474925}
2024-05-21 15:28:33 - INFO     - 0.9111111111111111, 0.8962962962962963, 0.8814814814814815, 0.8555555555555555, 0.8444444444444444, 0.8851851851851852, 0.8777777777777778, 0.9037037037037037, 0.9, 0.9074074074074074
2024-05-21 15:28:33 - WARNING  - Epoch: 737, Sum of Accs: 8.863, Sum of s_i: 12.35321952780119
2024-05-21 15:28:37 - INFO     - {6: 1.440755064440001, 9: 1.0888561288389635, 0: 0.253315446725096, 2: 1.9789549857722537, 4: 0.5738191162911507, 3: 2.3025675868067097, 5: 1.645624875330316, 1: 1.487150769740797, 8: 1.1523573202698594, 7: 0.42982085242382456}
2024-05-21 15:28:37 - INFO     - 0.9111111111111111, 0.8962962962962963, 0.8814814814814815, 0.8555555555555555, 0.8444444444444444, 0.8851851851851852, 0.8777777777777778, 0.9037037037037037, 0.9, 0.9074074074074074
2024-05-21 15:28:37 - WARNING  - Epoch: 738, Sum of Accs: 8.863, Sum of s_i: 12.353222146638972
2024-05-21 15:28:41 - INFO     - {6: 1.4410315968129919, 9: 1.0886567627837767, 0: 0.2519860463856816, 2: 1.979961902598318, 4: 0.5729232351241927, 3: 2.3040126060066033, 5: 1.6461818914310957, 1: 1.4874935091762318, 8: 1.1522467241988203, 7: 0.42873321028196004}
2024-05-21 15:28:41 - INFO     - 0.9111111111111111, 0.8962962962962963, 0.8814814814814815, 0.8555555555555555, 0.8444444444444444, 0.8851851851851852, 0.8777777777777778, 0.9037037037037037, 0.9, 0.9074074074074074
2024-05-21 15:28:41 - WARNING  - Epoch: 739, Sum of Accs: 8.863, Sum of s_i: 12.353227484799673
2024-05-21 15:28:45 - INFO     - {6: 1.44130812093018, 9: 1.0884578161363176, 0: 0.25065663779046427, 2: 1.9809688105433148, 4: 0.5720277733649626, 3: 2.305457615690575, 5: 1.6467388980159539, 1: 1.4878362390957447, 8: 1.1521361186118597, 7: 0.42764379475228775}
2024-05-21 15:28:45 - INFO     - 0.9111111111111111, 0.8962962962962963, 0.8814814814814815, 0.8555555555555555, 0.8444444444444444, 0.8851851851851852, 0.8777777777777778, 0.9037037037037037, 0.9, 0.9074074074074074
2024-05-21 15:28:45 - WARNING  - Epoch: 740, Sum of Accs: 8.863, Sum of s_i: 12.353231824931662
2024-05-21 15:28:49 - INFO     - {6: 1.4415846383350859, 9: 1.0882588627765764, 0: 0.2493272224829647, 2: 1.981975711805547, 4: 0.5711323048934502, 3: 2.3069026187126482, 5: 1.6472941340166436, 1: 1.4881771984310894, 8: 1.1520255063630003, 7: 0.42655437251033324}
2024-05-21 15:28:49 - INFO     - 0.9111111111111111, 0.8962962962962963, 0.8814814814814815, 0.8555555555555555, 0.8444444444444444, 0.8851851851851852, 0.8777777777777778, 0.9037037037037037, 0.9, 0.9074074074074074
2024-05-21 15:28:49 - WARNING  - Epoch: 741, Sum of Accs: 8.863, Sum of s_i: 12.353232570327338
2024-05-21 15:28:53 - INFO     - {6: 1.4418611545871918, 9: 1.088059480626301, 0: 0.24799780602266527, 2: 1.9829806756150334, 4: 0.5702368352691379, 3: 2.308345856659652, 5: 1.6478489412267994, 1: 1.4885181566136343, 8: 1.1519127014013373, 7: 0.42546494911557886}
2024-05-21 15:28:53 - INFO     - 0.9111111111111111, 0.8962962962962963, 0.8814814814814815, 0.8555555555555555, 0.8444444444444444, 0.8851851851851852, 0.8777777777777778, 0.9037037037037037, 0.9, 0.9074074074074074
2024-05-21 15:28:53 - WARNING  - Epoch: 742, Sum of Accs: 8.863, Sum of s_i: 12.353226557137333
2024-05-21 15:28:57 - INFO     - {6: 1.4421376801390677, 9: 1.0878601077609142, 0: 0.24666839886213573, 2: 1.9839875856499614, 4: 0.569343311870267, 3: 2.3097908654318173, 5: 1.6484061223001307, 1: 1.4888610610216204, 8: 1.15180209490257, 7: 0.42437747194626585}
2024-05-21 15:28:57 - INFO     - 0.9111111111111111, 0.8962962962962963, 0.8814814814814815, 0.8555555555555555, 0.8444444444444444, 0.8851851851851852, 0.8777777777777778, 0.9037037037037037, 0.9, 0.9074074074074074
2024-05-21 15:28:57 - WARNING  - Epoch: 743, Sum of Accs: 8.863, Sum of s_i: 12.353234699884748
2024-05-21 15:29:01 - INFO     - {6: 1.4424141930976841, 9: 1.0876611499548836, 0: 0.24533897910834676, 2: 1.9849925461659583, 4: 0.5684478389524652, 3: 2.3112358670362743, 5: 1.6489613538545311, 1: 1.4892020159106756, 8: 1.1516897142851517, 7: 0.42328804525802194}
2024-05-21 15:29:01 - INFO     - 0.9111111111111111, 0.8962962962962963, 0.8814814814814815, 0.8555555555555555, 0.8444444444444444, 0.8851851851851852, 0.8777777777777778, 0.9037037037037037, 0.9, 0.9074074074074074
2024-05-21 15:29:01 - WARNING  - Epoch: 744, Sum of Accs: 8.863, Sum of s_i: 12.353231703623994
2024-05-21 15:29:05 - INFO     - {6: 1.4426907106901998, 9: 1.087461769142873, 0: 0.2440095639884569, 2: 1.9859970836759755, 4: 0.5675519430286835, 3: 2.3126808752243724, 5: 1.649516123967122, 1: 1.4895425093579215, 8: 1.1515754878475402, 7: 0.4221986232036772}
2024-05-21 15:29:05 - INFO     - 0.9111111111111111, 0.8962962962962963, 0.8814814814814815, 0.8555555555555555, 0.8444444444444444, 0.8851851851851852, 0.8777777777777778, 0.9037037037037037, 0.9, 0.9074074074074074
2024-05-21 15:29:05 - WARNING  - Epoch: 745, Sum of Accs: 8.863, Sum of s_i: 12.35322469012682
2024-05-21 15:29:09 - INFO     - {6: 1.4429672391295252, 9: 1.087262399160315, 0: 0.24268004038583688, 2: 1.9870019403431414, 4: 0.5666563662620506, 3: 2.3141258934085593, 5: 1.650073139052195, 1: 1.4898833603981456, 8: 1.1514648907607945, 7: 0.4211090926666022}
2024-05-21 15:29:09 - INFO     - 0.9111111111111111, 0.8962962962962963, 0.8814814814814815, 0.8555555555555555, 0.8444444444444444, 0.8851851851851852, 0.8777777777777778, 0.9037037037037037, 0.9, 0.9074074074074074
2024-05-21 15:29:09 - WARNING  - Epoch: 746, Sum of Accs: 8.863, Sum of s_i: 12.353224361567166
2024-05-21 15:29:13 - INFO     - {6: 1.4432437680769887, 9: 1.087063029685082, 0: 0.24135020896284573, 2: 1.9880088544202945, 4: 0.565760909333096, 3: 2.315570909207597, 5: 1.650630151752119, 1: 1.4902260964327243, 8: 1.1513544637045323, 7: 0.4200192543091561}
2024-05-21 15:29:13 - INFO     - 0.9111111111111111, 0.8962962962962963, 0.8814814814814815, 0.8555555555555555, 0.8444444444444444, 0.8851851851851852, 0.8777777777777778, 0.9037037037037037, 0.9, 0.9074074074074074
2024-05-21 15:29:13 - WARNING  - Epoch: 747, Sum of Accs: 8.863, Sum of s_i: 12.353227645884438
2024-05-21 15:29:17 - INFO     - {6: 1.4435202919450492, 9: 1.0868636551385742, 0: 0.24002080011850072, 2: 1.9890157627788074, 4: 0.564865019674817, 3: 2.3170159199663556, 5: 1.6511871594117637, 1: 1.4905689991642954, 8: 1.15124403092963, 7: 0.41893177546342797}
2024-05-21 15:29:17 - INFO     - 0.9111111111111111, 0.8962962962962963, 0.8814814814814815, 0.8555555555555555, 0.8444444444444444, 0.8851851851851852, 0.8777777777777778, 0.9037037037037037, 0.9, 0.9074074074074074
2024-05-21 15:29:17 - WARNING  - Epoch: 748, Sum of Accs: 8.863, Sum of s_i: 12.353233414591221
2024-05-21 15:29:21 - INFO     - {6: 1.4437968068914497, 9: 1.0866646993203277, 0: 0.23869126240350502, 2: 1.9900207252825886, 4: 0.5639695487447993, 3: 2.3184609237292126, 5: 1.6517422730049574, 1: 1.490909836092144, 8: 1.1511316522999957, 7: 0.41784235076296816}
2024-05-21 15:29:21 - INFO     - 0.9111111111111111, 0.8962962962962963, 0.8814814814814815, 0.8555555555555555, 0.8444444444444444, 0.8851851851851852, 0.8777777777777778, 0.9037037037037037, 0.9, 0.9074074074074074
2024-05-21 15:29:21 - WARNING  - Epoch: 749, Sum of Accs: 8.863, Sum of s_i: 12.353230078531947
2024-05-21 15:29:25 - INFO     - {6: 1.4440733269972699, 9: 1.0864653210176, 0: 0.23736142215301897, 2: 1.9910252653018885, 4: 0.5630736553303004, 3: 2.319905935073278, 5: 1.6522970840626607, 1: 1.4912503704845022, 8: 1.1510188511858803, 7: 0.4167525035780272}
2024-05-21 15:29:25 - INFO     - 0.9111111111111111, 0.8962962962962963, 0.8814814814814815, 0.8555555555555555, 0.8444444444444444, 0.8851851851851852, 0.8777777777777778, 0.9037037037037037, 0.9, 0.9074074074074074
2024-05-21 15:29:25 - WARNING  - Epoch: 750, Sum of Accs: 8.863, Sum of s_i: 12.353223735184427
2024-05-21 15:29:29 - INFO     - {6: 1.444349856913474, 9: 1.0862659525095577, 0: 0.23603159169721832, 2: 1.9920298151158737, 4: 0.5621777717104869, 3: 2.3213509561541263, 5: 1.6528519049150494, 1: 1.4915909146715458, 8: 1.1509060598664504, 7: 0.4156626661877716}
2024-05-21 15:29:29 - INFO     - 0.9111111111111111, 0.8962962962962963, 0.8814814814814815, 0.8555555555555555, 0.8444444444444444, 0.8851851851851852, 0.8777777777777778, 0.9037037037037037, 0.9, 0.9074074074074074
2024-05-21 15:29:29 - WARNING  - Epoch: 751, Sum of Accs: 8.863, Sum of s_i: 12.353217489741553
2024-05-21 15:29:33 - INFO     - {6: 1.4446263964886583, 9: 1.086066593645039, 0: 0.23470219855999722, 2: 1.9930367391124775, 4: 0.5612842622732918, 3: 2.3227959788444648, 5: 1.6534090999500564, 1: 1.4919338330412077, 8: 1.1507954672858565, 7: 0.4145732661160955}
2024-05-21 15:29:33 - INFO     - 0.9111111111111111, 0.8962962962962963, 0.8814814814814815, 0.8555555555555555, 0.8444444444444444, 0.8851851851851852, 0.8777777777777778, 0.9037037037037037, 0.9, 0.9074074074074074
2024-05-21 15:29:33 - WARNING  - Epoch: 752, Sum of Accs: 8.863, Sum of s_i: 12.353223835317145
2024-05-21 15:29:37 - INFO     - {6: 1.4449029262500008, 9: 1.0858676526417346, 0: 0.23337279560893437, 2: 1.9940417164312005, 4: 0.5603888061582161, 3: 2.3242409971254165, 5: 1.653966115131894, 1: 1.4922765715577004, 8: 1.1506848702958754, 7: 0.4134838562305777}
2024-05-21 15:29:37 - INFO     - 0.9111111111111111, 0.8962962962962963, 0.8814814814814815, 0.8555555555555555, 0.8444444444444444, 0.8851851851851852, 0.8777777777777778, 0.9037037037037037, 0.9, 0.9074074074074074
2024-05-21 15:29:37 - WARNING  - Epoch: 753, Sum of Accs: 8.863, Sum of s_i: 12.353226307431552
2024-05-21 15:29:41 - INFO     - {6: 1.4451794521880623, 9: 1.0856682801619155, 0: 0.2320429611813569, 2: 1.995046262273409, 4: 0.5594929185666258, 3: 2.325686014257968, 5: 1.654520894172595, 1: 1.4926193089257926, 8: 1.1505720750046686, 7: 0.41239401486854527}
2024-05-21 15:29:41 - INFO     - 0.9111111111111111, 0.8962962962962963, 0.8814814814814815, 0.8555555555555555, 0.8444444444444444, 0.8851851851851852, 0.8777777777777778, 0.9037037037037037, 0.9, 0.9074074074074074
2024-05-21 15:29:41 - WARNING  - Epoch: 754, Sum of Accs: 8.863, Sum of s_i: 12.35322218160094
2024-05-21 15:29:45 - INFO     - {6: 1.4454559845069825, 9: 1.0854693417161885, 0: 0.2307135607878716, 2: 1.9960512421497099, 4: 0.5585974650091277, 3: 2.327131035077283, 5: 1.6550779118927963, 1: 1.4929620499806489, 8: 1.1504614805530513, 7: 0.41130637434610223}
2024-05-21 15:29:45 - INFO     - 0.9111111111111111, 0.8962962962962963, 0.8814814814814815, 0.8555555555555555, 0.8444444444444444, 0.8851851851851852, 0.8777777777777778, 0.9037037037037037, 0.9, 0.9074074074074074
2024-05-21 15:29:45 - WARNING  - Epoch: 755, Sum of Accs: 8.863, Sum of s_i: 12.353226446019763
2024-05-21 15:29:49 - INFO     - {6: 1.4457325102307088, 9: 1.0852703966752675, 0: 0.2293841537991924, 2: 1.9970562154308167, 4: 0.5577020048564356, 3: 2.328576049350951, 5: 1.6556331562123063, 1: 1.4933016908789836, 8: 1.1503491127007428, 7: 0.41021696042296807}
2024-05-21 15:29:49 - INFO     - 0.9111111111111111, 0.8962962962962963, 0.8814814814814815, 0.8555555555555555, 0.8444444444444444, 0.8851851851851852, 0.8777777777777778, 0.9037037037037037, 0.9, 0.9074074074074074
2024-05-21 15:29:49 - WARNING  - Epoch: 756, Sum of Accs: 8.863, Sum of s_i: 12.353222250558373
2024-05-21 15:29:53 - INFO     - {6: 1.446009042442982, 9: 1.0850710304596198, 0: 0.2280543256357864, 2: 1.9980631327584388, 4: 0.5568061235290168, 3: 2.330021069051864, 5: 1.656190344578332, 1: 1.4936444308154377, 8: 1.1502385171307234, 7: 0.40912712532510714}
2024-05-21 15:29:53 - INFO     - 0.9111111111111111, 0.8962962962962963, 0.8814814814814815, 0.8555555555555555, 0.8444444444444444, 0.8851851851851852, 0.8777777777777778, 0.9037037037037037, 0.9, 0.9074074074074074
2024-05-21 15:29:53 - WARNING  - Epoch: 757, Sum of Accs: 8.863, Sum of s_i: 12.35322514172731
2024-05-21 15:29:57 - INFO     - {6: 1.4462855701838784, 9: 1.0848716597797508, 0: 0.22672449300815903, 2: 1.9990676804005973, 4: 0.5559102377373766, 3: 2.331466087973725, 5: 1.6567473604010787, 1: 1.4939849728306547, 8: 1.1501279207816515, 7: 0.40803728576302484}
2024-05-21 15:29:57 - INFO     - 0.9111111111111111, 0.8962962962962963, 0.8814814814814815, 0.8555555555555555, 0.8444444444444444, 0.8851851851851852, 0.8777777777777778, 0.9037037037037037, 0.9, 0.9074074074074074
2024-05-21 15:29:57 - WARNING  - Epoch: 758, Sum of Accs: 8.863, Sum of s_i: 12.353223268859894
2024-05-21 15:30:01 - INFO     - {6: 1.4465621008212832, 9: 1.0846722919917549, 0: 0.22539466327240484, 2: 2.000074596160269, 4: 0.5550147824983631, 3: 2.3329111054500276, 5: 1.6573045471991534, 1: 1.4943255177377448, 8: 1.1500174954079074, 7: 0.4069474490928157}
2024-05-21 15:30:01 - INFO     - 0.9111111111111111, 0.8962962962962963, 0.8814814814814815, 0.8555555555555555, 0.8444444444444444, 0.8851851851851852, 0.8777777777777778, 0.9037037037037037, 0.9, 0.9074074074074074
2024-05-21 15:30:01 - WARNING  - Epoch: 759, Sum of Accs: 8.863, Sum of s_i: 12.353224549631722
2024-05-21 15:30:05 - INFO     - {6: 1.446838629477893, 9: 1.0844733498837176, 0: 0.22406525921660922, 2: 2.0010815086247247, 4: 0.5541193252785547, 3: 2.334356292052001, 5: 1.657861730702013, 1: 1.494668424575259, 8: 1.1499070667389482, 7: 0.40585997435303084}
2024-05-21 15:30:05 - INFO     - 0.9111111111111111, 0.8962962962962963, 0.8814814814814815, 0.8555555555555555, 0.8444444444444444, 0.8851851851851852, 0.8777777777777778, 0.9037037037037037, 0.9, 0.9074074074074074
2024-05-21 15:30:05 - WARNING  - Epoch: 760, Sum of Accs: 8.863, Sum of s_i: 12.353231560902751
2024-05-21 15:30:09 - INFO     - {6: 1.4471151472911357, 9: 1.0842739692920809, 0: 0.2227358443174465, 2: 2.0020884109550305, 4: 0.5532238572153791, 3: 2.3358014685198243, 5: 1.6584165394708072, 1: 1.4950089566787084, 8: 1.149794263335924, 7: 0.4047701248791809}
2024-05-21 15:30:09 - INFO     - 0.9037037037037037, 0.8925925925925926, 0.8629629629629629, 0.8518518518518519, 0.8481481481481481, 0.8851851851851852, 0.8666666666666667, 0.9, 0.9037037037037037, 0.9
2024-05-21 15:30:09 - WARNING  - Epoch: 761, Sum of Accs: 8.815, Sum of s_i: 12.353228581955516
2024-05-21 15:30:13 - INFO     - {6: 1.447391669711504, 9: 1.084075020947802, 0: 0.22140643402540933, 2: 2.0030953172106694, 4: 0.5523303300372191, 3: 2.337246473524476, 5: 1.6589737167648495, 1: 1.4953518573074054, 8: 1.149680026277266, 7: 0.40368264393057873}
2024-05-21 15:30:13 - INFO     - 0.9037037037037037, 0.8888888888888888, 0.8592592592592593, 0.8555555555555555, 0.8481481481481481, 0.8740740740740741, 0.8629629629629629, 0.9074074074074074, 0.9, 0.8851851851851852
2024-05-21 15:30:13 - WARNING  - Epoch: 762, Sum of Accs: 8.785, Sum of s_i: 12.353233489737178
2024-05-21 15:30:17 - INFO     - {6: 1.4476681845416868, 9: 1.083875637377879, 0: 0.22007658850772793, 2: 2.004102217232551, 4: 0.5514367966253021, 3: 2.3386914723147942, 5: 1.6595307124560537, 1: 1.4956947517023453, 8: 1.1495695851657324, 7: 0.4025927914784424}
2024-05-21 15:30:17 - INFO     - 0.9148148148148149, 0.8925925925925926, 0.8666666666666667, 0.8555555555555555, 0.8444444444444444, 0.8888888888888888, 0.8703703703703703, 0.9037037037037037, 0.9037037037037037, 0.9
2024-05-21 15:30:17 - WARNING  - Epoch: 763, Sum of Accs: 8.841, Sum of s_i: 12.353238737402515
2024-05-21 15:30:21 - INFO     - {6: 1.4479446912560412, 9: 1.0836762457051146, 0: 0.21874716250967693, 2: 2.0051091085127486, 4: 0.5505408898407664, 3: 2.340136466048517, 5: 1.6600878747746544, 1: 1.4960376373556008, 8: 1.1494591353125143, 7: 0.4015052955543988}
2024-05-21 15:30:21 - INFO     - 0.9111111111111111, 0.8925925925925926, 0.8666666666666667, 0.8518518518518519, 0.8481481481481481, 0.8888888888888888, 0.8666666666666667, 0.9037037037037037, 0.9037037037037037, 0.9
2024-05-21 15:30:21 - WARNING  - Epoch: 764, Sum of Accs: 8.833, Sum of s_i: 12.353244506870032
2024-05-21 15:30:25 - INFO     - {6: 1.4482211890475785, 9: 1.083476845123811, 0: 0.2174177275888088, 2: 2.0061159909093442, 4: 0.5496449741476919, 3: 2.3415814509263524, 5: 1.6606450282096537, 1: 1.4963805141252549, 8: 1.1493486765756948, 7: 0.40041585369907573}
2024-05-21 15:30:25 - INFO     - 0.9111111111111111, 0.8925925925925926, 0.8666666666666667, 0.8518518518518519, 0.8481481481481481, 0.8851851851851852, 0.8703703703703703, 0.9, 0.9037037037037037, 0.9037037037037037
2024-05-21 15:30:25 - WARNING  - Epoch: 765, Sum of Accs: 8.833, Sum of s_i: 12.353248250353268
2024-05-21 15:30:29 - INFO     - {6: 1.4484976810496066, 9: 1.0832774387622626, 0: 0.2160878592795021, 2: 2.0071228682033424, 4: 0.5487490526743724, 3: 2.3430266023578676, 5: 1.661202176542055, 1: 1.4967233857923112, 8: 1.1492382127362777, 7: 0.3993259784553141}
2024-05-21 15:30:29 - INFO     - 0.9111111111111111, 0.8925925925925926, 0.8666666666666667, 0.8518518518518519, 0.8481481481481481, 0.8851851851851852, 0.8703703703703703, 0.9, 0.9037037037037037, 0.9037037037037037
2024-05-21 15:30:29 - WARNING  - Epoch: 766, Sum of Accs: 8.833, Sum of s_i: 12.35325125585291
2024-05-21 15:30:33 - INFO     - {6: 1.448774168403462, 9: 1.0830784553514707, 0: 0.21475841392095207, 2: 2.008129739546675, 4: 0.547855490583906, 3: 2.344471747838717, 5: 1.661759318923791, 1: 1.4970662515087019, 8: 1.1491277429461948, 7: 0.3982365261623091}
2024-05-21 15:30:33 - INFO     - 0.9111111111111111, 0.8925925925925926, 0.8666666666666667, 0.8518518518518519, 0.8481481481481481, 0.8851851851851852, 0.8703703703703703, 0.9, 0.9074074074074074, 0.9037037037037037
2024-05-21 15:30:33 - WARNING  - Epoch: 767, Sum of Accs: 8.837, Sum of s_i: 12.35325785518618
2024-05-21 15:30:38 - INFO     - {6: 1.4490506455510903, 9: 1.082879461734452, 0: 0.21342895835617487, 2: 2.009136600728662, 4: 0.5469599818551161, 3: 2.345916710905687, 5: 1.6623164511441817, 1: 1.4974091070637474, 8: 1.1490172629947668, 7: 0.39714706366307695}
2024-05-21 15:30:38 - INFO     - 0.9111111111111111, 0.8925925925925926, 0.8666666666666667, 0.8518518518518519, 0.8444444444444444, 0.8851851851851852, 0.8740740740740741, 0.9, 0.9074074074074074, 0.9037037037037037
2024-05-21 15:30:38 - WARNING  - Epoch: 768, Sum of Accs: 8.837, Sum of s_i: 12.353262243996955
2024-05-21 15:30:42 - INFO     - {6: 1.4493271159111918, 9: 1.0826804613299061, 0: 0.21209949600387082, 2: 2.010143455152971, 4: 0.5460644663387992, 3: 2.3473616672360773, 5: 1.662871640100067, 1: 1.4977517836296788, 8: 1.1489067762856602, 7: 0.39605759437631793}
2024-05-21 15:30:42 - INFO     - 0.9111111111111111, 0.8925925925925926, 0.8703703703703703, 0.8518518518518519, 0.8444444444444444, 0.8851851851851852, 0.8740740740740741, 0.9, 0.9074074074074074, 0.9037037037037037
2024-05-21 15:30:42 - WARNING  - Epoch: 769, Sum of Accs: 8.841, Sum of s_i: 12.35326445636454
2024-05-21 15:30:46 - INFO     - {6: 1.4496035828497524, 9: 1.0824814575038197, 0: 0.21077003023002605, 2: 2.0111503061707854, 4: 0.5451689474009417, 3: 2.3488067923914087, 5: 1.6634287621562847, 1: 1.4980946290205512, 8: 1.148794349648186, 7: 0.3949681216680182}
2024-05-21 15:30:46 - INFO     - 0.9111111111111111, 0.8925925925925926, 0.8703703703703703, 0.8518518518518519, 0.8444444444444444, 0.8888888888888888, 0.8666666666666667, 0.9, 0.9074074074074074, 0.9037037037037037
2024-05-21 15:30:46 - WARNING  - Epoch: 770, Sum of Accs: 8.837, Sum of s_i: 12.353266979039775
2024-05-21 15:30:50 - INFO     - {6: 1.4498800458868675, 9: 1.0822820222237073, 0: 0.20944056055473556, 2: 2.0121547892127007, 4: 0.5442734245616384, 3: 2.350249549570841, 5: 1.6639835162366035, 1: 1.4984351064355248, 8: 1.148681491556686, 7: 0.39387864505827275}
2024-05-21 15:30:50 - INFO     - 0.9111111111111111, 0.8925925925925926, 0.8703703703703703, 0.8518518518518519, 0.8444444444444444, 0.8888888888888888, 0.8666666666666667, 0.9, 0.9074074074074074, 0.9037037037037037
2024-05-21 15:30:50 - WARNING  - Epoch: 771, Sum of Accs: 8.837, Sum of s_i: 12.353259151297577
2024-05-21 15:30:53 - INFO     - {6: 1.4501565210299907, 9: 1.0820825990302314, 0: 0.20811098382142879, 2: 2.01316164924476, 4: 0.5433774862563914, 3: 2.351694512154196, 5: 1.6645406473070659, 1: 1.498777960840642, 8: 1.1485710104553297, 7: 0.39279111788609083}
2024-05-21 15:30:53 - INFO     - 0.9111111111111111, 0.8925925925925926, 0.8703703703703703, 0.8555555555555555, 0.8444444444444444, 0.8888888888888888, 0.8666666666666667, 0.9, 0.9074074074074074, 0.9037037037037037
2024-05-21 15:30:53 - WARNING  - Epoch: 772, Sum of Accs: 8.841, Sum of s_i: 12.353264488026126
2024-05-21 15:30:57 - INFO     - {6: 1.4504329879195852, 9: 1.0818831675964338, 0: 0.20678151799861774, 2: 2.0141685008752255, 4: 0.5424819672695675, 3: 2.3531394657004943, 5: 1.665097769975935, 1: 1.499120806844166, 8: 1.1484605209523802, 7: 0.3917016451288249}
2024-05-21 15:30:57 - INFO     - 0.9111111111111111, 0.8925925925925926, 0.8703703703703703, 0.8518518518518519, 0.8444444444444444, 0.8888888888888888, 0.8629629629629629, 0.9, 0.9074074074074074, 0.9037037037037037
2024-05-21 15:30:57 - WARNING  - Epoch: 773, Sum of Accs: 8.833, Sum of s_i: 12.35326835026123
2024-05-21 15:31:02 - INFO     - {6: 1.450709448836037, 9: 1.0816837301990518, 0: 0.20545161865347747, 2: 2.0151753472201874, 4: 0.5415860147604145, 3: 2.3545845861829737, 5: 1.6656524806830986, 1: 1.4994636475621863, 8: 1.148346231582198, 7: 0.3906117388492297}
2024-05-21 15:31:02 - INFO     - 0.9111111111111111, 0.8925925925925926, 0.8703703703703703, 0.8518518518518519, 0.8444444444444444, 0.8888888888888888, 0.8629629629629629, 0.9, 0.9074074074074074, 0.9037037037037037
2024-05-21 15:31:02 - WARNING  - Epoch: 774, Sum of Accs: 8.833, Sum of s_i: 12.353264844528855
2024-05-21 15:31:06 - INFO     - {6: 1.4509859151742817, 9: 1.0814847257726494, 0: 0.20412215227931668, 2: 2.0161821976403256, 4: 0.5406904952222409, 3: 2.356029710740629, 5: 1.6662096021416402, 1: 1.4998064923553827, 8: 1.1482357408689208, 7: 0.389522265540614}
2024-05-21 15:31:06 - INFO     - 0.9111111111111111, 0.8925925925925926, 0.8740740740740741, 0.8518518518518519, 0.8407407407407408, 0.8888888888888888, 0.8666666666666667, 0.9, 0.9074074074074074, 0.9037037037037037
2024-05-21 15:31:06 - WARNING  - Epoch: 775, Sum of Accs: 8.837, Sum of s_i: 12.353269297736002
2024-05-21 15:31:10 - INFO     - {6: 1.4512623746254165, 9: 1.081285286912295, 0: 0.20279267901804607, 2: 2.017189041865023, 4: 0.5397949687969574, 3: 2.3574746569042815, 5: 1.6667643526417169, 1: 1.5001493309531386, 8: 1.1481252439602032, 7: 0.3884323577980464}
2024-05-21 15:31:10 - INFO     - 0.9111111111111111, 0.8925925925925926, 0.8740740740740741, 0.8518518518518519, 0.8407407407407408, 0.8888888888888888, 0.8666666666666667, 0.9, 0.9074074074074074, 0.9074074074074074
2024-05-21 15:31:10 - WARNING  - Epoch: 776, Sum of Accs: 8.841, Sum of s_i: 12.353270293475127
2024-05-21 15:31:14 - INFO     - {6: 1.4515388325365912, 9: 1.0810862740588227, 0: 0.2014632042168154, 2: 2.0181958838951495, 4: 0.5388994408317139, 3: 2.358919773071925, 5: 1.6673214657102464, 1: 1.5004921673563232, 8: 1.1480147448569142, 7: 0.3873428760623608}
2024-05-21 15:31:14 - INFO     - 0.9111111111111111, 0.8925925925925926, 0.8740740740740741, 0.8518518518518519, 0.8407407407407408, 0.8888888888888888, 0.8666666666666667, 0.9, 0.9074074074074074, 0.9074074074074074
2024-05-21 15:31:14 - WARNING  - Epoch: 777, Sum of Accs: 8.841, Sum of s_i: 12.353274662596862
2024-05-21 15:31:18 - INFO     - {6: 1.4518152836907057, 9: 1.08088725444829, 0: 0.2001336029078074, 2: 2.0192027193831747, 4: 0.5380039061094101, 3: 2.3603647105254435, 5: 1.6678766354601446, 1: 1.5008348250453827, 8: 1.1479040670395002, 7: 0.38625338756961475}
2024-05-21 15:31:18 - INFO     - 0.9111111111111111, 0.8925925925925926, 0.8740740740740741, 0.8518518518518519, 0.8407407407407408, 0.8888888888888888, 0.8740740740740741, 0.9, 0.9074074074074074, 0.9074074074074074
2024-05-21 15:31:18 - WARNING  - Epoch: 778, Sum of Accs: 8.848, Sum of s_i: 12.353276392179474
2024-05-21 15:31:22 - INFO     - {6: 1.4520917321699376, 9: 1.0806878046335897, 0: 0.19880411867463382, 2: 2.0202095526841903, 4: 0.5371083687122237, 3: 2.36180964579952, 5: 1.6684337397995634, 1: 1.5011776527194565, 8: 1.1477935592071005, 7: 0.3851634688727012}
2024-05-21 15:31:22 - INFO     - 0.9111111111111111, 0.8925925925925926, 0.8740740740740741, 0.8518518518518519, 0.8407407407407408, 0.8888888888888888, 0.8740740740740741, 0.9, 0.9111111111111111, 0.9074074074074074
2024-05-21 15:31:22 - WARNING  - Epoch: 779, Sum of Accs: 8.852, Sum of s_i: 12.353279643272918
2024-05-21 15:31:26 - INFO     - {6: 1.4523681756212, 9: 1.0804883497989655, 0: 0.19747451034788657, 2: 2.0212163811635193, 4: 0.5362128262870677, 3: 2.363254748416366, 5: 1.6689887827810055, 1: 1.5015204755718434, 8: 1.147683046553014, 7: 0.3840739726771031}
2024-05-21 15:31:26 - INFO     - 0.9111111111111111, 0.8962962962962963, 0.8740740740740741, 0.8555555555555555, 0.8407407407407408, 0.8888888888888888, 0.8740740740740741, 0.9, 0.9111111111111111, 0.9074074074074074
2024-05-21 15:31:26 - WARNING  - Epoch: 780, Sum of Accs: 8.859, Sum of s_i: 12.35328126921797
2024-05-21 15:31:30 - INFO     - {6: 1.4526446165578626, 9: 1.0802888924537652, 0: 0.19614501857214378, 2: 2.0222208421403467, 4: 0.5353168538300964, 3: 2.364697483530711, 5: 1.6695435147962365, 1: 1.5018609309217292, 8: 1.1475701663964262, 7: 0.3829840464496897}
2024-05-21 15:31:30 - INFO     - 0.9111111111111111, 0.8962962962962963, 0.8740740740740741, 0.8555555555555555, 0.8407407407407408, 0.8888888888888888, 0.8740740740740741, 0.9, 0.9111111111111111, 0.9074074074074074
2024-05-21 15:31:30 - WARNING  - Epoch: 781, Sum of Accs: 8.859, Sum of s_i: 12.353272365649007
2024-05-21 15:31:34 - INFO     - {6: 1.4529210712643184, 9: 1.0800894488563242, 0: 0.19481554056619416, 2: 2.023227681641218, 4: 0.534421322660134, 3: 2.3661425971690995, 5: 1.6701006253355113, 1: 1.5022037647956588, 8: 1.1474596647638822, 7: 0.38189456150928514}
2024-05-21 15:31:34 - INFO     - 0.9111111111111111, 0.8962962962962963, 0.8740740740740741, 0.8555555555555555, 0.8407407407407408, 0.8888888888888888, 0.8740740740740741, 0.9, 0.9111111111111111, 0.9074074074074074
2024-05-21 15:31:34 - WARNING  - Epoch: 782, Sum of Accs: 8.859, Sum of s_i: 12.353276278561626
2024-05-21 15:31:38 - INFO     - {6: 1.4531975199192657, 9: 1.079889999217058, 0: 0.19348605650873602, 2: 2.024234515117177, 4: 0.533525785438663, 3: 2.367587532617573, 5: 1.6706577298498733, 1: 1.5025465926446757, 8: 1.1473491571064256, 7: 0.3808046429878058}
2024-05-21 15:31:38 - INFO     - 0.9111111111111111, 0.8962962962962963, 0.8740740740740741, 0.8592592592592593, 0.8407407407407408, 0.8888888888888888, 0.8740740740740741, 0.9, 0.9111111111111111, 0.9074074074074074
2024-05-21 15:31:38 - WARNING  - Epoch: 783, Sum of Accs: 8.863, Sum of s_i: 12.353279531407253
2024-05-21 15:31:42 - INFO     - {6: 1.4534739635435334, 9: 1.0796905445551626, 0: 0.19215644835445697, 2: 2.0252413437687515, 4: 0.5326301241203711, 3: 2.369032463441194, 5: 1.6712148295398515, 1: 1.5028894156693087, 8: 1.147238644624585, 7: 0.37971502789907186}
2024-05-21 15:31:42 - INFO     - 0.9111111111111111, 0.8962962962962963, 0.8740740740740741, 0.8592592592592593, 0.8407407407407408, 0.8888888888888888, 0.8740740740740741, 0.9, 0.9111111111111111, 0.9074074074074074
2024-05-21 15:31:42 - WARNING  - Epoch: 784, Sum of Accs: 8.863, Sum of s_i: 12.353282805516287
2024-05-21 15:31:46 - INFO     - {6: 1.45375040210424, 9: 1.079491512351222, 0: 0.19082695420275814, 2: 2.026248166533503, 4: 0.5317345768046595, 3: 2.370477388210876, 5: 1.671769986696342, 1: 1.503230296160454, 8: 1.1471261896092568, 7: 0.37862552681291806}
2024-05-21 15:31:46 - INFO     - 0.9111111111111111, 0.8962962962962963, 0.8740740740740741, 0.8592592592592593, 0.8407407407407408, 0.8888888888888888, 0.8740740740740741, 0.9, 0.9111111111111111, 0.9074074074074074
2024-05-21 15:31:46 - WARNING  - Epoch: 785, Sum of Accs: 8.863, Sum of s_i: 12.353280999486229
2024-05-21 15:31:50 - INFO     - {6: 1.4540268434580552, 9: 1.0792920554225072, 0: 0.1894970353262848, 2: 2.0272549934017543, 4: 0.5308386047641733, 3: 2.371922317734624, 5: 1.6723270846029972, 1: 1.503573117401764, 8: 1.1470156753440932, 7: 0.3775356010019898}
2024-05-21 15:31:50 - INFO     - 0.9111111111111111, 0.8962962962962963, 0.8777777777777778, 0.8592592592592593, 0.8407407407407408, 0.8888888888888888, 0.8740740740740741, 0.9, 0.9111111111111111, 0.9074074074074074
2024-05-21 15:31:50 - WARNING  - Epoch: 786, Sum of Accs: 8.867, Sum of s_i: 12.353283328458243
2024-05-21 15:31:54 - INFO     - {6: 1.454303281210008, 9: 1.079093022409813, 0: 0.18816754036583233, 2: 2.0282598787110877, 4: 0.529943056639708, 3: 2.373367244697405, 5: 1.672882240950734, 1: 1.5039139970841557, 8: 1.1469032195200115, 7: 0.3764460991070824}
2024-05-21 15:31:54 - INFO     - 0.9111111111111111, 0.8962962962962963, 0.8777777777777778, 0.8592592592592593, 0.8407407407407408, 0.8888888888888888, 0.8740740740740741, 0.9, 0.9111111111111111, 0.9074074074074074
2024-05-21 15:31:54 - WARNING  - Epoch: 787, Sum of Accs: 8.867, Sum of s_i: 12.353279580695839
2024-05-21 15:31:58 - INFO     - {6: 1.4545797247580488, 9: 1.0788935676718123, 0: 0.18683805120146757, 2: 2.0292647698165087, 4: 0.5290475143113303, 3: 2.37481217807406, 5: 1.6734369755731644, 1: 1.504254455041241, 8: 1.1467903419706231, 7: 0.3753566030082627}
2024-05-21 15:31:58 - INFO     - 0.9111111111111111, 0.8962962962962963, 0.8777777777777778, 0.8592592592592593, 0.8407407407407408, 0.8888888888888888, 0.8740740740740741, 0.9, 0.9111111111111111, 0.9074074074074074
2024-05-21 15:31:58 - WARNING  - Epoch: 788, Sum of Accs: 8.867, Sum of s_i: 12.353274181426519
2024-05-21 15:32:02 - INFO     - {6: 1.4548561766563164, 9: 1.0786941212706767, 0: 0.18550857038732968, 2: 2.0302716065215334, 4: 0.5281519803331797, 3: 2.3762571167415176, 5: 1.6739940833165925, 1: 1.5045971139442398, 8: 1.1466796653671485, 7: 0.3742671152596698}
2024-05-21 15:32:02 - INFO     - 0.9111111111111111, 0.8962962962962963, 0.8777777777777778, 0.8592592592592593, 0.8407407407407408, 0.8888888888888888, 0.8740740740740741, 0.9, 0.9111111111111111, 0.9074074074074074
2024-05-21 15:32:02 - WARNING  - Epoch: 789, Sum of Accs: 8.867, Sum of s_i: 12.353277549798204
2024-05-21 15:32:06 - INFO     - {6: 1.4551326233452357, 9: 1.0784946696685287, 0: 0.1841790843638437, 2: 2.0312784380401046, 4: 0.5272564411456808, 3: 2.3777020502387156, 5: 1.674548778874756, 1: 1.504936675070937, 8: 1.1465691557523046, 7: 0.3731776223017289}
2024-05-21 15:32:06 - INFO     - 0.9111111111111111, 0.8962962962962963, 0.8777777777777778, 0.8629629629629629, 0.8407407407407408, 0.8888888888888888, 0.8740740740740741, 0.9, 0.9111111111111111, 0.9074074074074074
2024-05-21 15:32:06 - WARNING  - Epoch: 790, Sum of Accs: 8.870, Sum of s_i: 12.353275538801835
2024-05-21 15:32:10 - INFO     - {6: 1.455409073144257, 9: 1.0782952211715058, 0: 0.18284960145045948, 2: 2.032285272655109, 4: 0.5263604775368869, 3: 2.3791469874840234, 5: 1.6751057130209497, 1: 1.505277139269, 8: 1.1464584777266797, 7: 0.3720877049224928}
2024-05-21 15:32:10 - INFO     - 0.9111111111111111, 0.8962962962962963, 0.8777777777777778, 0.8629629629629629, 0.8407407407407408, 0.8888888888888888, 0.8740740740740741, 0.9037037037037037, 0.9111111111111111, 0.9074074074074074
2024-05-21 15:32:10 - WARNING  - Epoch: 791, Sum of Accs: 8.874, Sum of s_i: 12.353275668381363
2024-05-21 15:32:14 - INFO     - {6: 1.4556855227428773, 9: 1.0780957724744027, 0: 0.18151969080559804, 2: 2.033289742280034, 4: 0.5254645137280126, 3: 2.3805919288498516, 5: 1.6756604536842776, 1: 1.5056176032669828, 8: 1.146345606218189, 7: 0.37099778734317646}
2024-05-21 15:32:14 - INFO     - 0.9111111111111111, 0.8962962962962963, 0.8777777777777778, 0.8629629629629629, 0.8407407407407408, 0.8888888888888888, 0.8740740740740741, 0.9037037037037037, 0.9111111111111111, 0.9074074074074074
2024-05-21 15:32:14 - WARNING  - Epoch: 792, Sum of Accs: 8.874, Sum of s_i: 12.353268621393402
2024-05-21 15:32:18 - INFO     - {6: 1.4559619832400097, 9: 1.077896762206888, 0: 0.18019021859032505, 2: 2.034296586884746, 4: 0.5245689883487268, 3: 2.3820368753913046, 5: 1.6762175693273933, 1: 1.5059604422447532, 8: 1.1462351096894858, 7: 0.3699083081934485}
2024-05-21 15:32:18 - INFO     - 0.9111111111111111, 0.8962962962962963, 0.8777777777777778, 0.8629629629629629, 0.8407407407407408, 0.8888888888888888, 0.8740740740740741, 0.9074074074074074, 0.9148148148148149, 0.9074074074074074
2024-05-21 15:32:18 - WARNING  - Epoch: 793, Sum of Accs: 8.881, Sum of s_i: 12.353272844117079
2024-05-21 15:32:22 - INFO     - {6: 1.4562384372064912, 9: 1.0776973178706568, 0: 0.1788603123063356, 2: 2.0353034263102647, 4: 0.52367345643879, 3: 2.38348181677179, 5: 1.6767746797913152, 1: 1.5063032760433301, 8: 1.1461222425418671, 7: 0.3688188225130697}
2024-05-21 15:32:22 - INFO     - 0.9111111111111111, 0.8962962962962963, 0.8777777777777778, 0.8629629629629629, 0.8407407407407408, 0.8888888888888888, 0.8740740740740741, 0.9074074074074074, 0.9148148148148149, 0.9074074074074074
2024-05-21 15:32:22 - WARNING  - Epoch: 794, Sum of Accs: 8.881, Sum of s_i: 12.353273787793912
2024-05-21 15:32:26 - INFO     - {6: 1.4565148897135305, 9: 1.077497872077319, 0: 0.17753040456523936, 2: 2.0363102642827515, 4: 0.522777495533681, 3: 2.3849269288817943, 5: 1.6773294233584084, 1: 1.5066461083888751, 8: 1.1460117393809386, 7: 0.3677312732813156}
2024-05-21 15:32:26 - INFO     - 0.9111111111111111, 0.8962962962962963, 0.8777777777777778, 0.8629629629629629, 0.8407407407407408, 0.8888888888888888, 0.8740740740740741, 0.9074074074074074, 0.9148148148148149, 0.9074074074074074
2024-05-21 15:32:27 - WARNING  - Epoch: 795, Sum of Accs: 8.881, Sum of s_i: 12.353276399463853
2024-05-21 15:32:31 - INFO     - {6: 1.4567913381814968, 9: 1.077298422251371, 0: 0.17620049279153313, 2: 2.037317098233906, 4: 0.521881958125229, 3: 2.386371864805008, 5: 1.6778865283479665, 1: 1.5069889367130882, 8: 1.1459012321986781, 7: 0.36664135457315444}
2024-05-21 15:32:31 - INFO     - 0.9111111111111111, 0.8962962962962963, 0.8814814814814815, 0.8629629629629629, 0.8407407407407408, 0.8888888888888888, 0.8740740740740741, 0.9074074074074074, 0.9148148148148149, 0.9074074074074074
2024-05-21 15:32:31 - WARNING  - Epoch: 796, Sum of Accs: 8.885, Sum of s_i: 12.353279226221431
2024-05-21 15:32:35 - INFO     - {6: 1.4570677822777487, 9: 1.077099395582976, 0: 0.17487100417537962, 2: 2.0383239265098605, 4: 0.5209864163450626, 3: 2.3878167950686855, 5: 1.6784416910400024, 1: 1.507329822739779, 8: 1.1457887827188953, 7: 0.365551859022546}
2024-05-21 15:32:35 - INFO     - 0.9111111111111111, 0.8962962962962963, 0.8814814814814815, 0.8629629629629629, 0.8407407407407408, 0.8888888888888888, 0.8740740740740741, 0.9074074074074074, 0.9148148148148149, 0.9074074074074074
2024-05-21 15:32:35 - WARNING  - Epoch: 797, Sum of Accs: 8.885, Sum of s_i: 12.353277475480935
2024-05-21 15:32:39 - INFO     - {6: 1.4573442290816032, 9: 1.0768999440955793, 0: 0.17354109074022467, 2: 2.039330758804213, 4: 0.5200908772724989, 3: 2.38926172934027, 5: 1.6789987943727582, 1: 1.5076724772469043, 8: 1.1456781017195472, 7: 0.3644619386529361}
2024-05-21 15:32:39 - INFO     - 0.9111111111111111, 0.8962962962962963, 0.8814814814814815, 0.8629629629629629, 0.8407407407407408, 0.8888888888888888, 0.8740740740740741, 0.9074074074074074, 0.9148148148148149, 0.9074074074074074
2024-05-21 15:32:39 - WARNING  - Epoch: 798, Sum of Accs: 8.885, Sum of s_i: 12.353279941326534
2024-05-21 15:32:43 - INFO     - {6: 1.4576206720719116, 9: 1.0767009163212407, 0: 0.17221160101812769, 2: 2.040337585979087, 4: 0.5191953343863891, 3: 2.390706658506305, 5: 1.6795558925860359, 1: 1.5080152987948368, 8: 1.1455656511338208, 7: 0.36337244199638413}
2024-05-21 15:32:43 - INFO     - 0.9111111111111111, 0.8962962962962963, 0.8814814814814815, 0.8629629629629629, 0.8407407407407408, 0.8888888888888888, 0.8740740740740741, 0.9074074074074074, 0.9148148148148149, 0.9074074074074074
2024-05-21 15:32:43 - WARNING  - Epoch: 799, Sum of Accs: 8.885, Sum of s_i: 12.353282052794137
2024-05-21 15:32:47 - INFO     - {6: 1.4578971117967376, 9: 1.076501457766143, 0: 0.1708821080305482, 2: 2.0413444105641716, 4: 0.5182997882347968, 3: 2.3921515850916637, 5: 1.6801129882095238, 1: 1.5083581177529795, 8: 1.14545513458549, 7: 0.3622829420743497}
2024-05-21 15:32:47 - INFO     - 0.9111111111111111, 0.8925925925925926, 0.8814814814814815, 0.8629629629629629, 0.8407407407407408, 0.8888888888888888, 0.8740740740740741, 0.9037037037037037, 0.9185185185185185, 0.9074074074074074
2024-05-21 15:32:47 - WARNING  - Epoch: 800, Sum of Accs: 8.881, Sum of s_i: 12.353285644106405
2024-05-21 15:32:51 - INFO     - {6: 1.4581735459674359, 9: 1.0763024211721939, 0: 0.16955260948884096, 2: 2.0423512289582195, 4: 0.5174042365290767, 3: 2.3935965055042883, 5: 1.6806700776419752, 1: 1.5087009305200856, 8: 1.1453446118461226, 7: 0.3611934365981875}
2024-05-21 15:32:51 - INFO     - 0.9111111111111111, 0.8925925925925926, 0.8814814814814815, 0.8629629629629629, 0.8407407407407408, 0.8888888888888888, 0.8740740740740741, 0.9037037037037037, 0.9185185185185185, 0.9074074074074074
2024-05-21 15:32:51 - WARNING  - Epoch: 801, Sum of Accs: 8.881, Sum of s_i: 12.353289604226424
2024-05-21 15:32:55 - INFO     - {6: 1.4584499740136327, 9: 1.0761033784537437, 0: 0.16822310482263247, 2: 2.0433580412546983, 4: 0.5165086786988554, 3: 2.3950415919382846, 5: 1.681225224283956, 1: 1.5090418004967214, 8: 1.1452321463162847, 7: 0.3601039249975241}
2024-05-21 15:32:55 - INFO     - 0.9111111111111111, 0.8925925925925926, 0.8814814814814815, 0.8666666666666667, 0.8407407407407408, 0.8888888888888888, 0.8740740740740741, 0.9037037037037037, 0.9222222222222223, 0.9074074074074074
2024-05-21 15:32:55 - WARNING  - Epoch: 802, Sum of Accs: 8.889, Sum of s_i: 12.353287865276334
2024-05-21 15:32:59 - INFO     - {6: 1.4587264047491926, 9: 1.0759039109237643, 0: 0.16689317534489467, 2: 2.044364857551334, 4: 0.5156126960571048, 3: 2.396486682372437, 5: 1.6817799461144076, 1: 1.5093822456618278, 8: 1.1451192559749175, 7: 0.35901398858533135}
2024-05-21 15:32:59 - INFO     - 0.9111111111111111, 0.8925925925925926, 0.8814814814814815, 0.8666666666666667, 0.8407407407407408, 0.8888888888888888, 0.8740740740740741, 0.9037037037037037, 0.9222222222222223, 0.9074074074074074
2024-05-21 15:32:59 - WARNING  - Epoch: 803, Sum of Accs: 8.889, Sum of s_i: 12.35328316333521
2024-05-21 15:33:03 - INFO     - {6: 1.4590028427565158, 9: 1.0757048781664404, 0: 0.1655636806398125, 2: 2.045371679765135, 4: 0.5147171481880098, 3: 2.397931606592889, 5: 1.6823351027175149, 1: 1.5097231255995898, 8: 1.145006800406206, 7: 0.3579244869457942}
2024-05-21 15:33:03 - INFO     - 0.9111111111111111, 0.8925925925925926, 0.8814814814814815, 0.8666666666666667, 0.8407407407407408, 0.8888888888888888, 0.8740740740740741, 0.9037037037037037, 0.9222222222222223, 0.9074074074074074
2024-05-21 15:33:03 - WARNING  - Epoch: 804, Sum of Accs: 8.889, Sum of s_i: 12.353281351777907
2024-05-21 15:33:07 - INFO     - {6: 1.4592792835654957, 9: 1.075505420693762, 0: 0.16423376121937563, 2: 2.0463785060909445, 4: 0.5138211756035601, 3: 2.3993767070562155, 5: 1.6828898346052674, 1: 1.5100659462984574, 8: 1.1448939201221398, 7: 0.3568345605909024}
2024-05-21 15:33:07 - INFO     - 0.9111111111111111, 0.8925925925925926, 0.8814814814814815, 0.8666666666666667, 0.8407407407407408, 0.8888888888888888, 0.8740740740740741, 0.9037037037037037, 0.9222222222222223, 0.9074074074074074
2024-05-21 15:33:07 - WARNING  - Epoch: 805, Sum of Accs: 8.889, Sum of s_i: 12.35327911584612
2024-05-21 15:33:11 - INFO     - {6: 1.4595557278324482, 9: 1.0753059666735227, 0: 0.16290427277392272, 2: 2.0473853351981934, 4: 0.5129256339940944, 3: 2.4008216381496195, 5: 1.6834445699454592, 1: 1.5104087697787645, 8: 1.1447796131951808, 7: 0.3557446376884499}
2024-05-21 15:33:11 - INFO     - 0.9074074074074074, 0.8925925925925926, 0.8777777777777778, 0.8666666666666667, 0.8407407407407408, 0.8888888888888888, 0.8740740740740741, 0.9037037037037037, 0.9222222222222223, 0.9074074074074074
2024-05-21 15:33:11 - WARNING  - Epoch: 806, Sum of Accs: 8.881, Sum of s_i: 12.353276165229657
2024-05-21 15:33:15 - INFO     - {6: 1.4598321766626687, 9: 1.0751069447390962, 0: 0.16157478889173787, 2: 2.048392168187299, 4: 0.5120300969478967, 3: 2.402266745276242, 5: 1.6839992666996162, 1: 1.5107515971409282, 8: 1.1446671684493668, 7: 0.3546551468718101}
2024-05-21 15:33:15 - INFO     - 0.9074074074074074, 0.8925925925925926, 0.8777777777777778, 0.8666666666666667, 0.8407407407407408, 0.8888888888888888, 0.8740740740740741, 0.9037037037037037, 0.9222222222222223, 0.9074074074074074
2024-05-21 15:33:15 - WARNING  - Epoch: 807, Sum of Accs: 8.881, Sum of s_i: 12.353276099866662
2024-05-21 15:33:19 - INFO     - {6: 1.4601086255939764, 9: 1.0749079229057565, 0: 0.16024530511064003, 2: 2.0493990012770467, 4: 0.511134560002786, 3: 2.4037118525035073, 5: 1.6845563708277675, 1: 1.5110944246037343, 8: 1.1445566604056994, 7: 0.3535656561562573}
2024-05-21 15:33:19 - INFO     - 0.9074074074074074, 0.8925925925925926, 0.8777777777777778, 0.8666666666666667, 0.8407407407407408, 0.8888888888888888, 0.8740740740740741, 0.9037037037037037, 0.9222222222222223, 0.9074074074074074
2024-05-21 15:33:19 - WARNING  - Epoch: 808, Sum of Accs: 8.881, Sum of s_i: 12.353280379387172
2024-05-21 15:33:24 - INFO     - {6: 1.4603850679068036, 9: 1.0747088944539367, 0: 0.15891581471106186, 2: 2.0504038911472544, 4: 0.510239016439195, 3: 2.4051567839928993, 5: 1.6851115317363787, 1: 1.5114353088470003, 8: 1.1444442091424918, 7: 0.35247615882222416}
2024-05-21 15:33:24 - INFO     - 0.9074074074074074, 0.8925925925925926, 0.8777777777777778, 0.8666666666666667, 0.8407407407407408, 0.8888888888888888, 0.8740740740740741, 0.9037037037037037, 0.9185185185185185, 0.9074074074074074
2024-05-21 15:33:24 - WARNING  - Epoch: 809, Sum of Accs: 8.878, Sum of s_i: 12.353276677199245
2024-05-21 15:33:28 - INFO     - {6: 1.4606615159452387, 9: 1.0745098717277248, 0: 0.15758633003709163, 2: 2.0514107233480563, 4: 0.509343478601212, 3: 2.40660171816917, 5: 1.685668634975584, 1: 1.5117781354208604, 8: 1.1443317636048922, 7: 0.35138666721379896}
2024-05-21 15:33:28 - INFO     - 0.9074074074074074, 0.8925925925925926, 0.8777777777777778, 0.8666666666666667, 0.8407407407407408, 0.8888888888888888, 0.8703703703703703, 0.9037037037037037, 0.9222222222222223, 0.9074074074074074
2024-05-21 15:33:28 - WARNING  - Epoch: 810, Sum of Accs: 8.878, Sum of s_i: 12.353278839043629
2024-05-21 15:33:32 - INFO     - {6: 1.4609379606402793, 9: 1.0743104181348886, 0: 0.15625684201972675, 2: 2.052417552881512, 4: 0.5084475098966046, 3: 2.4080466503487816, 5: 1.6862257355474428, 1: 1.5121209593273741, 8: 1.1442212520049324, 7: 0.35029717226197915}
2024-05-21 15:33:32 - INFO     - 0.9074074074074074, 0.8925925925925926, 0.8777777777777778, 0.8666666666666667, 0.8407407407407408, 0.8888888888888888, 0.8703703703703703, 0.9037037037037037, 0.9185185185185185, 0.9074074074074074
2024-05-21 15:33:32 - WARNING  - Epoch: 811, Sum of Accs: 8.874, Sum of s_i: 12.35328205306352
2024-05-21 15:33:36 - INFO     - {6: 1.4612144003646885, 9: 1.0741113870946508, 0: 0.15492734903173067, 2: 2.053424376804849, 4: 0.5075519637445957, 3: 2.4094915762734312, 5: 1.686782830509183, 1: 1.5124618409822221, 8: 1.144108798153307, 7: 0.3492076723395281}
2024-05-21 15:33:36 - INFO     - 0.9074074074074074, 0.8925925925925926, 0.8777777777777778, 0.8666666666666667, 0.8407407407407408, 0.8888888888888888, 0.8703703703703703, 0.9037037037037037, 0.9185185185185185, 0.9074074074074074
2024-05-21 15:33:36 - WARNING  - Epoch: 812, Sum of Accs: 8.874, Sum of s_i: 12.353282195298185
2024-05-21 15:33:40 - INFO     - {6: 1.4614908398691253, 9: 1.0739123558344406, 0: 0.15359785582376212, 2: 2.054429263866666, 4: 0.5066564173726142, 3: 2.4109365049755307, 5: 1.6873379886094038, 1: 1.512802722417098, 8: 1.1439963440817091, 7: 0.3481181721971046}
2024-05-21 15:33:40 - INFO     - 0.9074074074074074, 0.8925925925925926, 0.8777777777777778, 0.8666666666666667, 0.8407407407407408, 0.8888888888888888, 0.8703703703703703, 0.9037037037037037, 0.9185185185185185, 0.9074074074074074
2024-05-21 15:33:40 - WARNING  - Epoch: 813, Sum of Accs: 8.874, Sum of s_i: 12.353278465047453
2024-05-21 15:33:44 - INFO     - {6: 1.4617672851425685, 9: 1.0737129028190815, 0: 0.1522679408606447, 2: 2.055433729173335, 4: 0.505760449245484, 3: 2.41238144204863, 5: 1.6878949225833895, 1: 1.513142283651539, 8: 1.1438834682549623, 7: 0.34702825029953227}
2024-05-21 15:33:44 - INFO     - 0.9074074074074074, 0.8925925925925926, 0.8777777777777778, 0.8666666666666667, 0.8407407407407408, 0.8888888888888888, 0.8703703703703703, 0.9037037037037037, 0.9185185185185185, 0.9074074074074074
2024-05-21 15:33:44 - WARNING  - Epoch: 814, Sum of Accs: 8.874, Sum of s_i: 12.353272674079166
2024-05-21 15:33:48 - INFO     - {6: 1.462043739372022, 9: 1.0735138862838878, 0: 0.1509384623776928, 2: 2.0564405675379303, 4: 0.5048668541762805, 3: 2.413826379373774, 5: 1.6884520319863883, 1: 1.5134851163891925, 8: 1.1437729654861424, 7: 0.34594070145988665}
2024-05-21 15:33:48 - INFO     - 0.9074074074074074, 0.8925925925925926, 0.8777777777777778, 0.8666666666666667, 0.8407407407407408, 0.8888888888888888, 0.8703703703703703, 0.9037037037037037, 0.9185185185185185, 0.9074074074074074
2024-05-21 15:33:48 - WARNING  - Epoch: 815, Sum of Accs: 8.874, Sum of s_i: 12.353280704443199
2024-05-21 15:33:52 - INFO     - {6: 1.4623201811821351, 9: 1.0733148573293536, 0: 0.14960885175372546, 2: 2.057447393722999, 4: 0.5039713101099753, 3: 2.41527147969636, 5: 1.6890070726706103, 1: 1.5138279369473195, 8: 1.143662450537796, 7: 0.3448531404407145}
2024-05-21 15:33:52 - INFO     - 0.9074074074074074, 0.8925925925925926, 0.8777777777777778, 0.8666666666666667, 0.8407407407407408, 0.8888888888888888, 0.8703703703703703, 0.9037037037037037, 0.9185185185185185, 0.9074074074074074
2024-05-21 15:33:52 - WARNING  - Epoch: 816, Sum of Accs: 8.874, Sum of s_i: 12.353284674390988
2024-05-21 15:33:56 - INFO     - {6: 1.462596616852542, 9: 1.0731153947263246, 0: 0.14827892720293806, 2: 2.0584542149328056, 4: 0.5030753323951751, 3: 2.4167164035793154, 5: 1.6895641649188204, 1: 1.5141683870393763, 8: 1.1435495651233791, 7: 0.3437632089554722}
2024-05-21 15:33:56 - INFO     - 0.9074074074074074, 0.8925925925925926, 0.8777777777777778, 0.8666666666666667, 0.8407407407407408, 0.8888888888888888, 0.8703703703703703, 0.9037037037037037, 0.9185185185185185, 0.9074074074074074
2024-05-21 15:33:56 - WARNING  - Epoch: 817, Sum of Accs: 8.874, Sum of s_i: 12.35328221572615
2024-05-21 15:34:00 - INFO     - {6: 1.462873056325386, 9: 1.0729163634345216, 0: 0.14694943396337673, 2: 2.0594610386056833, 4: 0.502179785991601, 3: 2.4181613292542883, 5: 1.6901210874946795, 1: 1.51451103294989, 8: 1.1434371110201884, 7: 0.3426737087814559}
2024-05-21 15:34:00 - INFO     - 0.9074074074074074, 0.8925925925925926, 0.8777777777777778, 0.8666666666666667, 0.8407407407407408, 0.8888888888888888, 0.8703703703703703, 0.9037037037037037, 0.9185185185185185, 0.9074074074074074
2024-05-21 15:34:00 - WARNING  - Epoch: 818, Sum of Accs: 8.874, Sum of s_i: 12.353283947821073
2024-05-21 15:34:04 - INFO     - {6: 1.4631494931194662, 9: 1.0727173294639545, 0: 0.1456199380450514, 2: 2.060467859611577, 4: 0.5012861735636958, 3: 2.419606424397699, 5: 1.6906781795389765, 1: 1.5148538483288418, 8: 1.1433265908926666, 7: 0.34158420592867567}
2024-05-21 15:34:04 - INFO     - 0.9074074074074074, 0.8925925925925926, 0.8777777777777778, 0.8666666666666667, 0.8407407407407408, 0.8888888888888888, 0.8703703703703703, 0.9037037037037037, 0.9185185185185185, 0.9074074074074074
2024-05-21 15:34:04 - WARNING  - Epoch: 819, Sum of Accs: 8.874, Sum of s_i: 12.353290042890604
2024-05-21 15:34:08 - INFO     - {6: 1.4634259204872497, 9: 1.072518286067091, 0: 0.1442904327004296, 2: 2.061474671232626, 4: 0.5003906150550611, 3: 2.421051510156265, 5: 1.6912352621984288, 1: 1.515196654322949, 8: 1.1432160613803002, 7: 0.34049469364959895}
2024-05-21 15:34:08 - INFO     - 0.9074074074074074, 0.8925925925925926, 0.8777777777777778, 0.8666666666666667, 0.8407407407407408, 0.8888888888888888, 0.8703703703703703, 0.9037037037037037, 0.9185185185185185, 0.9074074074074074
2024-05-21 15:34:08 - WARNING  - Epoch: 820, Sum of Accs: 8.874, Sum of s_i: 12.35329410725
2024-05-21 15:34:12 - INFO     - {6: 1.4637023415693267, 9: 1.0723188088990758, 0: 0.14296049358465615, 2: 2.0624814779181797, 4: 0.4994950502607199, 3: 2.4224964188990072, 5: 1.6917921678420569, 1: 1.515539455381561, 8: 1.1431055269324388, 7: 0.33940474759937056}
2024-05-21 15:34:12 - INFO     - 0.9074074074074074, 0.8925925925925926, 0.8777777777777778, 0.8666666666666667, 0.8407407407407408, 0.8888888888888888, 0.8703703703703703, 0.9037037037037037, 0.9185185185185185, 0.9074074074074074
2024-05-21 15:34:12 - WARNING  - Epoch: 821, Sum of Accs: 8.874, Sum of s_i: 12.353296488886391
2024-05-21 15:34:16 - INFO     - {6: 1.4639787589681028, 9: 1.0721193280536538, 0: 0.14163055079147574, 2: 2.063488280936611, 4: 0.4985990543035267, 3: 2.423941496054956, 5: 1.6923492418988917, 1: 1.5158822527730507, 8: 1.1429949888174549, 7: 0.33831479787173524}
2024-05-21 15:34:16 - INFO     - 0.9074074074074074, 0.8925925925925926, 0.8777777777777778, 0.8666666666666667, 0.8407407407407408, 0.8888888888888888, 0.8703703703703703, 0.9037037037037037, 0.9185185185185185, 0.9074074074074074
2024-05-21 15:34:16 - WARNING  - Epoch: 822, Sum of Accs: 8.874, Sum of s_i: 12.353298750469458
2024-05-21 15:34:20 - INFO     - {6: 1.4642551728692472, 9: 1.0719202711901512, 0: 0.1403010319802148, 2: 2.064493142395136, 4: 0.49770348232825296, 3: 2.4253863993461047, 5: 1.6929039469218656, 1: 1.516223108604634, 8: 1.1428825091425645, 7: 0.3372252721260194}
2024-05-21 15:34:20 - INFO     - 0.9074074074074074, 0.8925925925925926, 0.8777777777777778, 0.8666666666666667, 0.8407407407407408, 0.8888888888888888, 0.8703703703703703, 0.9037037037037037, 0.9185185185185185, 0.9074074074074074
2024-05-21 15:34:20 - WARNING  - Epoch: 823, Sum of Accs: 8.874, Sum of s_i: 12.35329433690419
2024-05-21 15:34:24 - INFO     - {6: 1.4645315935961543, 9: 1.0717207936675344, 0: 0.13897109250983972, 2: 2.06549994872708, 4: 0.49680748969386507, 3: 2.426831308397611, 5: 1.693460852874258, 1: 1.5165657378916815, 8: 1.1427696088085602, 7: 0.33613769125372245}
2024-05-21 15:34:24 - INFO     - 0.9074074074074074, 0.8925925925925926, 0.8777777777777778, 0.8666666666666667, 0.8407407407407408, 0.8888888888888888, 0.8703703703703703, 0.9037037037037037, 0.9185185185185185, 0.9074074074074074
2024-05-21 15:34:24 - WARNING  - Epoch: 824, Sum of Accs: 8.874, Sum of s_i: 12.353296117420307
2024-05-21 15:34:28 - INFO     - {6: 1.4648080115694182, 9: 1.0715217408761513, 0: 0.1376415777706983, 2: 2.0665067509949213, 4: 0.4959119217907108, 3: 2.4282763848029694, 5: 1.6940179261805026, 1: 1.5169085345325808, 8: 1.1426571332057893, 7: 0.33504816958012607}
2024-05-21 15:34:28 - INFO     - 0.9074074074074074, 0.8925925925925926, 0.8777777777777778, 0.8666666666666667, 0.8407407407407408, 0.8888888888888888, 0.8703703703703703, 0.9037037037037037, 0.9185185185185185, 0.9074074074074074
2024-05-21 15:34:28 - WARNING  - Epoch: 825, Sum of Accs: 8.874, Sum of s_i: 12.353298151303868
2024-05-21 15:34:32 - INFO     - {6: 1.465084426397197, 9: 1.0713222574638457, 0: 0.13631205988607156, 2: 2.0675116133800806, 4: 0.49501635074207123, 3: 2.4297195213256457, 5: 1.6945730596040653, 1: 1.5172493912907983, 8: 1.1425446544575333, 7: 0.33395864476104437}
2024-05-21 15:34:32 - INFO     - 0.9074074074074074, 0.8925925925925926, 0.8777777777777778, 0.8666666666666667, 0.8407407407407408, 0.8888888888888888, 0.8703703703703703, 0.9037037037037037, 0.9185185185185185, 0.9074074074074074
2024-05-21 15:34:32 - WARNING  - Epoch: 826, Sum of Accs: 8.874, Sum of s_i: 12.353291979308352
2024-05-21 15:34:36 - INFO     - {6: 1.4653608507702267, 9: 1.0711232110722282, 0: 0.1349825515466958, 2: 2.0685164853104907, 4: 0.4941207892386827, 3: 2.431164435010011, 5: 1.6951282025728789, 1: 1.5175902575942668, 8: 1.1424321852545283, 7: 0.3328691294872137}
2024-05-21 15:34:36 - INFO     - 0.9074074074074074, 0.8925925925925926, 0.8777777777777778, 0.8666666666666667, 0.8407407407407408, 0.8888888888888888, 0.8703703703703703, 0.9037037037037037, 0.9185185185185185, 0.9074074074074074
2024-05-21 15:34:36 - WARNING  - Epoch: 827, Sum of Accs: 8.874, Sum of s_i: 12.353288097857222
2024-05-21 15:34:41 - INFO     - {6: 1.4656372811460898, 9: 1.0709237431831276, 0: 0.13365262170983694, 2: 2.0695233012490095, 4: 0.4932252337381276, 3: 2.432609525086047, 5: 1.695685289549801, 1: 1.5179330679058436, 8: 1.1423216600596315, 7: 0.3317796202162165}
2024-05-21 15:34:41 - INFO     - 0.9074074074074074, 0.8925925925925926, 0.8777777777777778, 0.8666666666666667, 0.8407407407407408, 0.8888888888888888, 0.8703703703703703, 0.9037037037037037, 0.9185185185185185, 0.9074074074074074
2024-05-21 15:34:41 - WARNING  - Epoch: 828, Sum of Accs: 8.874, Sum of s_i: 12.35329134384373
2024-05-21 15:34:45 - INFO     - {6: 1.465913706501893, 9: 1.0707246977742835, 0: 0.13232311435323463, 2: 2.0705301108669256, 4: 0.4923296732175125, 3: 2.43405460884148, 5: 1.6962423702061202, 1: 1.5182758718968177, 8: 1.142211128544132, 7: 0.33069010592515924}
2024-05-21 15:34:45 - INFO     - 0.9074074074074074, 0.8925925925925926, 0.8777777777777778, 0.8666666666666667, 0.8407407407407408, 0.8888888888888888, 0.8703703703703703, 0.9037037037037037, 0.9185185185185185, 0.9074074074074074
2024-05-21 15:34:45 - WARNING  - Epoch: 829, Sum of Accs: 8.874, Sum of s_i: 12.353295388127558
2024-05-21 15:34:49 - INFO     - {6: 1.4661901256030387, 9: 1.070525218628507, 0: 0.13099317325969978, 2: 2.0715369155802494, 4: 0.4914336789599648, 3: 2.4354995162794153, 5: 1.6967994459578473, 1: 1.5186186709831995, 8: 1.1421005921240404, 7: 0.32960015789716945}
2024-05-21 15:34:49 - INFO     - 0.9074074074074074, 0.8925925925925926, 0.8777777777777778, 0.8666666666666667, 0.8407407407407408, 0.8888888888888888, 0.8703703703703703, 0.9037037037037037, 0.9185185185185185, 0.9074074074074074
2024-05-21 15:34:49 - WARNING  - Epoch: 830, Sum of Accs: 8.874, Sum of s_i: 12.35329749527313
2024-05-21 15:34:53 - INFO     - {6: 1.4664665414453961, 9: 1.0703261637062171, 0: 0.12966365638965166, 2: 2.0725437157265545, 4: 0.4905381089259039, 3: 2.4369444185012705, 5: 1.6973565171425558, 1: 1.5189614655025627, 8: 1.14199005113693, 7: 0.3285106340926664}
2024-05-21 15:34:53 - INFO     - 0.9074074074074074, 0.8925925925925926, 0.8777777777777778, 0.8666666666666667, 0.8407407407407408, 0.8888888888888888, 0.8703703703703703, 0.9037037037037037, 0.9148148148148149, 0.9074074074074074
2024-05-21 15:34:53 - WARNING  - Epoch: 831, Sum of Accs: 8.870, Sum of s_i: 12.35330127256971
2024-05-21 15:34:57 - INFO     - {6: 1.4667429514460102, 9: 1.0701266754744712, 0: 0.12833370621014728, 2: 2.073550511379319, 4: 0.4896421055823867, 3: 2.438389316906912, 5: 1.6979135838337234, 1: 1.5193042555283853, 8: 1.141879505656279, 7: 0.32742110444642003}
2024-05-21 15:34:57 - INFO     - 0.9074074074074074, 0.8925925925925926, 0.8777777777777778, 0.8666666666666667, 0.8407407407407408, 0.8888888888888888, 0.8703703703703703, 0.9037037037037037, 0.9148148148148149, 0.9074074074074074
2024-05-21 15:34:57 - WARNING  - Epoch: 832, Sum of Accs: 8.870, Sum of s_i: 12.353303716464055
2024-05-21 15:35:01 - INFO     - {6: 1.467019357667044, 9: 1.069927610930858, 0: 0.12700417971877578, 2: 2.0745573019466095, 4: 0.4887484627158787, 3: 2.4398342065836767, 5: 1.6984704704113742, 1: 1.5196470404687343, 8: 1.1417689550901544, 7: 0.32633157102059357}
2024-05-21 15:35:01 - INFO     - 0.9074074074074074, 0.8925925925925926, 0.8777777777777778, 0.8666666666666667, 0.8407407407407408, 0.8888888888888888, 0.8703703703703703, 0.9037037037037037, 0.9148148148148149, 0.9074074074074074
2024-05-21 15:35:01 - WARNING  - Epoch: 833, Sum of Accs: 8.870, Sum of s_i: 12.353309156553701
2024-05-21 15:35:05 - INFO     - {6: 1.4672957554747688, 9: 1.0697285379739356, 0: 0.12567464481409513, 2: 2.075564084137588, 4: 0.4878548114730584, 3: 2.4412792629121722, 5: 1.6990275236407562, 1: 1.519989817032771, 8: 1.1416583961477176, 7: 0.32524202918145795}
2024-05-21 15:35:05 - INFO     - 0.9074074074074074, 0.8925925925925926, 0.8777777777777778, 0.8666666666666667, 0.8407407407407408, 0.8888888888888888, 0.8703703703703703, 0.9037037037037037, 0.9148148148148149, 0.9074074074074074
2024-05-21 15:35:05 - WARNING  - Epoch: 834, Sum of Accs: 8.870, Sum of s_i: 12.35331486278832
2024-05-21 15:35:09 - INFO     - {6: 1.4675721444575904, 9: 1.0695290287580288, 0: 0.1243449821880595, 2: 2.076570858387596, 4: 0.48695909568301, 3: 2.4427243112996972, 5: 1.6995845689291673, 1: 1.520332585655837, 8: 1.14154782926431, 7: 0.3241523596209674}
2024-05-21 15:35:09 - INFO     - 0.9074074074074074, 0.8925925925925926, 0.8777777777777778, 0.8666666666666667, 0.8407407407407408, 0.8888888888888888, 0.8703703703703703, 0.9037037037037037, 0.9148148148148149, 0.9074074074074074
2024-05-21 15:35:09 - WARNING  - Epoch: 835, Sum of Accs: 8.870, Sum of s_i: 12.353317764244263
2024-05-21 15:35:13 - INFO     - {6: 1.4678485289532068, 9: 1.069329515062097, 0: 0.12301500654436938, 2: 2.077577628647388, 4: 0.48606349430220813, 3: 2.444169183730406, 5: 1.7001416102273632, 1: 1.5206753502886876, 8: 1.141437258390687, 7: 0.32306474267651886}
2024-05-21 15:35:13 - INFO     - 0.9074074074074074, 0.8925925925925926, 0.8777777777777778, 0.8666666666666667, 0.8407407407407408, 0.8888888888888888, 0.8703703703703703, 0.9037037037037037, 0.9148148148148149, 0.9074074074074074
2024-05-21 15:35:13 - WARNING  - Epoch: 836, Sum of Accs: 8.870, Sum of s_i: 12.353322318822931
2024-05-21 15:35:17 - INFO     - {6: 1.4681249064050097, 9: 1.0691299943336228, 0: 0.12168545128376682, 2: 2.078582026240942, 4: 0.48516788587759274, 3: 2.4456140521683514, 5: 1.70069627885932, 1: 1.5210157422552992, 8: 1.1413265115576998, 7: 0.3219747530658314}
2024-05-21 15:35:17 - INFO     - 0.9074074074074074, 0.8925925925925926, 0.8777777777777778, 0.8666666666666667, 0.8407407407407408, 0.8888888888888888, 0.8703703703703703, 0.9037037037037037, 0.9148148148148149, 0.9074074074074074
2024-05-21 15:35:17 - WARNING  - Epoch: 837, Sum of Accs: 8.870, Sum of s_i: 12.353317602047435
2024-05-21 15:35:21 - INFO     - {6: 1.4684012911514692, 9: 1.0689304808881326, 0: 0.12035547589051843, 2: 2.0795887967504756, 4: 0.484272284747634, 3: 2.447058924848022, 5: 1.7012533204072573, 1: 1.5213585071378912, 8: 1.1412159409338183, 7: 0.32088477073812804}
2024-05-21 15:35:21 - INFO     - 0.9074074074074074, 0.8925925925925926, 0.8777777777777778, 0.8666666666666667, 0.8407407407407408, 0.8888888888888888, 0.8703703703703703, 0.9037037037037037, 0.9148148148148149, 0.9074074074074074
2024-05-21 15:35:21 - WARNING  - Epoch: 838, Sum of Accs: 8.870, Sum of s_i: 12.35331979349335
2024-05-21 15:35:25 - INFO     - {6: 1.468677672508781, 9: 1.0687309640589178, 0: 0.1190259245354247, 2: 2.080595563224564, 4: 0.4833762528066481, 3: 2.4485039654596275, 5: 1.701810357919749, 1: 1.521701267985038, 8: 1.1411053662744912, 7: 0.3197947850267}
2024-05-21 15:35:25 - INFO     - 0.9074074074074074, 0.8925925925925926, 0.8777777777777778, 0.8666666666666667, 0.8407407407407408, 0.8888888888888888, 0.8703703703703703, 0.9037037037037037, 0.9148148148148149, 0.9074074074074074
2024-05-21 15:35:25 - WARNING  - Epoch: 839, Sum of Accs: 8.870, Sum of s_i: 12.35332211979994
2024-05-21 15:35:29 - INFO     - {6: 1.4689540502683796, 9: 1.0685318710538694, 0: 0.11769636958261795, 2: 2.0816023254555764, 4: 0.48248064468982854, 3: 2.449949001828157, 5: 1.7023673911891646, 1: 1.5220440245891085, 8: 1.1409947873720883, 7: 0.31870522313943833}
2024-05-21 15:35:29 - INFO     - 0.9074074074074074, 0.8925925925925926, 0.8777777777777778, 0.8666666666666667, 0.8407407407407408, 0.8888888888888888, 0.8703703703703703, 0.9037037037037037, 0.9148148148148149, 0.9074074074074074
2024-05-21 15:35:29 - WARNING  - Epoch: 840, Sum of Accs: 8.870, Sum of s_i: 12.35332568916823
2024-05-21 15:35:33 - INFO     - {6: 1.4692304225078308, 9: 1.0683327725286735, 0: 0.11636680910966377, 2: 2.0826090821907157, 4: 0.48158696799116885, 3: 2.4513938577781818, 5: 1.7029224820243998, 1: 1.5223867756973057, 8: 1.140884202973812, 7: 0.3176175926703365}
2024-05-21 15:35:33 - INFO     - 0.9074074074074074, 0.8925925925925926, 0.8777777777777778, 0.8666666666666667, 0.8407407407407408, 0.8888888888888888, 0.8703703703703703, 0.9037037037037037, 0.9148148148148149, 0.9074074074074074
2024-05-21 15:35:33 - WARNING  - Epoch: 841, Sum of Accs: 8.870, Sum of s_i: 12.35333096547209
2024-05-21 15:35:37 - INFO     - {6: 1.4695067865873086, 9: 1.0681332384492719, 0: 0.11503681308250381, 2: 2.083615832124043, 4: 0.48069134619422843, 3: 2.452838709945888, 5: 1.7034770964016714, 1: 1.5227271134092324, 8: 1.1407712051792651, 7: 0.316528017102954}
2024-05-21 15:35:37 - INFO     - 0.9074074074074074, 0.8925925925925926, 0.8777777777777778, 0.8666666666666667, 0.8407407407407408, 0.8888888888888888, 0.8703703703703703, 0.9037037037037037, 0.9148148148148149, 0.9074074074074074
2024-05-21 15:35:37 - WARNING  - Epoch: 842, Sum of Accs: 8.870, Sum of s_i: 12.353326158476365
2024-05-21 15:35:41 - INFO     - {6: 1.4697831581009595, 9: 1.0679337117921475, 0: 0.11370725188374918, 2: 2.084622588797732, 4: 0.47979573183146096, 3: 2.454283740757094, 5: 1.7040341241137635, 1: 1.523067499447194, 8: 1.140658255710753, 7: 0.3154384489697444}
2024-05-21 15:35:41 - INFO     - 0.9074074074074074, 0.8925925925925926, 0.8777777777777778, 0.8666666666666667, 0.8407407407407408, 0.8888888888888888, 0.8703703703703703, 0.9037037037037037, 0.9148148148148149, 0.9074074074074074
2024-05-21 15:35:41 - WARNING  - Epoch: 843, Sum of Accs: 8.870, Sum of s_i: 12.353324511404598
2024-05-21 15:35:45 - INFO     - {6: 1.4700595321618612, 9: 1.067734187678198, 0: 0.11237769323224542, 2: 2.08562698300581, 4: 0.47889969260574033, 3: 2.4557286064907453, 5: 1.704590986748301, 1: 1.5234078880283304, 8: 1.1405453087854158, 7: 0.31434845597358163}
2024-05-21 15:35:45 - INFO     - 0.9074074074074074, 0.8925925925925926, 0.8777777777777778, 0.8666666666666667, 0.8407407407407408, 0.8888888888888888, 0.8703703703703703, 0.9037037037037037, 0.9148148148148149, 0.9074074074074074
2024-05-21 15:35:45 - WARNING  - Epoch: 844, Sum of Accs: 8.870, Sum of s_i: 12.35331933471023
2024-05-21 15:35:49 - INFO     - {6: 1.470335914228697, 9: 1.067534671557372, 0: 0.11104814258667572, 2: 2.086633750186304, 4: 0.4780040887961578, 3: 2.4571736478087565, 5: 1.7051480249671984, 1: 1.5237506495818827, 8: 1.1404347348324946, 7: 0.313258898393557}
2024-05-21 15:35:49 - INFO     - 0.9074074074074074, 0.8925925925925926, 0.8777777777777778, 0.8666666666666667, 0.8407407407407408, 0.8888888888888888, 0.8703703703703703, 0.9037037037037037, 0.9148148148148149, 0.9074074074074074
2024-05-21 15:35:49 - WARNING  - Epoch: 845, Sum of Accs: 8.870, Sum of s_i: 12.353322522939095
2024-05-21 15:35:53 - INFO     - {6: 1.4706122913648272, 9: 1.0673355779288551, 0: 0.1097185870104006, 2: 2.0876405117965895, 4: 0.47710848005586987, 3: 2.458618511614909, 5: 1.7057050576158874, 1: 1.5240934055652264, 8: 1.1403241553093648, 7: 0.3121693358828269}
2024-05-21 15:35:53 - INFO     - 0.9074074074074074, 0.8925925925925926, 0.8777777777777778, 0.8666666666666667, 0.8407407407407408, 0.8888888888888888, 0.8703703703703703, 0.9037037037037037, 0.9148148148148149, 0.9074074074074074
2024-05-21 15:35:53 - WARNING  - Epoch: 846, Sum of Accs: 8.870, Sum of s_i: 12.353325914144758
2024-05-21 15:35:57 - INFO     - {6: 1.470888663256345, 9: 1.067136051648993, 0: 0.10838859878278008, 2: 2.0886472695076437, 4: 0.4762124386642365, 3: 2.4600633721972045, 5: 1.7062620863653453, 1: 1.524436157649339, 8: 1.140213571887004, 7: 0.31107934072075144}
2024-05-21 15:35:57 - INFO     - 0.9074074074074074, 0.8925925925925926, 0.8777777777777778, 0.8666666666666667, 0.8407407407407408, 0.8888888888888888, 0.8703703703703703, 0.9037037037037037, 0.9148148148148149, 0.9074074074074074
2024-05-21 15:35:57 - WARNING  - Epoch: 847, Sum of Accs: 8.870, Sum of s_i: 12.35332755067964
2024-05-21 15:36:01 - INFO     - {6: 1.4711650326169081, 9: 1.066936522842226, 0: 0.10705903543093775, 2: 2.0896540240377073, 4: 0.4753168221483814, 3: 2.461508400864785, 5: 1.7068167469190094, 1: 1.5247765415376582, 8: 1.1401010476715323, 7: 0.3099897704344542}
2024-05-21 15:36:01 - INFO     - 0.9074074074074074, 0.8925925925925926, 0.8777777777777778, 0.8666666666666667, 0.8407407407407408, 0.8888888888888888, 0.8703703703703703, 0.9037037037037037, 0.9148148148148149, 0.9074074074074074
2024-05-21 15:36:01 - WARNING  - Epoch: 848, Sum of Accs: 8.870, Sum of s_i: 12.3533239445036
2024-05-21 15:36:05 - INFO     - {6: 1.471441407554541, 9: 1.066736999603605, 0: 0.10572947765616529, 2: 2.09066078412033, 4: 0.4744212112095961, 3: 2.4629532631490725, 5: 1.707373778040036, 1: 1.525116930994123, 8: 1.13999046662074, 7: 0.3088997783136198}
2024-05-21 15:36:05 - INFO     - 0.9074074074074074, 0.8925925925925926, 0.8777777777777778, 0.8666666666666667, 0.8407407407407408, 0.8888888888888888, 0.8703703703703703, 0.9037037037037037, 0.9148148148148149, 0.9074074074074074
2024-05-21 15:36:05 - WARNING  - Epoch: 849, Sum of Accs: 8.870, Sum of s_i: 12.35332409726183
2024-05-21 15:36:09 - INFO     - {6: 1.4717177822559282, 9: 1.066537903540345, 0: 0.10439991964514712, 2: 2.091667543306579, 4: 0.4735256000345651, 3: 2.464398296472839, 5: 1.7079308082646885, 1: 1.525457747625949, 8: 1.1398798846735738, 7: 0.3078102133681467}
2024-05-21 15:36:09 - INFO     - 0.9074074074074074, 0.8925925925925926, 0.8777777777777778, 0.8666666666666667, 0.8407407407407408, 0.8888888888888888, 0.8703703703703703, 0.9037037037037037, 0.9148148148148149, 0.9074074074074074
2024-05-21 15:36:09 - WARNING  - Epoch: 850, Sum of Accs: 8.870, Sum of s_i: 12.353325699187762
2024-05-21 15:36:14 - INFO     - {6: 1.471994154479884, 9: 1.066338377592389, 0: 0.1030703591566974, 2: 2.0926719356806505, 4: 0.4726299863821026, 3: 2.4658431597221835, 5: 1.7084854716771634, 1: 1.5257985617803436, 8: 1.1397669359142302, 7: 0.306720645945242}
2024-05-21 15:36:14 - INFO     - 0.9074074074074074, 0.8925925925925926, 0.8777777777777778, 0.8666666666666667, 0.8407407407407408, 0.8888888888888888, 0.8703703703703703, 0.9037037037037037, 0.9148148148148149, 0.9074074074074074
2024-05-21 15:36:14 - WARNING  - Epoch: 851, Sum of Accs: 8.870, Sum of s_i: 12.353319588330885
2024-05-21 15:36:18 - INFO     - {6: 1.4722705361544866, 9: 1.0661392885023444, 0: 0.10174080811889455, 2: 2.0936787018094507, 4: 0.4717343821802869, 3: 2.4672880280327436, 5: 1.7090405719475499, 1: 1.5261393853853849, 8: 1.139656360909615, 7: 0.3056310879729842}
2024-05-21 15:36:18 - INFO     - 0.9074074074074074, 0.8888888888888888, 0.8777777777777778, 0.8666666666666667, 0.8407407407407408, 0.8888888888888888, 0.8703703703703703, 0.9037037037037037, 0.9148148148148149, 0.9074074074074074
2024-05-21 15:36:18 - WARNING  - Epoch: 852, Sum of Accs: 8.867, Sum of s_i: 12.353319151013741
2024-05-21 15:36:22 - INFO     - {6: 1.4725469185054154, 9: 1.0659397726651567, 0: 0.10041083033394858, 2: 2.0946854699339754, 4: 0.4708383512313281, 3: 2.468733070294786, 5: 1.709597611110478, 1: 1.526482147882968, 8: 1.1395457879007247, 7: 0.3045411032535833}
2024-05-21 15:36:22 - INFO     - 0.9074074074074074, 0.8888888888888888, 0.8777777777777778, 0.8666666666666667, 0.8407407407407408, 0.8888888888888888, 0.8703703703703703, 0.9037037037037037, 0.9148148148148149, 0.9074074074074074
2024-05-21 15:36:22 - WARNING  - Epoch: 853, Sum of Accs: 8.867, Sum of s_i: 12.353321063112364
2024-05-21 15:36:26 - INFO     - {6: 1.4728232978992175, 9: 1.0657402538755743, 0: 0.09908084959660779, 2: 2.0956922351143623, 4: 0.4699423173299745, 3: 2.470177938323112, 5: 1.7101544760396907, 1: 1.5268249074364129, 8: 1.139435211947696, 7: 0.30345111558178756}
2024-05-21 15:36:26 - INFO     - 0.9074074074074074, 0.8888888888888888, 0.8777777777777778, 0.8666666666666667, 0.8407407407407408, 0.8888888888888888, 0.8703703703703703, 0.9037037037037037, 0.9148148148148149, 0.9074074074074074
2024-05-21 15:36:26 - WARNING  - Epoch: 854, Sum of Accs: 8.867, Sum of s_i: 12.353322603144436
2024-05-21 15:36:30 - INFO     - {6: 1.4730996749113074, 9: 1.0655407327080908, 0: 0.09775086648136602, 2: 2.0966966322689067, 4: 0.4690462810507199, 3: 2.471622807646963, 5: 1.7107113422644276, 1: 1.5271652989640152, 8: 1.1393222679688249, 7: 0.3023611255320908}
2024-05-21 15:36:30 - INFO     - 0.9074074074074074, 0.8888888888888888, 0.8777777777777778, 0.8666666666666667, 0.8407407407407408, 0.8888888888888888, 0.8703703703703703, 0.9037037037037037, 0.9148148148148149, 0.9074074074074074
2024-05-21 15:36:30 - WARNING  - Epoch: 855, Sum of Accs: 8.867, Sum of s_i: 12.353317029796713
2024-05-21 15:36:34 - INFO     - {6: 1.473376060542773, 9: 1.0653412201461907, 0: 0.09642089197170751, 2: 2.097701038029034, 4: 0.46815068080576716, 3: 2.4730676848643456, 5: 1.7112660190629585, 1: 1.527505699097201, 8: 1.139209332595537, 7: 0.3012711440879774}
2024-05-21 15:36:34 - INFO     - 0.9074074074074074, 0.8888888888888888, 0.8777777777777778, 0.8666666666666667, 0.8407407407407408, 0.8888888888888888, 0.8703703703703703, 0.9037037037037037, 0.9148148148148149, 0.9074074074074074
2024-05-21 15:36:34 - WARNING  - Epoch: 856, Sum of Accs: 8.867, Sum of s_i: 12.353309771203492
2024-05-21 15:36:38 - INFO     - {6: 1.4736524573999188, 9: 1.0651421462386892, 0: 0.09509135611644773, 2: 2.0987058824435603, 4: 0.46725509178649455, 3: 2.4745125712395355, 5: 1.7118229023390348, 1: 1.527848305707932, 8: 1.1390986036997945, 7: 0.30018160129826266}
2024-05-21 15:36:38 - INFO     - 0.9074074074074074, 0.8888888888888888, 0.8777777777777778, 0.8666666666666667, 0.8407407407407408, 0.8888888888888888, 0.8703703703703703, 0.9037037037037037, 0.9148148148148149, 0.9074074074074074
2024-05-21 15:36:38 - WARNING  - Epoch: 857, Sum of Accs: 8.867, Sum of s_i: 12.35331091826967
2024-05-21 15:36:42 - INFO     - {6: 1.4739288524830836, 9: 1.064943070557207, 0: 0.09376181848720706, 2: 2.0997126619219597, 4: 0.4663595009932411, 3: 2.4759576248554525, 5: 1.7123780160179836, 1: 1.5281891427215355, 8: 1.1389861052069246, 7: 0.29909205673456707}
2024-05-21 15:36:42 - INFO     - 0.9074074074074074, 0.8888888888888888, 0.8777777777777778, 0.8666666666666667, 0.8407407407407408, 0.8888888888888888, 0.8703703703703703, 0.9037037037037037, 0.9148148148148149, 0.9074074074074074
2024-05-21 15:36:42 - WARNING  - Epoch: 858, Sum of Accs: 8.867, Sum of s_i: 12.353308849979161
2024-05-21 15:36:46 - INFO     - {6: 1.4742052507649375, 9: 1.0647439980744138, 0: 0.09243228405665556, 2: 2.1007194445849824, 4: 0.46546391339867677, 3: 2.4774026816559926, 5: 1.7129331328956214, 1: 1.5285299829338281, 8: 1.138875546736532, 7: 0.2980025153695606}
2024-05-21 15:36:46 - INFO     - 0.9074074074074074, 0.8888888888888888, 0.8777777777777778, 0.8666666666666667, 0.8407407407407408, 0.8888888888888888, 0.8703703703703703, 0.9037037037037037, 0.9148148148148149, 0.9074074074074074
2024-05-21 15:36:46 - WARNING  - Epoch: 859, Sum of Accs: 8.867, Sum of s_i: 12.3533087504712
2024-05-21 15:36:50 - INFO     - {6: 1.4744816492006843, 9: 1.0645444982963062, 0: 0.09110232233078952, 2: 2.1017262287236758, 4: 0.4645683259580053, 3: 2.4788477399322035, 5: 1.7134901880727185, 1: 1.52887276144558, 8: 1.1387649897418102, 7: 0.29691491230401323}
2024-05-21 15:36:50 - INFO     - 0.9074074074074074, 0.8888888888888888, 0.8777777777777778, 0.8666666666666667, 0.8407407407407408, 0.8888888888888888, 0.8703703703703703, 0.9037037037037037, 0.9148148148148149, 0.9074074074074074
2024-05-21 15:36:50 - WARNING  - Epoch: 860, Sum of Accs: 8.867, Sum of s_i: 12.353313616005785
2024-05-21 15:36:54 - INFO     - {6: 1.4747580401117004, 9: 1.0643449910055085, 0: 0.0897723530922336, 2: 2.1027330053706894, 4: 0.46367230355543654, 3: 2.4802927907167347, 5: 1.7140472357581358, 1: 1.5292131668498683, 8: 1.1386544252554087, 7: 0.29582493613100236}
2024-05-21 15:36:54 - INFO     - 0.9074074074074074, 0.8888888888888888, 0.8777777777777778, 0.8666666666666667, 0.8407407407407408, 0.8888888888888888, 0.8703703703703703, 0.9037037037037037, 0.9148148148148149, 0.9074074074074074
2024-05-21 15:36:54 - WARNING  - Epoch: 861, Sum of Accs: 8.867, Sum of s_i: 12.353313247846717
2024-05-21 15:36:58 - INFO     - {6: 1.475034431592088, 9: 1.0641454842831712, 0: 0.08844238442213807, 2: 2.103739782584574, 4: 0.46277670915940594, 3: 2.481737670079824, 5: 1.7146019183962296, 1: 1.529553572822617, 8: 1.1385436893475651, 7: 0.2947349605264519}
2024-05-21 15:36:58 - INFO     - 0.9074074074074074, 0.8888888888888888, 0.8777777777777778, 0.8666666666666667, 0.8407407407407408, 0.8888888888888888, 0.8703703703703703, 0.9037037037037037, 0.9148148148148149, 0.9074074074074074
2024-05-21 15:36:58 - WARNING  - Epoch: 862, Sum of Accs: 8.867, Sum of s_i: 12.353310603214066
2024-05-21 15:37:02 - INFO     - {6: 1.4753108271624982, 9: 1.0639464090889341, 0: 0.08711284728014268, 2: 2.104746562548076, 4: 0.4618811188533977, 3: 2.4831827241808435, 5: 1.7151565623871812, 1: 1.5298939401482237, 8: 1.1384311913419405, 7: 0.29364541645000153}
2024-05-21 15:37:02 - INFO     - 0.9074074074074074, 0.8888888888888888, 0.8777777777777778, 0.8666666666666667, 0.8407407407407408, 0.8888888888888888, 0.8703703703703703, 0.9037037037037037, 0.9148148148148149, 0.9074074074074074
2024-05-21 15:37:02 - WARNING  - Epoch: 863, Sum of Accs: 8.867, Sum of s_i: 12.353307599441239
2024-05-21 15:37:06 - INFO     - {6: 1.4755872273783568, 9: 1.0637469110880897, 0: 0.0857833147835958, 2: 2.1057533477978305, 4: 0.46098510574078216, 3: 2.4846276122149034, 5: 1.7157112537467678, 1: 1.530234354842465, 8: 1.1383182705297084, 7: 0.29255544956694385}
2024-05-21 15:37:06 - INFO     - 0.9074074074074074, 0.8888888888888888, 0.8777777777777778, 0.8666666666666667, 0.8407407407407408, 0.8888888888888888, 0.8703703703703703, 0.9037037037037037, 0.9148148148148149, 0.9074074074074074
2024-05-21 15:37:06 - WARNING  - Epoch: 864, Sum of Accs: 8.867, Sum of s_i: 12.353302847689443
2024-05-21 15:37:10 - INFO     - {6: 1.475863634942985, 9: 1.0635478478880709, 0: 0.08445378963581866, 2: 2.1067601397028075, 4: 0.46008952742899223, 3: 2.4860725062211615, 5: 1.716268316690148, 1: 1.5305771411205, 8: 1.1382077213012698, 7: 0.2914659174847118}
2024-05-21 15:37:10 - INFO     - 0.9074074074074074, 0.8888888888888888, 0.8777777777777778, 0.8666666666666667, 0.8407407407407408, 0.8888888888888888, 0.8703703703703703, 0.9037037037037037, 0.9148148148148149, 0.9074074074074074
2024-05-21 15:37:10 - WARNING  - Epoch: 865, Sum of Accs: 8.867, Sum of s_i: 12.353306542416462
2024-05-21 15:37:14 - INFO     - {6: 1.476140036793573, 9: 1.0633483515193403, 0: 0.08312383131932964, 2: 2.1077669272413435, 4: 0.4591935159484904, 3: 2.4875173965378883, 5: 1.7168230096818484, 1: 1.5309175574468552, 8: 1.1380948021211514, 7: 0.29037595223376783}
2024-05-21 15:37:14 - INFO     - 0.9074074074074074, 0.8888888888888888, 0.8777777777777778, 0.8666666666666667, 0.8407407407407408, 0.8888888888888888, 0.8703703703703703, 0.9037037037037037, 0.9148148148148149, 0.9074074074074074
2024-05-21 15:37:14 - WARNING  - Epoch: 866, Sum of Accs: 8.867, Sum of s_i: 12.353301380843588
2024-05-21 15:37:18 - INFO     - {6: 1.476416446626737, 9: 1.0631488631204122, 0: 0.0817943084400883, 2: 2.108773722066137, 4: 0.4582979399052362, 3: 2.488962293455874, 5: 1.717380075545045, 1: 1.5312603466447068, 8: 1.1379842558125295, 7: 0.2892864224200715}
2024-05-21 15:37:18 - INFO     - 0.9074074074074074, 0.8888888888888888, 0.8777777777777778, 0.8666666666666667, 0.8407407407407408, 0.8888888888888888, 0.8740740740740741, 0.9037037037037037, 0.9148148148148149, 0.9074074074074074
2024-05-21 15:37:18 - WARNING  - Epoch: 867, Sum of Accs: 8.870, Sum of s_i: 12.353304674036837
2024-05-21 15:37:22 - INFO     - {6: 1.476692851366847, 9: 1.0629493696365797, 0: 0.08046435300849746, 2: 2.109780512481503, 4: 0.4574019313096325, 3: 2.4904071866404562, 5: 1.7179347308642496, 1: 1.531599867599002, 8: 1.1378737050944803, 7: 0.2881988256311966}
2024-05-21 15:37:22 - INFO     - 0.9074074074074074, 0.8888888888888888, 0.8777777777777778, 0.8666666666666667, 0.8407407407407408, 0.8888888888888888, 0.8740740740740741, 0.9037037037037037, 0.9148148148148149, 0.9074074074074074
2024-05-21 15:37:22 - WARNING  - Epoch: 868, Sum of Accs: 8.870, Sum of s_i: 12.353303333632445
2024-05-21 15:37:26 - INFO     - {6: 1.4769692581799452, 9: 1.0627503056850307, 0: 0.07913482710919018, 2: 2.1107873036382543, 4: 0.4565063522463124, 3: 2.491852251934725, 5: 1.7184917930594046, 1: 1.5319426531288116, 8: 1.1377631551178164, 7: 0.28710929279743436}
2024-05-21 15:37:26 - INFO     - 0.9074074074074074, 0.8888888888888888, 0.8777777777777778, 0.8666666666666667, 0.8407407407407408, 0.8888888888888888, 0.8740740740740741, 0.9037037037037037, 0.9148148148148149, 0.9074074074074074
2024-05-21 15:37:26 - WARNING  - Epoch: 869, Sum of Accs: 8.870, Sum of s_i: 12.353307192896924
2024-05-21 15:37:30 - INFO     - {6: 1.4772456590245402, 9: 1.0625508083119166, 0: 0.07780486778831777, 2: 2.1117940901752155, 4: 0.4556103397614272, 3: 2.4932973126092035, 5: 1.7190464442543745, 1: 1.5322821699656937, 8: 1.137649336448225, 7: 0.28602169213015477}
2024-05-21 15:37:30 - INFO     - 0.9074074074074074, 0.8888888888888888, 0.8777777777777778, 0.8666666666666667, 0.8407407407407408, 0.8888888888888888, 0.8740740740740741, 0.9037037037037037, 0.9148148148148149, 0.9074074074074074
2024-05-21 15:37:30 - WARNING  - Epoch: 870, Sum of Accs: 8.870, Sum of s_i: 12.353302720469067
2024-05-21 15:37:34 - INFO     - {6: 1.47752206678592, 9: 1.0623513178445194, 0: 0.07647491537316219, 2: 2.112800883598581, 4: 0.45471433418225876, 3: 2.494742380170086, 5: 1.7196035087161432, 1: 1.5326249577621174, 8: 1.137538788738175, 7: 0.28493173278054423}
2024-05-21 15:37:34 - INFO     - 0.9074074074074074, 0.8888888888888888, 0.8777777777777778, 0.8666666666666667, 0.8407407407407408, 0.8888888888888888, 0.8740740740740741, 0.9037037037037037, 0.9148148148148149, 0.9074074074074074
2024-05-21 15:37:34 - WARNING  - Epoch: 871, Sum of Accs: 8.870, Sum of s_i: 12.353304885951506
2024-05-21 15:37:38 - INFO     - {6: 1.4777984711982954, 9: 1.062151824033477, 0: 0.07514495961436142, 2: 2.113805308109566, 4: 0.4538183252594452, 3: 2.4961872766886635, 5: 1.7201604021356067, 1: 1.5329675745162357, 8: 1.1374280699858197, 7: 0.2838417700872885}
2024-05-21 15:37:38 - INFO     - 0.9074074074074074, 0.8888888888888888, 0.8777777777777778, 0.8666666666666667, 0.8407407407407408, 0.8888888888888888, 0.8740740740740741, 0.9037037037037037, 0.9148148148148149, 0.9074074074074074
2024-05-21 15:37:38 - WARNING  - Epoch: 872, Sum of Accs: 8.870, Sum of s_i: 12.353303981628759
2024-05-21 15:37:42 - INFO     - {6: 1.4780748770092418, 9: 1.0619523316187673, 0: 0.0738150052518934, 2: 2.114809734016884, 4: 0.4529223177329644, 3: 2.4976321745953194, 5: 1.7207172969431486, 1: 1.5333101926584325, 8: 1.1373151547597224, 7: 0.28275180879036554}
2024-05-21 15:37:42 - INFO     - 0.9074074074074074, 0.8888888888888888, 0.8777777777777778, 0.8666666666666667, 0.8407407407407408, 0.8888888888888888, 0.8740740740740741, 0.9037037037037037, 0.9148148148148149, 0.9074074074074074
2024-05-21 15:37:42 - WARNING  - Epoch: 873, Sum of Accs: 8.870, Sum of s_i: 12.353300893376737
2024-05-21 15:37:46 - INFO     - {6: 1.478351287596293, 9: 1.0617528439725201, 0: 0.07248548312653917, 2: 2.115816529592251, 4: 0.4520267424435973, 3: 2.4990772443082037, 5: 1.7212743635569192, 1: 1.533652982606858, 8: 1.1372046092016743, 7: 0.2816642171614918}
2024-05-21 15:37:46 - INFO     - 0.9074074074074074, 0.8888888888888888, 0.8777777777777778, 0.8666666666666667, 0.8407407407407408, 0.8888888888888888, 0.8740740740740741, 0.9037037037037037, 0.9148148148148149, 0.9074074074074074
2024-05-21 15:37:46 - WARNING  - Epoch: 874, Sum of Accs: 8.870, Sum of s_i: 12.353306303566349
2024-05-21 15:37:50 - INFO     - {6: 1.478627689816272, 9: 1.0615533479725894, 0: 0.07115552517885002, 2: 2.116820951914348, 4: 0.45113073133189535, 3: 2.500522138650832, 5: 1.7218290569174195, 1: 1.5339955971850272, 8: 1.13709388827337, 7: 0.28057425227934774}
2024-05-21 15:37:50 - INFO     - 0.9074074074074074, 0.8888888888888888, 0.8777777777777778, 0.8666666666666667, 0.8407407407407408, 0.8888888888888888, 0.8740740740740741, 0.9037037037037037, 0.9148148148148149, 0.9074074074074074
2024-05-21 15:37:50 - WARNING  - Epoch: 875, Sum of Accs: 8.870, Sum of s_i: 12.353303179519951
2024-05-21 15:37:54 - INFO     - {6: 1.4789040968677112, 9: 1.0613538567963876, 0: 0.06982599951788382, 2: 2.1178277439696416, 4: 0.4502351525069163, 3: 2.501967204843643, 5: 1.7223861200111168, 1: 1.5343383836133793, 8: 1.1369809742857808, 7: 0.2794847196839266}
2024-05-21 15:37:54 - INFO     - 0.9074074074074074, 0.8888888888888888, 0.8777777777777778, 0.8666666666666667, 0.8407407407407408, 0.8888888888888888, 0.8740740740740741, 0.9037037037037037, 0.9148148148148149, 0.9074074074074074
2024-05-21 15:37:54 - WARNING  - Epoch: 876, Sum of Accs: 8.870, Sum of s_i: 12.353304252096386
2024-05-21 15:37:58 - INFO     - {6: 1.4791805022603686, 9: 1.061154791424398, 0: 0.06849647219813579, 2: 2.1188325969196797, 4: 0.44933957202315544, 3: 2.503412099690223, 5: 1.7229412439995582, 1: 1.5346792309364754, 8: 1.1368684861024034, 7: 0.2783951854297236}
2024-05-21 15:37:58 - INFO     - 0.9074074074074074, 0.8888888888888888, 0.8777777777777778, 0.8666666666666667, 0.8407407407407408, 0.8888888888888888, 0.8740740740740741, 0.9037037037037037, 0.9148148148148149, 0.9074074074074074
2024-05-21 15:37:58 - WARNING  - Epoch: 877, Sum of Accs: 8.870, Sum of s_i: 12.353300180984121
2024-05-21 15:38:02 - INFO     - {6: 1.4794569139491638, 9: 1.0609553048781317, 0: 0.06716652370411128, 2: 2.1198393942532103, 4: 0.44844593592288706, 3: 2.5048569961121454, 5: 1.723498312371492, 1: 1.535022022643064, 8: 1.1367579423025185, 7: 0.27730523000124413}
2024-05-21 15:38:02 - INFO     - 0.9074074074074074, 0.8888888888888888, 0.8777777777777778, 0.8666666666666667, 0.8407407407407408, 0.8888888888888888, 0.8740740740740741, 0.9037037037037037, 0.9148148148148149, 0.9074074074074074
2024-05-21 15:38:02 - WARNING  - Epoch: 878, Sum of Accs: 8.870, Sum of s_i: 12.353304576137969
2024-05-21 15:38:06 - INFO     - {6: 1.479733318840678, 9: 1.0607558115454614, 0: 0.0658365684236826, 2: 2.1208461848193156, 4: 0.4475499274784456, 3: 2.50629969523902, 5: 1.7240530083992527, 1: 1.5353624420054794, 8: 1.1366450261584604, 7: 0.2762152677863605}
2024-05-21 15:38:06 - INFO     - 0.9074074074074074, 0.8888888888888888, 0.8777777777777778, 0.8666666666666667, 0.8407407407407408, 0.8888888888888888, 0.8740740740740741, 0.9037037037037037, 0.9148148148148149, 0.9074074074074074
2024-05-21 15:38:06 - WARNING  - Epoch: 879, Sum of Accs: 8.870, Sum of s_i: 12.353297250696155
2024-05-21 15:38:10 - INFO     - {6: 1.4800097350612837, 9: 1.0605563295237541, 0: 0.06450705193188291, 2: 2.1218529860034785, 4: 0.4466562952288097, 3: 2.5077445954995774, 5: 1.724610080621819, 1: 1.5357052375627005, 8: 1.136534486209208, 7: 0.2751257443601059}
2024-05-21 15:38:10 - INFO     - 0.9074074074074074, 0.8888888888888888, 0.8777777777777778, 0.8666666666666667, 0.8407407407407408, 0.8888888888888888, 0.8777777777777778, 0.9037037037037037, 0.9148148148148149, 0.9074074074074074
2024-05-21 15:38:10 - WARNING  - Epoch: 880, Sum of Accs: 8.874, Sum of s_i: 12.353302542002618
2024-05-21 15:38:14 - INFO     - {6: 1.480286143098669, 9: 1.0603568393319207, 0: 0.06317709979229115, 2: 2.122859779701637, 4: 0.4457602899252051, 3: 2.509189491956711, 5: 1.725167145358381, 1: 1.5360480256339173, 8: 1.1364239387739512, 7: 0.2740381508540235}
2024-05-21 15:38:14 - INFO     - 0.9074074074074074, 0.8888888888888888, 0.8777777777777778, 0.8666666666666667, 0.8407407407407408, 0.8888888888888888, 0.8777777777777778, 0.9037037037037037, 0.9148148148148149, 0.9074074074074074
2024-05-21 15:38:14 - WARNING  - Epoch: 881, Sum of Accs: 8.874, Sum of s_i: 12.353306904426708
2024-05-21 15:38:18 - INFO     - {6: 1.4805625443893942, 9: 1.060157342404223, 0: 0.06184714091683517, 2: 2.123866566682769, 4: 0.4448647053395121, 3: 2.51063455307536, 5: 1.7257242033779165, 1: 1.5363884414013056, 8: 1.136313384621668, 7: 0.2729486124978884}
2024-05-21 15:38:18 - INFO     - 0.9074074074074074, 0.8888888888888888, 0.8777777777777778, 0.8666666666666667, 0.8407407407407408, 0.8888888888888888, 0.8777777777777778, 0.9037037037037037, 0.9148148148148149, 0.9074074074074074
2024-05-21 15:38:18 - WARNING  - Epoch: 882, Sum of Accs: 8.874, Sum of s_i: 12.353307494706872
2024-05-21 15:38:22 - INFO     - {6: 1.4808389447672283, 9: 1.059957844565095, 0: 0.060517181129948985, 2: 2.12487335275502, 4: 0.4439686923886131, 3: 2.5120794419303762, 5: 1.7262788948992198, 1: 1.5367288562572636, 8: 1.1362004639711525, 7: 0.2718586457765472}
2024-05-21 15:38:22 - INFO     - 0.9074074074074074, 0.8888888888888888, 0.8777777777777778, 0.8666666666666667, 0.8407407407407408, 0.8888888888888888, 0.8777777777777778, 0.9037037037037037, 0.9148148148148149, 0.9074074074074074
2024-05-21 15:38:22 - WARNING  - Epoch: 883, Sum of Accs: 8.874, Sum of s_i: 12.353302318440464
2024-05-21 15:38:26 - INFO     - {6: 1.4811153531503614, 9: 1.0597583547184561, 0: 0.059187656800676496, 2: 2.125877781230409, 4: 0.44307311489532775, 3: 2.5135243410674444, 5: 1.726833594413012, 1: 1.5370714756298725, 8: 1.1360875513131259, 7: 0.2707691145128198}
2024-05-21 15:38:26 - INFO     - 0.9074074074074074, 0.8888888888888888, 0.8777777777777778, 0.8666666666666667, 0.8407407407407408, 0.8888888888888888, 0.8777777777777778, 0.9037037037037037, 0.9148148148148149, 0.9074074074074074
2024-05-21 15:38:26 - WARNING  - Epoch: 884, Sum of Accs: 8.874, Sum of s_i: 12.353298337731506
2024-05-21 15:38:30 - INFO     - {6: 1.481391767689822, 9: 1.059558871018294, 0: 0.0578580196519138, 2: 2.126884580924861, 4: 0.4421774245825522, 3: 2.5149694148994137, 5: 1.7273906651458675, 1: 1.5374142696973827, 8: 1.1359770098741626, 7: 0.26967947042960216}
2024-05-21 15:38:30 - INFO     - 0.9074074074074074, 0.8888888888888888, 0.8777777777777778, 0.8666666666666667, 0.8407407407407408, 0.8888888888888888, 0.8777777777777778, 0.9037037037037037, 0.9148148148148149, 0.9074074074074074
2024-05-21 15:38:30 - WARNING  - Epoch: 885, Sum of Accs: 8.874, Sum of s_i: 12.353301493913872
2024-05-21 15:38:34 - INFO     - {6: 1.4816681773481184, 9: 1.059359382444778, 0: 0.05652806913063952, 2: 2.1278913762368115, 4: 0.44128142089726513, 3: 2.5164143129653045, 5: 1.7279453659327826, 1: 1.537757059382391, 8: 1.1358664640526974, 7: 0.26858951297387296}
2024-05-21 15:38:34 - INFO     - 0.9074074074074074, 0.8888888888888888, 0.8777777777777778, 0.8666666666666667, 0.8407407407407408, 0.8888888888888888, 0.8777777777777778, 0.9037037037037037, 0.9148148148148149, 0.9074074074074074
2024-05-21 15:38:34 - WARNING  - Epoch: 886, Sum of Accs: 8.874, Sum of s_i: 12.353301141364662
2024-05-21 15:38:38 - INFO     - {6: 1.4819445875516464, 9: 1.059159894415621, 0: 0.05519842765940928, 2: 2.128898171614366, 4: 0.44038572626202205, 3: 2.517859382480376, 5: 1.7285024323487401, 1: 1.5380998491330036, 8: 1.1357559182968364, 7: 0.26749986456818775}
2024-05-21 15:38:38 - INFO     - 0.9074074074074074, 0.8888888888888888, 0.8777777777777778, 0.8666666666666667, 0.8407407407407408, 0.8888888888888888, 0.8777777777777778, 0.9037037037037037, 0.9148148148148149, 0.9074074074074074
2024-05-21 15:38:38 - WARNING  - Epoch: 887, Sum of Accs: 8.874, Sum of s_i: 12.35330425433021
2024-05-21 15:38:42 - INFO     - {6: 1.4822209929408492, 9: 1.0589604015798426, 0: 0.05386890033620655, 2: 2.1299049620147286, 4: 0.4394901457748065, 3: 2.5193044470182557, 5: 1.7290594937875061, 1: 1.5384426339064243, 8: 1.1356453675637836, 7: 0.2664103303105301}
2024-05-21 15:38:42 - INFO     - 0.9074074074074074, 0.8888888888888888, 0.8777777777777778, 0.8666666666666667, 0.8407407407407408, 0.8888888888888888, 0.8777777777777778, 0.9037037037037037, 0.9148148148148149, 0.9074074074074074
2024-05-21 15:38:42 - WARNING  - Epoch: 888, Sum of Accs: 8.874, Sum of s_i: 12.353307675232934
2024-05-21 15:38:46 - INFO     - {6: 1.482497393039493, 9: 1.058760903461971, 0: 0.0525393677224449, 2: 2.1309117471477834, 4: 0.438594559997032, 3: 2.520749506288828, 5: 1.7296165499589644, 1: 1.5387830484836387, 8: 1.1355324466345245, 7: 0.26532079076231346}
2024-05-21 15:38:46 - INFO     - 0.9074074074074074, 0.8888888888888888, 0.8777777777777778, 0.8666666666666667, 0.8407407407407408, 0.8888888888888888, 0.8777777777777778, 0.9037037037037037, 0.9148148148148149, 0.9074074074074074
2024-05-21 15:38:46 - WARNING  - Epoch: 889, Sum of Accs: 8.874, Sum of s_i: 12.353306313496994
2024-05-21 15:38:50 - INFO     - {6: 1.4827737952441138, 9: 1.0585614074467065, 0: 0.05120940975942219, 2: 2.131918535038797, 4: 0.4376985488699965, 3: 2.5221945683173588, 5: 1.7301736088883815, 1: 1.5391234651634602, 8: 1.1354218933921227, 7: 0.2642308258648358}
2024-05-21 15:38:50 - INFO     - 0.9074074074074074, 0.8888888888888888, 0.8777777777777778, 0.8666666666666667, 0.8407407407407408, 0.8888888888888888, 0.8777777777777778, 0.9037037037037037, 0.9148148148148149, 0.9074074074074074
2024-05-21 15:38:50 - WARNING  - Epoch: 890, Sum of Accs: 8.874, Sum of s_i: 12.353306057985195
2024-05-21 15:38:55 - INFO     - {6: 1.4830501978438937, 9: 1.058362339281839, 0: 0.04987987964679654, 2: 2.1329233851959573, 4: 0.436802965593358, 3: 2.5236394603920425, 5: 1.7307287300839451, 1: 1.539466077473685, 8: 1.1353094024158679, 7: 0.2631412888177552}
2024-05-21 15:38:55 - INFO     - 0.9074074074074074, 0.8888888888888888, 0.8777777777777778, 0.8666666666666667, 0.8407407407407408, 0.8888888888888888, 0.8777777777777778, 0.9037037037037037, 0.9148148148148149, 0.9074074074074074
2024-05-21 15:38:55 - WARNING  - Epoch: 891, Sum of Accs: 8.874, Sum of s_i: 12.353303726745139
2024-05-21 15:38:59 - INFO     - {6: 1.4833266040490276, 9: 1.058162847260686, 0: 0.04854992567788534, 2: 2.1339301770699124, 4: 0.435906958460434, 3: 2.5250845264035147, 5: 1.7312834274232234, 1: 1.5398088637206984, 8: 1.1351964875833274, 7: 0.26205132791438907}
2024-05-21 15:38:59 - INFO     - 0.9074074074074074, 0.8888888888888888, 0.8777777777777778, 0.8666666666666667, 0.8407407407407408, 0.8888888888888888, 0.8777777777777778, 0.9037037037037037, 0.9148148148148149, 0.9074074074074074
2024-05-21 15:38:59 - WARNING  - Epoch: 892, Sum of Accs: 8.874, Sum of s_i: 12.353301145563096
2024-05-21 15:39:03 - INFO     - {6: 1.4836030142460626, 9: 1.0579637866930738, 0: 0.04722040316251474, 2: 2.134935034824328, 4: 0.43501138278105056, 3: 2.52652942601838, 5: 1.731838556216042, 1: 1.540149715848172, 8: 1.1350840042043275, 7: 0.2609617984645635}
2024-05-21 15:39:03 - INFO     - 0.9074074074074074, 0.8888888888888888, 0.8777777777777778, 0.8666666666666667, 0.8407407407407408, 0.8888888888888888, 0.8777777777777778, 0.9037037037037037, 0.9148148148148149, 0.9074074074074074
2024-05-21 15:39:03 - WARNING  - Epoch: 893, Sum of Accs: 8.874, Sum of s_i: 12.353297122458514
2024-05-21 15:39:07 - INFO     - {6: 1.4838794306649932, 9: 1.057764304869374, 0: 0.04589045939105661, 2: 2.1359418368672176, 4: 0.4341153858455796, 3: 2.5279721366542254, 5: 1.7323932637527732, 1: 1.5404901467195582, 8: 1.1349710995692401, 7: 0.25987184775865046}
2024-05-21 15:39:07 - INFO     - 0.9074074074074074, 0.8888888888888888, 0.8777777777777778, 0.8666666666666667, 0.8407407407407408, 0.8888888888888888, 0.8777777777777778, 0.9037037037037037, 0.9148148148148149, 0.9074074074074074
2024-05-21 15:39:07 - WARNING  - Epoch: 894, Sum of Accs: 8.874, Sum of s_i: 12.353289912092668
2024-05-21 15:39:11 - INFO     - {6: 1.4841558582350616, 9: 1.0575648341789683, 0: 0.04456052675289265, 2: 2.136948650012265, 4: 0.4332217655568286, 3: 2.5294170488384, 5: 1.7329503479362245, 1: 1.5408329542376642, 8: 1.1348605715808726, 7: 0.2587819081860316}
2024-05-21 15:39:11 - INFO     - 0.9074074074074074, 0.8888888888888888, 0.8777777777777778, 0.8666666666666667, 0.8407407407407408, 0.8888888888888888, 0.8777777777777778, 0.9037037037037037, 0.9148148148148149, 0.9074074074074074
2024-05-21 15:39:11 - WARNING  - Epoch: 895, Sum of Accs: 8.874, Sum of s_i: 12.35329446551521
2024-05-21 15:39:15 - INFO     - {6: 1.4844322787630664, 9: 1.0573657839423258, 0: 0.04323101456849192, 2: 2.1379535180976506, 4: 0.43232620020841506, 3: 2.5308619587066254, 5: 1.733505487060013, 1: 1.5411738166961078, 8: 1.1347480985328426, 7: 0.2576923890671759}
2024-05-21 15:39:15 - INFO     - 0.9074074074074074, 0.8888888888888888, 0.8777777777777778, 0.8666666666666667, 0.8407407407407408, 0.8888888888888888, 0.8777777777777778, 0.9037037037037037, 0.9148148148148149, 0.9074074074074074
2024-05-21 15:39:15 - WARNING  - Epoch: 896, Sum of Accs: 8.874, Sum of s_i: 12.353290545642713
2024-05-21 15:39:19 - INFO     - {6: 1.484708705353322, 9: 1.0571667397679343, 0: 0.04190150844634209, 2: 2.1389603289445906, 4: 0.4314306409222524, 3: 2.5323070436910826, 5: 1.7340606322460526, 1: 1.5415146852168022, 8: 1.1346356315470636, 7: 0.25660287601057113}
2024-05-21 15:39:19 - INFO     - 0.9074074074074074, 0.8888888888888888, 0.8777777777777778, 0.8666666666666667, 0.8407407407407408, 0.8888888888888888, 0.8777777777777778, 0.9037037037037037, 0.9148148148148149, 0.9074074074074074
2024-05-21 15:39:19 - WARNING  - Epoch: 897, Sum of Accs: 8.874, Sum of s_i: 12.353288792146014
2024-05-21 15:39:23 - INFO     - {6: 1.4849851346554368, 9: 1.0569676983054022, 0: 0.0405720050360516, 2: 2.139967142491465, 4: 0.4305350843479491, 3: 2.5337519592716675, 5: 1.73461771683133, 1: 1.5418574931367346, 8: 1.1345231672731437, 7: 0.2555133656658257}
2024-05-21 15:39:23 - INFO     - 0.9074074074074074, 0.8888888888888888, 0.8777777777777778, 0.8666666666666667, 0.8407407407407408, 0.8888888888888888, 0.8777777777777778, 0.9037037037037037, 0.9148148148148149, 0.9074074074074074
2024-05-21 15:39:23 - WARNING  - Epoch: 898, Sum of Accs: 8.874, Sum of s_i: 12.353290767015007
2024-05-21 15:39:27 - INFO     - {6: 1.4852615609033306, 9: 1.0567682262949376, 0: 0.03924207107782872, 2: 2.140971588803028, 4: 0.4296390972257134, 3: 2.53519687746195, 5: 1.7351724341812964, 1: 1.5421979338213558, 8: 1.1344102724512914, 7: 0.2544234247731479}
2024-05-21 15:39:27 - INFO     - 0.9074074074074074, 0.8888888888888888, 0.8777777777777778, 0.8666666666666667, 0.8407407407407408, 0.8888888888888888, 0.8777777777777778, 0.9037037037037037, 0.9148148148148149, 0.9074074074074074
2024-05-21 15:39:27 - WARNING  - Epoch: 899, Sum of Accs: 8.874, Sum of s_i: 12.35328348699388
2024-05-21 15:39:31 - INFO     - {6: 1.485537998410101, 9: 1.0565687655253335, 0: 0.0379121483604664, 2: 2.1419760463554516, 4: 0.4287431213443383, 3: 2.5366418068266436, 5: 1.7357271627721234, 1: 1.5425383857468378, 8: 1.1342973888702998, 7: 0.25333349512133063}
2024-05-21 15:39:31 - INFO     - 0.9074074074074074, 0.8888888888888888, 0.8777777777777778, 0.8666666666666667, 0.8407407407407408, 0.8888888888888888, 0.8777777777777778, 0.9037037037037037, 0.9148148148148149, 0.9074074074074074
2024-05-21 15:39:31 - WARNING  - Epoch: 900, Sum of Accs: 8.874, Sum of s_i: 12.353276319332926
2024-05-21 15:39:35 - INFO     - {6: 1.4858144470019934, 9: 1.056369743352579, 0: 0.03658266423995349, 2: 2.142982879107277, 4: 0.42784758405981255, 3: 2.5380867415522173, 5: 1.7362842665623521, 1: 1.5428812128717215, 8: 1.1341868804887099, 7: 0.25224400406636277}
2024-05-21 15:39:35 - INFO     - 0.9074074074074074, 0.8888888888888888, 0.8777777777777778, 0.8666666666666667, 0.8407407407407408, 0.8888888888888888, 0.8777777777777778, 0.9037037037037037, 0.9148148148148149, 0.9074074074074074
2024-05-21 15:39:35 - WARNING  - Epoch: 901, Sum of Accs: 8.874, Sum of s_i: 12.353280423302978
2024-05-21 15:39:39 - INFO     - {6: 1.486090889246903, 9: 1.0561707148328412, 0: 0.03525317377245748, 2: 2.1439897055400303, 4: 0.4269520404283037, 3: 2.5395318421224875, 5: 1.7368394274030454, 1: 1.5432240336775327, 8: 1.1340763657880475, 7: 0.2511545066644118}
2024-05-21 15:39:39 - INFO     - 0.9074074074074074, 0.8888888888888888, 0.8777777777777778, 0.8666666666666667, 0.8407407407407408, 0.8888888888888888, 0.8777777777777778, 0.9037037037037037, 0.9148148148148149, 0.9074074074074074
2024-05-21 15:39:39 - WARNING  - Epoch: 902, Sum of Accs: 8.874, Sum of s_i: 12.35328269947606
2024-05-21 15:39:43 - INFO     - {6: 1.4863673279716056, 9: 1.0559716827928967, 0: 0.033923679784754704, 2: 2.1449965284680568, 4: 0.4260564932765881, 3: 2.5409767670549344, 5: 1.737396521369475, 1: 1.5435668509786171, 8: 1.1339658475826584, 7: 0.2500650057422541}
2024-05-21 15:39:43 - INFO     - 0.9074074074074074, 0.8888888888888888, 0.8777777777777778, 0.8666666666666667, 0.8407407407407408, 0.8888888888888888, 0.8777777777777778, 0.9037037037037037, 0.9148148148148149, 0.9074074074074074
2024-05-21 15:39:43 - WARNING  - Epoch: 903, Sum of Accs: 8.874, Sum of s_i: 12.35328670502184
2024-05-21 15:39:47 - INFO     - {6: 1.4866437605015506, 9: 1.055772217054431, 0: 0.03259417960229423, 2: 2.146003345889881, 4: 0.42516287726461366, 3: 2.5424216835025604, 5: 1.7379536098297028, 1: 1.5439063913886177, 8: 1.1338553238710674, 7: 0.24897743595983748}
2024-05-21 15:39:47 - INFO     - 0.9074074074074074, 0.8888888888888888, 0.8777777777777778, 0.8666666666666667, 0.8407407407407408, 0.8888888888888888, 0.8777777777777778, 0.9037037037037037, 0.9148148148148149, 0.9074074074074074
2024-05-21 15:39:47 - WARNING  - Epoch: 904, Sum of Accs: 8.874, Sum of s_i: 12.353290824864555
2024-05-21 15:39:51 - INFO     - {6: 1.4869201866599775, 9: 1.0555727449546428, 0: 0.0312646730483157, 2: 2.1470101569681894, 4: 0.42426731754662234, 3: 2.5438665966233143, 5: 1.738510519851343, 1: 1.5442490247449128, 8: 1.1337446217208889, 7: 0.24788985983390502}
2024-05-21 15:39:51 - INFO     - 0.9074074074074074, 0.8851851851851852, 0.8777777777777778, 0.8666666666666667, 0.8407407407407408, 0.8888888888888888, 0.8777777777777778, 0.9037037037037037, 0.9148148148148149, 0.9074074074074074
2024-05-21 15:39:51 - WARNING  - Epoch: 905, Sum of Accs: 8.870, Sum of s_i: 12.35329570195211
2024-05-21 15:39:55 - INFO     - {6: 1.4871966052757806, 9: 1.0553736928057986, 0: 0.02993515895171324, 2: 2.148016959875744, 4: 0.42337175028600704, 3: 2.5453116736683863, 5: 1.739067593797301, 1: 1.5445918220255257, 8: 1.1336340834950283, 7: 0.24680033880284763}
2024-05-21 15:39:55 - INFO     - 0.9074074074074074, 0.8851851851851852, 0.8777777777777778, 0.8703703703703703, 0.8407407407407408, 0.8888888888888888, 0.8777777777777778, 0.9037037037037037, 0.9148148148148149, 0.9074074074074074
2024-05-21 15:39:55 - WARNING  - Epoch: 906, Sum of Accs: 8.874, Sum of s_i: 12.353299678984133
2024-05-21 15:39:59 - INFO     - {6: 1.4874730177409392, 9: 1.0551742070346535, 0: 0.02860563870446641, 2: 2.1490237573209643, 4: 0.4224757494030908, 3: 2.546754380356786, 5: 1.7396222595027442, 1: 1.5449322110656236, 8: 1.1335197529912906, 7: 0.24571038414948926}
2024-05-21 15:39:59 - INFO     - 0.9074074074074074, 0.8851851851851852, 0.8777777777777778, 0.8703703703703703, 0.8407407407407408, 0.8888888888888888, 0.8777777777777778, 0.9037037037037037, 0.9148148148148149, 0.9074074074074074
2024-05-21 15:39:59 - WARNING  - Epoch: 907, Sum of Accs: 8.874, Sum of s_i: 12.353291358270047
2024-05-21 15:40:03 - INFO     - {6: 1.4877494430744314, 9: 1.0549747341112505, 0: 0.02727570383330519, 2: 2.1500305682392598, 4: 0.42157976136791675, 3: 2.548199293980336, 5: 1.740179341459443, 1: 1.5452750163569773, 8: 1.1334068572565001, 7: 0.2446204423438731}
2024-05-21 15:40:03 - INFO     - 0.9074074074074074, 0.8851851851851852, 0.8777777777777778, 0.8703703703703703, 0.8407407407407408, 0.8925925925925926, 0.8777777777777778, 0.9037037037037037, 0.9148148148148149, 0.9074074074074074
2024-05-21 15:40:03 - WARNING  - Epoch: 908, Sum of Accs: 8.878, Sum of s_i: 12.353291162023293
2024-05-21 15:40:07 - INFO     - {6: 1.4880258687114276, 9: 1.054775261490866, 0: 0.025945769265162406, 2: 2.1510373794597264, 4: 0.42068377363576115, 3: 2.5496443793383197, 5: 1.740736423718313, 1: 1.545617821950502, 8: 1.1332963273435512, 7: 0.24353050084127537}
2024-05-21 15:40:07 - INFO     - 0.9074074074074074, 0.8851851851851852, 0.8777777777777778, 0.8703703703703703, 0.8407407407407408, 0.8925925925925926, 0.8777777777777778, 0.9037037037037037, 0.9148148148148149, 0.9074074074074074
2024-05-21 15:40:07 - WARNING  - Epoch: 909, Sum of Accs: 8.878, Sum of s_i: 12.353293505754905
2024-05-21 15:40:11 - INFO     - {6: 1.4883022907237424, 9: 1.0545757852516002, 0: 0.02461583107813814, 2: 2.152044187071432, 4: 0.4197877822847241, 3: 2.5510892896655952, 5: 1.741291096148889, 1: 1.545960623935266, 8: 1.1331857938218417, 7: 0.24244055571979617}
2024-05-21 15:40:11 - INFO     - 0.9074074074074074, 0.8851851851851852, 0.8777777777777778, 0.8703703703703703, 0.8407407407407408, 0.8925925925925926, 0.8777777777777778, 0.9037037037037037, 0.9148148148148149, 0.9074074074074074
2024-05-21 15:40:11 - WARNING  - Epoch: 910, Sum of Accs: 8.878, Sum of s_i: 12.353293235701022
2024-05-21 15:40:15 - INFO     - {6: 1.488578713153707, 9: 1.0543763094293157, 0: 0.023285893308095405, 2: 2.1530486295711753, 4: 0.4188917913506685, 3: 2.552532006302856, 5: 1.7418458096870357, 1: 1.5463010608080674, 8: 1.1330714773578685, 7: 0.24135061101529848}
2024-05-21 15:40:15 - INFO     - 0.9074074074074074, 0.8851851851851852, 0.8777777777777778, 0.8703703703703703, 0.8407407407407408, 0.8925925925925926, 0.8777777777777778, 0.9037037037037037, 0.9148148148148149, 0.9074074074074074
2024-05-21 15:40:15 - WARNING  - Epoch: 911, Sum of Accs: 8.878, Sum of s_i: 12.353282301984088
2024-05-21 15:40:19 - INFO     - {6: 1.4888551524931493, 9: 1.0541772780041108, 0: 0.021956399935132206, 2: 2.154055453111238, 4: 0.41799818145693224, 3: 2.5539769288496568, 5: 1.7424004943148104, 1: 1.5466414687704968, 8: 1.1329609597645158, 7: 0.24026304735112008}
2024-05-21 15:40:19 - INFO     - 0.9074074074074074, 0.8851851851851852, 0.8777777777777778, 0.8703703703703703, 0.8407407407407408, 0.8925925925925926, 0.8777777777777778, 0.9037037037037037, 0.9111111111111111, 0.9074074074074074
2024-05-21 15:40:19 - WARNING  - Epoch: 912, Sum of Accs: 8.874, Sum of s_i: 12.353285364051164
2024-05-21 15:40:23 - INFO     - {6: 1.4891315870969655, 9: 1.05397824184328, 0: 0.020626901826542986, 2: 2.155062271936499, 4: 0.4171026301843302, 3: 2.5554220218124355, 5: 1.742957584178475, 1: 1.5469842819688162, 8: 1.1328504374563617, 7: 0.23917547897214042}
2024-05-21 15:40:23 - INFO     - 0.9074074074074074, 0.8851851851851852, 0.8777777777777778, 0.8703703703703703, 0.8407407407407408, 0.8925925925925926, 0.8777777777777778, 0.9037037037037037, 0.9111111111111111, 0.9074074074074074
2024-05-21 15:40:23 - WARNING  - Epoch: 913, Sum of Accs: 8.874, Sum of s_i: 12.353291437275846
2024-05-21 15:40:28 - INFO     - {6: 1.4894080123082718, 9: 1.0537787687978866, 0: 0.019297394325443883, 2: 2.1560690820718493, 4: 0.41620706951921826, 3: 2.5568669339931756, 5: 1.743512300493513, 1: 1.5473238217882006, 8: 1.1327375415995808, 7: 0.23808596453658637}
2024-05-21 15:40:28 - INFO     - 0.9074074074074074, 0.8851851851851852, 0.8777777777777778, 0.8703703703703703, 0.8407407407407408, 0.8925925925925926, 0.8777777777777778, 0.9037037037037037, 0.9111111111111111, 0.9074074074074074
2024-05-21 15:40:28 - WARNING  - Epoch: 914, Sum of Accs: 8.874, Sum of s_i: 12.353286889433724
2024-05-21 15:40:32 - INFO     - {6: 1.4896844445530155, 9: 1.053579302774676, 0: 0.017967893857782205, 2: 2.1570735343706664, 4: 0.4153115158875438, 3: 2.55830966042951, 5: 1.7440670238307334, 1: 1.547664268460076, 8: 1.1326246527649828, 7: 0.23699645713446976}
2024-05-21 15:40:32 - INFO     - 0.9074074074074074, 0.8851851851851852, 0.8777777777777778, 0.8703703703703703, 0.8407407407407408, 0.8925925925925926, 0.8777777777777778, 0.9037037037037037, 0.9111111111111111, 0.9074074074074074
2024-05-21 15:40:32 - WARNING  - Epoch: 915, Sum of Accs: 8.874, Sum of s_i: 12.353278754063458
2024-05-21 15:40:36 - INFO     - {6: 1.489960889379482, 9: 1.0533802768364953, 0: 0.016638405971843167, 2: 2.158080363373624, 4: 0.4144159748375919, 3: 2.559754763569985, 5: 1.7446221872529837, 1: 1.548007091836092, 8: 1.1325122040154145, 7: 0.2359069623140758}
2024-05-21 15:40:36 - INFO     - 0.9074074074074074, 0.8851851851851852, 0.8777777777777778, 0.8703703703703703, 0.8407407407407408, 0.8925925925925926, 0.8777777777777778, 0.9037037037037037, 0.9111111111111111, 0.9037037037037037
2024-05-21 15:40:36 - WARNING  - Epoch: 916, Sum of Accs: 8.870, Sum of s_i: 12.353279119387588
2024-05-21 15:40:40 - INFO     - {6: 1.4902373336409576, 9: 1.0531808228107877, 0: 0.015308917520913207, 2: 2.15908719247542, 4: 0.41352043322264914, 3: 2.5611996946579527, 5: 1.7451791152418379, 1: 1.548349743159601, 8: 1.13240151983245, 7: 0.23481703940615498}
2024-05-21 15:40:40 - INFO     - 0.9074074074074074, 0.8851851851851852, 0.8777777777777778, 0.8703703703703703, 0.8407407407407408, 0.8925925925925926, 0.8777777777777778, 0.9037037037037037, 0.9111111111111111, 0.9037037037037037
2024-05-21 15:40:40 - WARNING  - Epoch: 917, Sum of Accs: 8.870, Sum of s_i: 12.353281811968724
2024-05-21 15:40:44 - INFO     - {6: 1.490513773738231, 9: 1.0529813646275417, 0: 0.013978997389908836, 2: 2.160094018092649, 4: 0.41262445992763197, 3: 2.5626447944126993, 5: 1.7457338464190228, 1: 1.548690197671441, 8: 1.1322886388378164, 7: 0.23372711234069565}
2024-05-21 15:40:44 - INFO     - 0.9074074074074074, 0.8851851851851852, 0.8777777777777778, 0.8703703703703703, 0.8407407407407408, 0.8925925925925926, 0.8777777777777778, 0.9037037037037037, 0.9111111111111111, 0.9037037037037037
2024-05-21 15:40:44 - WARNING  - Epoch: 918, Sum of Accs: 8.870, Sum of s_i: 12.353277203457637
2024-05-21 15:40:48 - INFO     - {6: 1.4907902209627826, 9: 1.0527819135601688, 0: 0.012649511902054962, 2: 2.161098485347304, 4: 0.41172892127576527, 3: 2.564089732099593, 5: 1.746288584712081, 1: 1.5490306592991538, 8: 1.1321761924863332, 7: 0.23263761991838683}
2024-05-21 15:40:48 - INFO     - 0.9074074074074074, 0.8851851851851852, 0.8777777777777778, 0.8703703703703703, 0.8407407407407408, 0.8925925925925926, 0.8777777777777778, 0.9037037037037037, 0.9111111111111111, 0.9037037037037037
2024-05-21 15:40:48 - WARNING  - Epoch: 919, Sum of Accs: 8.870, Sum of s_i: 12.353271841563625
2024-05-21 15:40:52 - INFO     - {6: 1.4910666764797622, 9: 1.0525824707719547, 0: 0.011320034706629074, 2: 2.162105325655137, 4: 0.4108353281497993, 3: 2.565534846544943, 5: 1.7468456960583172, 1: 1.549373493980045, 8: 1.1320656916607508, 7: 0.23154770824795934}
2024-05-21 15:40:52 - INFO     - 0.9074074074074074, 0.8851851851851852, 0.8740740740740741, 0.8703703703703703, 0.8444444444444444, 0.8925925925925926, 0.8777777777777778, 0.9037037037037037, 0.9111111111111111, 0.9037037037037037
2024-05-21 15:40:52 - WARNING  - Epoch: 920, Sum of Accs: 8.870, Sum of s_i: 12.353277272255298
2024-05-21 15:40:56 - INFO     - {6: 1.4913431235979149, 9: 1.0523830195983532, 0: 0.00999054911237635, 2: 2.1631121576010552, 4: 0.40993936186442664, 3: 2.5669799526283783, 5: 1.7474027990426388, 1: 1.5497163202990214, 8: 1.1319551824732537, 7: 0.2304577881921446}
2024-05-21 15:40:56 - INFO     - 0.9074074074074074, 0.8851851851851852, 0.8740740740740741, 0.8703703703703703, 0.8444444444444444, 0.8925925925925926, 0.8777777777777778, 0.9037037037037037, 0.9111111111111111, 0.9037037037037037
2024-05-21 15:40:56 - WARNING  - Epoch: 921, Sum of Accs: 8.870, Sum of s_i: 12.353280254409563
2024-05-21 15:41:00 - INFO     - {6: 1.491619566104026, 9: 1.05218356382009, 0: 0.008661058906081862, 2: 2.164118984955201, 4: 0.40904381849411936, 3: 2.5684250541200413, 5: 1.7479598974351882, 1: 1.5500591420262255, 8: 1.13184273140333, 7: 0.22936829105139517}
2024-05-21 15:41:00 - INFO     - 0.9074074074074074, 0.8851851851851852, 0.8740740740740741, 0.8703703703703703, 0.8444444444444444, 0.8925925925925926, 0.8777777777777778, 0.9037037037037037, 0.9111111111111111, 0.9
2024-05-21 15:41:00 - WARNING  - Epoch: 922, Sum of Accs: 8.867, Sum of s_i: 12.353282108315696
2024-05-21 15:41:04 - INFO     - {6: 1.4918960057429853, 9: 1.051984105179263, 0: 0.007331565832635732, 2: 2.1651258094547963, 4: 0.4081478447415213, 3: 2.5698699812814962, 5: 1.7485146281547923, 1: 1.5503995960804846, 8: 1.1317298499511155, 7: 0.228278363528355}
2024-05-21 15:41:04 - INFO     - 0.9074074074074074, 0.8851851851851852, 0.8740740740740741, 0.8703703703703703, 0.8444444444444444, 0.8925925925925926, 0.8777777777777778, 0.9037037037037037, 0.9111111111111111, 0.9
2024-05-21 15:41:04 - WARNING  - Epoch: 923, Sum of Accs: 8.867, Sum of s_i: 12.353277749947447
2024-05-21 15:41:08 - INFO     - {6: 1.4921724521223645, 9: 1.0517850807939952, 0: 0.006002079499609465, 2: 2.1661326400038377, 4: 0.40725230524448225, 3: 2.571315085968055, 5: 1.7490717297422371, 1: 1.5507424210025844, 8: 1.1316193393667417, 7: 0.2271888702608738}
2024-05-21 15:41:08 - INFO     - 0.9074074074074074, 0.8851851851851852, 0.8740740740740741, 0.8703703703703703, 0.8444444444444444, 0.8925925925925926, 0.8777777777777778, 0.9037037037037037, 0.9111111111111111, 0.9
2024-05-21 15:41:08 - WARNING  - Epoch: 924, Sum of Accs: 8.867, Sum of s_i: 12.353282004004782
2024-05-21 15:41:12 - INFO     - {6: 1.4924488919226455, 9: 1.051585622314232, 0: 0.004672586587484966, 2: 2.1671394646640456, 4: 0.4063567591683449, 3: 2.572760012628303, 5: 1.749628653303371, 1: 1.5510852400358506, 8: 1.1315088228935344, 7: 0.22609937041429437}
2024-05-21 15:41:12 - INFO     - 0.9074074074074074, 0.8851851851851852, 0.8777777777777778, 0.8703703703703703, 0.8444444444444444, 0.8925925925925926, 0.8777777777777778, 0.9037037037037037, 0.9111111111111111, 0.9
2024-05-21 15:41:12 - WARNING  - Epoch: 925, Sum of Accs: 8.870, Sum of s_i: 12.353285423932109
2024-05-21 15:41:16 - INFO     - {6: 1.4927253264338531, 9: 1.0513865860607925, 0: 0.0033430883862871734, 2: 2.1681462833971055, 4: 0.40546120780313427, 3: 2.5742049333788812, 5: 1.7501857430748342, 1: 1.551426116477497, 8: 1.1313963638287072, 7: 0.22500986527864164}
2024-05-21 15:41:16 - INFO     - 0.9074074074074074, 0.8851851851851852, 0.8777777777777778, 0.8703703703703703, 0.8444444444444444, 0.8925925925925926, 0.8777777777777778, 0.9, 0.9111111111111111, 0.9
2024-05-21 15:41:16 - WARNING  - Epoch: 926, Sum of Accs: 8.867, Sum of s_i: 12.353285514119735
2024-05-21 15:41:20 - INFO     - {6: 1.4930017608055817, 9: 1.051187122161163, 0: 0.0020131625388995064, 2: 2.169153103313938, 4: 0.4045652287917338, 3: 2.575649855972896, 5: 1.7507428340300701, 1: 1.5517687593070528, 8: 1.1312856711517896, 7: 0.22391993249679903}
2024-05-21 15:41:20 - INFO     - 0.9074074074074074, 0.8851851851851852, 0.8777777777777778, 0.8703703703703703, 0.8444444444444444, 0.8925925925925926, 0.8777777777777778, 0.9, 0.9111111111111111, 0.9
2024-05-21 15:41:20 - WARNING  - Epoch: 927, Sum of Accs: 8.867, Sum of s_i: 12.353287430569925
2024-05-21 15:41:24 - INFO     - {6: 1.4932781922134342, 9: 1.0509880828043685, 0: 0.0006836612343466197, 2: 2.1701599189572898, 4: 0.4036696743231681, 3: 2.577094945753765, 5: 1.7512999207118252, 1: 1.5521115693234628, 8: 1.131175145661726, 7: 0.2228304242577912}
2024-05-21 15:41:24 - INFO     - 0.9074074074074074, 0.8851851851851852, 0.8777777777777778, 0.8703703703703703, 0.8444444444444444, 0.8925925925925926, 0.8777777777777778, 0.9, 0.9111111111111111, 0.9
2024-05-21 15:41:24 - WARNING  - Epoch: 928, Sum of Accs: 8.867, Sum of s_i: 12.353291535241178
2024-05-21 15:41:28 - INFO     - {6: 1.4935546172732328, 9: 1.05078903709952, 0: 0.0006836612343466197, 2: 2.1711646719048554, 4: 0.4027741135065485, 3: 2.5785379728388476, 5: 1.7518549446977942, 1: 1.5524523166440867, 8: 1.1310625574758764, 7: 0.22174090967072954}
2024-05-21 15:41:28 - INFO     - 0.9074074074074074, 0.8851851851851852, 0.8777777777777778, 0.8666666666666667, 0.8444444444444444, 0.8925925925925926, 0.8703703703703703, 0.9, 0.9148148148148149, 0.9
2024-05-21 15:41:28 - WARNING  - Epoch: 929, Sum of Accs: 8.859, Sum of s_i: 12.35461480234584
2024-05-21 15:41:32 - INFO     - {6: 1.4938289961063533, 9: 1.0505879451679936, 0: 0.0006836612343466197, 2: 2.172167384983939, 4: 0.4018765064632509, 3: 2.5799787975501807, 5: 1.7524080421266988, 1: 1.5527910240962284, 8: 1.1309479294215445, 7: 0.2206493488569898}
2024-05-21 15:41:32 - INFO     - 0.9074074074074074, 0.8888888888888888, 0.8740740740740741, 0.8629629629629629, 0.8481481481481481, 0.8925925925925926, 0.8740740740740741, 0.9, 0.9074074074074074, 0.9
2024-05-21 15:41:32 - WARNING  - Epoch: 930, Sum of Accs: 8.856, Sum of s_i: 12.355919636007526
2024-05-21 15:41:36 - INFO     - {6: 1.494101357732239, 9: 1.0503844150363466, 0: 0.0006836612343466197, 2: 2.173168087771372, 4: 0.4009764612198329, 3: 2.5814176188869498, 5: 1.7529587013554828, 1: 1.5531274066596674, 8: 1.13083097647851, 7: 0.21955577083601516}
2024-05-21 15:41:36 - INFO     - 0.9074074074074074, 0.8888888888888888, 0.8740740740740741, 0.8592592592592593, 0.8481481481481481, 0.8962962962962963, 0.8740740740740741, 0.9, 0.9074074074074074, 0.9
2024-05-21 15:41:36 - WARNING  - Epoch: 931, Sum of Accs: 8.856, Sum of s_i: 12.357204457210763
2024-05-21 15:41:40 - INFO     - {6: 1.4943717335886404, 9: 1.0501793201281007, 0: 0.0006836612343466197, 2: 2.1741668103026974, 4: 0.40007485119981584, 3: 2.5828546155557923, 5: 1.753507795807668, 1: 1.553462123564051, 8: 1.13071235787642, 7: 0.218460207045556}
2024-05-21 15:41:40 - INFO     - 0.9074074074074074, 0.8888888888888888, 0.8740740740740741, 0.8592592592592593, 0.8481481481481481, 0.8962962962962963, 0.8740740740740741, 0.9, 0.9037037037037037, 0.9
2024-05-21 15:41:40 - WARNING  - Epoch: 932, Sum of Accs: 8.852, Sum of s_i: 12.35847347630309
2024-05-21 15:41:45 - INFO     - {6: 1.49464014858504, 9: 1.0499722643598532, 0: 0.0006836612343466197, 2: 2.175163578057814, 4: 0.39917128031979726, 3: 2.5842896574484264, 5: 1.7540549293998515, 1: 1.5537948856922257, 8: 1.1305917844981213, 7: 0.2173626823950953}
2024-05-21 15:41:45 - INFO     - 0.9074074074074074, 0.8888888888888888, 0.8740740740740741, 0.8592592592592593, 0.8518518518518519, 0.8962962962962963, 0.8740740740740741, 0.9, 0.9037037037037037, 0.9
2024-05-21 15:41:45 - WARNING  - Epoch: 933, Sum of Accs: 8.856, Sum of s_i: 12.35972487199057
2024-05-21 15:41:49 - INFO     - {6: 1.4949066304258911, 9: 1.0497628638356824, 0: 0.0006836612343466197, 2: 2.1761584192880528, 4: 0.39826536468385537, 3: 2.5857226354633593, 5: 1.754600041668494, 1: 1.5541257212955228, 8: 1.130469284594945, 7: 0.21626281298871128}
2024-05-21 15:41:49 - INFO     - 0.9074074074074074, 0.8888888888888888, 0.8740740740740741, 0.8592592592592593, 0.8481481481481481, 0.8962962962962963, 0.8740740740740741, 0.9, 0.9074074074074074, 0.9
2024-05-21 15:41:49 - WARNING  - Epoch: 934, Sum of Accs: 8.856, Sum of s_i: 12.360957435478861
2024-05-21 15:41:53 - INFO     - {6: 1.4951712086623083, 9: 1.0495515627450467, 0: 0.0006836612343466197, 2: 2.1771513628094548, 4: 0.39735754848144855, 3: 2.587153853122279, 5: 1.7551429299382892, 1: 1.5544546591899833, 8: 1.1303448869829318, 7: 0.21516104301586234}
2024-05-21 15:41:53 - INFO     - 0.9074074074074074, 0.8888888888888888, 0.8740740740740741, 0.8592592592592593, 0.8481481481481481, 0.8962962962962963, 0.8740740740740741, 0.9, 0.9074074074074074, 0.9
2024-05-21 15:41:53 - WARNING  - Epoch: 935, Sum of Accs: 8.856, Sum of s_i: 12.36217271618195
2024-05-21 15:41:57 - INFO     - {6: 1.4954339104322636, 9: 1.0493383881812224, 0: 0.0006836612343466197, 2: 2.1781424356731955, 4: 0.3964482643749854, 3: 2.5885830738538935, 5: 1.7556842738404337, 1: 1.5547817264267825, 8: 1.1302186187132575, 7: 0.21405780513895709}
2024-05-21 15:41:57 - INFO     - 0.9074074074074074, 0.8888888888888888, 0.8740740740740741, 0.8555555555555555, 0.8481481481481481, 0.8962962962962963, 0.8740740740740741, 0.9, 0.9074074074074074, 0.9
2024-05-21 15:41:57 - WARNING  - Epoch: 936, Sum of Accs: 8.852, Sum of s_i: 12.363372157869337
2024-05-21 15:42:01 - INFO     - {6: 1.4956947606262057, 9: 1.0491237676105172, 0: 0.0006836612343466197, 2: 2.1791316620685586, 4: 0.3955371286925092, 3: 2.590010453854308, 5: 1.7562238426301595, 1: 1.5551070185511633, 8: 1.1300905753311647, 7: 0.21295271568603868}
2024-05-21 15:42:01 - INFO     - 0.9074074074074074, 0.8888888888888888, 0.8740740740740741, 0.8555555555555555, 0.8481481481481481, 0.8925925925925926, 0.8740740740740741, 0.9, 0.9074074074074074, 0.9
2024-05-21 15:42:01 - WARNING  - Epoch: 937, Sum of Accs: 8.848, Sum of s_i: 12.364555586284972
2024-05-21 15:42:05 - INFO     - {6: 1.495953784386267, 9: 1.0489069208998418, 0: 0.0006836612343466197, 2: 2.180119068300163, 4: 0.39462410149031507, 3: 2.5914360194461588, 5: 1.7567614051228964, 1: 1.5554300845355737, 8: 1.129960525652083, 7: 0.21184573471340246}
2024-05-21 15:42:05 - INFO     - 0.9074074074074074, 0.8888888888888888, 0.8740740740740741, 0.8592592592592593, 0.8481481481481481, 0.8962962962962963, 0.8740740740740741, 0.9, 0.9074074074074074, 0.9
2024-05-21 15:42:05 - WARNING  - Epoch: 938, Sum of Accs: 8.856, Sum of s_i: 12.365721305781049
2024-05-21 15:42:09 - INFO     - {6: 1.496211009453482, 9: 1.0486886752024098, 0: 0.0006836612343466197, 2: 2.181104680787035, 4: 0.3937093406811119, 3: 2.5928597967611045, 5: 1.7572971793387282, 1: 1.5557515820860606, 8: 1.1298286876960963, 7: 0.21073695999603334}
2024-05-21 15:42:09 - INFO     - 0.9074074074074074, 0.8888888888888888, 0.8740740740740741, 0.8592592592592593, 0.8481481481481481, 0.8925925925925926, 0.8740740740740741, 0.9, 0.9037037037037037, 0.9
2024-05-21 15:42:09 - WARNING  - Epoch: 939, Sum of Accs: 8.848, Sum of s_i: 12.36687157323641
2024-05-21 15:42:13 - INFO     - {6: 1.4964664600690376, 9: 1.0484682610380485, 0: 0.0006836612343466197, 2: 2.182088524917463, 4: 0.39279241140497945, 3: 2.5942818118162334, 5: 1.7578312945075594, 1: 1.5560710806167852, 8: 1.1296951906931088, 7: 0.20962607694945876}
2024-05-21 15:42:13 - INFO     - 0.9074074074074074, 0.8851851851851852, 0.8740740740740741, 0.8592592592592593, 0.8481481481481481, 0.8925925925925926, 0.8740740740740741, 0.9, 0.9037037037037037, 0.9
2024-05-21 15:42:13 - WARNING  - Epoch: 940, Sum of Accs: 8.844, Sum of s_i: 12.368004773247021
2024-05-21 15:42:17 - INFO     - {6: 1.4967201629491957, 9: 1.0482461019200302, 0: 0.0006836612343466197, 2: 2.183070626710527, 4: 0.39187373717519014, 3: 2.595702089934383, 5: 1.7583633247499721, 1: 1.5563890789704755, 8: 1.1295599513527572, 7: 0.2085134489492273}
2024-05-21 15:42:17 - INFO     - 0.9074074074074074, 0.8851851851851852, 0.8740740740740741, 0.8592592592592593, 0.8481481481481481, 0.8925925925925926, 0.8740740740740741, 0.9, 0.9037037037037037, 0.9
2024-05-21 15:42:17 - WARNING  - Epoch: 941, Sum of Accs: 8.844, Sum of s_i: 12.369122183946105
2024-05-21 15:42:21 - INFO     - {6: 1.496972142822111, 9: 1.0480222225359843, 0: 0.0006836612343466197, 2: 2.1840510108156916, 4: 0.3909537311716871, 3: 2.5971207481770646, 5: 1.7588939798935401, 1: 1.5567054574486983, 8: 1.1294229943245064, 7: 0.20739948917528211}
2024-05-21 15:42:21 - INFO     - 0.9074074074074074, 0.8851851851851852, 0.8740740740740741, 0.8592592592592593, 0.8481481481481481, 0.8925925925925926, 0.8740740740740741, 0.9, 0.9037037037037037, 0.9
2024-05-21 15:42:21 - WARNING  - Epoch: 942, Sum of Accs: 8.844, Sum of s_i: 12.370225437598915
2024-05-21 15:42:25 - INFO     - {6: 1.4972224218839025, 9: 1.047796645045581, 0: 0.0006836612343466197, 2: 2.185029699358298, 4: 0.39003163856951245, 3: 2.598537710857188, 5: 1.7594229394745498, 1: 1.5570201403643626, 8: 1.1292843417336973, 7: 0.20628379051364745}
2024-05-21 15:42:25 - INFO     - 0.9074074074074074, 0.8851851851851852, 0.8740740740740741, 0.8592592592592593, 0.8481481481481481, 0.8925925925925926, 0.8740740740740741, 0.9, 0.9074074074074074, 0.9
2024-05-21 15:42:25 - WARNING  - Epoch: 943, Sum of Accs: 8.848, Sum of s_i: 12.371312989035088
2024-05-21 15:42:29 - INFO     - {6: 1.4974710246978904, 9: 1.0475693939719728, 0: 0.0006836612343466197, 2: 2.186006716823675, 4: 0.38910825550708217, 3: 2.5999529198026345, 5: 1.7599502279783303, 1: 1.5573300764888403, 8: 1.1291409423517014, 7: 0.20516642077478364}
2024-05-21 15:42:29 - INFO     - 0.9074074074074074, 0.8851851851851852, 0.8740740740740741, 0.8592592592592593, 0.8481481481481481, 0.8925925925925926, 0.8740740740740741, 0.9, 0.9037037037037037, 0.9
2024-05-21 15:42:29 - WARNING  - Epoch: 944, Sum of Accs: 8.844, Sum of s_i: 12.372379639631259
2024-05-21 15:42:33 - INFO     - {6: 1.497717983822124, 9: 1.047340882331559, 0: 0.0006836612343466197, 2: 2.1869820950810337, 4: 0.3881832287548974, 3: 2.6013664946154127, 5: 1.7604758772740923, 1: 1.5576414491192572, 8: 1.1289989794756448, 7: 0.20404744025215674}
2024-05-21 15:42:33 - INFO     - 0.9074074074074074, 0.8851851851851852, 0.8740740740740741, 0.8592592592592593, 0.8481481481481481, 0.8925925925925926, 0.8740740740740741, 0.9, 0.9037037037037037, 0.9
2024-05-21 15:42:33 - WARNING  - Epoch: 945, Sum of Accs: 8.844, Sum of s_i: 12.373438091960526
2024-05-21 15:42:37 - INFO     - {6: 1.497963312226137, 9: 1.0471103620498847, 0: 0.0006836612343466197, 2: 2.1879558482304495, 4: 0.38725619336145195, 3: 2.6027785219023456, 5: 1.7609999014619115, 1: 1.5579508415326688, 8: 1.1288553914916453, 7: 0.20292645108826915}
2024-05-21 15:42:37 - INFO     - 0.9074074074074074, 0.8851851851851852, 0.8740740740740741, 0.8592592592592593, 0.8481481481481481, 0.8925925925925926, 0.8740740740740741, 0.9, 0.9037037037037037, 0.9
2024-05-21 15:42:37 - WARNING  - Epoch: 946, Sum of Accs: 8.844, Sum of s_i: 12.374480484579111
2024-05-21 15:42:41 - INFO     - {6: 1.4982070349797356, 9: 1.0468782386670925, 0: 0.0006836612343466197, 2: 2.1889280006761536, 4: 0.38632793023863216, 3: 2.604188880887882, 5: 1.7615223249460188, 1: 1.5582586308449624, 8: 1.1287101352062492, 7: 0.20180423419500726}
2024-05-21 15:42:41 - INFO     - 0.9074074074074074, 0.8851851851851852, 0.8740740740740741, 0.8592592592592593, 0.8481481481481481, 0.8888888888888888, 0.8740740740740741, 0.9, 0.9037037037037037, 0.9
2024-05-21 15:42:41 - WARNING  - Epoch: 947, Sum of Accs: 8.841, Sum of s_i: 12.375509071876083
2024-05-21 15:42:45 - INFO     - {6: 1.4984491736661207, 9: 1.0466445337311303, 0: 0.0006836612343466197, 2: 2.189898573932899, 4: 0.38539771019089875, 3: 2.6055976661430673, 5: 1.7620431692411673, 1: 1.558565198474766, 8: 1.1285598624764106, 7: 0.2006804332345319}
2024-05-21 15:42:45 - INFO     - 0.9074074074074074, 0.8851851851851852, 0.8740740740740741, 0.8592592592592593, 0.8481481481481481, 0.8888888888888888, 0.8740740740740741, 0.9, 0.9037037037037037, 0.9
2024-05-21 15:42:45 - WARNING  - Epoch: 948, Sum of Accs: 8.841, Sum of s_i: 12.376519982325338
2024-05-21 15:42:49 - INFO     - {6: 1.4986897558162262, 9: 1.046409274728285, 0: 0.0006836612343466197, 2: 2.1908675954449457, 4: 0.38446630646458607, 3: 2.6070049038770806, 5: 1.7625624617916174, 1: 1.5588702143598707, 8: 1.1284115428550419, 7: 0.1995550675423376}
2024-05-21 15:42:49 - INFO     - 0.9074074074074074, 0.8851851851851852, 0.8740740740740741, 0.8592592592592593, 0.8481481481481481, 0.8888888888888888, 0.8740740740740741, 0.9, 0.9037037037037037, 0.9
2024-05-21 15:42:49 - WARNING  - Epoch: 949, Sum of Accs: 8.841, Sum of s_i: 12.37752078411434
2024-05-21 15:42:53 - INFO     - {6: 1.4989287972952703, 9: 1.0461728454426817, 0: 0.0006836612343466197, 2: 2.191835080460455, 4: 0.38353336206721184, 3: 2.608410663030107, 5: 1.7630802178455298, 1: 1.5591736937484382, 8: 1.1282616867371358, 7: 0.19842816535360583}
2024-05-21 15:42:53 - INFO     - 0.9074074074074074, 0.8851851851851852, 0.8740740740740741, 0.8592592592592593, 0.8481481481481481, 0.8888888888888888, 0.8740740740740741, 0.9, 0.9037037037037037, 0.9
2024-05-21 15:42:53 - WARNING  - Epoch: 950, Sum of Accs: 8.841, Sum of s_i: 12.378508173214781
2024-05-21 15:42:57 - INFO     - {6: 1.4991663190442026, 9: 1.0459348964269668, 0: 0.0006836612343466197, 2: 2.192801049766768, 4: 0.38259889793972585, 3: 2.6098148586454006, 5: 1.7635964581902461, 1: 1.5594756574278092, 8: 1.1281103149100333, 7: 0.19729974745567772}
2024-05-21 15:42:57 - INFO     - 0.9074074074074074, 0.8851851851851852, 0.8740740740740741, 0.8592592592592593, 0.8481481481481481, 0.8888888888888888, 0.8740740740740741, 0.9, 0.9037037037037037, 0.9
2024-05-21 15:42:57 - WARNING  - Epoch: 951, Sum of Accs: 8.841, Sum of s_i: 12.379481861041176
2024-05-21 15:43:01 - INFO     - {6: 1.4994023424360845, 9: 1.0456950858927907, 0: 0.0006836612343466197, 2: 2.1937655265433165, 4: 0.38166293545518937, 3: 2.611217565684551, 5: 1.7641112060051982, 1: 1.5597760847025006, 8: 1.1279574066782512, 7: 0.1961698312006991}
2024-05-21 15:43:01 - INFO     - 0.9074074074074074, 0.8851851851851852, 0.8740740740740741, 0.8592592592592593, 0.8481481481481481, 0.8888888888888888, 0.8740740740740741, 0.9, 0.9037037037037037, 0.9
2024-05-21 15:43:01 - WARNING  - Epoch: 952, Sum of Accs: 8.841, Sum of s_i: 12.380441645832928
2024-05-21 15:43:05 - INFO     - {6: 1.4996368891423526, 9: 1.0454541618344118, 0: 0.0006836612343466197, 2: 2.1947285306179913, 4: 0.3807254962850392, 3: 2.612618804567335, 5: 1.7646244417888683, 1: 1.560075083150234, 8: 1.1278030302901025, 7: 0.1950384382601068}
2024-05-21 15:43:05 - INFO     - 0.9074074074074074, 0.8851851851851852, 0.8740740740740741, 0.8592592592592593, 0.8481481481481481, 0.8888888888888888, 0.8740740740740741, 0.9, 0.9037037037037037, 0.9
2024-05-21 15:43:05 - WARNING  - Epoch: 953, Sum of Accs: 8.841, Sum of s_i: 12.38138853717079
2024-05-21 15:43:09 - INFO     - {6: 1.499869979269561, 9: 1.0452114226813147, 0: 0.0006836612343466197, 2: 2.195690083144085, 4: 0.37978624202017097, 3: 2.614018596933251, 5: 1.7651362653533655, 1: 1.5603726300493859, 8: 1.127647207385086, 7: 0.19390523022479642}
2024-05-21 15:43:09 - INFO     - 0.9074074074074074, 0.8851851851851852, 0.8740740740740741, 0.8592592592592593, 0.8481481481481481, 0.8888888888888888, 0.8740740740740741, 0.9, 0.9037037037037037, 0.9
2024-05-21 15:43:09 - WARNING  - Epoch: 954, Sum of Accs: 8.841, Sum of s_i: 12.382321318295364
2024-05-21 15:43:13 - INFO     - {6: 1.5001016347844722, 9: 1.044967607431579, 0: 0.0006836612343466197, 2: 2.196650204916314, 4: 0.3788459116586641, 3: 2.6154169624066537, 5: 1.7656466581639982, 1: 1.5606687461946736, 8: 1.1274899880239002, 7: 0.1927709460928474}
2024-05-21 15:43:13 - INFO     - 0.9074074074074074, 0.8851851851851852, 0.8740740740740741, 0.8592592592592593, 0.8481481481481481, 0.8888888888888888, 0.8740740740740741, 0.9, 0.9037037037037037, 0.9
2024-05-21 15:43:13 - WARNING  - Epoch: 955, Sum of Accs: 8.841, Sum of s_i: 12.38324232090745
2024-05-21 15:43:17 - INFO     - {6: 1.5003318740568323, 9: 1.0447220219356508, 0: 0.0006836612343466197, 2: 2.197608915342152, 4: 0.37790416505460583, 3: 2.616813946970009, 5: 1.7661556396282396, 1: 1.5609634509935697, 8: 1.1273313573163228, 7: 0.1916348917147059}
2024-05-21 15:43:17 - INFO     - 0.9074074074074074, 0.8851851851851852, 0.8740740740740741, 0.8592592592592593, 0.8481481481481481, 0.8888888888888888, 0.8740740740740741, 0.9, 0.9037037037037037, 0.9
2024-05-21 15:43:17 - WARNING  - Epoch: 956, Sum of Accs: 8.841, Sum of s_i: 12.384149924246433
2024-05-21 15:43:21 - INFO     - {6: 1.5005607179382354, 9: 1.0444750432560814, 0: 0.0006836612343466197, 2: 2.1985658549846105, 4: 0.37696102305959056, 3: 2.6182095192138606, 5: 1.7666628503091013, 1: 1.5612563850090861, 8: 1.1271709558253658, 7: 0.19049744415292322}
2024-05-21 15:43:21 - INFO     - 0.9074074074074074, 0.8851851851851852, 0.8740740740740741, 0.8592592592592593, 0.8481481481481481, 0.8888888888888888, 0.8740740740740741, 0.9, 0.9037037037037037, 0.9
2024-05-21 15:43:21 - WARNING  - Epoch: 957, Sum of Accs: 8.841, Sum of s_i: 12.385043454983201
2024-05-21 15:43:25 - INFO     - {6: 1.5007881883042806, 9: 1.0442270428574794, 0: 0.0006836612343466197, 2: 2.1995218044636715, 4: 0.37601650754921745, 3: 2.61960372525587, 5: 1.7671690708265655, 1: 1.561548328861205, 8: 1.1270095641710112, 7: 0.18935900642774303}
2024-05-21 15:43:25 - INFO     - 0.9074074074074074, 0.8851851851851852, 0.8740740740740741, 0.8592592592592593, 0.8481481481481481, 0.8888888888888888, 0.8740740740740741, 0.9, 0.9037037037037037, 0.9
2024-05-21 15:43:25 - WARNING  - Epoch: 958, Sum of Accs: 8.841, Sum of s_i: 12.385926899951391
2024-05-21 15:43:29 - INFO     - {6: 1.5010143008923775, 9: 1.0439773372029373, 0: 0.0006836612343466197, 2: 2.200476400866616, 4: 0.3750706705183631, 3: 2.6209965823350423, 5: 1.7676739382679134, 1: 1.5618389196372078, 8: 1.1268468194405403, 7: 0.18821921562644656}
2024-05-21 15:43:29 - INFO     - 0.9074074074074074, 0.8851851851851852, 0.8740740740740741, 0.8592592592592593, 0.8481481481481481, 0.8925925925925926, 0.8740740740740741, 0.9, 0.9037037037037037, 0.9
2024-05-21 15:43:29 - WARNING  - Epoch: 959, Sum of Accs: 8.844, Sum of s_i: 12.386797846021791
2024-05-21 15:43:33 - INFO     - {6: 1.5012390751397442, 9: 1.0437262953225983, 0: 0.0006836612343466197, 2: 2.201429663032262, 4: 0.3741231135262531, 3: 2.622388109872041, 5: 1.768177471471963, 1: 1.562128176175912, 8: 1.126682740472771, 7: 0.18707770486389444}
2024-05-21 15:43:33 - INFO     - 0.9074074074074074, 0.8851851851851852, 0.8740740740740741, 0.8629629629629629, 0.8481481481481481, 0.8925925925925926, 0.8740740740740741, 0.9, 0.9037037037037037, 0.9
2024-05-21 15:43:33 - WARNING  - Epoch: 960, Sum of Accs: 8.848, Sum of s_i: 12.387656011111787
2024-05-21 15:43:38 - INFO     - {6: 1.5014625309071747, 9: 1.0434739370451895, 0: 0.0006836612343466197, 2: 2.202381610759157, 4: 0.37317458341726534, 3: 2.6237783264860535, 5: 1.7686793025549852, 1: 1.562415730593589, 8: 1.1265169593839746, 7: 0.18593522098446455}
2024-05-21 15:43:38 - INFO     - 0.9074074074074074, 0.8851851851851852, 0.8740740740740741, 0.8666666666666667, 0.8481481481481481, 0.8925925925925926, 0.8740740740740741, 0.9, 0.9074074074074074, 0.9
2024-05-21 15:43:38 - WARNING  - Epoch: 961, Sum of Accs: 8.856, Sum of s_i: 12.388501863366201
2024-05-21 15:43:42 - INFO     - {6: 1.5016846873265395, 9: 1.0432206226999072, 0: 0.0006836612343466197, 2: 2.203332262595083, 4: 0.3722247539602118, 3: 2.625167251196303, 5: 1.769180177570134, 1: 1.5627023289433926, 8: 1.1263502222273045, 7: 0.1847914377569689}
2024-05-21 15:43:42 - INFO     - 0.9074074074074074, 0.8851851851851852, 0.8740740740740741, 0.8666666666666667, 0.8481481481481481, 0.8925925925925926, 0.8740740740740741, 0.9, 0.9074074074074074, 0.9
2024-05-21 15:43:42 - WARNING  - Epoch: 962, Sum of Accs: 8.856, Sum of s_i: 12.389337405510192
2024-05-21 15:43:46 - INFO     - {6: 1.5019055604446427, 9: 1.0429656858511445, 0: 0.0006836612343466197, 2: 2.2042816355846666, 4: 0.371273301999678, 3: 2.626554901516239, 5: 1.7696798247909558, 1: 1.5629876994988694, 8: 1.1261822540834727, 7: 0.183646032025993}
2024-05-21 15:43:46 - INFO     - 0.9074074074074074, 0.8851851851851852, 0.8703703703703703, 0.8666666666666667, 0.8481481481481481, 0.8925925925925926, 0.8740740740740741, 0.9, 0.9074074074074074, 0.9
2024-05-21 15:43:46 - WARNING  - Epoch: 963, Sum of Accs: 8.852, Sum of s_i: 12.39016055703001
2024-05-21 15:43:50 - INFO     - {6: 1.5021251694952242, 9: 1.0427094869298614, 0: 0.0006836612343466197, 2: 2.205229748377356, 4: 0.37032058796662387, 3: 2.6279412955118016, 5: 1.7701778152301038, 1: 1.563271806664617, 8: 1.1260130257427468, 7: 0.18249936422249674}
2024-05-21 15:43:50 - INFO     - 0.9074074074074074, 0.8851851851851852, 0.8703703703703703, 0.8666666666666667, 0.8481481481481481, 0.8925925925925926, 0.8740740740740741, 0.9, 0.9074074074074074, 0.9
2024-05-21 15:43:50 - WARNING  - Epoch: 964, Sum of Accs: 8.852, Sum of s_i: 12.390971961375179
2024-05-21 15:43:54 - INFO     - {6: 1.502343532715001, 9: 1.0424523793849911, 0: 0.0006836612343466197, 2: 2.206176618638126, 4: 0.3693670247935951, 3: 2.6293264501856672, 5: 1.7706749565292772, 1: 1.5635546712984452, 8: 1.1258425548701014, 7: 0.18135184727902587}
2024-05-21 15:43:54 - INFO     - 0.9074074074074074, 0.8851851851851852, 0.8703703703703703, 0.8666666666666667, 0.8444444444444444, 0.8925925925925926, 0.8740740740740741, 0.9, 0.9037037037037037, 0.9
2024-05-21 15:43:54 - WARNING  - Epoch: 965, Sum of Accs: 8.844, Sum of s_i: 12.391773696928574
2024-05-21 15:43:58 - INFO     - {6: 1.5025606651417374, 9: 1.0421937077467656, 0: 0.0006836612343466197, 2: 2.20712226238692, 4: 0.3684118380435984, 3: 2.6307103680719783, 5: 1.7711708713164747, 1: 1.5638363094202974, 8: 1.1256708574854801, 7: 0.18020310382357901}
2024-05-21 15:43:58 - INFO     - 0.9074074074074074, 0.8851851851851852, 0.8703703703703703, 0.8666666666666667, 0.8444444444444444, 0.8925925925925926, 0.8740740740740741, 0.9, 0.9037037037037037, 0.9
2024-05-21 15:43:58 - WARNING  - Epoch: 966, Sum of Accs: 8.844, Sum of s_i: 12.392563644671178
2024-05-21 15:44:02 - INFO     - {6: 1.5027765850585253, 9: 1.0419341568989062, 0: 0.0006836612343466197, 2: 2.2080666968264233, 4: 0.367455772083968, 3: 2.632093009683664, 5: 1.771665576794381, 1: 1.564116671267524, 8: 1.1254979507915677, 7: 0.1790530840935065}
2024-05-21 15:44:02 - INFO     - 0.9074074074074074, 0.8851851851851852, 0.8703703703703703, 0.8666666666666667, 0.8444444444444444, 0.8925925925925926, 0.8740740740740741, 0.9, 0.9037037037037037, 0.9
2024-05-21 15:44:02 - WARNING  - Epoch: 967, Sum of Accs: 8.844, Sum of s_i: 12.393343164732812
2024-05-21 15:44:06 - INFO     - {6: 1.50299130865289, 9: 1.041673409728624, 0: 0.0006836612343466197, 2: 2.2090099386051203, 4: 0.3664985098019146, 3: 2.633474547115615, 5: 1.7721590896114812, 1: 1.564395907419279, 8: 1.125323851436849, 7: 0.17790186804101102}
2024-05-21 15:44:06 - INFO     - 0.9074074074074074, 0.8851851851851852, 0.8703703703703703, 0.8666666666666667, 0.8444444444444444, 0.8925925925925926, 0.8740740740740741, 0.9, 0.9037037037037037, 0.9
2024-05-21 15:44:06 - WARNING  - Epoch: 968, Sum of Accs: 8.844, Sum of s_i: 12.394112091647132
2024-05-21 15:44:10 - INFO     - {6: 1.503204852358954, 9: 1.041411482670041, 0: 0.0006836612343466197, 2: 2.209952004105749, 4: 0.36554006763156033, 3: 2.634854911881525, 5: 1.7726514261505133, 1: 1.5646739672929662, 8: 1.1251485758040627, 7: 0.1767495463373989}
2024-05-21 15:44:10 - INFO     - 0.9074074074074074, 0.8851851851851852, 0.8703703703703703, 0.8666666666666667, 0.8444444444444444, 0.8925925925925926, 0.8740740740740741, 0.9, 0.9037037037037037, 0.9
2024-05-21 15:44:10 - WARNING  - Epoch: 969, Sum of Accs: 8.844, Sum of s_i: 12.394870495467119
2024-05-21 15:44:14 - INFO     - {6: 1.5034172324960713, 9: 1.041148392042511, 0: 0.0006836612343466197, 2: 2.210892909596676, 4: 0.36458046189225934, 3: 2.63623409150997, 5: 1.7731425248834145, 1: 1.5649507893605221, 8: 1.1249720623651451, 7: 0.17559598682765581}
2024-05-21 15:44:14 - INFO     - 0.9074074074074074, 0.8851851851851852, 0.8703703703703703, 0.8666666666666667, 0.8444444444444444, 0.8925925925925926, 0.8740740740740741, 0.9, 0.9037037037037037, 0.9
2024-05-21 15:44:14 - WARNING  - Epoch: 970, Sum of Accs: 8.844, Sum of s_i: 12.395618112208572
2024-05-21 15:44:18 - INFO     - {6: 1.503628465781373, 9: 1.0408841545631655, 0: 0.0006836612343466197, 2: 2.2118326717428727, 4: 0.36361970930114274, 3: 2.637612159991309, 5: 1.7736325580680146, 1: 1.5652264645762626, 8: 1.1247944833779264, 7: 0.1744412804660971}
2024-05-21 15:44:18 - INFO     - 0.9074074074074074, 0.8851851851851852, 0.8703703703703703, 0.8666666666666667, 0.8444444444444444, 0.8925925925925926, 0.8740740740740741, 0.9, 0.9037037037037037, 0.9
2024-05-21 15:44:18 - WARNING  - Epoch: 971, Sum of Accs: 8.844, Sum of s_i: 12.396355609102509
2024-05-21 15:44:22 - INFO     - {6: 1.503838567901451, 9: 1.0406184636956641, 0: 0.0006836612343466197, 2: 2.2127713066761574, 4: 0.36265750332187024, 3: 2.6389891052130316, 5: 1.7741215001906236, 1: 1.5655006864038472, 8: 1.1246153696990375, 7: 0.1732851207163825}
2024-05-21 15:44:22 - INFO     - 0.9074074074074074, 0.8851851851851852, 0.8740740740740741, 0.8666666666666667, 0.8444444444444444, 0.8925925925925926, 0.8740740740740741, 0.9, 0.9037037037037037, 0.9
2024-05-21 15:44:22 - WARNING  - Epoch: 972, Sum of Accs: 8.848, Sum of s_i: 12.397081285052414
2024-05-21 15:44:26 - INFO     - {6: 1.5040475571447867, 9: 1.0403516617031745, 0: 0.0006836612343466197, 2: 2.2137088321311893, 4: 0.36169459534310316, 3: 2.64036494372932, 5: 1.7746092966840588, 1: 1.5657713878063027, 8: 1.1244323206378488, 7: 0.17212817031285776}
2024-05-21 15:44:26 - INFO     - 0.9074074074074074, 0.8851851851851852, 0.8740740740740741, 0.8666666666666667, 0.8444444444444444, 0.8925925925925926, 0.8740740740740741, 0.9, 0.9037037037037037, 0.9
2024-05-21 15:44:26 - WARNING  - Epoch: 973, Sum of Accs: 8.848, Sum of s_i: 12.397792426726989
2024-05-21 15:44:30 - INFO     - {6: 1.5042554559524142, 9: 1.0400837709909394, 0: 0.0006836612343466197, 2: 2.2146452704795454, 4: 0.3607305082743125, 3: 2.64173924547663, 5: 1.775096006070818, 1: 1.566043820527717, 8: 1.1242510071142262, 7: 0.170970129473625}
2024-05-21 15:44:30 - INFO     - 0.9074074074074074, 0.8851851851851852, 0.8740740740740741, 0.8666666666666667, 0.8444444444444444, 0.8888888888888888, 0.8740740740740741, 0.9, 0.9037037037037037, 0.9
2024-05-21 15:44:30 - WARNING  - Epoch: 974, Sum of Accs: 8.844, Sum of s_i: 12.398498875594576
2024-05-21 15:44:34 - INFO     - {6: 1.5044622716687148, 9: 1.0398147988913247, 0: 0.0006836612343466197, 2: 2.215580629042277, 4: 0.35976502106292674, 3: 2.6431128781768787, 5: 1.7755812233316346, 1: 1.5663147611231882, 8: 1.124068612203224, 7: 0.1698106884917971}
2024-05-21 15:44:34 - INFO     - 0.9074074074074074, 0.8851851851851852, 0.8740740740740741, 0.8666666666666667, 0.8444444444444444, 0.8888888888888888, 0.8740740740740741, 0.9, 0.9037037037037037, 0.9037037037037037
2024-05-21 15:44:34 - WARNING  - Epoch: 975, Sum of Accs: 8.848, Sum of s_i: 12.399194545226313
2024-05-21 15:44:38 - INFO     - {6: 1.5046680209645913, 9: 1.039545077422554, 0: 0.0006836612343466197, 2: 2.2165149239550983, 4: 0.358798784482385, 3: 2.644485496189367, 5: 1.7760657892828593, 1: 1.566585050409068, 8: 1.1238855659826301, 7: 0.16865059620037753}
2024-05-21 15:44:38 - INFO     - 0.9074074074074074, 0.8851851851851852, 0.8740740740740741, 0.8666666666666667, 0.8444444444444444, 0.8888888888888888, 0.8740740740740741, 0.9, 0.9037037037037037, 0.9037037037037037
2024-05-21 15:44:38 - WARNING  - Epoch: 976, Sum of Accs: 8.848, Sum of s_i: 12.399882966123277
2024-05-21 15:44:42 - INFO     - {6: 1.504872715093278, 9: 1.0392739870717398, 0: 0.0006836612343466197, 2: 2.217447751926312, 4: 0.3578311790197996, 3: 2.6458570670766868, 5: 1.776548888292476, 1: 1.5668538727533396, 8: 1.123701052820428, 7: 0.16748903696734999}
2024-05-21 15:44:42 - INFO     - 0.9074074074074074, 0.8851851851851852, 0.8740740740740741, 0.8666666666666667, 0.8444444444444444, 0.8888888888888888, 0.8740740740740741, 0.9, 0.9037037037037037, 0.9037037037037037
2024-05-21 15:44:42 - WARNING  - Epoch: 977, Sum of Accs: 8.848, Sum of s_i: 12.400559212255757
2024-05-21 15:44:46 - INFO     - {6: 1.505076372852347, 9: 1.0390018619804695, 0: 0.0006836612343466197, 2: 2.218379962165047, 4: 0.35686295582473565, 3: 2.647227551452939, 5: 1.7770293248187115, 1: 1.5671200326142298, 8: 1.1235159219257476, 7: 0.16632644299386637}
2024-05-21 15:44:46 - INFO     - 0.9074074074074074, 0.8851851851851852, 0.8740740740740741, 0.8666666666666667, 0.8444444444444444, 0.8888888888888888, 0.8740740740740741, 0.9, 0.9037037037037037, 0.9037037037037037
2024-05-21 15:44:46 - WARNING  - Epoch: 978, Sum of Accs: 8.848, Sum of s_i: 12.40122408786244
2024-05-21 15:44:50 - INFO     - {6: 1.5052790117997368, 9: 1.038728719678673, 0: 0.0006836612343466197, 2: 2.2193111566983097, 4: 0.35589360889570704, 3: 2.6485970201237192, 5: 1.7775107903903777, 1: 1.567387221520551, 8: 1.1233297753255953, 7: 0.16516314229439563}
2024-05-21 15:44:50 - INFO     - 0.9074074074074074, 0.8851851851851852, 0.8740740740740741, 0.8629629629629629, 0.8444444444444444, 0.8888888888888888, 0.8740740740740741, 0.9, 0.9037037037037037, 0.9037037037037037
2024-05-21 15:44:50 - WARNING  - Epoch: 979, Sum of Accs: 8.844, Sum of s_i: 12.401884107961415
2024-05-21 15:44:54 - INFO     - {6: 1.5054806395053604, 9: 1.038454567723968, 0: 0.0006836612343466197, 2: 2.2202413430721433, 4: 0.3549229418292309, 3: 2.6499654806350703, 5: 1.7779912478026147, 1: 1.5676534022674429, 8: 1.1231426205660135, 7: 0.16399852145747737}
2024-05-21 15:44:54 - INFO     - 0.9074074074074074, 0.8851851851851852, 0.8740740740740741, 0.8629629629629629, 0.8444444444444444, 0.8888888888888888, 0.8703703703703703, 0.9, 0.9037037037037037, 0.9037037037037037
2024-05-21 15:44:54 - WARNING  - Epoch: 980, Sum of Accs: 8.841, Sum of s_i: 12.402534426093668
2024-05-21 15:44:58 - INFO     - {6: 1.5056812709602887, 9: 1.0381794210834825, 0: 0.0006836612343466197, 2: 2.2211705362311536, 4: 0.3539515874077409, 3: 2.6513329479315977, 5: 1.7784707120000283, 1: 1.5679185897995114, 8: 1.1229540511141405, 7: 0.16283321326554526}
2024-05-21 15:44:58 - INFO     - 0.9074074074074074, 0.8851851851851852, 0.8740740740740741, 0.8629629629629629, 0.8444444444444444, 0.8888888888888888, 0.8703703703703703, 0.9, 0.9037037037037037, 0.9037037037037037
2024-05-21 15:44:58 - WARNING  - Epoch: 981, Sum of Accs: 8.841, Sum of s_i: 12.403175991027833
2024-05-21 15:45:02 - INFO     - {6: 1.5058809196967704, 9: 1.037903599055317, 0: 0.0006836612343466197, 2: 2.222098749197234, 4: 0.3529792502678043, 3: 2.6526995026195817, 5: 1.7789491960045123, 1: 1.5681827971386502, 8: 1.1227649229468057, 7: 0.16166703902738488}
2024-05-21 15:45:02 - INFO     - 0.9074074074074074, 0.8851851851851852, 0.8740740740740741, 0.8629629629629629, 0.8444444444444444, 0.8888888888888888, 0.8703703703703703, 0.9, 0.9037037037037037, 0.9037037037037037
2024-05-21 15:45:02 - WARNING  - Epoch: 982, Sum of Accs: 8.841, Sum of s_i: 12.403809637188408
2024-05-21 15:45:06 - INFO     - {6: 1.5060795979641435, 9: 1.037626502294232, 0: 0.0006836612343466197, 2: 2.2230259951184115, 4: 0.3520056383949482, 3: 2.654065093687702, 5: 1.779426712964093, 1: 1.5684456130726512, 8: 1.122574827734568, 7: 0.16049947338408665}
2024-05-21 15:45:06 - INFO     - 0.9074074074074074, 0.8851851851851852, 0.8740740740740741, 0.8629629629629629, 0.8444444444444444, 0.8888888888888888, 0.8703703703703703, 0.9, 0.9037037037037037, 0.9037037037037037
2024-05-21 15:45:06 - WARNING  - Epoch: 983, Sum of Accs: 8.841, Sum of s_i: 12.404433115849182
2024-05-21 15:45:10 - INFO     - {6: 1.5062773214507037, 9: 1.0373484522510208, 0: 0.0006836612343466197, 2: 2.2239522891661214, 4: 0.3510310732399659, 3: 2.655429735791223, 5: 1.7799033519684997, 1: 1.5687079754117128, 8: 1.122383854567156, 7: 0.15933095445866222}
2024-05-21 15:45:10 - INFO     - 0.9074074074074074, 0.8851851851851852, 0.8740740740740741, 0.8629629629629629, 0.8444444444444444, 0.8888888888888888, 0.8703703703703703, 0.9, 0.9037037037037037, 0.9037037037037037
2024-05-21 15:45:10 - WARNING  - Epoch: 984, Sum of Accs: 8.841, Sum of s_i: 12.405048669539411
2024-05-21 15:45:14 - INFO     - {6: 1.5064741024055495, 9: 1.0370694611552076, 0: 0.0006836612343466197, 2: 2.224877643551474, 4: 0.35005586831839347, 3: 2.6567933643140926, 5: 1.7803789773922558, 1: 1.5689688970109856, 8: 1.1221914406599554, 7: 0.15816179576664766}
2024-05-21 15:45:14 - INFO     - 0.9074074074074074, 0.8851851851851852, 0.8740740740740741, 0.8629629629629629, 0.8444444444444444, 0.8888888888888888, 0.8740740740740741, 0.9, 0.9037037037037037, 0.9037037037037037
2024-05-21 15:45:14 - WARNING  - Epoch: 985, Sum of Accs: 8.844, Sum of s_i: 12.40565521180891
2024-05-21 15:45:18 - INFO     - {6: 1.5066699547366962, 9: 1.0367895428926441, 0: 0.0006836612343466197, 2: 2.225802072139475, 4: 0.3490797347731219, 3: 2.6581560670396107, 5: 1.7808535483191865, 1: 1.5692293199720446, 8: 1.1219985281145408, 7: 0.15699170845093394}
2024-05-21 15:45:18 - INFO     - 0.9074074074074074, 0.8851851851851852, 0.8740740740740741, 0.8629629629629629, 0.8444444444444444, 0.8888888888888888, 0.8740740740740741, 0.9, 0.9037037037037037, 0.9037037037037037
2024-05-21 15:45:18 - WARNING  - Epoch: 986, Sum of Accs: 8.844, Sum of s_i: 12.4062541376726
2024-05-21 15:45:22 - INFO     - {6: 1.5068648902118713, 9: 1.036509007603172, 0: 0.0006836612343466197, 2: 2.2267255862046156, 4: 0.3481026843718787, 3: 2.6595178552422687, 5: 1.7813272023901456, 1: 1.5694886973776585, 8: 1.1218045700136812, 7: 0.15582070427924863}
2024-05-21 15:45:22 - INFO     - 0.9074074074074074, 0.8851851851851852, 0.8740740740740741, 0.8666666666666667, 0.8444444444444444, 0.8888888888888888, 0.8740740740740741, 0.9, 0.9037037037037037, 0.9037037037037037
2024-05-21 15:45:22 - WARNING  - Epoch: 987, Sum of Accs: 8.848, Sum of s_i: 12.406844858928888
2024-05-21 15:45:26 - INFO     - {6: 1.5070589214950159, 9: 1.0362275681216695, 0: 0.0006836612343466197, 2: 2.227648198830658, 4: 0.34712472977860503, 3: 2.6608787420058286, 5: 1.7817999522690742, 1: 1.5697471705912418, 8: 1.121609707720791, 7: 0.15464879591553285}
2024-05-21 15:45:26 - INFO     - 0.9074074074074074, 0.8851851851851852, 0.8740740740740741, 0.8666666666666667, 0.8444444444444444, 0.8888888888888888, 0.8740740740740741, 0.9, 0.9037037037037037, 0.9037037037037037
2024-05-21 15:45:26 - WARNING  - Epoch: 988, Sum of Accs: 8.848, Sum of s_i: 12.407427447962764
2024-05-21 15:45:30 - INFO     - {6: 1.5072520611349713, 9: 1.035945236996978, 0: 0.0006836612343466197, 2: 2.2285699225276194, 4: 0.34614602004176764, 3: 2.662238739840307, 5: 1.782271947004439, 1: 1.5700048886612614, 8: 1.121414090284337, 7: 0.15347599590862793}
2024-05-21 15:45:30 - INFO     - 0.9074074074074074, 0.8851851851851852, 0.8740740740740741, 0.8666666666666667, 0.8444444444444444, 0.8888888888888888, 0.8740740740740741, 0.9, 0.9037037037037037, 0.9037037037037037
2024-05-21 15:45:30 - WARNING  - Epoch: 989, Sum of Accs: 8.848, Sum of s_i: 12.408002563634657
2024-05-21 15:45:34 - INFO     - {6: 1.5074443206681487, 9: 1.0356617315701504, 0: 0.0006836612343466197, 2: 2.229490769246387, 4: 0.3451659995031689, 3: 2.663597951248115, 5: 1.7827426309380425, 1: 1.5702612959295197, 8: 1.1212176864212127, 7: 0.15230202159958703}
2024-05-21 15:45:34 - INFO     - 0.9074074074074074, 0.8851851851851852, 0.8740740740740741, 0.8666666666666667, 0.8444444444444444, 0.8888888888888888, 0.8740740740740741, 0.9, 0.9037037037037037, 0.9037037037037037
2024-05-21 15:45:34 - WARNING  - Epoch: 990, Sum of Accs: 8.848, Sum of s_i: 12.408568068358678
2024-05-21 15:45:38 - INFO     - {6: 1.5076357148977608, 9: 1.035377362195852, 0: 0.0006836612343466197, 2: 2.2304107532922224, 4: 0.34418511501709936, 3: 2.6649563026150296, 5: 1.7832124509241751, 1: 1.5705168392503073, 8: 1.1210198942355267, 7: 0.15112718334307537}
2024-05-21 15:45:38 - INFO     - 0.9074074074074074, 0.8851851851851852, 0.8740740740740741, 0.8666666666666667, 0.8444444444444444, 0.8888888888888888, 0.8740740740740741, 0.9, 0.9037037037037037, 0.9037037037037037
2024-05-21 15:45:38 - WARNING  - Epoch: 991, Sum of Accs: 8.848, Sum of s_i: 12.409125277005396
2024-05-21 15:45:42 - INFO     - {6: 1.5078262566105662, 9: 1.0350921416405174, 0: 0.0006836612343466197, 2: 2.2313298874124476, 4: 0.34320381570352565, 3: 2.66631380598132, 5: 1.7836818560828036, 1: 1.5707719677435905, 8: 1.1208216872223364, 7: 0.1499519302590595}
2024-05-21 15:45:42 - INFO     - 0.9074074074074074, 0.8851851851851852, 0.8740740740740741, 0.8629629629629629, 0.8444444444444444, 0.8888888888888888, 0.8740740740740741, 0.9, 0.9037037037037037, 0.9037037037037037
2024-05-21 15:45:42 - WARNING  - Epoch: 992, Sum of Accs: 8.844, Sum of s_i: 12.409677009890515
2024-05-21 15:45:46 - INFO     - {6: 1.508015954274877, 9: 1.0348060783589121, 0: 0.0006836612343466197, 2: 2.2322481800490834, 4: 0.3422215274914182, 3: 2.6676703727554734, 5: 1.7841504197578428, 1: 1.571025817157071, 8: 1.120622638725557, 7: 0.14877568827650994}
2024-05-21 15:45:46 - INFO     - 0.9074074074074074, 0.8851851851851852, 0.8740740740740741, 0.8629629629629629, 0.8444444444444444, 0.8888888888888888, 0.8740740740740741, 0.9, 0.9037037037037037, 0.9037037037037037
2024-05-21 15:45:46 - WARNING  - Epoch: 993, Sum of Accs: 8.844, Sum of s_i: 12.410220338081093
2024-05-21 15:45:50 - INFO     - {6: 1.5082048208363206, 9: 1.0345191852761133, 0: 0.0006836612343466197, 2: 2.2331656441078818, 4: 0.3412381192968482, 3: 2.6690262118206016, 5: 1.7846161820774447, 1: 1.571278836769358, 8: 1.1204227616509401, 7: 0.14759832631149786}
2024-05-21 15:45:50 - INFO     - 0.9074074074074074, 0.8851851851851852, 0.8740740740740741, 0.8629629629629629, 0.8444444444444444, 0.8888888888888888, 0.8740740740740741, 0.9, 0.9037037037037037, 0.9037037037037037
2024-05-21 15:45:50 - WARNING  - Epoch: 994, Sum of Accs: 8.844, Sum of s_i: 12.410753749381351
2024-05-21 15:45:54 - INFO     - {6: 1.508392871549231, 9: 1.0342314776223027, 0: 0.0006836612343466197, 2: 2.2340822947963144, 4: 0.3402541841333403, 3: 2.6703811366465513, 5: 1.7850831038042805, 1: 1.5715314818308488, 8: 1.120221631185742, 7: 0.1464201497754741}
2024-05-21 15:45:54 - INFO     - 0.9074074074074074, 0.8851851851851852, 0.8740740740740741, 0.8629629629629629, 0.8444444444444444, 0.8888888888888888, 0.8740740740740741, 0.9, 0.9037037037037037, 0.9037037037037037
2024-05-21 15:45:54 - WARNING  - Epoch: 995, Sum of Accs: 8.844, Sum of s_i: 12.411281992578434
2024-05-21 15:45:58 - INFO     - {6: 1.5085801144011153, 9: 1.0339429633722255, 0: 0.0006836612343466197, 2: 2.234997698868265, 4: 0.33926944110880636, 3: 2.6717353621047617, 5: 1.7855487789146343, 1: 1.5717834275246003, 8: 1.1200196941242773, 7: 0.14524145298049806}
2024-05-21 15:45:58 - INFO     - 0.9074074074074074, 0.8851851851851852, 0.8740740740740741, 0.8629629629629629, 0.8444444444444444, 0.8888888888888888, 0.8740740740740741, 0.9, 0.9037037037037037, 0.9037037037037037
2024-05-21 15:45:58 - WARNING  - Epoch: 996, Sum of Accs: 8.844, Sum of s_i: 12.411802594633532
2024-05-21 15:46:03 - INFO     - {6: 1.5087665611585777, 9: 1.0336539393650408, 0: 0.0006836612343466197, 2: 2.235912750035881, 4: 0.3382839019898506, 3: 2.6730887951961306, 5: 1.7860139442678806, 1: 1.5720343162125017, 8: 1.119817247305705, 7: 0.14406196009110017}
2024-05-21 15:46:03 - INFO     - 0.9074074074074074, 0.8851851851851852, 0.8740740740740741, 0.8629629629629629, 0.8444444444444444, 0.8888888888888888, 0.8740740740740741, 0.9, 0.9037037037037037, 0.9037037037037037
2024-05-21 15:46:03 - WARNING  - Epoch: 997, Sum of Accs: 8.844, Sum of s_i: 12.412317076857015
2024-05-21 15:46:07 - INFO     - {6: 1.5089522212586726, 9: 1.033363844840341, 0: 0.0006836612343466197, 2: 2.236827017370113, 4: 0.33729757621352713, 3: 2.6744413366678796, 5: 1.7864784826405158, 1: 1.5722845779197918, 8: 1.1196141735065217, 7: 0.1428813966841871}
2024-05-21 15:46:07 - INFO     - 0.9074074074074074, 0.8851851851851852, 0.8740740740740741, 0.8629629629629629, 0.8444444444444444, 0.8888888888888888, 0.8703703703703703, 0.9, 0.9037037037037037, 0.9037037037037037
2024-05-21 15:46:07 - WARNING  - Epoch: 998, Sum of Accs: 8.841, Sum of s_i: 12.412824288335898
2024-05-21 15:46:11 - INFO     - {6: 1.5091371058951673, 9: 1.0330729760653652, 0: 0.0006836612343466197, 2: 2.2377405115943385, 4: 0.3363106370039541, 3: 2.6757931050296224, 5: 1.786942247903145, 1: 1.5725340665170757, 8: 1.119410326597332, 7: 0.1417005037041719}
2024-05-21 15:46:11 - INFO     - 0.9074074074074074, 0.8851851851851852, 0.8740740740740741, 0.8629629629629629, 0.8444444444444444, 0.8888888888888888, 0.8703703703703703, 0.9, 0.9037037037037037, 0.9037037037037037
2024-05-21 15:46:11 - WARNING  - Epoch: 999, Sum of Accs: 8.841, Sum of s_i: 12.413325141544519
2024-05-21 15:46:15 - INFO     - {6: 1.5093212248636916, 9: 1.032781342820187, 0: 0.0006836612343466197, 2: 2.238653242474003, 4: 0.33532293444981964, 3: 2.677144224655713, 5: 1.787404804018398, 1: 1.572782906378707, 8: 1.11920583095249, 7: 0.14051884737959533}
2024-05-21 15:46:15 - INFO     - 0.9074074074074074, 0.8851851851851852, 0.8740740740740741, 0.8629629629629629, 0.8444444444444444, 0.8888888888888888, 0.8703703703703703, 0.9, 0.9037037037037037, 0.9037037037037037
2024-05-21 15:46:15 - WARNING  - Epoch: 1000, Sum of Accs: 8.841, Sum of s_i: 12.413819019226953
