2025-01-28 03:59:35 - WARNING  - Logging to: saved_models/model_CifarFed_Jan.28_03.59.35_cifar
2025-01-28 03:59:35 - ERROR    - LINK: <a href="https://github.com/ebagdasa/backdoors/tree/None">https://github.com/ebagdasa/backdoors/tree/None</a>
2025-01-28 03:59:38 - WARNING  - Running vanilla FL, no attack.
2025-01-28 03:59:38 - WARNING  - | name | value | 
 |-----|-----|
| task | CifarFed |
| synthesizer | Pattern |
| batch_size | 64 |
| test_batch_size | 100 |
| lr | 0.1 |
| momentum | 0.9 |
| decay | 0.0005 |
| epochs | 350 |
| save_on_epochs | [] |
| optimizer | SGD |
| log_interval | 100 |
| pretrained | False |
| scheduler | False |
| poisoning_proportion | 0.5 |
| backdoor_label | 8 |
| loss_balance | MGDA |
| mgda_normalize | none |
| save_model | True |
| log | True |
| tb | True |
| report_train_loss | False |
| transform_train | True |
| fl | True |
| fl_no_models | 10 |
| fl_local_epochs | 2 |
| fl_total_participants | 100 |
| fl_eta | 10 |
| fl_sample_dirichlet | False |
| fl_dirichlet_alpha | None |
| fl_diff_privacy | False |
| fl_dp_clip | None |
| fl_dp_noise | None |
| fl_number_of_adversaries | 0 |
| fl_weight_scale | 100 |
| loss_tasks | ['backdoor', 'normal'] |
| current_time | Jan.28_03.59.35 |
| name | cifar |
| method | br-shap |
| realacc | True |
2025-01-28 03:59:38 - INFO     - Successfully union all testing data!
2025-01-28 03:59:54 - WARNING  - Shapley share: {36: -0.19999999999999996, 41: -0.5, 64: -0.09999999999999994, 90: -0.65, 40: -0.19999999999999996, 19: -0.15000000000000008, 74: -0.24999999999999994, 0: -0.2, 31: 0.0, 18: -0.25}
2025-01-28 03:59:59 - WARNING  - Epoch:     1. Accuracy: Top-1: 13.95 | Loss: value: 2.30
2025-01-28 03:59:59 - WARNING  - Epoch 1
2025-01-28 03:59:59 - WARNING  - s_i: {0: 1.0, 1: 1.0, 2: 1.0, 3: 1.0, 4: 1.0, 5: 1.0, 6: 1.0, 7: 1.0, 8: 1.0, 9: 1.0, 10: 1.0, 11: 1.0, 12: 1.0, 13: 1.0, 14: 1.0, 15: 1.0, 16: 1.0, 17: 1.0, 18: 1.0, 19: 1.0, 20: 1.0, 21: 1.0, 22: 1.0, 23: 1.0, 24: 1.0, 25: 1.0, 26: 1.0, 27: 1.0, 28: 1.0, 29: 1.0, 30: 1.0, 31: 0.9950599359027509, 32: 1.0, 33: 1.0, 34: 1.0, 35: 1.0, 36: 1.0, 37: 1.0, 38: 1.0, 39: 1.0, 40: 1.0, 41: 1.0, 42: 1.0, 43: 1.0, 44: 1.0, 45: 1.0, 46: 1.0, 47: 1.0, 48: 1.0, 49: 1.0, 50: 1.0, 51: 1.0, 52: 1.0, 53: 1.0, 54: 1.0, 55: 1.0, 56: 1.0, 57: 1.0, 58: 1.0, 59: 1.0, 60: 1.0, 61: 1.0, 62: 1.0, 63: 1.0, 64: 1.0, 65: 1.0, 66: 1.0, 67: 1.0, 68: 1.0, 69: 1.0, 70: 1.0, 71: 1.0, 72: 1.0, 73: 1.0, 74: 1.0, 75: 1.0, 76: 1.0, 77: 1.0, 78: 1.0, 79: 1.0, 80: 1.0, 81: 1.0, 82: 1.0, 83: 1.0, 84: 1.0, 85: 1.0, 86: 1.0, 87: 1.0, 88: 1.0, 89: 1.0, 90: 1.0, 91: 1.0, 92: 1.0, 93: 1.0, 94: 1.0, 95: 1.0, 96: 1.0, 97: 1.0, 98: 1.0, 99: 1.0}
2025-01-28 03:59:59 - WARNING  - Sum of s_i: 99.99505993590274
2025-01-28 04:00:14 - WARNING  - Shapley share: {40: -0.6, 36: -0.5, 65: -0.5, 96: -0.5, 47: -0.5, 42: -0.5, 32: -0.35000000000000003, 54: -0.45000000000000007, 9: -0.5, 45: -0.5}
2025-01-28 04:00:19 - WARNING  - Epoch:     2. Accuracy: Top-1: 9.99 | Loss: value: 2.37
2025-01-28 04:00:19 - WARNING  - Epoch 2
2025-01-28 04:00:19 - WARNING  - s_i: {0: 1.0, 1: 1.0, 2: 1.0, 3: 1.0, 4: 1.0, 5: 1.0, 6: 1.0, 7: 1.0, 8: 1.0, 9: 1.0, 10: 1.0, 11: 1.0, 12: 1.0, 13: 1.0, 14: 1.0, 15: 1.0, 16: 1.0, 17: 1.0, 18: 1.0, 19: 1.0, 20: 1.0, 21: 1.0, 22: 1.0, 23: 1.0, 24: 1.0, 25: 1.0, 26: 1.0, 27: 1.0, 28: 1.0, 29: 1.0, 30: 1.0, 31: 0.9950599359027509, 32: 1.0, 33: 1.0, 34: 1.0, 35: 1.0, 36: 1.0, 37: 1.0, 38: 1.0, 39: 1.0, 40: 1.0, 41: 1.0, 42: 1.0, 43: 1.0, 44: 1.0, 45: 1.0, 46: 1.0, 47: 1.0, 48: 1.0, 49: 1.0, 50: 1.0, 51: 1.0, 52: 1.0, 53: 1.0, 54: 1.0, 55: 1.0, 56: 1.0, 57: 1.0, 58: 1.0, 59: 1.0, 60: 1.0, 61: 1.0, 62: 1.0, 63: 1.0, 64: 1.0, 65: 1.0, 66: 1.0, 67: 1.0, 68: 1.0, 69: 1.0, 70: 1.0, 71: 1.0, 72: 1.0, 73: 1.0, 74: 1.0, 75: 1.0, 76: 1.0, 77: 1.0, 78: 1.0, 79: 1.0, 80: 1.0, 81: 1.0, 82: 1.0, 83: 1.0, 84: 1.0, 85: 1.0, 86: 1.0, 87: 1.0, 88: 1.0, 89: 1.0, 90: 1.0, 91: 1.0, 92: 1.0, 93: 1.0, 94: 1.0, 95: 1.0, 96: 1.0, 97: 1.0, 98: 1.0, 99: 1.0}
2025-01-28 04:00:19 - WARNING  - Sum of s_i: 99.99505993590274
2025-01-28 04:00:34 - WARNING  - Shapley share: {91: -0.20000000000000004, 31: -0.2500000000000001, 96: -0.30000000000000004, 30: -0.35000000000000003, 1: -0.25, 39: -0.30000000000000004, 55: -0.20000000000000004, 82: -0.15, 22: -0.44999999999999996, 28: -0.25}
2025-01-28 04:00:38 - WARNING  - Epoch:     3. Accuracy: Top-1: 10.00 | Loss: value: 2.46
2025-01-28 04:00:38 - WARNING  - Epoch 3
2025-01-28 04:00:38 - WARNING  - s_i: {0: 1.0, 1: 1.0, 2: 1.0, 3: 1.0, 4: 1.0, 5: 1.0, 6: 1.0, 7: 1.0, 8: 1.0, 9: 1.0, 10: 1.0, 11: 1.0, 12: 1.0, 13: 1.0, 14: 1.0, 15: 1.0, 16: 1.0, 17: 1.0, 18: 1.0, 19: 1.0, 20: 1.0, 21: 1.0, 22: 1.0, 23: 1.0, 24: 1.0, 25: 1.0, 26: 1.0, 27: 1.0, 28: 1.0, 29: 1.0, 30: 1.0, 31: 0.9950599359027509, 32: 1.0, 33: 1.0, 34: 1.0, 35: 1.0, 36: 1.0, 37: 1.0, 38: 1.0, 39: 1.0, 40: 1.0, 41: 1.0, 42: 1.0, 43: 1.0, 44: 1.0, 45: 1.0, 46: 1.0, 47: 1.0, 48: 1.0, 49: 1.0, 50: 1.0, 51: 1.0, 52: 1.0, 53: 1.0, 54: 1.0, 55: 1.0, 56: 1.0, 57: 1.0, 58: 1.0, 59: 1.0, 60: 1.0, 61: 1.0, 62: 1.0, 63: 1.0, 64: 1.0, 65: 1.0, 66: 1.0, 67: 1.0, 68: 1.0, 69: 1.0, 70: 1.0, 71: 1.0, 72: 1.0, 73: 1.0, 74: 1.0, 75: 1.0, 76: 1.0, 77: 1.0, 78: 1.0, 79: 1.0, 80: 1.0, 81: 1.0, 82: 1.0, 83: 1.0, 84: 1.0, 85: 1.0, 86: 1.0, 87: 1.0, 88: 1.0, 89: 1.0, 90: 1.0, 91: 1.0, 92: 1.0, 93: 1.0, 94: 1.0, 95: 1.0, 96: 1.0, 97: 1.0, 98: 1.0, 99: 1.0}
2025-01-28 04:00:38 - WARNING  - Sum of s_i: 99.99505993590274
2025-01-28 04:00:54 - WARNING  - Shapley share: {12: -0.6000000000000001, 9: -0.4, 95: -0.55, 44: -0.7000000000000001, 51: -0.7, 5: -1.15, 7: -0.4000000000000001, 28: -0.75, 58: -0.4, 75: -0.45000000000000007}
2025-01-28 04:00:59 - WARNING  - Epoch:     4. Accuracy: Top-1: 15.24 | Loss: value: 3.37
2025-01-28 04:00:59 - WARNING  - Epoch 4
2025-01-28 04:00:59 - WARNING  - s_i: {0: 1.0, 1: 1.0, 2: 1.0, 3: 1.0, 4: 1.0, 5: 1.0, 6: 1.0, 7: 1.0, 8: 1.0, 9: 1.0, 10: 1.0, 11: 1.0, 12: 1.0, 13: 1.0, 14: 1.0, 15: 1.0, 16: 1.0, 17: 1.0, 18: 1.0, 19: 1.0, 20: 1.0, 21: 1.0, 22: 1.0, 23: 1.0, 24: 1.0, 25: 1.0, 26: 1.0, 27: 1.0, 28: 1.0, 29: 1.0, 30: 1.0, 31: 0.9950599359027509, 32: 1.0, 33: 1.0, 34: 1.0, 35: 1.0, 36: 1.0, 37: 1.0, 38: 1.0, 39: 1.0, 40: 1.0, 41: 1.0, 42: 1.0, 43: 1.0, 44: 1.0, 45: 1.0, 46: 1.0, 47: 1.0, 48: 1.0, 49: 1.0, 50: 1.0, 51: 1.0, 52: 1.0, 53: 1.0, 54: 1.0, 55: 1.0, 56: 1.0, 57: 1.0, 58: 1.0, 59: 1.0, 60: 1.0, 61: 1.0, 62: 1.0, 63: 1.0, 64: 1.0, 65: 1.0, 66: 1.0, 67: 1.0, 68: 1.0, 69: 1.0, 70: 1.0, 71: 1.0, 72: 1.0, 73: 1.0, 74: 1.0, 75: 1.0, 76: 1.0, 77: 1.0, 78: 1.0, 79: 1.0, 80: 1.0, 81: 1.0, 82: 1.0, 83: 1.0, 84: 1.0, 85: 1.0, 86: 1.0, 87: 1.0, 88: 1.0, 89: 1.0, 90: 1.0, 91: 1.0, 92: 1.0, 93: 1.0, 94: 1.0, 95: 1.0, 96: 1.0, 97: 1.0, 98: 1.0, 99: 1.0}
2025-01-28 04:00:59 - WARNING  - Sum of s_i: 99.99505993590274
2025-01-28 04:01:14 - WARNING  - Shapley share: {63: -0.10000000000000002, 2: 0.7000000000000001, 11: 0.25000000000000006, 68: 0.5, 4: 0.6000000000000001, 29: -0.10000000000000009, 73: 0.2500000000000001, 22: 0.19999999999999996, 65: -0.049999999999999975, 56: -0.049999999999999975}
2025-01-28 04:01:18 - WARNING  - Epoch:     5. Accuracy: Top-1: 9.29 | Loss: value: 4.90
2025-01-28 04:01:18 - WARNING  - Epoch 5
2025-01-28 04:01:18 - WARNING  - s_i: {0: 1.0, 1: 1.0, 2: 7.995794337697847, 3: 1.0, 4: 6.9951495140511835, 5: 1.0, 6: 1.0, 7: 1.0, 8: 1.0, 9: 1.0, 10: 1.0, 11: 3.4954792368747576, 12: 1.0, 13: 1.0, 14: 1.0, 15: 1.0, 16: 1.0, 17: 1.0, 18: 1.0, 19: 1.0, 20: 1.0, 21: 1.0, 22: 2.995067582701023, 23: 1.0, 24: 1.0, 25: 1.0, 26: 1.0, 27: 1.0, 28: 1.0, 29: 1.0, 30: 1.0, 31: 0.9950599359027509, 32: 1.0, 33: 1.0, 34: 1.0, 35: 1.0, 36: 1.0, 37: 1.0, 38: 1.0, 39: 1.0, 40: 1.0, 41: 1.0, 42: 1.0, 43: 1.0, 44: 1.0, 45: 1.0, 46: 1.0, 47: 1.0, 48: 1.0, 49: 1.0, 50: 1.0, 51: 1.0, 52: 1.0, 53: 1.0, 54: 1.0, 55: 1.0, 56: 0.49598826454083456, 57: 1.0, 58: 1.0, 59: 1.0, 60: 1.0, 61: 1.0, 62: 1.0, 63: 1.0, 64: 1.0, 65: 0.49561649020945286, 66: 1.0, 67: 1.0, 68: 5.9954405310997725, 69: 1.0, 70: 1.0, 71: 1.0, 72: 1.0, 73: 3.4954083139685403, 74: 1.0, 75: 1.0, 76: 1.0, 77: 1.0, 78: 1.0, 79: 1.0, 80: 1.0, 81: 1.0, 82: 1.0, 83: 1.0, 84: 1.0, 85: 1.0, 86: 1.0, 87: 1.0, 88: 1.0, 89: 1.0, 90: 1.0, 91: 1.0, 92: 1.0, 93: 1.0, 94: 1.0, 95: 1.0, 96: 1.0, 97: 1.0, 98: 1.0, 99: 1.0}
2025-01-28 04:01:18 - WARNING  - Sum of s_i: 123.95900420704616
2025-01-28 04:01:34 - WARNING  - Shapley share: {71: 0.049999999999999906, 41: 0.5499999999999999, 43: 0.4999999999999999, 51: -0.15000000000000002, 0: -0.24999999999999994, 28: 0.2500000000000001, 52: -0.75, 9: -0.4, 85: -0.30000000000000004, 50: -0.5499999999999999}
2025-01-28 04:01:38 - WARNING  - Epoch:     6. Accuracy: Top-1: 14.53 | Loss: value: 2.99
2025-01-28 04:01:38 - WARNING  - Epoch 6
2025-01-28 04:01:38 - WARNING  - s_i: {0: 1.0, 1: 1.0, 2: 7.995794337697847, 3: 1.0, 4: 6.9951495140511835, 5: 1.0, 6: 1.0, 7: 1.0, 8: 1.0, 9: 1.0, 10: 1.0, 11: 3.4954792368747576, 12: 1.0, 13: 1.0, 14: 1.0, 15: 1.0, 16: 1.0, 17: 1.0, 18: 1.0, 19: 1.0, 20: 1.0, 21: 1.0, 22: 2.995067582701023, 23: 1.0, 24: 1.0, 25: 1.0, 26: 1.0, 27: 1.0, 28: 3.4954446224829674, 29: 1.0, 30: 1.0, 31: 0.9950599359027509, 32: 1.0, 33: 1.0, 34: 1.0, 35: 1.0, 36: 1.0, 37: 1.0, 38: 1.0, 39: 1.0, 40: 1.0, 41: 6.495036017520766, 42: 1.0, 43: 5.9957130475890485, 44: 1.0, 45: 1.0, 46: 1.0, 47: 1.0, 48: 1.0, 49: 1.0, 50: 1.0, 51: 1.0, 52: 1.0, 53: 1.0, 54: 1.0, 55: 1.0, 56: 0.49598826454083456, 57: 1.0, 58: 1.0, 59: 1.0, 60: 1.0, 61: 1.0, 62: 1.0, 63: 1.0, 64: 1.0, 65: 0.49561649020945286, 66: 1.0, 67: 1.0, 68: 5.9954405310997725, 69: 1.0, 70: 1.0, 71: 1.4951353410467327, 72: 1.0, 73: 3.4954083139685403, 74: 1.0, 75: 1.0, 76: 1.0, 77: 1.0, 78: 1.0, 79: 1.0, 80: 1.0, 81: 1.0, 82: 1.0, 83: 1.0, 84: 1.0, 85: 1.0, 86: 1.0, 87: 1.0, 88: 1.0, 89: 1.0, 90: 1.0, 91: 1.0, 92: 1.0, 93: 1.0, 94: 1.0, 95: 1.0, 96: 1.0, 97: 1.0, 98: 1.0, 99: 1.0}
2025-01-28 04:01:38 - WARNING  - Sum of s_i: 137.44033323568567
2025-01-28 04:01:56 - WARNING  - Shapley share: {13: -1.3877787807814457e-16, 18: -0.09999999999999995, 62: -0.4500000000000001, 70: -0.3500000000000001, 4: -0.6000000000000001, 29: -0.55, 72: -0.3, 19: -0.75, 43: -1.3877787807814457e-16, 31: -0.4500000000000001}
2025-01-28 04:02:00 - WARNING  - Epoch:     7. Accuracy: Top-1: 14.56 | Loss: value: 2.25
2025-01-28 04:02:00 - WARNING  - Epoch 7
2025-01-28 04:02:00 - WARNING  - s_i: {0: 1.0, 1: 1.0, 2: 7.995794337697847, 3: 1.0, 4: 0.9902990281023651, 5: 1.0, 6: 1.0, 7: 1.0, 8: 1.0, 9: 1.0, 10: 1.0, 11: 3.4954792368747576, 12: 1.0, 13: 0.9954107478753516, 14: 1.0, 15: 1.0, 16: 1.0, 17: 1.0, 18: 1.0, 19: 1.0, 20: 1.0, 21: 1.0, 22: 2.995067582701023, 23: 1.0, 24: 1.0, 25: 1.0, 26: 1.0, 27: 1.0, 28: 3.4954446224829674, 29: 1.0, 30: 1.0, 31: 0.9950599359027509, 32: 1.0, 33: 1.0, 34: 1.0, 35: 1.0, 36: 1.0, 37: 1.0, 38: 1.0, 39: 1.0, 40: 1.0, 41: 6.495036017520766, 42: 1.0, 43: 5.991426095178097, 44: 1.0, 45: 1.0, 46: 1.0, 47: 1.0, 48: 1.0, 49: 1.0, 50: 1.0, 51: 1.0, 52: 1.0, 53: 1.0, 54: 1.0, 55: 1.0, 56: 0.49598826454083456, 57: 1.0, 58: 1.0, 59: 1.0, 60: 1.0, 61: 1.0, 62: 1.0, 63: 1.0, 64: 1.0, 65: 0.49561649020945286, 66: 1.0, 67: 1.0, 68: 5.9954405310997725, 69: 1.0, 70: 1.0, 71: 1.4951353410467327, 72: 1.0, 73: 3.4954083139685403, 74: 1.0, 75: 1.0, 76: 1.0, 77: 1.0, 78: 1.0, 79: 1.0, 80: 1.0, 81: 1.0, 82: 1.0, 83: 1.0, 84: 1.0, 85: 1.0, 86: 1.0, 87: 1.0, 88: 1.0, 89: 1.0, 90: 1.0, 91: 1.0, 92: 1.0, 93: 1.0, 94: 1.0, 95: 1.0, 96: 1.0, 97: 1.0, 98: 1.0, 99: 1.0}
2025-01-28 04:02:00 - WARNING  - Sum of s_i: 131.42660654520125
2025-01-28 04:02:16 - WARNING  - Shapley share: {6: 0.0, 69: -0.20000000000000004, 91: 0.0, 30: 0.09999999999999995, 5: -0.3, 9: -0.10000000000000009, 17: 0.049999999999999906, 68: -0.049999999999999906, 80: -0.2500000000000001, 84: -0.5499999999999999}
2025-01-28 04:02:20 - WARNING  - Epoch:     8. Accuracy: Top-1: 18.21 | Loss: value: 2.37
2025-01-28 04:02:20 - WARNING  - Epoch 8
2025-01-28 04:02:20 - WARNING  - s_i: {0: 1.0, 1: 1.0, 2: 7.995794337697847, 3: 1.0, 4: 0.9902990281023651, 5: 1.0, 6: 0.9959533189446071, 7: 1.0, 8: 1.0, 9: 1.0, 10: 1.0, 11: 3.4954792368747576, 12: 1.0, 13: 0.9954107478753516, 14: 1.0, 15: 1.0, 16: 1.0, 17: 1.4959813579492343, 18: 1.0, 19: 1.0, 20: 1.0, 21: 1.0, 22: 2.995067582701023, 23: 1.0, 24: 1.0, 25: 1.0, 26: 1.0, 27: 1.0, 28: 3.4954446224829674, 29: 1.0, 30: 1.995363564969372, 31: 0.9950599359027509, 32: 1.0, 33: 1.0, 34: 1.0, 35: 1.0, 36: 1.0, 37: 1.0, 38: 1.0, 39: 1.0, 40: 1.0, 41: 6.495036017520766, 42: 1.0, 43: 5.991426095178097, 44: 1.0, 45: 1.0, 46: 1.0, 47: 1.0, 48: 1.0, 49: 1.0, 50: 1.0, 51: 1.0, 52: 1.0, 53: 1.0, 54: 1.0, 55: 1.0, 56: 0.49598826454083456, 57: 1.0, 58: 1.0, 59: 1.0, 60: 1.0, 61: 1.0, 62: 1.0, 63: 1.0, 64: 1.0, 65: 0.49561649020945286, 66: 1.0, 67: 1.0, 68: 5.490881062199547, 69: 1.0, 70: 1.0, 71: 1.4951353410467327, 72: 1.0, 73: 3.4954083139685403, 74: 1.0, 75: 1.0, 76: 1.0, 77: 1.0, 78: 1.0, 79: 1.0, 80: 1.0, 81: 1.0, 82: 1.0, 83: 1.0, 84: 1.0, 85: 1.0, 86: 1.0, 87: 1.0, 88: 1.0, 89: 1.0, 90: 1.0, 91: 0.9958164232313427, 92: 1.0, 93: 1.0, 94: 1.0, 95: 1.0, 96: 1.0, 97: 1.0, 98: 1.0, 99: 1.0}
2025-01-28 04:02:20 - WARNING  - Sum of s_i: 132.4051617413956
2025-01-28 04:02:35 - WARNING  - Shapley share: {30: 0.3, 56: 0.20000000000000004, 81: 0.15000000000000013, 25: 0.2500000000000001, 65: 0.15000000000000013, 24: 0.20000000000000004, 37: 0.3, 83: 0.0, 53: 0.35000000000000003, 46: 0.15}
2025-01-28 04:02:40 - WARNING  - Epoch:     9. Accuracy: Top-1: 20.06 | Loss: value: 2.47
2025-01-28 04:02:40 - WARNING  - Epoch 9
2025-01-28 04:02:40 - WARNING  - s_i: {0: 1.0, 1: 1.0, 2: 7.995794337697847, 3: 1.0, 4: 0.9902990281023651, 5: 1.0, 6: 0.9959533189446071, 7: 1.0, 8: 1.0, 9: 1.0, 10: 1.0, 11: 3.4954792368747576, 12: 1.0, 13: 0.9954107478753516, 14: 1.0, 15: 1.0, 16: 1.0, 17: 1.4959813579492343, 18: 1.0, 19: 1.0, 20: 1.0, 21: 1.0, 22: 2.995067582701023, 23: 1.0, 24: 2.9956135937338284, 25: 3.495015908905725, 26: 1.0, 27: 1.0, 28: 3.4954446224829674, 29: 1.0, 30: 4.990727129938744, 31: 0.9950599359027509, 32: 1.0, 33: 1.0, 34: 1.0, 35: 1.0, 36: 1.0, 37: 3.995497807474124, 38: 1.0, 39: 1.0, 40: 1.0, 41: 6.495036017520766, 42: 1.0, 43: 5.991426095178097, 44: 1.0, 45: 1.0, 46: 2.4958779681703627, 47: 1.0, 48: 1.0, 49: 1.0, 50: 1.0, 51: 1.0, 52: 1.0, 53: 4.495019523520494, 54: 1.0, 55: 1.0, 56: 2.4919765290816693, 57: 1.0, 58: 1.0, 59: 1.0, 60: 1.0, 61: 1.0, 62: 1.0, 63: 1.0, 64: 1.0, 65: 1.9912329804189066, 66: 1.0, 67: 1.0, 68: 5.490881062199547, 69: 1.0, 70: 1.0, 71: 1.4951353410467327, 72: 1.0, 73: 3.4954083139685403, 74: 1.0, 75: 1.0, 76: 1.0, 77: 1.0, 78: 1.0, 79: 1.0, 80: 1.0, 81: 2.4956075527579484, 82: 1.0, 83: 0.9954685509834155, 84: 1.0, 85: 1.0, 86: 1.0, 87: 1.0, 88: 1.0, 89: 1.0, 90: 1.0, 91: 0.9958164232313427, 92: 1.0, 93: 1.0, 94: 1.0, 95: 1.0, 96: 1.0, 97: 1.0, 98: 1.0, 99: 1.0}
2025-01-28 04:02:40 - WARNING  - Sum of s_i: 152.86023096666113
2025-01-28 04:02:57 - WARNING  - Shapley share: {33: -0.09999999999999995, 65: -0.1999999999999999, 78: 0.050000000000000044, 17: 0.050000000000000044, 91: -0.050000000000000044, 7: 0.24999999999999994, 2: 0.2999999999999998, 39: 0.09999999999999995, 90: -0.2500000000000001, 37: 0.15}
2025-01-28 04:03:01 - WARNING  - Epoch:    10. Accuracy: Top-1: 20.35 | Loss: value: 2.11
2025-01-28 04:03:01 - WARNING  - Epoch 10
2025-01-28 04:03:01 - WARNING  - s_i: {0: 1.0, 1: 1.0, 2: 7.995794337697847, 3: 1.0, 4: 0.9902990281023651, 5: 1.0, 6: 0.9959533189446071, 7: 3.4950187389477554, 8: 1.0, 9: 1.0, 10: 1.0, 11: 3.4954792368747576, 12: 1.0, 13: 0.9954107478753516, 14: 1.0, 15: 1.0, 16: 1.0, 17: 1.9919627158984698, 18: 1.0, 19: 1.0, 20: 1.0, 21: 1.0, 22: 2.995067582701023, 23: 1.0, 24: 2.9956135937338284, 25: 3.495015908905725, 26: 1.0, 27: 1.0, 28: 3.4954446224829674, 29: 1.0, 30: 4.990727129938744, 31: 0.9950599359027509, 32: 1.0, 33: 1.0, 34: 1.0, 35: 1.0, 36: 1.0, 37: 5.490995614948249, 38: 1.0, 39: 1.995505230816557, 40: 1.0, 41: 6.495036017520766, 42: 1.0, 43: 5.991426095178097, 44: 1.0, 45: 1.0, 46: 2.4958779681703627, 47: 1.0, 48: 1.0, 49: 1.0, 50: 1.0, 51: 1.0, 52: 1.0, 53: 4.495019523520494, 54: 1.0, 55: 1.0, 56: 2.4919765290816693, 57: 1.0, 58: 1.0, 59: 1.0, 60: 1.0, 61: 1.0, 62: 1.0, 63: 1.0, 64: 1.0, 65: 1.9912329804189066, 66: 1.0, 67: 1.0, 68: 5.490881062199547, 69: 1.0, 70: 1.0, 71: 1.4951353410467327, 72: 1.0, 73: 3.4954083139685403, 74: 1.0, 75: 1.0, 76: 1.0, 77: 1.0, 78: 1.4959433433634415, 79: 1.0, 80: 1.0, 81: 2.4956075527579484, 82: 1.0, 83: 0.9954685509834155, 84: 1.0, 85: 1.0, 86: 1.0, 87: 1.0, 88: 1.0, 89: 1.0, 90: 1.0, 91: 0.4916328464626849, 92: 1.0, 93: 1.0, 94: 1.0, 95: 1.0, 96: 1.0, 97: 1.0, 98: 1.0, 99: 1.0}
2025-01-28 04:03:01 - WARNING  - Sum of s_i: 158.3339938684436
2025-01-28 04:03:06 - WARNING  - The sum of accs: 22.0
2025-01-28 04:03:06 - WARNING  - The welfare is 21.928316965187282
2025-01-28 04:03:23 - WARNING  - Shapley share: {8: 0.20000000000000018, 19: 0.6, 87: 0.20000000000000004, 67: 0.2499999999999998, 79: 0.6000000000000001, 51: 0.4999999999999999, 11: 0.3, 58: 0.04999999999999988, 80: 0.8999999999999999, 97: 0.5499999999999999}
2025-01-28 04:03:27 - WARNING  - Epoch:    11. Accuracy: Top-1: 21.67 | Loss: value: 2.03
2025-01-28 04:03:27 - WARNING  - Epoch 11
2025-01-28 04:03:27 - WARNING  - s_i: {0: 1.0, 1: 1.0, 2: 7.995794337697847, 3: 1.0, 4: 0.9902990281023651, 5: 1.0, 6: 0.9959533189446071, 7: 3.4950187389477554, 8: 2.995153847819192, 9: 1.0, 10: 1.0, 11: 6.490958473749514, 12: 1.0, 13: 0.9954107478753516, 14: 1.0, 15: 1.0, 16: 1.0, 17: 1.9919627158984698, 18: 1.0, 19: 6.99585673220449, 20: 1.0, 21: 1.0, 22: 2.995067582701023, 23: 1.0, 24: 2.9956135937338284, 25: 3.495015908905725, 26: 1.0, 27: 1.0, 28: 3.4954446224829674, 29: 1.0, 30: 4.990727129938744, 31: 0.9950599359027509, 32: 1.0, 33: 1.0, 34: 1.0, 35: 1.0, 36: 1.0, 37: 5.490995614948249, 38: 1.0, 39: 1.995505230816557, 40: 1.0, 41: 6.495036017520766, 42: 1.0, 43: 5.991426095178097, 44: 1.0, 45: 1.0, 46: 2.4958779681703627, 47: 1.0, 48: 1.0, 49: 1.0, 50: 1.0, 51: 5.995829125064509, 52: 1.0, 53: 4.495019523520494, 54: 1.0, 55: 1.0, 56: 2.4919765290816693, 57: 1.0, 58: 1.495030892958734, 59: 1.0, 60: 1.0, 61: 1.0, 62: 1.0, 63: 1.0, 64: 1.0, 65: 1.9912329804189066, 66: 1.0, 67: 3.495939695113773, 68: 5.490881062199547, 69: 1.0, 70: 1.0, 71: 1.4951353410467327, 72: 1.0, 73: 3.4954083139685403, 74: 1.0, 75: 1.0, 76: 1.0, 77: 1.0, 78: 1.4959433433634415, 79: 6.995948407411989, 80: 1.0, 81: 2.4956075527579484, 82: 1.0, 83: 0.9954685509834155, 84: 1.0, 85: 1.0, 86: 1.0, 87: 2.99529915666631, 88: 1.0, 89: 1.0, 90: 1.0, 91: 0.4916328464626849, 92: 1.0, 93: 1.0, 94: 1.0, 95: 1.0, 96: 1.0, 97: 6.495295422835226, 98: 1.0, 99: 1.0}
2025-01-28 04:03:27 - WARNING  - Sum of s_i: 190.79382638539258
2025-01-28 04:03:46 - WARNING  - Shapley share: {88: 0.20000000000000004, 53: -0.24999999999999992, 9: -0.44999999999999996, 33: -0.1499999999999998, 16: -1.0, 50: 0.05000000000000021, 37: -0.4999999999999999, 95: -1.1, 19: 0.55, 18: 0.10000000000000012}
2025-01-28 04:03:50 - WARNING  - Epoch:    12. Accuracy: Top-1: 25.60 | Loss: value: 1.99
2025-01-28 04:03:50 - WARNING  - Epoch 12
2025-01-28 04:03:50 - WARNING  - s_i: {0: 1.0, 1: 1.0, 2: 7.995794337697847, 3: 1.0, 4: 0.9902990281023651, 5: 1.0, 6: 0.9959533189446071, 7: 3.4950187389477554, 8: 2.995153847819192, 9: 1.0, 10: 1.0, 11: 6.490958473749514, 12: 1.0, 13: 0.9954107478753516, 14: 1.0, 15: 1.0, 16: 1.0, 17: 1.9919627158984698, 18: 1.9953400591057489, 19: 6.99585673220449, 20: 1.0, 21: 1.0, 22: 2.995067582701023, 23: 1.0, 24: 2.9956135937338284, 25: 3.495015908905725, 26: 1.0, 27: 1.0, 28: 3.4954446224829674, 29: 1.0, 30: 4.990727129938744, 31: 0.9950599359027509, 32: 1.0, 33: 1.0, 34: 1.0, 35: 1.0, 36: 1.0, 37: 0.4864934224223738, 38: 1.0, 39: 1.995505230816557, 40: 1.0, 41: 6.495036017520766, 42: 1.0, 43: 5.991426095178097, 44: 1.0, 45: 1.0, 46: 2.4958779681703627, 47: 1.0, 48: 1.0, 49: 1.0, 50: 1.4959960935289973, 51: 5.995829125064509, 52: 1.0, 53: 1.9900390470409883, 54: 1.0, 55: 1.0, 56: 2.4919765290816693, 57: 1.0, 58: 1.495030892958734, 59: 1.0, 60: 1.0, 61: 1.0, 62: 1.0, 63: 1.0, 64: 1.0, 65: 1.9912329804189066, 66: 1.0, 67: 3.495939695113773, 68: 5.490881062199547, 69: 1.0, 70: 1.0, 71: 1.4951353410467327, 72: 1.0, 73: 3.4954083139685403, 74: 1.0, 75: 1.0, 76: 1.0, 77: 1.0, 78: 1.4959433433634415, 79: 6.995948407411989, 80: 1.0, 81: 2.4956075527579484, 82: 1.0, 83: 0.9954685509834155, 84: 1.0, 85: 1.0, 86: 1.0, 87: 2.99529915666631, 88: 2.995002392661752, 89: 1.0, 90: 1.0, 91: 0.4916328464626849, 92: 1.0, 93: 1.0, 94: 1.0, 95: 1.0, 96: 1.0, 97: 6.495295422835226, 98: 1.0, 99: 1.0}
2025-01-28 04:03:50 - WARNING  - Sum of s_i: 186.7706822616837
2025-01-28 04:04:07 - WARNING  - Shapley share: {23: 0.050000000000000044, 36: -0.09999999999999995, 46: 0.15, 22: -0.30000000000000016, 28: -0.20000000000000004, 50: -0.3500000000000003, 73: -0.04999999999999977, 59: -0.35000000000000003, 24: -0.4000000000000001, 80: -0.050000000000000044}
2025-01-28 04:04:12 - WARNING  - Epoch:    13. Accuracy: Top-1: 29.37 | Loss: value: 1.87
2025-01-28 04:04:12 - WARNING  - Epoch 13
2025-01-28 04:04:12 - WARNING  - s_i: {0: 1.0, 1: 1.0, 2: 7.995794337697847, 3: 1.0, 4: 0.9902990281023651, 5: 1.0, 6: 0.9959533189446071, 7: 3.4950187389477554, 8: 2.995153847819192, 9: 1.0, 10: 1.0, 11: 6.490958473749514, 12: 1.0, 13: 0.9954107478753516, 14: 1.0, 15: 1.0, 16: 1.0, 17: 1.9919627158984698, 18: 1.9953400591057489, 19: 6.99585673220449, 20: 1.0, 21: 1.0, 22: 2.995067582701023, 23: 1.4952900119142212, 24: 2.9956135937338284, 25: 3.495015908905725, 26: 1.0, 27: 1.0, 28: 1.4908892449659334, 29: 1.0, 30: 4.990727129938744, 31: 0.9950599359027509, 32: 1.0, 33: 1.0, 34: 1.0, 35: 1.0, 36: 1.0, 37: 0.4864934224223738, 38: 1.0, 39: 1.995505230816557, 40: 1.0, 41: 6.495036017520766, 42: 1.0, 43: 5.991426095178097, 44: 1.0, 45: 1.0, 46: 3.9917559363407253, 47: 1.0, 48: 1.0, 49: 1.0, 50: 1.4959960935289973, 51: 5.995829125064509, 52: 1.0, 53: 1.9900390470409883, 54: 1.0, 55: 1.0, 56: 2.4919765290816693, 57: 1.0, 58: 1.495030892958734, 59: 1.0, 60: 1.0, 61: 1.0, 62: 1.0, 63: 1.0, 64: 1.0, 65: 1.9912329804189066, 66: 1.0, 67: 3.495939695113773, 68: 5.490881062199547, 69: 1.0, 70: 1.0, 71: 1.4951353410467327, 72: 1.0, 73: 2.990816627937082, 74: 1.0, 75: 1.0, 76: 1.0, 77: 1.0, 78: 1.4959433433634415, 79: 6.995948407411989, 80: 0.49596635592197924, 81: 2.4956075527579484, 82: 1.0, 83: 0.9954685509834155, 84: 1.0, 85: 1.0, 86: 1.0, 87: 2.99529915666631, 88: 2.995002392661752, 89: 1.0, 90: 1.0, 91: 0.4916328464626849, 92: 1.0, 93: 1.0, 94: 1.0, 95: 1.0, 96: 1.0, 97: 6.495295422835226, 98: 1.0, 99: 1.0}
2025-01-28 04:04:12 - WARNING  - Sum of s_i: 185.74866953414178
2025-01-28 04:04:29 - WARNING  - Shapley share: {96: -0.1999999999999999, 59: -0.4000000000000001, 4: -0.24999999999999994, 51: -0.8999999999999998, 29: -0.8499999999999998, 10: -0.35000000000000003, 82: -0.5, 37: -0.3, 86: -0.35000000000000003, 68: -0.5499999999999999}
2025-01-28 04:04:34 - WARNING  - Epoch:    14. Accuracy: Top-1: 27.40 | Loss: value: 1.90
2025-01-28 04:04:34 - WARNING  - Epoch 14
2025-01-28 04:04:34 - WARNING  - s_i: {0: 1.0, 1: 1.0, 2: 7.995794337697847, 3: 1.0, 4: 0.9902990281023651, 5: 1.0, 6: 0.9959533189446071, 7: 3.4950187389477554, 8: 2.995153847819192, 9: 1.0, 10: 1.0, 11: 6.490958473749514, 12: 1.0, 13: 0.9954107478753516, 14: 1.0, 15: 1.0, 16: 1.0, 17: 1.9919627158984698, 18: 1.9953400591057489, 19: 6.99585673220449, 20: 1.0, 21: 1.0, 22: 2.995067582701023, 23: 1.4952900119142212, 24: 2.9956135937338284, 25: 3.495015908905725, 26: 1.0, 27: 1.0, 28: 1.4908892449659334, 29: 1.0, 30: 4.990727129938744, 31: 0.9950599359027509, 32: 1.0, 33: 1.0, 34: 1.0, 35: 1.0, 36: 1.0, 37: 0.4864934224223738, 38: 1.0, 39: 1.995505230816557, 40: 1.0, 41: 6.495036017520766, 42: 1.0, 43: 5.991426095178097, 44: 1.0, 45: 1.0, 46: 3.9917559363407253, 47: 1.0, 48: 1.0, 49: 1.0, 50: 1.4959960935289973, 51: 5.995829125064509, 52: 1.0, 53: 1.9900390470409883, 54: 1.0, 55: 1.0, 56: 2.4919765290816693, 57: 1.0, 58: 1.495030892958734, 59: 1.0, 60: 1.0, 61: 1.0, 62: 1.0, 63: 1.0, 64: 1.0, 65: 1.9912329804189066, 66: 1.0, 67: 3.495939695113773, 68: 5.490881062199547, 69: 1.0, 70: 1.0, 71: 1.4951353410467327, 72: 1.0, 73: 2.990816627937082, 74: 1.0, 75: 1.0, 76: 1.0, 77: 1.0, 78: 1.4959433433634415, 79: 6.995948407411989, 80: 0.49596635592197924, 81: 2.4956075527579484, 82: 1.0, 83: 0.9954685509834155, 84: 1.0, 85: 1.0, 86: 1.0, 87: 2.99529915666631, 88: 2.995002392661752, 89: 1.0, 90: 1.0, 91: 0.4916328464626849, 92: 1.0, 93: 1.0, 94: 1.0, 95: 1.0, 96: 1.0, 97: 6.495295422835226, 98: 1.0, 99: 1.0}
2025-01-28 04:04:34 - WARNING  - Sum of s_i: 185.74866953414178
2025-01-28 04:04:50 - WARNING  - Shapley share: {83: 0.10000000000000009, 70: -0.24999999999999994, 63: -0.20000000000000018, 98: -0.15000000000000013, 18: 0.1999999999999999, 97: -0.35000000000000003, 53: 0.04999999999999977, 56: -0.35000000000000003, 0: -0.5999999999999996, 96: -0.2999999999999997}
2025-01-28 04:04:54 - WARNING  - Epoch:    15. Accuracy: Top-1: 31.20 | Loss: value: 1.84
2025-01-28 04:04:54 - WARNING  - Epoch 15
2025-01-28 04:04:54 - WARNING  - s_i: {0: 1.0, 1: 1.0, 2: 7.995794337697847, 3: 1.0, 4: 0.9902990281023651, 5: 1.0, 6: 0.9959533189446071, 7: 3.4950187389477554, 8: 2.995153847819192, 9: 1.0, 10: 1.0, 11: 6.490958473749514, 12: 1.0, 13: 0.9954107478753516, 14: 1.0, 15: 1.0, 16: 1.0, 17: 1.9919627158984698, 18: 3.990680118211496, 19: 6.99585673220449, 20: 1.0, 21: 1.0, 22: 2.995067582701023, 23: 1.4952900119142212, 24: 2.9956135937338284, 25: 3.495015908905725, 26: 1.0, 27: 1.0, 28: 1.4908892449659334, 29: 1.0, 30: 4.990727129938744, 31: 0.9950599359027509, 32: 1.0, 33: 1.0, 34: 1.0, 35: 1.0, 36: 1.0, 37: 0.4864934224223738, 38: 1.0, 39: 1.995505230816557, 40: 1.0, 41: 6.495036017520766, 42: 1.0, 43: 5.991426095178097, 44: 1.0, 45: 1.0, 46: 3.9917559363407253, 47: 1.0, 48: 1.0, 49: 1.0, 50: 1.4959960935289973, 51: 5.995829125064509, 52: 1.0, 53: 2.48505857056148, 54: 1.0, 55: 1.0, 56: 2.4919765290816693, 57: 1.0, 58: 1.495030892958734, 59: 1.0, 60: 1.0, 61: 1.0, 62: 1.0, 63: 1.0, 64: 1.0, 65: 1.9912329804189066, 66: 1.0, 67: 3.495939695113773, 68: 5.490881062199547, 69: 1.0, 70: 1.0, 71: 1.4951353410467327, 72: 1.0, 73: 2.990816627937082, 74: 1.0, 75: 1.0, 76: 1.0, 77: 1.0, 78: 1.4959433433634415, 79: 6.995948407411989, 80: 0.49596635592197924, 81: 2.4956075527579484, 82: 1.0, 83: 1.9909371019668316, 84: 1.0, 85: 1.0, 86: 1.0, 87: 2.99529915666631, 88: 2.995002392661752, 89: 1.0, 90: 1.0, 91: 0.4916328464626849, 92: 1.0, 93: 1.0, 94: 1.0, 95: 1.0, 96: 1.0, 97: 2.990590845670452, 98: 1.0, 99: 1.0}
2025-01-28 04:04:54 - WARNING  - Sum of s_i: 185.72979309058664
2025-01-28 04:05:12 - WARNING  - Shapley share: {62: 0.15000000000000013, 24: -0.20000000000000018, 59: 0.7000000000000001, 54: 0.10000000000000009, 67: 0.04999999999999977, 57: -0.20000000000000018, 98: 0.4000000000000001, 16: -0.050000000000000044, 85: -0.2500000000000002, 95: -0.4500000000000001}
2025-01-28 04:05:17 - WARNING  - Epoch:    16. Accuracy: Top-1: 31.60 | Loss: value: 1.80
2025-01-28 04:05:17 - WARNING  - Epoch 16
2025-01-28 04:05:17 - WARNING  - s_i: {0: 1.0, 1: 1.0, 2: 7.995794337697847, 3: 1.0, 4: 0.9902990281023651, 5: 1.0, 6: 0.9959533189446071, 7: 3.4950187389477554, 8: 2.995153847819192, 9: 1.0, 10: 1.0, 11: 6.490958473749514, 12: 1.0, 13: 0.9954107478753516, 14: 1.0, 15: 1.0, 16: 0.4957826822982063, 17: 1.9919627158984698, 18: 3.990680118211496, 19: 6.99585673220449, 20: 1.0, 21: 1.0, 22: 2.995067582701023, 23: 1.4952900119142212, 24: 0.9912271874676546, 25: 3.495015908905725, 26: 1.0, 27: 1.0, 28: 1.4908892449659334, 29: 1.0, 30: 4.990727129938744, 31: 0.9950599359027509, 32: 1.0, 33: 1.0, 34: 1.0, 35: 1.0, 36: 1.0, 37: 0.4864934224223738, 38: 1.0, 39: 1.995505230816557, 40: 1.0, 41: 6.495036017520766, 42: 1.0, 43: 5.991426095178097, 44: 1.0, 45: 1.0, 46: 3.9917559363407253, 47: 1.0, 48: 1.0, 49: 1.0, 50: 1.4959960935289973, 51: 5.995829125064509, 52: 1.0, 53: 2.48505857056148, 54: 1.9958252199200857, 55: 1.0, 56: 2.4919765290816693, 57: 1.0, 58: 1.495030892958734, 59: 7.995882016820685, 60: 1.0, 61: 1.0, 62: 2.4956027254245026, 63: 1.0, 64: 1.0, 65: 1.9912329804189066, 66: 1.0, 67: 3.991879390227546, 68: 5.490881062199547, 69: 1.0, 70: 1.0, 71: 1.4951353410467327, 72: 1.0, 73: 2.990816627937082, 74: 1.0, 75: 1.0, 76: 1.0, 77: 1.0, 78: 1.4959433433634415, 79: 6.995948407411989, 80: 0.49596635592197924, 81: 2.4956075527579484, 82: 1.0, 83: 1.9909371019668316, 84: 1.0, 85: 1.0, 86: 1.0, 87: 2.99529915666631, 88: 2.995002392661752, 89: 1.0, 90: 1.0, 91: 0.4916328464626849, 92: 1.0, 93: 1.0, 94: 1.0, 95: 1.0, 96: 1.0, 97: 2.990590845670452, 98: 4.9955515779774675, 99: 1.0}
2025-01-28 04:05:17 - WARNING  - Sum of s_i: 197.1999906018752
2025-01-28 04:05:36 - WARNING  - Shapley share: {86: 0.15000000000000013, 10: -0.4000000000000001, 33: -0.5499999999999999, 32: -0.6, 25: -0.44999999999999984, 43: -0.2500000000000002, 98: -0.5499999999999999, 85: -0.24999999999999994, 51: 0.20000000000000046, 49: 0.20000000000000018}
2025-01-28 04:05:40 - WARNING  - Epoch:    17. Accuracy: Top-1: 29.90 | Loss: value: 1.89
2025-01-28 04:05:40 - WARNING  - Epoch 17
2025-01-28 04:05:40 - WARNING  - s_i: {0: 1.0, 1: 1.0, 2: 7.995794337697847, 3: 1.0, 4: 0.9902990281023651, 5: 1.0, 6: 0.9959533189446071, 7: 3.4950187389477554, 8: 2.995153847819192, 9: 1.0, 10: 1.0, 11: 6.490958473749514, 12: 1.0, 13: 0.9954107478753516, 14: 1.0, 15: 1.0, 16: 0.4957826822982063, 17: 1.9919627158984698, 18: 3.990680118211496, 19: 6.99585673220449, 20: 1.0, 21: 1.0, 22: 2.995067582701023, 23: 1.4952900119142212, 24: 0.9912271874676546, 25: 3.495015908905725, 26: 1.0, 27: 1.0, 28: 1.4908892449659334, 29: 1.0, 30: 4.990727129938744, 31: 0.9950599359027509, 32: 1.0, 33: 1.0, 34: 1.0, 35: 1.0, 36: 1.0, 37: 0.4864934224223738, 38: 1.0, 39: 1.995505230816557, 40: 1.0, 41: 6.495036017520766, 42: 1.0, 43: 3.4871391427671448, 44: 1.0, 45: 1.0, 46: 3.9917559363407253, 47: 1.0, 48: 1.0, 49: 2.995372325149921, 50: 1.4959960935289973, 51: 7.9916582501290225, 52: 1.0, 53: 2.48505857056148, 54: 1.9958252199200857, 55: 1.0, 56: 2.4919765290816693, 57: 1.0, 58: 1.495030892958734, 59: 7.995882016820685, 60: 1.0, 61: 1.0, 62: 2.4956027254245026, 63: 1.0, 64: 1.0, 65: 1.9912329804189066, 66: 1.0, 67: 3.991879390227546, 68: 5.490881062199547, 69: 1.0, 70: 1.0, 71: 1.4951353410467327, 72: 1.0, 73: 2.990816627937082, 74: 1.0, 75: 1.0, 76: 1.0, 77: 1.0, 78: 1.4959433433634415, 79: 6.995948407411989, 80: 0.49596635592197924, 81: 2.4956075527579484, 82: 1.0, 83: 1.9909371019668316, 84: 1.0, 85: 1.0, 86: 2.495672675214201, 87: 2.99529915666631, 88: 2.995002392661752, 89: 1.0, 90: 1.0, 91: 0.4916328464626849, 92: 1.0, 93: 1.0, 94: 1.0, 95: 1.0, 96: 1.0, 97: 2.990590845670452, 98: 4.9955515779774675, 99: 1.0}
2025-01-28 04:05:40 - WARNING  - Sum of s_i: 200.18257777489288
2025-01-28 04:05:59 - WARNING  - Shapley share: {41: -0.19999999999999962, 67: 0.14999999999999986, 1: 0.0, 68: -0.2500000000000002, 59: -0.65, 29: -0.2500000000000002, 42: -0.24999999999999994, 36: 0.09999999999999981, 55: -0.5499999999999996, 24: -0.6999999999999997}
2025-01-28 04:06:03 - WARNING  - Epoch:    18. Accuracy: Top-1: 34.17 | Loss: value: 1.80
2025-01-28 04:06:03 - WARNING  - Epoch 18
2025-01-28 04:06:03 - WARNING  - s_i: {0: 1.0, 1: 0.9952703591452237, 2: 7.995794337697847, 3: 1.0, 4: 0.9902990281023651, 5: 1.0, 6: 0.9959533189446071, 7: 3.4950187389477554, 8: 2.995153847819192, 9: 1.0, 10: 1.0, 11: 6.490958473749514, 12: 1.0, 13: 0.9954107478753516, 14: 1.0, 15: 1.0, 16: 0.4957826822982063, 17: 1.9919627158984698, 18: 3.990680118211496, 19: 6.99585673220449, 20: 1.0, 21: 1.0, 22: 2.995067582701023, 23: 1.4952900119142212, 24: 0.9912271874676546, 25: 3.495015908905725, 26: 1.0, 27: 1.0, 28: 1.4908892449659334, 29: 1.0, 30: 4.990727129938744, 31: 0.9950599359027509, 32: 1.0, 33: 1.0, 34: 1.0, 35: 1.0, 36: 1.9951079840091084, 37: 0.4864934224223738, 38: 1.0, 39: 1.995505230816557, 40: 1.0, 41: 4.490072035041536, 42: 1.0, 43: 3.4871391427671448, 44: 1.0, 45: 1.0, 46: 3.9917559363407253, 47: 1.0, 48: 1.0, 49: 2.995372325149921, 50: 1.4959960935289973, 51: 7.9916582501290225, 52: 1.0, 53: 2.48505857056148, 54: 1.9958252199200857, 55: 1.0, 56: 2.4919765290816693, 57: 1.0, 58: 1.495030892958734, 59: 1.4917640336413687, 60: 1.0, 61: 1.0, 62: 2.4956027254245026, 63: 1.0, 64: 1.0, 65: 1.9912329804189066, 66: 1.0, 67: 5.48781908534132, 68: 2.9863215932993175, 69: 1.0, 70: 1.0, 71: 1.4951353410467327, 72: 1.0, 73: 2.990816627937082, 74: 1.0, 75: 1.0, 76: 1.0, 77: 1.0, 78: 1.4959433433634415, 79: 6.995948407411989, 80: 0.49596635592197924, 81: 2.4956075527579484, 82: 1.0, 83: 1.9909371019668316, 84: 1.0, 85: 1.0, 86: 2.495672675214201, 87: 2.99529915666631, 88: 2.995002392661752, 89: 1.0, 90: 1.0, 91: 0.4916328464626849, 92: 1.0, 93: 1.0, 94: 1.0, 95: 1.0, 96: 1.0, 97: 2.990590845670452, 98: 4.9955515779774675, 99: 1.0}
2025-01-28 04:06:03 - WARNING  - Sum of s_i: 191.65525437860222
2025-01-28 04:06:19 - WARNING  - Shapley share: {30: 0.1999999999999999, 80: 0.4500000000000001, 91: 0.5000000000000002, 55: 0.14999999999999986, 13: -0.3, 23: -0.34999999999999976, 82: -0.5499999999999999, 21: -0.20000000000000018, 93: 0.24999999999999994, 40: -0.3}
2025-01-28 04:06:23 - WARNING  - Epoch:    19. Accuracy: Top-1: 36.34 | Loss: value: 1.72
2025-01-28 04:06:23 - WARNING  - Epoch 19
2025-01-28 04:06:23 - WARNING  - s_i: {0: 1.0, 1: 0.9952703591452237, 2: 7.995794337697847, 3: 1.0, 4: 0.9902990281023651, 5: 1.0, 6: 0.9959533189446071, 7: 3.4950187389477554, 8: 2.995153847819192, 9: 1.0, 10: 1.0, 11: 6.490958473749514, 12: 1.0, 13: 0.9954107478753516, 14: 1.0, 15: 1.0, 16: 0.4957826822982063, 17: 1.9919627158984698, 18: 3.990680118211496, 19: 6.99585673220449, 20: 1.0, 21: 1.0, 22: 2.995067582701023, 23: 1.4952900119142212, 24: 0.9912271874676546, 25: 3.495015908905725, 26: 1.0, 27: 1.0, 28: 1.4908892449659334, 29: 1.0, 30: 6.986090694908116, 31: 0.9950599359027509, 32: 1.0, 33: 1.0, 34: 1.0, 35: 1.0, 36: 1.9951079840091084, 37: 0.4864934224223738, 38: 1.0, 39: 1.995505230816557, 40: 1.0, 41: 4.490072035041536, 42: 1.0, 43: 3.4871391427671448, 44: 1.0, 45: 1.0, 46: 3.9917559363407253, 47: 1.0, 48: 1.0, 49: 2.995372325149921, 50: 1.4959960935289973, 51: 7.9916582501290225, 52: 1.0, 53: 2.48505857056148, 54: 1.9958252199200857, 55: 2.495882360840329, 56: 2.4919765290816693, 57: 1.0, 58: 1.495030892958734, 59: 1.4917640336413687, 60: 1.0, 61: 1.0, 62: 2.4956027254245026, 63: 1.0, 64: 1.0, 65: 1.9912329804189066, 66: 1.0, 67: 5.48781908534132, 68: 2.9863215932993175, 69: 1.0, 70: 1.0, 71: 1.4951353410467327, 72: 1.0, 73: 2.990816627937082, 74: 1.0, 75: 1.0, 76: 1.0, 77: 1.0, 78: 1.4959433433634415, 79: 6.995948407411989, 80: 4.99193271184396, 81: 2.4956075527579484, 82: 1.0, 83: 1.9909371019668316, 84: 1.0, 85: 1.0, 86: 2.495672675214201, 87: 2.99529915666631, 88: 2.995002392661752, 89: 1.0, 90: 1.0, 91: 5.48744926969403, 92: 1.0, 93: 3.495341866025642, 94: 1.0, 95: 1.0, 96: 1.0, 97: 2.990590845670452, 98: 4.9955515779774675, 99: 1.0}
2025-01-28 04:06:23 - WARNING  - Sum of s_i: 207.13362494959088
2025-01-28 04:06:40 - WARNING  - Shapley share: {21: 0.4000000000000001, 93: -0.09999999999999981, 94: -0.1999999999999999, 63: 0.35000000000000003, 26: 0.3999999999999998, 95: 0.44999999999999984, 61: 0.10000000000000037, 50: 0.0, 25: -0.050000000000000044, 36: 0.6}
2025-01-28 04:06:44 - WARNING  - Epoch:    20. Accuracy: Top-1: 38.19 | Loss: value: 1.69
2025-01-28 04:06:44 - WARNING  - Epoch 20
2025-01-28 04:06:44 - WARNING  - s_i: {0: 1.0, 1: 0.9952703591452237, 2: 7.995794337697847, 3: 1.0, 4: 0.9902990281023651, 5: 1.0, 6: 0.9959533189446071, 7: 3.4950187389477554, 8: 2.995153847819192, 9: 1.0, 10: 1.0, 11: 6.490958473749514, 12: 1.0, 13: 0.9954107478753516, 14: 1.0, 15: 1.0, 16: 0.4957826822982063, 17: 1.9919627158984698, 18: 3.990680118211496, 19: 6.99585673220449, 20: 1.0, 21: 4.99508357644687, 22: 2.995067582701023, 23: 1.4952900119142212, 24: 0.9912271874676546, 25: 2.9900318178114484, 26: 4.995939445273781, 27: 1.0, 28: 1.4908892449659334, 29: 1.0, 30: 6.986090694908116, 31: 0.9950599359027509, 32: 1.0, 33: 1.0, 34: 1.0, 35: 1.0, 36: 7.990215968018219, 37: 0.4864934224223738, 38: 1.0, 39: 1.995505230816557, 40: 1.0, 41: 4.490072035041536, 42: 1.0, 43: 3.4871391427671448, 44: 1.0, 45: 1.0, 46: 3.9917559363407253, 47: 1.0, 48: 1.0, 49: 2.995372325149921, 50: 1.4919921870579926, 51: 7.9916582501290225, 52: 1.0, 53: 2.48505857056148, 54: 1.9958252199200857, 55: 2.495882360840329, 56: 2.4919765290816693, 57: 1.0, 58: 1.495030892958734, 59: 1.4917640336413687, 60: 1.0, 61: 1.995042851272487, 62: 2.4956027254245026, 63: 4.495136607317887, 64: 1.0, 65: 1.9912329804189066, 66: 1.0, 67: 5.48781908534132, 68: 2.9863215932993175, 69: 1.0, 70: 1.0, 71: 1.4951353410467327, 72: 1.0, 73: 2.990816627937082, 74: 1.0, 75: 1.0, 76: 1.0, 77: 1.0, 78: 1.4959433433634415, 79: 6.995948407411989, 80: 4.99193271184396, 81: 2.4956075527579484, 82: 1.0, 83: 1.9909371019668316, 84: 1.0, 85: 1.0, 86: 2.495672675214201, 87: 2.99529915666631, 88: 2.995002392661752, 89: 1.0, 90: 1.0, 91: 5.48744926969403, 92: 1.0, 93: 2.4906837320512865, 94: 1.0, 95: 5.495755623851206, 96: 1.0, 97: 2.990590845670452, 98: 4.9955515779774675, 99: 1.0}
2025-01-28 04:06:44 - WARNING  - Sum of s_i: 228.59204490622258
2025-01-28 04:06:49 - WARNING  - The sum of accs: 33.0
2025-01-28 04:06:49 - WARNING  - The welfare is 32.897623314629605
2025-01-28 04:07:05 - WARNING  - Shapley share: {38: -0.4500000000000001, 52: -0.10000000000000009, 57: 0.4000000000000001, 50: 0.24999999999999994, 48: -0.24999999999999994, 58: 0.2999999999999997, 4: 0.5499999999999999, 27: 0.4000000000000001, 85: 0.2500000000000002, 76: 0.3999999999999998}
2025-01-28 04:07:10 - WARNING  - Epoch:    21. Accuracy: Top-1: 36.05 | Loss: value: 1.67
2025-01-28 04:07:10 - WARNING  - Epoch 21
2025-01-28 04:07:10 - WARNING  - s_i: {0: 1.0, 1: 0.9952703591452237, 2: 7.995794337697847, 3: 1.0, 4: 6.485448542153547, 5: 1.0, 6: 0.9959533189446071, 7: 3.4950187389477554, 8: 2.995153847819192, 9: 1.0, 10: 1.0, 11: 6.490958473749514, 12: 1.0, 13: 0.9954107478753516, 14: 1.0, 15: 1.0, 16: 0.4957826822982063, 17: 1.9919627158984698, 18: 3.990680118211496, 19: 6.99585673220449, 20: 1.0, 21: 4.99508357644687, 22: 2.995067582701023, 23: 1.4952900119142212, 24: 0.9912271874676546, 25: 2.9900318178114484, 26: 4.995939445273781, 27: 4.995688953639292, 28: 1.4908892449659334, 29: 1.0, 30: 6.986090694908116, 31: 0.9950599359027509, 32: 1.0, 33: 1.0, 34: 1.0, 35: 1.0, 36: 7.990215968018219, 37: 0.4864934224223738, 38: 1.0, 39: 1.995505230816557, 40: 1.0, 41: 4.490072035041536, 42: 1.0, 43: 3.4871391427671448, 44: 1.0, 45: 1.0, 46: 3.9917559363407253, 47: 1.0, 48: 1.0, 49: 2.995372325149921, 50: 3.987988280586988, 51: 7.9916582501290225, 52: 1.0, 53: 2.48505857056148, 54: 1.9958252199200857, 55: 2.495882360840329, 56: 2.4919765290816693, 57: 4.995246685966131, 58: 4.490061785917466, 59: 1.4917640336413687, 60: 1.0, 61: 1.995042851272487, 62: 2.4956027254245026, 63: 4.495136607317887, 64: 1.0, 65: 1.9912329804189066, 66: 1.0, 67: 5.48781908534132, 68: 2.9863215932993175, 69: 1.0, 70: 1.0, 71: 1.4951353410467327, 72: 1.0, 73: 2.990816627937082, 74: 1.0, 75: 1.0, 76: 4.995413596197224, 77: 1.0, 78: 1.4959433433634415, 79: 6.995948407411989, 80: 4.99193271184396, 81: 2.4956075527579484, 82: 1.0, 83: 1.9909371019668316, 84: 1.0, 85: 3.4953720058632927, 86: 2.495672675214201, 87: 2.99529915666631, 88: 2.995002392661752, 89: 1.0, 90: 1.0, 91: 5.48744926969403, 92: 1.0, 93: 2.4906837320512865, 94: 1.0, 95: 5.495755623851206, 96: 1.0, 97: 2.990590845670452, 98: 4.9955515779774675, 99: 1.0}
2025-01-28 04:07:10 - WARNING  - Sum of s_i: 254.05994264842744
2025-01-28 04:07:27 - WARNING  - Shapley share: {12: 0.09999999999999981, 18: -0.24999999999999967, 32: -0.8999999999999999, 45: -0.5499999999999999, 26: -0.14999999999999986, 82: -0.050000000000000044, 21: -1.15, 42: -0.8999999999999999, 16: -0.8499999999999999, 3: -0.4500000000000001}
2025-01-28 04:07:31 - WARNING  - Epoch:    22. Accuracy: Top-1: 36.97 | Loss: value: 1.69
2025-01-28 04:07:31 - WARNING  - Epoch 22
2025-01-28 04:07:31 - WARNING  - s_i: {0: 1.0, 1: 0.9952703591452237, 2: 7.995794337697847, 3: 1.0, 4: 6.485448542153547, 5: 1.0, 6: 0.9959533189446071, 7: 3.4950187389477554, 8: 2.995153847819192, 9: 1.0, 10: 1.0, 11: 6.490958473749514, 12: 1.9954648184740442, 13: 0.9954107478753516, 14: 1.0, 15: 1.0, 16: 0.4957826822982063, 17: 1.9919627158984698, 18: 1.486020177317247, 19: 6.99585673220449, 20: 1.0, 21: 4.99508357644687, 22: 2.995067582701023, 23: 1.4952900119142212, 24: 0.9912271874676546, 25: 2.9900318178114484, 26: 3.4918788905475657, 27: 4.995688953639292, 28: 1.4908892449659334, 29: 1.0, 30: 6.986090694908116, 31: 0.9950599359027509, 32: 1.0, 33: 1.0, 34: 1.0, 35: 1.0, 36: 7.990215968018219, 37: 0.4864934224223738, 38: 1.0, 39: 1.995505230816557, 40: 1.0, 41: 4.490072035041536, 42: 1.0, 43: 3.4871391427671448, 44: 1.0, 45: 1.0, 46: 3.9917559363407253, 47: 1.0, 48: 1.0, 49: 2.995372325149921, 50: 3.987988280586988, 51: 7.9916582501290225, 52: 1.0, 53: 2.48505857056148, 54: 1.9958252199200857, 55: 2.495882360840329, 56: 2.4919765290816693, 57: 4.995246685966131, 58: 4.490061785917466, 59: 1.4917640336413687, 60: 1.0, 61: 1.995042851272487, 62: 2.4956027254245026, 63: 4.495136607317887, 64: 1.0, 65: 1.9912329804189066, 66: 1.0, 67: 5.48781908534132, 68: 2.9863215932993175, 69: 1.0, 70: 1.0, 71: 1.4951353410467327, 72: 1.0, 73: 2.990816627937082, 74: 1.0, 75: 1.0, 76: 4.995413596197224, 77: 1.0, 78: 1.4959433433634415, 79: 6.995948407411989, 80: 4.99193271184396, 81: 2.4956075527579484, 82: 0.4951735827066899, 83: 1.9909371019668316, 84: 1.0, 85: 3.4953720058632927, 86: 2.495672675214201, 87: 2.99529915666631, 88: 2.995002392661752, 89: 1.0, 90: 1.0, 91: 5.48744926969403, 92: 1.0, 93: 2.4906837320512865, 94: 1.0, 95: 5.495755623851206, 96: 1.0, 97: 2.990590845670452, 98: 4.9955515779774675, 99: 1.0}
2025-01-28 04:07:31 - WARNING  - Sum of s_i: 250.5418605539877
2025-01-28 04:07:48 - WARNING  - Shapley share: {28: -0.10000000000000009, 9: -0.2500000000000002, 74: -0.4000000000000001, 40: 2.7755575615628914e-16, 45: 0.050000000000000044, 12: -0.3, 96: -0.6, 94: -0.4000000000000001, 49: -0.4500000000000001, 71: -0.8000000000000002}
2025-01-28 04:07:52 - WARNING  - Epoch:    23. Accuracy: Top-1: 39.87 | Loss: value: 1.63
2025-01-28 04:07:52 - WARNING  - Epoch 23
2025-01-28 04:07:52 - WARNING  - s_i: {0: 1.0, 1: 0.9952703591452237, 2: 7.995794337697847, 3: 1.0, 4: 6.485448542153547, 5: 1.0, 6: 0.9959533189446071, 7: 3.4950187389477554, 8: 2.995153847819192, 9: 1.0, 10: 1.0, 11: 6.490958473749514, 12: 1.9954648184740442, 13: 0.9954107478753516, 14: 1.0, 15: 1.0, 16: 0.4957826822982063, 17: 1.9919627158984698, 18: 1.486020177317247, 19: 6.99585673220449, 20: 1.0, 21: 4.99508357644687, 22: 2.995067582701023, 23: 1.4952900119142212, 24: 0.9912271874676546, 25: 2.9900318178114484, 26: 3.4918788905475657, 27: 4.995688953639292, 28: 0.48633386744889906, 29: 1.0, 30: 6.986090694908116, 31: 0.9950599359027509, 32: 1.0, 33: 1.0, 34: 1.0, 35: 1.0, 36: 7.990215968018219, 37: 0.4864934224223738, 38: 1.0, 39: 1.995505230816557, 40: 0.9959280288675714, 41: 4.490072035041536, 42: 1.0, 43: 3.4871391427671448, 44: 1.0, 45: 1.4956417169692198, 46: 3.9917559363407253, 47: 1.0, 48: 1.0, 49: 2.995372325149921, 50: 3.987988280586988, 51: 7.9916582501290225, 52: 1.0, 53: 2.48505857056148, 54: 1.9958252199200857, 55: 2.495882360840329, 56: 2.4919765290816693, 57: 4.995246685966131, 58: 4.490061785917466, 59: 1.4917640336413687, 60: 1.0, 61: 1.995042851272487, 62: 2.4956027254245026, 63: 4.495136607317887, 64: 1.0, 65: 1.9912329804189066, 66: 1.0, 67: 5.48781908534132, 68: 2.9863215932993175, 69: 1.0, 70: 1.0, 71: 1.4951353410467327, 72: 1.0, 73: 2.990816627937082, 74: 1.0, 75: 1.0, 76: 4.995413596197224, 77: 1.0, 78: 1.4959433433634415, 79: 6.995948407411989, 80: 4.99193271184396, 81: 2.4956075527579484, 82: 0.4951735827066899, 83: 1.9909371019668316, 84: 1.0, 85: 3.4953720058632927, 86: 2.495672675214201, 87: 2.99529915666631, 88: 2.995002392661752, 89: 1.0, 90: 1.0, 91: 5.48744926969403, 92: 1.0, 93: 2.4906837320512865, 94: 1.0, 95: 5.495755623851206, 96: 1.0, 97: 2.990590845670452, 98: 4.9955515779774675, 99: 1.0}
2025-01-28 04:07:52 - WARNING  - Sum of s_i: 250.02887492230747
2025-01-28 04:08:12 - WARNING  - Shapley share: {18: -0.30000000000000027, 76: -0.24999999999999994, 93: -0.65, 53: -0.2500000000000002, 45: -0.7999999999999998, 91: -0.5000000000000002, 35: -0.35000000000000003, 51: -0.35000000000000003, 24: -0.3999999999999998, 36: 0.14999999999999986}
2025-01-28 04:08:17 - WARNING  - Epoch:    24. Accuracy: Top-1: 36.52 | Loss: value: 1.73
2025-01-28 04:08:17 - WARNING  - Epoch 24
2025-01-28 04:08:17 - WARNING  - s_i: {0: 1.0, 1: 0.9952703591452237, 2: 7.995794337697847, 3: 1.0, 4: 6.485448542153547, 5: 1.0, 6: 0.9959533189446071, 7: 3.4950187389477554, 8: 2.995153847819192, 9: 1.0, 10: 1.0, 11: 6.490958473749514, 12: 1.9954648184740442, 13: 0.9954107478753516, 14: 1.0, 15: 1.0, 16: 0.4957826822982063, 17: 1.9919627158984698, 18: 1.486020177317247, 19: 6.99585673220449, 20: 1.0, 21: 4.99508357644687, 22: 2.995067582701023, 23: 1.4952900119142212, 24: 0.9912271874676546, 25: 2.9900318178114484, 26: 3.4918788905475657, 27: 4.995688953639292, 28: 0.48633386744889906, 29: 1.0, 30: 6.986090694908116, 31: 0.9950599359027509, 32: 1.0, 33: 1.0, 34: 1.0, 35: 1.0, 36: 7.990215968018219, 37: 0.4864934224223738, 38: 1.0, 39: 1.995505230816557, 40: 0.9959280288675714, 41: 4.490072035041536, 42: 1.0, 43: 3.4871391427671448, 44: 1.0, 45: 1.4956417169692198, 46: 3.9917559363407253, 47: 1.0, 48: 1.0, 49: 2.995372325149921, 50: 3.987988280586988, 51: 4.487487375193531, 52: 1.0, 53: 2.48505857056148, 54: 1.9958252199200857, 55: 2.495882360840329, 56: 2.4919765290816693, 57: 4.995246685966131, 58: 4.490061785917466, 59: 1.4917640336413687, 60: 1.0, 61: 1.995042851272487, 62: 2.4956027254245026, 63: 4.495136607317887, 64: 1.0, 65: 1.9912329804189066, 66: 1.0, 67: 5.48781908534132, 68: 2.9863215932993175, 69: 1.0, 70: 1.0, 71: 1.4951353410467327, 72: 1.0, 73: 2.990816627937082, 74: 1.0, 75: 1.0, 76: 2.490827192394451, 77: 1.0, 78: 1.4959433433634415, 79: 6.995948407411989, 80: 4.99193271184396, 81: 2.4956075527579484, 82: 0.4951735827066899, 83: 1.9909371019668316, 84: 1.0, 85: 3.4953720058632927, 86: 2.495672675214201, 87: 2.99529915666631, 88: 2.995002392661752, 89: 1.0, 90: 1.0, 91: 0.4832656929253707, 92: 1.0, 93: 2.4906837320512865, 94: 1.0, 95: 5.495755623851206, 96: 1.0, 97: 2.990590845670452, 98: 4.9955515779774675, 99: 1.0}
2025-01-28 04:08:17 - WARNING  - Sum of s_i: 239.01593406680053
2025-01-28 04:08:35 - WARNING  - Shapley share: {13: -0.3, 75: -0.050000000000000044, 19: -1.0, 90: -0.5499999999999999, 77: -0.20000000000000018, 1: -0.35000000000000003, 22: -0.7500000000000004, 99: -0.7999999999999998, 79: -0.7000000000000001, 47: -1.5999999999999996}
2025-01-28 04:08:39 - WARNING  - Epoch:    25. Accuracy: Top-1: 39.55 | Loss: value: 1.65
2025-01-28 04:08:39 - WARNING  - Epoch 25
2025-01-28 04:08:39 - WARNING  - s_i: {0: 1.0, 1: 0.9952703591452237, 2: 7.995794337697847, 3: 1.0, 4: 6.485448542153547, 5: 1.0, 6: 0.9959533189446071, 7: 3.4950187389477554, 8: 2.995153847819192, 9: 1.0, 10: 1.0, 11: 6.490958473749514, 12: 1.9954648184740442, 13: 0.9954107478753516, 14: 1.0, 15: 1.0, 16: 0.4957826822982063, 17: 1.9919627158984698, 18: 1.486020177317247, 19: 6.99585673220449, 20: 1.0, 21: 4.99508357644687, 22: 2.995067582701023, 23: 1.4952900119142212, 24: 0.9912271874676546, 25: 2.9900318178114484, 26: 3.4918788905475657, 27: 4.995688953639292, 28: 0.48633386744889906, 29: 1.0, 30: 6.986090694908116, 31: 0.9950599359027509, 32: 1.0, 33: 1.0, 34: 1.0, 35: 1.0, 36: 7.990215968018219, 37: 0.4864934224223738, 38: 1.0, 39: 1.995505230816557, 40: 0.9959280288675714, 41: 4.490072035041536, 42: 1.0, 43: 3.4871391427671448, 44: 1.0, 45: 1.4956417169692198, 46: 3.9917559363407253, 47: 1.0, 48: 1.0, 49: 2.995372325149921, 50: 3.987988280586988, 51: 4.487487375193531, 52: 1.0, 53: 2.48505857056148, 54: 1.9958252199200857, 55: 2.495882360840329, 56: 2.4919765290816693, 57: 4.995246685966131, 58: 4.490061785917466, 59: 1.4917640336413687, 60: 1.0, 61: 1.995042851272487, 62: 2.4956027254245026, 63: 4.495136607317887, 64: 1.0, 65: 1.9912329804189066, 66: 1.0, 67: 5.48781908534132, 68: 2.9863215932993175, 69: 1.0, 70: 1.0, 71: 1.4951353410467327, 72: 1.0, 73: 2.990816627937082, 74: 1.0, 75: 0.4952630315170471, 76: 2.490827192394451, 77: 1.0, 78: 1.4959433433634415, 79: 6.995948407411989, 80: 4.99193271184396, 81: 2.4956075527579484, 82: 0.4951735827066899, 83: 1.9909371019668316, 84: 1.0, 85: 3.4953720058632927, 86: 2.495672675214201, 87: 2.99529915666631, 88: 2.995002392661752, 89: 1.0, 90: 1.0, 91: 0.4832656929253707, 92: 1.0, 93: 2.4906837320512865, 94: 1.0, 95: 5.495755623851206, 96: 1.0, 97: 2.990590845670452, 98: 4.9955515779774675, 99: 1.0}
2025-01-28 04:08:39 - WARNING  - Sum of s_i: 238.51119709831758
2025-01-28 04:09:00 - WARNING  - Shapley share: {30: -0.35000000000000003, 98: -0.20000000000000018, 85: -0.2999999999999997, 74: -0.24999999999999994, 49: -0.10000000000000009, 2: -0.050000000000000044, 10: -0.15000000000000013, 3: -0.4000000000000001, 94: -0.44999999999999984, 11: -0.2500000000000002}
2025-01-28 04:09:05 - WARNING  - Epoch:    26. Accuracy: Top-1: 40.02 | Loss: value: 1.63
2025-01-28 04:09:05 - WARNING  - Epoch 26
2025-01-28 04:09:05 - WARNING  - s_i: {0: 1.0, 1: 0.9952703591452237, 2: 7.491588675395692, 3: 1.0, 4: 6.485448542153547, 5: 1.0, 6: 0.9959533189446071, 7: 3.4950187389477554, 8: 2.995153847819192, 9: 1.0, 10: 1.0, 11: 3.986437710624269, 12: 1.9954648184740442, 13: 0.9954107478753516, 14: 1.0, 15: 1.0, 16: 0.4957826822982063, 17: 1.9919627158984698, 18: 1.486020177317247, 19: 6.99585673220449, 20: 1.0, 21: 4.99508357644687, 22: 2.995067582701023, 23: 1.4952900119142212, 24: 0.9912271874676546, 25: 2.9900318178114484, 26: 3.4918788905475657, 27: 4.995688953639292, 28: 0.48633386744889906, 29: 1.0, 30: 3.481454259877488, 31: 0.9950599359027509, 32: 1.0, 33: 1.0, 34: 1.0, 35: 1.0, 36: 7.990215968018219, 37: 0.4864934224223738, 38: 1.0, 39: 1.995505230816557, 40: 0.9959280288675714, 41: 4.490072035041536, 42: 1.0, 43: 3.4871391427671448, 44: 1.0, 45: 1.4956417169692198, 46: 3.9917559363407253, 47: 1.0, 48: 1.0, 49: 1.9907446502998392, 50: 3.987988280586988, 51: 4.487487375193531, 52: 1.0, 53: 2.48505857056148, 54: 1.9958252199200857, 55: 2.495882360840329, 56: 2.4919765290816693, 57: 4.995246685966131, 58: 4.490061785917466, 59: 1.4917640336413687, 60: 1.0, 61: 1.995042851272487, 62: 2.4956027254245026, 63: 4.495136607317887, 64: 1.0, 65: 1.9912329804189066, 66: 1.0, 67: 5.48781908534132, 68: 2.9863215932993175, 69: 1.0, 70: 1.0, 71: 1.4951353410467327, 72: 1.0, 73: 2.990816627937082, 74: 1.0, 75: 0.4952630315170471, 76: 2.490827192394451, 77: 1.0, 78: 1.4959433433634415, 79: 6.995948407411989, 80: 4.99193271184396, 81: 2.4956075527579484, 82: 0.4951735827066899, 83: 1.9909371019668316, 84: 1.0, 85: 0.4907440117265862, 86: 2.495672675214201, 87: 2.99529915666631, 88: 2.995002392661752, 89: 1.0, 90: 1.0, 91: 0.4832656929253707, 92: 1.0, 93: 2.4906837320512865, 94: 1.0, 95: 5.495755623851206, 96: 1.0, 97: 2.990590845670452, 98: 2.9911031559549333, 99: 1.0}
2025-01-28 04:09:05 - WARNING  - Sum of s_i: 225.98413014685025
2025-01-28 04:09:20 - WARNING  - Shapley share: {59: 0.35000000000000003, 37: 0.4999999999999999, 34: 0.5000000000000002, 33: 0.0, 22: 0.40000000000000036, 40: 0.4500000000000001, 57: 0.050000000000000044, 17: 0.44999999999999984, 1: 0.44999999999999984, 18: 0.35000000000000003}
2025-01-28 04:09:24 - WARNING  - Epoch:    27. Accuracy: Top-1: 41.04 | Loss: value: 1.60
2025-01-28 04:09:24 - WARNING  - Epoch 27
2025-01-28 04:09:24 - WARNING  - s_i: {0: 1.0, 1: 5.490540718290445, 2: 7.491588675395692, 3: 1.0, 4: 6.485448542153547, 5: 1.0, 6: 0.9959533189446071, 7: 3.4950187389477554, 8: 2.995153847819192, 9: 1.0, 10: 1.0, 11: 3.986437710624269, 12: 1.9954648184740442, 13: 0.9954107478753516, 14: 1.0, 15: 1.0, 16: 0.4957826822982063, 17: 6.487944073847704, 18: 4.981360236422995, 19: 6.99585673220449, 20: 1.0, 21: 4.99508357644687, 22: 6.990135165402051, 23: 1.4952900119142212, 24: 0.9912271874676546, 25: 2.9900318178114484, 26: 3.4918788905475657, 27: 4.995688953639292, 28: 0.48633386744889906, 29: 1.0, 30: 3.481454259877488, 31: 0.9950599359027509, 32: 1.0, 33: 0.9954236032232313, 34: 5.995311148215739, 35: 1.0, 36: 7.990215968018219, 37: 5.481991229896497, 38: 1.0, 39: 1.995505230816557, 40: 5.491856057735141, 41: 4.490072035041536, 42: 1.0, 43: 3.4871391427671448, 44: 1.0, 45: 1.4956417169692198, 46: 3.9917559363407253, 47: 1.0, 48: 1.0, 49: 1.9907446502998392, 50: 3.987988280586988, 51: 4.487487375193531, 52: 1.0, 53: 2.48505857056148, 54: 1.9958252199200857, 55: 2.495882360840329, 56: 2.4919765290816693, 57: 5.490493371932262, 58: 4.490061785917466, 59: 4.987646050462054, 60: 1.0, 61: 1.995042851272487, 62: 2.4956027254245026, 63: 4.495136607317887, 64: 1.0, 65: 1.9912329804189066, 66: 1.0, 67: 5.48781908534132, 68: 2.9863215932993175, 69: 1.0, 70: 1.0, 71: 1.4951353410467327, 72: 1.0, 73: 2.990816627937082, 74: 1.0, 75: 0.4952630315170471, 76: 2.490827192394451, 77: 1.0, 78: 1.4959433433634415, 79: 6.995948407411989, 80: 4.99193271184396, 81: 2.4956075527579484, 82: 0.4951735827066899, 83: 1.9909371019668316, 84: 1.0, 85: 0.4907440117265862, 86: 2.495672675214201, 87: 2.99529915666631, 88: 2.995002392661752, 89: 1.0, 90: 1.0, 91: 0.4832656929253707, 92: 1.0, 93: 2.4906837320512865, 94: 1.0, 95: 5.495755623851206, 96: 1.0, 97: 2.990590845670452, 98: 2.9911031559549333, 99: 1.0}
2025-01-28 04:09:24 - WARNING  - Sum of s_i: 260.93907879631894
2025-01-28 04:09:44 - WARNING  - Shapley share: {57: -0.3, 38: -0.7500000000000001, 10: -0.8000000000000002, 8: -0.8499999999999999, 19: -0.4500000000000001, 63: -0.35000000000000003, 67: -1.0, 97: -1.15, 49: -0.7500000000000002, 45: -0.7499999999999998}
2025-01-28 04:09:49 - WARNING  - Epoch:    28. Accuracy: Top-1: 39.58 | Loss: value: 1.62
2025-01-28 04:09:49 - WARNING  - Epoch 28
2025-01-28 04:09:49 - WARNING  - s_i: {0: 1.0, 1: 5.490540718290445, 2: 7.491588675395692, 3: 1.0, 4: 6.485448542153547, 5: 1.0, 6: 0.9959533189446071, 7: 3.4950187389477554, 8: 2.995153847819192, 9: 1.0, 10: 1.0, 11: 3.986437710624269, 12: 1.9954648184740442, 13: 0.9954107478753516, 14: 1.0, 15: 1.0, 16: 0.4957826822982063, 17: 6.487944073847704, 18: 4.981360236422995, 19: 2.491713464408978, 20: 1.0, 21: 4.99508357644687, 22: 6.990135165402051, 23: 1.4952900119142212, 24: 0.9912271874676546, 25: 2.9900318178114484, 26: 3.4918788905475657, 27: 4.995688953639292, 28: 0.48633386744889906, 29: 1.0, 30: 3.481454259877488, 31: 0.9950599359027509, 32: 1.0, 33: 0.9954236032232313, 34: 5.995311148215739, 35: 1.0, 36: 7.990215968018219, 37: 5.481991229896497, 38: 1.0, 39: 1.995505230816557, 40: 5.491856057735141, 41: 4.490072035041536, 42: 1.0, 43: 3.4871391427671448, 44: 1.0, 45: 1.4956417169692198, 46: 3.9917559363407253, 47: 1.0, 48: 1.0, 49: 1.9907446502998392, 50: 3.987988280586988, 51: 4.487487375193531, 52: 1.0, 53: 2.48505857056148, 54: 1.9958252199200857, 55: 2.495882360840329, 56: 2.4919765290816693, 57: 2.4857400578983917, 58: 4.490061785917466, 59: 4.987646050462054, 60: 1.0, 61: 1.995042851272487, 62: 2.4956027254245026, 63: 0.9902732146357738, 64: 1.0, 65: 1.9912329804189066, 66: 1.0, 67: 5.48781908534132, 68: 2.9863215932993175, 69: 1.0, 70: 1.0, 71: 1.4951353410467327, 72: 1.0, 73: 2.990816627937082, 74: 1.0, 75: 0.4952630315170471, 76: 2.490827192394451, 77: 1.0, 78: 1.4959433433634415, 79: 6.995948407411989, 80: 4.99193271184396, 81: 2.4956075527579484, 82: 0.4951735827066899, 83: 1.9909371019668316, 84: 1.0, 85: 0.4907440117265862, 86: 2.495672675214201, 87: 2.99529915666631, 88: 2.995002392661752, 89: 1.0, 90: 1.0, 91: 0.4832656929253707, 92: 1.0, 93: 2.4906837320512865, 94: 1.0, 95: 5.495755623851206, 96: 1.0, 97: 2.990590845670452, 98: 2.9911031559549333, 99: 1.0}
2025-01-28 04:09:49 - WARNING  - Sum of s_i: 249.92531882180745
2025-01-28 04:10:08 - WARNING  - Shapley share: {40: 0.35000000000000003, 44: 0.050000000000000044, 22: -0.35000000000000003, 79: -0.5499999999999996, 7: 0.0, 1: -0.050000000000000044, 64: -0.14999999999999986, 80: 0.24999999999999994, 82: 0.2500000000000002, 47: -0.3}
2025-01-28 04:10:13 - WARNING  - Epoch:    29. Accuracy: Top-1: 38.45 | Loss: value: 1.66
2025-01-28 04:10:13 - WARNING  - Epoch 29
2025-01-28 04:10:13 - WARNING  - s_i: {0: 1.0, 1: 4.9858110774356685, 2: 7.491588675395692, 3: 1.0, 4: 6.485448542153547, 5: 1.0, 6: 0.9959533189446071, 7: 3.490037477895511, 8: 2.995153847819192, 9: 1.0, 10: 1.0, 11: 3.986437710624269, 12: 1.9954648184740442, 13: 0.9954107478753516, 14: 1.0, 15: 1.0, 16: 0.4957826822982063, 17: 6.487944073847704, 18: 4.981360236422995, 19: 2.491713464408978, 20: 1.0, 21: 4.99508357644687, 22: 3.4852027481030743, 23: 1.4952900119142212, 24: 0.9912271874676546, 25: 2.9900318178114484, 26: 3.4918788905475657, 27: 4.995688953639292, 28: 0.48633386744889906, 29: 1.0, 30: 3.481454259877488, 31: 0.9950599359027509, 32: 1.0, 33: 0.9954236032232313, 34: 5.995311148215739, 35: 1.0, 36: 7.990215968018219, 37: 5.481991229896497, 38: 1.0, 39: 1.995505230816557, 40: 5.491856057735141, 41: 4.490072035041536, 42: 1.0, 43: 3.4871391427671448, 44: 1.4956020681351163, 45: 1.4956417169692198, 46: 3.9917559363407253, 47: 1.0, 48: 1.0, 49: 1.9907446502998392, 50: 3.987988280586988, 51: 4.487487375193531, 52: 1.0, 53: 2.48505857056148, 54: 1.9958252199200857, 55: 2.495882360840329, 56: 2.4919765290816693, 57: 2.4857400578983917, 58: 4.490061785917466, 59: 4.987646050462054, 60: 1.0, 61: 1.995042851272487, 62: 2.4956027254245026, 63: 0.9902732146357738, 64: 1.0, 65: 1.9912329804189066, 66: 1.0, 67: 5.48781908534132, 68: 2.9863215932993175, 69: 1.0, 70: 1.0, 71: 1.4951353410467327, 72: 1.0, 73: 2.990816627937082, 74: 1.0, 75: 0.4952630315170471, 76: 2.490827192394451, 77: 1.0, 78: 1.4959433433634415, 79: 1.4918968148239804, 80: 7.487899067765939, 81: 2.4956075527579484, 82: 2.9903471654133824, 83: 1.9909371019668316, 84: 1.0, 85: 0.4907440117265862, 86: 2.495672675214201, 87: 2.99529915666631, 88: 2.995002392661752, 89: 1.0, 90: 1.0, 91: 0.4832656929253707, 92: 1.0, 93: 2.4906837320512865, 94: 1.0, 95: 5.495755623851206, 96: 1.0, 97: 2.990590845670452, 98: 2.9911031559549333, 99: 1.0}
2025-01-28 04:10:13 - WARNING  - Sum of s_i: 245.89336591677724
2025-01-28 04:10:28 - WARNING  - Shapley share: {77: -0.3, 35: -0.4000000000000001, 44: -0.4500000000000001, 9: -0.35000000000000003, 70: -0.7000000000000001, 60: -0.6999999999999997, 32: -0.5499999999999999, 19: -0.3999999999999998, 10: -0.8999999999999999, 3: -0.9499999999999997}
2025-01-28 04:10:33 - WARNING  - Epoch:    30. Accuracy: Top-1: 40.91 | Loss: value: 1.57
2025-01-28 04:10:33 - WARNING  - Epoch 30
2025-01-28 04:10:33 - WARNING  - s_i: {0: 1.0, 1: 4.9858110774356685, 2: 7.491588675395692, 3: 1.0, 4: 6.485448542153547, 5: 1.0, 6: 0.9959533189446071, 7: 3.490037477895511, 8: 2.995153847819192, 9: 1.0, 10: 1.0, 11: 3.986437710624269, 12: 1.9954648184740442, 13: 0.9954107478753516, 14: 1.0, 15: 1.0, 16: 0.4957826822982063, 17: 6.487944073847704, 18: 4.981360236422995, 19: 2.491713464408978, 20: 1.0, 21: 4.99508357644687, 22: 3.4852027481030743, 23: 1.4952900119142212, 24: 0.9912271874676546, 25: 2.9900318178114484, 26: 3.4918788905475657, 27: 4.995688953639292, 28: 0.48633386744889906, 29: 1.0, 30: 3.481454259877488, 31: 0.9950599359027509, 32: 1.0, 33: 0.9954236032232313, 34: 5.995311148215739, 35: 1.0, 36: 7.990215968018219, 37: 5.481991229896497, 38: 1.0, 39: 1.995505230816557, 40: 5.491856057735141, 41: 4.490072035041536, 42: 1.0, 43: 3.4871391427671448, 44: 1.4956020681351163, 45: 1.4956417169692198, 46: 3.9917559363407253, 47: 1.0, 48: 1.0, 49: 1.9907446502998392, 50: 3.987988280586988, 51: 4.487487375193531, 52: 1.0, 53: 2.48505857056148, 54: 1.9958252199200857, 55: 2.495882360840329, 56: 2.4919765290816693, 57: 2.4857400578983917, 58: 4.490061785917466, 59: 4.987646050462054, 60: 1.0, 61: 1.995042851272487, 62: 2.4956027254245026, 63: 0.9902732146357738, 64: 1.0, 65: 1.9912329804189066, 66: 1.0, 67: 5.48781908534132, 68: 2.9863215932993175, 69: 1.0, 70: 1.0, 71: 1.4951353410467327, 72: 1.0, 73: 2.990816627937082, 74: 1.0, 75: 0.4952630315170471, 76: 2.490827192394451, 77: 1.0, 78: 1.4959433433634415, 79: 1.4918968148239804, 80: 7.487899067765939, 81: 2.4956075527579484, 82: 2.9903471654133824, 83: 1.9909371019668316, 84: 1.0, 85: 0.4907440117265862, 86: 2.495672675214201, 87: 2.99529915666631, 88: 2.995002392661752, 89: 1.0, 90: 1.0, 91: 0.4832656929253707, 92: 1.0, 93: 2.4906837320512865, 94: 1.0, 95: 5.495755623851206, 96: 1.0, 97: 2.990590845670452, 98: 2.9911031559549333, 99: 1.0}
2025-01-28 04:10:33 - WARNING  - Sum of s_i: 245.89336591677724
2025-01-28 04:10:37 - WARNING  - The sum of accs: 47.0
2025-01-28 04:10:37 - WARNING  - The welfare is 46.889476654328426
2025-01-28 04:10:56 - WARNING  - Shapley share: {17: -0.4000000000000001, 91: 2.7755575615628914e-16, 98: -0.5499999999999999, 93: -0.1999999999999999, 4: -0.1999999999999999, 16: -0.24999999999999994, 62: 0.20000000000000018, 35: -0.14999999999999986, 99: -0.09999999999999981, 48: 0.20000000000000018}
2025-01-28 04:11:00 - WARNING  - Epoch:    31. Accuracy: Top-1: 40.59 | Loss: value: 1.59
2025-01-28 04:11:00 - WARNING  - Epoch 31
2025-01-28 04:11:00 - WARNING  - s_i: {0: 1.0, 1: 4.9858110774356685, 2: 7.491588675395692, 3: 1.0, 4: 4.48059805620473, 5: 1.0, 6: 0.9959533189446071, 7: 3.490037477895511, 8: 2.995153847819192, 9: 1.0, 10: 1.0, 11: 3.986437710624269, 12: 1.9954648184740442, 13: 0.9954107478753516, 14: 1.0, 15: 1.0, 16: 0.4957826822982063, 17: 2.483925431796938, 18: 4.981360236422995, 19: 2.491713464408978, 20: 1.0, 21: 4.99508357644687, 22: 3.4852027481030743, 23: 1.4952900119142212, 24: 0.9912271874676546, 25: 2.9900318178114484, 26: 3.4918788905475657, 27: 4.995688953639292, 28: 0.48633386744889906, 29: 1.0, 30: 3.481454259877488, 31: 0.9950599359027509, 32: 1.0, 33: 0.9954236032232313, 34: 5.995311148215739, 35: 1.0, 36: 7.990215968018219, 37: 5.481991229896497, 38: 1.0, 39: 1.995505230816557, 40: 5.491856057735141, 41: 4.490072035041536, 42: 1.0, 43: 3.4871391427671448, 44: 1.4956020681351163, 45: 1.4956417169692198, 46: 3.9917559363407253, 47: 1.0, 48: 2.9954654077878256, 49: 1.9907446502998392, 50: 3.987988280586988, 51: 4.487487375193531, 52: 1.0, 53: 2.48505857056148, 54: 1.9958252199200857, 55: 2.495882360840329, 56: 2.4919765290816693, 57: 2.4857400578983917, 58: 4.490061785917466, 59: 4.987646050462054, 60: 1.0, 61: 1.995042851272487, 62: 4.491205450849006, 63: 0.9902732146357738, 64: 1.0, 65: 1.9912329804189066, 66: 1.0, 67: 5.48781908534132, 68: 2.9863215932993175, 69: 1.0, 70: 1.0, 71: 1.4951353410467327, 72: 1.0, 73: 2.990816627937082, 74: 1.0, 75: 0.4952630315170471, 76: 2.490827192394451, 77: 1.0, 78: 1.4959433433634415, 79: 1.4918968148239804, 80: 7.487899067765939, 81: 2.4956075527579484, 82: 2.9903471654133824, 83: 1.9909371019668316, 84: 1.0, 85: 0.4907440117265862, 86: 2.495672675214201, 87: 2.99529915666631, 88: 2.995002392661752, 89: 1.0, 90: 1.0, 91: 0.47908211615671614, 92: 1.0, 93: 0.48602559807693035, 94: 1.0, 95: 5.495755623851206, 96: 1.0, 97: 2.990590845670452, 98: 2.9911031559549333, 99: 1.0}
2025-01-28 04:11:00 - WARNING  - Sum of s_i: 241.86672321124698
2025-01-28 04:11:18 - WARNING  - Shapley share: {22: 0.3, 50: -0.15000000000000013, 81: -0.14999999999999986, 59: -0.20000000000000018, 13: -0.24999999999999994, 83: -0.34999999999999976, 80: -0.3999999999999998, 91: -0.3999999999999998, 97: -0.4999999999999999, 63: -0.44999999999999957}
2025-01-28 04:11:23 - WARNING  - Epoch:    32. Accuracy: Top-1: 42.40 | Loss: value: 1.54
2025-01-28 04:11:23 - WARNING  - Epoch 32
2025-01-28 04:11:23 - WARNING  - s_i: {0: 1.0, 1: 4.9858110774356685, 2: 7.491588675395692, 3: 1.0, 4: 4.48059805620473, 5: 1.0, 6: 0.9959533189446071, 7: 3.490037477895511, 8: 2.995153847819192, 9: 1.0, 10: 1.0, 11: 3.986437710624269, 12: 1.9954648184740442, 13: 0.9954107478753516, 14: 1.0, 15: 1.0, 16: 0.4957826822982063, 17: 2.483925431796938, 18: 4.981360236422995, 19: 2.491713464408978, 20: 1.0, 21: 4.99508357644687, 22: 6.480270330804098, 23: 1.4952900119142212, 24: 0.9912271874676546, 25: 2.9900318178114484, 26: 3.4918788905475657, 27: 4.995688953639292, 28: 0.48633386744889906, 29: 1.0, 30: 3.481454259877488, 31: 0.9950599359027509, 32: 1.0, 33: 0.9954236032232313, 34: 5.995311148215739, 35: 1.0, 36: 7.990215968018219, 37: 5.481991229896497, 38: 1.0, 39: 1.995505230816557, 40: 5.491856057735141, 41: 4.490072035041536, 42: 1.0, 43: 3.4871391427671448, 44: 1.4956020681351163, 45: 1.4956417169692198, 46: 3.9917559363407253, 47: 1.0, 48: 2.9954654077878256, 49: 1.9907446502998392, 50: 2.483984374115982, 51: 4.487487375193531, 52: 1.0, 53: 2.48505857056148, 54: 1.9958252199200857, 55: 2.495882360840329, 56: 2.4919765290816693, 57: 2.4857400578983917, 58: 4.490061785917466, 59: 2.983528067282737, 60: 1.0, 61: 1.995042851272487, 62: 4.491205450849006, 63: 0.9902732146357738, 64: 1.0, 65: 1.9912329804189066, 66: 1.0, 67: 5.48781908534132, 68: 2.9863215932993175, 69: 1.0, 70: 1.0, 71: 1.4951353410467327, 72: 1.0, 73: 2.990816627937082, 74: 1.0, 75: 0.4952630315170471, 76: 2.490827192394451, 77: 1.0, 78: 1.4959433433634415, 79: 1.4918968148239804, 80: 3.483865423687921, 81: 0.9912151055158971, 82: 2.9903471654133824, 83: 1.9909371019668316, 84: 1.0, 85: 0.4907440117265862, 86: 2.495672675214201, 87: 2.99529915666631, 88: 2.995002392661752, 89: 1.0, 90: 1.0, 91: 0.47908211615671614, 92: 1.0, 93: 0.48602559807693035, 94: 1.0, 95: 5.495755623851206, 96: 1.0, 97: 2.990590845670452, 98: 2.9911031559549333, 99: 1.0}
2025-01-28 04:11:23 - WARNING  - Sum of s_i: 235.8452428129776
2025-01-28 04:11:42 - WARNING  - Shapley share: {99: -0.1999999999999999, 56: -0.050000000000000044, 51: 0.24999999999999994, 38: 0.050000000000000044, 63: -0.3500000000000003, 44: 0.0, 4: 0.05000000000000032, 11: -0.15000000000000013, 8: -0.050000000000000044, 40: 0.09999999999999981}
2025-01-28 04:11:47 - WARNING  - Epoch:    33. Accuracy: Top-1: 42.99 | Loss: value: 1.53
2025-01-28 04:11:47 - WARNING  - Epoch 33
2025-01-28 04:11:47 - WARNING  - s_i: {0: 1.0, 1: 4.9858110774356685, 2: 7.491588675395692, 3: 1.0, 4: 4.975747570255916, 5: 1.0, 6: 0.9959533189446071, 7: 3.490037477895511, 8: 2.4903076956383816, 9: 1.0, 10: 1.0, 11: 2.481916947499025, 12: 1.9954648184740442, 13: 0.9954107478753516, 14: 1.0, 15: 1.0, 16: 0.4957826822982063, 17: 2.483925431796938, 18: 4.981360236422995, 19: 2.491713464408978, 20: 1.0, 21: 4.99508357644687, 22: 6.480270330804098, 23: 1.4952900119142212, 24: 0.9912271874676546, 25: 2.9900318178114484, 26: 3.4918788905475657, 27: 4.995688953639292, 28: 0.48633386744889906, 29: 1.0, 30: 3.481454259877488, 31: 0.9950599359027509, 32: 1.0, 33: 0.9954236032232313, 34: 5.995311148215739, 35: 1.0, 36: 7.990215968018219, 37: 5.481991229896497, 38: 1.4952136222254697, 39: 1.995505230816557, 40: 6.487784086602708, 41: 4.490072035041536, 42: 1.0, 43: 3.4871391427671448, 44: 1.4912041362702322, 45: 1.4956417169692198, 46: 3.9917559363407253, 47: 1.0, 48: 2.9954654077878256, 49: 1.9907446502998392, 50: 2.483984374115982, 51: 6.98331650025804, 52: 1.0, 53: 2.48505857056148, 54: 1.9958252199200857, 55: 2.495882360840329, 56: 1.9879647936225031, 57: 2.4857400578983917, 58: 4.490061785917466, 59: 2.983528067282737, 60: 1.0, 61: 1.995042851272487, 62: 4.491205450849006, 63: 0.9902732146357738, 64: 1.0, 65: 1.9912329804189066, 66: 1.0, 67: 5.48781908534132, 68: 2.9863215932993175, 69: 1.0, 70: 1.0, 71: 1.4951353410467327, 72: 1.0, 73: 2.990816627937082, 74: 1.0, 75: 0.4952630315170471, 76: 2.490827192394451, 77: 1.0, 78: 1.4959433433634415, 79: 1.4918968148239804, 80: 3.483865423687921, 81: 0.9912151055158971, 82: 2.9903471654133824, 83: 1.9909371019668316, 84: 1.0, 85: 0.4907440117265862, 86: 2.495672675214201, 87: 2.99529915666631, 88: 2.995002392661752, 89: 1.0, 90: 1.0, 91: 0.47908211615671614, 92: 1.0, 93: 0.48602559807693035, 94: 1.0, 95: 5.495755623851206, 96: 1.0, 97: 2.990590845670452, 98: 2.9911031559549333, 99: 1.0}
2025-01-28 04:11:47 - WARNING  - Sum of s_i: 237.80958652055622
2025-01-28 04:12:03 - WARNING  - Shapley share: {28: -0.30000000000000027, 65: -0.8499999999999999, 92: -0.24999999999999967, 69: -0.4500000000000001, 2: -0.15000000000000013, 85: -0.15000000000000013, 10: -0.2999999999999997, 16: -0.050000000000000044, 41: -0.6999999999999997, 15: -0.95}
2025-01-28 04:12:08 - WARNING  - Epoch:    34. Accuracy: Top-1: 42.69 | Loss: value: 1.54
2025-01-28 04:12:08 - WARNING  - Epoch 34
2025-01-28 04:12:08 - WARNING  - s_i: {0: 1.0, 1: 4.9858110774356685, 2: 5.987383013093537, 3: 1.0, 4: 4.975747570255916, 5: 1.0, 6: 0.9959533189446071, 7: 3.490037477895511, 8: 2.4903076956383816, 9: 1.0, 10: 1.0, 11: 2.481916947499025, 12: 1.9954648184740442, 13: 0.9954107478753516, 14: 1.0, 15: 1.0, 16: 0.4957826822982063, 17: 2.483925431796938, 18: 4.981360236422995, 19: 2.491713464408978, 20: 1.0, 21: 4.99508357644687, 22: 6.480270330804098, 23: 1.4952900119142212, 24: 0.9912271874676546, 25: 2.9900318178114484, 26: 3.4918788905475657, 27: 4.995688953639292, 28: 0.48633386744889906, 29: 1.0, 30: 3.481454259877488, 31: 0.9950599359027509, 32: 1.0, 33: 0.9954236032232313, 34: 5.995311148215739, 35: 1.0, 36: 7.990215968018219, 37: 5.481991229896497, 38: 1.4952136222254697, 39: 1.995505230816557, 40: 6.487784086602708, 41: 4.490072035041536, 42: 1.0, 43: 3.4871391427671448, 44: 1.4912041362702322, 45: 1.4956417169692198, 46: 3.9917559363407253, 47: 1.0, 48: 2.9954654077878256, 49: 1.9907446502998392, 50: 2.483984374115982, 51: 6.98331650025804, 52: 1.0, 53: 2.48505857056148, 54: 1.9958252199200857, 55: 2.495882360840329, 56: 1.9879647936225031, 57: 2.4857400578983917, 58: 4.490061785917466, 59: 2.983528067282737, 60: 1.0, 61: 1.995042851272487, 62: 4.491205450849006, 63: 0.9902732146357738, 64: 1.0, 65: 1.9912329804189066, 66: 1.0, 67: 5.48781908534132, 68: 2.9863215932993175, 69: 1.0, 70: 1.0, 71: 1.4951353410467327, 72: 1.0, 73: 2.990816627937082, 74: 1.0, 75: 0.4952630315170471, 76: 2.490827192394451, 77: 1.0, 78: 1.4959433433634415, 79: 1.4918968148239804, 80: 3.483865423687921, 81: 0.9912151055158971, 82: 2.9903471654133824, 83: 1.9909371019668316, 84: 1.0, 85: 0.4907440117265862, 86: 2.495672675214201, 87: 2.99529915666631, 88: 2.995002392661752, 89: 1.0, 90: 1.0, 91: 0.47908211615671614, 92: 1.0, 93: 0.48602559807693035, 94: 1.0, 95: 5.495755623851206, 96: 1.0, 97: 2.990590845670452, 98: 2.9911031559549333, 99: 1.0}
2025-01-28 04:12:08 - WARNING  - Sum of s_i: 236.30538085825407
2025-01-28 04:12:25 - WARNING  - Shapley share: {21: -0.3500000000000003, 57: -0.04999999999999977, 73: 0.14999999999999986, 42: 0.10000000000000037, 31: -0.1999999999999999, 25: -0.2999999999999997, 4: -0.5500000000000003, 96: -0.7500000000000001, 62: -0.95, 70: -0.65}
2025-01-28 04:12:30 - WARNING  - Epoch:    35. Accuracy: Top-1: 42.85 | Loss: value: 1.55
2025-01-28 04:12:30 - WARNING  - Epoch 35
2025-01-28 04:12:30 - WARNING  - s_i: {0: 1.0, 1: 4.9858110774356685, 2: 5.987383013093537, 3: 1.0, 4: 4.975747570255916, 5: 1.0, 6: 0.9959533189446071, 7: 3.490037477895511, 8: 2.4903076956383816, 9: 1.0, 10: 1.0, 11: 2.481916947499025, 12: 1.9954648184740442, 13: 0.9954107478753516, 14: 1.0, 15: 1.0, 16: 0.4957826822982063, 17: 2.483925431796938, 18: 4.981360236422995, 19: 2.491713464408978, 20: 1.0, 21: 1.4901671528937355, 22: 6.480270330804098, 23: 1.4952900119142212, 24: 0.9912271874676546, 25: 2.9900318178114484, 26: 3.4918788905475657, 27: 4.995688953639292, 28: 0.48633386744889906, 29: 1.0, 30: 3.481454259877488, 31: 0.9950599359027509, 32: 1.0, 33: 0.9954236032232313, 34: 5.995311148215739, 35: 1.0, 36: 7.990215968018219, 37: 5.481991229896497, 38: 1.4952136222254697, 39: 1.995505230816557, 40: 6.487784086602708, 41: 4.490072035041536, 42: 1.9956048166738756, 43: 3.4871391427671448, 44: 1.4912041362702322, 45: 1.4956417169692198, 46: 3.9917559363407253, 47: 1.0, 48: 2.9954654077878256, 49: 1.9907446502998392, 50: 2.483984374115982, 51: 6.98331650025804, 52: 1.0, 53: 2.48505857056148, 54: 1.9958252199200857, 55: 2.495882360840329, 56: 1.9879647936225031, 57: 1.980986743864524, 58: 4.490061785917466, 59: 2.983528067282737, 60: 1.0, 61: 1.995042851272487, 62: 4.491205450849006, 63: 0.9902732146357738, 64: 1.0, 65: 1.9912329804189066, 66: 1.0, 67: 5.48781908534132, 68: 2.9863215932993175, 69: 1.0, 70: 1.0, 71: 1.4951353410467327, 72: 1.0, 73: 4.48622494190562, 74: 1.0, 75: 0.4952630315170471, 76: 2.490827192394451, 77: 1.0, 78: 1.4959433433634415, 79: 1.4918968148239804, 80: 3.483865423687921, 81: 0.9912151055158971, 82: 2.9903471654133824, 83: 1.9909371019668316, 84: 1.0, 85: 0.4907440117265862, 86: 2.495672675214201, 87: 2.99529915666631, 88: 2.995002392661752, 89: 1.0, 90: 1.0, 91: 0.47908211615671614, 92: 1.0, 93: 0.48602559807693035, 94: 1.0, 95: 5.495755623851206, 96: 1.0, 97: 2.990590845670452, 98: 2.9911031559549333, 99: 1.0}
2025-01-28 04:12:30 - WARNING  - Sum of s_i: 234.7867242513095
2025-01-28 04:12:50 - WARNING  - Shapley share: {23: 2.7755575615628914e-16, 21: -0.09999999999999981, 95: -0.050000000000000044, 70: -0.30000000000000027, 40: 0.10000000000000009, 66: -0.1999999999999999, 3: -0.24999999999999994, 4: -0.35000000000000003, 27: -0.3999999999999998, 98: 0.14999999999999986}
2025-01-28 04:12:54 - WARNING  - Epoch:    36. Accuracy: Top-1: 42.73 | Loss: value: 1.54
2025-01-28 04:12:54 - WARNING  - Epoch 36
2025-01-28 04:12:54 - WARNING  - s_i: {0: 1.0, 1: 4.9858110774356685, 2: 5.987383013093537, 3: 1.0, 4: 1.4708970843070985, 5: 1.0, 6: 0.9959533189446071, 7: 3.490037477895511, 8: 2.4903076956383816, 9: 1.0, 10: 1.0, 11: 2.481916947499025, 12: 1.9954648184740442, 13: 0.9954107478753516, 14: 1.0, 15: 1.0, 16: 0.4957826822982063, 17: 2.483925431796938, 18: 4.981360236422995, 19: 2.491713464408978, 20: 1.0, 21: 0.4852507293406063, 22: 6.480270330804098, 23: 1.4905800238284446, 24: 0.9912271874676546, 25: 2.9900318178114484, 26: 3.4918788905475657, 27: 0.9913779072785864, 28: 0.48633386744889906, 29: 1.0, 30: 3.481454259877488, 31: 0.9950599359027509, 32: 1.0, 33: 0.9954236032232313, 34: 5.995311148215739, 35: 1.0, 36: 7.990215968018219, 37: 5.481991229896497, 38: 1.4952136222254697, 39: 1.995505230816557, 40: 7.4837121154702775, 41: 4.490072035041536, 42: 1.9956048166738756, 43: 3.4871391427671448, 44: 1.4912041362702322, 45: 1.4956417169692198, 46: 3.9917559363407253, 47: 1.0, 48: 2.9954654077878256, 49: 1.9907446502998392, 50: 2.483984374115982, 51: 6.98331650025804, 52: 1.0, 53: 2.48505857056148, 54: 1.9958252199200857, 55: 2.495882360840329, 56: 1.9879647936225031, 57: 1.980986743864524, 58: 4.490061785917466, 59: 2.983528067282737, 60: 1.0, 61: 1.995042851272487, 62: 4.491205450849006, 63: 0.9902732146357738, 64: 1.0, 65: 1.9912329804189066, 66: 1.0, 67: 5.48781908534132, 68: 2.9863215932993175, 69: 1.0, 70: 1.0, 71: 1.4951353410467327, 72: 1.0, 73: 4.48622494190562, 74: 1.0, 75: 0.4952630315170471, 76: 2.490827192394451, 77: 1.0, 78: 1.4959433433634415, 79: 1.4918968148239804, 80: 3.483865423687921, 81: 0.9912151055158971, 82: 2.9903471654133824, 83: 1.9909371019668316, 84: 1.0, 85: 0.4907440117265862, 86: 2.495672675214201, 87: 2.99529915666631, 88: 2.995002392661752, 89: 1.0, 90: 1.0, 91: 0.47908211615671614, 92: 1.0, 93: 0.48602559807693035, 94: 1.0, 95: 4.991511247702413, 96: 1.0, 97: 2.990590845670452, 98: 4.486654733932399, 99: 1.0}
2025-01-28 04:12:54 - WARNING  - Sum of s_i: 228.25517153805728
2025-01-28 04:13:12 - WARNING  - Shapley share: {87: 0.20000000000000018, 3: -0.14999999999999986, 99: -0.24999999999999994, 51: 0.35000000000000003, 62: -0.24999999999999994, 7: -0.8499999999999999, 68: -0.9000000000000004, 20: -0.050000000000000044, 5: -0.4000000000000001, 60: -0.6000000000000003}
2025-01-28 04:13:16 - WARNING  - Epoch:    37. Accuracy: Top-1: 43.35 | Loss: value: 1.54
2025-01-28 04:13:16 - WARNING  - Epoch 37
2025-01-28 04:13:16 - WARNING  - s_i: {0: 1.0, 1: 4.9858110774356685, 2: 5.987383013093537, 3: 1.0, 4: 1.4708970843070985, 5: 1.0, 6: 0.9959533189446071, 7: 3.490037477895511, 8: 2.4903076956383816, 9: 1.0, 10: 1.0, 11: 2.481916947499025, 12: 1.9954648184740442, 13: 0.9954107478753516, 14: 1.0, 15: 1.0, 16: 0.4957826822982063, 17: 2.483925431796938, 18: 4.981360236422995, 19: 2.491713464408978, 20: 0.49544785212213915, 21: 0.4852507293406063, 22: 6.480270330804098, 23: 1.4905800238284446, 24: 0.9912271874676546, 25: 2.9900318178114484, 26: 3.4918788905475657, 27: 0.9913779072785864, 28: 0.48633386744889906, 29: 1.0, 30: 3.481454259877488, 31: 0.9950599359027509, 32: 1.0, 33: 0.9954236032232313, 34: 5.995311148215739, 35: 1.0, 36: 7.990215968018219, 37: 5.481991229896497, 38: 1.4952136222254697, 39: 1.995505230816557, 40: 7.4837121154702775, 41: 4.490072035041536, 42: 1.9956048166738756, 43: 3.4871391427671448, 44: 1.4912041362702322, 45: 1.4956417169692198, 46: 3.9917559363407253, 47: 1.0, 48: 2.9954654077878256, 49: 1.9907446502998392, 50: 2.483984374115982, 51: 6.98331650025804, 52: 1.0, 53: 2.48505857056148, 54: 1.9958252199200857, 55: 2.495882360840329, 56: 1.9879647936225031, 57: 1.980986743864524, 58: 4.490061785917466, 59: 2.983528067282737, 60: 1.0, 61: 1.995042851272487, 62: 1.9868081762735081, 63: 0.9902732146357738, 64: 1.0, 65: 1.9912329804189066, 66: 1.0, 67: 5.48781908534132, 68: 2.9863215932993175, 69: 1.0, 70: 1.0, 71: 1.4951353410467327, 72: 1.0, 73: 4.48622494190562, 74: 1.0, 75: 0.4952630315170471, 76: 2.490827192394451, 77: 1.0, 78: 1.4959433433634415, 79: 1.4918968148239804, 80: 3.483865423687921, 81: 0.9912151055158971, 82: 2.9903471654133824, 83: 1.9909371019668316, 84: 1.0, 85: 0.4907440117265862, 86: 2.495672675214201, 87: 4.990598313332621, 88: 2.995002392661752, 89: 1.0, 90: 1.0, 91: 0.47908211615671614, 92: 1.0, 93: 0.48602559807693035, 94: 1.0, 95: 4.991511247702413, 96: 1.0, 97: 2.990590845670452, 98: 4.486654733932399, 99: 1.0}
2025-01-28 04:13:16 - WARNING  - Sum of s_i: 227.24152127227026
2025-01-28 04:13:35 - WARNING  - Shapley share: {8: 0.35000000000000003, 62: 0.09999999999999981, 37: 0.4000000000000001, 78: 0.2999999999999997, 38: 0.2999999999999997, 6: -2.7755575615628914e-16, 60: 0.050000000000000044, 40: 0.24999999999999994, 64: 0.1999999999999999, 69: 0.2999999999999997}
2025-01-28 04:13:39 - WARNING  - Epoch:    38. Accuracy: Top-1: 44.32 | Loss: value: 1.51
2025-01-28 04:13:39 - WARNING  - Epoch 38
2025-01-28 04:13:39 - WARNING  - s_i: {0: 1.0, 1: 4.9858110774356685, 2: 5.987383013093537, 3: 1.0, 4: 1.4708970843070985, 5: 1.0, 6: 0.9919066378892115, 7: 3.490037477895511, 8: 5.985461543457571, 9: 1.0, 10: 1.0, 11: 2.481916947499025, 12: 1.9954648184740442, 13: 0.9954107478753516, 14: 1.0, 15: 1.0, 16: 0.4957826822982063, 17: 2.483925431796938, 18: 4.981360236422995, 19: 2.491713464408978, 20: 0.49544785212213915, 21: 0.4852507293406063, 22: 6.480270330804098, 23: 1.4905800238284446, 24: 0.9912271874676546, 25: 2.9900318178114484, 26: 3.4918788905475657, 27: 0.9913779072785864, 28: 0.48633386744889906, 29: 1.0, 30: 3.481454259877488, 31: 0.9950599359027509, 32: 1.0, 33: 0.9954236032232313, 34: 5.995311148215739, 35: 1.0, 36: 7.990215968018219, 37: 5.481991229896497, 38: 4.490427244450935, 39: 1.995505230816557, 40: 7.4837121154702775, 41: 4.490072035041536, 42: 1.9956048166738756, 43: 3.4871391427671448, 44: 1.4912041362702322, 45: 1.4956417169692198, 46: 3.9917559363407253, 47: 1.0, 48: 2.9954654077878256, 49: 1.9907446502998392, 50: 2.483984374115982, 51: 6.98331650025804, 52: 1.0, 53: 2.48505857056148, 54: 1.9958252199200857, 55: 2.495882360840329, 56: 1.9879647936225031, 57: 1.980986743864524, 58: 4.490061785917466, 59: 2.983528067282737, 60: 1.495992937431559, 61: 1.995042851272487, 62: 2.9824109016980076, 63: 0.9902732146357738, 64: 2.9951586754760617, 65: 1.9912329804189066, 66: 1.0, 67: 5.48781908534132, 68: 2.9863215932993175, 69: 3.995948565380035, 70: 1.0, 71: 1.4951353410467327, 72: 1.0, 73: 4.48622494190562, 74: 1.0, 75: 0.4952630315170471, 76: 2.490827192394451, 77: 1.0, 78: 4.49188668672688, 79: 1.4918968148239804, 80: 3.483865423687921, 81: 0.9912151055158971, 82: 2.9903471654133824, 83: 1.9909371019668316, 84: 1.0, 85: 0.4907440117265862, 86: 2.495672675214201, 87: 4.990598313332621, 88: 2.995002392661752, 89: 1.0, 90: 1.0, 91: 0.47908211615671614, 92: 1.0, 93: 0.48602559807693035, 94: 1.0, 95: 4.991511247702413, 96: 1.0, 97: 2.990590845670452, 98: 4.486654733932399, 99: 1.0}
2025-01-28 04:13:39 - WARNING  - Sum of s_i: 243.2064883083351
2025-01-28 04:13:55 - WARNING  - Shapley share: {66: 0.24999999999999994, 25: 0.19999999999999962, 19: 0.20000000000000018, 60: 0.24999999999999994, 54: -0.14999999999999986, 61: -0.050000000000000044, 93: 0.04999999999999977, 79: 0.10000000000000009, 20: 0.40000000000000036, 56: 0.10000000000000009}
2025-01-28 04:13:59 - WARNING  - Epoch:    39. Accuracy: Top-1: 46.58 | Loss: value: 1.47
2025-01-28 04:13:59 - WARNING  - Epoch 39
2025-01-28 04:13:59 - WARNING  - s_i: {0: 1.0, 1: 4.9858110774356685, 2: 5.987383013093537, 3: 1.0, 4: 1.4708970843070985, 5: 1.0, 6: 0.9919066378892115, 7: 3.490037477895511, 8: 5.985461543457571, 9: 1.0, 10: 1.0, 11: 2.481916947499025, 12: 1.9954648184740442, 13: 0.9954107478753516, 14: 1.0, 15: 1.0, 16: 0.4957826822982063, 17: 2.483925431796938, 18: 4.981360236422995, 19: 4.4875701966134685, 20: 4.4908957042442825, 21: 0.4852507293406063, 22: 6.480270330804098, 23: 1.4905800238284446, 24: 0.9912271874676546, 25: 4.985047726717168, 26: 3.4918788905475657, 27: 0.9913779072785864, 28: 0.48633386744889906, 29: 1.0, 30: 3.481454259877488, 31: 0.9950599359027509, 32: 1.0, 33: 0.9954236032232313, 34: 5.995311148215739, 35: 1.0, 36: 7.990215968018219, 37: 5.481991229896497, 38: 4.490427244450935, 39: 1.995505230816557, 40: 7.4837121154702775, 41: 4.490072035041536, 42: 1.9956048166738756, 43: 3.4871391427671448, 44: 1.4912041362702322, 45: 1.4956417169692198, 46: 3.9917559363407253, 47: 1.0, 48: 2.9954654077878256, 49: 1.9907446502998392, 50: 2.483984374115982, 51: 6.98331650025804, 52: 1.0, 53: 2.48505857056148, 54: 0.49165043984017176, 55: 2.495882360840329, 56: 2.9839530581633382, 57: 1.980986743864524, 58: 4.490061785917466, 59: 2.983528067282737, 60: 3.9919858748631176, 61: 1.4900857025449699, 62: 2.9824109016980076, 63: 0.9902732146357738, 64: 2.9951586754760617, 65: 1.9912329804189066, 66: 3.4959582175116775, 67: 5.48781908534132, 68: 2.9863215932993175, 69: 3.995948565380035, 70: 1.0, 71: 1.4951353410467327, 72: 1.0, 73: 4.48622494190562, 74: 1.0, 75: 0.4952630315170471, 76: 2.490827192394451, 77: 1.0, 78: 4.49188668672688, 79: 2.487845222235969, 80: 3.483865423687921, 81: 0.9912151055158971, 82: 2.9903471654133824, 83: 1.9909371019668316, 84: 1.0, 85: 0.4907440117265862, 86: 2.495672675214201, 87: 4.990598313332621, 88: 2.995002392661752, 89: 1.0, 90: 1.0, 91: 0.47908211615671614, 92: 1.0, 93: 0.9813674641025707, 94: 1.0, 95: 4.991511247702413, 96: 1.0, 97: 2.990590845670452, 98: 4.486654733932399, 99: 1.0}
2025-01-28 04:13:59 - WARNING  - Sum of s_i: 256.66290656568174
2025-01-28 04:14:17 - WARNING  - Shapley share: {31: -0.09999999999999953, 44: -0.10000000000000009, 99: -0.4000000000000001, 86: -0.24999999999999994, 83: 0.0, 4: -0.8000000000000003, 87: -1.4, 97: -0.6000000000000003, 3: -1.1500000000000004, 52: -0.5500000000000003}
2025-01-28 04:14:22 - WARNING  - Epoch:    40. Accuracy: Top-1: 45.92 | Loss: value: 1.45
2025-01-28 04:14:22 - WARNING  - Epoch 40
2025-01-28 04:14:22 - WARNING  - s_i: {0: 1.0, 1: 4.9858110774356685, 2: 5.987383013093537, 3: 1.0, 4: 1.4708970843070985, 5: 1.0, 6: 0.9919066378892115, 7: 3.490037477895511, 8: 5.985461543457571, 9: 1.0, 10: 1.0, 11: 2.481916947499025, 12: 1.9954648184740442, 13: 0.9954107478753516, 14: 1.0, 15: 1.0, 16: 0.4957826822982063, 17: 2.483925431796938, 18: 4.981360236422995, 19: 4.4875701966134685, 20: 4.4908957042442825, 21: 0.4852507293406063, 22: 6.480270330804098, 23: 1.4905800238284446, 24: 0.9912271874676546, 25: 4.985047726717168, 26: 3.4918788905475657, 27: 0.9913779072785864, 28: 0.48633386744889906, 29: 1.0, 30: 3.481454259877488, 31: 0.9950599359027509, 32: 1.0, 33: 0.9954236032232313, 34: 5.995311148215739, 35: 1.0, 36: 7.990215968018219, 37: 5.481991229896497, 38: 4.490427244450935, 39: 1.995505230816557, 40: 7.4837121154702775, 41: 4.490072035041536, 42: 1.9956048166738756, 43: 3.4871391427671448, 44: 0.48680620440534716, 45: 1.4956417169692198, 46: 3.9917559363407253, 47: 1.0, 48: 2.9954654077878256, 49: 1.9907446502998392, 50: 2.483984374115982, 51: 6.98331650025804, 52: 1.0, 53: 2.48505857056148, 54: 0.49165043984017176, 55: 2.495882360840329, 56: 2.9839530581633382, 57: 1.980986743864524, 58: 4.490061785917466, 59: 2.983528067282737, 60: 3.9919858748631176, 61: 1.4900857025449699, 62: 2.9824109016980076, 63: 0.9902732146357738, 64: 2.9951586754760617, 65: 1.9912329804189066, 66: 3.4959582175116775, 67: 5.48781908534132, 68: 2.9863215932993175, 69: 3.995948565380035, 70: 1.0, 71: 1.4951353410467327, 72: 1.0, 73: 4.48622494190562, 74: 1.0, 75: 0.4952630315170471, 76: 2.490827192394451, 77: 1.0, 78: 4.49188668672688, 79: 2.487845222235969, 80: 3.483865423687921, 81: 0.9912151055158971, 82: 2.9903471654133824, 83: 1.986405652950247, 84: 1.0, 85: 0.4907440117265862, 86: 2.495672675214201, 87: 4.990598313332621, 88: 2.995002392661752, 89: 1.0, 90: 1.0, 91: 0.47908211615671614, 92: 1.0, 93: 0.9813674641025707, 94: 1.0, 95: 4.991511247702413, 96: 1.0, 97: 2.990590845670452, 98: 4.486654733932399, 99: 1.0}
2025-01-28 04:14:22 - WARNING  - Sum of s_i: 255.65397718480025
2025-01-28 04:14:27 - WARNING  - The sum of accs: 46.0
2025-01-28 04:14:27 - WARNING  - The welfare is 45.88505467610703
2025-01-28 04:14:46 - WARNING  - Shapley share: {15: -0.4000000000000001, 94: -0.10000000000000009, 78: -0.8999999999999999, 96: -0.44999999999999984, 24: -0.7500000000000001, 25: -0.19999999999999962, 71: -0.6499999999999997, 3: -0.2999999999999997, 56: -0.44999999999999984, 36: -0.6999999999999997}
2025-01-28 04:14:50 - WARNING  - Epoch:    41. Accuracy: Top-1: 45.07 | Loss: value: 1.49
2025-01-28 04:14:50 - WARNING  - Epoch 41
2025-01-28 04:14:50 - WARNING  - s_i: {0: 1.0, 1: 4.9858110774356685, 2: 5.987383013093537, 3: 1.0, 4: 1.4708970843070985, 5: 1.0, 6: 0.9919066378892115, 7: 3.490037477895511, 8: 5.985461543457571, 9: 1.0, 10: 1.0, 11: 2.481916947499025, 12: 1.9954648184740442, 13: 0.9954107478753516, 14: 1.0, 15: 1.0, 16: 0.4957826822982063, 17: 2.483925431796938, 18: 4.981360236422995, 19: 4.4875701966134685, 20: 4.4908957042442825, 21: 0.4852507293406063, 22: 6.480270330804098, 23: 1.4905800238284446, 24: 0.9912271874676546, 25: 2.9800636356228956, 26: 3.4918788905475657, 27: 0.9913779072785864, 28: 0.48633386744889906, 29: 1.0, 30: 3.481454259877488, 31: 0.9950599359027509, 32: 1.0, 33: 0.9954236032232313, 34: 5.995311148215739, 35: 1.0, 36: 0.9853239520273327, 37: 5.481991229896497, 38: 4.490427244450935, 39: 1.995505230816557, 40: 7.4837121154702775, 41: 4.490072035041536, 42: 1.9956048166738756, 43: 3.4871391427671448, 44: 0.48680620440534716, 45: 1.4956417169692198, 46: 3.9917559363407253, 47: 1.0, 48: 2.9954654077878256, 49: 1.9907446502998392, 50: 2.483984374115982, 51: 6.98331650025804, 52: 1.0, 53: 2.48505857056148, 54: 0.49165043984017176, 55: 2.495882360840329, 56: 2.9839530581633382, 57: 1.980986743864524, 58: 4.490061785917466, 59: 2.983528067282737, 60: 3.9919858748631176, 61: 1.4900857025449699, 62: 2.9824109016980076, 63: 0.9902732146357738, 64: 2.9951586754760617, 65: 1.9912329804189066, 66: 3.4959582175116775, 67: 5.48781908534132, 68: 2.9863215932993175, 69: 3.995948565380035, 70: 1.0, 71: 1.4951353410467327, 72: 1.0, 73: 4.48622494190562, 74: 1.0, 75: 0.4952630315170471, 76: 2.490827192394451, 77: 1.0, 78: 4.49188668672688, 79: 2.487845222235969, 80: 3.483865423687921, 81: 0.9912151055158971, 82: 2.9903471654133824, 83: 1.986405652950247, 84: 1.0, 85: 0.4907440117265862, 86: 2.495672675214201, 87: 4.990598313332621, 88: 2.995002392661752, 89: 1.0, 90: 1.0, 91: 0.47908211615671614, 92: 1.0, 93: 0.9813674641025707, 94: 1.0, 95: 4.991511247702413, 96: 1.0, 97: 2.990590845670452, 98: 4.486654733932399, 99: 1.0}
2025-01-28 04:14:50 - WARNING  - Sum of s_i: 246.6441010777151
2025-01-28 04:15:09 - WARNING  - Shapley share: {37: 0.8999999999999997, 28: -2.7755575615628914e-16, 84: -0.35000000000000003, 26: -0.1999999999999999, 18: -0.3, 48: -0.2500000000000002, 74: -0.5500000000000003, 83: -1.0999999999999999, 51: -0.8999999999999999, 43: -0.24999999999999994}
2025-01-28 04:15:14 - WARNING  - Epoch:    42. Accuracy: Top-1: 46.94 | Loss: value: 1.44
2025-01-28 04:15:14 - WARNING  - Epoch 42
2025-01-28 04:15:14 - WARNING  - s_i: {0: 1.0, 1: 4.9858110774356685, 2: 5.987383013093537, 3: 1.0, 4: 1.4708970843070985, 5: 1.0, 6: 0.9919066378892115, 7: 3.490037477895511, 8: 5.985461543457571, 9: 1.0, 10: 1.0, 11: 2.481916947499025, 12: 1.9954648184740442, 13: 0.9954107478753516, 14: 1.0, 15: 1.0, 16: 0.4957826822982063, 17: 2.483925431796938, 18: 1.9767002955287434, 19: 4.4875701966134685, 20: 4.4908957042442825, 21: 0.4852507293406063, 22: 6.480270330804098, 23: 1.4905800238284446, 24: 0.9912271874676546, 25: 2.9800636356228956, 26: 1.4878183358213497, 27: 0.9913779072785864, 28: 0.4817784899318627, 29: 1.0, 30: 3.481454259877488, 31: 0.9950599359027509, 32: 1.0, 33: 0.9954236032232313, 34: 5.995311148215739, 35: 1.0, 36: 0.9853239520273327, 37: 5.481991229896497, 38: 4.490427244450935, 39: 1.995505230816557, 40: 7.4837121154702775, 41: 4.490072035041536, 42: 1.9956048166738756, 43: 0.9828521903561951, 44: 0.48680620440534716, 45: 1.4956417169692198, 46: 3.9917559363407253, 47: 1.0, 48: 0.4909308155756471, 49: 1.9907446502998392, 50: 2.483984374115982, 51: 6.98331650025804, 52: 1.0, 53: 2.48505857056148, 54: 0.49165043984017176, 55: 2.495882360840329, 56: 2.9839530581633382, 57: 1.980986743864524, 58: 4.490061785917466, 59: 2.983528067282737, 60: 3.9919858748631176, 61: 1.4900857025449699, 62: 2.9824109016980076, 63: 0.9902732146357738, 64: 2.9951586754760617, 65: 1.9912329804189066, 66: 3.4959582175116775, 67: 5.48781908534132, 68: 2.9863215932993175, 69: 3.995948565380035, 70: 1.0, 71: 1.4951353410467327, 72: 1.0, 73: 4.48622494190562, 74: 1.0, 75: 0.4952630315170471, 76: 2.490827192394451, 77: 1.0, 78: 4.49188668672688, 79: 2.487845222235969, 80: 3.483865423687921, 81: 0.9912151055158971, 82: 2.9903471654133824, 83: 1.986405652950247, 84: 1.0, 85: 0.4907440117265862, 86: 2.495672675214201, 87: 4.990598313332621, 88: 2.995002392661752, 89: 1.0, 90: 1.0, 91: 0.47908211615671614, 92: 1.0, 93: 0.9813674641025707, 94: 1.0, 95: 4.991511247702413, 96: 1.0, 97: 2.990590845670452, 98: 4.486654733932399, 99: 1.0}
2025-01-28 04:15:14 - WARNING  - Sum of s_i: 236.62200365995446
2025-01-28 04:15:31 - WARNING  - Shapley share: {59: -0.15000000000000013, 10: -0.24999999999999967, 88: -0.4999999999999999, 83: -0.1999999999999999, 65: -0.14999999999999986, 87: 0.0, 90: 0.0, 54: -0.4000000000000001, 61: -0.44999999999999984, 30: -0.4999999999999999}
2025-01-28 04:15:36 - WARNING  - Epoch:    43. Accuracy: Top-1: 45.79 | Loss: value: 1.46
2025-01-28 04:15:36 - WARNING  - Epoch 43
2025-01-28 04:15:36 - WARNING  - s_i: {0: 1.0, 1: 4.9858110774356685, 2: 5.987383013093537, 3: 1.0, 4: 1.4708970843070985, 5: 1.0, 6: 0.9919066378892115, 7: 3.490037477895511, 8: 5.985461543457571, 9: 1.0, 10: 1.0, 11: 2.481916947499025, 12: 1.9954648184740442, 13: 0.9954107478753516, 14: 1.0, 15: 1.0, 16: 0.4957826822982063, 17: 2.483925431796938, 18: 1.9767002955287434, 19: 4.4875701966134685, 20: 4.4908957042442825, 21: 0.4852507293406063, 22: 6.480270330804098, 23: 1.4905800238284446, 24: 0.9912271874676546, 25: 2.9800636356228956, 26: 1.4878183358213497, 27: 0.9913779072785864, 28: 0.4817784899318627, 29: 1.0, 30: 3.481454259877488, 31: 0.9950599359027509, 32: 1.0, 33: 0.9954236032232313, 34: 5.995311148215739, 35: 1.0, 36: 0.9853239520273327, 37: 5.481991229896497, 38: 4.490427244450935, 39: 1.995505230816557, 40: 7.4837121154702775, 41: 4.490072035041536, 42: 1.9956048166738756, 43: 0.9828521903561951, 44: 0.48680620440534716, 45: 1.4956417169692198, 46: 3.9917559363407253, 47: 1.0, 48: 0.4909308155756471, 49: 1.9907446502998392, 50: 2.483984374115982, 51: 6.98331650025804, 52: 1.0, 53: 2.48505857056148, 54: 0.49165043984017176, 55: 2.495882360840329, 56: 2.9839530581633382, 57: 1.980986743864524, 58: 4.490061785917466, 59: 1.4794100841034203, 60: 3.9919858748631176, 61: 1.4900857025449699, 62: 2.9824109016980076, 63: 0.9902732146357738, 64: 2.9951586754760617, 65: 0.4868494706283606, 66: 3.4959582175116775, 67: 5.48781908534132, 68: 2.9863215932993175, 69: 3.995948565380035, 70: 1.0, 71: 1.4951353410467327, 72: 1.0, 73: 4.48622494190562, 74: 1.0, 75: 0.4952630315170471, 76: 2.490827192394451, 77: 1.0, 78: 4.49188668672688, 79: 2.487845222235969, 80: 3.483865423687921, 81: 0.9912151055158971, 82: 2.9903471654133824, 83: 1.986405652950247, 84: 1.0, 85: 0.4907440117265862, 86: 2.495672675214201, 87: 4.98589746999893, 88: 2.995002392661752, 89: 1.0, 90: 0.9956796154735268, 91: 0.47908211615671614, 92: 1.0, 93: 0.9813674641025707, 94: 1.0, 95: 4.991511247702413, 96: 1.0, 97: 2.990590845670452, 98: 4.486654733932399, 99: 1.0}
2025-01-28 04:15:36 - WARNING  - Sum of s_i: 233.60448093912444
2025-01-28 04:15:52 - WARNING  - Shapley share: {35: -0.04999999999999977, 47: -0.1999999999999999, 62: -0.1999999999999999, 83: -0.04999999999999977, 7: -0.1999999999999999, 43: -0.5499999999999996, 39: -0.4000000000000001, 51: -0.050000000000000044, 27: -0.15000000000000013, 12: -0.7999999999999996}
2025-01-28 04:15:57 - WARNING  - Epoch:    44. Accuracy: Top-1: 48.21 | Loss: value: 1.40
2025-01-28 04:15:57 - WARNING  - Epoch 44
2025-01-28 04:15:57 - WARNING  - s_i: {0: 1.0, 1: 4.9858110774356685, 2: 5.987383013093537, 3: 1.0, 4: 1.4708970843070985, 5: 1.0, 6: 0.9919066378892115, 7: 1.4850562168432684, 8: 5.985461543457571, 9: 1.0, 10: 1.0, 11: 2.481916947499025, 12: 1.9954648184740442, 13: 0.9954107478753516, 14: 1.0, 15: 1.0, 16: 0.4957826822982063, 17: 2.483925431796938, 18: 1.9767002955287434, 19: 4.4875701966134685, 20: 4.4908957042442825, 21: 0.4852507293406063, 22: 6.480270330804098, 23: 1.4905800238284446, 24: 0.9912271874676546, 25: 2.9800636356228956, 26: 1.4878183358213497, 27: 0.9913779072785864, 28: 0.4817784899318627, 29: 1.0, 30: 3.481454259877488, 31: 0.9950599359027509, 32: 1.0, 33: 0.9954236032232313, 34: 5.995311148215739, 35: 0.4957024756561801, 36: 0.9853239520273327, 37: 5.481991229896497, 38: 4.490427244450935, 39: 1.995505230816557, 40: 7.4837121154702775, 41: 4.490072035041536, 42: 1.9956048166738756, 43: 0.9828521903561951, 44: 0.48680620440534716, 45: 1.4956417169692198, 46: 3.9917559363407253, 47: 1.0, 48: 0.4909308155756471, 49: 1.9907446502998392, 50: 2.483984374115982, 51: 6.479145625322548, 52: 1.0, 53: 2.48505857056148, 54: 0.49165043984017176, 55: 2.495882360840329, 56: 2.9839530581633382, 57: 1.980986743864524, 58: 4.490061785917466, 59: 1.4794100841034203, 60: 3.9919858748631176, 61: 1.4900857025449699, 62: 0.9780136271225102, 63: 0.9902732146357738, 64: 2.9951586754760617, 65: 0.4868494706283606, 66: 3.4959582175116775, 67: 5.48781908534132, 68: 2.9863215932993175, 69: 3.995948565380035, 70: 1.0, 71: 1.4951353410467327, 72: 1.0, 73: 4.48622494190562, 74: 1.0, 75: 0.4952630315170471, 76: 2.490827192394451, 77: 1.0, 78: 4.49188668672688, 79: 2.487845222235969, 80: 3.483865423687921, 81: 0.9912151055158971, 82: 2.9903471654133824, 83: 1.4818742039336648, 84: 1.0, 85: 0.4907440117265862, 86: 2.495672675214201, 87: 4.98589746999893, 88: 2.995002392661752, 89: 1.0, 90: 0.9956796154735268, 91: 0.47908211615671614, 92: 1.0, 93: 0.9813674641025707, 94: 1.0, 95: 4.991511247702413, 96: 1.0, 97: 2.990590845670452, 98: 4.486654733932399, 99: 1.0}
2025-01-28 04:15:57 - WARNING  - Sum of s_i: 228.0821025552008
2025-01-28 04:16:13 - WARNING  - Shapley share: {52: -0.15000000000000013, 16: -0.15000000000000013, 97: 0.15000000000000013, 42: -0.95, 82: -0.5499999999999999, 5: -0.2500000000000002, 23: -0.3, 77: -0.3999999999999998, 99: -0.3999999999999998, 18: -0.3}
2025-01-28 04:16:17 - WARNING  - Epoch:    45. Accuracy: Top-1: 47.58 | Loss: value: 1.43
2025-01-28 04:16:17 - WARNING  - Epoch 45
2025-01-28 04:16:17 - WARNING  - s_i: {0: 1.0, 1: 4.9858110774356685, 2: 5.987383013093537, 3: 1.0, 4: 1.4708970843070985, 5: 1.0, 6: 0.9919066378892115, 7: 1.4850562168432684, 8: 5.985461543457571, 9: 1.0, 10: 1.0, 11: 2.481916947499025, 12: 1.9954648184740442, 13: 0.9954107478753516, 14: 1.0, 15: 1.0, 16: 0.4957826822982063, 17: 2.483925431796938, 18: 1.9767002955287434, 19: 4.4875701966134685, 20: 4.4908957042442825, 21: 0.4852507293406063, 22: 6.480270330804098, 23: 1.4905800238284446, 24: 0.9912271874676546, 25: 2.9800636356228956, 26: 1.4878183358213497, 27: 0.9913779072785864, 28: 0.4817784899318627, 29: 1.0, 30: 3.481454259877488, 31: 0.9950599359027509, 32: 1.0, 33: 0.9954236032232313, 34: 5.995311148215739, 35: 0.4957024756561801, 36: 0.9853239520273327, 37: 5.481991229896497, 38: 4.490427244450935, 39: 1.995505230816557, 40: 7.4837121154702775, 41: 4.490072035041536, 42: 1.9956048166738756, 43: 0.9828521903561951, 44: 0.48680620440534716, 45: 1.4956417169692198, 46: 3.9917559363407253, 47: 1.0, 48: 0.4909308155756471, 49: 1.9907446502998392, 50: 2.483984374115982, 51: 6.479145625322548, 52: 1.0, 53: 2.48505857056148, 54: 0.49165043984017176, 55: 2.495882360840329, 56: 2.9839530581633382, 57: 1.980986743864524, 58: 4.490061785917466, 59: 1.4794100841034203, 60: 3.9919858748631176, 61: 1.4900857025449699, 62: 0.9780136271225102, 63: 0.9902732146357738, 64: 2.9951586754760617, 65: 0.4868494706283606, 66: 3.4959582175116775, 67: 5.48781908534132, 68: 2.9863215932993175, 69: 3.995948565380035, 70: 1.0, 71: 1.4951353410467327, 72: 1.0, 73: 4.48622494190562, 74: 1.0, 75: 0.4952630315170471, 76: 2.490827192394451, 77: 1.0, 78: 4.49188668672688, 79: 2.487845222235969, 80: 3.483865423687921, 81: 0.9912151055158971, 82: 2.9903471654133824, 83: 1.4818742039336648, 84: 1.0, 85: 0.4907440117265862, 86: 2.495672675214201, 87: 4.98589746999893, 88: 2.995002392661752, 89: 1.0, 90: 0.9956796154735268, 91: 0.47908211615671614, 92: 1.0, 93: 0.9813674641025707, 94: 1.0, 95: 4.991511247702413, 96: 1.0, 97: 4.48588626850568, 98: 4.486654733932399, 99: 1.0}
2025-01-28 04:16:17 - WARNING  - Sum of s_i: 229.57739797803603
2025-01-28 04:16:35 - WARNING  - Shapley share: {93: 0.10000000000000009, 77: 0.35000000000000003, 20: -0.14999999999999986, 73: -0.050000000000000044, 92: -0.050000000000000044, 28: -0.10000000000000009, 24: -0.3, 32: -0.20000000000000018, 74: -0.6499999999999997, 2: -0.4500000000000001}
2025-01-28 04:16:40 - WARNING  - Epoch:    46. Accuracy: Top-1: 47.95 | Loss: value: 1.41
2025-01-28 04:16:40 - WARNING  - Epoch 46
2025-01-28 04:16:40 - WARNING  - s_i: {0: 1.0, 1: 4.9858110774356685, 2: 1.4831773507913821, 3: 1.0, 4: 1.4708970843070985, 5: 1.0, 6: 0.9919066378892115, 7: 1.4850562168432684, 8: 5.985461543457571, 9: 1.0, 10: 1.0, 11: 2.481916947499025, 12: 1.9954648184740442, 13: 0.9954107478753516, 14: 1.0, 15: 1.0, 16: 0.4957826822982063, 17: 2.483925431796938, 18: 1.9767002955287434, 19: 4.4875701966134685, 20: 2.986343556366424, 21: 0.4852507293406063, 22: 6.480270330804098, 23: 1.4905800238284446, 24: 0.9912271874676546, 25: 2.9800636356228956, 26: 1.4878183358213497, 27: 0.9913779072785864, 28: 0.4817784899318627, 29: 1.0, 30: 3.481454259877488, 31: 0.9950599359027509, 32: 1.0, 33: 0.9954236032232313, 34: 5.995311148215739, 35: 0.4957024756561801, 36: 0.9853239520273327, 37: 5.481991229896497, 38: 4.490427244450935, 39: 1.995505230816557, 40: 7.4837121154702775, 41: 4.490072035041536, 42: 1.9956048166738756, 43: 0.9828521903561951, 44: 0.48680620440534716, 45: 1.4956417169692198, 46: 3.9917559363407253, 47: 1.0, 48: 0.4909308155756471, 49: 1.9907446502998392, 50: 2.483984374115982, 51: 6.479145625322548, 52: 1.0, 53: 2.48505857056148, 54: 0.49165043984017176, 55: 2.495882360840329, 56: 2.9839530581633382, 57: 1.980986743864524, 58: 4.490061785917466, 59: 1.4794100841034203, 60: 3.9919858748631176, 61: 1.4900857025449699, 62: 0.9780136271225102, 63: 0.9902732146357738, 64: 2.9951586754760617, 65: 0.4868494706283606, 66: 3.4959582175116775, 67: 5.48781908534132, 68: 2.9863215932993175, 69: 3.995948565380035, 70: 1.0, 71: 1.4951353410467327, 72: 1.0, 73: 3.981633255874159, 74: 1.0, 75: 0.4952630315170471, 76: 2.490827192394451, 77: 4.495190495441323, 78: 4.49188668672688, 79: 2.487845222235969, 80: 3.483865423687921, 81: 0.9912151055158971, 82: 2.9903471654133824, 83: 1.4818742039336648, 84: 1.0, 85: 0.4907440117265862, 86: 2.495672675214201, 87: 4.98589746999893, 88: 2.995002392661752, 89: 1.0, 90: 0.9956796154735268, 91: 0.47908211615671614, 92: 0.4955330401783701, 93: 1.9767093301282141, 94: 1.0, 95: 4.991511247702413, 96: 1.0, 97: 4.48588626850568, 98: 4.486654733932399, 99: 1.0}
2025-01-28 04:16:40 - WARNING  - Sum of s_i: 227.0501138834699
2025-01-28 04:16:56 - WARNING  - Shapley share: {68: -0.20000000000000018, 31: -0.050000000000000044, 93: -0.15000000000000013, 78: -0.14999999999999986, 66: -0.10000000000000009, 30: -0.14999999999999986, 36: 0.050000000000000044, 47: -0.3, 89: -0.35000000000000003, 21: -0.2500000000000002}
2025-01-28 04:17:01 - WARNING  - Epoch:    47. Accuracy: Top-1: 47.48 | Loss: value: 1.41
2025-01-28 04:17:01 - WARNING  - Epoch 47
2025-01-28 04:17:01 - WARNING  - s_i: {0: 1.0, 1: 4.9858110774356685, 2: 1.4831773507913821, 3: 1.0, 4: 1.4708970843070985, 5: 1.0, 6: 0.9919066378892115, 7: 1.4850562168432684, 8: 5.985461543457571, 9: 1.0, 10: 1.0, 11: 2.481916947499025, 12: 1.9954648184740442, 13: 0.9954107478753516, 14: 1.0, 15: 1.0, 16: 0.4957826822982063, 17: 2.483925431796938, 18: 1.9767002955287434, 19: 4.4875701966134685, 20: 2.986343556366424, 21: 0.4852507293406063, 22: 6.480270330804098, 23: 1.4905800238284446, 24: 0.9912271874676546, 25: 2.9800636356228956, 26: 1.4878183358213497, 27: 0.9913779072785864, 28: 0.4817784899318627, 29: 1.0, 30: 1.9768178248468617, 31: 0.49011987180550143, 32: 1.0, 33: 0.9954236032232313, 34: 5.995311148215739, 35: 0.4957024756561801, 36: 1.4804319360364435, 37: 5.481991229896497, 38: 4.490427244450935, 39: 1.995505230816557, 40: 7.4837121154702775, 41: 4.490072035041536, 42: 1.9956048166738756, 43: 0.9828521903561951, 44: 0.48680620440534716, 45: 1.4956417169692198, 46: 3.9917559363407253, 47: 1.0, 48: 0.4909308155756471, 49: 1.9907446502998392, 50: 2.483984374115982, 51: 6.479145625322548, 52: 1.0, 53: 2.48505857056148, 54: 0.49165043984017176, 55: 2.495882360840329, 56: 2.9839530581633382, 57: 1.980986743864524, 58: 4.490061785917466, 59: 1.4794100841034203, 60: 3.9919858748631176, 61: 1.4900857025449699, 62: 0.9780136271225102, 63: 0.9902732146357738, 64: 2.9951586754760617, 65: 0.4868494706283606, 66: 2.4919164350233545, 67: 5.48781908534132, 68: 0.981762124399089, 69: 3.995948565380035, 70: 1.0, 71: 1.4951353410467327, 72: 1.0, 73: 3.981633255874159, 74: 1.0, 75: 0.4952630315170471, 76: 2.490827192394451, 77: 4.495190495441323, 78: 2.987830030090322, 79: 2.487845222235969, 80: 3.483865423687921, 81: 0.9912151055158971, 82: 2.9903471654133824, 83: 1.4818742039336648, 84: 1.0, 85: 0.4907440117265862, 86: 2.495672675214201, 87: 4.98589746999893, 88: 2.995002392661752, 89: 1.0, 90: 0.9956796154735268, 91: 0.47908211615671614, 92: 0.4955330401783701, 93: 0.4720511961538554, 94: 1.0, 95: 4.991511247702413, 96: 1.0, 97: 4.48588626850568, 98: 4.486654733932399, 99: 1.0}
2025-01-28 04:17:01 - WARNING  - Sum of s_i: 219.51832932635165
2025-01-28 04:17:20 - WARNING  - Shapley share: {79: -0.35000000000000003, 48: -0.4999999999999999, 89: -0.09999999999999981, 19: -0.3500000000000003, 97: -0.050000000000000044, 67: -0.1999999999999999, 32: -0.6499999999999997, 17: -0.9499999999999997, 60: -0.4000000000000001, 37: -1.25}
2025-01-28 04:17:25 - WARNING  - Epoch:    48. Accuracy: Top-1: 49.32 | Loss: value: 1.38
2025-01-28 04:17:25 - WARNING  - Epoch 48
2025-01-28 04:17:25 - WARNING  - s_i: {0: 1.0, 1: 4.9858110774356685, 2: 1.4831773507913821, 3: 1.0, 4: 1.4708970843070985, 5: 1.0, 6: 0.9919066378892115, 7: 1.4850562168432684, 8: 5.985461543457571, 9: 1.0, 10: 1.0, 11: 2.481916947499025, 12: 1.9954648184740442, 13: 0.9954107478753516, 14: 1.0, 15: 1.0, 16: 0.4957826822982063, 17: 2.483925431796938, 18: 1.9767002955287434, 19: 0.9834269288179547, 20: 2.986343556366424, 21: 0.4852507293406063, 22: 6.480270330804098, 23: 1.4905800238284446, 24: 0.9912271874676546, 25: 2.9800636356228956, 26: 1.4878183358213497, 27: 0.9913779072785864, 28: 0.4817784899318627, 29: 1.0, 30: 1.9768178248468617, 31: 0.49011987180550143, 32: 1.0, 33: 0.9954236032232313, 34: 5.995311148215739, 35: 0.4957024756561801, 36: 1.4804319360364435, 37: 5.481991229896497, 38: 4.490427244450935, 39: 1.995505230816557, 40: 7.4837121154702775, 41: 4.490072035041536, 42: 1.9956048166738756, 43: 0.9828521903561951, 44: 0.48680620440534716, 45: 1.4956417169692198, 46: 3.9917559363407253, 47: 1.0, 48: 0.4909308155756471, 49: 1.9907446502998392, 50: 2.483984374115982, 51: 6.479145625322548, 52: 1.0, 53: 2.48505857056148, 54: 0.49165043984017176, 55: 2.495882360840329, 56: 2.9839530581633382, 57: 1.980986743864524, 58: 4.490061785917466, 59: 1.4794100841034203, 60: 3.9919858748631176, 61: 1.4900857025449699, 62: 0.9780136271225102, 63: 0.9902732146357738, 64: 2.9951586754760617, 65: 0.4868494706283606, 66: 2.4919164350233545, 67: 3.4837587804550956, 68: 0.981762124399089, 69: 3.995948565380035, 70: 1.0, 71: 1.4951353410467327, 72: 1.0, 73: 3.981633255874159, 74: 1.0, 75: 0.4952630315170471, 76: 2.490827192394451, 77: 4.495190495441323, 78: 2.987830030090322, 79: 2.487845222235969, 80: 3.483865423687921, 81: 0.9912151055158971, 82: 2.9903471654133824, 83: 1.4818742039336648, 84: 1.0, 85: 0.4907440117265862, 86: 2.495672675214201, 87: 4.98589746999893, 88: 2.995002392661752, 89: 1.0, 90: 0.9956796154735268, 91: 0.47908211615671614, 92: 0.4955330401783701, 93: 0.4720511961538554, 94: 1.0, 95: 4.991511247702413, 96: 1.0, 97: 3.9811816913409057, 98: 4.486654733932399, 99: 1.0}
2025-01-28 04:17:25 - WARNING  - Sum of s_i: 213.50542117650514
2025-01-28 04:17:39 - WARNING  - Shapley share: {36: -0.10000000000000009, 63: -0.2999999999999997, 65: -0.2500000000000002, 26: 0.20000000000000018, 54: 0.10000000000000009, 37: 0.35000000000000003, 27: 0.1999999999999999, 6: -0.10000000000000009, 5: -0.4500000000000001, 44: -0.5000000000000002}
2025-01-28 04:17:44 - WARNING  - Epoch:    49. Accuracy: Top-1: 49.29 | Loss: value: 1.37
2025-01-28 04:17:44 - WARNING  - Epoch 49
2025-01-28 04:17:44 - WARNING  - s_i: {0: 1.0, 1: 4.9858110774356685, 2: 1.4831773507913821, 3: 1.0, 4: 1.4708970843070985, 5: 1.0, 6: 0.9919066378892115, 7: 1.4850562168432684, 8: 5.985461543457571, 9: 1.0, 10: 1.0, 11: 2.481916947499025, 12: 1.9954648184740442, 13: 0.9954107478753516, 14: 1.0, 15: 1.0, 16: 0.4957826822982063, 17: 2.483925431796938, 18: 1.9767002955287434, 19: 0.9834269288179547, 20: 2.986343556366424, 21: 0.4852507293406063, 22: 6.480270330804098, 23: 1.4905800238284446, 24: 0.9912271874676546, 25: 2.9800636356228956, 26: 3.483757781095134, 27: 2.9870668609178774, 28: 0.4817784899318627, 29: 1.0, 30: 1.9768178248468617, 31: 0.49011987180550143, 32: 1.0, 33: 0.9954236032232313, 34: 5.995311148215739, 35: 0.4957024756561801, 36: 0.475539920045553, 37: 5.481991229896497, 38: 4.490427244450935, 39: 1.995505230816557, 40: 7.4837121154702775, 41: 4.490072035041536, 42: 1.9956048166738756, 43: 0.9828521903561951, 44: 0.48680620440534716, 45: 1.4956417169692198, 46: 3.9917559363407253, 47: 1.0, 48: 0.4909308155756471, 49: 1.9907446502998392, 50: 2.483984374115982, 51: 6.479145625322548, 52: 1.0, 53: 2.48505857056148, 54: 1.4874756597602574, 55: 2.495882360840329, 56: 2.9839530581633382, 57: 1.980986743864524, 58: 4.490061785917466, 59: 1.4794100841034203, 60: 3.9919858748631176, 61: 1.4900857025449699, 62: 0.9780136271225102, 63: 0.9902732146357738, 64: 2.9951586754760617, 65: 0.4868494706283606, 66: 2.4919164350233545, 67: 3.4837587804550956, 68: 0.981762124399089, 69: 3.995948565380035, 70: 1.0, 71: 1.4951353410467327, 72: 1.0, 73: 3.981633255874159, 74: 1.0, 75: 0.4952630315170471, 76: 2.490827192394451, 77: 4.495190495441323, 78: 2.987830030090322, 79: 2.487845222235969, 80: 3.483865423687921, 81: 0.9912151055158971, 82: 2.9903471654133824, 83: 1.4818742039336648, 84: 1.0, 85: 0.4907440117265862, 86: 2.495672675214201, 87: 4.98589746999893, 88: 2.995002392661752, 89: 1.0, 90: 0.9956796154735268, 91: 0.47908211615671614, 92: 0.4955330401783701, 93: 0.4720511961538554, 94: 1.0, 95: 4.991511247702413, 96: 1.0, 97: 3.9811816913409057, 98: 4.486654733932399, 99: 1.0}
2025-01-28 04:17:44 - WARNING  - Sum of s_i: 217.48798277934742
2025-01-28 04:18:01 - WARNING  - Shapley share: {35: 2.7755575615628914e-16, 41: -0.09999999999999981, 43: -0.14999999999999986, 2: -0.6000000000000003, 44: -0.35000000000000003, 59: -0.7499999999999998, 33: -0.8999999999999999, 16: -0.5499999999999996, 8: -0.35000000000000003, 1: -0.6499999999999997}
2025-01-28 04:18:06 - WARNING  - Epoch:    50. Accuracy: Top-1: 47.11 | Loss: value: 1.43
2025-01-28 04:18:06 - WARNING  - Epoch 50
2025-01-28 04:18:06 - WARNING  - s_i: {0: 1.0, 1: 4.9858110774356685, 2: 1.4831773507913821, 3: 1.0, 4: 1.4708970843070985, 5: 1.0, 6: 0.9919066378892115, 7: 1.4850562168432684, 8: 2.4806153912767606, 9: 1.0, 10: 1.0, 11: 2.481916947499025, 12: 1.9954648184740442, 13: 0.9954107478753516, 14: 1.0, 15: 1.0, 16: 0.4957826822982063, 17: 2.483925431796938, 18: 1.9767002955287434, 19: 0.9834269288179547, 20: 2.986343556366424, 21: 0.4852507293406063, 22: 6.480270330804098, 23: 1.4905800238284446, 24: 0.9912271874676546, 25: 2.9800636356228956, 26: 3.483757781095134, 27: 2.9870668609178774, 28: 0.4817784899318627, 29: 1.0, 30: 1.9768178248468617, 31: 0.49011987180550143, 32: 1.0, 33: 0.9954236032232313, 34: 5.995311148215739, 35: 0.49140495131236067, 36: 0.475539920045553, 37: 5.481991229896497, 38: 4.490427244450935, 39: 1.995505230816557, 40: 7.4837121154702775, 41: 3.4851080525623046, 42: 1.9956048166738756, 43: 0.9828521903561951, 44: 0.48680620440534716, 45: 1.4956417169692198, 46: 3.9917559363407253, 47: 1.0, 48: 0.4909308155756471, 49: 1.9907446502998392, 50: 2.483984374115982, 51: 6.479145625322548, 52: 1.0, 53: 2.48505857056148, 54: 1.4874756597602574, 55: 2.495882360840329, 56: 2.9839530581633382, 57: 1.980986743864524, 58: 4.490061785917466, 59: 1.4794100841034203, 60: 3.9919858748631176, 61: 1.4900857025449699, 62: 0.9780136271225102, 63: 0.9902732146357738, 64: 2.9951586754760617, 65: 0.4868494706283606, 66: 2.4919164350233545, 67: 3.4837587804550956, 68: 0.981762124399089, 69: 3.995948565380035, 70: 1.0, 71: 1.4951353410467327, 72: 1.0, 73: 3.981633255874159, 74: 1.0, 75: 0.4952630315170471, 76: 2.490827192394451, 77: 4.495190495441323, 78: 2.987830030090322, 79: 2.487845222235969, 80: 3.483865423687921, 81: 0.9912151055158971, 82: 2.9903471654133824, 83: 1.4818742039336648, 84: 1.0, 85: 0.4907440117265862, 86: 2.495672675214201, 87: 4.98589746999893, 88: 2.995002392661752, 89: 1.0, 90: 0.9956796154735268, 91: 0.47908211615671614, 92: 0.4955330401783701, 93: 0.4720511961538554, 94: 1.0, 95: 4.991511247702413, 96: 1.0, 97: 3.9811816913409057, 98: 4.486654733932399, 99: 1.0}
2025-01-28 04:18:06 - WARNING  - Sum of s_i: 212.97387512034356
2025-01-28 04:18:11 - WARNING  - The sum of accs: 47.0
2025-01-28 04:18:11 - WARNING  - The welfare is 46.90435577993011
2025-01-28 04:18:29 - WARNING  - Shapley share: {92: -0.14999999999999986, 40: -0.24999999999999994, 0: -0.20000000000000018, 85: -0.15000000000000013, 17: -0.15000000000000013, 98: -0.10000000000000009, 39: 0.0, 21: -0.24999999999999994, 8: -0.5000000000000002, 37: -0.24999999999999994}
2025-01-28 04:18:34 - WARNING  - Epoch:    51. Accuracy: Top-1: 47.69 | Loss: value: 1.42
2025-01-28 04:18:34 - WARNING  - Epoch 51
2025-01-28 04:18:34 - WARNING  - s_i: {0: 1.0, 1: 4.9858110774356685, 2: 1.4831773507913821, 3: 1.0, 4: 1.4708970843070985, 5: 1.0, 6: 0.9919066378892115, 7: 1.4850562168432684, 8: 2.4806153912767606, 9: 1.0, 10: 1.0, 11: 2.481916947499025, 12: 1.9954648184740442, 13: 0.9954107478753516, 14: 1.0, 15: 1.0, 16: 0.4957826822982063, 17: 0.9799067897461717, 18: 1.9767002955287434, 19: 0.9834269288179547, 20: 2.986343556366424, 21: 0.4852507293406063, 22: 6.480270330804098, 23: 1.4905800238284446, 24: 0.9912271874676546, 25: 2.9800636356228956, 26: 3.483757781095134, 27: 2.9870668609178774, 28: 0.4817784899318627, 29: 1.0, 30: 1.9768178248468617, 31: 0.49011987180550143, 32: 1.0, 33: 0.9954236032232313, 34: 5.995311148215739, 35: 0.49140495131236067, 36: 0.475539920045553, 37: 2.977489037370622, 38: 4.490427244450935, 39: 1.9910104616331148, 40: 4.979640144337846, 41: 3.4851080525623046, 42: 1.9956048166738756, 43: 0.9828521903561951, 44: 0.48680620440534716, 45: 1.4956417169692198, 46: 3.9917559363407253, 47: 1.0, 48: 0.4909308155756471, 49: 1.9907446502998392, 50: 2.483984374115982, 51: 6.479145625322548, 52: 1.0, 53: 2.48505857056148, 54: 1.4874756597602574, 55: 2.495882360840329, 56: 2.9839530581633382, 57: 1.980986743864524, 58: 4.490061785917466, 59: 1.4794100841034203, 60: 3.9919858748631176, 61: 1.4900857025449699, 62: 0.9780136271225102, 63: 0.9902732146357738, 64: 2.9951586754760617, 65: 0.4868494706283606, 66: 2.4919164350233545, 67: 3.4837587804550956, 68: 0.981762124399089, 69: 3.995948565380035, 70: 1.0, 71: 1.4951353410467327, 72: 1.0, 73: 3.981633255874159, 74: 1.0, 75: 0.4952630315170471, 76: 2.490827192394451, 77: 4.495190495441323, 78: 2.987830030090322, 79: 2.487845222235969, 80: 3.483865423687921, 81: 0.9912151055158971, 82: 2.9903471654133824, 83: 1.4818742039336648, 84: 1.0, 85: 0.4907440117265862, 86: 2.495672675214201, 87: 4.98589746999893, 88: 2.995002392661752, 89: 1.0, 90: 0.9956796154735268, 91: 0.47908211615671614, 92: 0.4955330401783701, 93: 0.4720511961538554, 94: 1.0, 95: 4.991511247702413, 96: 1.0, 97: 3.9811816913409057, 98: 3.4822063119098656, 99: 1.0}
2025-01-28 04:18:34 - WARNING  - Sum of s_i: 205.45233912342852
2025-01-28 04:18:49 - WARNING  - Shapley share: {81: 0.050000000000000044, 59: 0.35000000000000003, 9: -0.20000000000000018, 19: 0.14999999999999986, 65: 0.24999999999999994, 7: 0.4000000000000001, 70: 0.0, 60: 0.24999999999999994, 23: 0.050000000000000044, 85: 0.24999999999999994}
2025-01-28 04:18:53 - WARNING  - Epoch:    52. Accuracy: Top-1: 50.51 | Loss: value: 1.37
2025-01-28 04:18:53 - WARNING  - Epoch 52
2025-01-28 04:18:53 - WARNING  - s_i: {0: 1.0, 1: 4.9858110774356685, 2: 1.4831773507913821, 3: 1.0, 4: 1.4708970843070985, 5: 1.0, 6: 0.9919066378892115, 7: 5.480074955791025, 8: 2.4806153912767606, 9: 1.0, 10: 1.0, 11: 2.481916947499025, 12: 1.9954648184740442, 13: 0.9954107478753516, 14: 1.0, 15: 1.0, 16: 0.4957826822982063, 17: 0.9799067897461717, 18: 1.9767002955287434, 19: 2.4792836610224427, 20: 2.986343556366424, 21: 0.4852507293406063, 22: 6.480270330804098, 23: 1.9858700357426657, 24: 0.9912271874676546, 25: 2.9800636356228956, 26: 3.483757781095134, 27: 2.9870668609178774, 28: 0.4817784899318627, 29: 1.0, 30: 1.9768178248468617, 31: 0.49011987180550143, 32: 1.0, 33: 0.9954236032232313, 34: 5.995311148215739, 35: 0.49140495131236067, 36: 0.475539920045553, 37: 2.977489037370622, 38: 4.490427244450935, 39: 1.9910104616331148, 40: 4.979640144337846, 41: 3.4851080525623046, 42: 1.9956048166738756, 43: 0.9828521903561951, 44: 0.48680620440534716, 45: 1.4956417169692198, 46: 3.9917559363407253, 47: 1.0, 48: 0.4909308155756471, 49: 1.9907446502998392, 50: 2.483984374115982, 51: 6.479145625322548, 52: 1.0, 53: 2.48505857056148, 54: 1.4874756597602574, 55: 2.495882360840329, 56: 2.9839530581633382, 57: 1.980986743864524, 58: 4.490061785917466, 59: 4.975292100924106, 60: 6.487978812294676, 61: 1.4900857025449699, 62: 0.9780136271225102, 63: 0.9902732146357738, 64: 2.9951586754760617, 65: 2.9824659608378123, 66: 2.4919164350233545, 67: 3.4837587804550956, 68: 0.981762124399089, 69: 3.995948565380035, 70: 0.9950837352440128, 71: 1.4951353410467327, 72: 1.0, 73: 3.981633255874159, 74: 1.0, 75: 0.4952630315170471, 76: 2.490827192394451, 77: 4.495190495441323, 78: 2.987830030090322, 79: 2.487845222235969, 80: 3.483865423687921, 81: 1.4868226582738446, 82: 2.9903471654133824, 83: 1.4818742039336648, 84: 1.0, 85: 2.986116017589876, 86: 2.495672675214201, 87: 4.98589746999893, 88: 2.995002392661752, 89: 1.0, 90: 0.9956796154735268, 91: 0.47908211615671614, 92: 0.4955330401783701, 93: 0.4720511961538554, 94: 1.0, 95: 4.991511247702413, 96: 1.0, 97: 3.9811816913409057, 98: 3.4822063119098656, 99: 1.0}
2025-01-28 04:18:53 - WARNING  - Sum of s_i: 222.91205934482193
2025-01-28 04:19:08 - WARNING  - Shapley share: {75: 0.0, 17: -0.15000000000000013, 15: -0.14999999999999986, 72: -0.15000000000000013, 94: 0.10000000000000009, 59: 0.050000000000000044, 32: 0.09999999999999981, 47: 0.24999999999999994, 3: -0.04999999999999977, 42: 0.0}
2025-01-28 04:19:13 - WARNING  - Epoch:    53. Accuracy: Top-1: 49.59 | Loss: value: 1.38
2025-01-28 04:19:13 - WARNING  - Epoch 53
2025-01-28 04:19:13 - WARNING  - s_i: {0: 1.0, 1: 4.9858110774356685, 2: 1.4831773507913821, 3: 0.4950940152376405, 4: 1.4708970843070985, 5: 1.0, 6: 0.9919066378892115, 7: 5.480074955791025, 8: 2.4806153912767606, 9: 1.0, 10: 1.0, 11: 2.481916947499025, 12: 1.9954648184740442, 13: 0.9954107478753516, 14: 1.0, 15: 1.0, 16: 0.4957826822982063, 17: 0.9799067897461717, 18: 1.9767002955287434, 19: 2.4792836610224427, 20: 2.986343556366424, 21: 0.4852507293406063, 22: 6.480270330804098, 23: 1.9858700357426657, 24: 0.9912271874676546, 25: 2.9800636356228956, 26: 3.483757781095134, 27: 2.9870668609178774, 28: 0.4817784899318627, 29: 1.0, 30: 1.9768178248468617, 31: 0.49011987180550143, 32: 1.9956906726575898, 33: 0.9954236032232313, 34: 5.995311148215739, 35: 0.49140495131236067, 36: 0.475539920045553, 37: 2.977489037370622, 38: 4.490427244450935, 39: 1.9910104616331148, 40: 4.979640144337846, 41: 3.4851080525623046, 42: 1.9912096333477474, 43: 0.9828521903561951, 44: 0.48680620440534716, 45: 1.4956417169692198, 46: 3.9917559363407253, 47: 3.495120222907255, 48: 0.4909308155756471, 49: 1.9907446502998392, 50: 2.483984374115982, 51: 6.479145625322548, 52: 1.0, 53: 2.48505857056148, 54: 1.4874756597602574, 55: 2.495882360840329, 56: 2.9839530581633382, 57: 1.980986743864524, 58: 4.490061785917466, 59: 5.471174117744791, 60: 6.487978812294676, 61: 1.4900857025449699, 62: 0.9780136271225102, 63: 0.9902732146357738, 64: 2.9951586754760617, 65: 2.9824659608378123, 66: 2.4919164350233545, 67: 3.4837587804550956, 68: 0.981762124399089, 69: 3.995948565380035, 70: 0.9950837352440128, 71: 1.4951353410467327, 72: 1.0, 73: 3.981633255874159, 74: 1.0, 75: 0.4905260630340947, 76: 2.490827192394451, 77: 4.495190495441323, 78: 2.987830030090322, 79: 2.487845222235969, 80: 3.483865423687921, 81: 1.4868226582738446, 82: 2.9903471654133824, 83: 1.4818742039336648, 84: 1.0, 85: 2.986116017589876, 86: 2.495672675214201, 87: 4.98589746999893, 88: 2.995002392661752, 89: 1.0, 90: 0.9956796154735268, 91: 0.47908211615671614, 92: 0.4955330401783701, 93: 0.4720511961538554, 94: 1.995663327144926, 95: 4.991511247702413, 96: 1.0, 97: 3.9811816913409057, 98: 3.4822063119098656, 99: 1.0}
2025-01-28 04:19:13 - WARNING  - Sum of s_i: 227.38037744778094
2025-01-28 04:19:29 - WARNING  - Shapley share: {59: -0.10000000000000009, 4: -0.2999999999999997, 93: 2.7755575615628914e-16, 64: -0.10000000000000009, 90: 0.050000000000000044, 94: 0.20000000000000018, 46: 0.14999999999999986, 2: -0.2500000000000002, 96: 0.050000000000000044, 35: 0.2500000000000002}
2025-01-28 04:19:34 - WARNING  - Epoch:    54. Accuracy: Top-1: 48.70 | Loss: value: 1.38
2025-01-28 04:19:34 - WARNING  - Epoch 54
2025-01-28 04:19:34 - WARNING  - s_i: {0: 1.0, 1: 4.9858110774356685, 2: 1.4831773507913821, 3: 0.4950940152376405, 4: 1.4708970843070985, 5: 1.0, 6: 0.9919066378892115, 7: 5.480074955791025, 8: 2.4806153912767606, 9: 1.0, 10: 1.0, 11: 2.481916947499025, 12: 1.9954648184740442, 13: 0.9954107478753516, 14: 1.0, 15: 1.0, 16: 0.4957826822982063, 17: 0.9799067897461717, 18: 1.9767002955287434, 19: 2.4792836610224427, 20: 2.986343556366424, 21: 0.4852507293406063, 22: 6.480270330804098, 23: 1.9858700357426657, 24: 0.9912271874676546, 25: 2.9800636356228956, 26: 3.483757781095134, 27: 2.9870668609178774, 28: 0.4817784899318627, 29: 1.0, 30: 1.9768178248468617, 31: 0.49011987180550143, 32: 1.9956906726575898, 33: 0.9954236032232313, 34: 5.995311148215739, 35: 2.9871074269685405, 36: 0.475539920045553, 37: 2.977489037370622, 38: 4.490427244450935, 39: 1.9910104616331148, 40: 4.979640144337846, 41: 3.4851080525623046, 42: 1.9912096333477474, 43: 0.9828521903561951, 44: 0.48680620440534716, 45: 1.4956417169692198, 46: 5.487633904511087, 47: 3.495120222907255, 48: 0.4909308155756471, 49: 1.9907446502998392, 50: 2.483984374115982, 51: 6.479145625322548, 52: 1.0, 53: 2.48505857056148, 54: 1.4874756597602574, 55: 2.495882360840329, 56: 2.9839530581633382, 57: 1.980986743864524, 58: 4.490061785917466, 59: 4.467056134565475, 60: 6.487978812294676, 61: 1.4900857025449699, 62: 0.9780136271225102, 63: 0.9902732146357738, 64: 1.9903173509521235, 65: 2.9824659608378123, 66: 2.4919164350233545, 67: 3.4837587804550956, 68: 0.981762124399089, 69: 3.995948565380035, 70: 0.9950837352440128, 71: 1.4951353410467327, 72: 1.0, 73: 3.981633255874159, 74: 1.0, 75: 0.4905260630340947, 76: 2.490827192394451, 77: 4.495190495441323, 78: 2.987830030090322, 79: 2.487845222235969, 80: 3.483865423687921, 81: 1.4868226582738446, 82: 2.9903471654133824, 83: 1.4818742039336648, 84: 1.0, 85: 2.986116017589876, 86: 2.495672675214201, 87: 4.98589746999893, 88: 2.995002392661752, 89: 1.0, 90: 1.491359230947054, 91: 0.47908211615671614, 92: 0.4955330401783701, 93: 0.4673930621795007, 94: 3.9913266542898533, 95: 4.991511247702413, 96: 1.4954525207124516, 97: 3.9811816913409057, 98: 3.4822063119098656, 99: 1.0}
2025-01-28 04:19:34 - WARNING  - Sum of s_i: 232.34513591326078
2025-01-28 04:19:50 - WARNING  - Shapley share: {17: -0.3, 36: 0.35000000000000003, 95: -0.7000000000000001, 81: -0.2500000000000002, 32: -0.35000000000000003, 55: -0.4500000000000001, 2: -0.6, 44: -0.2999999999999997, 62: -0.34999999999999976, 40: -0.5500000000000003}
2025-01-28 04:19:55 - WARNING  - Epoch:    55. Accuracy: Top-1: 49.57 | Loss: value: 1.34
2025-01-28 04:19:55 - WARNING  - Epoch 55
2025-01-28 04:19:55 - WARNING  - s_i: {0: 1.0, 1: 4.9858110774356685, 2: 1.4831773507913821, 3: 0.4950940152376405, 4: 1.4708970843070985, 5: 1.0, 6: 0.9919066378892115, 7: 5.480074955791025, 8: 2.4806153912767606, 9: 1.0, 10: 1.0, 11: 2.481916947499025, 12: 1.9954648184740442, 13: 0.9954107478753516, 14: 1.0, 15: 1.0, 16: 0.4957826822982063, 17: 0.9799067897461717, 18: 1.9767002955287434, 19: 2.4792836610224427, 20: 2.986343556366424, 21: 0.4852507293406063, 22: 6.480270330804098, 23: 1.9858700357426657, 24: 0.9912271874676546, 25: 2.9800636356228956, 26: 3.483757781095134, 27: 2.9870668609178774, 28: 0.4817784899318627, 29: 1.0, 30: 1.9768178248468617, 31: 0.49011987180550143, 32: 1.9956906726575898, 33: 0.9954236032232313, 34: 5.995311148215739, 35: 2.9871074269685405, 36: 3.970647904054664, 37: 2.977489037370622, 38: 4.490427244450935, 39: 1.9910104616331148, 40: 4.979640144337846, 41: 3.4851080525623046, 42: 1.9912096333477474, 43: 0.9828521903561951, 44: 0.48680620440534716, 45: 1.4956417169692198, 46: 5.487633904511087, 47: 3.495120222907255, 48: 0.4909308155756471, 49: 1.9907446502998392, 50: 2.483984374115982, 51: 6.479145625322548, 52: 1.0, 53: 2.48505857056148, 54: 1.4874756597602574, 55: 2.495882360840329, 56: 2.9839530581633382, 57: 1.980986743864524, 58: 4.490061785917466, 59: 4.467056134565475, 60: 6.487978812294676, 61: 1.4900857025449699, 62: 0.9780136271225102, 63: 0.9902732146357738, 64: 1.9903173509521235, 65: 2.9824659608378123, 66: 2.4919164350233545, 67: 3.4837587804550956, 68: 0.981762124399089, 69: 3.995948565380035, 70: 0.9950837352440128, 71: 1.4951353410467327, 72: 1.0, 73: 3.981633255874159, 74: 1.0, 75: 0.4905260630340947, 76: 2.490827192394451, 77: 4.495190495441323, 78: 2.987830030090322, 79: 2.487845222235969, 80: 3.483865423687921, 81: 1.4868226582738446, 82: 2.9903471654133824, 83: 1.4818742039336648, 84: 1.0, 85: 2.986116017589876, 86: 2.495672675214201, 87: 4.98589746999893, 88: 2.995002392661752, 89: 1.0, 90: 1.491359230947054, 91: 0.47908211615671614, 92: 0.4955330401783701, 93: 0.4673930621795007, 94: 3.9913266542898533, 95: 4.991511247702413, 96: 1.4954525207124516, 97: 3.9811816913409057, 98: 3.4822063119098656, 99: 1.0}
2025-01-28 04:19:55 - WARNING  - Sum of s_i: 235.8402438972699
2025-01-28 04:20:13 - WARNING  - Shapley share: {69: -0.15000000000000013, 62: -0.05000000000000032, 49: -0.5500000000000003, 37: -0.15000000000000013, 93: -0.2500000000000002, 22: -0.050000000000000044, 21: -0.2500000000000002, 91: -0.5000000000000002, 51: -0.8000000000000002, 38: -0.5500000000000003}
2025-01-28 04:20:18 - WARNING  - Epoch:    56. Accuracy: Top-1: 46.64 | Loss: value: 1.46
2025-01-28 04:20:18 - WARNING  - Epoch 56
2025-01-28 04:20:18 - WARNING  - s_i: {0: 1.0, 1: 4.9858110774356685, 2: 1.4831773507913821, 3: 0.4950940152376405, 4: 1.4708970843070985, 5: 1.0, 6: 0.9919066378892115, 7: 5.480074955791025, 8: 2.4806153912767606, 9: 1.0, 10: 1.0, 11: 2.481916947499025, 12: 1.9954648184740442, 13: 0.9954107478753516, 14: 1.0, 15: 1.0, 16: 0.4957826822982063, 17: 0.9799067897461717, 18: 1.9767002955287434, 19: 2.4792836610224427, 20: 2.986343556366424, 21: 0.4852507293406063, 22: 5.975337913505121, 23: 1.9858700357426657, 24: 0.9912271874676546, 25: 2.9800636356228956, 26: 3.483757781095134, 27: 2.9870668609178774, 28: 0.4817784899318627, 29: 1.0, 30: 1.9768178248468617, 31: 0.49011987180550143, 32: 1.9956906726575898, 33: 0.9954236032232313, 34: 5.995311148215739, 35: 2.9871074269685405, 36: 3.970647904054664, 37: 1.472986844844745, 38: 4.490427244450935, 39: 1.9910104616331148, 40: 4.979640144337846, 41: 3.4851080525623046, 42: 1.9912096333477474, 43: 0.9828521903561951, 44: 0.48680620440534716, 45: 1.4956417169692198, 46: 5.487633904511087, 47: 3.495120222907255, 48: 0.4909308155756471, 49: 1.9907446502998392, 50: 2.483984374115982, 51: 6.479145625322548, 52: 1.0, 53: 2.48505857056148, 54: 1.4874756597602574, 55: 2.495882360840329, 56: 2.9839530581633382, 57: 1.980986743864524, 58: 4.490061785917466, 59: 4.467056134565475, 60: 6.487978812294676, 61: 1.4900857025449699, 62: 0.4736163525470083, 63: 0.9902732146357738, 64: 1.9903173509521235, 65: 2.9824659608378123, 66: 2.4919164350233545, 67: 3.4837587804550956, 68: 0.981762124399089, 69: 2.4918971307600715, 70: 0.9950837352440128, 71: 1.4951353410467327, 72: 1.0, 73: 3.981633255874159, 74: 1.0, 75: 0.4905260630340947, 76: 2.490827192394451, 77: 4.495190495441323, 78: 2.987830030090322, 79: 2.487845222235969, 80: 3.483865423687921, 81: 1.4868226582738446, 82: 2.9903471654133824, 83: 1.4818742039336648, 84: 1.0, 85: 2.986116017589876, 86: 2.495672675214201, 87: 4.98589746999893, 88: 2.995002392661752, 89: 1.0, 90: 1.491359230947054, 91: 0.47908211615671614, 92: 0.4955330401783701, 93: 0.4673930621795007, 94: 3.9913266542898533, 95: 4.991511247702413, 96: 1.4954525207124516, 97: 3.9811816913409057, 98: 3.4822063119098656, 99: 1.0}
2025-01-28 04:20:18 - WARNING  - Sum of s_i: 231.82236057824957
2025-01-28 04:20:35 - WARNING  - Shapley share: {60: -0.2500000000000002, 69: -0.3, 85: -0.1999999999999999, 1: -0.050000000000000044, 16: -0.20000000000000018, 52: -0.10000000000000009, 78: -0.3500000000000003, 89: -0.2500000000000002, 23: -0.3, 25: -0.20000000000000018}
2025-01-28 04:20:39 - WARNING  - Epoch:    57. Accuracy: Top-1: 48.70 | Loss: value: 1.38
2025-01-28 04:20:39 - WARNING  - Epoch 57
2025-01-28 04:20:39 - WARNING  - s_i: {0: 1.0, 1: 4.481081436580892, 2: 1.4831773507913821, 3: 0.4950940152376405, 4: 1.4708970843070985, 5: 1.0, 6: 0.9919066378892115, 7: 5.480074955791025, 8: 2.4806153912767606, 9: 1.0, 10: 1.0, 11: 2.481916947499025, 12: 1.9954648184740442, 13: 0.9954107478753516, 14: 1.0, 15: 1.0, 16: 0.4957826822982063, 17: 0.9799067897461717, 18: 1.9767002955287434, 19: 2.4792836610224427, 20: 2.986343556366424, 21: 0.4852507293406063, 22: 5.975337913505121, 23: 1.9858700357426657, 24: 0.9912271874676546, 25: 0.9750795445286178, 26: 3.483757781095134, 27: 2.9870668609178774, 28: 0.4817784899318627, 29: 1.0, 30: 1.9768178248468617, 31: 0.49011987180550143, 32: 1.9956906726575898, 33: 0.9954236032232313, 34: 5.995311148215739, 35: 2.9871074269685405, 36: 3.970647904054664, 37: 1.472986844844745, 38: 4.490427244450935, 39: 1.9910104616331148, 40: 4.979640144337846, 41: 3.4851080525623046, 42: 1.9912096333477474, 43: 0.9828521903561951, 44: 0.48680620440534716, 45: 1.4956417169692198, 46: 5.487633904511087, 47: 3.495120222907255, 48: 0.4909308155756471, 49: 1.9907446502998392, 50: 2.483984374115982, 51: 6.479145625322548, 52: 1.0, 53: 2.48505857056148, 54: 1.4874756597602574, 55: 2.495882360840329, 56: 2.9839530581633382, 57: 1.980986743864524, 58: 4.490061785917466, 59: 4.467056134565475, 60: 3.9839717497262326, 61: 1.4900857025449699, 62: 0.4736163525470083, 63: 0.9902732146357738, 64: 1.9903173509521235, 65: 2.9824659608378123, 66: 2.4919164350233545, 67: 3.4837587804550956, 68: 0.981762124399089, 69: 2.4918971307600715, 70: 0.9950837352440128, 71: 1.4951353410467327, 72: 1.0, 73: 3.981633255874159, 74: 1.0, 75: 0.4905260630340947, 76: 2.490827192394451, 77: 4.495190495441323, 78: 2.987830030090322, 79: 2.487845222235969, 80: 3.483865423687921, 81: 1.4868226582738446, 82: 2.9903471654133824, 83: 1.4818742039336648, 84: 1.0, 85: 0.981488023453168, 86: 2.495672675214201, 87: 4.98589746999893, 88: 2.995002392661752, 89: 1.0, 90: 1.491359230947054, 91: 0.47908211615671614, 92: 0.4955330401783701, 93: 0.4673930621795007, 94: 3.9913266542898533, 95: 4.991511247702413, 96: 1.4954525207124516, 97: 3.9811816913409057, 98: 3.4822063119098656, 99: 1.0}
2025-01-28 04:20:39 - WARNING  - Sum of s_i: 224.80401178959536
2025-01-28 04:21:00 - WARNING  - Shapley share: {11: -0.35000000000000003, 52: 0.14999999999999986, 98: 0.04999999999999977, 88: 0.2999999999999997, 2: 0.34999999999999976, 22: 0.04999999999999977, 66: 0.3, 23: -0.10000000000000009, 76: -0.7999999999999996, 73: -0.4500000000000001}
2025-01-28 04:21:04 - WARNING  - Epoch:    58. Accuracy: Top-1: 50.02 | Loss: value: 1.37
2025-01-28 04:21:04 - WARNING  - Epoch 58
2025-01-28 04:21:04 - WARNING  - s_i: {0: 1.0, 1: 4.481081436580892, 2: 4.978971688489226, 3: 0.4950940152376405, 4: 1.4708970843070985, 5: 1.0, 6: 0.9919066378892115, 7: 5.480074955791025, 8: 2.4806153912767606, 9: 1.0, 10: 1.0, 11: 2.481916947499025, 12: 1.9954648184740442, 13: 0.9954107478753516, 14: 1.0, 15: 1.0, 16: 0.4957826822982063, 17: 0.9799067897461717, 18: 1.9767002955287434, 19: 2.4792836610224427, 20: 2.986343556366424, 21: 0.4852507293406063, 22: 6.470405496206142, 23: 0.9811600476568854, 24: 0.9912271874676546, 25: 0.9750795445286178, 26: 3.483757781095134, 27: 2.9870668609178774, 28: 0.4817784899318627, 29: 1.0, 30: 1.9768178248468617, 31: 0.49011987180550143, 32: 1.9956906726575898, 33: 0.9954236032232313, 34: 5.995311148215739, 35: 2.9871074269685405, 36: 3.970647904054664, 37: 1.472986844844745, 38: 4.490427244450935, 39: 1.9910104616331148, 40: 4.979640144337846, 41: 3.4851080525623046, 42: 1.9912096333477474, 43: 0.9828521903561951, 44: 0.48680620440534716, 45: 1.4956417169692198, 46: 5.487633904511087, 47: 3.495120222907255, 48: 0.4909308155756471, 49: 1.9907446502998392, 50: 2.483984374115982, 51: 6.479145625322548, 52: 2.495221302100859, 53: 2.48505857056148, 54: 1.4874756597602574, 55: 2.495882360840329, 56: 2.9839530581633382, 57: 1.980986743864524, 58: 4.490061785917466, 59: 4.467056134565475, 60: 3.9839717497262326, 61: 1.4900857025449699, 62: 0.4736163525470083, 63: 0.9902732146357738, 64: 1.9903173509521235, 65: 2.9824659608378123, 66: 5.487874652535032, 67: 3.4837587804550956, 68: 0.981762124399089, 69: 2.4918971307600715, 70: 0.9950837352440128, 71: 1.4951353410467327, 72: 1.0, 73: 3.981633255874159, 74: 1.0, 75: 0.4905260630340947, 76: 2.490827192394451, 77: 4.495190495441323, 78: 2.987830030090322, 79: 2.487845222235969, 80: 3.483865423687921, 81: 1.4868226582738446, 82: 2.9903471654133824, 83: 1.4818742039336648, 84: 1.0, 85: 0.981488023453168, 86: 2.495672675214201, 87: 4.98589746999893, 88: 5.990004785323501, 89: 1.0, 90: 1.491359230947054, 91: 0.47908211615671614, 92: 0.4955330401783701, 93: 0.4673930621795007, 94: 3.9913266542898533, 95: 4.991511247702413, 96: 1.4954525207124516, 97: 3.9811816913409057, 98: 3.9777578898873305, 99: 1.0}
2025-01-28 04:21:04 - WARNING  - Sum of s_i: 235.77189721216018
2025-01-28 04:21:19 - WARNING  - Shapley share: {65: -0.7000000000000001, 31: 0.4000000000000001, 19: -0.1999999999999999, 39: 0.050000000000000044, 96: 0.14999999999999986, 16: -0.3, 17: -0.1999999999999999, 86: -0.4500000000000001, 63: -0.8499999999999999, 74: -0.6}
2025-01-28 04:21:24 - WARNING  - Epoch:    59. Accuracy: Top-1: 52.74 | Loss: value: 1.29
2025-01-28 04:21:24 - WARNING  - Epoch 59
2025-01-28 04:21:24 - WARNING  - s_i: {0: 1.0, 1: 4.481081436580892, 2: 4.978971688489226, 3: 0.4950940152376405, 4: 1.4708970843070985, 5: 1.0, 6: 0.9919066378892115, 7: 5.480074955791025, 8: 2.4806153912767606, 9: 1.0, 10: 1.0, 11: 2.481916947499025, 12: 1.9954648184740442, 13: 0.9954107478753516, 14: 1.0, 15: 1.0, 16: 0.4957826822982063, 17: 0.9799067897461717, 18: 1.9767002955287434, 19: 0.47514039322693336, 20: 2.986343556366424, 21: 0.4852507293406063, 22: 6.470405496206142, 23: 0.9811600476568854, 24: 0.9912271874676546, 25: 0.9750795445286178, 26: 3.483757781095134, 27: 2.9870668609178774, 28: 0.4817784899318627, 29: 1.0, 30: 1.9768178248468617, 31: 4.485179807708253, 32: 1.9956906726575898, 33: 0.9954236032232313, 34: 5.995311148215739, 35: 2.9871074269685405, 36: 3.970647904054664, 37: 1.472986844844745, 38: 4.490427244450935, 39: 2.486515692449673, 40: 4.979640144337846, 41: 3.4851080525623046, 42: 1.9912096333477474, 43: 0.9828521903561951, 44: 0.48680620440534716, 45: 1.4956417169692198, 46: 5.487633904511087, 47: 3.495120222907255, 48: 0.4909308155756471, 49: 1.9907446502998392, 50: 2.483984374115982, 51: 6.479145625322548, 52: 2.495221302100859, 53: 2.48505857056148, 54: 1.4874756597602574, 55: 2.495882360840329, 56: 2.9839530581633382, 57: 1.980986743864524, 58: 4.490061785917466, 59: 4.467056134565475, 60: 3.9839717497262326, 61: 1.4900857025449699, 62: 0.4736163525470083, 63: 0.9902732146357738, 64: 1.9903173509521235, 65: 2.9824659608378123, 66: 5.487874652535032, 67: 3.4837587804550956, 68: 0.981762124399089, 69: 2.4918971307600715, 70: 0.9950837352440128, 71: 1.4951353410467327, 72: 1.0, 73: 3.981633255874159, 74: 1.0, 75: 0.4905260630340947, 76: 2.490827192394451, 77: 4.495190495441323, 78: 2.987830030090322, 79: 2.487845222235969, 80: 3.483865423687921, 81: 1.4868226582738446, 82: 2.9903471654133824, 83: 1.4818742039336648, 84: 1.0, 85: 0.981488023453168, 86: 2.495672675214201, 87: 4.98589746999893, 88: 5.990004785323501, 89: 1.0, 90: 1.491359230947054, 91: 0.47908211615671614, 92: 0.4955330401783701, 93: 0.4673930621795007, 94: 3.9913266542898533, 95: 4.991511247702413, 96: 2.9909050414249014, 97: 3.9811816913409057, 98: 3.9777578898873305, 99: 1.0}
2025-01-28 04:21:24 - WARNING  - Sum of s_i: 239.75377163179644
2025-01-28 04:21:42 - WARNING  - Shapley share: {37: -0.35000000000000003, 82: -0.4000000000000001, 78: -0.8500000000000003, 80: -0.7000000000000004, 56: -0.3, 17: -0.3999999999999998, 84: -0.6, 40: -0.8999999999999999, 66: -0.8999999999999997, 2: -0.8500000000000002}
2025-01-28 04:21:46 - WARNING  - Epoch:    60. Accuracy: Top-1: 51.22 | Loss: value: 1.32
2025-01-28 04:21:46 - WARNING  - Epoch 60
2025-01-28 04:21:46 - WARNING  - s_i: {0: 1.0, 1: 4.481081436580892, 2: 4.978971688489226, 3: 0.4950940152376405, 4: 1.4708970843070985, 5: 1.0, 6: 0.9919066378892115, 7: 5.480074955791025, 8: 2.4806153912767606, 9: 1.0, 10: 1.0, 11: 2.481916947499025, 12: 1.9954648184740442, 13: 0.9954107478753516, 14: 1.0, 15: 1.0, 16: 0.4957826822982063, 17: 0.9799067897461717, 18: 1.9767002955287434, 19: 0.47514039322693336, 20: 2.986343556366424, 21: 0.4852507293406063, 22: 6.470405496206142, 23: 0.9811600476568854, 24: 0.9912271874676546, 25: 0.9750795445286178, 26: 3.483757781095134, 27: 2.9870668609178774, 28: 0.4817784899318627, 29: 1.0, 30: 1.9768178248468617, 31: 4.485179807708253, 32: 1.9956906726575898, 33: 0.9954236032232313, 34: 5.995311148215739, 35: 2.9871074269685405, 36: 3.970647904054664, 37: 1.472986844844745, 38: 4.490427244450935, 39: 2.486515692449673, 40: 4.979640144337846, 41: 3.4851080525623046, 42: 1.9912096333477474, 43: 0.9828521903561951, 44: 0.48680620440534716, 45: 1.4956417169692198, 46: 5.487633904511087, 47: 3.495120222907255, 48: 0.4909308155756471, 49: 1.9907446502998392, 50: 2.483984374115982, 51: 6.479145625322548, 52: 2.495221302100859, 53: 2.48505857056148, 54: 1.4874756597602574, 55: 2.495882360840329, 56: 2.9839530581633382, 57: 1.980986743864524, 58: 4.490061785917466, 59: 4.467056134565475, 60: 3.9839717497262326, 61: 1.4900857025449699, 62: 0.4736163525470083, 63: 0.9902732146357738, 64: 1.9903173509521235, 65: 2.9824659608378123, 66: 5.487874652535032, 67: 3.4837587804550956, 68: 0.981762124399089, 69: 2.4918971307600715, 70: 0.9950837352440128, 71: 1.4951353410467327, 72: 1.0, 73: 3.981633255874159, 74: 1.0, 75: 0.4905260630340947, 76: 2.490827192394451, 77: 4.495190495441323, 78: 2.987830030090322, 79: 2.487845222235969, 80: 3.483865423687921, 81: 1.4868226582738446, 82: 2.9903471654133824, 83: 1.4818742039336648, 84: 1.0, 85: 0.981488023453168, 86: 2.495672675214201, 87: 4.98589746999893, 88: 5.990004785323501, 89: 1.0, 90: 1.491359230947054, 91: 0.47908211615671614, 92: 0.4955330401783701, 93: 0.4673930621795007, 94: 3.9913266542898533, 95: 4.991511247702413, 96: 2.9909050414249014, 97: 3.9811816913409057, 98: 3.9777578898873305, 99: 1.0}
2025-01-28 04:21:46 - WARNING  - Sum of s_i: 239.75377163179644
2025-01-28 04:21:51 - WARNING  - The sum of accs: 51.0
2025-01-28 04:21:51 - WARNING  - The welfare is 50.89197373907176
2025-01-28 04:22:09 - WARNING  - Shapley share: {31: -0.5000000000000004, 3: -0.6500000000000004, 49: -0.20000000000000018, 15: -0.35000000000000003, 78: -0.40000000000000036, 87: -0.7500000000000001, 70: -0.7000000000000001, 65: -0.8000000000000002, 69: -0.3, 33: -0.5500000000000003}
2025-01-28 04:22:14 - WARNING  - Epoch:    61. Accuracy: Top-1: 52.28 | Loss: value: 1.28
2025-01-28 04:22:14 - WARNING  - Epoch 61
2025-01-28 04:22:14 - WARNING  - s_i: {0: 1.0, 1: 4.481081436580892, 2: 4.978971688489226, 3: 0.4950940152376405, 4: 1.4708970843070985, 5: 1.0, 6: 0.9919066378892115, 7: 5.480074955791025, 8: 2.4806153912767606, 9: 1.0, 10: 1.0, 11: 2.481916947499025, 12: 1.9954648184740442, 13: 0.9954107478753516, 14: 1.0, 15: 1.0, 16: 0.4957826822982063, 17: 0.9799067897461717, 18: 1.9767002955287434, 19: 0.47514039322693336, 20: 2.986343556366424, 21: 0.4852507293406063, 22: 6.470405496206142, 23: 0.9811600476568854, 24: 0.9912271874676546, 25: 0.9750795445286178, 26: 3.483757781095134, 27: 2.9870668609178774, 28: 0.4817784899318627, 29: 1.0, 30: 1.9768178248468617, 31: 4.485179807708253, 32: 1.9956906726575898, 33: 0.9954236032232313, 34: 5.995311148215739, 35: 2.9871074269685405, 36: 3.970647904054664, 37: 1.472986844844745, 38: 4.490427244450935, 39: 2.486515692449673, 40: 4.979640144337846, 41: 3.4851080525623046, 42: 1.9912096333477474, 43: 0.9828521903561951, 44: 0.48680620440534716, 45: 1.4956417169692198, 46: 5.487633904511087, 47: 3.495120222907255, 48: 0.4909308155756471, 49: 1.9907446502998392, 50: 2.483984374115982, 51: 6.479145625322548, 52: 2.495221302100859, 53: 2.48505857056148, 54: 1.4874756597602574, 55: 2.495882360840329, 56: 2.9839530581633382, 57: 1.980986743864524, 58: 4.490061785917466, 59: 4.467056134565475, 60: 3.9839717497262326, 61: 1.4900857025449699, 62: 0.4736163525470083, 63: 0.9902732146357738, 64: 1.9903173509521235, 65: 2.9824659608378123, 66: 5.487874652535032, 67: 3.4837587804550956, 68: 0.981762124399089, 69: 2.4918971307600715, 70: 0.9950837352440128, 71: 1.4951353410467327, 72: 1.0, 73: 3.981633255874159, 74: 1.0, 75: 0.4905260630340947, 76: 2.490827192394451, 77: 4.495190495441323, 78: 2.987830030090322, 79: 2.487845222235969, 80: 3.483865423687921, 81: 1.4868226582738446, 82: 2.9903471654133824, 83: 1.4818742039336648, 84: 1.0, 85: 0.981488023453168, 86: 2.495672675214201, 87: 4.98589746999893, 88: 5.990004785323501, 89: 1.0, 90: 1.491359230947054, 91: 0.47908211615671614, 92: 0.4955330401783701, 93: 0.4673930621795007, 94: 3.9913266542898533, 95: 4.991511247702413, 96: 2.9909050414249014, 97: 3.9811816913409057, 98: 3.9777578898873305, 99: 1.0}
2025-01-28 04:22:14 - WARNING  - Sum of s_i: 239.75377163179644
2025-01-28 04:22:31 - WARNING  - Shapley share: {27: -0.35000000000000003, 97: -0.34999999999999976, 15: -0.2500000000000002, 70: -2.7755575615628914e-16, 14: -0.1999999999999999, 58: -1.15, 19: -0.4000000000000001, 17: -0.34999999999999976, 18: -0.5500000000000003, 89: -0.9000000000000002}
2025-01-28 04:22:36 - WARNING  - Epoch:    62. Accuracy: Top-1: 52.86 | Loss: value: 1.28
2025-01-28 04:22:36 - WARNING  - Epoch 62
2025-01-28 04:22:36 - WARNING  - s_i: {0: 1.0, 1: 4.481081436580892, 2: 4.978971688489226, 3: 0.4950940152376405, 4: 1.4708970843070985, 5: 1.0, 6: 0.9919066378892115, 7: 5.480074955791025, 8: 2.4806153912767606, 9: 1.0, 10: 1.0, 11: 2.481916947499025, 12: 1.9954648184740442, 13: 0.9954107478753516, 14: 1.0, 15: 1.0, 16: 0.4957826822982063, 17: 0.9799067897461717, 18: 1.9767002955287434, 19: 0.47514039322693336, 20: 2.986343556366424, 21: 0.4852507293406063, 22: 6.470405496206142, 23: 0.9811600476568854, 24: 0.9912271874676546, 25: 0.9750795445286178, 26: 3.483757781095134, 27: 2.9870668609178774, 28: 0.4817784899318627, 29: 1.0, 30: 1.9768178248468617, 31: 4.485179807708253, 32: 1.9956906726575898, 33: 0.9954236032232313, 34: 5.995311148215739, 35: 2.9871074269685405, 36: 3.970647904054664, 37: 1.472986844844745, 38: 4.490427244450935, 39: 2.486515692449673, 40: 4.979640144337846, 41: 3.4851080525623046, 42: 1.9912096333477474, 43: 0.9828521903561951, 44: 0.48680620440534716, 45: 1.4956417169692198, 46: 5.487633904511087, 47: 3.495120222907255, 48: 0.4909308155756471, 49: 1.9907446502998392, 50: 2.483984374115982, 51: 6.479145625322548, 52: 2.495221302100859, 53: 2.48505857056148, 54: 1.4874756597602574, 55: 2.495882360840329, 56: 2.9839530581633382, 57: 1.980986743864524, 58: 4.490061785917466, 59: 4.467056134565475, 60: 3.9839717497262326, 61: 1.4900857025449699, 62: 0.4736163525470083, 63: 0.9902732146357738, 64: 1.9903173509521235, 65: 2.9824659608378123, 66: 5.487874652535032, 67: 3.4837587804550956, 68: 0.981762124399089, 69: 2.4918971307600715, 70: 0.9901674704880229, 71: 1.4951353410467327, 72: 1.0, 73: 3.981633255874159, 74: 1.0, 75: 0.4905260630340947, 76: 2.490827192394451, 77: 4.495190495441323, 78: 2.987830030090322, 79: 2.487845222235969, 80: 3.483865423687921, 81: 1.4868226582738446, 82: 2.9903471654133824, 83: 1.4818742039336648, 84: 1.0, 85: 0.981488023453168, 86: 2.495672675214201, 87: 4.98589746999893, 88: 5.990004785323501, 89: 1.0, 90: 1.491359230947054, 91: 0.47908211615671614, 92: 0.4955330401783701, 93: 0.4673930621795007, 94: 3.9913266542898533, 95: 4.991511247702413, 96: 2.9909050414249014, 97: 0.47647711417613436, 98: 3.9777578898873305, 99: 1.0}
2025-01-28 04:22:36 - WARNING  - Sum of s_i: 236.24415078987568
2025-01-28 04:22:52 - WARNING  - Shapley share: {2: -0.4000000000000001, 19: -0.10000000000000009, 83: -0.3, 24: -0.3500000000000003, 11: -0.050000000000000044, 84: -0.4000000000000001, 9: -0.4000000000000001, 53: -0.3, 62: -0.14999999999999986, 67: -0.65}
2025-01-28 04:22:57 - WARNING  - Epoch:    63. Accuracy: Top-1: 53.24 | Loss: value: 1.28
2025-01-28 04:22:57 - WARNING  - Epoch 63
2025-01-28 04:22:57 - WARNING  - s_i: {0: 1.0, 1: 4.481081436580892, 2: 0.974766026187071, 3: 0.4950940152376405, 4: 1.4708970843070985, 5: 1.0, 6: 0.9919066378892115, 7: 5.480074955791025, 8: 2.4806153912767606, 9: 1.0, 10: 1.0, 11: 1.9773961843737817, 12: 1.9954648184740442, 13: 0.9954107478753516, 14: 1.0, 15: 1.0, 16: 0.4957826822982063, 17: 0.9799067897461717, 18: 1.9767002955287434, 19: 0.47514039322693336, 20: 2.986343556366424, 21: 0.4852507293406063, 22: 6.470405496206142, 23: 0.9811600476568854, 24: 0.9912271874676546, 25: 0.9750795445286178, 26: 3.483757781095134, 27: 2.9870668609178774, 28: 0.4817784899318627, 29: 1.0, 30: 1.9768178248468617, 31: 4.485179807708253, 32: 1.9956906726575898, 33: 0.9954236032232313, 34: 5.995311148215739, 35: 2.9871074269685405, 36: 3.970647904054664, 37: 1.472986844844745, 38: 4.490427244450935, 39: 2.486515692449673, 40: 4.979640144337846, 41: 3.4851080525623046, 42: 1.9912096333477474, 43: 0.9828521903561951, 44: 0.48680620440534716, 45: 1.4956417169692198, 46: 5.487633904511087, 47: 3.495120222907255, 48: 0.4909308155756471, 49: 1.9907446502998392, 50: 2.483984374115982, 51: 6.479145625322548, 52: 2.495221302100859, 53: 2.48505857056148, 54: 1.4874756597602574, 55: 2.495882360840329, 56: 2.9839530581633382, 57: 1.980986743864524, 58: 4.490061785917466, 59: 4.467056134565475, 60: 3.9839717497262326, 61: 1.4900857025449699, 62: 0.4736163525470083, 63: 0.9902732146357738, 64: 1.9903173509521235, 65: 2.9824659608378123, 66: 5.487874652535032, 67: 3.4837587804550956, 68: 0.981762124399089, 69: 2.4918971307600715, 70: 0.9901674704880229, 71: 1.4951353410467327, 72: 1.0, 73: 3.981633255874159, 74: 1.0, 75: 0.4905260630340947, 76: 2.490827192394451, 77: 4.495190495441323, 78: 2.987830030090322, 79: 2.487845222235969, 80: 3.483865423687921, 81: 1.4868226582738446, 82: 2.9903471654133824, 83: 1.4818742039336648, 84: 1.0, 85: 0.981488023453168, 86: 2.495672675214201, 87: 4.98589746999893, 88: 5.990004785323501, 89: 1.0, 90: 1.491359230947054, 91: 0.47908211615671614, 92: 0.4955330401783701, 93: 0.4673930621795007, 94: 3.9913266542898533, 95: 4.991511247702413, 96: 2.9909050414249014, 97: 0.47647711417613436, 98: 3.9777578898873305, 99: 1.0}
2025-01-28 04:22:57 - WARNING  - Sum of s_i: 231.73542436444828
2025-01-28 04:23:12 - WARNING  - Shapley share: {80: 0.10000000000000009, 97: 0.050000000000000044, 21: 0.050000000000000044, 14: -0.20000000000000018, 88: -0.4000000000000001, 72: -0.3500000000000003, 62: -0.15000000000000013, 10: -0.10000000000000009, 2: 0.0, 37: -0.7000000000000001}
2025-01-28 04:23:16 - WARNING  - Epoch:    64. Accuracy: Top-1: 53.40 | Loss: value: 1.27
2025-01-28 04:23:16 - WARNING  - Epoch 64
2025-01-28 04:23:16 - WARNING  - s_i: {0: 1.0, 1: 4.481081436580892, 2: 0.9705603638849171, 3: 0.4950940152376405, 4: 1.4708970843070985, 5: 1.0, 6: 0.9919066378892115, 7: 5.480074955791025, 8: 2.4806153912767606, 9: 1.0, 10: 1.0, 11: 1.9773961843737817, 12: 1.9954648184740442, 13: 0.9954107478753516, 14: 1.0, 15: 1.0, 16: 0.4957826822982063, 17: 0.9799067897461717, 18: 1.9767002955287434, 19: 0.47514039322693336, 20: 2.986343556366424, 21: 0.9803343057874757, 22: 6.470405496206142, 23: 0.9811600476568854, 24: 0.9912271874676546, 25: 0.9750795445286178, 26: 3.483757781095134, 27: 2.9870668609178774, 28: 0.4817784899318627, 29: 1.0, 30: 1.9768178248468617, 31: 4.485179807708253, 32: 1.9956906726575898, 33: 0.9954236032232313, 34: 5.995311148215739, 35: 2.9871074269685405, 36: 3.970647904054664, 37: 1.472986844844745, 38: 4.490427244450935, 39: 2.486515692449673, 40: 4.979640144337846, 41: 3.4851080525623046, 42: 1.9912096333477474, 43: 0.9828521903561951, 44: 0.48680620440534716, 45: 1.4956417169692198, 46: 5.487633904511087, 47: 3.495120222907255, 48: 0.4909308155756471, 49: 1.9907446502998392, 50: 2.483984374115982, 51: 6.479145625322548, 52: 2.495221302100859, 53: 2.48505857056148, 54: 1.4874756597602574, 55: 2.495882360840329, 56: 2.9839530581633382, 57: 1.980986743864524, 58: 4.490061785917466, 59: 4.467056134565475, 60: 3.9839717497262326, 61: 1.4900857025449699, 62: 0.4736163525470083, 63: 0.9902732146357738, 64: 1.9903173509521235, 65: 2.9824659608378123, 66: 5.487874652535032, 67: 3.4837587804550956, 68: 0.981762124399089, 69: 2.4918971307600715, 70: 0.9901674704880229, 71: 1.4951353410467327, 72: 1.0, 73: 3.981633255874159, 74: 1.0, 75: 0.4905260630340947, 76: 2.490827192394451, 77: 4.495190495441323, 78: 2.987830030090322, 79: 2.487845222235969, 80: 4.479831779609902, 81: 1.4868226582738446, 82: 2.9903471654133824, 83: 1.4818742039336648, 84: 1.0, 85: 0.981488023453168, 86: 2.495672675214201, 87: 4.98589746999893, 88: 1.9850071779852518, 89: 1.0, 90: 1.491359230947054, 91: 0.47908211615671614, 92: 0.4955330401783701, 93: 0.4673930621795007, 94: 3.9913266542898533, 95: 4.991511247702413, 96: 2.9909050414249014, 97: 0.971772537011361, 98: 3.9777578898873305, 99: 1.0}
2025-01-28 04:23:16 - WARNING  - Sum of s_i: 229.71256645001196
2025-01-28 04:23:35 - WARNING  - Shapley share: {87: -0.4999999999999999, 9: -0.4500000000000001, 43: -0.5000000000000002, 75: -0.6000000000000003, 7: -0.1999999999999999, 41: -0.8499999999999999, 12: -0.3, 60: -1.2000000000000002, 90: -1.05, 82: -0.7500000000000001}
2025-01-28 04:23:39 - WARNING  - Epoch:    65. Accuracy: Top-1: 51.35 | Loss: value: 1.33
2025-01-28 04:23:39 - WARNING  - Epoch 65
2025-01-28 04:23:39 - WARNING  - s_i: {0: 1.0, 1: 4.481081436580892, 2: 0.9705603638849171, 3: 0.4950940152376405, 4: 1.4708970843070985, 5: 1.0, 6: 0.9919066378892115, 7: 3.4750936947387823, 8: 2.4806153912767606, 9: 1.0, 10: 1.0, 11: 1.9773961843737817, 12: 1.9954648184740442, 13: 0.9954107478753516, 14: 1.0, 15: 1.0, 16: 0.4957826822982063, 17: 0.9799067897461717, 18: 1.9767002955287434, 19: 0.47514039322693336, 20: 2.986343556366424, 21: 0.9803343057874757, 22: 6.470405496206142, 23: 0.9811600476568854, 24: 0.9912271874676546, 25: 0.9750795445286178, 26: 3.483757781095134, 27: 2.9870668609178774, 28: 0.4817784899318627, 29: 1.0, 30: 1.9768178248468617, 31: 4.485179807708253, 32: 1.9956906726575898, 33: 0.9954236032232313, 34: 5.995311148215739, 35: 2.9871074269685405, 36: 3.970647904054664, 37: 1.472986844844745, 38: 4.490427244450935, 39: 2.486515692449673, 40: 4.979640144337846, 41: 3.4851080525623046, 42: 1.9912096333477474, 43: 0.9828521903561951, 44: 0.48680620440534716, 45: 1.4956417169692198, 46: 5.487633904511087, 47: 3.495120222907255, 48: 0.4909308155756471, 49: 1.9907446502998392, 50: 2.483984374115982, 51: 6.479145625322548, 52: 2.495221302100859, 53: 2.48505857056148, 54: 1.4874756597602574, 55: 2.495882360840329, 56: 2.9839530581633382, 57: 1.980986743864524, 58: 4.490061785917466, 59: 4.467056134565475, 60: 3.9839717497262326, 61: 1.4900857025449699, 62: 0.4736163525470083, 63: 0.9902732146357738, 64: 1.9903173509521235, 65: 2.9824659608378123, 66: 5.487874652535032, 67: 3.4837587804550956, 68: 0.981762124399089, 69: 2.4918971307600715, 70: 0.9901674704880229, 71: 1.4951353410467327, 72: 1.0, 73: 3.981633255874159, 74: 1.0, 75: 0.4905260630340947, 76: 2.490827192394451, 77: 4.495190495441323, 78: 2.987830030090322, 79: 2.487845222235969, 80: 4.479831779609902, 81: 1.4868226582738446, 82: 2.9903471654133824, 83: 1.4818742039336648, 84: 1.0, 85: 0.981488023453168, 86: 2.495672675214201, 87: 4.98589746999893, 88: 1.9850071779852518, 89: 1.0, 90: 1.491359230947054, 91: 0.47908211615671614, 92: 0.4955330401783701, 93: 0.4673930621795007, 94: 3.9913266542898533, 95: 4.991511247702413, 96: 2.9909050414249014, 97: 0.971772537011361, 98: 3.9777578898873305, 99: 1.0}
2025-01-28 04:23:39 - WARNING  - Sum of s_i: 227.7075851889597
2025-01-28 04:23:58 - WARNING  - Shapley share: {66: -0.65, 35: -0.15000000000000013, 19: -0.4500000000000001, 38: -0.4500000000000004, 49: -0.7999999999999998, 4: -0.4999999999999999, 36: -0.7500000000000001, 43: -0.05000000000000032, 20: -0.2999999999999997, 44: -0.1999999999999999}
2025-01-28 04:24:02 - WARNING  - Epoch:    66. Accuracy: Top-1: 50.89 | Loss: value: 1.32
2025-01-28 04:24:02 - WARNING  - Epoch 66
2025-01-28 04:24:02 - WARNING  - s_i: {0: 1.0, 1: 4.481081436580892, 2: 0.9705603638849171, 3: 0.4950940152376405, 4: 1.4708970843070985, 5: 1.0, 6: 0.9919066378892115, 7: 3.4750936947387823, 8: 2.4806153912767606, 9: 1.0, 10: 1.0, 11: 1.9773961843737817, 12: 1.9954648184740442, 13: 0.9954107478753516, 14: 1.0, 15: 1.0, 16: 0.4957826822982063, 17: 0.9799067897461717, 18: 1.9767002955287434, 19: 0.47514039322693336, 20: 2.986343556366424, 21: 0.9803343057874757, 22: 6.470405496206142, 23: 0.9811600476568854, 24: 0.9912271874676546, 25: 0.9750795445286178, 26: 3.483757781095134, 27: 2.9870668609178774, 28: 0.4817784899318627, 29: 1.0, 30: 1.9768178248468617, 31: 4.485179807708253, 32: 1.9956906726575898, 33: 0.9954236032232313, 34: 5.995311148215739, 35: 1.4828099026247168, 36: 3.970647904054664, 37: 1.472986844844745, 38: 4.490427244450935, 39: 2.486515692449673, 40: 4.979640144337846, 41: 3.4851080525623046, 42: 1.9912096333477474, 43: 0.47856523794524175, 44: 0.48680620440534716, 45: 1.4956417169692198, 46: 5.487633904511087, 47: 3.495120222907255, 48: 0.4909308155756471, 49: 1.9907446502998392, 50: 2.483984374115982, 51: 6.479145625322548, 52: 2.495221302100859, 53: 2.48505857056148, 54: 1.4874756597602574, 55: 2.495882360840329, 56: 2.9839530581633382, 57: 1.980986743864524, 58: 4.490061785917466, 59: 4.467056134565475, 60: 3.9839717497262326, 61: 1.4900857025449699, 62: 0.4736163525470083, 63: 0.9902732146357738, 64: 1.9903173509521235, 65: 2.9824659608378123, 66: 5.487874652535032, 67: 3.4837587804550956, 68: 0.981762124399089, 69: 2.4918971307600715, 70: 0.9901674704880229, 71: 1.4951353410467327, 72: 1.0, 73: 3.981633255874159, 74: 1.0, 75: 0.4905260630340947, 76: 2.490827192394451, 77: 4.495190495441323, 78: 2.987830030090322, 79: 2.487845222235969, 80: 4.479831779609902, 81: 1.4868226582738446, 82: 2.9903471654133824, 83: 1.4818742039336648, 84: 1.0, 85: 0.981488023453168, 86: 2.495672675214201, 87: 4.98589746999893, 88: 1.9850071779852518, 89: 1.0, 90: 1.491359230947054, 91: 0.47908211615671614, 92: 0.4955330401783701, 93: 0.4673930621795007, 94: 3.9913266542898533, 95: 4.991511247702413, 96: 2.9909050414249014, 97: 0.971772537011361, 98: 3.9777578898873305, 99: 1.0}
2025-01-28 04:24:02 - WARNING  - Sum of s_i: 225.69900071220493
2025-01-28 04:24:19 - WARNING  - Shapley share: {32: 0.050000000000000044, 61: -0.050000000000000044, 17: 0.0, 53: -0.10000000000000009, 99: -0.10000000000000009, 34: 0.09999999999999981, 66: -0.65, 72: -0.6, 29: -0.20000000000000018, 42: -0.35000000000000003}
2025-01-28 04:24:24 - WARNING  - Epoch:    67. Accuracy: Top-1: 53.08 | Loss: value: 1.28
2025-01-28 04:24:24 - WARNING  - Epoch 67
2025-01-28 04:24:24 - WARNING  - s_i: {0: 1.0, 1: 4.481081436580892, 2: 0.9705603638849171, 3: 0.4950940152376405, 4: 1.4708970843070985, 5: 1.0, 6: 0.9919066378892115, 7: 3.4750936947387823, 8: 2.4806153912767606, 9: 1.0, 10: 1.0, 11: 1.9773961843737817, 12: 1.9954648184740442, 13: 0.9954107478753516, 14: 1.0, 15: 1.0, 16: 0.4957826822982063, 17: 0.975888147695407, 18: 1.9767002955287434, 19: 0.47514039322693336, 20: 2.986343556366424, 21: 0.9803343057874757, 22: 6.470405496206142, 23: 0.9811600476568854, 24: 0.9912271874676546, 25: 0.9750795445286178, 26: 3.483757781095134, 27: 2.9870668609178774, 28: 0.4817784899318627, 29: 1.0, 30: 1.9768178248468617, 31: 4.485179807708253, 32: 2.491381345315182, 33: 0.9954236032232313, 34: 6.990622296431474, 35: 1.4828099026247168, 36: 3.970647904054664, 37: 1.472986844844745, 38: 4.490427244450935, 39: 2.486515692449673, 40: 4.979640144337846, 41: 3.4851080525623046, 42: 1.9912096333477474, 43: 0.47856523794524175, 44: 0.48680620440534716, 45: 1.4956417169692198, 46: 5.487633904511087, 47: 3.495120222907255, 48: 0.4909308155756471, 49: 1.9907446502998392, 50: 2.483984374115982, 51: 6.479145625322548, 52: 2.495221302100859, 53: 1.4800780940819727, 54: 1.4874756597602574, 55: 2.495882360840329, 56: 2.9839530581633382, 57: 1.980986743864524, 58: 4.490061785917466, 59: 4.467056134565475, 60: 3.9839717497262326, 61: 0.9851285538174527, 62: 0.4736163525470083, 63: 0.9902732146357738, 64: 1.9903173509521235, 65: 2.9824659608378123, 66: 5.487874652535032, 67: 3.4837587804550956, 68: 0.981762124399089, 69: 2.4918971307600715, 70: 0.9901674704880229, 71: 1.4951353410467327, 72: 1.0, 73: 3.981633255874159, 74: 1.0, 75: 0.4905260630340947, 76: 2.490827192394451, 77: 4.495190495441323, 78: 2.987830030090322, 79: 2.487845222235969, 80: 4.479831779609902, 81: 1.4868226582738446, 82: 2.9903471654133824, 83: 1.4818742039336648, 84: 1.0, 85: 0.981488023453168, 86: 2.495672675214201, 87: 4.98589746999893, 88: 1.9850071779852518, 89: 1.0, 90: 1.491359230947054, 91: 0.47908211615671614, 92: 0.4955330401783701, 93: 0.4673930621795007, 94: 3.9913266542898533, 95: 4.991511247702413, 96: 2.9909050414249014, 97: 0.971772537011361, 98: 3.9777578898873305, 99: 1.0}
2025-01-28 04:24:24 - WARNING  - Sum of s_i: 225.67604626582047
2025-01-28 04:24:42 - WARNING  - Shapley share: {29: -0.14999999999999986, 58: -0.7499999999999998, 35: -0.050000000000000044, 7: -0.65, 0: -0.7000000000000001, 43: -0.4500000000000001, 63: -0.6, 73: -0.4000000000000001, 36: -0.9500000000000004, 30: -0.4999999999999999}
2025-01-28 04:24:46 - WARNING  - Epoch:    68. Accuracy: Top-1: 54.56 | Loss: value: 1.24
2025-01-28 04:24:46 - WARNING  - Epoch 68
2025-01-28 04:24:46 - WARNING  - s_i: {0: 1.0, 1: 4.481081436580892, 2: 0.9705603638849171, 3: 0.4950940152376405, 4: 1.4708970843070985, 5: 1.0, 6: 0.9919066378892115, 7: 3.4750936947387823, 8: 2.4806153912767606, 9: 1.0, 10: 1.0, 11: 1.9773961843737817, 12: 1.9954648184740442, 13: 0.9954107478753516, 14: 1.0, 15: 1.0, 16: 0.4957826822982063, 17: 0.975888147695407, 18: 1.9767002955287434, 19: 0.47514039322693336, 20: 2.986343556366424, 21: 0.9803343057874757, 22: 6.470405496206142, 23: 0.9811600476568854, 24: 0.9912271874676546, 25: 0.9750795445286178, 26: 3.483757781095134, 27: 2.9870668609178774, 28: 0.4817784899318627, 29: 1.0, 30: 1.9768178248468617, 31: 4.485179807708253, 32: 2.491381345315182, 33: 0.9954236032232313, 34: 6.990622296431474, 35: 0.9785123782808941, 36: 3.970647904054664, 37: 1.472986844844745, 38: 4.490427244450935, 39: 2.486515692449673, 40: 4.979640144337846, 41: 3.4851080525623046, 42: 1.9912096333477474, 43: 0.47856523794524175, 44: 0.48680620440534716, 45: 1.4956417169692198, 46: 5.487633904511087, 47: 3.495120222907255, 48: 0.4909308155756471, 49: 1.9907446502998392, 50: 2.483984374115982, 51: 6.479145625322548, 52: 2.495221302100859, 53: 1.4800780940819727, 54: 1.4874756597602574, 55: 2.495882360840329, 56: 2.9839530581633382, 57: 1.980986743864524, 58: 4.490061785917466, 59: 4.467056134565475, 60: 3.9839717497262326, 61: 0.9851285538174527, 62: 0.4736163525470083, 63: 0.9902732146357738, 64: 1.9903173509521235, 65: 2.9824659608378123, 66: 5.487874652535032, 67: 3.4837587804550956, 68: 0.981762124399089, 69: 2.4918971307600715, 70: 0.9901674704880229, 71: 1.4951353410467327, 72: 1.0, 73: 3.981633255874159, 74: 1.0, 75: 0.4905260630340947, 76: 2.490827192394451, 77: 4.495190495441323, 78: 2.987830030090322, 79: 2.487845222235969, 80: 4.479831779609902, 81: 1.4868226582738446, 82: 2.9903471654133824, 83: 1.4818742039336648, 84: 1.0, 85: 0.981488023453168, 86: 2.495672675214201, 87: 4.98589746999893, 88: 1.9850071779852518, 89: 1.0, 90: 1.491359230947054, 91: 0.47908211615671614, 92: 0.4955330401783701, 93: 0.4673930621795007, 94: 3.9913266542898533, 95: 4.991511247702413, 96: 2.9909050414249014, 97: 0.971772537011361, 98: 3.9777578898873305, 99: 1.0}
2025-01-28 04:24:46 - WARNING  - Sum of s_i: 225.17174874147665
2025-01-28 04:25:03 - WARNING  - Shapley share: {71: 0.20000000000000018, 33: 2.7755575615628914e-16, 87: 0.050000000000000044, 56: -0.15000000000000013, 20: 0.40000000000000036, 13: 0.2500000000000002, 31: 0.30000000000000027, 86: 0.2500000000000002, 68: 0.15000000000000013, 24: 0.050000000000000044}
2025-01-28 04:25:08 - WARNING  - Epoch:    69. Accuracy: Top-1: 55.01 | Loss: value: 1.25
2025-01-28 04:25:08 - WARNING  - Epoch 69
2025-01-28 04:25:08 - WARNING  - s_i: {0: 1.0, 1: 4.481081436580892, 2: 0.9705603638849171, 3: 0.4950940152376405, 4: 1.4708970843070985, 5: 1.0, 6: 0.9919066378892115, 7: 3.4750936947387823, 8: 2.4806153912767606, 9: 1.0, 10: 1.0, 11: 1.9773961843737817, 12: 1.9954648184740442, 13: 3.4908214957507067, 14: 1.0, 15: 1.0, 16: 0.4957826822982063, 17: 0.975888147695407, 18: 1.9767002955287434, 19: 0.47514039322693336, 20: 6.981791408488567, 21: 0.9803343057874757, 22: 6.470405496206142, 23: 0.9811600476568854, 24: 1.486840781201483, 25: 0.9750795445286178, 26: 3.483757781095134, 27: 2.9870668609178774, 28: 0.4817784899318627, 29: 1.0, 30: 1.9768178248468617, 31: 7.480239743611007, 32: 2.491381345315182, 33: 0.9908472064464654, 34: 6.990622296431474, 35: 0.9785123782808941, 36: 3.970647904054664, 37: 1.472986844844745, 38: 4.490427244450935, 39: 2.486515692449673, 40: 4.979640144337846, 41: 3.4851080525623046, 42: 1.9912096333477474, 43: 0.47856523794524175, 44: 0.48680620440534716, 45: 1.4956417169692198, 46: 5.487633904511087, 47: 3.495120222907255, 48: 0.4909308155756471, 49: 1.9907446502998392, 50: 2.483984374115982, 51: 6.479145625322548, 52: 2.495221302100859, 53: 1.4800780940819727, 54: 1.4874756597602574, 55: 2.495882360840329, 56: 1.4799413227041711, 57: 1.980986743864524, 58: 4.490061785917466, 59: 4.467056134565475, 60: 3.9839717497262326, 61: 0.9851285538174527, 62: 0.4736163525470083, 63: 0.9902732146357738, 64: 1.9903173509521235, 65: 2.9824659608378123, 66: 5.487874652535032, 67: 3.4837587804550956, 68: 2.4772026554988633, 69: 2.4918971307600715, 70: 0.9901674704880229, 71: 3.490270682093468, 72: 1.0, 73: 3.981633255874159, 74: 1.0, 75: 0.4905260630340947, 76: 2.490827192394451, 77: 4.495190495441323, 78: 2.987830030090322, 79: 2.487845222235969, 80: 4.479831779609902, 81: 1.4868226582738446, 82: 2.9903471654133824, 83: 1.4818742039336648, 84: 1.0, 85: 0.981488023453168, 86: 4.991345350428403, 87: 5.481196626665239, 88: 1.9850071779852518, 89: 1.0, 90: 1.491359230947054, 91: 0.47908211615671614, 92: 0.4955330401783701, 93: 0.4673930621795007, 94: 3.9913266542898533, 95: 4.991511247702413, 96: 2.9909050414249014, 97: 0.971772537011361, 98: 3.9777578898873305, 99: 1.0}
2025-01-28 04:25:08 - WARNING  - Sum of s_i: 240.12624044290183
2025-01-28 04:25:26 - WARNING  - Shapley share: {75: 0.0, 86: -0.15000000000000013, 46: -0.4999999999999996, 71: -0.44999999999999984, 31: 0.050000000000000044, 85: -0.1999999999999999, 76: -0.65, 8: -0.4000000000000001, 91: -0.15000000000000013, 15: -0.4999999999999999}
2025-01-28 04:25:31 - WARNING  - Epoch:    70. Accuracy: Top-1: 53.08 | Loss: value: 1.26
2025-01-28 04:25:31 - WARNING  - Epoch 70
2025-01-28 04:25:31 - WARNING  - s_i: {0: 1.0, 1: 4.481081436580892, 2: 0.9705603638849171, 3: 0.4950940152376405, 4: 1.4708970843070985, 5: 1.0, 6: 0.9919066378892115, 7: 3.4750936947387823, 8: 2.4806153912767606, 9: 1.0, 10: 1.0, 11: 1.9773961843737817, 12: 1.9954648184740442, 13: 3.4908214957507067, 14: 1.0, 15: 1.0, 16: 0.4957826822982063, 17: 0.975888147695407, 18: 1.9767002955287434, 19: 0.47514039322693336, 20: 6.981791408488567, 21: 0.9803343057874757, 22: 6.470405496206142, 23: 0.9811600476568854, 24: 1.486840781201483, 25: 0.9750795445286178, 26: 3.483757781095134, 27: 2.9870668609178774, 28: 0.4817784899318627, 29: 1.0, 30: 1.9768178248468617, 31: 7.975299679513758, 32: 2.491381345315182, 33: 0.9908472064464654, 34: 6.990622296431474, 35: 0.9785123782808941, 36: 3.970647904054664, 37: 1.472986844844745, 38: 4.490427244450935, 39: 2.486515692449673, 40: 4.979640144337846, 41: 3.4851080525623046, 42: 1.9912096333477474, 43: 0.47856523794524175, 44: 0.48680620440534716, 45: 1.4956417169692198, 46: 0.48351187268145424, 47: 3.495120222907255, 48: 0.4909308155756471, 49: 1.9907446502998392, 50: 2.483984374115982, 51: 6.479145625322548, 52: 2.495221302100859, 53: 1.4800780940819727, 54: 1.4874756597602574, 55: 2.495882360840329, 56: 1.4799413227041711, 57: 1.980986743864524, 58: 4.490061785917466, 59: 4.467056134565475, 60: 3.9839717497262326, 61: 0.9851285538174527, 62: 0.4736163525470083, 63: 0.9902732146357738, 64: 1.9903173509521235, 65: 2.9824659608378123, 66: 5.487874652535032, 67: 3.4837587804550956, 68: 2.4772026554988633, 69: 2.4918971307600715, 70: 0.9901674704880229, 71: 3.490270682093468, 72: 1.0, 73: 3.981633255874159, 74: 1.0, 75: 0.4857890945511423, 76: 2.490827192394451, 77: 4.495190495441323, 78: 2.987830030090322, 79: 2.487845222235969, 80: 4.479831779609902, 81: 1.4868226582738446, 82: 2.9903471654133824, 83: 1.4818742039336648, 84: 1.0, 85: 0.981488023453168, 86: 3.487018025642601, 87: 5.481196626665239, 88: 1.9850071779852518, 89: 1.0, 90: 1.491359230947054, 91: 0.47908211615671614, 92: 0.4955330401783701, 93: 0.4673930621795007, 94: 3.9913266542898533, 95: 4.991511247702413, 96: 2.9909050414249014, 97: 0.971772537011361, 98: 3.9777578898873305, 99: 1.0}
2025-01-28 04:25:31 - WARNING  - Sum of s_i: 234.10811405370617
2025-01-28 04:25:36 - WARNING  - The sum of accs: 48.0
2025-01-28 04:25:36 - WARNING  - The welfare is 47.89426318347926
2025-01-28 04:25:55 - WARNING  - Shapley share: {84: -0.050000000000000044, 47: -0.30000000000000027, 83: -0.2500000000000002, 95: 0.4500000000000001, 43: 0.14999999999999986, 58: -0.14999999999999986, 35: 0.04999999999999977, 89: -0.10000000000000009, 7: 0.04999999999999977, 87: 0.14999999999999958}
2025-01-28 04:26:00 - WARNING  - Epoch:    71. Accuracy: Top-1: 53.76 | Loss: value: 1.26
2025-01-28 04:26:00 - WARNING  - Epoch 71
2025-01-28 04:26:00 - WARNING  - s_i: {0: 1.0, 1: 4.481081436580892, 2: 0.9705603638849171, 3: 0.4950940152376405, 4: 1.4708970843070985, 5: 1.0, 6: 0.9919066378892115, 7: 3.970112433686536, 8: 2.4806153912767606, 9: 1.0, 10: 1.0, 11: 1.9773961843737817, 12: 1.9954648184740442, 13: 3.4908214957507067, 14: 1.0, 15: 1.0, 16: 0.4957826822982063, 17: 0.975888147695407, 18: 1.9767002955287434, 19: 0.47514039322693336, 20: 6.981791408488567, 21: 0.9803343057874757, 22: 6.470405496206142, 23: 0.9811600476568854, 24: 1.486840781201483, 25: 0.9750795445286178, 26: 3.483757781095134, 27: 2.9870668609178774, 28: 0.4817784899318627, 29: 1.0, 30: 1.9768178248468617, 31: 7.975299679513758, 32: 2.491381345315182, 33: 0.9908472064464654, 34: 6.990622296431474, 35: 1.4742148539370694, 36: 3.970647904054664, 37: 1.472986844844745, 38: 4.490427244450935, 39: 2.486515692449673, 40: 4.979640144337846, 41: 3.4851080525623046, 42: 1.9912096333477474, 43: 1.9742782855342904, 44: 0.48680620440534716, 45: 1.4956417169692198, 46: 0.48351187268145424, 47: 0.49024044581450754, 48: 0.4909308155756471, 49: 1.9907446502998392, 50: 2.483984374115982, 51: 6.479145625322548, 52: 2.495221302100859, 53: 1.4800780940819727, 54: 1.4874756597602574, 55: 2.495882360840329, 56: 1.4799413227041711, 57: 1.980986743864524, 58: 2.9850926788762027, 59: 4.467056134565475, 60: 3.9839717497262326, 61: 0.9851285538174527, 62: 0.4736163525470083, 63: 0.9902732146357738, 64: 1.9903173509521235, 65: 2.9824659608378123, 66: 5.487874652535032, 67: 3.4837587804550956, 68: 2.4772026554988633, 69: 2.4918971307600715, 70: 0.9901674704880229, 71: 3.490270682093468, 72: 1.0, 73: 3.981633255874159, 74: 1.0, 75: 0.4857890945511423, 76: 2.490827192394451, 77: 4.495190495441323, 78: 2.987830030090322, 79: 2.487845222235969, 80: 4.479831779609902, 81: 1.4868226582738446, 82: 2.9903471654133824, 83: 1.4818742039336648, 84: 0.4953489058267635, 85: 0.981488023453168, 86: 3.487018025642601, 87: 6.976495783331544, 88: 1.9850071779852518, 89: 1.0, 90: 1.491359230947054, 91: 0.47908211615671614, 92: 0.4955330401783701, 93: 0.4673930621795007, 94: 3.9913266542898533, 95: 4.991511247702413, 96: 2.9909050414249014, 97: 0.971772537011361, 98: 3.9777578898873305, 99: 1.0}
2025-01-28 04:26:00 - WARNING  - Sum of s_i: 233.0753474942582
2025-01-28 04:26:16 - WARNING  - Shapley share: {48: -0.7000000000000001, 75: 0.0, 10: -0.9000000000000004, 80: -1.1500000000000004, 47: -0.9000000000000004, 71: -0.8000000000000002, 82: -1.4000000000000001, 55: -1.2000000000000002, 44: -0.6000000000000003, 72: -0.95}
2025-01-28 04:26:21 - WARNING  - Epoch:    72. Accuracy: Top-1: 55.73 | Loss: value: 1.21
2025-01-28 04:26:21 - WARNING  - Epoch 72
2025-01-28 04:26:21 - WARNING  - s_i: {0: 1.0, 1: 4.481081436580892, 2: 0.9705603638849171, 3: 0.4950940152376405, 4: 1.4708970843070985, 5: 1.0, 6: 0.9919066378892115, 7: 3.970112433686536, 8: 2.4806153912767606, 9: 1.0, 10: 1.0, 11: 1.9773961843737817, 12: 1.9954648184740442, 13: 3.4908214957507067, 14: 1.0, 15: 1.0, 16: 0.4957826822982063, 17: 0.975888147695407, 18: 1.9767002955287434, 19: 0.47514039322693336, 20: 6.981791408488567, 21: 0.9803343057874757, 22: 6.470405496206142, 23: 0.9811600476568854, 24: 1.486840781201483, 25: 0.9750795445286178, 26: 3.483757781095134, 27: 2.9870668609178774, 28: 0.4817784899318627, 29: 1.0, 30: 1.9768178248468617, 31: 7.975299679513758, 32: 2.491381345315182, 33: 0.9908472064464654, 34: 6.990622296431474, 35: 1.4742148539370694, 36: 3.970647904054664, 37: 1.472986844844745, 38: 4.490427244450935, 39: 2.486515692449673, 40: 4.979640144337846, 41: 3.4851080525623046, 42: 1.9912096333477474, 43: 1.9742782855342904, 44: 0.48680620440534716, 45: 1.4956417169692198, 46: 0.48351187268145424, 47: 0.49024044581450754, 48: 0.4909308155756471, 49: 1.9907446502998392, 50: 2.483984374115982, 51: 6.479145625322548, 52: 2.495221302100859, 53: 1.4800780940819727, 54: 1.4874756597602574, 55: 2.495882360840329, 56: 1.4799413227041711, 57: 1.980986743864524, 58: 2.9850926788762027, 59: 4.467056134565475, 60: 3.9839717497262326, 61: 0.9851285538174527, 62: 0.4736163525470083, 63: 0.9902732146357738, 64: 1.9903173509521235, 65: 2.9824659608378123, 66: 5.487874652535032, 67: 3.4837587804550956, 68: 2.4772026554988633, 69: 2.4918971307600715, 70: 0.9901674704880229, 71: 3.490270682093468, 72: 1.0, 73: 3.981633255874159, 74: 1.0, 75: 0.48105212606818987, 76: 2.490827192394451, 77: 4.495190495441323, 78: 2.987830030090322, 79: 2.487845222235969, 80: 4.479831779609902, 81: 1.4868226582738446, 82: 2.9903471654133824, 83: 1.4818742039336648, 84: 0.4953489058267635, 85: 0.981488023453168, 86: 3.487018025642601, 87: 6.976495783331544, 88: 1.9850071779852518, 89: 1.0, 90: 1.491359230947054, 91: 0.47908211615671614, 92: 0.4955330401783701, 93: 0.4673930621795007, 94: 3.9913266542898533, 95: 4.991511247702413, 96: 2.9909050414249014, 97: 0.971772537011361, 98: 3.9777578898873305, 99: 1.0}
2025-01-28 04:26:21 - WARNING  - Sum of s_i: 233.07061052577527
2025-01-28 04:26:37 - WARNING  - Shapley share: {7: -0.050000000000000044, 6: -0.050000000000000044, 23: -0.050000000000000044, 80: -0.15000000000000013, 4: -0.15000000000000013, 83: -0.20000000000000018, 3: -0.20000000000000018, 37: -0.35000000000000003, 51: -0.6, 47: -0.10000000000000009}
2025-01-28 04:26:42 - WARNING  - Epoch:    73. Accuracy: Top-1: 52.93 | Loss: value: 1.28
2025-01-28 04:26:42 - WARNING  - Epoch 73
2025-01-28 04:26:42 - WARNING  - s_i: {0: 1.0, 1: 4.481081436580892, 2: 0.9705603638849171, 3: 0.4950940152376405, 4: 1.4708970843070985, 5: 1.0, 6: 0.4878599568338182, 7: 3.4651311726342913, 8: 2.4806153912767606, 9: 1.0, 10: 1.0, 11: 1.9773961843737817, 12: 1.9954648184740442, 13: 3.4908214957507067, 14: 1.0, 15: 1.0, 16: 0.4957826822982063, 17: 0.975888147695407, 18: 1.9767002955287434, 19: 0.47514039322693336, 20: 6.981791408488567, 21: 0.9803343057874757, 22: 6.470405496206142, 23: 0.47645005957110553, 24: 1.486840781201483, 25: 0.9750795445286178, 26: 3.483757781095134, 27: 2.9870668609178774, 28: 0.4817784899318627, 29: 1.0, 30: 1.9768178248468617, 31: 7.975299679513758, 32: 2.491381345315182, 33: 0.9908472064464654, 34: 6.990622296431474, 35: 1.4742148539370694, 36: 3.970647904054664, 37: 1.472986844844745, 38: 4.490427244450935, 39: 2.486515692449673, 40: 4.979640144337846, 41: 3.4851080525623046, 42: 1.9912096333477474, 43: 1.9742782855342904, 44: 0.48680620440534716, 45: 1.4956417169692198, 46: 0.48351187268145424, 47: 0.49024044581450754, 48: 0.4909308155756471, 49: 1.9907446502998392, 50: 2.483984374115982, 51: 0.47497475038705783, 52: 2.495221302100859, 53: 1.4800780940819727, 54: 1.4874756597602574, 55: 2.495882360840329, 56: 1.4799413227041711, 57: 1.980986743864524, 58: 2.9850926788762027, 59: 4.467056134565475, 60: 3.9839717497262326, 61: 0.9851285538174527, 62: 0.4736163525470083, 63: 0.9902732146357738, 64: 1.9903173509521235, 65: 2.9824659608378123, 66: 5.487874652535032, 67: 3.4837587804550956, 68: 2.4772026554988633, 69: 2.4918971307600715, 70: 0.9901674704880229, 71: 3.490270682093468, 72: 1.0, 73: 3.981633255874159, 74: 1.0, 75: 0.48105212606818987, 76: 2.490827192394451, 77: 4.495190495441323, 78: 2.987830030090322, 79: 2.487845222235969, 80: 2.97579813553188, 81: 1.4868226582738446, 82: 2.9903471654133824, 83: 1.4818742039336648, 84: 0.4953489058267635, 85: 0.981488023453168, 86: 3.487018025642601, 87: 6.976495783331544, 88: 1.9850071779852518, 89: 1.0, 90: 1.491359230947054, 91: 0.47908211615671614, 92: 0.4955330401783701, 93: 0.4673930621795007, 94: 3.9913266542898533, 95: 4.991511247702413, 96: 2.9909050414249014, 97: 0.971772537011361, 98: 3.9777578898873305, 99: 1.0}
2025-01-28 04:26:42 - WARNING  - Sum of s_i: 224.04866807656833
2025-01-28 04:27:00 - WARNING  - Shapley share: {98: -0.5499999999999999, 76: -0.7500000000000001, 8: -0.3999999999999998, 73: -0.8999999999999997, 62: -0.44999999999999984, 16: -1.0999999999999996, 55: -0.7499999999999998, 48: -0.7499999999999998, 96: -0.5999999999999996, 21: -0.8999999999999997}
2025-01-28 04:27:04 - WARNING  - Epoch:    74. Accuracy: Top-1: 57.07 | Loss: value: 1.19
2025-01-28 04:27:04 - WARNING  - Epoch 74
2025-01-28 04:27:04 - WARNING  - s_i: {0: 1.0, 1: 4.481081436580892, 2: 0.9705603638849171, 3: 0.4950940152376405, 4: 1.4708970843070985, 5: 1.0, 6: 0.4878599568338182, 7: 3.4651311726342913, 8: 2.4806153912767606, 9: 1.0, 10: 1.0, 11: 1.9773961843737817, 12: 1.9954648184740442, 13: 3.4908214957507067, 14: 1.0, 15: 1.0, 16: 0.4957826822982063, 17: 0.975888147695407, 18: 1.9767002955287434, 19: 0.47514039322693336, 20: 6.981791408488567, 21: 0.9803343057874757, 22: 6.470405496206142, 23: 0.47645005957110553, 24: 1.486840781201483, 25: 0.9750795445286178, 26: 3.483757781095134, 27: 2.9870668609178774, 28: 0.4817784899318627, 29: 1.0, 30: 1.9768178248468617, 31: 7.975299679513758, 32: 2.491381345315182, 33: 0.9908472064464654, 34: 6.990622296431474, 35: 1.4742148539370694, 36: 3.970647904054664, 37: 1.472986844844745, 38: 4.490427244450935, 39: 2.486515692449673, 40: 4.979640144337846, 41: 3.4851080525623046, 42: 1.9912096333477474, 43: 1.9742782855342904, 44: 0.48680620440534716, 45: 1.4956417169692198, 46: 0.48351187268145424, 47: 0.49024044581450754, 48: 0.4909308155756471, 49: 1.9907446502998392, 50: 2.483984374115982, 51: 0.47497475038705783, 52: 2.495221302100859, 53: 1.4800780940819727, 54: 1.4874756597602574, 55: 2.495882360840329, 56: 1.4799413227041711, 57: 1.980986743864524, 58: 2.9850926788762027, 59: 4.467056134565475, 60: 3.9839717497262326, 61: 0.9851285538174527, 62: 0.4736163525470083, 63: 0.9902732146357738, 64: 1.9903173509521235, 65: 2.9824659608378123, 66: 5.487874652535032, 67: 3.4837587804550956, 68: 2.4772026554988633, 69: 2.4918971307600715, 70: 0.9901674704880229, 71: 3.490270682093468, 72: 1.0, 73: 3.981633255874159, 74: 1.0, 75: 0.48105212606818987, 76: 2.490827192394451, 77: 4.495190495441323, 78: 2.987830030090322, 79: 2.487845222235969, 80: 2.97579813553188, 81: 1.4868226582738446, 82: 2.9903471654133824, 83: 1.4818742039336648, 84: 0.4953489058267635, 85: 0.981488023453168, 86: 3.487018025642601, 87: 6.976495783331544, 88: 1.9850071779852518, 89: 1.0, 90: 1.491359230947054, 91: 0.47908211615671614, 92: 0.4955330401783701, 93: 0.4673930621795007, 94: 3.9913266542898533, 95: 4.991511247702413, 96: 2.9909050414249014, 97: 0.971772537011361, 98: 3.9777578898873305, 99: 1.0}
2025-01-28 04:27:04 - WARNING  - Sum of s_i: 224.04866807656833
2025-01-28 04:27:25 - WARNING  - Shapley share: {78: -0.4000000000000001, 82: -0.4999999999999999, 13: -0.4500000000000004, 87: -0.7999999999999998, 52: -0.2999999999999997, 31: -0.5500000000000003, 70: -0.30000000000000027, 60: -0.5000000000000002, 67: -0.65, 40: -0.9000000000000002}
2025-01-28 04:27:29 - WARNING  - Epoch:    75. Accuracy: Top-1: 54.74 | Loss: value: 1.25
2025-01-28 04:27:29 - WARNING  - Epoch 75
2025-01-28 04:27:29 - WARNING  - s_i: {0: 1.0, 1: 4.481081436580892, 2: 0.9705603638849171, 3: 0.4950940152376405, 4: 1.4708970843070985, 5: 1.0, 6: 0.4878599568338182, 7: 3.4651311726342913, 8: 2.4806153912767606, 9: 1.0, 10: 1.0, 11: 1.9773961843737817, 12: 1.9954648184740442, 13: 3.4908214957507067, 14: 1.0, 15: 1.0, 16: 0.4957826822982063, 17: 0.975888147695407, 18: 1.9767002955287434, 19: 0.47514039322693336, 20: 6.981791408488567, 21: 0.9803343057874757, 22: 6.470405496206142, 23: 0.47645005957110553, 24: 1.486840781201483, 25: 0.9750795445286178, 26: 3.483757781095134, 27: 2.9870668609178774, 28: 0.4817784899318627, 29: 1.0, 30: 1.9768178248468617, 31: 2.4703596154165064, 32: 2.491381345315182, 33: 0.9908472064464654, 34: 6.990622296431474, 35: 1.4742148539370694, 36: 3.970647904054664, 37: 1.472986844844745, 38: 4.490427244450935, 39: 2.486515692449673, 40: 4.979640144337846, 41: 3.4851080525623046, 42: 1.9912096333477474, 43: 1.9742782855342904, 44: 0.48680620440534716, 45: 1.4956417169692198, 46: 0.48351187268145424, 47: 0.49024044581450754, 48: 0.4909308155756471, 49: 1.9907446502998392, 50: 2.483984374115982, 51: 0.47497475038705783, 52: 2.495221302100859, 53: 1.4800780940819727, 54: 1.4874756597602574, 55: 2.495882360840329, 56: 1.4799413227041711, 57: 1.980986743864524, 58: 2.9850926788762027, 59: 4.467056134565475, 60: 3.9839717497262326, 61: 0.9851285538174527, 62: 0.4736163525470083, 63: 0.9902732146357738, 64: 1.9903173509521235, 65: 2.9824659608378123, 66: 5.487874652535032, 67: 3.4837587804550956, 68: 2.4772026554988633, 69: 2.4918971307600715, 70: 0.9901674704880229, 71: 3.490270682093468, 72: 1.0, 73: 3.981633255874159, 74: 1.0, 75: 0.48105212606818987, 76: 2.490827192394451, 77: 4.495190495441323, 78: 2.987830030090322, 79: 2.487845222235969, 80: 2.97579813553188, 81: 1.4868226582738446, 82: 2.9903471654133824, 83: 1.4818742039336648, 84: 0.4953489058267635, 85: 0.981488023453168, 86: 3.487018025642601, 87: 6.976495783331544, 88: 1.9850071779852518, 89: 1.0, 90: 1.491359230947054, 91: 0.47908211615671614, 92: 0.4955330401783701, 93: 0.4673930621795007, 94: 3.9913266542898533, 95: 4.991511247702413, 96: 2.9909050414249014, 97: 0.971772537011361, 98: 3.9777578898873305, 99: 1.0}
2025-01-28 04:27:29 - WARNING  - Sum of s_i: 218.5437280124711
2025-01-28 04:27:46 - WARNING  - Shapley share: {31: -0.15000000000000013, 42: -0.2500000000000002, 91: -0.20000000000000018, 38: -0.3500000000000003, 94: 0.20000000000000018, 63: -0.15000000000000013, 90: -0.20000000000000018, 0: -0.10000000000000009, 65: -0.5500000000000003, 73: -0.4500000000000004}
2025-01-28 04:27:51 - WARNING  - Epoch:    76. Accuracy: Top-1: 55.45 | Loss: value: 1.22
2025-01-28 04:27:51 - WARNING  - Epoch 76
2025-01-28 04:27:51 - WARNING  - s_i: {0: 1.0, 1: 4.481081436580892, 2: 0.9705603638849171, 3: 0.4950940152376405, 4: 1.4708970843070985, 5: 1.0, 6: 0.4878599568338182, 7: 3.4651311726342913, 8: 2.4806153912767606, 9: 1.0, 10: 1.0, 11: 1.9773961843737817, 12: 1.9954648184740442, 13: 3.4908214957507067, 14: 1.0, 15: 1.0, 16: 0.4957826822982063, 17: 0.975888147695407, 18: 1.9767002955287434, 19: 0.47514039322693336, 20: 6.981791408488567, 21: 0.9803343057874757, 22: 6.470405496206142, 23: 0.47645005957110553, 24: 1.486840781201483, 25: 0.9750795445286178, 26: 3.483757781095134, 27: 2.9870668609178774, 28: 0.4817784899318627, 29: 1.0, 30: 1.9768178248468617, 31: 0.9654195513192558, 32: 2.491381345315182, 33: 0.9908472064464654, 34: 6.990622296431474, 35: 1.4742148539370694, 36: 3.970647904054664, 37: 1.472986844844745, 38: 0.9856408666764014, 39: 2.486515692449673, 40: 4.979640144337846, 41: 3.4851080525623046, 42: 1.9912096333477474, 43: 1.9742782855342904, 44: 0.48680620440534716, 45: 1.4956417169692198, 46: 0.48351187268145424, 47: 0.49024044581450754, 48: 0.4909308155756471, 49: 1.9907446502998392, 50: 2.483984374115982, 51: 0.47497475038705783, 52: 2.495221302100859, 53: 1.4800780940819727, 54: 1.4874756597602574, 55: 2.495882360840329, 56: 1.4799413227041711, 57: 1.980986743864524, 58: 2.9850926788762027, 59: 4.467056134565475, 60: 3.9839717497262326, 61: 0.9851285538174527, 62: 0.4736163525470083, 63: 0.9902732146357738, 64: 1.9903173509521235, 65: 2.9824659608378123, 66: 5.487874652535032, 67: 3.4837587804550956, 68: 2.4772026554988633, 69: 2.4918971307600715, 70: 0.9901674704880229, 71: 3.490270682093468, 72: 1.0, 73: 3.981633255874159, 74: 1.0, 75: 0.48105212606818987, 76: 2.490827192394451, 77: 4.495190495441323, 78: 2.987830030090322, 79: 2.487845222235969, 80: 2.97579813553188, 81: 1.4868226582738446, 82: 2.9903471654133824, 83: 1.4818742039336648, 84: 0.4953489058267635, 85: 0.981488023453168, 86: 3.487018025642601, 87: 6.976495783331544, 88: 1.9850071779852518, 89: 1.0, 90: 1.491359230947054, 91: 0.47908211615671614, 92: 0.4955330401783701, 93: 0.4673930621795007, 94: 5.98698998143478, 95: 4.991511247702413, 96: 2.9909050414249014, 97: 0.971772537011361, 98: 3.9777578898873305, 99: 1.0}
2025-01-28 04:27:51 - WARNING  - Sum of s_i: 215.52966489774423
2025-01-28 04:28:09 - WARNING  - Shapley share: {44: 0.0, 72: 0.0, 33: -0.2500000000000002, 82: -0.40000000000000036, 71: -0.2500000000000002, 15: -0.30000000000000027, 2: -0.15000000000000013, 78: -0.40000000000000036, 86: -0.20000000000000018, 40: -0.35000000000000003}
2025-01-28 04:28:13 - WARNING  - Epoch:    77. Accuracy: Top-1: 55.86 | Loss: value: 1.20
2025-01-28 04:28:13 - WARNING  - Epoch 77
2025-01-28 04:28:13 - WARNING  - s_i: {0: 1.0, 1: 4.481081436580892, 2: 0.9705603638849171, 3: 0.4950940152376405, 4: 1.4708970843070985, 5: 1.0, 6: 0.4878599568338182, 7: 3.4651311726342913, 8: 2.4806153912767606, 9: 1.0, 10: 1.0, 11: 1.9773961843737817, 12: 1.9954648184740442, 13: 3.4908214957507067, 14: 1.0, 15: 1.0, 16: 0.4957826822982063, 17: 0.975888147695407, 18: 1.9767002955287434, 19: 0.47514039322693336, 20: 6.981791408488567, 21: 0.9803343057874757, 22: 6.470405496206142, 23: 0.47645005957110553, 24: 1.486840781201483, 25: 0.9750795445286178, 26: 3.483757781095134, 27: 2.9870668609178774, 28: 0.4817784899318627, 29: 1.0, 30: 1.9768178248468617, 31: 0.9654195513192558, 32: 2.491381345315182, 33: 0.9908472064464654, 34: 6.990622296431474, 35: 1.4742148539370694, 36: 3.970647904054664, 37: 1.472986844844745, 38: 0.9856408666764014, 39: 2.486515692449673, 40: 1.4755681732054144, 41: 3.4851080525623046, 42: 1.9912096333477474, 43: 1.9742782855342904, 44: 0.48240827254046303, 45: 1.4956417169692198, 46: 0.48351187268145424, 47: 0.49024044581450754, 48: 0.4909308155756471, 49: 1.9907446502998392, 50: 2.483984374115982, 51: 0.47497475038705783, 52: 2.495221302100859, 53: 1.4800780940819727, 54: 1.4874756597602574, 55: 2.495882360840329, 56: 1.4799413227041711, 57: 1.980986743864524, 58: 2.9850926788762027, 59: 4.467056134565475, 60: 3.9839717497262326, 61: 0.9851285538174527, 62: 0.4736163525470083, 63: 0.9902732146357738, 64: 1.9903173509521235, 65: 2.9824659608378123, 66: 5.487874652535032, 67: 3.4837587804550956, 68: 2.4772026554988633, 69: 2.4918971307600715, 70: 0.9901674704880229, 71: 0.9854060231401998, 72: 0.9953835563277245, 73: 3.981633255874159, 74: 1.0, 75: 0.48105212606818987, 76: 2.490827192394451, 77: 4.495190495441323, 78: 2.987830030090322, 79: 2.487845222235969, 80: 2.97579813553188, 81: 1.4868226582738446, 82: 2.9903471654133824, 83: 1.4818742039336648, 84: 0.4953489058267635, 85: 0.981488023453168, 86: 1.4826907008567987, 87: 6.976495783331544, 88: 1.9850071779852518, 89: 1.0, 90: 1.491359230947054, 91: 0.47908211615671614, 92: 0.4955330401783701, 93: 0.4673930621795007, 94: 5.98698998143478, 95: 4.991511247702413, 96: 2.9909050414249014, 97: 0.971772537011361, 98: 3.9777578898873305, 99: 1.0}
2025-01-28 04:28:13 - WARNING  - Sum of s_i: 207.50738656733557
2025-01-28 04:28:29 - WARNING  - Shapley share: {49: -0.30000000000000027, 52: -0.050000000000000044, 82: -0.20000000000000018, 85: -0.5500000000000003, 5: -0.3500000000000003, 27: -0.20000000000000018, 88: -0.20000000000000018, 55: -0.2500000000000002, 12: -0.4500000000000001, 73: -0.7500000000000001}
2025-01-28 04:28:34 - WARNING  - Epoch:    78. Accuracy: Top-1: 56.33 | Loss: value: 1.21
2025-01-28 04:28:34 - WARNING  - Epoch 78
2025-01-28 04:28:34 - WARNING  - s_i: {0: 1.0, 1: 4.481081436580892, 2: 0.9705603638849171, 3: 0.4950940152376405, 4: 1.4708970843070985, 5: 1.0, 6: 0.4878599568338182, 7: 3.4651311726342913, 8: 2.4806153912767606, 9: 1.0, 10: 1.0, 11: 1.9773961843737817, 12: 1.9954648184740442, 13: 3.4908214957507067, 14: 1.0, 15: 1.0, 16: 0.4957826822982063, 17: 0.975888147695407, 18: 1.9767002955287434, 19: 0.47514039322693336, 20: 6.981791408488567, 21: 0.9803343057874757, 22: 6.470405496206142, 23: 0.47645005957110553, 24: 1.486840781201483, 25: 0.9750795445286178, 26: 3.483757781095134, 27: 0.9827558145571675, 28: 0.4817784899318627, 29: 1.0, 30: 1.9768178248468617, 31: 0.9654195513192558, 32: 2.491381345315182, 33: 0.9908472064464654, 34: 6.990622296431474, 35: 1.4742148539370694, 36: 3.970647904054664, 37: 1.472986844844745, 38: 0.9856408666764014, 39: 2.486515692449673, 40: 1.4755681732054144, 41: 3.4851080525623046, 42: 1.9912096333477474, 43: 1.9742782855342904, 44: 0.48240827254046303, 45: 1.4956417169692198, 46: 0.48351187268145424, 47: 0.49024044581450754, 48: 0.4909308155756471, 49: 1.9907446502998392, 50: 2.483984374115982, 51: 0.47497475038705783, 52: 1.9904426042017185, 53: 1.4800780940819727, 54: 1.4874756597602574, 55: 2.495882360840329, 56: 1.4799413227041711, 57: 1.980986743864524, 58: 2.9850926788762027, 59: 4.467056134565475, 60: 3.9839717497262326, 61: 0.9851285538174527, 62: 0.4736163525470083, 63: 0.9902732146357738, 64: 1.9903173509521235, 65: 2.9824659608378123, 66: 5.487874652535032, 67: 3.4837587804550956, 68: 2.4772026554988633, 69: 2.4918971307600715, 70: 0.9901674704880229, 71: 0.9854060231401998, 72: 0.9953835563277245, 73: 3.981633255874159, 74: 1.0, 75: 0.48105212606818987, 76: 2.490827192394451, 77: 4.495190495441323, 78: 2.987830030090322, 79: 2.487845222235969, 80: 2.97579813553188, 81: 1.4868226582738446, 82: 0.985520748120071, 83: 1.4818742039336648, 84: 0.4953489058267635, 85: 0.981488023453168, 86: 1.4826907008567987, 87: 6.976495783331544, 88: 1.9850071779852518, 89: 1.0, 90: 1.491359230947054, 91: 0.47908211615671614, 92: 0.4955330401783701, 93: 0.4673930621795007, 94: 5.98698998143478, 95: 4.991511247702413, 96: 2.9909050414249014, 97: 0.971772537011361, 98: 3.9777578898873305, 99: 1.0}
2025-01-28 04:28:34 - WARNING  - Sum of s_i: 202.9934704057824
2025-01-28 04:28:51 - WARNING  - Shapley share: {27: -0.5500000000000005, 18: -0.3500000000000003, 47: -0.6500000000000006, 32: -0.7500000000000004, 67: -0.7000000000000006, 53: -0.6500000000000006, 54: -0.15000000000000013, 44: -0.5000000000000004, 59: -0.8000000000000007, 41: -0.5000000000000004}
2025-01-28 04:28:55 - WARNING  - Epoch:    79. Accuracy: Top-1: 57.55 | Loss: value: 1.18
2025-01-28 04:28:55 - WARNING  - Epoch 79
2025-01-28 04:28:55 - WARNING  - s_i: {0: 1.0, 1: 4.481081436580892, 2: 0.9705603638849171, 3: 0.4950940152376405, 4: 1.4708970843070985, 5: 1.0, 6: 0.4878599568338182, 7: 3.4651311726342913, 8: 2.4806153912767606, 9: 1.0, 10: 1.0, 11: 1.9773961843737817, 12: 1.9954648184740442, 13: 3.4908214957507067, 14: 1.0, 15: 1.0, 16: 0.4957826822982063, 17: 0.975888147695407, 18: 1.9767002955287434, 19: 0.47514039322693336, 20: 6.981791408488567, 21: 0.9803343057874757, 22: 6.470405496206142, 23: 0.47645005957110553, 24: 1.486840781201483, 25: 0.9750795445286178, 26: 3.483757781095134, 27: 0.9827558145571675, 28: 0.4817784899318627, 29: 1.0, 30: 1.9768178248468617, 31: 0.9654195513192558, 32: 2.491381345315182, 33: 0.9908472064464654, 34: 6.990622296431474, 35: 1.4742148539370694, 36: 3.970647904054664, 37: 1.472986844844745, 38: 0.9856408666764014, 39: 2.486515692449673, 40: 1.4755681732054144, 41: 3.4851080525623046, 42: 1.9912096333477474, 43: 1.9742782855342904, 44: 0.48240827254046303, 45: 1.4956417169692198, 46: 0.48351187268145424, 47: 0.49024044581450754, 48: 0.4909308155756471, 49: 1.9907446502998392, 50: 2.483984374115982, 51: 0.47497475038705783, 52: 1.9904426042017185, 53: 1.4800780940819727, 54: 1.4874756597602574, 55: 2.495882360840329, 56: 1.4799413227041711, 57: 1.980986743864524, 58: 2.9850926788762027, 59: 4.467056134565475, 60: 3.9839717497262326, 61: 0.9851285538174527, 62: 0.4736163525470083, 63: 0.9902732146357738, 64: 1.9903173509521235, 65: 2.9824659608378123, 66: 5.487874652535032, 67: 3.4837587804550956, 68: 2.4772026554988633, 69: 2.4918971307600715, 70: 0.9901674704880229, 71: 0.9854060231401998, 72: 0.9953835563277245, 73: 3.981633255874159, 74: 1.0, 75: 0.48105212606818987, 76: 2.490827192394451, 77: 4.495190495441323, 78: 2.987830030090322, 79: 2.487845222235969, 80: 2.97579813553188, 81: 1.4868226582738446, 82: 0.985520748120071, 83: 1.4818742039336648, 84: 0.4953489058267635, 85: 0.981488023453168, 86: 1.4826907008567987, 87: 6.976495783331544, 88: 1.9850071779852518, 89: 1.0, 90: 1.491359230947054, 91: 0.47908211615671614, 92: 0.4955330401783701, 93: 0.4673930621795007, 94: 5.98698998143478, 95: 4.991511247702413, 96: 2.9909050414249014, 97: 0.971772537011361, 98: 3.9777578898873305, 99: 1.0}
2025-01-28 04:28:55 - WARNING  - Sum of s_i: 202.9934704057824
2025-01-28 04:29:12 - WARNING  - Shapley share: {51: -0.5000000000000004, 30: -0.7500000000000004, 36: -0.6500000000000004, 35: -0.7000000000000004, 50: -1.0499999999999998, 10: -1.0, 95: -0.40000000000000036, 94: -0.6000000000000003, 57: -0.7500000000000001, 3: -0.5500000000000003}
2025-01-28 04:29:16 - WARNING  - Epoch:    80. Accuracy: Top-1: 57.00 | Loss: value: 1.17
2025-01-28 04:29:16 - WARNING  - Epoch 80
2025-01-28 04:29:16 - WARNING  - s_i: {0: 1.0, 1: 4.481081436580892, 2: 0.9705603638849171, 3: 0.4950940152376405, 4: 1.4708970843070985, 5: 1.0, 6: 0.4878599568338182, 7: 3.4651311726342913, 8: 2.4806153912767606, 9: 1.0, 10: 1.0, 11: 1.9773961843737817, 12: 1.9954648184740442, 13: 3.4908214957507067, 14: 1.0, 15: 1.0, 16: 0.4957826822982063, 17: 0.975888147695407, 18: 1.9767002955287434, 19: 0.47514039322693336, 20: 6.981791408488567, 21: 0.9803343057874757, 22: 6.470405496206142, 23: 0.47645005957110553, 24: 1.486840781201483, 25: 0.9750795445286178, 26: 3.483757781095134, 27: 0.9827558145571675, 28: 0.4817784899318627, 29: 1.0, 30: 1.9768178248468617, 31: 0.9654195513192558, 32: 2.491381345315182, 33: 0.9908472064464654, 34: 6.990622296431474, 35: 1.4742148539370694, 36: 3.970647904054664, 37: 1.472986844844745, 38: 0.9856408666764014, 39: 2.486515692449673, 40: 1.4755681732054144, 41: 3.4851080525623046, 42: 1.9912096333477474, 43: 1.9742782855342904, 44: 0.48240827254046303, 45: 1.4956417169692198, 46: 0.48351187268145424, 47: 0.49024044581450754, 48: 0.4909308155756471, 49: 1.9907446502998392, 50: 2.483984374115982, 51: 0.47497475038705783, 52: 1.9904426042017185, 53: 1.4800780940819727, 54: 1.4874756597602574, 55: 2.495882360840329, 56: 1.4799413227041711, 57: 1.980986743864524, 58: 2.9850926788762027, 59: 4.467056134565475, 60: 3.9839717497262326, 61: 0.9851285538174527, 62: 0.4736163525470083, 63: 0.9902732146357738, 64: 1.9903173509521235, 65: 2.9824659608378123, 66: 5.487874652535032, 67: 3.4837587804550956, 68: 2.4772026554988633, 69: 2.4918971307600715, 70: 0.9901674704880229, 71: 0.9854060231401998, 72: 0.9953835563277245, 73: 3.981633255874159, 74: 1.0, 75: 0.48105212606818987, 76: 2.490827192394451, 77: 4.495190495441323, 78: 2.987830030090322, 79: 2.487845222235969, 80: 2.97579813553188, 81: 1.4868226582738446, 82: 0.985520748120071, 83: 1.4818742039336648, 84: 0.4953489058267635, 85: 0.981488023453168, 86: 1.4826907008567987, 87: 6.976495783331544, 88: 1.9850071779852518, 89: 1.0, 90: 1.491359230947054, 91: 0.47908211615671614, 92: 0.4955330401783701, 93: 0.4673930621795007, 94: 5.98698998143478, 95: 0.9872668715536168, 96: 2.9909050414249014, 97: 0.971772537011361, 98: 3.9777578898873305, 99: 1.0}
2025-01-28 04:29:16 - WARNING  - Sum of s_i: 198.9892260296336
2025-01-28 04:29:21 - WARNING  - The sum of accs: 49.0
2025-01-28 04:29:21 - WARNING  - The welfare is 48.91027896222753
2025-01-28 04:29:37 - WARNING  - Shapley share: {23: -0.10000000000000009, 61: -0.20000000000000018, 78: -0.20000000000000018, 72: 0.0, 91: 0.2500000000000002, 74: -0.4500000000000004, 1: -0.7000000000000001, 39: -0.2500000000000002, 81: -0.10000000000000009, 86: -0.3500000000000003}
2025-01-28 04:29:41 - WARNING  - Epoch:    81. Accuracy: Top-1: 58.28 | Loss: value: 1.14
2025-01-28 04:29:41 - WARNING  - Epoch 81
2025-01-28 04:29:41 - WARNING  - s_i: {0: 1.0, 1: 4.481081436580892, 2: 0.9705603638849171, 3: 0.4950940152376405, 4: 1.4708970843070985, 5: 1.0, 6: 0.4878599568338182, 7: 3.4651311726342913, 8: 2.4806153912767606, 9: 1.0, 10: 1.0, 11: 1.9773961843737817, 12: 1.9954648184740442, 13: 3.4908214957507067, 14: 1.0, 15: 1.0, 16: 0.4957826822982063, 17: 0.975888147695407, 18: 1.9767002955287434, 19: 0.47514039322693336, 20: 6.981791408488567, 21: 0.9803343057874757, 22: 6.470405496206142, 23: 0.47645005957110553, 24: 1.486840781201483, 25: 0.9750795445286178, 26: 3.483757781095134, 27: 0.9827558145571675, 28: 0.4817784899318627, 29: 1.0, 30: 1.9768178248468617, 31: 0.9654195513192558, 32: 2.491381345315182, 33: 0.9908472064464654, 34: 6.990622296431474, 35: 1.4742148539370694, 36: 3.970647904054664, 37: 1.472986844844745, 38: 0.9856408666764014, 39: 2.486515692449673, 40: 1.4755681732054144, 41: 3.4851080525623046, 42: 1.9912096333477474, 43: 1.9742782855342904, 44: 0.48240827254046303, 45: 1.4956417169692198, 46: 0.48351187268145424, 47: 0.49024044581450754, 48: 0.4909308155756471, 49: 1.9907446502998392, 50: 2.483984374115982, 51: 0.47497475038705783, 52: 1.9904426042017185, 53: 1.4800780940819727, 54: 1.4874756597602574, 55: 2.495882360840329, 56: 1.4799413227041711, 57: 1.980986743864524, 58: 2.9850926788762027, 59: 4.467056134565475, 60: 3.9839717497262326, 61: 0.9851285538174527, 62: 0.4736163525470083, 63: 0.9902732146357738, 64: 1.9903173509521235, 65: 2.9824659608378123, 66: 5.487874652535032, 67: 3.4837587804550956, 68: 2.4772026554988633, 69: 2.4918971307600715, 70: 0.9901674704880229, 71: 0.9854060231401998, 72: 0.9907671126554489, 73: 3.981633255874159, 74: 1.0, 75: 0.48105212606818987, 76: 2.490827192394451, 77: 4.495190495441323, 78: 0.983773373453761, 79: 2.487845222235969, 80: 2.97579813553188, 81: 0.48243021103179085, 82: 0.985520748120071, 83: 1.4818742039336648, 84: 0.4953489058267635, 85: 0.981488023453168, 86: 1.4826907008567987, 87: 6.976495783331544, 88: 1.9850071779852518, 89: 1.0, 90: 1.491359230947054, 91: 2.974898539388061, 92: 0.4955330401783701, 93: 0.4673930621795007, 94: 5.98698998143478, 95: 0.9872668715536168, 96: 2.9909050414249014, 97: 0.971772537011361, 98: 3.9777578898873305, 99: 1.0}
2025-01-28 04:29:41 - WARNING  - Sum of s_i: 198.47197690531405
2025-01-28 04:30:02 - WARNING  - Shapley share: {5: -0.2500000000000002, 65: -0.49999999999999933, 75: -0.6499999999999995, 37: -0.44999999999999984, 91: -0.5000000000000002, 12: -0.34999999999999976, 69: 0.04999999999999949, 24: -0.050000000000000044, 96: -0.44999999999999984, 13: -0.7499999999999998}
2025-01-28 04:30:07 - WARNING  - Epoch:    82. Accuracy: Top-1: 56.87 | Loss: value: 1.17
2025-01-28 04:30:07 - WARNING  - Epoch 82
2025-01-28 04:30:07 - WARNING  - s_i: {0: 1.0, 1: 4.481081436580892, 2: 0.9705603638849171, 3: 0.4950940152376405, 4: 1.4708970843070985, 5: 1.0, 6: 0.4878599568338182, 7: 3.4651311726342913, 8: 2.4806153912767606, 9: 1.0, 10: 1.0, 11: 1.9773961843737817, 12: 1.9954648184740442, 13: 3.4908214957507067, 14: 1.0, 15: 1.0, 16: 0.4957826822982063, 17: 0.975888147695407, 18: 1.9767002955287434, 19: 0.47514039322693336, 20: 6.981791408488567, 21: 0.9803343057874757, 22: 6.470405496206142, 23: 0.47645005957110553, 24: 0.9824543749353105, 25: 0.9750795445286178, 26: 3.483757781095134, 27: 0.9827558145571675, 28: 0.4817784899318627, 29: 1.0, 30: 1.9768178248468617, 31: 0.9654195513192558, 32: 2.491381345315182, 33: 0.9908472064464654, 34: 6.990622296431474, 35: 1.4742148539370694, 36: 3.970647904054664, 37: 1.472986844844745, 38: 0.9856408666764014, 39: 2.486515692449673, 40: 1.4755681732054144, 41: 3.4851080525623046, 42: 1.9912096333477474, 43: 1.9742782855342904, 44: 0.48240827254046303, 45: 1.4956417169692198, 46: 0.48351187268145424, 47: 0.49024044581450754, 48: 0.4909308155756471, 49: 1.9907446502998392, 50: 2.483984374115982, 51: 0.47497475038705783, 52: 1.9904426042017185, 53: 1.4800780940819727, 54: 1.4874756597602574, 55: 2.495882360840329, 56: 1.4799413227041711, 57: 1.980986743864524, 58: 2.9850926788762027, 59: 4.467056134565475, 60: 3.9839717497262326, 61: 0.9851285538174527, 62: 0.4736163525470083, 63: 0.9902732146357738, 64: 1.9903173509521235, 65: 2.9824659608378123, 66: 5.487874652535032, 67: 3.4837587804550956, 68: 2.4772026554988633, 69: 2.9878456961401043, 70: 0.9901674704880229, 71: 0.9854060231401998, 72: 0.9907671126554489, 73: 3.981633255874159, 74: 1.0, 75: 0.48105212606818987, 76: 2.490827192394451, 77: 4.495190495441323, 78: 0.983773373453761, 79: 2.487845222235969, 80: 2.97579813553188, 81: 0.48243021103179085, 82: 0.985520748120071, 83: 1.4818742039336648, 84: 0.4953489058267635, 85: 0.981488023453168, 86: 1.4826907008567987, 87: 6.976495783331544, 88: 1.9850071779852518, 89: 1.0, 90: 1.491359230947054, 91: 2.974898539388061, 92: 0.4955330401783701, 93: 0.4673930621795007, 94: 5.98698998143478, 95: 0.9872668715536168, 96: 2.9909050414249014, 97: 0.971772537011361, 98: 3.9777578898873305, 99: 1.0}
2025-01-28 04:30:07 - WARNING  - Sum of s_i: 198.46353906442792
2025-01-28 04:30:24 - WARNING  - Shapley share: {17: 0.30000000000000027, 93: -0.20000000000000018, 51: 0.050000000000000044, 59: 0.10000000000000009, 47: -0.050000000000000044, 42: -0.6000000000000003, 8: -0.3999999999999998, 28: -0.49999999999999956, 94: -0.050000000000000044, 16: -0.35000000000000003}
2025-01-28 04:30:28 - WARNING  - Epoch:    83. Accuracy: Top-1: 57.27 | Loss: value: 1.17
2025-01-28 04:30:28 - WARNING  - Epoch 83
2025-01-28 04:30:28 - WARNING  - s_i: {0: 1.0, 1: 4.481081436580892, 2: 0.9705603638849171, 3: 0.4950940152376405, 4: 1.4708970843070985, 5: 1.0, 6: 0.4878599568338182, 7: 3.4651311726342913, 8: 2.4806153912767606, 9: 1.0, 10: 1.0, 11: 1.9773961843737817, 12: 1.9954648184740442, 13: 3.4908214957507067, 14: 1.0, 15: 1.0, 16: 0.4957826822982063, 17: 3.9718695056446447, 18: 1.9767002955287434, 19: 0.47514039322693336, 20: 6.981791408488567, 21: 0.9803343057874757, 22: 6.470405496206142, 23: 0.47645005957110553, 24: 0.9824543749353105, 25: 0.9750795445286178, 26: 3.483757781095134, 27: 0.9827558145571675, 28: 0.4817784899318627, 29: 1.0, 30: 1.9768178248468617, 31: 0.9654195513192558, 32: 2.491381345315182, 33: 0.9908472064464654, 34: 6.990622296431474, 35: 1.4742148539370694, 36: 3.970647904054664, 37: 1.472986844844745, 38: 0.9856408666764014, 39: 2.486515692449673, 40: 1.4755681732054144, 41: 3.4851080525623046, 42: 1.9912096333477474, 43: 1.9742782855342904, 44: 0.48240827254046303, 45: 1.4956417169692198, 46: 0.48351187268145424, 47: 0.49024044581450754, 48: 0.4909308155756471, 49: 1.9907446502998392, 50: 2.483984374115982, 51: 0.9708038754515675, 52: 1.9904426042017185, 53: 1.4800780940819727, 54: 1.4874756597602574, 55: 2.495882360840329, 56: 1.4799413227041711, 57: 1.980986743864524, 58: 2.9850926788762027, 59: 5.46293815138616, 60: 3.9839717497262326, 61: 0.9851285538174527, 62: 0.4736163525470083, 63: 0.9902732146357738, 64: 1.9903173509521235, 65: 2.9824659608378123, 66: 5.487874652535032, 67: 3.4837587804550956, 68: 2.4772026554988633, 69: 2.9878456961401043, 70: 0.9901674704880229, 71: 0.9854060231401998, 72: 0.9907671126554489, 73: 3.981633255874159, 74: 1.0, 75: 0.48105212606818987, 76: 2.490827192394451, 77: 4.495190495441323, 78: 0.983773373453761, 79: 2.487845222235969, 80: 2.97579813553188, 81: 0.48243021103179085, 82: 0.985520748120071, 83: 1.4818742039336648, 84: 0.4953489058267635, 85: 0.981488023453168, 86: 1.4826907008567987, 87: 6.976495783331544, 88: 1.9850071779852518, 89: 1.0, 90: 1.491359230947054, 91: 2.974898539388061, 92: 0.4955330401783701, 93: 0.4673930621795007, 94: 5.482653308579705, 95: 0.9872668715536168, 96: 2.9909050414249014, 97: 0.971772537011361, 98: 3.9777578898873305, 99: 1.0}
2025-01-28 04:30:28 - WARNING  - Sum of s_i: 202.44689489140728
2025-01-28 04:30:45 - WARNING  - Shapley share: {37: -0.2500000000000002, 60: -0.4500000000000004, 10: -0.2500000000000002, 57: 0.0, 92: -0.30000000000000027, 24: -0.2500000000000002, 54: -0.4500000000000001, 97: -0.30000000000000027, 40: -0.30000000000000027, 66: -0.4000000000000001}
2025-01-28 04:30:50 - WARNING  - Epoch:    84. Accuracy: Top-1: 57.66 | Loss: value: 1.17
2025-01-28 04:30:50 - WARNING  - Epoch 84
2025-01-28 04:30:50 - WARNING  - s_i: {0: 1.0, 1: 4.481081436580892, 2: 0.9705603638849171, 3: 0.4950940152376405, 4: 1.4708970843070985, 5: 1.0, 6: 0.4878599568338182, 7: 3.4651311726342913, 8: 2.4806153912767606, 9: 1.0, 10: 1.0, 11: 1.9773961843737817, 12: 1.9954648184740442, 13: 3.4908214957507067, 14: 1.0, 15: 1.0, 16: 0.4957826822982063, 17: 3.9718695056446447, 18: 1.9767002955287434, 19: 0.47514039322693336, 20: 6.981791408488567, 21: 0.9803343057874757, 22: 6.470405496206142, 23: 0.47645005957110553, 24: 0.9824543749353105, 25: 0.9750795445286178, 26: 3.483757781095134, 27: 0.9827558145571675, 28: 0.4817784899318627, 29: 1.0, 30: 1.9768178248468617, 31: 0.9654195513192558, 32: 2.491381345315182, 33: 0.9908472064464654, 34: 6.990622296431474, 35: 1.4742148539370694, 36: 3.970647904054664, 37: 1.472986844844745, 38: 0.9856408666764014, 39: 2.486515692449673, 40: 1.4755681732054144, 41: 3.4851080525623046, 42: 1.9912096333477474, 43: 1.9742782855342904, 44: 0.48240827254046303, 45: 1.4956417169692198, 46: 0.48351187268145424, 47: 0.49024044581450754, 48: 0.4909308155756471, 49: 1.9907446502998392, 50: 2.483984374115982, 51: 0.9708038754515675, 52: 1.9904426042017185, 53: 1.4800780940819727, 54: 1.4874756597602574, 55: 2.495882360840329, 56: 1.4799413227041711, 57: 1.9762334298306539, 58: 2.9850926788762027, 59: 5.46293815138616, 60: 3.9839717497262326, 61: 0.9851285538174527, 62: 0.4736163525470083, 63: 0.9902732146357738, 64: 1.9903173509521235, 65: 2.9824659608378123, 66: 1.483832870046709, 67: 3.4837587804550956, 68: 2.4772026554988633, 69: 2.9878456961401043, 70: 0.9901674704880229, 71: 0.9854060231401998, 72: 0.9907671126554489, 73: 3.981633255874159, 74: 1.0, 75: 0.48105212606818987, 76: 2.490827192394451, 77: 4.495190495441323, 78: 0.983773373453761, 79: 2.487845222235969, 80: 2.97579813553188, 81: 0.48243021103179085, 82: 0.985520748120071, 83: 1.4818742039336648, 84: 0.4953489058267635, 85: 0.981488023453168, 86: 1.4826907008567987, 87: 6.976495783331544, 88: 1.9850071779852518, 89: 1.0, 90: 1.491359230947054, 91: 2.974898539388061, 92: 0.4955330401783701, 93: 0.4673930621795007, 94: 5.482653308579705, 95: 0.9872668715536168, 96: 2.9909050414249014, 97: 0.971772537011361, 98: 3.9777578898873305, 99: 1.0}
2025-01-28 04:30:50 - WARNING  - Sum of s_i: 198.4380997948851
2025-01-28 04:31:06 - WARNING  - Shapley share: {13: -0.7499999999999998, 10: -0.6500000000000006, 82: -0.4500000000000004, 44: -0.5000000000000004, 67: -0.40000000000000036, 45: -0.7000000000000001, 35: -0.3999999999999998, 43: -1.0499999999999998, 28: -0.8500000000000002, 73: -1.0999999999999996}
2025-01-28 04:31:10 - WARNING  - Epoch:    85. Accuracy: Top-1: 59.64 | Loss: value: 1.12
2025-01-28 04:31:10 - WARNING  - Epoch 85
2025-01-28 04:31:10 - WARNING  - s_i: {0: 1.0, 1: 4.481081436580892, 2: 0.9705603638849171, 3: 0.4950940152376405, 4: 1.4708970843070985, 5: 1.0, 6: 0.4878599568338182, 7: 3.4651311726342913, 8: 2.4806153912767606, 9: 1.0, 10: 1.0, 11: 1.9773961843737817, 12: 1.9954648184740442, 13: 3.4908214957507067, 14: 1.0, 15: 1.0, 16: 0.4957826822982063, 17: 3.9718695056446447, 18: 1.9767002955287434, 19: 0.47514039322693336, 20: 6.981791408488567, 21: 0.9803343057874757, 22: 6.470405496206142, 23: 0.47645005957110553, 24: 0.9824543749353105, 25: 0.9750795445286178, 26: 3.483757781095134, 27: 0.9827558145571675, 28: 0.4817784899318627, 29: 1.0, 30: 1.9768178248468617, 31: 0.9654195513192558, 32: 2.491381345315182, 33: 0.9908472064464654, 34: 6.990622296431474, 35: 1.4742148539370694, 36: 3.970647904054664, 37: 1.472986844844745, 38: 0.9856408666764014, 39: 2.486515692449673, 40: 1.4755681732054144, 41: 3.4851080525623046, 42: 1.9912096333477474, 43: 1.9742782855342904, 44: 0.48240827254046303, 45: 1.4956417169692198, 46: 0.48351187268145424, 47: 0.49024044581450754, 48: 0.4909308155756471, 49: 1.9907446502998392, 50: 2.483984374115982, 51: 0.9708038754515675, 52: 1.9904426042017185, 53: 1.4800780940819727, 54: 1.4874756597602574, 55: 2.495882360840329, 56: 1.4799413227041711, 57: 1.9762334298306539, 58: 2.9850926788762027, 59: 5.46293815138616, 60: 3.9839717497262326, 61: 0.9851285538174527, 62: 0.4736163525470083, 63: 0.9902732146357738, 64: 1.9903173509521235, 65: 2.9824659608378123, 66: 1.483832870046709, 67: 3.4837587804550956, 68: 2.4772026554988633, 69: 2.9878456961401043, 70: 0.9901674704880229, 71: 0.9854060231401998, 72: 0.9907671126554489, 73: 3.981633255874159, 74: 1.0, 75: 0.48105212606818987, 76: 2.490827192394451, 77: 4.495190495441323, 78: 0.983773373453761, 79: 2.487845222235969, 80: 2.97579813553188, 81: 0.48243021103179085, 82: 0.985520748120071, 83: 1.4818742039336648, 84: 0.4953489058267635, 85: 0.981488023453168, 86: 1.4826907008567987, 87: 6.976495783331544, 88: 1.9850071779852518, 89: 1.0, 90: 1.491359230947054, 91: 2.974898539388061, 92: 0.4955330401783701, 93: 0.4673930621795007, 94: 5.482653308579705, 95: 0.9872668715536168, 96: 2.9909050414249014, 97: 0.971772537011361, 98: 3.9777578898873305, 99: 1.0}
2025-01-28 04:31:10 - WARNING  - Sum of s_i: 198.4380997948851
2025-01-28 04:31:25 - WARNING  - Shapley share: {64: -0.10000000000000009, 9: -0.10000000000000009, 96: -0.4500000000000004, 82: -0.8000000000000007, 98: -0.7500000000000004, 81: -0.7500000000000007, 70: -0.6999999999999998, 56: -1.0500000000000003, 52: -0.7000000000000004, 5: -0.8499999999999999}
2025-01-28 04:31:30 - WARNING  - Epoch:    86. Accuracy: Top-1: 59.67 | Loss: value: 1.12
2025-01-28 04:31:30 - WARNING  - Epoch 86
2025-01-28 04:31:30 - WARNING  - s_i: {0: 1.0, 1: 4.481081436580892, 2: 0.9705603638849171, 3: 0.4950940152376405, 4: 1.4708970843070985, 5: 1.0, 6: 0.4878599568338182, 7: 3.4651311726342913, 8: 2.4806153912767606, 9: 1.0, 10: 1.0, 11: 1.9773961843737817, 12: 1.9954648184740442, 13: 3.4908214957507067, 14: 1.0, 15: 1.0, 16: 0.4957826822982063, 17: 3.9718695056446447, 18: 1.9767002955287434, 19: 0.47514039322693336, 20: 6.981791408488567, 21: 0.9803343057874757, 22: 6.470405496206142, 23: 0.47645005957110553, 24: 0.9824543749353105, 25: 0.9750795445286178, 26: 3.483757781095134, 27: 0.9827558145571675, 28: 0.4817784899318627, 29: 1.0, 30: 1.9768178248468617, 31: 0.9654195513192558, 32: 2.491381345315182, 33: 0.9908472064464654, 34: 6.990622296431474, 35: 1.4742148539370694, 36: 3.970647904054664, 37: 1.472986844844745, 38: 0.9856408666764014, 39: 2.486515692449673, 40: 1.4755681732054144, 41: 3.4851080525623046, 42: 1.9912096333477474, 43: 1.9742782855342904, 44: 0.48240827254046303, 45: 1.4956417169692198, 46: 0.48351187268145424, 47: 0.49024044581450754, 48: 0.4909308155756471, 49: 1.9907446502998392, 50: 2.483984374115982, 51: 0.9708038754515675, 52: 1.9904426042017185, 53: 1.4800780940819727, 54: 1.4874756597602574, 55: 2.495882360840329, 56: 1.4799413227041711, 57: 1.9762334298306539, 58: 2.9850926788762027, 59: 5.46293815138616, 60: 3.9839717497262326, 61: 0.9851285538174527, 62: 0.4736163525470083, 63: 0.9902732146357738, 64: 0.9854760264281852, 65: 2.9824659608378123, 66: 1.483832870046709, 67: 3.4837587804550956, 68: 2.4772026554988633, 69: 2.9878456961401043, 70: 0.9901674704880229, 71: 0.9854060231401998, 72: 0.9907671126554489, 73: 3.981633255874159, 74: 1.0, 75: 0.48105212606818987, 76: 2.490827192394451, 77: 4.495190495441323, 78: 0.983773373453761, 79: 2.487845222235969, 80: 2.97579813553188, 81: 0.48243021103179085, 82: 0.985520748120071, 83: 1.4818742039336648, 84: 0.4953489058267635, 85: 0.981488023453168, 86: 1.4826907008567987, 87: 6.976495783331544, 88: 1.9850071779852518, 89: 1.0, 90: 1.491359230947054, 91: 2.974898539388061, 92: 0.4955330401783701, 93: 0.4673930621795007, 94: 5.482653308579705, 95: 0.9872668715536168, 96: 2.9909050414249014, 97: 0.971772537011361, 98: 3.9777578898873305, 99: 1.0}
2025-01-28 04:31:30 - WARNING  - Sum of s_i: 197.43325847036115
2025-01-28 04:31:47 - WARNING  - Shapley share: {68: -0.10000000000000009, 70: 0.0, 60: -0.15000000000000013, 58: -0.20000000000000018, 37: -0.10000000000000009, 39: -0.40000000000000036, 7: 0.050000000000000044, 12: -0.10000000000000009, 57: -0.10000000000000009, 5: -0.6000000000000005}
2025-01-28 04:31:52 - WARNING  - Epoch:    87. Accuracy: Top-1: 58.29 | Loss: value: 1.13
2025-01-28 04:31:52 - WARNING  - Epoch 87
2025-01-28 04:31:52 - WARNING  - s_i: {0: 1.0, 1: 4.481081436580892, 2: 0.9705603638849171, 3: 0.4950940152376405, 4: 1.4708970843070985, 5: 1.0, 6: 0.4878599568338182, 7: 3.9601499115820475, 8: 2.4806153912767606, 9: 1.0, 10: 1.0, 11: 1.9773961843737817, 12: 0.9909296369480893, 13: 3.4908214957507067, 14: 1.0, 15: 1.0, 16: 0.4957826822982063, 17: 3.9718695056446447, 18: 1.9767002955287434, 19: 0.47514039322693336, 20: 6.981791408488567, 21: 0.9803343057874757, 22: 6.470405496206142, 23: 0.47645005957110553, 24: 0.9824543749353105, 25: 0.9750795445286178, 26: 3.483757781095134, 27: 0.9827558145571675, 28: 0.4817784899318627, 29: 1.0, 30: 1.9768178248468617, 31: 0.9654195513192558, 32: 2.491381345315182, 33: 0.9908472064464654, 34: 6.990622296431474, 35: 1.4742148539370694, 36: 3.970647904054664, 37: 0.4684846523188684, 38: 0.9856408666764014, 39: 2.486515692449673, 40: 1.4755681732054144, 41: 3.4851080525623046, 42: 1.9912096333477474, 43: 1.9742782855342904, 44: 0.48240827254046303, 45: 1.4956417169692198, 46: 0.48351187268145424, 47: 0.49024044581450754, 48: 0.4909308155756471, 49: 1.9907446502998392, 50: 2.483984374115982, 51: 0.9708038754515675, 52: 1.9904426042017185, 53: 1.4800780940819727, 54: 1.4874756597602574, 55: 2.495882360840329, 56: 1.4799413227041711, 57: 0.971480115796783, 58: 0.9801235718349361, 59: 5.46293815138616, 60: 2.47996468715779, 61: 0.9851285538174527, 62: 0.4736163525470083, 63: 0.9902732146357738, 64: 0.9854760264281852, 65: 2.9824659608378123, 66: 1.483832870046709, 67: 3.4837587804550956, 68: 1.4726431865986356, 69: 2.9878456961401043, 70: 0.9852512057320357, 71: 0.9854060231401998, 72: 0.9907671126554489, 73: 3.981633255874159, 74: 1.0, 75: 0.48105212606818987, 76: 2.490827192394451, 77: 4.495190495441323, 78: 0.983773373453761, 79: 2.487845222235969, 80: 2.97579813553188, 81: 0.48243021103179085, 82: 0.985520748120071, 83: 1.4818742039336648, 84: 0.4953489058267635, 85: 0.981488023453168, 86: 1.4826907008567987, 87: 6.976495783331544, 88: 1.9850071779852518, 89: 1.0, 90: 1.491359230947054, 91: 2.974898539388061, 92: 0.4955330401783701, 93: 0.4673930621795007, 94: 5.482653308579705, 95: 0.9872668715536168, 96: 2.9909050414249014, 97: 0.971772537011361, 98: 3.9777578898873305, 99: 1.0}
2025-01-28 04:31:52 - WARNING  - Sum of s_i: 190.39603461795727
2025-01-28 04:32:08 - WARNING  - Shapley share: {11: 0.0, 40: -0.3, 42: -0.5000000000000002, 23: 0.050000000000000044, 88: -1.0000000000000004, 9: -0.4500000000000001, 95: -0.6000000000000003, 65: -1.3500000000000008, 38: -1.0000000000000007, 77: -0.6}
2025-01-28 04:32:12 - WARNING  - Epoch:    88. Accuracy: Top-1: 60.73 | Loss: value: 1.09
2025-01-28 04:32:12 - WARNING  - Epoch 88
2025-01-28 04:32:12 - WARNING  - s_i: {0: 1.0, 1: 4.481081436580892, 2: 0.9705603638849171, 3: 0.4950940152376405, 4: 1.4708970843070985, 5: 1.0, 6: 0.4878599568338182, 7: 3.9601499115820475, 8: 2.4806153912767606, 9: 1.0, 10: 1.0, 11: 1.9728754212485389, 12: 0.9909296369480893, 13: 3.4908214957507067, 14: 1.0, 15: 1.0, 16: 0.4957826822982063, 17: 3.9718695056446447, 18: 1.9767002955287434, 19: 0.47514039322693336, 20: 6.981791408488567, 21: 0.9803343057874757, 22: 6.470405496206142, 23: 0.9717400714853266, 24: 0.9824543749353105, 25: 0.9750795445286178, 26: 3.483757781095134, 27: 0.9827558145571675, 28: 0.4817784899318627, 29: 1.0, 30: 1.9768178248468617, 31: 0.9654195513192558, 32: 2.491381345315182, 33: 0.9908472064464654, 34: 6.990622296431474, 35: 1.4742148539370694, 36: 3.970647904054664, 37: 0.4684846523188684, 38: 0.9856408666764014, 39: 2.486515692449673, 40: 1.4755681732054144, 41: 3.4851080525623046, 42: 1.9912096333477474, 43: 1.9742782855342904, 44: 0.48240827254046303, 45: 1.4956417169692198, 46: 0.48351187268145424, 47: 0.49024044581450754, 48: 0.4909308155756471, 49: 1.9907446502998392, 50: 2.483984374115982, 51: 0.9708038754515675, 52: 1.9904426042017185, 53: 1.4800780940819727, 54: 1.4874756597602574, 55: 2.495882360840329, 56: 1.4799413227041711, 57: 0.971480115796783, 58: 0.9801235718349361, 59: 5.46293815138616, 60: 2.47996468715779, 61: 0.9851285538174527, 62: 0.4736163525470083, 63: 0.9902732146357738, 64: 0.9854760264281852, 65: 2.9824659608378123, 66: 1.483832870046709, 67: 3.4837587804550956, 68: 1.4726431865986356, 69: 2.9878456961401043, 70: 0.9852512057320357, 71: 0.9854060231401998, 72: 0.9907671126554489, 73: 3.981633255874159, 74: 1.0, 75: 0.48105212606818987, 76: 2.490827192394451, 77: 4.495190495441323, 78: 0.983773373453761, 79: 2.487845222235969, 80: 2.97579813553188, 81: 0.48243021103179085, 82: 0.985520748120071, 83: 1.4818742039336648, 84: 0.4953489058267635, 85: 0.981488023453168, 86: 1.4826907008567987, 87: 6.976495783331544, 88: 1.9850071779852518, 89: 1.0, 90: 1.491359230947054, 91: 2.974898539388061, 92: 0.4955330401783701, 93: 0.4673930621795007, 94: 5.482653308579705, 95: 0.9872668715536168, 96: 2.9909050414249014, 97: 0.971772537011361, 98: 3.9777578898873305, 99: 1.0}
2025-01-28 04:32:12 - WARNING  - Sum of s_i: 190.88680386674625
2025-01-28 04:32:28 - WARNING  - Shapley share: {54: -0.15000000000000013, 64: -0.10000000000000009, 19: 0.19999999999999962, 15: -0.15000000000000013, 84: -0.10000000000000009, 40: -0.20000000000000018, 94: 0.2500000000000002, 25: 0.15000000000000013, 16: 0.20000000000000018, 87: 0.20000000000000018}
2025-01-28 04:32:33 - WARNING  - Epoch:    89. Accuracy: Top-1: 57.48 | Loss: value: 1.19
2025-01-28 04:32:33 - WARNING  - Epoch 89
2025-01-28 04:32:33 - WARNING  - s_i: {0: 1.0, 1: 4.481081436580892, 2: 0.9705603638849171, 3: 0.4950940152376405, 4: 1.4708970843070985, 5: 1.0, 6: 0.4878599568338182, 7: 3.9601499115820475, 8: 2.4806153912767606, 9: 1.0, 10: 1.0, 11: 1.9728754212485389, 12: 0.9909296369480893, 13: 3.4908214957507067, 14: 1.0, 15: 1.0, 16: 2.491565364596415, 17: 3.9718695056446447, 18: 1.9767002955287434, 19: 2.470997125431419, 20: 6.981791408488567, 21: 0.9803343057874757, 22: 6.470405496206142, 23: 0.9717400714853266, 24: 0.9824543749353105, 25: 2.470095453434343, 26: 3.483757781095134, 27: 0.9827558145571675, 28: 0.4817784899318627, 29: 1.0, 30: 1.9768178248468617, 31: 0.9654195513192558, 32: 2.491381345315182, 33: 0.9908472064464654, 34: 6.990622296431474, 35: 1.4742148539370694, 36: 3.970647904054664, 37: 0.4684846523188684, 38: 0.9856408666764014, 39: 2.486515692449673, 40: 1.4755681732054144, 41: 3.4851080525623046, 42: 1.9912096333477474, 43: 1.9742782855342904, 44: 0.48240827254046303, 45: 1.4956417169692198, 46: 0.48351187268145424, 47: 0.49024044581450754, 48: 0.4909308155756471, 49: 1.9907446502998392, 50: 2.483984374115982, 51: 0.9708038754515675, 52: 1.9904426042017185, 53: 1.4800780940819727, 54: 1.4874756597602574, 55: 2.495882360840329, 56: 1.4799413227041711, 57: 0.971480115796783, 58: 0.9801235718349361, 59: 5.46293815138616, 60: 2.47996468715779, 61: 0.9851285538174527, 62: 0.4736163525470083, 63: 0.9902732146357738, 64: 0.9854760264281852, 65: 2.9824659608378123, 66: 1.483832870046709, 67: 3.4837587804550956, 68: 1.4726431865986356, 69: 2.9878456961401043, 70: 0.9852512057320357, 71: 0.9854060231401998, 72: 0.9907671126554489, 73: 3.981633255874159, 74: 1.0, 75: 0.48105212606818987, 76: 2.490827192394451, 77: 4.495190495441323, 78: 0.983773373453761, 79: 2.487845222235969, 80: 2.97579813553188, 81: 0.48243021103179085, 82: 0.985520748120071, 83: 1.4818742039336648, 84: 0.4953489058267635, 85: 0.981488023453168, 86: 1.4826907008567987, 87: 6.976495783331544, 88: 1.9850071779852518, 89: 1.0, 90: 1.491359230947054, 91: 2.974898539388061, 92: 0.4955330401783701, 93: 0.4673930621795007, 94: 7.9783166357246325, 95: 0.9872668715536168, 96: 2.9909050414249014, 97: 0.971772537011361, 98: 3.9777578898873305, 99: 1.0}
2025-01-28 04:32:33 - WARNING  - Sum of s_i: 198.86912251729962
2025-01-28 04:32:51 - WARNING  - Shapley share: {75: -0.3, 46: 0.050000000000000044, 84: -0.10000000000000009, 24: -0.14999999999999986, 89: -0.050000000000000044, 80: -0.20000000000000018, 5: -0.35000000000000003, 38: -0.2500000000000002, 66: -0.5000000000000004, 85: -0.4500000000000004}
2025-01-28 04:32:56 - WARNING  - Epoch:    90. Accuracy: Top-1: 58.62 | Loss: value: 1.15
2025-01-28 04:32:56 - WARNING  - Epoch 90
2025-01-28 04:32:56 - WARNING  - s_i: {0: 1.0, 1: 4.481081436580892, 2: 0.9705603638849171, 3: 0.4950940152376405, 4: 1.4708970843070985, 5: 1.0, 6: 0.4878599568338182, 7: 3.9601499115820475, 8: 2.4806153912767606, 9: 1.0, 10: 1.0, 11: 1.9728754212485389, 12: 0.9909296369480893, 13: 3.4908214957507067, 14: 1.0, 15: 1.0, 16: 2.491565364596415, 17: 3.9718695056446447, 18: 1.9767002955287434, 19: 2.470997125431419, 20: 6.981791408488567, 21: 0.9803343057874757, 22: 6.470405496206142, 23: 0.9717400714853266, 24: 0.9824543749353105, 25: 2.470095453434343, 26: 3.483757781095134, 27: 0.9827558145571675, 28: 0.4817784899318627, 29: 1.0, 30: 1.9768178248468617, 31: 0.9654195513192558, 32: 2.491381345315182, 33: 0.9908472064464654, 34: 6.990622296431474, 35: 1.4742148539370694, 36: 3.970647904054664, 37: 0.4684846523188684, 38: 0.9856408666764014, 39: 2.486515692449673, 40: 1.4755681732054144, 41: 3.4851080525623046, 42: 1.9912096333477474, 43: 1.9742782855342904, 44: 0.48240827254046303, 45: 1.4956417169692198, 46: 0.9793898408518177, 47: 0.49024044581450754, 48: 0.4909308155756471, 49: 1.9907446502998392, 50: 2.483984374115982, 51: 0.9708038754515675, 52: 1.9904426042017185, 53: 1.4800780940819727, 54: 1.4874756597602574, 55: 2.495882360840329, 56: 1.4799413227041711, 57: 0.971480115796783, 58: 0.9801235718349361, 59: 5.46293815138616, 60: 2.47996468715779, 61: 0.9851285538174527, 62: 0.4736163525470083, 63: 0.9902732146357738, 64: 0.9854760264281852, 65: 2.9824659608378123, 66: 1.483832870046709, 67: 3.4837587804550956, 68: 1.4726431865986356, 69: 2.9878456961401043, 70: 0.9852512057320357, 71: 0.9854060231401998, 72: 0.9907671126554489, 73: 3.981633255874159, 74: 1.0, 75: 0.48105212606818987, 76: 2.490827192394451, 77: 4.495190495441323, 78: 0.983773373453761, 79: 2.487845222235969, 80: 0.9717644914538579, 81: 0.48243021103179085, 82: 0.985520748120071, 83: 1.4818742039336648, 84: 0.4953489058267635, 85: 0.981488023453168, 86: 1.4826907008567987, 87: 6.976495783331544, 88: 1.9850071779852518, 89: 0.4951918943468798, 90: 1.491359230947054, 91: 2.974898539388061, 92: 0.4955330401783701, 93: 0.4673930621795007, 94: 7.9783166357246325, 95: 0.9872668715536168, 96: 2.9909050414249014, 97: 0.971772537011361, 98: 3.9777578898873305, 99: 1.0}
2025-01-28 04:32:56 - WARNING  - Sum of s_i: 196.85615873573883
2025-01-28 04:33:00 - WARNING  - The sum of accs: 53.0
2025-01-28 04:33:00 - WARNING  - The welfare is 52.91133394961563
2025-01-28 04:33:16 - WARNING  - Shapley share: {27: -0.20000000000000018, 79: -0.40000000000000036, 38: -0.2500000000000002, 43: -0.3500000000000003, 2: -0.5000000000000004, 40: -0.15000000000000013, 1: -0.5999999999999994, 53: -0.2999999999999997, 15: -0.24999999999999967, 29: -0.19999999999999962}
2025-01-28 04:33:20 - WARNING  - Epoch:    91. Accuracy: Top-1: 60.59 | Loss: value: 1.10
2025-01-28 04:33:20 - WARNING  - Epoch 91
2025-01-28 04:33:20 - WARNING  - s_i: {0: 1.0, 1: 4.481081436580892, 2: 0.9705603638849171, 3: 0.4950940152376405, 4: 1.4708970843070985, 5: 1.0, 6: 0.4878599568338182, 7: 3.9601499115820475, 8: 2.4806153912767606, 9: 1.0, 10: 1.0, 11: 1.9728754212485389, 12: 0.9909296369480893, 13: 3.4908214957507067, 14: 1.0, 15: 1.0, 16: 2.491565364596415, 17: 3.9718695056446447, 18: 1.9767002955287434, 19: 2.470997125431419, 20: 6.981791408488567, 21: 0.9803343057874757, 22: 6.470405496206142, 23: 0.9717400714853266, 24: 0.9824543749353105, 25: 2.470095453434343, 26: 3.483757781095134, 27: 0.9827558145571675, 28: 0.4817784899318627, 29: 1.0, 30: 1.9768178248468617, 31: 0.9654195513192558, 32: 2.491381345315182, 33: 0.9908472064464654, 34: 6.990622296431474, 35: 1.4742148539370694, 36: 3.970647904054664, 37: 0.4684846523188684, 38: 0.9856408666764014, 39: 2.486515692449673, 40: 1.4755681732054144, 41: 3.4851080525623046, 42: 1.9912096333477474, 43: 1.9742782855342904, 44: 0.48240827254046303, 45: 1.4956417169692198, 46: 0.9793898408518177, 47: 0.49024044581450754, 48: 0.4909308155756471, 49: 1.9907446502998392, 50: 2.483984374115982, 51: 0.9708038754515675, 52: 1.9904426042017185, 53: 1.4800780940819727, 54: 1.4874756597602574, 55: 2.495882360840329, 56: 1.4799413227041711, 57: 0.971480115796783, 58: 0.9801235718349361, 59: 5.46293815138616, 60: 2.47996468715779, 61: 0.9851285538174527, 62: 0.4736163525470083, 63: 0.9902732146357738, 64: 0.9854760264281852, 65: 2.9824659608378123, 66: 1.483832870046709, 67: 3.4837587804550956, 68: 1.4726431865986356, 69: 2.9878456961401043, 70: 0.9852512057320357, 71: 0.9854060231401998, 72: 0.9907671126554489, 73: 3.981633255874159, 74: 1.0, 75: 0.48105212606818987, 76: 2.490827192394451, 77: 4.495190495441323, 78: 0.983773373453761, 79: 2.487845222235969, 80: 0.9717644914538579, 81: 0.48243021103179085, 82: 0.985520748120071, 83: 1.4818742039336648, 84: 0.4953489058267635, 85: 0.981488023453168, 86: 1.4826907008567987, 87: 6.976495783331544, 88: 1.9850071779852518, 89: 0.4951918943468798, 90: 1.491359230947054, 91: 2.974898539388061, 92: 0.4955330401783701, 93: 0.4673930621795007, 94: 7.9783166357246325, 95: 0.9872668715536168, 96: 2.9909050414249014, 97: 0.971772537011361, 98: 3.9777578898873305, 99: 1.0}
2025-01-28 04:33:20 - WARNING  - Sum of s_i: 196.85615873573883
2025-01-28 04:33:38 - WARNING  - Shapley share: {9: -0.09999999999999953, 40: 0.09999999999999953, 27: -0.3500000000000003, 36: -0.20000000000000018, 98: -0.10000000000000009, 16: -0.20000000000000018, 49: -0.10000000000000009, 22: 0.15000000000000013, 57: -0.15000000000000013, 47: -0.15000000000000013}
2025-01-28 04:33:43 - WARNING  - Epoch:    92. Accuracy: Top-1: 58.01 | Loss: value: 1.15
2025-01-28 04:33:43 - WARNING  - Epoch 92
2025-01-28 04:33:43 - WARNING  - s_i: {0: 1.0, 1: 4.481081436580892, 2: 0.9705603638849171, 3: 0.4950940152376405, 4: 1.4708970843070985, 5: 1.0, 6: 0.4878599568338182, 7: 3.9601499115820475, 8: 2.4806153912767606, 9: 1.0, 10: 1.0, 11: 1.9728754212485389, 12: 0.9909296369480893, 13: 3.4908214957507067, 14: 1.0, 15: 1.0, 16: 0.4873480468946201, 17: 3.9718695056446447, 18: 1.9767002955287434, 19: 2.470997125431419, 20: 6.981791408488567, 21: 0.9803343057874757, 22: 7.965473078907167, 23: 0.9717400714853266, 24: 0.9824543749353105, 25: 2.470095453434343, 26: 3.483757781095134, 27: 0.9827558145571675, 28: 0.4817784899318627, 29: 1.0, 30: 1.9768178248468617, 31: 0.9654195513192558, 32: 2.491381345315182, 33: 0.9908472064464654, 34: 6.990622296431474, 35: 1.4742148539370694, 36: 1.9657558880637724, 37: 0.4684846523188684, 38: 0.9856408666764014, 39: 2.486515692449673, 40: 2.471496202072978, 41: 3.4851080525623046, 42: 1.9912096333477474, 43: 1.9742782855342904, 44: 0.48240827254046303, 45: 1.4956417169692198, 46: 0.9793898408518177, 47: 0.49024044581450754, 48: 0.4909308155756471, 49: 0.9861169754497574, 50: 2.483984374115982, 51: 0.9708038754515675, 52: 1.9904426042017185, 53: 1.4800780940819727, 54: 1.4874756597602574, 55: 2.495882360840329, 56: 1.4799413227041711, 57: 0.971480115796783, 58: 0.9801235718349361, 59: 5.46293815138616, 60: 2.47996468715779, 61: 0.9851285538174527, 62: 0.4736163525470083, 63: 0.9902732146357738, 64: 0.9854760264281852, 65: 2.9824659608378123, 66: 1.483832870046709, 67: 3.4837587804550956, 68: 1.4726431865986356, 69: 2.9878456961401043, 70: 0.9852512057320357, 71: 0.9854060231401998, 72: 0.9907671126554489, 73: 3.981633255874159, 74: 1.0, 75: 0.48105212606818987, 76: 2.490827192394451, 77: 4.495190495441323, 78: 0.983773373453761, 79: 2.487845222235969, 80: 0.9717644914538579, 81: 0.48243021103179085, 82: 0.985520748120071, 83: 1.4818742039336648, 84: 0.4953489058267635, 85: 0.981488023453168, 86: 1.4826907008567987, 87: 6.976495783331544, 88: 1.9850071779852518, 89: 0.4951918943468798, 90: 1.491359230947054, 91: 2.974898539388061, 92: 0.4955330401783701, 93: 0.4673930621795007, 94: 7.9783166357246325, 95: 0.9872668715536168, 96: 2.9909050414249014, 97: 0.971772537011361, 98: 2.973309467864797, 99: 1.0}
2025-01-28 04:33:43 - WARNING  - Sum of s_i: 193.32896891674213
2025-01-28 04:33:59 - WARNING  - Shapley share: {8: -0.5500000000000003, 95: -0.5000000000000002, 17: -0.3500000000000003, 53: -0.5500000000000003, 44: -0.3500000000000003, 72: -0.15000000000000013, 50: -0.15000000000000013, 86: -0.10000000000000009, 22: -0.15000000000000013, 15: -0.5000000000000002}
2025-01-28 04:34:03 - WARNING  - Epoch:    93. Accuracy: Top-1: 59.59 | Loss: value: 1.13
2025-01-28 04:34:03 - WARNING  - Epoch 93
2025-01-28 04:34:03 - WARNING  - s_i: {0: 1.0, 1: 4.481081436580892, 2: 0.9705603638849171, 3: 0.4950940152376405, 4: 1.4708970843070985, 5: 1.0, 6: 0.4878599568338182, 7: 3.9601499115820475, 8: 2.4806153912767606, 9: 1.0, 10: 1.0, 11: 1.9728754212485389, 12: 0.9909296369480893, 13: 3.4908214957507067, 14: 1.0, 15: 1.0, 16: 0.4873480468946201, 17: 0.46785086359387673, 18: 1.9767002955287434, 19: 2.470997125431419, 20: 6.981791408488567, 21: 0.9803343057874757, 22: 6.4605406616081895, 23: 0.9717400714853266, 24: 0.9824543749353105, 25: 2.470095453434343, 26: 3.483757781095134, 27: 0.9827558145571675, 28: 0.4817784899318627, 29: 1.0, 30: 1.9768178248468617, 31: 0.9654195513192558, 32: 2.491381345315182, 33: 0.9908472064464654, 34: 6.990622296431474, 35: 1.4742148539370694, 36: 1.9657558880637724, 37: 0.4684846523188684, 38: 0.9856408666764014, 39: 2.486515692449673, 40: 2.471496202072978, 41: 3.4851080525623046, 42: 1.9912096333477474, 43: 1.9742782855342904, 44: 0.48240827254046303, 45: 1.4956417169692198, 46: 0.9793898408518177, 47: 0.49024044581450754, 48: 0.4909308155756471, 49: 0.9861169754497574, 50: 0.9799804676449764, 51: 0.9708038754515675, 52: 1.9904426042017185, 53: 1.4800780940819727, 54: 1.4874756597602574, 55: 2.495882360840329, 56: 1.4799413227041711, 57: 0.971480115796783, 58: 0.9801235718349361, 59: 5.46293815138616, 60: 2.47996468715779, 61: 0.9851285538174527, 62: 0.4736163525470083, 63: 0.9902732146357738, 64: 0.9854760264281852, 65: 2.9824659608378123, 66: 1.483832870046709, 67: 3.4837587804550956, 68: 1.4726431865986356, 69: 2.9878456961401043, 70: 0.9852512057320357, 71: 0.9854060231401998, 72: 0.9907671126554489, 73: 3.981633255874159, 74: 1.0, 75: 0.48105212606818987, 76: 2.490827192394451, 77: 4.495190495441323, 78: 0.983773373453761, 79: 2.487845222235969, 80: 0.9717644914538579, 81: 0.48243021103179085, 82: 0.985520748120071, 83: 1.4818742039336648, 84: 0.4953489058267635, 85: 0.981488023453168, 86: 0.47836337607099755, 87: 6.976495783331544, 88: 1.9850071779852518, 89: 0.4951918943468798, 90: 1.491359230947054, 91: 2.974898539388061, 92: 0.4955330401783701, 93: 0.4673930621795007, 94: 7.9783166357246325, 95: 0.9872668715536168, 96: 2.9909050414249014, 97: 0.971772537011361, 98: 2.973309467864797, 99: 1.0}
2025-01-28 04:34:03 - WARNING  - Sum of s_i: 185.81168662613555
2025-01-28 04:34:18 - WARNING  - Shapley share: {35: -0.050000000000000044, 75: 0.050000000000000044, 7: 0.20000000000000018, 88: -0.2500000000000002, 29: -0.2500000000000002, 66: -0.4500000000000001, 82: -0.4500000000000001, 98: -0.3, 45: -0.6500000000000004, 37: -0.6500000000000004}
2025-01-28 04:34:22 - WARNING  - Epoch:    94. Accuracy: Top-1: 59.82 | Loss: value: 1.12
2025-01-28 04:34:22 - WARNING  - Epoch 94
2025-01-28 04:34:22 - WARNING  - s_i: {0: 1.0, 1: 4.481081436580892, 2: 0.9705603638849171, 3: 0.4950940152376405, 4: 1.4708970843070985, 5: 1.0, 6: 0.4878599568338182, 7: 5.955168650529806, 8: 2.4806153912767606, 9: 1.0, 10: 1.0, 11: 1.9728754212485389, 12: 0.9909296369480893, 13: 3.4908214957507067, 14: 1.0, 15: 1.0, 16: 0.4873480468946201, 17: 0.46785086359387673, 18: 1.9767002955287434, 19: 2.470997125431419, 20: 6.981791408488567, 21: 0.9803343057874757, 22: 6.4605406616081895, 23: 0.9717400714853266, 24: 0.9824543749353105, 25: 2.470095453434343, 26: 3.483757781095134, 27: 0.9827558145571675, 28: 0.4817784899318627, 29: 1.0, 30: 1.9768178248468617, 31: 0.9654195513192558, 32: 2.491381345315182, 33: 0.9908472064464654, 34: 6.990622296431474, 35: 0.9699173295932467, 36: 1.9657558880637724, 37: 0.4684846523188684, 38: 0.9856408666764014, 39: 2.486515692449673, 40: 2.471496202072978, 41: 3.4851080525623046, 42: 1.9912096333477474, 43: 1.9742782855342904, 44: 0.48240827254046303, 45: 1.4956417169692198, 46: 0.9793898408518177, 47: 0.49024044581450754, 48: 0.4909308155756471, 49: 0.9861169754497574, 50: 0.9799804676449764, 51: 0.9708038754515675, 52: 1.9904426042017185, 53: 1.4800780940819727, 54: 1.4874756597602574, 55: 2.495882360840329, 56: 1.4799413227041711, 57: 0.971480115796783, 58: 0.9801235718349361, 59: 5.46293815138616, 60: 2.47996468715779, 61: 0.9851285538174527, 62: 0.4736163525470083, 63: 0.9902732146357738, 64: 0.9854760264281852, 65: 2.9824659608378123, 66: 1.483832870046709, 67: 3.4837587804550956, 68: 1.4726431865986356, 69: 2.9878456961401043, 70: 0.9852512057320357, 71: 0.9854060231401998, 72: 0.9907671126554489, 73: 3.981633255874159, 74: 1.0, 75: 0.9763151575852379, 76: 2.490827192394451, 77: 4.495190495441323, 78: 0.983773373453761, 79: 2.487845222235969, 80: 0.9717644914538579, 81: 0.48243021103179085, 82: 0.985520748120071, 83: 1.4818742039336648, 84: 0.4953489058267635, 85: 0.981488023453168, 86: 0.47836337607099755, 87: 6.976495783331544, 88: 1.9850071779852518, 89: 0.4951918943468798, 90: 1.491359230947054, 91: 2.974898539388061, 92: 0.4955330401783701, 93: 0.4673930621795007, 94: 7.9783166357246325, 95: 0.9872668715536168, 96: 2.9909050414249014, 97: 0.971772537011361, 98: 2.973309467864797, 99: 1.0}
2025-01-28 04:34:22 - WARNING  - Sum of s_i: 187.79767087225653
2025-01-28 04:34:40 - WARNING  - Shapley share: {6: -0.20000000000000018, 69: 0.0, 78: 0.10000000000000009, 76: 0.10000000000000009, 80: -0.15000000000000013, 30: 0.0, 77: 0.050000000000000044, 96: -0.20000000000000018, 33: -0.30000000000000027, 36: -0.2500000000000002}
2025-01-28 04:34:44 - WARNING  - Epoch:    95. Accuracy: Top-1: 59.63 | Loss: value: 1.11
2025-01-28 04:34:44 - WARNING  - Epoch 95
2025-01-28 04:34:44 - WARNING  - s_i: {0: 1.0, 1: 4.481081436580892, 2: 0.9705603638849171, 3: 0.4950940152376405, 4: 1.4708970843070985, 5: 1.0, 6: 0.4878599568338182, 7: 5.955168650529806, 8: 2.4806153912767606, 9: 1.0, 10: 1.0, 11: 1.9728754212485389, 12: 0.9909296369480893, 13: 3.4908214957507067, 14: 1.0, 15: 1.0, 16: 0.4873480468946201, 17: 0.46785086359387673, 18: 1.9767002955287434, 19: 2.470997125431419, 20: 6.981791408488567, 21: 0.9803343057874757, 22: 6.4605406616081895, 23: 0.9717400714853266, 24: 0.9824543749353105, 25: 2.470095453434343, 26: 3.483757781095134, 27: 0.9827558145571675, 28: 0.4817784899318627, 29: 1.0, 30: 1.9721813898162341, 31: 0.9654195513192558, 32: 2.491381345315182, 33: 0.9908472064464654, 34: 6.990622296431474, 35: 0.9699173295932467, 36: 1.9657558880637724, 37: 0.4684846523188684, 38: 0.9856408666764014, 39: 2.486515692449673, 40: 2.471496202072978, 41: 3.4851080525623046, 42: 1.9912096333477474, 43: 1.9742782855342904, 44: 0.48240827254046303, 45: 1.4956417169692198, 46: 0.9793898408518177, 47: 0.49024044581450754, 48: 0.4909308155756471, 49: 0.9861169754497574, 50: 0.9799804676449764, 51: 0.9708038754515675, 52: 1.9904426042017185, 53: 1.4800780940819727, 54: 1.4874756597602574, 55: 2.495882360840329, 56: 1.4799413227041711, 57: 0.971480115796783, 58: 0.9801235718349361, 59: 5.46293815138616, 60: 2.47996468715779, 61: 0.9851285538174527, 62: 0.4736163525470083, 63: 0.9902732146357738, 64: 0.9854760264281852, 65: 2.9824659608378123, 66: 1.483832870046709, 67: 3.4837587804550956, 68: 1.4726431865986356, 69: 2.983794261520142, 70: 0.9852512057320357, 71: 0.9854060231401998, 72: 0.9907671126554489, 73: 3.981633255874159, 74: 1.0, 75: 0.9763151575852379, 76: 3.486240788591678, 77: 4.990380990882646, 78: 1.979716716817203, 79: 2.487845222235969, 80: 0.9717644914538579, 81: 0.48243021103179085, 82: 0.985520748120071, 83: 1.4818742039336648, 84: 0.4953489058267635, 85: 0.981488023453168, 86: 0.47836337607099755, 87: 6.976495783331544, 88: 1.9850071779852518, 89: 0.4951918943468798, 90: 1.491359230947054, 91: 2.974898539388061, 92: 0.4955330401783701, 93: 0.4673930621795007, 94: 7.9783166357246325, 95: 0.9872668715536168, 96: 0.9863575621373508, 97: 0.971772537011361, 98: 2.973309467864797, 99: 1.0}
2025-01-28 04:34:44 - WARNING  - Sum of s_i: 188.2709829583204
2025-01-28 04:34:59 - WARNING  - Shapley share: {93: 0.20000000000000018, 11: 0.10000000000000009, 14: 0.3500000000000003, 58: -0.34999999999999976, 69: -0.30000000000000027, 68: -0.6499999999999995, 6: -0.5499999999999994, 23: -0.3499999999999992, 3: 5.551115123125783e-16, 12: -0.04999999999999949}
2025-01-28 04:35:03 - WARNING  - Epoch:    96. Accuracy: Top-1: 61.27 | Loss: value: 1.08
2025-01-28 04:35:03 - WARNING  - Epoch 96
2025-01-28 04:35:03 - WARNING  - s_i: {0: 1.0, 1: 4.481081436580892, 2: 0.9705603638849171, 3: 0.4901880304752843, 4: 1.4708970843070985, 5: 1.0, 6: 0.4878599568338182, 7: 5.955168650529806, 8: 2.4806153912767606, 9: 1.0, 10: 1.0, 11: 2.968354658123297, 12: 0.48639445542214055, 13: 3.4908214957507067, 14: 4.495622557055686, 15: 1.0, 16: 0.4873480468946201, 17: 0.46785086359387673, 18: 1.9767002955287434, 19: 2.470997125431419, 20: 6.981791408488567, 21: 0.9803343057874757, 22: 6.4605406616081895, 23: 0.9717400714853266, 24: 0.9824543749353105, 25: 2.470095453434343, 26: 3.483757781095134, 27: 0.9827558145571675, 28: 0.4817784899318627, 29: 1.0, 30: 1.9721813898162341, 31: 0.9654195513192558, 32: 2.491381345315182, 33: 0.9908472064464654, 34: 6.990622296431474, 35: 0.9699173295932467, 36: 1.9657558880637724, 37: 0.4684846523188684, 38: 0.9856408666764014, 39: 2.486515692449673, 40: 2.471496202072978, 41: 3.4851080525623046, 42: 1.9912096333477474, 43: 1.9742782855342904, 44: 0.48240827254046303, 45: 1.4956417169692198, 46: 0.9793898408518177, 47: 0.49024044581450754, 48: 0.4909308155756471, 49: 0.9861169754497574, 50: 0.9799804676449764, 51: 0.9708038754515675, 52: 1.9904426042017185, 53: 1.4800780940819727, 54: 1.4874756597602574, 55: 2.495882360840329, 56: 1.4799413227041711, 57: 0.971480115796783, 58: 0.9801235718349361, 59: 5.46293815138616, 60: 2.47996468715779, 61: 0.9851285538174527, 62: 0.4736163525470083, 63: 0.9902732146357738, 64: 0.9854760264281852, 65: 2.9824659608378123, 66: 1.483832870046709, 67: 3.4837587804550956, 68: 1.4726431865986356, 69: 2.983794261520142, 70: 0.9852512057320357, 71: 0.9854060231401998, 72: 0.9907671126554489, 73: 3.981633255874159, 74: 1.0, 75: 0.9763151575852379, 76: 3.486240788591678, 77: 4.990380990882646, 78: 1.979716716817203, 79: 2.487845222235969, 80: 0.9717644914538579, 81: 0.48243021103179085, 82: 0.985520748120071, 83: 1.4818742039336648, 84: 0.4953489058267635, 85: 0.981488023453168, 86: 0.47836337607099755, 87: 6.976495783331544, 88: 1.9850071779852518, 89: 0.4951918943468798, 90: 1.491359230947054, 91: 2.974898539388061, 92: 0.4955330401783701, 93: 2.462734928205145, 94: 7.9783166357246325, 95: 0.9872668715536168, 96: 0.9863575621373508, 97: 0.971772537011361, 98: 2.973309467864797, 99: 1.0}
2025-01-28 04:35:03 - WARNING  - Sum of s_i: 194.24798545198817
2025-01-28 04:35:18 - WARNING  - Shapley share: {12: -0.2500000000000002, 6: -0.30000000000000027, 84: 0.0, 52: 0.09999999999999953, 74: -5.551115123125783e-16, 75: -0.3500000000000003, 89: -0.7500000000000004, 76: -0.4500000000000004, 19: -0.6500000000000006, 16: -0.3500000000000003}
2025-01-28 04:35:23 - WARNING  - Epoch:    97. Accuracy: Top-1: 61.26 | Loss: value: 1.08
2025-01-28 04:35:23 - WARNING  - Epoch 97
2025-01-28 04:35:23 - WARNING  - s_i: {0: 1.0, 1: 4.481081436580892, 2: 0.9705603638849171, 3: 0.4901880304752843, 4: 1.4708970843070985, 5: 1.0, 6: 0.4878599568338182, 7: 5.955168650529806, 8: 2.4806153912767606, 9: 1.0, 10: 1.0, 11: 2.968354658123297, 12: 0.48639445542214055, 13: 3.4908214957507067, 14: 4.495622557055686, 15: 1.0, 16: 0.4873480468946201, 17: 0.46785086359387673, 18: 1.9767002955287434, 19: 2.470997125431419, 20: 6.981791408488567, 21: 0.9803343057874757, 22: 6.4605406616081895, 23: 0.9717400714853266, 24: 0.9824543749353105, 25: 2.470095453434343, 26: 3.483757781095134, 27: 0.9827558145571675, 28: 0.4817784899318627, 29: 1.0, 30: 1.9721813898162341, 31: 0.9654195513192558, 32: 2.491381345315182, 33: 0.9908472064464654, 34: 6.990622296431474, 35: 0.9699173295932467, 36: 1.9657558880637724, 37: 0.4684846523188684, 38: 0.9856408666764014, 39: 2.486515692449673, 40: 2.471496202072978, 41: 3.4851080525623046, 42: 1.9912096333477474, 43: 1.9742782855342904, 44: 0.48240827254046303, 45: 1.4956417169692198, 46: 0.9793898408518177, 47: 0.49024044581450754, 48: 0.4909308155756471, 49: 0.9861169754497574, 50: 0.9799804676449764, 51: 0.9708038754515675, 52: 2.985663906302574, 53: 1.4800780940819727, 54: 1.4874756597602574, 55: 2.495882360840329, 56: 1.4799413227041711, 57: 0.971480115796783, 58: 0.9801235718349361, 59: 5.46293815138616, 60: 2.47996468715779, 61: 0.9851285538174527, 62: 0.4736163525470083, 63: 0.9902732146357738, 64: 0.9854760264281852, 65: 2.9824659608378123, 66: 1.483832870046709, 67: 3.4837587804550956, 68: 1.4726431865986356, 69: 2.983794261520142, 70: 0.9852512057320357, 71: 0.9854060231401998, 72: 0.9907671126554489, 73: 3.981633255874159, 74: 0.995846013978878, 75: 0.9763151575852379, 76: 3.486240788591678, 77: 4.990380990882646, 78: 1.979716716817203, 79: 2.487845222235969, 80: 0.9717644914538579, 81: 0.48243021103179085, 82: 0.985520748120071, 83: 1.4818742039336648, 84: 0.49069781165352744, 85: 0.981488023453168, 86: 0.47836337607099755, 87: 6.976495783331544, 88: 1.9850071779852518, 89: 0.4951918943468798, 90: 1.491359230947054, 91: 2.974898539388061, 92: 0.4955330401783701, 93: 2.462734928205145, 94: 7.9783166357246325, 95: 0.9872668715536168, 96: 0.9863575621373508, 97: 0.971772537011361, 98: 2.973309467864797, 99: 1.0}
2025-01-28 04:35:23 - WARNING  - Sum of s_i: 195.23440167389467
2025-01-28 04:35:39 - WARNING  - Shapley share: {99: -0.4500000000000004, 28: -0.2500000000000002, 61: -0.30000000000000027, 59: -0.7000000000000001, 52: -0.8999999999999999, 71: -0.3500000000000003, 46: -0.5500000000000003, 67: -0.5499999999999996, 31: -0.5999999999999996, 79: -0.7000000000000006}
2025-01-28 04:35:44 - WARNING  - Epoch:    98. Accuracy: Top-1: 59.70 | Loss: value: 1.11
2025-01-28 04:35:44 - WARNING  - Epoch 98
2025-01-28 04:35:44 - WARNING  - s_i: {0: 1.0, 1: 4.481081436580892, 2: 0.9705603638849171, 3: 0.4901880304752843, 4: 1.4708970843070985, 5: 1.0, 6: 0.4878599568338182, 7: 5.955168650529806, 8: 2.4806153912767606, 9: 1.0, 10: 1.0, 11: 2.968354658123297, 12: 0.48639445542214055, 13: 3.4908214957507067, 14: 4.495622557055686, 15: 1.0, 16: 0.4873480468946201, 17: 0.46785086359387673, 18: 1.9767002955287434, 19: 2.470997125431419, 20: 6.981791408488567, 21: 0.9803343057874757, 22: 6.4605406616081895, 23: 0.9717400714853266, 24: 0.9824543749353105, 25: 2.470095453434343, 26: 3.483757781095134, 27: 0.9827558145571675, 28: 0.4817784899318627, 29: 1.0, 30: 1.9721813898162341, 31: 0.9654195513192558, 32: 2.491381345315182, 33: 0.9908472064464654, 34: 6.990622296431474, 35: 0.9699173295932467, 36: 1.9657558880637724, 37: 0.4684846523188684, 38: 0.9856408666764014, 39: 2.486515692449673, 40: 2.471496202072978, 41: 3.4851080525623046, 42: 1.9912096333477474, 43: 1.9742782855342904, 44: 0.48240827254046303, 45: 1.4956417169692198, 46: 0.9793898408518177, 47: 0.49024044581450754, 48: 0.4909308155756471, 49: 0.9861169754497574, 50: 0.9799804676449764, 51: 0.9708038754515675, 52: 2.985663906302574, 53: 1.4800780940819727, 54: 1.4874756597602574, 55: 2.495882360840329, 56: 1.4799413227041711, 57: 0.971480115796783, 58: 0.9801235718349361, 59: 5.46293815138616, 60: 2.47996468715779, 61: 0.9851285538174527, 62: 0.4736163525470083, 63: 0.9902732146357738, 64: 0.9854760264281852, 65: 2.9824659608378123, 66: 1.483832870046709, 67: 3.4837587804550956, 68: 1.4726431865986356, 69: 2.983794261520142, 70: 0.9852512057320357, 71: 0.9854060231401998, 72: 0.9907671126554489, 73: 3.981633255874159, 74: 0.995846013978878, 75: 0.9763151575852379, 76: 3.486240788591678, 77: 4.990380990882646, 78: 1.979716716817203, 79: 2.487845222235969, 80: 0.9717644914538579, 81: 0.48243021103179085, 82: 0.985520748120071, 83: 1.4818742039336648, 84: 0.49069781165352744, 85: 0.981488023453168, 86: 0.47836337607099755, 87: 6.976495783331544, 88: 1.9850071779852518, 89: 0.4951918943468798, 90: 1.491359230947054, 91: 2.974898539388061, 92: 0.4955330401783701, 93: 2.462734928205145, 94: 7.9783166357246325, 95: 0.9872668715536168, 96: 0.9863575621373508, 97: 0.971772537011361, 98: 2.973309467864797, 99: 1.0}
2025-01-28 04:35:44 - WARNING  - Sum of s_i: 195.23440167389467
2025-01-28 04:35:58 - WARNING  - Shapley share: {33: -0.20000000000000018, 8: -0.20000000000000018, 51: -0.3500000000000003, 19: -0.20000000000000018, 9: -0.3500000000000003, 64: -0.050000000000000044, 17: -0.2500000000000002, 58: -0.15000000000000013, 48: -0.40000000000000036, 16: -0.30000000000000027}
2025-01-28 04:36:03 - WARNING  - Epoch:    99. Accuracy: Top-1: 59.64 | Loss: value: 1.11
2025-01-28 04:36:03 - WARNING  - Epoch 99
2025-01-28 04:36:03 - WARNING  - s_i: {0: 1.0, 1: 4.481081436580892, 2: 0.9705603638849171, 3: 0.4901880304752843, 4: 1.4708970843070985, 5: 1.0, 6: 0.4878599568338182, 7: 5.955168650529806, 8: 0.4757692390959489, 9: 1.0, 10: 1.0, 11: 2.968354658123297, 12: 0.48639445542214055, 13: 3.4908214957507067, 14: 4.495622557055686, 15: 1.0, 16: 0.4873480468946201, 17: 0.46785086359387673, 18: 1.9767002955287434, 19: 0.4668538576359067, 20: 6.981791408488567, 21: 0.9803343057874757, 22: 6.4605406616081895, 23: 0.9717400714853266, 24: 0.9824543749353105, 25: 2.470095453434343, 26: 3.483757781095134, 27: 0.9827558145571675, 28: 0.4817784899318627, 29: 1.0, 30: 1.9721813898162341, 31: 0.9654195513192558, 32: 2.491381345315182, 33: 0.9908472064464654, 34: 6.990622296431474, 35: 0.9699173295932467, 36: 1.9657558880637724, 37: 0.4684846523188684, 38: 0.9856408666764014, 39: 2.486515692449673, 40: 2.471496202072978, 41: 3.4851080525623046, 42: 1.9912096333477474, 43: 1.9742782855342904, 44: 0.48240827254046303, 45: 1.4956417169692198, 46: 0.9793898408518177, 47: 0.49024044581450754, 48: 0.4909308155756471, 49: 0.9861169754497574, 50: 0.9799804676449764, 51: 0.9708038754515675, 52: 2.985663906302574, 53: 1.4800780940819727, 54: 1.4874756597602574, 55: 2.495882360840329, 56: 1.4799413227041711, 57: 0.971480115796783, 58: 0.9801235718349361, 59: 5.46293815138616, 60: 2.47996468715779, 61: 0.9851285538174527, 62: 0.4736163525470083, 63: 0.9902732146357738, 64: 0.4806347019042474, 65: 2.9824659608378123, 66: 1.483832870046709, 67: 3.4837587804550956, 68: 1.4726431865986356, 69: 2.983794261520142, 70: 0.9852512057320357, 71: 0.9854060231401998, 72: 0.9907671126554489, 73: 3.981633255874159, 74: 0.995846013978878, 75: 0.9763151575852379, 76: 3.486240788591678, 77: 4.990380990882646, 78: 1.979716716817203, 79: 2.487845222235969, 80: 0.9717644914538579, 81: 0.48243021103179085, 82: 0.985520748120071, 83: 1.4818742039336648, 84: 0.49069781165352744, 85: 0.981488023453168, 86: 0.47836337607099755, 87: 6.976495783331544, 88: 1.9850071779852518, 89: 0.4951918943468798, 90: 1.491359230947054, 91: 2.974898539388061, 92: 0.4955330401783701, 93: 2.462734928205145, 94: 7.9783166357246325, 95: 0.9872668715536168, 96: 0.9863575621373508, 97: 0.971772537011361, 98: 2.973309467864797, 99: 1.0}
2025-01-28 04:36:03 - WARNING  - Sum of s_i: 190.72057092939443
2025-01-28 04:36:21 - WARNING  - Shapley share: {0: 0.19999999999999962, 8: 0.24999999999999967, 94: 0.4999999999999999, 18: 0.050000000000000044, 67: 0.10000000000000009, 13: 0.2500000000000002, 43: 0.15000000000000013, 33: 0.2500000000000002, 91: -0.10000000000000009, 25: 0.15000000000000013}
2025-01-28 04:36:25 - WARNING  - Epoch:   100. Accuracy: Top-1: 59.17 | Loss: value: 1.12
2025-01-28 04:36:25 - WARNING  - Epoch 100
2025-01-28 04:36:25 - WARNING  - s_i: {0: 2.9956922547855234, 1: 4.481081436580892, 2: 0.9705603638849171, 3: 0.4901880304752843, 4: 1.4708970843070985, 5: 1.0, 6: 0.4878599568338182, 7: 5.955168650529806, 8: 2.9709230869151355, 9: 1.0, 10: 1.0, 11: 2.968354658123297, 12: 0.48639445542214055, 13: 5.986232243626062, 14: 4.495622557055686, 15: 1.0, 16: 0.4873480468946201, 17: 0.46785086359387673, 18: 2.4720403546344913, 19: 0.4668538576359067, 20: 6.981791408488567, 21: 0.9803343057874757, 22: 6.4605406616081895, 23: 0.9717400714853266, 24: 0.9824543749353105, 25: 3.9651113623400684, 26: 3.483757781095134, 27: 0.9827558145571675, 28: 0.4817784899318627, 29: 1.0, 30: 1.9721813898162341, 31: 0.9654195513192558, 32: 2.491381345315182, 33: 3.486270809669699, 34: 6.990622296431474, 35: 0.9699173295932467, 36: 1.9657558880637724, 37: 0.4684846523188684, 38: 0.9856408666764014, 39: 2.486515692449673, 40: 2.471496202072978, 41: 3.4851080525623046, 42: 1.9912096333477474, 43: 3.4699913331233416, 44: 0.48240827254046303, 45: 1.4956417169692198, 46: 0.9793898408518177, 47: 0.49024044581450754, 48: 0.4909308155756471, 49: 0.9861169754497574, 50: 0.9799804676449764, 51: 0.9708038754515675, 52: 2.985663906302574, 53: 1.4800780940819727, 54: 1.4874756597602574, 55: 2.495882360840329, 56: 1.4799413227041711, 57: 0.971480115796783, 58: 0.9801235718349361, 59: 5.46293815138616, 60: 2.47996468715779, 61: 0.9851285538174527, 62: 0.4736163525470083, 63: 0.9902732146357738, 64: 0.4806347019042474, 65: 2.9824659608378123, 66: 1.483832870046709, 67: 4.479698475568871, 68: 1.4726431865986356, 69: 2.983794261520142, 70: 0.9852512057320357, 71: 0.9854060231401998, 72: 0.9907671126554489, 73: 3.981633255874159, 74: 0.995846013978878, 75: 0.9763151575852379, 76: 3.486240788591678, 77: 4.990380990882646, 78: 1.979716716817203, 79: 2.487845222235969, 80: 0.9717644914538579, 81: 0.48243021103179085, 82: 0.985520748120071, 83: 1.4818742039336648, 84: 0.49069781165352744, 85: 0.981488023453168, 86: 0.47836337607099755, 87: 6.976495783331544, 88: 1.9850071779852518, 89: 0.4951918943468798, 90: 1.491359230947054, 91: 1.9707149626194027, 92: 0.4955330401783701, 93: 2.462734928205145, 94: 7.9783166357246325, 95: 0.9872668715536168, 96: 0.9863575621373508, 97: 0.971772537011361, 98: 2.973309467864797, 99: 1.0}
2025-01-28 04:36:25 - WARNING  - Sum of s_i: 203.68007651704335
2025-01-28 04:36:31 - WARNING  - The sum of accs: 52.0
2025-01-28 04:36:31 - WARNING  - The welfare is 51.90785963970393
2025-01-28 04:36:46 - WARNING  - Shapley share: {70: -0.10000000000000009, 51: 0.15000000000000013, 62: 0.2500000000000002, 79: 0.0, 45: -0.050000000000000044, 12: -0.050000000000000044, 18: -0.20000000000000018, 17: -0.050000000000000044, 1: -0.6500000000000004, 82: -0.3}
2025-01-28 04:36:51 - WARNING  - Epoch:   101. Accuracy: Top-1: 60.32 | Loss: value: 1.09
2025-01-28 04:36:51 - WARNING  - Epoch 101
2025-01-28 04:36:51 - WARNING  - s_i: {0: 2.9956922547855234, 1: 4.481081436580892, 2: 0.9705603638849171, 3: 0.4901880304752843, 4: 1.4708970843070985, 5: 1.0, 6: 0.4878599568338182, 7: 5.955168650529806, 8: 2.9709230869151355, 9: 1.0, 10: 1.0, 11: 2.968354658123297, 12: 0.48639445542214055, 13: 5.986232243626062, 14: 4.495622557055686, 15: 1.0, 16: 0.4873480468946201, 17: 0.46785086359387673, 18: 0.46738041374023753, 19: 0.4668538576359067, 20: 6.981791408488567, 21: 0.9803343057874757, 22: 6.4605406616081895, 23: 0.9717400714853266, 24: 0.9824543749353105, 25: 3.9651113623400684, 26: 3.483757781095134, 27: 0.9827558145571675, 28: 0.4817784899318627, 29: 1.0, 30: 1.9721813898162341, 31: 0.9654195513192558, 32: 2.491381345315182, 33: 3.486270809669699, 34: 6.990622296431474, 35: 0.9699173295932467, 36: 1.9657558880637724, 37: 0.4684846523188684, 38: 0.9856408666764014, 39: 2.486515692449673, 40: 2.471496202072978, 41: 3.4851080525623046, 42: 1.9912096333477474, 43: 3.4699913331233416, 44: 0.48240827254046303, 45: 0.9912834339384387, 46: 0.9793898408518177, 47: 0.49024044581450754, 48: 0.4909308155756471, 49: 0.9861169754497574, 50: 0.9799804676449764, 51: 2.466633000516078, 52: 2.985663906302574, 53: 1.4800780940819727, 54: 1.4874756597602574, 55: 2.495882360840329, 56: 1.4799413227041711, 57: 0.971480115796783, 58: 0.9801235718349361, 59: 5.46293815138616, 60: 2.47996468715779, 61: 0.9851285538174527, 62: 2.9692190779715117, 63: 0.9902732146357738, 64: 0.4806347019042474, 65: 2.9824659608378123, 66: 1.483832870046709, 67: 4.479698475568871, 68: 1.4726431865986356, 69: 2.983794261520142, 70: 0.9852512057320357, 71: 0.9854060231401998, 72: 0.9907671126554489, 73: 3.981633255874159, 74: 0.995846013978878, 75: 0.9763151575852379, 76: 3.486240788591678, 77: 4.990380990882646, 78: 1.979716716817203, 79: 2.4837936296479564, 80: 0.9717644914538579, 81: 0.48243021103179085, 82: 0.985520748120071, 83: 1.4818742039336648, 84: 0.49069781165352744, 85: 0.981488023453168, 86: 0.47836337607099755, 87: 6.976495783331544, 88: 1.9850071779852518, 89: 0.4951918943468798, 90: 1.491359230947054, 91: 1.9707149626194027, 92: 0.4955330401783701, 93: 2.462734928205145, 94: 7.9783166357246325, 95: 0.9872668715536168, 96: 0.9863575621373508, 97: 0.971772537011361, 98: 2.973309467864797, 99: 1.0}
2025-01-28 04:36:51 - WARNING  - Sum of s_i: 205.15843855101932
2025-01-28 04:37:07 - WARNING  - Shapley share: {93: -0.10000000000000009, 52: -0.6000000000000005, 81: -0.30000000000000027, 20: -0.6000000000000003, 53: 0.050000000000000044, 30: 0.15000000000000013, 84: 0.15000000000000013, 3: 0.10000000000000009, 67: -0.20000000000000018, 27: -0.20000000000000018}
2025-01-28 04:37:11 - WARNING  - Epoch:   102. Accuracy: Top-1: 59.65 | Loss: value: 1.10
2025-01-28 04:37:11 - WARNING  - Epoch 102
2025-01-28 04:37:11 - WARNING  - s_i: {0: 2.9956922547855234, 1: 4.481081436580892, 2: 0.9705603638849171, 3: 1.4852820457129234, 4: 1.4708970843070985, 5: 1.0, 6: 0.4878599568338182, 7: 5.955168650529806, 8: 2.9709230869151355, 9: 1.0, 10: 1.0, 11: 2.968354658123297, 12: 0.48639445542214055, 13: 5.986232243626062, 14: 4.495622557055686, 15: 1.0, 16: 0.4873480468946201, 17: 0.46785086359387673, 18: 0.46738041374023753, 19: 0.4668538576359067, 20: 0.9772392606107037, 21: 0.9803343057874757, 22: 6.4605406616081895, 23: 0.9717400714853266, 24: 0.9824543749353105, 25: 3.9651113623400684, 26: 3.483757781095134, 27: 0.9827558145571675, 28: 0.4817784899318627, 29: 1.0, 30: 3.467544954785608, 31: 0.9654195513192558, 32: 2.491381345315182, 33: 3.486270809669699, 34: 6.990622296431474, 35: 0.9699173295932467, 36: 1.9657558880637724, 37: 0.4684846523188684, 38: 0.9856408666764014, 39: 2.486515692449673, 40: 2.471496202072978, 41: 3.4851080525623046, 42: 1.9912096333477474, 43: 3.4699913331233416, 44: 0.48240827254046303, 45: 0.9912834339384387, 46: 0.9793898408518177, 47: 0.49024044581450754, 48: 0.4909308155756471, 49: 0.9861169754497574, 50: 0.9799804676449764, 51: 2.466633000516078, 52: 2.985663906302574, 53: 1.9750976176024668, 54: 1.4874756597602574, 55: 2.495882360840329, 56: 1.4799413227041711, 57: 0.971480115796783, 58: 0.9801235718349361, 59: 5.46293815138616, 60: 2.47996468715779, 61: 0.9851285538174527, 62: 2.9692190779715117, 63: 0.9902732146357738, 64: 0.4806347019042474, 65: 2.9824659608378123, 66: 1.483832870046709, 67: 2.4756381706826445, 68: 1.4726431865986356, 69: 2.983794261520142, 70: 0.9852512057320357, 71: 0.9854060231401998, 72: 0.9907671126554489, 73: 3.981633255874159, 74: 0.995846013978878, 75: 0.9763151575852379, 76: 3.486240788591678, 77: 4.990380990882646, 78: 1.979716716817203, 79: 2.4837936296479564, 80: 0.9717644914538579, 81: 0.48243021103179085, 82: 0.985520748120071, 83: 1.4818742039336648, 84: 1.9860467174802927, 85: 0.981488023453168, 86: 0.47836337607099755, 87: 6.976495783331544, 88: 1.9850071779852518, 89: 0.4951918943468798, 90: 1.491359230947054, 91: 1.9707149626194027, 92: 0.4955330401783701, 93: 1.4580767942307866, 94: 7.9783166357246325, 95: 0.9872668715536168, 96: 0.9863575621373508, 97: 0.971772537011361, 98: 2.973309467864797, 99: 1.0}
2025-01-28 04:37:11 - WARNING  - Sum of s_i: 200.62599397383514
2025-01-28 04:37:28 - WARNING  - Shapley share: {39: -0.3500000000000003, 3: -0.20000000000000018, 38: -0.20000000000000018, 93: -0.6999999999999998, 16: -0.6999999999999997, 43: -0.3999999999999998, 89: -0.2999999999999997, 8: -0.5000000000000004, 69: -1.0000000000000004, 58: -0.8500000000000005}
2025-01-28 04:37:33 - WARNING  - Epoch:   103. Accuracy: Top-1: 60.67 | Loss: value: 1.08
2025-01-28 04:37:33 - WARNING  - Epoch 103
2025-01-28 04:37:33 - WARNING  - s_i: {0: 2.9956922547855234, 1: 4.481081436580892, 2: 0.9705603638849171, 3: 1.4852820457129234, 4: 1.4708970843070985, 5: 1.0, 6: 0.4878599568338182, 7: 5.955168650529806, 8: 2.9709230869151355, 9: 1.0, 10: 1.0, 11: 2.968354658123297, 12: 0.48639445542214055, 13: 5.986232243626062, 14: 4.495622557055686, 15: 1.0, 16: 0.4873480468946201, 17: 0.46785086359387673, 18: 0.46738041374023753, 19: 0.4668538576359067, 20: 0.9772392606107037, 21: 0.9803343057874757, 22: 6.4605406616081895, 23: 0.9717400714853266, 24: 0.9824543749353105, 25: 3.9651113623400684, 26: 3.483757781095134, 27: 0.9827558145571675, 28: 0.4817784899318627, 29: 1.0, 30: 3.467544954785608, 31: 0.9654195513192558, 32: 2.491381345315182, 33: 3.486270809669699, 34: 6.990622296431474, 35: 0.9699173295932467, 36: 1.9657558880637724, 37: 0.4684846523188684, 38: 0.9856408666764014, 39: 2.486515692449673, 40: 2.471496202072978, 41: 3.4851080525623046, 42: 1.9912096333477474, 43: 3.4699913331233416, 44: 0.48240827254046303, 45: 0.9912834339384387, 46: 0.9793898408518177, 47: 0.49024044581450754, 48: 0.4909308155756471, 49: 0.9861169754497574, 50: 0.9799804676449764, 51: 2.466633000516078, 52: 2.985663906302574, 53: 1.9750976176024668, 54: 1.4874756597602574, 55: 2.495882360840329, 56: 1.4799413227041711, 57: 0.971480115796783, 58: 0.9801235718349361, 59: 5.46293815138616, 60: 2.47996468715779, 61: 0.9851285538174527, 62: 2.9692190779715117, 63: 0.9902732146357738, 64: 0.4806347019042474, 65: 2.9824659608378123, 66: 1.483832870046709, 67: 2.4756381706826445, 68: 1.4726431865986356, 69: 2.983794261520142, 70: 0.9852512057320357, 71: 0.9854060231401998, 72: 0.9907671126554489, 73: 3.981633255874159, 74: 0.995846013978878, 75: 0.9763151575852379, 76: 3.486240788591678, 77: 4.990380990882646, 78: 1.979716716817203, 79: 2.4837936296479564, 80: 0.9717644914538579, 81: 0.48243021103179085, 82: 0.985520748120071, 83: 1.4818742039336648, 84: 1.9860467174802927, 85: 0.981488023453168, 86: 0.47836337607099755, 87: 6.976495783331544, 88: 1.9850071779852518, 89: 0.4951918943468798, 90: 1.491359230947054, 91: 1.9707149626194027, 92: 0.4955330401783701, 93: 1.4580767942307866, 94: 7.9783166357246325, 95: 0.9872668715536168, 96: 0.9863575621373508, 97: 0.971772537011361, 98: 2.973309467864797, 99: 1.0}
2025-01-28 04:37:33 - WARNING  - Sum of s_i: 200.62599397383514
2025-01-28 04:37:49 - WARNING  - Shapley share: {48: 0.19999999999999907, 55: -0.4499999999999993, 81: -0.4999999999999999, 90: -0.2999999999999997, 58: -0.44999999999999984, 8: -0.34999999999999976, 7: -0.7500000000000007, 12: -0.30000000000000027, 30: -1.2, 31: -0.7000000000000001}
2025-01-28 04:37:53 - WARNING  - Epoch:   104. Accuracy: Top-1: 61.31 | Loss: value: 1.07
2025-01-28 04:37:53 - WARNING  - Epoch 104
2025-01-28 04:37:53 - WARNING  - s_i: {0: 2.9956922547855234, 1: 4.481081436580892, 2: 0.9705603638849171, 3: 1.4852820457129234, 4: 1.4708970843070985, 5: 1.0, 6: 0.4878599568338182, 7: 5.955168650529806, 8: 2.9709230869151355, 9: 1.0, 10: 1.0, 11: 2.968354658123297, 12: 0.48639445542214055, 13: 5.986232243626062, 14: 4.495622557055686, 15: 1.0, 16: 0.4873480468946201, 17: 0.46785086359387673, 18: 0.46738041374023753, 19: 0.4668538576359067, 20: 0.9772392606107037, 21: 0.9803343057874757, 22: 6.4605406616081895, 23: 0.9717400714853266, 24: 0.9824543749353105, 25: 3.9651113623400684, 26: 3.483757781095134, 27: 0.9827558145571675, 28: 0.4817784899318627, 29: 1.0, 30: 3.467544954785608, 31: 0.9654195513192558, 32: 2.491381345315182, 33: 3.486270809669699, 34: 6.990622296431474, 35: 0.9699173295932467, 36: 1.9657558880637724, 37: 0.4684846523188684, 38: 0.9856408666764014, 39: 2.486515692449673, 40: 2.471496202072978, 41: 3.4851080525623046, 42: 1.9912096333477474, 43: 3.4699913331233416, 44: 0.48240827254046303, 45: 0.9912834339384387, 46: 0.9793898408518177, 47: 0.49024044581450754, 48: 2.4863962233634616, 49: 0.9861169754497574, 50: 0.9799804676449764, 51: 2.466633000516078, 52: 2.985663906302574, 53: 1.9750976176024668, 54: 1.4874756597602574, 55: 2.495882360840329, 56: 1.4799413227041711, 57: 0.971480115796783, 58: 0.9801235718349361, 59: 5.46293815138616, 60: 2.47996468715779, 61: 0.9851285538174527, 62: 2.9692190779715117, 63: 0.9902732146357738, 64: 0.4806347019042474, 65: 2.9824659608378123, 66: 1.483832870046709, 67: 2.4756381706826445, 68: 1.4726431865986356, 69: 2.983794261520142, 70: 0.9852512057320357, 71: 0.9854060231401998, 72: 0.9907671126554489, 73: 3.981633255874159, 74: 0.995846013978878, 75: 0.9763151575852379, 76: 3.486240788591678, 77: 4.990380990882646, 78: 1.979716716817203, 79: 2.4837936296479564, 80: 0.9717644914538579, 81: 0.48243021103179085, 82: 0.985520748120071, 83: 1.4818742039336648, 84: 1.9860467174802927, 85: 0.981488023453168, 86: 0.47836337607099755, 87: 6.976495783331544, 88: 1.9850071779852518, 89: 0.4951918943468798, 90: 1.491359230947054, 91: 1.9707149626194027, 92: 0.4955330401783701, 93: 1.4580767942307866, 94: 7.9783166357246325, 95: 0.9872668715536168, 96: 0.9863575621373508, 97: 0.971772537011361, 98: 2.973309467864797, 99: 1.0}
2025-01-28 04:37:53 - WARNING  - Sum of s_i: 202.62145938162297
2025-01-28 04:38:09 - WARNING  - Shapley share: {23: -0.34999999999999976, 61: -0.10000000000000009, 50: -0.5499999999999994, 73: -0.49999999999999933, 16: -0.39999999999999925, 36: -0.19999999999999962, 66: -0.5999999999999994, 94: -0.5000000000000004, 15: -0.7000000000000001, 45: -0.40000000000000036}
2025-01-28 04:38:14 - WARNING  - Epoch:   105. Accuracy: Top-1: 59.99 | Loss: value: 1.10
2025-01-28 04:38:14 - WARNING  - Epoch 105
2025-01-28 04:38:14 - WARNING  - s_i: {0: 2.9956922547855234, 1: 4.481081436580892, 2: 0.9705603638849171, 3: 1.4852820457129234, 4: 1.4708970843070985, 5: 1.0, 6: 0.4878599568338182, 7: 5.955168650529806, 8: 2.9709230869151355, 9: 1.0, 10: 1.0, 11: 2.968354658123297, 12: 0.48639445542214055, 13: 5.986232243626062, 14: 4.495622557055686, 15: 1.0, 16: 0.4873480468946201, 17: 0.46785086359387673, 18: 0.46738041374023753, 19: 0.4668538576359067, 20: 0.9772392606107037, 21: 0.9803343057874757, 22: 6.4605406616081895, 23: 0.9717400714853266, 24: 0.9824543749353105, 25: 3.9651113623400684, 26: 3.483757781095134, 27: 0.9827558145571675, 28: 0.4817784899318627, 29: 1.0, 30: 3.467544954785608, 31: 0.9654195513192558, 32: 2.491381345315182, 33: 3.486270809669699, 34: 6.990622296431474, 35: 0.9699173295932467, 36: 1.9657558880637724, 37: 0.4684846523188684, 38: 0.9856408666764014, 39: 2.486515692449673, 40: 2.471496202072978, 41: 3.4851080525623046, 42: 1.9912096333477474, 43: 3.4699913331233416, 44: 0.48240827254046303, 45: 0.9912834339384387, 46: 0.9793898408518177, 47: 0.49024044581450754, 48: 2.4863962233634616, 49: 0.9861169754497574, 50: 0.9799804676449764, 51: 2.466633000516078, 52: 2.985663906302574, 53: 1.9750976176024668, 54: 1.4874756597602574, 55: 2.495882360840329, 56: 1.4799413227041711, 57: 0.971480115796783, 58: 0.9801235718349361, 59: 5.46293815138616, 60: 2.47996468715779, 61: 0.9851285538174527, 62: 2.9692190779715117, 63: 0.9902732146357738, 64: 0.4806347019042474, 65: 2.9824659608378123, 66: 1.483832870046709, 67: 2.4756381706826445, 68: 1.4726431865986356, 69: 2.983794261520142, 70: 0.9852512057320357, 71: 0.9854060231401998, 72: 0.9907671126554489, 73: 3.981633255874159, 74: 0.995846013978878, 75: 0.9763151575852379, 76: 3.486240788591678, 77: 4.990380990882646, 78: 1.979716716817203, 79: 2.4837936296479564, 80: 0.9717644914538579, 81: 0.48243021103179085, 82: 0.985520748120071, 83: 1.4818742039336648, 84: 1.9860467174802927, 85: 0.981488023453168, 86: 0.47836337607099755, 87: 6.976495783331544, 88: 1.9850071779852518, 89: 0.4951918943468798, 90: 1.491359230947054, 91: 1.9707149626194027, 92: 0.4955330401783701, 93: 1.4580767942307866, 94: 2.973979962869553, 95: 0.9872668715536168, 96: 0.9863575621373508, 97: 0.971772537011361, 98: 2.973309467864797, 99: 1.0}
2025-01-28 04:38:14 - WARNING  - Sum of s_i: 197.61712270876788
2025-01-28 04:38:32 - WARNING  - Shapley share: {77: -0.10000000000000009, 33: -0.40000000000000036, 62: -0.10000000000000009, 28: -0.20000000000000018, 44: -0.3500000000000003, 95: -0.15000000000000013, 49: -0.30000000000000027, 20: -0.15000000000000013, 41: -0.2999999999999997, 59: -0.10000000000000009}
2025-01-28 04:38:37 - WARNING  - Epoch:   106. Accuracy: Top-1: 60.18 | Loss: value: 1.09
2025-01-28 04:38:37 - WARNING  - Epoch 106
2025-01-28 04:38:37 - WARNING  - s_i: {0: 2.9956922547855234, 1: 4.481081436580892, 2: 0.9705603638849171, 3: 1.4852820457129234, 4: 1.4708970843070985, 5: 1.0, 6: 0.4878599568338182, 7: 5.955168650529806, 8: 2.9709230869151355, 9: 1.0, 10: 1.0, 11: 2.968354658123297, 12: 0.48639445542214055, 13: 5.986232243626062, 14: 4.495622557055686, 15: 1.0, 16: 0.4873480468946201, 17: 0.46785086359387673, 18: 0.46738041374023753, 19: 0.4668538576359067, 20: 0.9772392606107037, 21: 0.9803343057874757, 22: 6.4605406616081895, 23: 0.9717400714853266, 24: 0.9824543749353105, 25: 3.9651113623400684, 26: 3.483757781095134, 27: 0.9827558145571675, 28: 0.4817784899318627, 29: 1.0, 30: 3.467544954785608, 31: 0.9654195513192558, 32: 2.491381345315182, 33: 3.486270809669699, 34: 6.990622296431474, 35: 0.9699173295932467, 36: 1.9657558880637724, 37: 0.4684846523188684, 38: 0.9856408666764014, 39: 2.486515692449673, 40: 2.471496202072978, 41: 0.48014407008307414, 42: 1.9912096333477474, 43: 3.4699913331233416, 44: 0.48240827254046303, 45: 0.9912834339384387, 46: 0.9793898408518177, 47: 0.49024044581450754, 48: 2.4863962233634616, 49: 0.9861169754497574, 50: 0.9799804676449764, 51: 2.466633000516078, 52: 2.985663906302574, 53: 1.9750976176024668, 54: 1.4874756597602574, 55: 2.495882360840329, 56: 1.4799413227041711, 57: 0.971480115796783, 58: 0.9801235718349361, 59: 4.458820168206843, 60: 2.47996468715779, 61: 0.9851285538174527, 62: 1.9648218033960123, 63: 0.9902732146357738, 64: 0.4806347019042474, 65: 2.9824659608378123, 66: 1.483832870046709, 67: 2.4756381706826445, 68: 1.4726431865986356, 69: 2.983794261520142, 70: 0.9852512057320357, 71: 0.9854060231401998, 72: 0.9907671126554489, 73: 3.981633255874159, 74: 0.995846013978878, 75: 0.9763151575852379, 76: 3.486240788591678, 77: 3.9855714863239684, 78: 1.979716716817203, 79: 2.4837936296479564, 80: 0.9717644914538579, 81: 0.48243021103179085, 82: 0.985520748120071, 83: 1.4818742039336648, 84: 1.9860467174802927, 85: 0.981488023453168, 86: 0.47836337607099755, 87: 6.976495783331544, 88: 1.9850071779852518, 89: 0.4951918943468798, 90: 1.491359230947054, 91: 1.9707149626194027, 92: 0.4955330401783701, 93: 1.4580767942307866, 94: 2.973979962869553, 95: 0.9872668715536168, 96: 0.9863575621373508, 97: 0.971772537011361, 98: 2.973309467864797, 99: 1.0}
2025-01-28 04:38:37 - WARNING  - Sum of s_i: 191.59883396397515
2025-01-28 04:38:54 - WARNING  - Shapley share: {67: -0.15000000000000013, 5: -0.15000000000000013, 43: -0.4500000000000004, 3: -0.3999999999999998, 26: -0.7499999999999996, 0: -0.39999999999999925, 51: -0.6499999999999995, 57: -0.5999999999999994, 53: -0.8000000000000007, 82: -0.7500000000000001}
2025-01-28 04:38:59 - WARNING  - Epoch:   107. Accuracy: Top-1: 61.09 | Loss: value: 1.07
2025-01-28 04:38:59 - WARNING  - Epoch 107
2025-01-28 04:38:59 - WARNING  - s_i: {0: 2.9956922547855234, 1: 4.481081436580892, 2: 0.9705603638849171, 3: 1.4852820457129234, 4: 1.4708970843070985, 5: 1.0, 6: 0.4878599568338182, 7: 5.955168650529806, 8: 2.9709230869151355, 9: 1.0, 10: 1.0, 11: 2.968354658123297, 12: 0.48639445542214055, 13: 5.986232243626062, 14: 4.495622557055686, 15: 1.0, 16: 0.4873480468946201, 17: 0.46785086359387673, 18: 0.46738041374023753, 19: 0.4668538576359067, 20: 0.9772392606107037, 21: 0.9803343057874757, 22: 6.4605406616081895, 23: 0.9717400714853266, 24: 0.9824543749353105, 25: 3.9651113623400684, 26: 3.483757781095134, 27: 0.9827558145571675, 28: 0.4817784899318627, 29: 1.0, 30: 3.467544954785608, 31: 0.9654195513192558, 32: 2.491381345315182, 33: 3.486270809669699, 34: 6.990622296431474, 35: 0.9699173295932467, 36: 1.9657558880637724, 37: 0.4684846523188684, 38: 0.9856408666764014, 39: 2.486515692449673, 40: 2.471496202072978, 41: 0.48014407008307414, 42: 1.9912096333477474, 43: 3.4699913331233416, 44: 0.48240827254046303, 45: 0.9912834339384387, 46: 0.9793898408518177, 47: 0.49024044581450754, 48: 2.4863962233634616, 49: 0.9861169754497574, 50: 0.9799804676449764, 51: 2.466633000516078, 52: 2.985663906302574, 53: 1.9750976176024668, 54: 1.4874756597602574, 55: 2.495882360840329, 56: 1.4799413227041711, 57: 0.971480115796783, 58: 0.9801235718349361, 59: 4.458820168206843, 60: 2.47996468715779, 61: 0.9851285538174527, 62: 1.9648218033960123, 63: 0.9902732146357738, 64: 0.4806347019042474, 65: 2.9824659608378123, 66: 1.483832870046709, 67: 0.971577865796418, 68: 1.4726431865986356, 69: 2.983794261520142, 70: 0.9852512057320357, 71: 0.9854060231401998, 72: 0.9907671126554489, 73: 3.981633255874159, 74: 0.995846013978878, 75: 0.9763151575852379, 76: 3.486240788591678, 77: 3.9855714863239684, 78: 1.979716716817203, 79: 2.4837936296479564, 80: 0.9717644914538579, 81: 0.48243021103179085, 82: 0.985520748120071, 83: 1.4818742039336648, 84: 1.9860467174802927, 85: 0.981488023453168, 86: 0.47836337607099755, 87: 6.976495783331544, 88: 1.9850071779852518, 89: 0.4951918943468798, 90: 1.491359230947054, 91: 1.9707149626194027, 92: 0.4955330401783701, 93: 1.4580767942307866, 94: 2.973979962869553, 95: 0.9872668715536168, 96: 0.9863575621373508, 97: 0.971772537011361, 98: 2.973309467864797, 99: 1.0}
2025-01-28 04:38:59 - WARNING  - Sum of s_i: 190.09477365908893
2025-01-28 04:39:15 - WARNING  - Shapley share: {72: -0.30000000000000027, 37: -0.5499999999999999, 25: -0.30000000000000027, 13: -0.44999999999999984, 86: -0.5000000000000004, 29: -0.15000000000000013, 65: -0.4499999999999993, 0: -0.8000000000000002, 74: -0.4999999999999999, 76: -0.44999999999999984}
2025-01-28 04:39:20 - WARNING  - Epoch:   108. Accuracy: Top-1: 61.85 | Loss: value: 1.05
2025-01-28 04:39:20 - WARNING  - Epoch 108
2025-01-28 04:39:20 - WARNING  - s_i: {0: 2.9956922547855234, 1: 4.481081436580892, 2: 0.9705603638849171, 3: 1.4852820457129234, 4: 1.4708970843070985, 5: 1.0, 6: 0.4878599568338182, 7: 5.955168650529806, 8: 2.9709230869151355, 9: 1.0, 10: 1.0, 11: 2.968354658123297, 12: 0.48639445542214055, 13: 1.481642991501416, 14: 4.495622557055686, 15: 1.0, 16: 0.4873480468946201, 17: 0.46785086359387673, 18: 0.46738041374023753, 19: 0.4668538576359067, 20: 0.9772392606107037, 21: 0.9803343057874757, 22: 6.4605406616081895, 23: 0.9717400714853266, 24: 0.9824543749353105, 25: 0.9601272712457898, 26: 3.483757781095134, 27: 0.9827558145571675, 28: 0.4817784899318627, 29: 1.0, 30: 3.467544954785608, 31: 0.9654195513192558, 32: 2.491381345315182, 33: 3.486270809669699, 34: 6.990622296431474, 35: 0.9699173295932467, 36: 1.9657558880637724, 37: 0.4684846523188684, 38: 0.9856408666764014, 39: 2.486515692449673, 40: 2.471496202072978, 41: 0.48014407008307414, 42: 1.9912096333477474, 43: 3.4699913331233416, 44: 0.48240827254046303, 45: 0.9912834339384387, 46: 0.9793898408518177, 47: 0.49024044581450754, 48: 2.4863962233634616, 49: 0.9861169754497574, 50: 0.9799804676449764, 51: 2.466633000516078, 52: 2.985663906302574, 53: 1.9750976176024668, 54: 1.4874756597602574, 55: 2.495882360840329, 56: 1.4799413227041711, 57: 0.971480115796783, 58: 0.9801235718349361, 59: 4.458820168206843, 60: 2.47996468715779, 61: 0.9851285538174527, 62: 1.9648218033960123, 63: 0.9902732146357738, 64: 0.4806347019042474, 65: 2.9824659608378123, 66: 1.483832870046709, 67: 0.971577865796418, 68: 1.4726431865986356, 69: 2.983794261520142, 70: 0.9852512057320357, 71: 0.9854060231401998, 72: 0.9907671126554489, 73: 3.981633255874159, 74: 0.995846013978878, 75: 0.9763151575852379, 76: 3.486240788591678, 77: 3.9855714863239684, 78: 1.979716716817203, 79: 2.4837936296479564, 80: 0.9717644914538579, 81: 0.48243021103179085, 82: 0.985520748120071, 83: 1.4818742039336648, 84: 1.9860467174802927, 85: 0.981488023453168, 86: 0.47836337607099755, 87: 6.976495783331544, 88: 1.9850071779852518, 89: 0.4951918943468798, 90: 1.491359230947054, 91: 1.9707149626194027, 92: 0.4955330401783701, 93: 1.4580767942307866, 94: 2.973979962869553, 95: 0.9872668715536168, 96: 0.9863575621373508, 97: 0.971772537011361, 98: 2.973309467864797, 99: 1.0}
2025-01-28 04:39:20 - WARNING  - Sum of s_i: 182.58520031587
2025-01-28 04:39:37 - WARNING  - Shapley share: {25: 0.0, 53: -0.15000000000000013, 22: -0.34999999999999976, 69: -0.14999999999999958, 11: -0.39999999999999925, 9: -0.49999999999999933, 93: -0.49999999999999933, 61: -0.6499999999999995, 10: -0.24999999999999967, 95: -0.7999999999999996}
2025-01-28 04:39:41 - WARNING  - Epoch:   109. Accuracy: Top-1: 61.77 | Loss: value: 1.05
2025-01-28 04:39:41 - WARNING  - Epoch 109
2025-01-28 04:39:41 - WARNING  - s_i: {0: 2.9956922547855234, 1: 4.481081436580892, 2: 0.9705603638849171, 3: 1.4852820457129234, 4: 1.4708970843070985, 5: 1.0, 6: 0.4878599568338182, 7: 5.955168650529806, 8: 2.9709230869151355, 9: 1.0, 10: 1.0, 11: 2.968354658123297, 12: 0.48639445542214055, 13: 1.481642991501416, 14: 4.495622557055686, 15: 1.0, 16: 0.4873480468946201, 17: 0.46785086359387673, 18: 0.46738041374023753, 19: 0.4668538576359067, 20: 0.9772392606107037, 21: 0.9803343057874757, 22: 2.9556082443092158, 23: 0.9717400714853266, 24: 0.9824543749353105, 25: 0.9551431801515137, 26: 3.483757781095134, 27: 0.9827558145571675, 28: 0.4817784899318627, 29: 1.0, 30: 3.467544954785608, 31: 0.9654195513192558, 32: 2.491381345315182, 33: 3.486270809669699, 34: 6.990622296431474, 35: 0.9699173295932467, 36: 1.9657558880637724, 37: 0.4684846523188684, 38: 0.9856408666764014, 39: 2.486515692449673, 40: 2.471496202072978, 41: 0.48014407008307414, 42: 1.9912096333477474, 43: 3.4699913331233416, 44: 0.48240827254046303, 45: 0.9912834339384387, 46: 0.9793898408518177, 47: 0.49024044581450754, 48: 2.4863962233634616, 49: 0.9861169754497574, 50: 0.9799804676449764, 51: 2.466633000516078, 52: 2.985663906302574, 53: 0.4701171411229592, 54: 1.4874756597602574, 55: 2.495882360840329, 56: 1.4799413227041711, 57: 0.971480115796783, 58: 0.9801235718349361, 59: 4.458820168206843, 60: 2.47996468715779, 61: 0.9851285538174527, 62: 1.9648218033960123, 63: 0.9902732146357738, 64: 0.4806347019042474, 65: 2.9824659608378123, 66: 1.483832870046709, 67: 0.971577865796418, 68: 1.4726431865986356, 69: 1.4797428269001842, 70: 0.9852512057320357, 71: 0.9854060231401998, 72: 0.9907671126554489, 73: 3.981633255874159, 74: 0.995846013978878, 75: 0.9763151575852379, 76: 3.486240788591678, 77: 3.9855714863239684, 78: 1.979716716817203, 79: 2.4837936296479564, 80: 0.9717644914538579, 81: 0.48243021103179085, 82: 0.985520748120071, 83: 1.4818742039336648, 84: 1.9860467174802927, 85: 0.981488023453168, 86: 0.47836337607099755, 87: 6.976495783331544, 88: 1.9850071779852518, 89: 0.4951918943468798, 90: 1.491359230947054, 91: 1.9707149626194027, 92: 0.4955330401783701, 93: 1.4580767942307866, 94: 2.973979962869553, 95: 0.9872668715536168, 96: 0.9863575621373508, 97: 0.971772537011361, 98: 2.973309467864797, 99: 1.0}
2025-01-28 04:39:41 - WARNING  - Sum of s_i: 176.06625189637728
2025-01-28 04:39:59 - WARNING  - Shapley share: {69: 0.0, 66: -0.5999999999999994, 61: -0.5499999999999999, 30: -0.3499999999999992, 14: -0.44999999999999984, 1: -0.5999999999999994, 32: -1.0499999999999998, 54: -1.2499999999999996, 8: -0.5999999999999994, 29: -0.9499999999999997}
2025-01-28 04:40:04 - WARNING  - Epoch:   110. Accuracy: Top-1: 62.73 | Loss: value: 1.05
2025-01-28 04:40:04 - WARNING  - Epoch 110
2025-01-28 04:40:04 - WARNING  - s_i: {0: 2.9956922547855234, 1: 4.481081436580892, 2: 0.9705603638849171, 3: 1.4852820457129234, 4: 1.4708970843070985, 5: 1.0, 6: 0.4878599568338182, 7: 5.955168650529806, 8: 2.9709230869151355, 9: 1.0, 10: 1.0, 11: 2.968354658123297, 12: 0.48639445542214055, 13: 1.481642991501416, 14: 4.495622557055686, 15: 1.0, 16: 0.4873480468946201, 17: 0.46785086359387673, 18: 0.46738041374023753, 19: 0.4668538576359067, 20: 0.9772392606107037, 21: 0.9803343057874757, 22: 2.9556082443092158, 23: 0.9717400714853266, 24: 0.9824543749353105, 25: 0.9551431801515137, 26: 3.483757781095134, 27: 0.9827558145571675, 28: 0.4817784899318627, 29: 1.0, 30: 3.467544954785608, 31: 0.9654195513192558, 32: 2.491381345315182, 33: 3.486270809669699, 34: 6.990622296431474, 35: 0.9699173295932467, 36: 1.9657558880637724, 37: 0.4684846523188684, 38: 0.9856408666764014, 39: 2.486515692449673, 40: 2.471496202072978, 41: 0.48014407008307414, 42: 1.9912096333477474, 43: 3.4699913331233416, 44: 0.48240827254046303, 45: 0.9912834339384387, 46: 0.9793898408518177, 47: 0.49024044581450754, 48: 2.4863962233634616, 49: 0.9861169754497574, 50: 0.9799804676449764, 51: 2.466633000516078, 52: 2.985663906302574, 53: 0.4701171411229592, 54: 1.4874756597602574, 55: 2.495882360840329, 56: 1.4799413227041711, 57: 0.971480115796783, 58: 0.9801235718349361, 59: 4.458820168206843, 60: 2.47996468715779, 61: 0.9851285538174527, 62: 1.9648218033960123, 63: 0.9902732146357738, 64: 0.4806347019042474, 65: 2.9824659608378123, 66: 1.483832870046709, 67: 0.971577865796418, 68: 1.4726431865986356, 69: 1.475691392280222, 70: 0.9852512057320357, 71: 0.9854060231401998, 72: 0.9907671126554489, 73: 3.981633255874159, 74: 0.995846013978878, 75: 0.9763151575852379, 76: 3.486240788591678, 77: 3.9855714863239684, 78: 1.979716716817203, 79: 2.4837936296479564, 80: 0.9717644914538579, 81: 0.48243021103179085, 82: 0.985520748120071, 83: 1.4818742039336648, 84: 1.9860467174802927, 85: 0.981488023453168, 86: 0.47836337607099755, 87: 6.976495783331544, 88: 1.9850071779852518, 89: 0.4951918943468798, 90: 1.491359230947054, 91: 1.9707149626194027, 92: 0.4955330401783701, 93: 1.4580767942307866, 94: 2.973979962869553, 95: 0.9872668715536168, 96: 0.9863575621373508, 97: 0.971772537011361, 98: 2.973309467864797, 99: 1.0}
2025-01-28 04:40:04 - WARNING  - Sum of s_i: 176.06220046175733
2025-01-28 04:40:09 - WARNING  - The sum of accs: 57.99999999999999
2025-01-28 04:40:09 - WARNING  - The welfare is 57.92054840116531
2025-01-28 04:40:25 - WARNING  - Shapley share: {41: -0.2500000000000002, 30: -0.40000000000000036, 60: -0.34999999999999976, 38: -0.3999999999999998, 36: -0.6999999999999997, 90: -0.6999999999999998, 82: -0.5499999999999994, 9: -0.5499999999999996, 74: -0.5000000000000001, 94: -0.7000000000000004}
2025-01-28 04:40:29 - WARNING  - Epoch:   111. Accuracy: Top-1: 63.42 | Loss: value: 1.02
2025-01-28 04:40:29 - WARNING  - Epoch 111
2025-01-28 04:40:29 - WARNING  - s_i: {0: 2.9956922547855234, 1: 4.481081436580892, 2: 0.9705603638849171, 3: 1.4852820457129234, 4: 1.4708970843070985, 5: 1.0, 6: 0.4878599568338182, 7: 5.955168650529806, 8: 2.9709230869151355, 9: 1.0, 10: 1.0, 11: 2.968354658123297, 12: 0.48639445542214055, 13: 1.481642991501416, 14: 4.495622557055686, 15: 1.0, 16: 0.4873480468946201, 17: 0.46785086359387673, 18: 0.46738041374023753, 19: 0.4668538576359067, 20: 0.9772392606107037, 21: 0.9803343057874757, 22: 2.9556082443092158, 23: 0.9717400714853266, 24: 0.9824543749353105, 25: 0.9551431801515137, 26: 3.483757781095134, 27: 0.9827558145571675, 28: 0.4817784899318627, 29: 1.0, 30: 3.467544954785608, 31: 0.9654195513192558, 32: 2.491381345315182, 33: 3.486270809669699, 34: 6.990622296431474, 35: 0.9699173295932467, 36: 1.9657558880637724, 37: 0.4684846523188684, 38: 0.9856408666764014, 39: 2.486515692449673, 40: 2.471496202072978, 41: 0.48014407008307414, 42: 1.9912096333477474, 43: 3.4699913331233416, 44: 0.48240827254046303, 45: 0.9912834339384387, 46: 0.9793898408518177, 47: 0.49024044581450754, 48: 2.4863962233634616, 49: 0.9861169754497574, 50: 0.9799804676449764, 51: 2.466633000516078, 52: 2.985663906302574, 53: 0.4701171411229592, 54: 1.4874756597602574, 55: 2.495882360840329, 56: 1.4799413227041711, 57: 0.971480115796783, 58: 0.9801235718349361, 59: 4.458820168206843, 60: 2.47996468715779, 61: 0.9851285538174527, 62: 1.9648218033960123, 63: 0.9902732146357738, 64: 0.4806347019042474, 65: 2.9824659608378123, 66: 1.483832870046709, 67: 0.971577865796418, 68: 1.4726431865986356, 69: 1.475691392280222, 70: 0.9852512057320357, 71: 0.9854060231401998, 72: 0.9907671126554489, 73: 3.981633255874159, 74: 0.995846013978878, 75: 0.9763151575852379, 76: 3.486240788591678, 77: 3.9855714863239684, 78: 1.979716716817203, 79: 2.4837936296479564, 80: 0.9717644914538579, 81: 0.48243021103179085, 82: 0.985520748120071, 83: 1.4818742039336648, 84: 1.9860467174802927, 85: 0.981488023453168, 86: 0.47836337607099755, 87: 6.976495783331544, 88: 1.9850071779852518, 89: 0.4951918943468798, 90: 1.491359230947054, 91: 1.9707149626194027, 92: 0.4955330401783701, 93: 1.4580767942307866, 94: 2.973979962869553, 95: 0.9872668715536168, 96: 0.9863575621373508, 97: 0.971772537011361, 98: 2.973309467864797, 99: 1.0}
2025-01-28 04:40:29 - WARNING  - Sum of s_i: 176.06220046175733
2025-01-28 04:40:45 - WARNING  - Shapley share: {35: 0.0, 33: -0.20000000000000018, 58: -0.10000000000000064, 87: 0.20000000000000018, 64: 0.0, 83: -0.3500000000000003, 81: -0.050000000000000044, 78: -0.15000000000000013, 0: -0.40000000000000036, 47: -0.1500000000000007}
2025-01-28 04:40:50 - WARNING  - Epoch:   112. Accuracy: Top-1: 61.35 | Loss: value: 1.07
2025-01-28 04:40:50 - WARNING  - Epoch 112
2025-01-28 04:40:50 - WARNING  - s_i: {0: 2.9956922547855234, 1: 4.481081436580892, 2: 0.9705603638849171, 3: 1.4852820457129234, 4: 1.4708970843070985, 5: 1.0, 6: 0.4878599568338182, 7: 5.955168650529806, 8: 2.9709230869151355, 9: 1.0, 10: 1.0, 11: 2.968354658123297, 12: 0.48639445542214055, 13: 1.481642991501416, 14: 4.495622557055686, 15: 1.0, 16: 0.4873480468946201, 17: 0.46785086359387673, 18: 0.46738041374023753, 19: 0.4668538576359067, 20: 0.9772392606107037, 21: 0.9803343057874757, 22: 2.9556082443092158, 23: 0.9717400714853266, 24: 0.9824543749353105, 25: 0.9551431801515137, 26: 3.483757781095134, 27: 0.9827558145571675, 28: 0.4817784899318627, 29: 1.0, 30: 3.467544954785608, 31: 0.9654195513192558, 32: 2.491381345315182, 33: 1.4816944128929284, 34: 6.990622296431474, 35: 0.9656198052494245, 36: 1.9657558880637724, 37: 0.4684846523188684, 38: 0.9856408666764014, 39: 2.486515692449673, 40: 2.471496202072978, 41: 0.48014407008307414, 42: 1.9912096333477474, 43: 3.4699913331233416, 44: 0.48240827254046303, 45: 0.9912834339384387, 46: 0.9793898408518177, 47: 0.49024044581450754, 48: 2.4863962233634616, 49: 0.9861169754497574, 50: 0.9799804676449764, 51: 2.466633000516078, 52: 2.985663906302574, 53: 0.4701171411229592, 54: 1.4874756597602574, 55: 2.495882360840329, 56: 1.4799413227041711, 57: 0.971480115796783, 58: 0.9801235718349361, 59: 4.458820168206843, 60: 2.47996468715779, 61: 0.9851285538174527, 62: 1.9648218033960123, 63: 0.9902732146357738, 64: 0.47579337738031, 65: 2.9824659608378123, 66: 1.483832870046709, 67: 0.971577865796418, 68: 1.4726431865986356, 69: 1.475691392280222, 70: 0.9852512057320357, 71: 0.9854060231401998, 72: 0.9907671126554489, 73: 3.981633255874159, 74: 0.995846013978878, 75: 0.9763151575852379, 76: 3.486240788591678, 77: 3.9855714863239684, 78: 0.47566006018064244, 79: 2.4837936296479564, 80: 0.9717644914538579, 81: 0.48243021103179085, 82: 0.985520748120071, 83: 1.4818742039336648, 84: 1.9860467174802927, 85: 0.981488023453168, 86: 0.47836337607099755, 87: 6.976495783331544, 88: 1.9850071779852518, 89: 0.4951918943468798, 90: 1.491359230947054, 91: 1.9707149626194027, 92: 0.4955330401783701, 93: 1.4580767942307866, 94: 2.973979962869553, 95: 0.9872668715536168, 96: 0.9863575621373508, 97: 0.971772537011361, 98: 2.973309467864797, 99: 1.0}
2025-01-28 04:40:50 - WARNING  - Sum of s_i: 172.54442855947624
2025-01-28 04:41:05 - WARNING  - Shapley share: {72: -0.30000000000000027, 22: -0.10000000000000009, 92: 0.10000000000000009, 63: -0.30000000000000027, 30: 0.050000000000000044, 4: 0.15000000000000013, 61: -0.20000000000000018, 57: -0.40000000000000036, 10: -0.30000000000000027, 13: -0.6000000000000005}
2025-01-28 04:41:09 - WARNING  - Epoch:   113. Accuracy: Top-1: 62.73 | Loss: value: 1.04
2025-01-28 04:41:09 - WARNING  - Epoch 113
2025-01-28 04:41:09 - WARNING  - s_i: {0: 2.9956922547855234, 1: 4.481081436580892, 2: 0.9705603638849171, 3: 1.4852820457129234, 4: 2.9660465983582824, 5: 1.0, 6: 0.4878599568338182, 7: 5.955168650529806, 8: 2.9709230869151355, 9: 1.0, 10: 1.0, 11: 2.968354658123297, 12: 0.48639445542214055, 13: 1.481642991501416, 14: 4.495622557055686, 15: 1.0, 16: 0.4873480468946201, 17: 0.46785086359387673, 18: 0.46738041374023753, 19: 0.4668538576359067, 20: 0.9772392606107037, 21: 0.9803343057874757, 22: 1.9506758270102387, 23: 0.9717400714853266, 24: 0.9824543749353105, 25: 0.9551431801515137, 26: 3.483757781095134, 27: 0.9827558145571675, 28: 0.4817784899318627, 29: 1.0, 30: 3.962908519754981, 31: 0.9654195513192558, 32: 2.491381345315182, 33: 1.4816944128929284, 34: 6.990622296431474, 35: 0.9656198052494245, 36: 1.9657558880637724, 37: 0.4684846523188684, 38: 0.9856408666764014, 39: 2.486515692449673, 40: 2.471496202072978, 41: 0.48014407008307414, 42: 1.9912096333477474, 43: 3.4699913331233416, 44: 0.48240827254046303, 45: 0.9912834339384387, 46: 0.9793898408518177, 47: 0.49024044581450754, 48: 2.4863962233634616, 49: 0.9861169754497574, 50: 0.9799804676449764, 51: 2.466633000516078, 52: 2.985663906302574, 53: 0.4701171411229592, 54: 1.4874756597602574, 55: 2.495882360840329, 56: 1.4799413227041711, 57: 0.971480115796783, 58: 0.9801235718349361, 59: 4.458820168206843, 60: 2.47996468715779, 61: 0.9851285538174527, 62: 1.9648218033960123, 63: 0.9902732146357738, 64: 0.47579337738031, 65: 2.9824659608378123, 66: 1.483832870046709, 67: 0.971577865796418, 68: 1.4726431865986356, 69: 1.475691392280222, 70: 0.9852512057320357, 71: 0.9854060231401998, 72: 0.9907671126554489, 73: 3.981633255874159, 74: 0.995846013978878, 75: 0.9763151575852379, 76: 3.486240788591678, 77: 3.9855714863239684, 78: 0.47566006018064244, 79: 2.4837936296479564, 80: 0.9717644914538579, 81: 0.48243021103179085, 82: 0.985520748120071, 83: 1.4818742039336648, 84: 1.9860467174802927, 85: 0.981488023453168, 86: 0.47836337607099755, 87: 6.976495783331544, 88: 1.9850071779852518, 89: 0.4951918943468798, 90: 1.491359230947054, 91: 1.9707149626194027, 92: 1.4910660803567415, 93: 1.4580767942307866, 94: 2.973979962869553, 95: 0.9872668715536168, 96: 0.9863575621373508, 97: 0.971772537011361, 98: 2.973309467864797, 99: 1.0}
2025-01-28 04:41:09 - WARNING  - Sum of s_i: 174.5255422613762
2025-01-28 04:41:25 - WARNING  - Shapley share: {13: -0.3499999999999992, 22: -0.15000000000000013, 19: -0.19999999999999962, 78: -0.19999999999999962, 52: 0.24999999999999967, 5: -0.19999999999999962, 61: -0.39999999999999925, 14: -0.3499999999999992, 23: -0.2999999999999997, 16: -0.2999999999999997}
2025-01-28 04:41:30 - WARNING  - Epoch:   114. Accuracy: Top-1: 63.64 | Loss: value: 1.01
2025-01-28 04:41:30 - WARNING  - Epoch 114
2025-01-28 04:41:30 - WARNING  - s_i: {0: 2.9956922547855234, 1: 4.481081436580892, 2: 0.9705603638849171, 3: 1.4852820457129234, 4: 2.9660465983582824, 5: 1.0, 6: 0.4878599568338182, 7: 5.955168650529806, 8: 2.9709230869151355, 9: 1.0, 10: 1.0, 11: 2.968354658123297, 12: 0.48639445542214055, 13: 1.481642991501416, 14: 0.9912451141113774, 15: 1.0, 16: 0.4873480468946201, 17: 0.46785086359387673, 18: 0.46738041374023753, 19: 0.4668538576359067, 20: 0.9772392606107037, 21: 0.9803343057874757, 22: 0.44574340971126114, 23: 0.9717400714853266, 24: 0.9824543749353105, 25: 0.9551431801515137, 26: 3.483757781095134, 27: 0.9827558145571675, 28: 0.4817784899318627, 29: 1.0, 30: 3.962908519754981, 31: 0.9654195513192558, 32: 2.491381345315182, 33: 1.4816944128929284, 34: 6.990622296431474, 35: 0.9656198052494245, 36: 1.9657558880637724, 37: 0.4684846523188684, 38: 0.9856408666764014, 39: 2.486515692449673, 40: 2.471496202072978, 41: 0.48014407008307414, 42: 1.9912096333477474, 43: 3.4699913331233416, 44: 0.48240827254046303, 45: 0.9912834339384387, 46: 0.9793898408518177, 47: 0.49024044581450754, 48: 2.4863962233634616, 49: 0.9861169754497574, 50: 0.9799804676449764, 51: 2.466633000516078, 52: 5.48088520840343, 53: 0.4701171411229592, 54: 1.4874756597602574, 55: 2.495882360840329, 56: 1.4799413227041711, 57: 0.971480115796783, 58: 0.9801235718349361, 59: 4.458820168206843, 60: 2.47996468715779, 61: 0.9851285538174527, 62: 1.9648218033960123, 63: 0.9902732146357738, 64: 0.47579337738031, 65: 2.9824659608378123, 66: 1.483832870046709, 67: 0.971577865796418, 68: 1.4726431865986356, 69: 1.475691392280222, 70: 0.9852512057320357, 71: 0.9854060231401998, 72: 0.9907671126554489, 73: 3.981633255874159, 74: 0.995846013978878, 75: 0.9763151575852379, 76: 3.486240788591678, 77: 3.9855714863239684, 78: 0.47566006018064244, 79: 2.4837936296479564, 80: 0.9717644914538579, 81: 0.48243021103179085, 82: 0.985520748120071, 83: 1.4818742039336648, 84: 1.9860467174802927, 85: 0.981488023453168, 86: 0.47836337607099755, 87: 6.976495783331544, 88: 1.9850071779852518, 89: 0.4951918943468798, 90: 1.491359230947054, 91: 1.9707149626194027, 92: 1.4910660803567415, 93: 1.4580767942307866, 94: 2.973979962869553, 95: 0.9872668715536168, 96: 0.9863575621373508, 97: 0.971772537011361, 98: 2.973309467864797, 99: 1.0}
2025-01-28 04:41:30 - WARNING  - Sum of s_i: 172.01145370323377
2025-01-28 04:41:47 - WARNING  - Shapley share: {34: -0.6499999999999997, 98: -0.5499999999999999, 84: -0.6999999999999995, 29: -0.5499999999999994, 15: -0.5999999999999994, 27: -0.6499999999999995, 90: -0.6499999999999995, 48: -0.6999999999999995, 23: -0.9499999999999997, 50: -0.7999999999999996}
2025-01-28 04:41:51 - WARNING  - Epoch:   115. Accuracy: Top-1: 63.48 | Loss: value: 1.01
2025-01-28 04:41:51 - WARNING  - Epoch 115
2025-01-28 04:41:51 - WARNING  - s_i: {0: 2.9956922547855234, 1: 4.481081436580892, 2: 0.9705603638849171, 3: 1.4852820457129234, 4: 2.9660465983582824, 5: 1.0, 6: 0.4878599568338182, 7: 5.955168650529806, 8: 2.9709230869151355, 9: 1.0, 10: 1.0, 11: 2.968354658123297, 12: 0.48639445542214055, 13: 1.481642991501416, 14: 0.9912451141113774, 15: 1.0, 16: 0.4873480468946201, 17: 0.46785086359387673, 18: 0.46738041374023753, 19: 0.4668538576359067, 20: 0.9772392606107037, 21: 0.9803343057874757, 22: 0.44574340971126114, 23: 0.9717400714853266, 24: 0.9824543749353105, 25: 0.9551431801515137, 26: 3.483757781095134, 27: 0.9827558145571675, 28: 0.4817784899318627, 29: 1.0, 30: 3.962908519754981, 31: 0.9654195513192558, 32: 2.491381345315182, 33: 1.4816944128929284, 34: 0.48593344464721344, 35: 0.9656198052494245, 36: 1.9657558880637724, 37: 0.4684846523188684, 38: 0.9856408666764014, 39: 2.486515692449673, 40: 2.471496202072978, 41: 0.48014407008307414, 42: 1.9912096333477474, 43: 3.4699913331233416, 44: 0.48240827254046303, 45: 0.9912834339384387, 46: 0.9793898408518177, 47: 0.49024044581450754, 48: 2.4863962233634616, 49: 0.9861169754497574, 50: 0.9799804676449764, 51: 2.466633000516078, 52: 5.48088520840343, 53: 0.4701171411229592, 54: 1.4874756597602574, 55: 2.495882360840329, 56: 1.4799413227041711, 57: 0.971480115796783, 58: 0.9801235718349361, 59: 4.458820168206843, 60: 2.47996468715779, 61: 0.9851285538174527, 62: 1.9648218033960123, 63: 0.9902732146357738, 64: 0.47579337738031, 65: 2.9824659608378123, 66: 1.483832870046709, 67: 0.971577865796418, 68: 1.4726431865986356, 69: 1.475691392280222, 70: 0.9852512057320357, 71: 0.9854060231401998, 72: 0.9907671126554489, 73: 3.981633255874159, 74: 0.995846013978878, 75: 0.9763151575852379, 76: 3.486240788591678, 77: 3.9855714863239684, 78: 0.47566006018064244, 79: 2.4837936296479564, 80: 0.9717644914538579, 81: 0.48243021103179085, 82: 0.985520748120071, 83: 1.4818742039336648, 84: 1.9860467174802927, 85: 0.981488023453168, 86: 0.47836337607099755, 87: 6.976495783331544, 88: 1.9850071779852518, 89: 0.4951918943468798, 90: 1.491359230947054, 91: 1.9707149626194027, 92: 1.4910660803567415, 93: 1.4580767942307866, 94: 2.973979962869553, 95: 0.9872668715536168, 96: 0.9863575621373508, 97: 0.971772537011361, 98: 2.973309467864797, 99: 1.0}
2025-01-28 04:41:51 - WARNING  - Sum of s_i: 165.5067648514495
2025-01-28 04:42:06 - WARNING  - Shapley share: {84: 0.050000000000000044, 14: -0.050000000000000044, 78: 0.20000000000000018, 66: 0.050000000000000044, 5: -0.10000000000000009, 35: -0.050000000000000044, 94: 0.04999999999999949, 59: -0.2999999999999997, 50: -0.2500000000000002, 18: -0.3500000000000003}
2025-01-28 04:42:11 - WARNING  - Epoch:   116. Accuracy: Top-1: 62.95 | Loss: value: 1.03
2025-01-28 04:42:11 - WARNING  - Epoch 116
2025-01-28 04:42:11 - WARNING  - s_i: {0: 2.9956922547855234, 1: 4.481081436580892, 2: 0.9705603638849171, 3: 1.4852820457129234, 4: 2.9660465983582824, 5: 1.0, 6: 0.4878599568338182, 7: 5.955168650529806, 8: 2.9709230869151355, 9: 1.0, 10: 1.0, 11: 2.968354658123297, 12: 0.48639445542214055, 13: 1.481642991501416, 14: 0.4868676711670601, 15: 1.0, 16: 0.4873480468946201, 17: 0.46785086359387673, 18: 0.46738041374023753, 19: 0.4668538576359067, 20: 0.9772392606107037, 21: 0.9803343057874757, 22: 0.44574340971126114, 23: 0.9717400714853266, 24: 0.9824543749353105, 25: 0.9551431801515137, 26: 3.483757781095134, 27: 0.9827558145571675, 28: 0.4817784899318627, 29: 1.0, 30: 3.962908519754981, 31: 0.9654195513192558, 32: 2.491381345315182, 33: 1.4816944128929284, 34: 0.48593344464721344, 35: 0.4613222809056018, 36: 1.9657558880637724, 37: 0.4684846523188684, 38: 0.9856408666764014, 39: 2.486515692449673, 40: 2.471496202072978, 41: 0.48014407008307414, 42: 1.9912096333477474, 43: 3.4699913331233416, 44: 0.48240827254046303, 45: 0.9912834339384387, 46: 0.9793898408518177, 47: 0.49024044581450754, 48: 2.4863962233634616, 49: 0.9861169754497574, 50: 0.9799804676449764, 51: 2.466633000516078, 52: 5.48088520840343, 53: 0.4701171411229592, 54: 1.4874756597602574, 55: 2.495882360840329, 56: 1.4799413227041711, 57: 0.971480115796783, 58: 0.9801235718349361, 59: 1.4547021850275308, 60: 2.47996468715779, 61: 0.9851285538174527, 62: 1.9648218033960123, 63: 0.9902732146357738, 64: 0.47579337738031, 65: 2.9824659608378123, 66: 1.9797910875583873, 67: 0.971577865796418, 68: 1.4726431865986356, 69: 1.475691392280222, 70: 0.9852512057320357, 71: 0.9854060231401998, 72: 0.9907671126554489, 73: 3.981633255874159, 74: 0.995846013978878, 75: 0.9763151575852379, 76: 3.486240788591678, 77: 3.9855714863239684, 78: 2.4716034035440853, 79: 2.4837936296479564, 80: 0.9717644914538579, 81: 0.48243021103179085, 82: 0.985520748120071, 83: 1.4818742039336648, 84: 2.481395623307057, 85: 0.981488023453168, 86: 0.47836337607099755, 87: 6.976495783331544, 88: 1.9850071779852518, 89: 0.4951918943468798, 90: 1.491359230947054, 91: 1.9707149626194027, 92: 1.4910660803567415, 93: 1.4580767942307866, 94: 3.469643290014473, 95: 0.9872668715536168, 96: 0.9863575621373508, 97: 0.971772537011361, 98: 2.973309467864797, 99: 1.0}
2025-01-28 04:42:11 - WARNING  - Sum of s_i: 164.97688569482887
2025-01-28 04:42:28 - WARNING  - Shapley share: {91: -0.09999999999999953, 6: -0.2500000000000002, 19: -0.2500000000000002, 61: -0.44999999999999984, 26: -0.44999999999999984, 52: -0.49999999999999933, 73: -0.9499999999999997, 12: -0.7999999999999996, 89: -0.5999999999999994, 4: -0.8999999999999997}
2025-01-28 04:42:32 - WARNING  - Epoch:   117. Accuracy: Top-1: 62.57 | Loss: value: 1.03
2025-01-28 04:42:32 - WARNING  - Epoch 117
2025-01-28 04:42:32 - WARNING  - s_i: {0: 2.9956922547855234, 1: 4.481081436580892, 2: 0.9705603638849171, 3: 1.4852820457129234, 4: 2.9660465983582824, 5: 1.0, 6: 0.4878599568338182, 7: 5.955168650529806, 8: 2.9709230869151355, 9: 1.0, 10: 1.0, 11: 2.968354658123297, 12: 0.48639445542214055, 13: 1.481642991501416, 14: 0.4868676711670601, 15: 1.0, 16: 0.4873480468946201, 17: 0.46785086359387673, 18: 0.46738041374023753, 19: 0.4668538576359067, 20: 0.9772392606107037, 21: 0.9803343057874757, 22: 0.44574340971126114, 23: 0.9717400714853266, 24: 0.9824543749353105, 25: 0.9551431801515137, 26: 3.483757781095134, 27: 0.9827558145571675, 28: 0.4817784899318627, 29: 1.0, 30: 3.962908519754981, 31: 0.9654195513192558, 32: 2.491381345315182, 33: 1.4816944128929284, 34: 0.48593344464721344, 35: 0.4613222809056018, 36: 1.9657558880637724, 37: 0.4684846523188684, 38: 0.9856408666764014, 39: 2.486515692449673, 40: 2.471496202072978, 41: 0.48014407008307414, 42: 1.9912096333477474, 43: 3.4699913331233416, 44: 0.48240827254046303, 45: 0.9912834339384387, 46: 0.9793898408518177, 47: 0.49024044581450754, 48: 2.4863962233634616, 49: 0.9861169754497574, 50: 0.9799804676449764, 51: 2.466633000516078, 52: 0.4761065105042963, 53: 0.4701171411229592, 54: 1.4874756597602574, 55: 2.495882360840329, 56: 1.4799413227041711, 57: 0.971480115796783, 58: 0.9801235718349361, 59: 1.4547021850275308, 60: 2.47996468715779, 61: 0.9851285538174527, 62: 1.9648218033960123, 63: 0.9902732146357738, 64: 0.47579337738031, 65: 2.9824659608378123, 66: 1.9797910875583873, 67: 0.971577865796418, 68: 1.4726431865986356, 69: 1.475691392280222, 70: 0.9852512057320357, 71: 0.9854060231401998, 72: 0.9907671126554489, 73: 3.981633255874159, 74: 0.995846013978878, 75: 0.9763151575852379, 76: 3.486240788591678, 77: 3.9855714863239684, 78: 2.4716034035440853, 79: 2.4837936296479564, 80: 0.9717644914538579, 81: 0.48243021103179085, 82: 0.985520748120071, 83: 1.4818742039336648, 84: 2.481395623307057, 85: 0.981488023453168, 86: 0.47836337607099755, 87: 6.976495783331544, 88: 1.9850071779852518, 89: 0.4951918943468798, 90: 1.491359230947054, 91: 0.96653138585075, 92: 1.4910660803567415, 93: 1.4580767942307866, 94: 3.469643290014473, 95: 0.9872668715536168, 96: 0.9863575621373508, 97: 0.971772537011361, 98: 2.973309467864797, 99: 1.0}
2025-01-28 04:42:32 - WARNING  - Sum of s_i: 158.96792342016107
2025-01-28 04:42:49 - WARNING  - Shapley share: {26: 0.09999999999999953, 98: 0.050000000000000044, 59: -0.29999999999999916, 39: 0.09999999999999953, 43: -0.14999999999999958, 14: 0.10000000000000009, 32: -0.04999999999999949, 49: -0.29999999999999916, 28: -0.10000000000000009, 48: -0.3499999999999992}
2025-01-28 04:42:53 - WARNING  - Epoch:   118. Accuracy: Top-1: 62.52 | Loss: value: 1.02
2025-01-28 04:42:53 - WARNING  - Epoch 118
2025-01-28 04:42:53 - WARNING  - s_i: {0: 2.9956922547855234, 1: 4.481081436580892, 2: 0.9705603638849171, 3: 1.4852820457129234, 4: 2.9660465983582824, 5: 1.0, 6: 0.4878599568338182, 7: 5.955168650529806, 8: 2.9709230869151355, 9: 1.0, 10: 1.0, 11: 2.968354658123297, 12: 0.48639445542214055, 13: 1.481642991501416, 14: 1.4824902282227441, 15: 1.0, 16: 0.4873480468946201, 17: 0.46785086359387673, 18: 0.46738041374023753, 19: 0.4668538576359067, 20: 0.9772392606107037, 21: 0.9803343057874757, 22: 0.44574340971126114, 23: 0.9717400714853266, 24: 0.9824543749353105, 25: 0.9551431801515137, 26: 4.479697226368913, 27: 0.9827558145571675, 28: 0.4817784899318627, 29: 1.0, 30: 3.962908519754981, 31: 0.9654195513192558, 32: 1.9870720179727785, 33: 1.4816944128929284, 34: 0.48593344464721344, 35: 0.4613222809056018, 36: 1.9657558880637724, 37: 0.4684846523188684, 38: 0.9856408666764014, 39: 3.482020923266226, 40: 2.471496202072978, 41: 0.48014407008307414, 42: 1.9912096333477474, 43: 1.9657043807123957, 44: 0.48240827254046303, 45: 0.9912834339384387, 46: 0.9793898408518177, 47: 0.49024044581450754, 48: 2.4863962233634616, 49: 0.9861169754497574, 50: 0.9799804676449764, 51: 2.466633000516078, 52: 0.4761065105042963, 53: 0.4701171411229592, 54: 1.4874756597602574, 55: 2.495882360840329, 56: 1.4799413227041711, 57: 0.971480115796783, 58: 0.9801235718349361, 59: 1.4547021850275308, 60: 2.47996468715779, 61: 0.9851285538174527, 62: 1.9648218033960123, 63: 0.9902732146357738, 64: 0.47579337738031, 65: 2.9824659608378123, 66: 1.9797910875583873, 67: 0.971577865796418, 68: 1.4726431865986356, 69: 1.475691392280222, 70: 0.9852512057320357, 71: 0.9854060231401998, 72: 0.9907671126554489, 73: 3.981633255874159, 74: 0.995846013978878, 75: 0.9763151575852379, 76: 3.486240788591678, 77: 3.9855714863239684, 78: 2.4716034035440853, 79: 2.4837936296479564, 80: 0.9717644914538579, 81: 0.48243021103179085, 82: 0.985520748120071, 83: 1.4818742039336648, 84: 2.481395623307057, 85: 0.981488023453168, 86: 0.47836337607099755, 87: 6.976495783331544, 88: 1.9850071779852518, 89: 0.4951918943468798, 90: 1.491359230947054, 91: 0.96653138585075, 92: 1.4910660803567415, 93: 1.4580767942307866, 94: 3.469643290014473, 95: 0.9872668715536168, 96: 0.9863575621373508, 97: 0.971772537011361, 98: 3.468861045842265, 99: 1.0}
2025-01-28 04:42:53 - WARNING  - Sum of s_i: 160.4419459515312
2025-01-28 04:43:09 - WARNING  - Shapley share: {56: -0.14999999999999958, 81: -0.04999999999999949, 13: -0.04999999999999949, 86: 0.20000000000000018, 90: -0.10000000000000009, 12: -0.34999999999999976, 69: 0.0, 2: 0.10000000000000009, 48: -0.050000000000000044, 83: 0.0500000000000006}
2025-01-28 04:43:14 - WARNING  - Epoch:   119. Accuracy: Top-1: 64.33 | Loss: value: 0.99
2025-01-28 04:43:14 - WARNING  - Epoch 119
2025-01-28 04:43:14 - WARNING  - s_i: {0: 2.9956922547855234, 1: 4.481081436580892, 2: 1.9663547015827643, 3: 1.4852820457129234, 4: 2.9660465983582824, 5: 1.0, 6: 0.4878599568338182, 7: 5.955168650529806, 8: 2.9709230869151355, 9: 1.0, 10: 1.0, 11: 2.968354658123297, 12: 0.48639445542214055, 13: 0.9770537393767741, 14: 1.4824902282227441, 15: 1.0, 16: 0.4873480468946201, 17: 0.46785086359387673, 18: 0.46738041374023753, 19: 0.4668538576359067, 20: 0.9772392606107037, 21: 0.9803343057874757, 22: 0.44574340971126114, 23: 0.9717400714853266, 24: 0.9824543749353105, 25: 0.9551431801515137, 26: 4.479697226368913, 27: 0.9827558145571675, 28: 0.4817784899318627, 29: 1.0, 30: 3.962908519754981, 31: 0.9654195513192558, 32: 1.9870720179727785, 33: 1.4816944128929284, 34: 0.48593344464721344, 35: 0.4613222809056018, 36: 1.9657558880637724, 37: 0.4684846523188684, 38: 0.9856408666764014, 39: 3.482020923266226, 40: 2.471496202072978, 41: 0.48014407008307414, 42: 1.9912096333477474, 43: 1.9657043807123957, 44: 0.48240827254046303, 45: 0.9912834339384387, 46: 0.9793898408518177, 47: 0.49024044581450754, 48: 1.9818616311512849, 49: 0.9861169754497574, 50: 0.9799804676449764, 51: 2.466633000516078, 52: 0.4761065105042963, 53: 0.4701171411229592, 54: 1.4874756597602574, 55: 2.495882360840329, 56: 1.4799413227041711, 57: 0.971480115796783, 58: 0.9801235718349361, 59: 1.4547021850275308, 60: 2.47996468715779, 61: 0.9851285538174527, 62: 1.9648218033960123, 63: 0.9902732146357738, 64: 0.47579337738031, 65: 2.9824659608378123, 66: 1.9797910875583873, 67: 0.971577865796418, 68: 1.4726431865986356, 69: 1.4716399576602597, 70: 0.9852512057320357, 71: 0.9854060231401998, 72: 0.9907671126554489, 73: 3.981633255874159, 74: 0.995846013978878, 75: 0.9763151575852379, 76: 3.486240788591678, 77: 3.9855714863239684, 78: 2.4716034035440853, 79: 2.4837936296479564, 80: 0.9717644914538579, 81: 0.48243021103179085, 82: 0.985520748120071, 83: 1.977342754917086, 84: 2.481395623307057, 85: 0.981488023453168, 86: 2.474036051285199, 87: 6.976495783331544, 88: 1.9850071779852518, 89: 0.4951918943468798, 90: 0.48703884642057993, 91: 0.96653138585075, 92: 1.4910660803567415, 93: 1.4580767942307866, 94: 3.469643290014473, 95: 0.9872668715536168, 96: 0.9863575621373508, 97: 0.971772537011361, 98: 3.468861045842265, 99: 1.0}
2025-01-28 04:43:14 - WARNING  - Sum of s_i: 161.9113858519434
2025-01-28 04:43:29 - WARNING  - Shapley share: {65: 0.0, 58: -0.8499999999999999, 89: -0.10000000000000009, 79: -0.6499999999999997, 96: -0.09999999999999953, 25: -0.34999999999999976, 69: 0.15000000000000013, 74: -0.8499999999999993, 39: -0.9499999999999997, 51: -1.0999999999999996}
2025-01-28 04:43:34 - WARNING  - Epoch:   120. Accuracy: Top-1: 64.82 | Loss: value: 0.98
2025-01-28 04:43:34 - WARNING  - Epoch 120
2025-01-28 04:43:34 - WARNING  - s_i: {0: 2.9956922547855234, 1: 4.481081436580892, 2: 1.9663547015827643, 3: 1.4852820457129234, 4: 2.9660465983582824, 5: 1.0, 6: 0.4878599568338182, 7: 5.955168650529806, 8: 2.9709230869151355, 9: 1.0, 10: 1.0, 11: 2.968354658123297, 12: 0.48639445542214055, 13: 0.9770537393767741, 14: 1.4824902282227441, 15: 1.0, 16: 0.4873480468946201, 17: 0.46785086359387673, 18: 0.46738041374023753, 19: 0.4668538576359067, 20: 0.9772392606107037, 21: 0.9803343057874757, 22: 0.44574340971126114, 23: 0.9717400714853266, 24: 0.9824543749353105, 25: 0.9551431801515137, 26: 4.479697226368913, 27: 0.9827558145571675, 28: 0.4817784899318627, 29: 1.0, 30: 3.962908519754981, 31: 0.9654195513192558, 32: 1.9870720179727785, 33: 1.4816944128929284, 34: 0.48593344464721344, 35: 0.4613222809056018, 36: 1.9657558880637724, 37: 0.4684846523188684, 38: 0.9856408666764014, 39: 3.482020923266226, 40: 2.471496202072978, 41: 0.48014407008307414, 42: 1.9912096333477474, 43: 1.9657043807123957, 44: 0.48240827254046303, 45: 0.9912834339384387, 46: 0.9793898408518177, 47: 0.49024044581450754, 48: 1.9818616311512849, 49: 0.9861169754497574, 50: 0.9799804676449764, 51: 2.466633000516078, 52: 0.4761065105042963, 53: 0.4701171411229592, 54: 1.4874756597602574, 55: 2.495882360840329, 56: 1.4799413227041711, 57: 0.971480115796783, 58: 0.9801235718349361, 59: 1.4547021850275308, 60: 2.47996468715779, 61: 0.9851285538174527, 62: 1.9648218033960123, 63: 0.9902732146357738, 64: 0.47579337738031, 65: 2.978082451047265, 66: 1.9797910875583873, 67: 0.971577865796418, 68: 1.4726431865986356, 69: 2.9675885230402987, 70: 0.9852512057320357, 71: 0.9854060231401998, 72: 0.9907671126554489, 73: 3.981633255874159, 74: 0.995846013978878, 75: 0.9763151575852379, 76: 3.486240788591678, 77: 3.9855714863239684, 78: 2.4716034035440853, 79: 2.4837936296479564, 80: 0.9717644914538579, 81: 0.48243021103179085, 82: 0.985520748120071, 83: 1.977342754917086, 84: 2.481395623307057, 85: 0.981488023453168, 86: 2.474036051285199, 87: 6.976495783331544, 88: 1.9850071779852518, 89: 0.4951918943468798, 90: 0.48703884642057993, 91: 0.96653138585075, 92: 1.4910660803567415, 93: 1.4580767942307866, 94: 3.469643290014473, 95: 0.9872668715536168, 96: 0.9863575621373508, 97: 0.971772537011361, 98: 3.468861045842265, 99: 1.0}
2025-01-28 04:43:34 - WARNING  - Sum of s_i: 163.4029509075329
2025-01-28 04:43:39 - WARNING  - The sum of accs: 60.0
2025-01-28 04:43:39 - WARNING  - The welfare is 59.92647983674678
2025-01-28 04:43:56 - WARNING  - Shapley share: {89: -0.44999999999999984, 29: -0.6499999999999995, 30: -0.3500000000000003, 39: -0.30000000000000027, 44: -0.2999999999999997, 56: -0.30000000000000027, 52: -0.09999999999999953, 54: -0.10000000000000009, 8: -0.5499999999999999, 24: -0.2999999999999997}
2025-01-28 04:44:01 - WARNING  - Epoch:   121. Accuracy: Top-1: 65.32 | Loss: value: 0.98
2025-01-28 04:44:01 - WARNING  - Epoch 121
2025-01-28 04:44:01 - WARNING  - s_i: {0: 2.9956922547855234, 1: 4.481081436580892, 2: 1.9663547015827643, 3: 1.4852820457129234, 4: 2.9660465983582824, 5: 1.0, 6: 0.4878599568338182, 7: 5.955168650529806, 8: 2.9709230869151355, 9: 1.0, 10: 1.0, 11: 2.968354658123297, 12: 0.48639445542214055, 13: 0.9770537393767741, 14: 1.4824902282227441, 15: 1.0, 16: 0.4873480468946201, 17: 0.46785086359387673, 18: 0.46738041374023753, 19: 0.4668538576359067, 20: 0.9772392606107037, 21: 0.9803343057874757, 22: 0.44574340971126114, 23: 0.9717400714853266, 24: 0.9824543749353105, 25: 0.9551431801515137, 26: 4.479697226368913, 27: 0.9827558145571675, 28: 0.4817784899318627, 29: 1.0, 30: 0.4582720847243502, 31: 0.9654195513192558, 32: 1.9870720179727785, 33: 1.4816944128929284, 34: 0.48593344464721344, 35: 0.4613222809056018, 36: 1.9657558880637724, 37: 0.4684846523188684, 38: 0.9856408666764014, 39: 0.4775261540827809, 40: 2.471496202072978, 41: 0.48014407008307414, 42: 1.9912096333477474, 43: 1.9657043807123957, 44: 0.48240827254046303, 45: 0.9912834339384387, 46: 0.9793898408518177, 47: 0.49024044581450754, 48: 1.9818616311512849, 49: 0.9861169754497574, 50: 0.9799804676449764, 51: 2.466633000516078, 52: 0.4761065105042963, 53: 0.4701171411229592, 54: 0.4833008796803413, 55: 2.495882360840329, 56: 1.4799413227041711, 57: 0.971480115796783, 58: 0.9801235718349361, 59: 1.4547021850275308, 60: 2.47996468715779, 61: 0.9851285538174527, 62: 1.9648218033960123, 63: 0.9902732146357738, 64: 0.47579337738031, 65: 2.978082451047265, 66: 1.9797910875583873, 67: 0.971577865796418, 68: 1.4726431865986356, 69: 2.9675885230402987, 70: 0.9852512057320357, 71: 0.9854060231401998, 72: 0.9907671126554489, 73: 3.981633255874159, 74: 0.995846013978878, 75: 0.9763151575852379, 76: 3.486240788591678, 77: 3.9855714863239684, 78: 2.4716034035440853, 79: 2.4837936296479564, 80: 0.9717644914538579, 81: 0.48243021103179085, 82: 0.985520748120071, 83: 1.977342754917086, 84: 2.481395623307057, 85: 0.981488023453168, 86: 2.474036051285199, 87: 6.976495783331544, 88: 1.9850071779852518, 89: 0.4951918943468798, 90: 0.48703884642057993, 91: 0.96653138585075, 92: 1.4910660803567415, 93: 1.4580767942307866, 94: 3.469643290014473, 95: 0.9872668715536168, 96: 0.9863575621373508, 97: 0.971772537011361, 98: 3.468861045842265, 99: 1.0}
2025-01-28 04:44:01 - WARNING  - Sum of s_i: 155.8896449232389
2025-01-28 04:44:16 - WARNING  - Shapley share: {13: 0.050000000000000044, 42: -0.14999999999999958, 22: 0.2999999999999997, 52: -0.10000000000000009, 92: 0.34999999999999976, 2: 0.20000000000000018, 15: 0.24999999999999967, 33: -0.24999999999999967, 21: -0.04999999999999949, 51: -0.30000000000000027}
2025-01-28 04:44:20 - WARNING  - Epoch:   122. Accuracy: Top-1: 65.30 | Loss: value: 0.97
2025-01-28 04:44:20 - WARNING  - Epoch 122
2025-01-28 04:44:20 - WARNING  - s_i: {0: 2.9956922547855234, 1: 4.481081436580892, 2: 3.9621490392806122, 3: 1.4852820457129234, 4: 2.9660465983582824, 5: 1.0, 6: 0.4878599568338182, 7: 5.955168650529806, 8: 2.9709230869151355, 9: 1.0, 10: 1.0, 11: 2.968354658123297, 12: 0.48639445542214055, 13: 1.4724644872521275, 14: 1.4824902282227441, 15: 3.495698358235666, 16: 0.4873480468946201, 17: 0.46785086359387673, 18: 0.46738041374023753, 19: 0.4668538576359067, 20: 0.9772392606107037, 21: 0.4754178822343498, 22: 3.440810992412282, 23: 0.9717400714853266, 24: 0.9824543749353105, 25: 0.9551431801515137, 26: 4.479697226368913, 27: 0.9827558145571675, 28: 0.4817784899318627, 29: 1.0, 30: 0.4582720847243502, 31: 0.9654195513192558, 32: 1.9870720179727785, 33: 1.4816944128929284, 34: 0.48593344464721344, 35: 0.4613222809056018, 36: 1.9657558880637724, 37: 0.4684846523188684, 38: 0.9856408666764014, 39: 0.4775261540827809, 40: 2.471496202072978, 41: 0.48014407008307414, 42: 0.4868144500216236, 43: 1.9657043807123957, 44: 0.48240827254046303, 45: 0.9912834339384387, 46: 0.9793898408518177, 47: 0.49024044581450754, 48: 1.9818616311512849, 49: 0.9861169754497574, 50: 0.9799804676449764, 51: 2.466633000516078, 52: 0.4761065105042963, 53: 0.4701171411229592, 54: 0.4833008796803413, 55: 2.495882360840329, 56: 1.4799413227041711, 57: 0.971480115796783, 58: 0.9801235718349361, 59: 1.4547021850275308, 60: 2.47996468715779, 61: 0.9851285538174527, 62: 1.9648218033960123, 63: 0.9902732146357738, 64: 0.47579337738031, 65: 2.978082451047265, 66: 1.9797910875583873, 67: 0.971577865796418, 68: 1.4726431865986356, 69: 2.9675885230402987, 70: 0.9852512057320357, 71: 0.9854060231401998, 72: 0.9907671126554489, 73: 3.981633255874159, 74: 0.995846013978878, 75: 0.9763151575852379, 76: 3.486240788591678, 77: 3.9855714863239684, 78: 2.4716034035440853, 79: 2.4837936296479564, 80: 0.9717644914538579, 81: 0.48243021103179085, 82: 0.985520748120071, 83: 1.977342754917086, 84: 2.481395623307057, 85: 0.981488023453168, 86: 2.474036051285199, 87: 6.976495783331544, 88: 1.9850071779852518, 89: 0.4951918943468798, 90: 0.48703884642057993, 91: 0.96653138585075, 92: 4.98659912053511, 93: 1.4580767942307866, 94: 3.469643290014473, 95: 0.9872668715536168, 96: 0.9863575621373508, 97: 0.971772537011361, 98: 3.468861045842265, 99: 1.0}
2025-01-28 04:44:20 - WARNING  - Sum of s_i: 165.35783738304792
2025-01-28 04:44:36 - WARNING  - Shapley share: {16: -0.15000000000000013, 39: 5.551115123125783e-16, 65: -0.19999999999999962, 22: 0.15000000000000013, 52: -0.19999999999999962, 12: -0.44999999999999984, 2: -0.15000000000000013, 70: 0.14999999999999958, 20: 0.09999999999999953, 59: -0.44999999999999984}
2025-01-28 04:44:40 - WARNING  - Epoch:   123. Accuracy: Top-1: 65.42 | Loss: value: 0.97
2025-01-28 04:44:40 - WARNING  - Epoch 123
2025-01-28 04:44:40 - WARNING  - s_i: {0: 2.9956922547855234, 1: 4.481081436580892, 2: 2.457943376978457, 3: 1.4852820457129234, 4: 2.9660465983582824, 5: 1.0, 6: 0.4878599568338182, 7: 5.955168650529806, 8: 2.9709230869151355, 9: 1.0, 10: 1.0, 11: 2.968354658123297, 12: 0.48639445542214055, 13: 1.4724644872521275, 14: 1.4824902282227441, 15: 3.495698358235666, 16: 0.4873480468946201, 17: 0.46785086359387673, 18: 0.46738041374023753, 19: 0.4668538576359067, 20: 1.9726871127328387, 21: 0.4754178822343498, 22: 4.935878575113307, 23: 0.9717400714853266, 24: 0.9824543749353105, 25: 0.9551431801515137, 26: 4.479697226368913, 27: 0.9827558145571675, 28: 0.4817784899318627, 29: 1.0, 30: 0.4582720847243502, 31: 0.9654195513192558, 32: 1.9870720179727785, 33: 1.4816944128929284, 34: 0.48593344464721344, 35: 0.4613222809056018, 36: 1.9657558880637724, 37: 0.4684846523188684, 38: 0.9856408666764014, 39: 0.4730313848993441, 40: 2.471496202072978, 41: 0.48014407008307414, 42: 0.4868144500216236, 43: 1.9657043807123957, 44: 0.48240827254046303, 45: 0.9912834339384387, 46: 0.9793898408518177, 47: 0.49024044581450754, 48: 1.9818616311512849, 49: 0.9861169754497574, 50: 0.9799804676449764, 51: 2.466633000516078, 52: 0.4761065105042963, 53: 0.4701171411229592, 54: 0.4833008796803413, 55: 2.495882360840329, 56: 1.4799413227041711, 57: 0.971480115796783, 58: 0.9801235718349361, 59: 1.4547021850275308, 60: 2.47996468715779, 61: 0.9851285538174527, 62: 1.9648218033960123, 63: 0.9902732146357738, 64: 0.47579337738031, 65: 0.9736989412567212, 66: 1.9797910875583873, 67: 0.971577865796418, 68: 1.4726431865986356, 69: 2.9675885230402987, 70: 2.4803349409760442, 71: 0.9854060231401998, 72: 0.9907671126554489, 73: 3.981633255874159, 74: 0.995846013978878, 75: 0.9763151575852379, 76: 3.486240788591678, 77: 3.9855714863239684, 78: 2.4716034035440853, 79: 2.4837936296479564, 80: 0.9717644914538579, 81: 0.48243021103179085, 82: 0.985520748120071, 83: 1.977342754917086, 84: 2.481395623307057, 85: 0.981488023453168, 86: 2.474036051285199, 87: 6.976495783331544, 88: 1.9850071779852518, 89: 0.4951918943468798, 90: 0.48703884642057993, 91: 0.96653138585075, 92: 4.98659912053511, 93: 1.4580767942307866, 94: 3.469643290014473, 95: 0.9872668715536168, 96: 0.9863575621373508, 97: 0.971772537011361, 98: 3.468861045842265, 99: 1.0}
2025-01-28 04:44:40 - WARNING  - Sum of s_i: 165.83035261183895
2025-01-28 04:44:56 - WARNING  - Shapley share: {19: 0.050000000000000044, 70: -0.34999999999999976, 23: -0.3500000000000003, 20: -0.20000000000000018, 48: -0.19999999999999907, 22: -0.6999999999999995, 88: -0.2999999999999997, 52: -0.6499999999999995, 90: -0.34999999999999976, 28: -0.39999999999999925}
2025-01-28 04:45:01 - WARNING  - Epoch:   124. Accuracy: Top-1: 65.03 | Loss: value: 0.97
2025-01-28 04:45:01 - WARNING  - Epoch 124
2025-01-28 04:45:01 - WARNING  - s_i: {0: 2.9956922547855234, 1: 4.481081436580892, 2: 2.457943376978457, 3: 1.4852820457129234, 4: 2.9660465983582824, 5: 1.0, 6: 0.4878599568338182, 7: 5.955168650529806, 8: 2.9709230869151355, 9: 1.0, 10: 1.0, 11: 2.968354658123297, 12: 0.48639445542214055, 13: 1.4724644872521275, 14: 1.4824902282227441, 15: 3.495698358235666, 16: 0.4873480468946201, 17: 0.46785086359387673, 18: 0.46738041374023753, 19: 0.9627105898403967, 20: 1.9726871127328387, 21: 0.4754178822343498, 22: 4.935878575113307, 23: 0.9717400714853266, 24: 0.9824543749353105, 25: 0.9551431801515137, 26: 4.479697226368913, 27: 0.9827558145571675, 28: 0.4817784899318627, 29: 1.0, 30: 0.4582720847243502, 31: 0.9654195513192558, 32: 1.9870720179727785, 33: 1.4816944128929284, 34: 0.48593344464721344, 35: 0.4613222809056018, 36: 1.9657558880637724, 37: 0.4684846523188684, 38: 0.9856408666764014, 39: 0.4730313848993441, 40: 2.471496202072978, 41: 0.48014407008307414, 42: 0.4868144500216236, 43: 1.9657043807123957, 44: 0.48240827254046303, 45: 0.9912834339384387, 46: 0.9793898408518177, 47: 0.49024044581450754, 48: 1.9818616311512849, 49: 0.9861169754497574, 50: 0.9799804676449764, 51: 2.466633000516078, 52: 0.4761065105042963, 53: 0.4701171411229592, 54: 0.4833008796803413, 55: 2.495882360840329, 56: 1.4799413227041711, 57: 0.971480115796783, 58: 0.9801235718349361, 59: 1.4547021850275308, 60: 2.47996468715779, 61: 0.9851285538174527, 62: 1.9648218033960123, 63: 0.9902732146357738, 64: 0.47579337738031, 65: 0.9736989412567212, 66: 1.9797910875583873, 67: 0.971577865796418, 68: 1.4726431865986356, 69: 2.9675885230402987, 70: 2.4803349409760442, 71: 0.9854060231401998, 72: 0.9907671126554489, 73: 3.981633255874159, 74: 0.995846013978878, 75: 0.9763151575852379, 76: 3.486240788591678, 77: 3.9855714863239684, 78: 2.4716034035440853, 79: 2.4837936296479564, 80: 0.9717644914538579, 81: 0.48243021103179085, 82: 0.985520748120071, 83: 1.977342754917086, 84: 2.481395623307057, 85: 0.981488023453168, 86: 2.474036051285199, 87: 6.976495783331544, 88: 1.9850071779852518, 89: 0.4951918943468798, 90: 0.48703884642057993, 91: 0.96653138585075, 92: 4.98659912053511, 93: 1.4580767942307866, 94: 3.469643290014473, 95: 0.9872668715536168, 96: 0.9863575621373508, 97: 0.971772537011361, 98: 3.468861045842265, 99: 1.0}
2025-01-28 04:45:01 - WARNING  - Sum of s_i: 166.32620934404343
2025-01-28 04:45:16 - WARNING  - Shapley share: {67: -0.050000000000000044, 29: -0.2999999999999997, 93: -0.24999999999999967, 35: -0.34999999999999976, 5: -1.0499999999999998, 42: -0.24999999999999967, 94: -1.15, 9: -0.7999999999999996, 86: -0.8000000000000002, 19: -0.7500000000000001}
2025-01-28 04:45:21 - WARNING  - Epoch:   125. Accuracy: Top-1: 65.15 | Loss: value: 0.96
2025-01-28 04:45:21 - WARNING  - Epoch 125
2025-01-28 04:45:21 - WARNING  - s_i: {0: 2.9956922547855234, 1: 4.481081436580892, 2: 2.457943376978457, 3: 1.4852820457129234, 4: 2.9660465983582824, 5: 1.0, 6: 0.4878599568338182, 7: 5.955168650529806, 8: 2.9709230869151355, 9: 1.0, 10: 1.0, 11: 2.968354658123297, 12: 0.48639445542214055, 13: 1.4724644872521275, 14: 1.4824902282227441, 15: 3.495698358235666, 16: 0.4873480468946201, 17: 0.46785086359387673, 18: 0.46738041374023753, 19: 0.9627105898403967, 20: 1.9726871127328387, 21: 0.4754178822343498, 22: 4.935878575113307, 23: 0.9717400714853266, 24: 0.9824543749353105, 25: 0.9551431801515137, 26: 4.479697226368913, 27: 0.9827558145571675, 28: 0.4817784899318627, 29: 1.0, 30: 0.4582720847243502, 31: 0.9654195513192558, 32: 1.9870720179727785, 33: 1.4816944128929284, 34: 0.48593344464721344, 35: 0.4613222809056018, 36: 1.9657558880637724, 37: 0.4684846523188684, 38: 0.9856408666764014, 39: 0.4730313848993441, 40: 2.471496202072978, 41: 0.48014407008307414, 42: 0.4868144500216236, 43: 1.9657043807123957, 44: 0.48240827254046303, 45: 0.9912834339384387, 46: 0.9793898408518177, 47: 0.49024044581450754, 48: 1.9818616311512849, 49: 0.9861169754497574, 50: 0.9799804676449764, 51: 2.466633000516078, 52: 0.4761065105042963, 53: 0.4701171411229592, 54: 0.4833008796803413, 55: 2.495882360840329, 56: 1.4799413227041711, 57: 0.971480115796783, 58: 0.9801235718349361, 59: 1.4547021850275308, 60: 2.47996468715779, 61: 0.9851285538174527, 62: 1.9648218033960123, 63: 0.9902732146357738, 64: 0.47579337738031, 65: 0.9736989412567212, 66: 1.9797910875583873, 67: 0.4675175609101927, 68: 1.4726431865986356, 69: 2.9675885230402987, 70: 2.4803349409760442, 71: 0.9854060231401998, 72: 0.9907671126554489, 73: 3.981633255874159, 74: 0.995846013978878, 75: 0.9763151575852379, 76: 3.486240788591678, 77: 3.9855714863239684, 78: 2.4716034035440853, 79: 2.4837936296479564, 80: 0.9717644914538579, 81: 0.48243021103179085, 82: 0.985520748120071, 83: 1.977342754917086, 84: 2.481395623307057, 85: 0.981488023453168, 86: 2.474036051285199, 87: 6.976495783331544, 88: 1.9850071779852518, 89: 0.4951918943468798, 90: 0.48703884642057993, 91: 0.96653138585075, 92: 4.98659912053511, 93: 1.4580767942307866, 94: 3.469643290014473, 95: 0.9872668715536168, 96: 0.9863575621373508, 97: 0.971772537011361, 98: 3.468861045842265, 99: 1.0}
2025-01-28 04:45:21 - WARNING  - Sum of s_i: 165.8221490391572
2025-01-28 04:45:36 - WARNING  - Shapley share: {81: -0.3500000000000003, 31: -0.65, 4: -0.6, 94: -0.7999999999999996, 44: -0.5499999999999999, 75: -0.6499999999999995, 48: -0.65, 68: -0.44999999999999984, 36: -0.10000000000000009, 13: -0.44999999999999984}
2025-01-28 04:45:41 - WARNING  - Epoch:   126. Accuracy: Top-1: 64.39 | Loss: value: 0.98
2025-01-28 04:45:41 - WARNING  - Epoch 126
2025-01-28 04:45:41 - WARNING  - s_i: {0: 2.9956922547855234, 1: 4.481081436580892, 2: 2.457943376978457, 3: 1.4852820457129234, 4: 2.9660465983582824, 5: 1.0, 6: 0.4878599568338182, 7: 5.955168650529806, 8: 2.9709230869151355, 9: 1.0, 10: 1.0, 11: 2.968354658123297, 12: 0.48639445542214055, 13: 1.4724644872521275, 14: 1.4824902282227441, 15: 3.495698358235666, 16: 0.4873480468946201, 17: 0.46785086359387673, 18: 0.46738041374023753, 19: 0.9627105898403967, 20: 1.9726871127328387, 21: 0.4754178822343498, 22: 4.935878575113307, 23: 0.9717400714853266, 24: 0.9824543749353105, 25: 0.9551431801515137, 26: 4.479697226368913, 27: 0.9827558145571675, 28: 0.4817784899318627, 29: 1.0, 30: 0.4582720847243502, 31: 0.9654195513192558, 32: 1.9870720179727785, 33: 1.4816944128929284, 34: 0.48593344464721344, 35: 0.4613222809056018, 36: 0.9608638720728819, 37: 0.4684846523188684, 38: 0.9856408666764014, 39: 0.4730313848993441, 40: 2.471496202072978, 41: 0.48014407008307414, 42: 0.4868144500216236, 43: 1.9657043807123957, 44: 0.48240827254046303, 45: 0.9912834339384387, 46: 0.9793898408518177, 47: 0.49024044581450754, 48: 1.9818616311512849, 49: 0.9861169754497574, 50: 0.9799804676449764, 51: 2.466633000516078, 52: 0.4761065105042963, 53: 0.4701171411229592, 54: 0.4833008796803413, 55: 2.495882360840329, 56: 1.4799413227041711, 57: 0.971480115796783, 58: 0.9801235718349361, 59: 1.4547021850275308, 60: 2.47996468715779, 61: 0.9851285538174527, 62: 1.9648218033960123, 63: 0.9902732146357738, 64: 0.47579337738031, 65: 0.9736989412567212, 66: 1.9797910875583873, 67: 0.4675175609101927, 68: 1.4726431865986356, 69: 2.9675885230402987, 70: 2.4803349409760442, 71: 0.9854060231401998, 72: 0.9907671126554489, 73: 3.981633255874159, 74: 0.995846013978878, 75: 0.9763151575852379, 76: 3.486240788591678, 77: 3.9855714863239684, 78: 2.4716034035440853, 79: 2.4837936296479564, 80: 0.9717644914538579, 81: 0.48243021103179085, 82: 0.985520748120071, 83: 1.977342754917086, 84: 2.481395623307057, 85: 0.981488023453168, 86: 2.474036051285199, 87: 6.976495783331544, 88: 1.9850071779852518, 89: 0.4951918943468798, 90: 0.48703884642057993, 91: 0.96653138585075, 92: 4.98659912053511, 93: 1.4580767942307866, 94: 3.469643290014473, 95: 0.9872668715536168, 96: 0.9863575621373508, 97: 0.971772537011361, 98: 3.468861045842265, 99: 1.0}
2025-01-28 04:45:41 - WARNING  - Sum of s_i: 164.81725702316632
2025-01-28 04:45:56 - WARNING  - Shapley share: {13: -0.30000000000000027, 2: -0.8499999999999996, 74: -0.8999999999999997, 99: -0.4999999999999999, 81: -0.6, 5: -0.7499999999999996, 3: -1.0999999999999999, 35: -1.25, 72: -1.2999999999999998, 73: -0.7999999999999996}
2025-01-28 04:46:01 - WARNING  - Epoch:   127. Accuracy: Top-1: 65.12 | Loss: value: 0.97
2025-01-28 04:46:01 - WARNING  - Epoch 127
2025-01-28 04:46:01 - WARNING  - s_i: {0: 2.9956922547855234, 1: 4.481081436580892, 2: 2.457943376978457, 3: 1.4852820457129234, 4: 2.9660465983582824, 5: 1.0, 6: 0.4878599568338182, 7: 5.955168650529806, 8: 2.9709230869151355, 9: 1.0, 10: 1.0, 11: 2.968354658123297, 12: 0.48639445542214055, 13: 1.4724644872521275, 14: 1.4824902282227441, 15: 3.495698358235666, 16: 0.4873480468946201, 17: 0.46785086359387673, 18: 0.46738041374023753, 19: 0.9627105898403967, 20: 1.9726871127328387, 21: 0.4754178822343498, 22: 4.935878575113307, 23: 0.9717400714853266, 24: 0.9824543749353105, 25: 0.9551431801515137, 26: 4.479697226368913, 27: 0.9827558145571675, 28: 0.4817784899318627, 29: 1.0, 30: 0.4582720847243502, 31: 0.9654195513192558, 32: 1.9870720179727785, 33: 1.4816944128929284, 34: 0.48593344464721344, 35: 0.4613222809056018, 36: 0.9608638720728819, 37: 0.4684846523188684, 38: 0.9856408666764014, 39: 0.4730313848993441, 40: 2.471496202072978, 41: 0.48014407008307414, 42: 0.4868144500216236, 43: 1.9657043807123957, 44: 0.48240827254046303, 45: 0.9912834339384387, 46: 0.9793898408518177, 47: 0.49024044581450754, 48: 1.9818616311512849, 49: 0.9861169754497574, 50: 0.9799804676449764, 51: 2.466633000516078, 52: 0.4761065105042963, 53: 0.4701171411229592, 54: 0.4833008796803413, 55: 2.495882360840329, 56: 1.4799413227041711, 57: 0.971480115796783, 58: 0.9801235718349361, 59: 1.4547021850275308, 60: 2.47996468715779, 61: 0.9851285538174527, 62: 1.9648218033960123, 63: 0.9902732146357738, 64: 0.47579337738031, 65: 0.9736989412567212, 66: 1.9797910875583873, 67: 0.4675175609101927, 68: 1.4726431865986356, 69: 2.9675885230402987, 70: 2.4803349409760442, 71: 0.9854060231401998, 72: 0.9907671126554489, 73: 3.981633255874159, 74: 0.995846013978878, 75: 0.9763151575852379, 76: 3.486240788591678, 77: 3.9855714863239684, 78: 2.4716034035440853, 79: 2.4837936296479564, 80: 0.9717644914538579, 81: 0.48243021103179085, 82: 0.985520748120071, 83: 1.977342754917086, 84: 2.481395623307057, 85: 0.981488023453168, 86: 2.474036051285199, 87: 6.976495783331544, 88: 1.9850071779852518, 89: 0.4951918943468798, 90: 0.48703884642057993, 91: 0.96653138585075, 92: 4.98659912053511, 93: 1.4580767942307866, 94: 3.469643290014473, 95: 0.9872668715536168, 96: 0.9863575621373508, 97: 0.971772537011361, 98: 3.468861045842265, 99: 1.0}
2025-01-28 04:46:01 - WARNING  - Sum of s_i: 164.81725702316632
2025-01-28 04:46:17 - WARNING  - Shapley share: {65: -0.6999999999999997, 15: 0.050000000000000044, 11: -1.2499999999999996, 13: -0.7499999999999996, 76: -1.2, 77: -0.7999999999999996, 7: -0.8999999999999997, 50: -1.0999999999999996, 36: -1.2499999999999996, 62: -1.1499999999999995}
2025-01-28 04:46:22 - WARNING  - Epoch:   128. Accuracy: Top-1: 62.36 | Loss: value: 1.04
2025-01-28 04:46:22 - WARNING  - Epoch 128
2025-01-28 04:46:22 - WARNING  - s_i: {0: 2.9956922547855234, 1: 4.481081436580892, 2: 2.457943376978457, 3: 1.4852820457129234, 4: 2.9660465983582824, 5: 1.0, 6: 0.4878599568338182, 7: 5.955168650529806, 8: 2.9709230869151355, 9: 1.0, 10: 1.0, 11: 2.968354658123297, 12: 0.48639445542214055, 13: 1.4724644872521275, 14: 1.4824902282227441, 15: 3.9913967164713355, 16: 0.4873480468946201, 17: 0.46785086359387673, 18: 0.46738041374023753, 19: 0.9627105898403967, 20: 1.9726871127328387, 21: 0.4754178822343498, 22: 4.935878575113307, 23: 0.9717400714853266, 24: 0.9824543749353105, 25: 0.9551431801515137, 26: 4.479697226368913, 27: 0.9827558145571675, 28: 0.4817784899318627, 29: 1.0, 30: 0.4582720847243502, 31: 0.9654195513192558, 32: 1.9870720179727785, 33: 1.4816944128929284, 34: 0.48593344464721344, 35: 0.4613222809056018, 36: 0.9608638720728819, 37: 0.4684846523188684, 38: 0.9856408666764014, 39: 0.4730313848993441, 40: 2.471496202072978, 41: 0.48014407008307414, 42: 0.4868144500216236, 43: 1.9657043807123957, 44: 0.48240827254046303, 45: 0.9912834339384387, 46: 0.9793898408518177, 47: 0.49024044581450754, 48: 1.9818616311512849, 49: 0.9861169754497574, 50: 0.9799804676449764, 51: 2.466633000516078, 52: 0.4761065105042963, 53: 0.4701171411229592, 54: 0.4833008796803413, 55: 2.495882360840329, 56: 1.4799413227041711, 57: 0.971480115796783, 58: 0.9801235718349361, 59: 1.4547021850275308, 60: 2.47996468715779, 61: 0.9851285538174527, 62: 1.9648218033960123, 63: 0.9902732146357738, 64: 0.47579337738031, 65: 0.9736989412567212, 66: 1.9797910875583873, 67: 0.4675175609101927, 68: 1.4726431865986356, 69: 2.9675885230402987, 70: 2.4803349409760442, 71: 0.9854060231401998, 72: 0.9907671126554489, 73: 3.981633255874159, 74: 0.995846013978878, 75: 0.9763151575852379, 76: 3.486240788591678, 77: 3.9855714863239684, 78: 2.4716034035440853, 79: 2.4837936296479564, 80: 0.9717644914538579, 81: 0.48243021103179085, 82: 0.985520748120071, 83: 1.977342754917086, 84: 2.481395623307057, 85: 0.981488023453168, 86: 2.474036051285199, 87: 6.976495783331544, 88: 1.9850071779852518, 89: 0.4951918943468798, 90: 0.48703884642057993, 91: 0.96653138585075, 92: 4.98659912053511, 93: 1.4580767942307866, 94: 3.469643290014473, 95: 0.9872668715536168, 96: 0.9863575621373508, 97: 0.971772537011361, 98: 3.468861045842265, 99: 1.0}
2025-01-28 04:46:22 - WARNING  - Sum of s_i: 165.312955381402
2025-01-28 04:46:39 - WARNING  - Shapley share: {50: -0.04999999999999949, 60: 0.050000000000000044, 98: -0.24999999999999967, 26: -0.5499999999999994, 82: -0.14999999999999958, 58: -0.39999999999999925, 91: -0.15000000000000013, 59: -0.10000000000000009, 15: 5.551115123125783e-16, 23: 0.10000000000000064}
2025-01-28 04:46:44 - WARNING  - Epoch:   129. Accuracy: Top-1: 64.31 | Loss: value: 0.99
2025-01-28 04:46:44 - WARNING  - Epoch 129
2025-01-28 04:46:44 - WARNING  - s_i: {0: 2.9956922547855234, 1: 4.481081436580892, 2: 2.457943376978457, 3: 1.4852820457129234, 4: 2.9660465983582824, 5: 1.0, 6: 0.4878599568338182, 7: 5.955168650529806, 8: 2.9709230869151355, 9: 1.0, 10: 1.0, 11: 2.968354658123297, 12: 0.48639445542214055, 13: 1.4724644872521275, 14: 1.4824902282227441, 15: 3.9870950747070104, 16: 0.4873480468946201, 17: 0.46785086359387673, 18: 0.46738041374023753, 19: 0.9627105898403967, 20: 1.9726871127328387, 21: 0.4754178822343498, 22: 4.935878575113307, 23: 1.9670300833995538, 24: 0.9824543749353105, 25: 0.9551431801515137, 26: 4.479697226368913, 27: 0.9827558145571675, 28: 0.4817784899318627, 29: 1.0, 30: 0.4582720847243502, 31: 0.9654195513192558, 32: 1.9870720179727785, 33: 1.4816944128929284, 34: 0.48593344464721344, 35: 0.4613222809056018, 36: 0.9608638720728819, 37: 0.4684846523188684, 38: 0.9856408666764014, 39: 0.4730313848993441, 40: 2.471496202072978, 41: 0.48014407008307414, 42: 0.4868144500216236, 43: 1.9657043807123957, 44: 0.48240827254046303, 45: 0.9912834339384387, 46: 0.9793898408518177, 47: 0.49024044581450754, 48: 1.9818616311512849, 49: 0.9861169754497574, 50: 0.4759765611739768, 51: 2.466633000516078, 52: 0.4761065105042963, 53: 0.4701171411229592, 54: 0.4833008796803413, 55: 2.495882360840329, 56: 1.4799413227041711, 57: 0.971480115796783, 58: 0.9801235718349361, 59: 0.4505842018482147, 60: 2.9759576245893493, 61: 0.9851285538174527, 62: 1.9648218033960123, 63: 0.9902732146357738, 64: 0.47579337738031, 65: 0.9736989412567212, 66: 1.9797910875583873, 67: 0.4675175609101927, 68: 1.4726431865986356, 69: 2.9675885230402987, 70: 2.4803349409760442, 71: 0.9854060231401998, 72: 0.9907671126554489, 73: 3.981633255874159, 74: 0.995846013978878, 75: 0.9763151575852379, 76: 3.486240788591678, 77: 3.9855714863239684, 78: 2.4716034035440853, 79: 2.4837936296479564, 80: 0.9717644914538579, 81: 0.48243021103179085, 82: 0.985520748120071, 83: 1.977342754917086, 84: 2.481395623307057, 85: 0.981488023453168, 86: 2.474036051285199, 87: 6.976495783331544, 88: 1.9850071779852518, 89: 0.4951918943468798, 90: 0.48703884642057993, 91: 0.96653138585075, 92: 4.98659912053511, 93: 1.4580767942307866, 94: 3.469643290014473, 95: 0.9872668715536168, 96: 0.9863575621373508, 97: 0.971772537011361, 98: 0.9644126238197357, 99: 1.0}
2025-01-28 04:46:44 - WARNING  - Sum of s_i: 162.7873663773106
2025-01-28 04:46:59 - WARNING  - Shapley share: {82: 0.050000000000000044, 23: 0.15000000000000013, 24: 0.0500000000000006, 32: -0.30000000000000027, 99: -0.4999999999999999, 46: -0.2999999999999997, 77: -0.4499999999999993, 72: -0.20000000000000018, 60: -0.30000000000000027, 98: -0.24999999999999967}
2025-01-28 04:47:03 - WARNING  - Epoch:   130. Accuracy: Top-1: 66.02 | Loss: value: 0.95
2025-01-28 04:47:03 - WARNING  - Epoch 130
2025-01-28 04:47:03 - WARNING  - s_i: {0: 2.9956922547855234, 1: 4.481081436580892, 2: 2.457943376978457, 3: 1.4852820457129234, 4: 2.9660465983582824, 5: 1.0, 6: 0.4878599568338182, 7: 5.955168650529806, 8: 2.9709230869151355, 9: 1.0, 10: 1.0, 11: 2.968354658123297, 12: 0.48639445542214055, 13: 1.4724644872521275, 14: 1.4824902282227441, 15: 3.9870950747070104, 16: 0.4873480468946201, 17: 0.46785086359387673, 18: 0.46738041374023753, 19: 0.9627105898403967, 20: 1.9726871127328387, 21: 0.4754178822343498, 22: 4.935878575113307, 23: 3.4623200953137756, 24: 1.4780679686691445, 25: 0.9551431801515137, 26: 4.479697226368913, 27: 0.9827558145571675, 28: 0.4817784899318627, 29: 1.0, 30: 0.4582720847243502, 31: 0.9654195513192558, 32: 1.9870720179727785, 33: 1.4816944128929284, 34: 0.48593344464721344, 35: 0.4613222809056018, 36: 0.9608638720728819, 37: 0.4684846523188684, 38: 0.9856408666764014, 39: 0.4730313848993441, 40: 2.471496202072978, 41: 0.48014407008307414, 42: 0.4868144500216236, 43: 1.9657043807123957, 44: 0.48240827254046303, 45: 0.9912834339384387, 46: 0.9793898408518177, 47: 0.49024044581450754, 48: 1.9818616311512849, 49: 0.9861169754497574, 50: 0.4759765611739768, 51: 2.466633000516078, 52: 0.4761065105042963, 53: 0.4701171411229592, 54: 0.4833008796803413, 55: 2.495882360840329, 56: 1.4799413227041711, 57: 0.971480115796783, 58: 0.9801235718349361, 59: 0.4505842018482147, 60: 2.9759576245893493, 61: 0.9851285538174527, 62: 1.9648218033960123, 63: 0.9902732146357738, 64: 0.47579337738031, 65: 0.9736989412567212, 66: 1.9797910875583873, 67: 0.4675175609101927, 68: 1.4726431865986356, 69: 2.9675885230402987, 70: 2.4803349409760442, 71: 0.9854060231401998, 72: 0.9907671126554489, 73: 3.981633255874159, 74: 0.995846013978878, 75: 0.9763151575852379, 76: 3.486240788591678, 77: 3.9855714863239684, 78: 2.4716034035440853, 79: 2.4837936296479564, 80: 0.9717644914538579, 81: 0.48243021103179085, 82: 1.4806943308267617, 83: 1.977342754917086, 84: 2.481395623307057, 85: 0.981488023453168, 86: 2.474036051285199, 87: 6.976495783331544, 88: 1.9850071779852518, 89: 0.4951918943468798, 90: 0.48703884642057993, 91: 0.96653138585075, 92: 4.98659912053511, 93: 1.4580767942307866, 94: 3.469643290014473, 95: 0.9872668715536168, 96: 0.9863575621373508, 97: 0.971772537011361, 98: 0.9644126238197357, 99: 1.0}
2025-01-28 04:47:03 - WARNING  - Sum of s_i: 165.27344356566536
2025-01-28 04:47:08 - WARNING  - The sum of accs: 60.0
2025-01-28 04:47:08 - WARNING  - The welfare is 59.925373124045215
2025-01-28 04:47:25 - WARNING  - Shapley share: {65: -0.44999999999999984, 49: -0.09999999999999953, 43: -0.24999999999999967, 71: -0.3999999999999998, 40: -0.34999999999999976, 92: -0.050000000000000044, 51: -0.34999999999999976, 37: -0.6, 86: -0.7999999999999996, 9: -0.9499999999999997}
2025-01-28 04:47:29 - WARNING  - Epoch:   131. Accuracy: Top-1: 65.34 | Loss: value: 0.97
2025-01-28 04:47:29 - WARNING  - Epoch 131
2025-01-28 04:47:29 - WARNING  - s_i: {0: 2.9956922547855234, 1: 4.481081436580892, 2: 2.457943376978457, 3: 1.4852820457129234, 4: 2.9660465983582824, 5: 1.0, 6: 0.4878599568338182, 7: 5.955168650529806, 8: 2.9709230869151355, 9: 1.0, 10: 1.0, 11: 2.968354658123297, 12: 0.48639445542214055, 13: 1.4724644872521275, 14: 1.4824902282227441, 15: 3.9870950747070104, 16: 0.4873480468946201, 17: 0.46785086359387673, 18: 0.46738041374023753, 19: 0.9627105898403967, 20: 1.9726871127328387, 21: 0.4754178822343498, 22: 4.935878575113307, 23: 3.4623200953137756, 24: 1.4780679686691445, 25: 0.9551431801515137, 26: 4.479697226368913, 27: 0.9827558145571675, 28: 0.4817784899318627, 29: 1.0, 30: 0.4582720847243502, 31: 0.9654195513192558, 32: 1.9870720179727785, 33: 1.4816944128929284, 34: 0.48593344464721344, 35: 0.4613222809056018, 36: 0.9608638720728819, 37: 0.4684846523188684, 38: 0.9856408666764014, 39: 0.4730313848993441, 40: 2.471496202072978, 41: 0.48014407008307414, 42: 0.4868144500216236, 43: 1.9657043807123957, 44: 0.48240827254046303, 45: 0.9912834339384387, 46: 0.9793898408518177, 47: 0.49024044581450754, 48: 1.9818616311512849, 49: 0.9861169754497574, 50: 0.4759765611739768, 51: 2.466633000516078, 52: 0.4761065105042963, 53: 0.4701171411229592, 54: 0.4833008796803413, 55: 2.495882360840329, 56: 1.4799413227041711, 57: 0.971480115796783, 58: 0.9801235718349361, 59: 0.4505842018482147, 60: 2.9759576245893493, 61: 0.9851285538174527, 62: 1.9648218033960123, 63: 0.9902732146357738, 64: 0.47579337738031, 65: 0.9736989412567212, 66: 1.9797910875583873, 67: 0.4675175609101927, 68: 1.4726431865986356, 69: 2.9675885230402987, 70: 2.4803349409760442, 71: 0.9854060231401998, 72: 0.9907671126554489, 73: 3.981633255874159, 74: 0.995846013978878, 75: 0.9763151575852379, 76: 3.486240788591678, 77: 3.9855714863239684, 78: 2.4716034035440853, 79: 2.4837936296479564, 80: 0.9717644914538579, 81: 0.48243021103179085, 82: 1.4806943308267617, 83: 1.977342754917086, 84: 2.481395623307057, 85: 0.981488023453168, 86: 2.474036051285199, 87: 6.976495783331544, 88: 1.9850071779852518, 89: 0.4951918943468798, 90: 0.48703884642057993, 91: 0.96653138585075, 92: 4.48213216071348, 93: 1.4580767942307866, 94: 3.469643290014473, 95: 0.9872668715536168, 96: 0.9863575621373508, 97: 0.971772537011361, 98: 0.9644126238197357, 99: 1.0}
2025-01-28 04:47:29 - WARNING  - Sum of s_i: 164.76897660584373
2025-01-28 04:47:44 - WARNING  - Shapley share: {91: 0.20000000000000018, 20: 0.10000000000000009, 53: 0.14999999999999958, 61: -5.551115123125783e-16, 43: -0.19999999999999962, 46: -0.14999999999999958, 52: 0.14999999999999958, 56: 0.5000000000000004, 40: 0.3499999999999992, 55: 0.39999999999999925}
2025-01-28 04:47:48 - WARNING  - Epoch:   132. Accuracy: Top-1: 65.49 | Loss: value: 0.97
2025-01-28 04:47:48 - WARNING  - Epoch 132
2025-01-28 04:47:48 - WARNING  - s_i: {0: 2.9956922547855234, 1: 4.481081436580892, 2: 2.457943376978457, 3: 1.4852820457129234, 4: 2.9660465983582824, 5: 1.0, 6: 0.4878599568338182, 7: 5.955168650529806, 8: 2.9709230869151355, 9: 1.0, 10: 1.0, 11: 2.968354658123297, 12: 0.48639445542214055, 13: 1.4724644872521275, 14: 1.4824902282227441, 15: 3.9870950747070104, 16: 0.4873480468946201, 17: 0.46785086359387673, 18: 0.46738041374023753, 19: 0.9627105898403967, 20: 2.968134964854979, 21: 0.4754178822343498, 22: 4.935878575113307, 23: 3.4623200953137756, 24: 1.4780679686691445, 25: 0.9551431801515137, 26: 4.479697226368913, 27: 0.9827558145571675, 28: 0.4817784899318627, 29: 1.0, 30: 0.4582720847243502, 31: 0.9654195513192558, 32: 1.9870720179727785, 33: 1.4816944128929284, 34: 0.48593344464721344, 35: 0.4613222809056018, 36: 0.9608638720728819, 37: 0.4684846523188684, 38: 0.9856408666764014, 39: 0.4730313848993441, 40: 5.967424230940539, 41: 0.48014407008307414, 42: 0.4868144500216236, 43: 1.9657043807123957, 44: 0.48240827254046303, 45: 0.9912834339384387, 46: 0.9793898408518177, 47: 0.49024044581450754, 48: 1.9818616311512849, 49: 0.9861169754497574, 50: 0.4759765611739768, 51: 2.466633000516078, 52: 1.971327812605152, 53: 1.9651366646434485, 54: 0.4833008796803413, 55: 6.491764721680653, 56: 6.47592958724501, 57: 0.971480115796783, 58: 0.9801235718349361, 59: 0.4505842018482147, 60: 2.9759576245893493, 61: 0.9801714050899305, 62: 1.9648218033960123, 63: 0.9902732146357738, 64: 0.47579337738031, 65: 0.9736989412567212, 66: 1.9797910875583873, 67: 0.4675175609101927, 68: 1.4726431865986356, 69: 2.9675885230402987, 70: 2.4803349409760442, 71: 0.9854060231401998, 72: 0.9907671126554489, 73: 3.981633255874159, 74: 0.995846013978878, 75: 0.9763151575852379, 76: 3.486240788591678, 77: 3.9855714863239684, 78: 2.4716034035440853, 79: 2.4837936296479564, 80: 0.9717644914538579, 81: 0.48243021103179085, 82: 1.4806943308267617, 83: 1.977342754917086, 84: 2.481395623307057, 85: 0.981488023453168, 86: 2.474036051285199, 87: 6.976495783331544, 88: 1.9850071779852518, 89: 0.4951918943468798, 90: 0.48703884642057993, 91: 2.9623478090820945, 92: 4.48213216071348, 93: 1.4580767942307866, 94: 3.469643290014473, 95: 0.9872668715536168, 96: 0.9863575621373508, 97: 0.971772537011361, 98: 0.9644126238197357, 99: 1.0}
2025-01-28 04:47:48 - WARNING  - Sum of s_i: 183.23332321233977
2025-01-28 04:48:04 - WARNING  - Shapley share: {61: -0.15000000000000013, 99: 0.19999999999999962, 51: 0.34999999999999976, 77: 0.050000000000000044, 81: -0.10000000000000009, 39: 0.10000000000000009, 78: 0.14999999999999902, 53: 0.10000000000000009, 30: 0.10000000000000009, 73: -0.7999999999999996}
2025-01-28 04:48:08 - WARNING  - Epoch:   133. Accuracy: Top-1: 66.20 | Loss: value: 0.94
2025-01-28 04:48:08 - WARNING  - Epoch 133
2025-01-28 04:48:08 - WARNING  - s_i: {0: 2.9956922547855234, 1: 4.481081436580892, 2: 2.457943376978457, 3: 1.4852820457129234, 4: 2.9660465983582824, 5: 1.0, 6: 0.4878599568338182, 7: 5.955168650529806, 8: 2.9709230869151355, 9: 1.0, 10: 1.0, 11: 2.968354658123297, 12: 0.48639445542214055, 13: 1.4724644872521275, 14: 1.4824902282227441, 15: 3.9870950747070104, 16: 0.4873480468946201, 17: 0.46785086359387673, 18: 0.46738041374023753, 19: 0.9627105898403967, 20: 2.968134964854979, 21: 0.4754178822343498, 22: 4.935878575113307, 23: 3.4623200953137756, 24: 1.4780679686691445, 25: 0.9551431801515137, 26: 4.479697226368913, 27: 0.9827558145571675, 28: 0.4817784899318627, 29: 1.0, 30: 1.4536356496937237, 31: 0.9654195513192558, 32: 1.9870720179727785, 33: 1.4816944128929284, 34: 0.48593344464721344, 35: 0.4613222809056018, 36: 0.9608638720728819, 37: 0.4684846523188684, 38: 0.9856408666764014, 39: 1.4685366157159025, 40: 5.967424230940539, 41: 0.48014407008307414, 42: 0.4868144500216236, 43: 1.9657043807123957, 44: 0.48240827254046303, 45: 0.9912834339384387, 46: 0.9793898408518177, 47: 0.49024044581450754, 48: 1.9818616311512849, 49: 0.9861169754497574, 50: 0.4759765611739768, 51: 5.9624621255805845, 52: 1.971327812605152, 53: 2.960156188163943, 54: 0.4833008796803413, 55: 6.491764721680653, 56: 6.47592958724501, 57: 0.971480115796783, 58: 0.9801235718349361, 59: 0.4505842018482147, 60: 2.9759576245893493, 61: 0.9801714050899305, 62: 1.9648218033960123, 63: 0.9902732146357738, 64: 0.47579337738031, 65: 0.9736989412567212, 66: 1.9797910875583873, 67: 0.4675175609101927, 68: 1.4726431865986356, 69: 2.9675885230402987, 70: 2.4803349409760442, 71: 0.9854060231401998, 72: 0.9907671126554489, 73: 3.981633255874159, 74: 0.995846013978878, 75: 0.9763151575852379, 76: 3.486240788591678, 77: 4.480761981765292, 78: 3.9675467469075163, 79: 2.4837936296479564, 80: 0.9717644914538579, 81: 0.48243021103179085, 82: 1.4806943308267617, 83: 1.977342754917086, 84: 2.481395623307057, 85: 0.981488023453168, 86: 2.474036051285199, 87: 6.976495783331544, 88: 1.9850071779852518, 89: 0.4951918943468798, 90: 0.48703884642057993, 91: 2.9623478090820945, 92: 4.48213216071348, 93: 1.4580767942307866, 94: 3.469643290014473, 95: 0.9872668715536168, 96: 0.9863575621373508, 97: 0.971772537011361, 98: 0.9644126238197357, 99: 2.995295868743101}
2025-01-28 04:48:08 - WARNING  - Sum of s_i: 193.70147036425854
2025-01-28 04:48:28 - WARNING  - Shapley share: {55: 0.30000000000000027, 40: 0.2999999999999997, 57: 0.20000000000000018, 95: 0.40000000000000036, 51: -0.2500000000000002, 8: -0.10000000000000009, 52: -0.6000000000000003, 24: -0.30000000000000027, 91: -0.24999999999999994, 22: -0.24999999999999994}
2025-01-28 04:48:32 - WARNING  - Epoch:   134. Accuracy: Top-1: 54.79 | Loss: value: 1.33
2025-01-28 04:48:32 - WARNING  - Epoch 134
2025-01-28 04:48:32 - WARNING  - s_i: {0: 2.9956922547855234, 1: 4.481081436580892, 2: 2.457943376978457, 3: 1.4852820457129234, 4: 2.9660465983582824, 5: 1.0, 6: 0.4878599568338182, 7: 5.955168650529806, 8: 1.9660769347343248, 9: 1.0, 10: 1.0, 11: 2.968354658123297, 12: 0.48639445542214055, 13: 1.4724644872521275, 14: 1.4824902282227441, 15: 3.9870950747070104, 16: 0.4873480468946201, 17: 0.46785086359387673, 18: 0.46738041374023753, 19: 0.9627105898403967, 20: 2.968134964854979, 21: 0.4754178822343498, 22: 2.4309461578143314, 23: 3.4623200953137756, 24: 1.4780679686691445, 25: 0.9551431801515137, 26: 4.479697226368913, 27: 0.9827558145571675, 28: 0.4817784899318627, 29: 1.0, 30: 1.4536356496937237, 31: 0.9654195513192558, 32: 1.9870720179727785, 33: 1.4816944128929284, 34: 0.48593344464721344, 35: 0.4613222809056018, 36: 0.9608638720728819, 37: 0.4684846523188684, 38: 0.9856408666764014, 39: 1.4685366157159025, 40: 5.967424230940539, 41: 0.48014407008307414, 42: 0.4868144500216236, 43: 1.9657043807123957, 44: 0.48240827254046303, 45: 0.9912834339384387, 46: 0.9793898408518177, 47: 0.49024044581450754, 48: 1.9818616311512849, 49: 0.9861169754497574, 50: 0.4759765611739768, 51: 3.4582912506450914, 52: 1.971327812605152, 53: 2.960156188163943, 54: 0.4833008796803413, 55: 6.491764721680653, 56: 6.47592958724501, 57: 2.9667268017629147, 58: 0.9801235718349361, 59: 0.4505842018482147, 60: 2.9759576245893493, 61: 0.9801714050899305, 62: 1.9648218033960123, 63: 0.9902732146357738, 64: 0.47579337738031, 65: 0.9736989412567212, 66: 1.9797910875583873, 67: 0.4675175609101927, 68: 1.4726431865986356, 69: 2.9675885230402987, 70: 2.4803349409760442, 71: 0.9854060231401998, 72: 0.9907671126554489, 73: 3.981633255874159, 74: 0.995846013978878, 75: 0.9763151575852379, 76: 3.486240788591678, 77: 4.480761981765292, 78: 3.9675467469075163, 79: 2.4837936296479564, 80: 0.9717644914538579, 81: 0.48243021103179085, 82: 1.4806943308267617, 83: 1.977342754917086, 84: 2.481395623307057, 85: 0.981488023453168, 86: 2.474036051285199, 87: 6.976495783331544, 88: 1.9850071779852518, 89: 0.4951918943468798, 90: 0.48703884642057993, 91: 0.45816423231343784, 92: 4.48213216071348, 93: 1.4580767942307866, 94: 3.469643290014473, 95: 4.983022495404828, 96: 0.9863575621373508, 97: 0.971772537011361, 98: 0.9644126238197357, 99: 2.995295868743101}
2025-01-28 04:48:32 - WARNING  - Sum of s_i: 191.17433965289194
2025-01-28 04:48:51 - WARNING  - Shapley share: {63: 0.15000000000000013, 84: 0.20000000000000018, 61: 0.0, 91: 0.40000000000000036, 0: -0.050000000000000044, 43: 0.04999999999999949, 56: 0.10000000000000009, 28: -0.09999999999999953, 77: -0.3500000000000003, 68: -0.5000000000000004}
2025-01-28 04:48:56 - WARNING  - Epoch:   135. Accuracy: Top-1: 61.43 | Loss: value: 1.08
2025-01-28 04:48:56 - WARNING  - Epoch 135
2025-01-28 04:48:56 - WARNING  - s_i: {0: 2.4913845095710503, 1: 4.481081436580892, 2: 2.457943376978457, 3: 1.4852820457129234, 4: 2.9660465983582824, 5: 1.0, 6: 0.4878599568338182, 7: 5.955168650529806, 8: 1.9660769347343248, 9: 1.0, 10: 1.0, 11: 2.968354658123297, 12: 0.48639445542214055, 13: 1.4724644872521275, 14: 1.4824902282227441, 15: 3.9870950747070104, 16: 0.4873480468946201, 17: 0.46785086359387673, 18: 0.46738041374023753, 19: 0.9627105898403967, 20: 2.968134964854979, 21: 0.4754178822343498, 22: 2.4309461578143314, 23: 3.4623200953137756, 24: 1.4780679686691445, 25: 0.9551431801515137, 26: 4.479697226368913, 27: 0.9827558145571675, 28: 0.4817784899318627, 29: 1.0, 30: 1.4536356496937237, 31: 0.9654195513192558, 32: 1.9870720179727785, 33: 1.4816944128929284, 34: 0.48593344464721344, 35: 0.4613222809056018, 36: 0.9608638720728819, 37: 0.4684846523188684, 38: 0.9856408666764014, 39: 1.4685366157159025, 40: 5.967424230940539, 41: 0.48014407008307414, 42: 0.4868144500216236, 43: 2.4614174283014405, 44: 0.48240827254046303, 45: 0.9912834339384387, 46: 0.9793898408518177, 47: 0.49024044581450754, 48: 1.9818616311512849, 49: 0.9861169754497574, 50: 0.4759765611739768, 51: 3.4582912506450914, 52: 1.971327812605152, 53: 2.960156188163943, 54: 0.4833008796803413, 55: 6.491764721680653, 56: 7.471917851785845, 57: 2.9667268017629147, 58: 0.9801235718349361, 59: 0.4505842018482147, 60: 2.9759576245893493, 61: 0.9752142563624139, 62: 1.9648218033960123, 63: 2.4854098219536622, 64: 0.47579337738031, 65: 0.9736989412567212, 66: 1.9797910875583873, 67: 0.4675175609101927, 68: 1.4726431865986356, 69: 2.9675885230402987, 70: 2.4803349409760442, 71: 0.9854060231401998, 72: 0.9907671126554489, 73: 3.981633255874159, 74: 0.995846013978878, 75: 0.9763151575852379, 76: 3.486240788591678, 77: 0.9759524772066124, 78: 3.9675467469075163, 79: 2.4837936296479564, 80: 0.9717644914538579, 81: 0.48243021103179085, 82: 1.4806943308267617, 83: 1.977342754917086, 84: 4.476744529133823, 85: 0.981488023453168, 86: 2.474036051285199, 87: 6.976495783331544, 88: 1.9850071779852518, 89: 0.4951918943468798, 90: 0.48703884642057993, 91: 4.453980655544784, 92: 4.48213216071348, 93: 1.4580767942307866, 94: 3.469643290014473, 95: 4.983022495404828, 96: 0.9863575621373508, 97: 0.971772537011361, 98: 0.9644126238197357, 99: 2.995295868743101}
2025-01-28 04:48:56 - WARNING  - Sum of s_i: 196.13826850289718
2025-01-28 04:49:12 - WARNING  - Shapley share: {61: 0.04999999999999949, 67: 0.0, 34: -0.30000000000000027, 11: 0.5999999999999994, 77: 0.19999999999999962, 78: 0.3999999999999998, 53: 0.0, 82: 0.34999999999999976, 62: 0.20000000000000018, 25: 0.20000000000000018}
2025-01-28 04:49:17 - WARNING  - Epoch:   136. Accuracy: Top-1: 64.45 | Loss: value: 1.01
2025-01-28 04:49:17 - WARNING  - Epoch 136
2025-01-28 04:49:17 - WARNING  - s_i: {0: 2.4913845095710503, 1: 4.481081436580892, 2: 2.457943376978457, 3: 1.4852820457129234, 4: 2.9660465983582824, 5: 1.0, 6: 0.4878599568338182, 7: 5.955168650529806, 8: 1.9660769347343248, 9: 1.0, 10: 1.0, 11: 2.968354658123297, 12: 0.48639445542214055, 13: 1.4724644872521275, 14: 1.4824902282227441, 15: 3.9870950747070104, 16: 0.4873480468946201, 17: 0.46785086359387673, 18: 0.46738041374023753, 19: 0.9627105898403967, 20: 2.968134964854979, 21: 0.4754178822343498, 22: 2.4309461578143314, 23: 3.4623200953137756, 24: 1.4780679686691445, 25: 2.9501590890572396, 26: 4.479697226368913, 27: 0.9827558145571675, 28: 0.4817784899318627, 29: 1.0, 30: 1.4536356496937237, 31: 0.9654195513192558, 32: 1.9870720179727785, 33: 1.4816944128929284, 34: 0.48593344464721344, 35: 0.4613222809056018, 36: 0.9608638720728819, 37: 0.4684846523188684, 38: 0.9856408666764014, 39: 1.4685366157159025, 40: 5.967424230940539, 41: 0.48014407008307414, 42: 0.4868144500216236, 43: 2.4614174283014405, 44: 0.48240827254046303, 45: 0.9912834339384387, 46: 0.9793898408518177, 47: 0.49024044581450754, 48: 1.9818616311512849, 49: 0.9861169754497574, 50: 0.4759765611739768, 51: 3.4582912506450914, 52: 1.971327812605152, 53: 2.955175711684437, 54: 0.4833008796803413, 55: 6.491764721680653, 56: 7.471917851785845, 57: 2.9667268017629147, 58: 0.9801235718349361, 59: 0.4505842018482147, 60: 2.9759576245893493, 61: 1.470257107634892, 62: 3.9604245288205155, 63: 2.4854098219536622, 64: 0.47579337738031, 65: 0.9736989412567212, 66: 1.9797910875583873, 67: 0.46345725602396776, 68: 1.4726431865986356, 69: 2.9675885230402987, 70: 2.4803349409760442, 71: 0.9854060231401998, 72: 0.9907671126554489, 73: 3.981633255874159, 74: 0.995846013978878, 75: 0.9763151575852379, 76: 3.486240788591678, 77: 2.9711429726479315, 78: 7.963490090270955, 79: 2.4837936296479564, 80: 0.9717644914538579, 81: 0.48243021103179085, 82: 4.975867913533449, 83: 1.977342754917086, 84: 4.476744529133823, 85: 0.981488023453168, 86: 2.474036051285199, 87: 6.976495783331544, 88: 1.9850071779852518, 89: 0.4951918943468798, 90: 0.48703884642057993, 91: 4.453980655544784, 92: 4.48213216071348, 93: 1.4580767942307866, 94: 3.469643290014473, 95: 4.983022495404828, 96: 0.9863575621373508, 97: 0.971772537011361, 98: 0.9644126238197357, 99: 2.995295868743101}
2025-01-28 04:49:17 - WARNING  - Sum of s_i: 210.1011966286456
2025-01-28 04:49:32 - WARNING  - Shapley share: {90: 0.34999999999999976, 50: 0.20000000000000018, 72: 0.050000000000000044, 17: -0.050000000000000044, 98: -0.14999999999999958, 14: 0.0, 73: 0.04999999999999949, 10: 0.10000000000000009, 74: 0.15000000000000013, 68: 0.3999999999999998}
2025-01-28 04:49:36 - WARNING  - Epoch:   137. Accuracy: Top-1: 64.88 | Loss: value: 1.00
2025-01-28 04:49:36 - WARNING  - Epoch 137
2025-01-28 04:49:36 - WARNING  - s_i: {0: 2.4913845095710503, 1: 4.481081436580892, 2: 2.457943376978457, 3: 1.4852820457129234, 4: 2.9660465983582824, 5: 1.0, 6: 0.4878599568338182, 7: 5.955168650529806, 8: 1.9660769347343248, 9: 1.0, 10: 1.9954598928462133, 11: 2.968354658123297, 12: 0.48639445542214055, 13: 1.4724644872521275, 14: 1.4781127852784273, 15: 3.9870950747070104, 16: 0.4873480468946201, 17: 0.46785086359387673, 18: 0.46738041374023753, 19: 0.9627105898403967, 20: 2.968134964854979, 21: 0.4754178822343498, 22: 2.4309461578143314, 23: 3.4623200953137756, 24: 1.4780679686691445, 25: 2.9501590890572396, 26: 4.479697226368913, 27: 0.9827558145571675, 28: 0.4817784899318627, 29: 1.0, 30: 1.4536356496937237, 31: 0.9654195513192558, 32: 1.9870720179727785, 33: 1.4816944128929284, 34: 0.48593344464721344, 35: 0.4613222809056018, 36: 0.9608638720728819, 37: 0.4684846523188684, 38: 0.9856408666764014, 39: 1.4685366157159025, 40: 5.967424230940539, 41: 0.48014407008307414, 42: 0.4868144500216236, 43: 2.4614174283014405, 44: 0.48240827254046303, 45: 0.9912834339384387, 46: 0.9793898408518177, 47: 0.49024044581450754, 48: 1.9818616311512849, 49: 0.9861169754497574, 50: 2.471972654702974, 51: 3.4582912506450914, 52: 1.971327812605152, 53: 2.955175711684437, 54: 0.4833008796803413, 55: 6.491764721680653, 56: 7.471917851785845, 57: 2.9667268017629147, 58: 0.9801235718349361, 59: 0.4505842018482147, 60: 2.9759576245893493, 61: 1.470257107634892, 62: 3.9604245288205155, 63: 2.4854098219536622, 64: 0.47579337738031, 65: 0.9736989412567212, 66: 1.9797910875583873, 67: 0.46345725602396776, 68: 5.4680837176984065, 69: 2.9675885230402987, 70: 2.4803349409760442, 71: 0.9854060231401998, 72: 1.4861506689831738, 73: 4.477041569842694, 74: 2.491692027957763, 75: 0.9763151575852379, 76: 3.486240788591678, 77: 2.9711429726479315, 78: 7.963490090270955, 79: 2.4837936296479564, 80: 0.9717644914538579, 81: 0.48243021103179085, 82: 4.975867913533449, 83: 1.977342754917086, 84: 4.476744529133823, 85: 0.981488023453168, 86: 2.474036051285199, 87: 6.976495783331544, 88: 1.9850071779852518, 89: 0.4951918943468798, 90: 3.982718461894104, 91: 4.453980655544784, 92: 4.48213216071348, 93: 1.4580767942307866, 94: 3.469643290014473, 95: 4.983022495404828, 96: 0.9863575621373508, 97: 0.971772537011361, 98: 0.9644126238197357, 99: 2.995295868743101}
2025-01-28 04:49:36 - WARNING  - Sum of s_i: 223.06603320292493
2025-01-28 04:49:57 - WARNING  - Shapley share: {26: -0.4999999999999999, 24: 5.551115123125783e-16, 44: 0.15000000000000013, 88: 0.04999999999999949, 48: 0.050000000000000044, 86: -0.7499999999999996, 4: -0.2500000000000002, 82: -0.19999999999999962, 84: -1.0999999999999999, 43: -0.34999999999999976}
2025-01-28 04:50:01 - WARNING  - Epoch:   138. Accuracy: Top-1: 64.11 | Loss: value: 1.00
2025-01-28 04:50:01 - WARNING  - Epoch 138
2025-01-28 04:50:01 - WARNING  - s_i: {0: 2.4913845095710503, 1: 4.481081436580892, 2: 2.457943376978457, 3: 1.4852820457129234, 4: 0.4611961124094628, 5: 1.0, 6: 0.4878599568338182, 7: 5.955168650529806, 8: 1.9660769347343248, 9: 1.0, 10: 1.9954598928462133, 11: 2.968354658123297, 12: 0.48639445542214055, 13: 1.4724644872521275, 14: 1.4781127852784273, 15: 3.9870950747070104, 16: 0.4873480468946201, 17: 0.46785086359387673, 18: 0.46738041374023753, 19: 0.9627105898403967, 20: 2.968134964854979, 21: 0.4754178822343498, 22: 2.4309461578143314, 23: 3.4623200953137756, 24: 1.473681562402978, 25: 2.9501590890572396, 26: 4.479697226368913, 27: 0.9827558145571675, 28: 0.4817784899318627, 29: 1.0, 30: 1.4536356496937237, 31: 0.9654195513192558, 32: 1.9870720179727785, 33: 1.4816944128929284, 34: 0.48593344464721344, 35: 0.4613222809056018, 36: 0.9608638720728819, 37: 0.4684846523188684, 38: 0.9856408666764014, 39: 1.4685366157159025, 40: 5.967424230940539, 41: 0.48014407008307414, 42: 0.4868144500216236, 43: 2.4614174283014405, 44: 1.9780103406755805, 45: 0.9912834339384387, 46: 0.9793898408518177, 47: 0.49024044581450754, 48: 2.477327038939109, 49: 0.9861169754497574, 50: 2.471972654702974, 51: 3.4582912506450914, 52: 1.971327812605152, 53: 2.955175711684437, 54: 0.4833008796803413, 55: 6.491764721680653, 56: 7.471917851785845, 57: 2.9667268017629147, 58: 0.9801235718349361, 59: 0.4505842018482147, 60: 2.9759576245893493, 61: 1.470257107634892, 62: 3.9604245288205155, 63: 2.4854098219536622, 64: 0.47579337738031, 65: 0.9736989412567212, 66: 1.9797910875583873, 67: 0.46345725602396776, 68: 5.4680837176984065, 69: 2.9675885230402987, 70: 2.4803349409760442, 71: 0.9854060231401998, 72: 1.4861506689831738, 73: 4.477041569842694, 74: 2.491692027957763, 75: 0.9763151575852379, 76: 3.486240788591678, 77: 2.9711429726479315, 78: 7.963490090270955, 79: 2.4837936296479564, 80: 0.9717644914538579, 81: 0.48243021103179085, 82: 2.9710414962401432, 83: 1.977342754917086, 84: 4.476744529133823, 85: 0.981488023453168, 86: 2.474036051285199, 87: 6.976495783331544, 88: 2.480009570646998, 89: 0.4951918943468798, 90: 3.982718461894104, 91: 4.453980655544784, 92: 4.48213216071348, 93: 1.4580767942307866, 94: 3.469643290014473, 95: 4.983022495404828, 96: 0.9863575621373508, 97: 0.971772537011361, 98: 0.9644126238197357, 99: 2.995295868743101}
2025-01-28 04:50:01 - WARNING  - Sum of s_i: 221.03803976200132
2025-01-28 04:50:18 - WARNING  - Shapley share: {73: -0.4999999999999999, 68: -0.5999999999999994, 88: -0.4999999999999999, 41: -0.7499999999999996, 9: -0.8999999999999997, 97: -0.4999999999999999, 34: -0.44999999999999984, 28: -0.9499999999999997, 0: -0.3999999999999998, 62: -1.0999999999999999}
2025-01-28 04:50:23 - WARNING  - Epoch:   139. Accuracy: Top-1: 64.77 | Loss: value: 0.98
2025-01-28 04:50:23 - WARNING  - Epoch 139
2025-01-28 04:50:23 - WARNING  - s_i: {0: 2.4913845095710503, 1: 4.481081436580892, 2: 2.457943376978457, 3: 1.4852820457129234, 4: 0.4611961124094628, 5: 1.0, 6: 0.4878599568338182, 7: 5.955168650529806, 8: 1.9660769347343248, 9: 1.0, 10: 1.9954598928462133, 11: 2.968354658123297, 12: 0.48639445542214055, 13: 1.4724644872521275, 14: 1.4781127852784273, 15: 3.9870950747070104, 16: 0.4873480468946201, 17: 0.46785086359387673, 18: 0.46738041374023753, 19: 0.9627105898403967, 20: 2.968134964854979, 21: 0.4754178822343498, 22: 2.4309461578143314, 23: 3.4623200953137756, 24: 1.473681562402978, 25: 2.9501590890572396, 26: 4.479697226368913, 27: 0.9827558145571675, 28: 0.4817784899318627, 29: 1.0, 30: 1.4536356496937237, 31: 0.9654195513192558, 32: 1.9870720179727785, 33: 1.4816944128929284, 34: 0.48593344464721344, 35: 0.4613222809056018, 36: 0.9608638720728819, 37: 0.4684846523188684, 38: 0.9856408666764014, 39: 1.4685366157159025, 40: 5.967424230940539, 41: 0.48014407008307414, 42: 0.4868144500216236, 43: 2.4614174283014405, 44: 1.9780103406755805, 45: 0.9912834339384387, 46: 0.9793898408518177, 47: 0.49024044581450754, 48: 2.477327038939109, 49: 0.9861169754497574, 50: 2.471972654702974, 51: 3.4582912506450914, 52: 1.971327812605152, 53: 2.955175711684437, 54: 0.4833008796803413, 55: 6.491764721680653, 56: 7.471917851785845, 57: 2.9667268017629147, 58: 0.9801235718349361, 59: 0.4505842018482147, 60: 2.9759576245893493, 61: 1.470257107634892, 62: 3.9604245288205155, 63: 2.4854098219536622, 64: 0.47579337738031, 65: 0.9736989412567212, 66: 1.9797910875583873, 67: 0.46345725602396776, 68: 5.4680837176984065, 69: 2.9675885230402987, 70: 2.4803349409760442, 71: 0.9854060231401998, 72: 1.4861506689831738, 73: 4.477041569842694, 74: 2.491692027957763, 75: 0.9763151575852379, 76: 3.486240788591678, 77: 2.9711429726479315, 78: 7.963490090270955, 79: 2.4837936296479564, 80: 0.9717644914538579, 81: 0.48243021103179085, 82: 2.9710414962401432, 83: 1.977342754917086, 84: 4.476744529133823, 85: 0.981488023453168, 86: 2.474036051285199, 87: 6.976495783331544, 88: 2.480009570646998, 89: 0.4951918943468798, 90: 3.982718461894104, 91: 4.453980655544784, 92: 4.48213216071348, 93: 1.4580767942307866, 94: 3.469643290014473, 95: 4.983022495404828, 96: 0.9863575621373508, 97: 0.971772537011361, 98: 0.9644126238197357, 99: 2.995295868743101}
2025-01-28 04:50:23 - WARNING  - Sum of s_i: 221.03803976200132
2025-01-28 04:50:42 - WARNING  - Shapley share: {12: -0.10000000000000009, 68: -0.5999999999999994, 7: -0.050000000000000044, 81: -0.3999999999999998, 86: -0.4499999999999993, 62: -0.24999999999999967, 89: -0.19999999999999962, 82: -0.34999999999999976, 51: -0.40000000000000036, 92: -0.4500000000000004}
2025-01-28 04:50:46 - WARNING  - Epoch:   140. Accuracy: Top-1: 64.05 | Loss: value: 1.00
2025-01-28 04:50:46 - WARNING  - Epoch 140
2025-01-28 04:50:46 - WARNING  - s_i: {0: 2.4913845095710503, 1: 4.481081436580892, 2: 2.457943376978457, 3: 1.4852820457129234, 4: 0.4611961124094628, 5: 1.0, 6: 0.4878599568338182, 7: 5.450187389477561, 8: 1.9660769347343248, 9: 1.0, 10: 1.9954598928462133, 11: 2.968354658123297, 12: 0.48639445542214055, 13: 1.4724644872521275, 14: 1.4781127852784273, 15: 3.9870950747070104, 16: 0.4873480468946201, 17: 0.46785086359387673, 18: 0.46738041374023753, 19: 0.9627105898403967, 20: 2.968134964854979, 21: 0.4754178822343498, 22: 2.4309461578143314, 23: 3.4623200953137756, 24: 1.473681562402978, 25: 2.9501590890572396, 26: 4.479697226368913, 27: 0.9827558145571675, 28: 0.4817784899318627, 29: 1.0, 30: 1.4536356496937237, 31: 0.9654195513192558, 32: 1.9870720179727785, 33: 1.4816944128929284, 34: 0.48593344464721344, 35: 0.4613222809056018, 36: 0.9608638720728819, 37: 0.4684846523188684, 38: 0.9856408666764014, 39: 1.4685366157159025, 40: 5.967424230940539, 41: 0.48014407008307414, 42: 0.4868144500216236, 43: 2.4614174283014405, 44: 1.9780103406755805, 45: 0.9912834339384387, 46: 0.9793898408518177, 47: 0.49024044581450754, 48: 2.477327038939109, 49: 0.9861169754497574, 50: 2.471972654702974, 51: 3.4582912506450914, 52: 1.971327812605152, 53: 2.955175711684437, 54: 0.4833008796803413, 55: 6.491764721680653, 56: 7.471917851785845, 57: 2.9667268017629147, 58: 0.9801235718349361, 59: 0.4505842018482147, 60: 2.9759576245893493, 61: 1.470257107634892, 62: 1.4560272542450208, 63: 2.4854098219536622, 64: 0.47579337738031, 65: 0.9736989412567212, 66: 1.9797910875583873, 67: 0.46345725602396776, 68: 5.4680837176984065, 69: 2.9675885230402987, 70: 2.4803349409760442, 71: 0.9854060231401998, 72: 1.4861506689831738, 73: 4.477041569842694, 74: 2.491692027957763, 75: 0.9763151575852379, 76: 3.486240788591678, 77: 2.9711429726479315, 78: 7.963490090270955, 79: 2.4837936296479564, 80: 0.9717644914538579, 81: 0.48243021103179085, 82: 2.9710414962401432, 83: 1.977342754917086, 84: 4.476744529133823, 85: 0.981488023453168, 86: 2.474036051285199, 87: 6.976495783331544, 88: 2.480009570646998, 89: 0.4951918943468798, 90: 3.982718461894104, 91: 4.453980655544784, 92: 4.48213216071348, 93: 1.4580767942307866, 94: 3.469643290014473, 95: 4.983022495404828, 96: 0.9863575621373508, 97: 0.971772537011361, 98: 0.9644126238197357, 99: 2.995295868743101}
2025-01-28 04:50:46 - WARNING  - Sum of s_i: 218.02866122637357
2025-01-28 04:50:51 - WARNING  - The sum of accs: 55.00000000000001
2025-01-28 04:50:51 - WARNING  - The welfare is 54.90263910061139
2025-01-28 04:51:06 - WARNING  - Shapley share: {35: 0.34999999999999976, 59: 0.4999999999999999, 21: 0.44999999999999984, 95: 0.15000000000000013, 71: 0.15000000000000013, 43: -0.30000000000000027, 10: -0.3999999999999998, 6: -0.2500000000000002, 33: 0.050000000000000044, 25: -0.24999999999999967}
2025-01-28 04:51:11 - WARNING  - Epoch:   141. Accuracy: Top-1: 65.87 | Loss: value: 0.95
2025-01-28 04:51:11 - WARNING  - Epoch 141
2025-01-28 04:51:11 - WARNING  - s_i: {0: 2.4913845095710503, 1: 4.481081436580892, 2: 2.457943376978457, 3: 1.4852820457129234, 4: 0.4611961124094628, 5: 1.0, 6: 0.4878599568338182, 7: 5.450187389477561, 8: 1.9660769347343248, 9: 1.0, 10: 1.9954598928462133, 11: 2.968354658123297, 12: 0.48639445542214055, 13: 1.4724644872521275, 14: 1.4781127852784273, 15: 3.9870950747070104, 16: 0.4873480468946201, 17: 0.46785086359387673, 18: 0.46738041374023753, 19: 0.9627105898403967, 20: 2.968134964854979, 21: 4.970501458681217, 22: 2.4309461578143314, 23: 3.4623200953137756, 24: 1.473681562402978, 25: 0.44517499796296667, 26: 4.479697226368913, 27: 0.9827558145571675, 28: 0.4817784899318627, 29: 1.0, 30: 1.4536356496937237, 31: 0.9654195513192558, 32: 1.9870720179727785, 33: 1.9771180161161601, 34: 0.48593344464721344, 35: 3.9570247565617773, 36: 0.9608638720728819, 37: 0.4684846523188684, 38: 0.9856408666764014, 39: 1.4685366157159025, 40: 5.967424230940539, 41: 0.48014407008307414, 42: 0.4868144500216236, 43: 2.4614174283014405, 44: 1.9780103406755805, 45: 0.9912834339384387, 46: 0.9793898408518177, 47: 0.49024044581450754, 48: 2.477327038939109, 49: 0.9861169754497574, 50: 2.471972654702974, 51: 3.4582912506450914, 52: 1.971327812605152, 53: 2.955175711684437, 54: 0.4833008796803413, 55: 6.491764721680653, 56: 7.471917851785845, 57: 2.9667268017629147, 58: 0.9801235718349361, 59: 5.446466218668898, 60: 2.9759576245893493, 61: 1.470257107634892, 62: 1.4560272542450208, 63: 2.4854098219536622, 64: 0.47579337738031, 65: 0.9736989412567212, 66: 1.9797910875583873, 67: 0.46345725602396776, 68: 5.4680837176984065, 69: 2.9675885230402987, 70: 2.4803349409760442, 71: 2.4805413641869345, 72: 1.4861506689831738, 73: 4.477041569842694, 74: 2.491692027957763, 75: 0.9763151575852379, 76: 3.486240788591678, 77: 2.9711429726479315, 78: 7.963490090270955, 79: 2.4837936296479564, 80: 0.9717644914538579, 81: 0.48243021103179085, 82: 2.9710414962401432, 83: 1.977342754917086, 84: 4.476744529133823, 85: 0.981488023453168, 86: 2.474036051285199, 87: 6.976495783331544, 88: 2.480009570646998, 89: 0.4951918943468798, 90: 3.982718461894104, 91: 4.453980655544784, 92: 4.48213216071348, 93: 1.4580767942307866, 94: 3.469643290014473, 95: 6.478778119256037, 96: 0.9863575621373508, 97: 0.971772537011361, 98: 0.9644126238197357, 99: 2.995295868743101}
2025-01-28 04:51:11 - WARNING  - Sum of s_i: 231.99665977232422
2025-01-28 04:51:29 - WARNING  - Shapley share: {3: -0.7000000000000001, 99: -0.44999999999999984, 35: -0.20000000000000018, 74: -0.39999999999999925, 98: -0.7999999999999996, 76: -0.9999999999999998, 46: -0.8499999999999996, 95: -0.9499999999999997, 75: -0.8499999999999996, 26: -0.8000000000000002}
2025-01-28 04:51:34 - WARNING  - Epoch:   142. Accuracy: Top-1: 65.08 | Loss: value: 0.97
2025-01-28 04:51:34 - WARNING  - Epoch 142
2025-01-28 04:51:34 - WARNING  - s_i: {0: 2.4913845095710503, 1: 4.481081436580892, 2: 2.457943376978457, 3: 1.4852820457129234, 4: 0.4611961124094628, 5: 1.0, 6: 0.4878599568338182, 7: 5.450187389477561, 8: 1.9660769347343248, 9: 1.0, 10: 1.9954598928462133, 11: 2.968354658123297, 12: 0.48639445542214055, 13: 1.4724644872521275, 14: 1.4781127852784273, 15: 3.9870950747070104, 16: 0.4873480468946201, 17: 0.46785086359387673, 18: 0.46738041374023753, 19: 0.9627105898403967, 20: 2.968134964854979, 21: 4.970501458681217, 22: 2.4309461578143314, 23: 3.4623200953137756, 24: 1.473681562402978, 25: 0.44517499796296667, 26: 4.479697226368913, 27: 0.9827558145571675, 28: 0.4817784899318627, 29: 1.0, 30: 1.4536356496937237, 31: 0.9654195513192558, 32: 1.9870720179727785, 33: 1.9771180161161601, 34: 0.48593344464721344, 35: 1.9527272322179532, 36: 0.9608638720728819, 37: 0.4684846523188684, 38: 0.9856408666764014, 39: 1.4685366157159025, 40: 5.967424230940539, 41: 0.48014407008307414, 42: 0.4868144500216236, 43: 2.4614174283014405, 44: 1.9780103406755805, 45: 0.9912834339384387, 46: 0.9793898408518177, 47: 0.49024044581450754, 48: 2.477327038939109, 49: 0.9861169754497574, 50: 2.471972654702974, 51: 3.4582912506450914, 52: 1.971327812605152, 53: 2.955175711684437, 54: 0.4833008796803413, 55: 6.491764721680653, 56: 7.471917851785845, 57: 2.9667268017629147, 58: 0.9801235718349361, 59: 5.446466218668898, 60: 2.9759576245893493, 61: 1.470257107634892, 62: 1.4560272542450208, 63: 2.4854098219536622, 64: 0.47579337738031, 65: 0.9736989412567212, 66: 1.9797910875583873, 67: 0.46345725602396776, 68: 5.4680837176984065, 69: 2.9675885230402987, 70: 2.4803349409760442, 71: 2.4805413641869345, 72: 1.4861506689831738, 73: 4.477041569842694, 74: 2.491692027957763, 75: 0.9763151575852379, 76: 3.486240788591678, 77: 2.9711429726479315, 78: 7.963490090270955, 79: 2.4837936296479564, 80: 0.9717644914538579, 81: 0.48243021103179085, 82: 2.9710414962401432, 83: 1.977342754917086, 84: 4.476744529133823, 85: 0.981488023453168, 86: 2.474036051285199, 87: 6.976495783331544, 88: 2.480009570646998, 89: 0.4951918943468798, 90: 3.982718461894104, 91: 4.453980655544784, 92: 4.48213216071348, 93: 1.4580767942307866, 94: 3.469643290014473, 95: 6.478778119256037, 96: 0.9863575621373508, 97: 0.971772537011361, 98: 0.9644126238197357, 99: 2.995295868743101}
2025-01-28 04:51:34 - WARNING  - Sum of s_i: 229.9923622479804
2025-01-28 04:51:50 - WARNING  - Shapley share: {96: -0.050000000000000044, 50: -0.24999999999999967, 79: -0.3500000000000003, 36: -0.2500000000000002, 23: -0.14999999999999958, 75: -0.39999999999999925, 8: -0.4499999999999993, 25: -0.34999999999999976, 91: -0.10000000000000009, 35: -0.20000000000000018}
2025-01-28 04:51:54 - WARNING  - Epoch:   143. Accuracy: Top-1: 64.96 | Loss: value: 0.97
2025-01-28 04:51:54 - WARNING  - Epoch 143
2025-01-28 04:51:54 - WARNING  - s_i: {0: 2.4913845095710503, 1: 4.481081436580892, 2: 2.457943376978457, 3: 1.4852820457129234, 4: 0.4611961124094628, 5: 1.0, 6: 0.4878599568338182, 7: 5.450187389477561, 8: 1.9660769347343248, 9: 1.0, 10: 1.9954598928462133, 11: 2.968354658123297, 12: 0.48639445542214055, 13: 1.4724644872521275, 14: 1.4781127852784273, 15: 3.9870950747070104, 16: 0.4873480468946201, 17: 0.46785086359387673, 18: 0.46738041374023753, 19: 0.9627105898403967, 20: 2.968134964854979, 21: 4.970501458681217, 22: 2.4309461578143314, 23: 1.9576101072280006, 24: 1.473681562402978, 25: 0.44517499796296667, 26: 4.479697226368913, 27: 0.9827558145571675, 28: 0.4817784899318627, 29: 1.0, 30: 1.4536356496937237, 31: 0.9654195513192558, 32: 1.9870720179727785, 33: 1.9771180161161601, 34: 0.48593344464721344, 35: 1.9527272322179532, 36: 0.9608638720728819, 37: 0.4684846523188684, 38: 0.9856408666764014, 39: 1.4685366157159025, 40: 5.967424230940539, 41: 0.48014407008307414, 42: 0.4868144500216236, 43: 2.4614174283014405, 44: 1.9780103406755805, 45: 0.9912834339384387, 46: 0.9793898408518177, 47: 0.49024044581450754, 48: 2.477327038939109, 49: 0.9861169754497574, 50: 2.471972654702974, 51: 3.4582912506450914, 52: 1.971327812605152, 53: 2.955175711684437, 54: 0.4833008796803413, 55: 6.491764721680653, 56: 7.471917851785845, 57: 2.9667268017629147, 58: 0.9801235718349361, 59: 5.446466218668898, 60: 2.9759576245893493, 61: 1.470257107634892, 62: 1.4560272542450208, 63: 2.4854098219536622, 64: 0.47579337738031, 65: 0.9736989412567212, 66: 1.9797910875583873, 67: 0.46345725602396776, 68: 5.4680837176984065, 69: 2.9675885230402987, 70: 2.4803349409760442, 71: 2.4805413641869345, 72: 1.4861506689831738, 73: 4.477041569842694, 74: 2.491692027957763, 75: 0.9763151575852379, 76: 3.486240788591678, 77: 2.9711429726479315, 78: 7.963490090270955, 79: 2.4837936296479564, 80: 0.9717644914538579, 81: 0.48243021103179085, 82: 2.9710414962401432, 83: 1.977342754917086, 84: 4.476744529133823, 85: 0.981488023453168, 86: 2.474036051285199, 87: 6.976495783331544, 88: 2.480009570646998, 89: 0.4951918943468798, 90: 3.982718461894104, 91: 3.4497970787761263, 92: 4.48213216071348, 93: 1.4580767942307866, 94: 3.469643290014473, 95: 6.478778119256037, 96: 0.48181008284980154, 97: 0.971772537011361, 98: 0.9644126238197357, 99: 2.995295868743101}
2025-01-28 04:51:54 - WARNING  - Sum of s_i: 226.9789212038384
2025-01-28 04:52:13 - WARNING  - Shapley share: {94: -0.49999999999999933, 3: -0.20000000000000018, 59: -0.19999999999999962, 92: -0.3500000000000003, 89: 0.14999999999999958, 26: 0.09999999999999953, 20: -0.20000000000000018, 8: -0.40000000000000036, 63: -0.44999999999999984, 64: -0.3500000000000003}
2025-01-28 04:52:17 - WARNING  - Epoch:   144. Accuracy: Top-1: 64.00 | Loss: value: 1.00
2025-01-28 04:52:17 - WARNING  - Epoch 144
2025-01-28 04:52:17 - WARNING  - s_i: {0: 2.4913845095710503, 1: 4.481081436580892, 2: 2.457943376978457, 3: 1.4852820457129234, 4: 0.4611961124094628, 5: 1.0, 6: 0.4878599568338182, 7: 5.450187389477561, 8: 1.9660769347343248, 9: 1.0, 10: 1.9954598928462133, 11: 2.968354658123297, 12: 0.48639445542214055, 13: 1.4724644872521275, 14: 1.4781127852784273, 15: 3.9870950747070104, 16: 0.4873480468946201, 17: 0.46785086359387673, 18: 0.46738041374023753, 19: 0.9627105898403967, 20: 0.9635828169771168, 21: 4.970501458681217, 22: 2.4309461578143314, 23: 1.9576101072280006, 24: 1.473681562402978, 25: 0.44517499796296667, 26: 5.475636671642691, 27: 0.9827558145571675, 28: 0.4817784899318627, 29: 1.0, 30: 1.4536356496937237, 31: 0.9654195513192558, 32: 1.9870720179727785, 33: 1.9771180161161601, 34: 0.48593344464721344, 35: 1.9527272322179532, 36: 0.9608638720728819, 37: 0.4684846523188684, 38: 0.9856408666764014, 39: 1.4685366157159025, 40: 5.967424230940539, 41: 0.48014407008307414, 42: 0.4868144500216236, 43: 2.4614174283014405, 44: 1.9780103406755805, 45: 0.9912834339384387, 46: 0.9793898408518177, 47: 0.49024044581450754, 48: 2.477327038939109, 49: 0.9861169754497574, 50: 2.471972654702974, 51: 3.4582912506450914, 52: 1.971327812605152, 53: 2.955175711684437, 54: 0.4833008796803413, 55: 6.491764721680653, 56: 7.471917851785845, 57: 2.9667268017629147, 58: 0.9801235718349361, 59: 3.4423482354895865, 60: 2.9759576245893493, 61: 1.470257107634892, 62: 1.4560272542450208, 63: 2.4854098219536622, 64: 0.47579337738031, 65: 0.9736989412567212, 66: 1.9797910875583873, 67: 0.46345725602396776, 68: 5.4680837176984065, 69: 2.9675885230402987, 70: 2.4803349409760442, 71: 2.4805413641869345, 72: 1.4861506689831738, 73: 4.477041569842694, 74: 2.491692027957763, 75: 0.9763151575852379, 76: 3.486240788591678, 77: 2.9711429726479315, 78: 7.963490090270955, 79: 2.4837936296479564, 80: 0.9717644914538579, 81: 0.48243021103179085, 82: 2.9710414962401432, 83: 1.977342754917086, 84: 4.476744529133823, 85: 0.981488023453168, 86: 2.474036051285199, 87: 6.976495783331544, 88: 2.480009570646998, 89: 1.990383788693756, 90: 3.982718461894104, 91: 3.4497970787761263, 92: 0.9776652008918472, 93: 1.4580767942307866, 94: 3.469643290014473, 95: 6.478778119256037, 96: 0.48181008284980154, 97: 0.971772537011361, 98: 0.9644126238197357, 99: 2.995295868743101}
2025-01-28 04:52:17 - WARNING  - Sum of s_i: 221.95691545258026
2025-01-28 04:52:34 - WARNING  - Shapley share: {61: -0.2500000000000002, 85: 0.0, 46: 0.19999999999999962, 10: -0.0500000000000006, 29: 0.09999999999999953, 20: 0.050000000000000044, 11: -0.04999999999999949, 89: 0.0, 51: 0.3999999999999998, 56: 0.0}
2025-01-28 04:52:39 - WARNING  - Epoch:   145. Accuracy: Top-1: 63.16 | Loss: value: 1.00
2025-01-28 04:52:39 - WARNING  - Epoch 145
2025-01-28 04:52:39 - WARNING  - s_i: {0: 2.4913845095710503, 1: 4.481081436580892, 2: 2.457943376978457, 3: 1.4852820457129234, 4: 0.4611961124094628, 5: 1.0, 6: 0.4878599568338182, 7: 5.450187389477561, 8: 1.9660769347343248, 9: 1.0, 10: 1.49091978569242, 11: 2.463833894998059, 12: 0.48639445542214055, 13: 1.4724644872521275, 14: 1.4781127852784273, 15: 3.9870950747070104, 16: 0.4873480468946201, 17: 0.46785086359387673, 18: 0.46738041374023753, 19: 0.9627105898403967, 20: 1.4590306690992567, 21: 4.970501458681217, 22: 2.4309461578143314, 23: 1.9576101072280006, 24: 1.473681562402978, 25: 0.44517499796296667, 26: 5.475636671642691, 27: 0.9827558145571675, 28: 0.4817784899318627, 29: 1.9959153092990638, 30: 1.4536356496937237, 31: 0.9654195513192558, 32: 1.9870720179727785, 33: 1.9771180161161601, 34: 0.48593344464721344, 35: 1.9527272322179532, 36: 0.9608638720728819, 37: 0.4684846523188684, 38: 0.9856408666764014, 39: 1.4685366157159025, 40: 5.967424230940539, 41: 0.48014407008307414, 42: 0.4868144500216236, 43: 2.4614174283014405, 44: 1.9780103406755805, 45: 0.9912834339384387, 46: 2.975267809022177, 47: 0.49024044581450754, 48: 2.477327038939109, 49: 0.9861169754497574, 50: 2.471972654702974, 51: 7.454120375709598, 52: 1.971327812605152, 53: 2.955175711684437, 54: 0.4833008796803413, 55: 6.491764721680653, 56: 7.467906116326679, 57: 2.9667268017629147, 58: 0.9801235718349361, 59: 3.4423482354895865, 60: 2.9759576245893493, 61: 1.470257107634892, 62: 1.4560272542450208, 63: 2.4854098219536622, 64: 0.47579337738031, 65: 0.9736989412567212, 66: 1.9797910875583873, 67: 0.46345725602396776, 68: 5.4680837176984065, 69: 2.9675885230402987, 70: 2.4803349409760442, 71: 2.4805413641869345, 72: 1.4861506689831738, 73: 4.477041569842694, 74: 2.491692027957763, 75: 0.9763151575852379, 76: 3.486240788591678, 77: 2.9711429726479315, 78: 7.963490090270955, 79: 2.4837936296479564, 80: 0.9717644914538579, 81: 0.48243021103179085, 82: 2.9710414962401432, 83: 1.977342754917086, 84: 4.476744529133823, 85: 0.9768600293164584, 86: 2.474036051285199, 87: 6.976495783331544, 88: 2.480009570646998, 89: 1.9855756830406364, 90: 3.982718461894104, 91: 3.4497970787761263, 92: 0.9776652008918472, 93: 1.4580767942307866, 94: 3.469643290014473, 95: 6.478778119256037, 96: 0.48181008284980154, 97: 0.971772537011361, 98: 0.9644126238197357, 99: 2.995295868743101}
2025-01-28 04:52:39 - WARNING  - Sum of s_i: 228.4174770017083
2025-01-28 04:52:55 - WARNING  - Shapley share: {77: 0.14999999999999958, 0: -0.10000000000000009, 97: -0.15000000000000013, 81: 0.04999999999999949, 33: 0.2499999999999991, 92: 0.24999999999999967, 49: 0.0, 37: 0.09999999999999953, 25: 0.050000000000000044, 85: 0.2499999999999991}
2025-01-28 04:53:00 - WARNING  - Epoch:   146. Accuracy: Top-1: 65.87 | Loss: value: 0.94
2025-01-28 04:53:00 - WARNING  - Epoch 146
2025-01-28 04:53:00 - WARNING  - s_i: {0: 1.4870767643565768, 1: 4.481081436580892, 2: 2.457943376978457, 3: 1.4852820457129234, 4: 0.4611961124094628, 5: 1.0, 6: 0.4878599568338182, 7: 5.450187389477561, 8: 1.9660769347343248, 9: 1.0, 10: 1.49091978569242, 11: 2.463833894998059, 12: 0.48639445542214055, 13: 1.4724644872521275, 14: 1.4781127852784273, 15: 3.9870950747070104, 16: 0.4873480468946201, 17: 0.46785086359387673, 18: 0.46738041374023753, 19: 0.9627105898403967, 20: 1.4590306690992567, 21: 4.970501458681217, 22: 2.4309461578143314, 23: 1.9576101072280006, 24: 1.473681562402978, 25: 0.940190906868691, 26: 5.475636671642691, 27: 0.9827558145571675, 28: 0.4817784899318627, 29: 1.9959153092990638, 30: 1.4536356496937237, 31: 0.9654195513192558, 32: 1.9870720179727785, 33: 4.472541619339382, 34: 0.48593344464721344, 35: 1.9527272322179532, 36: 0.9608638720728819, 37: 1.463982459792988, 38: 0.9856408666764014, 39: 1.4685366157159025, 40: 5.967424230940539, 41: 0.48014407008307414, 42: 0.4868144500216236, 43: 2.4614174283014405, 44: 1.9780103406755805, 45: 0.9912834339384387, 46: 2.975267809022177, 47: 0.49024044581450754, 48: 2.477327038939109, 49: 0.9814893005996765, 50: 2.471972654702974, 51: 7.454120375709598, 52: 1.971327812605152, 53: 2.955175711684437, 54: 0.4833008796803413, 55: 6.491764721680653, 56: 7.467906116326679, 57: 2.9667268017629147, 58: 0.9801235718349361, 59: 3.4423482354895865, 60: 2.9759576245893493, 61: 1.470257107634892, 62: 1.4560272542450208, 63: 2.4854098219536622, 64: 0.47579337738031, 65: 0.9736989412567212, 66: 1.9797910875583873, 67: 0.46345725602396776, 68: 5.4680837176984065, 69: 2.9675885230402987, 70: 2.4803349409760442, 71: 2.4805413641869345, 72: 1.4861506689831738, 73: 4.477041569842694, 74: 2.491692027957763, 75: 0.9763151575852379, 76: 3.486240788591678, 77: 4.466333468089251, 78: 7.963490090270955, 79: 2.4837936296479564, 80: 0.9717644914538579, 81: 0.9780377637897328, 82: 2.9710414962401432, 83: 1.977342754917086, 84: 4.476744529133823, 85: 3.47223203517974, 86: 2.474036051285199, 87: 6.976495783331544, 88: 2.480009570646998, 89: 1.9855756830406364, 90: 3.982718461894104, 91: 3.4497970787761263, 92: 3.4731982410702145, 93: 1.4580767942307866, 94: 3.469643290014473, 95: 6.478778119256037, 96: 0.48181008284980154, 97: 0.971772537011361, 98: 0.9644126238197357, 99: 2.995295868743101}
2025-01-28 04:53:00 - WARNING  - Sum of s_i: 238.3761819954877
2025-01-28 04:53:18 - WARNING  - Shapley share: {26: 0.39999999999999925, 5: 0.0, 46: 0.1500000000000007, 88: 0.3999999999999998, 86: -0.09999999999999953, 62: 0.0, 11: 0.44999999999999984, 52: 0.20000000000000018, 99: -0.050000000000000044, 23: 0.19999999999999962}
2025-01-28 04:53:23 - WARNING  - Epoch:   147. Accuracy: Top-1: 66.31 | Loss: value: 0.95
2025-01-28 04:53:23 - WARNING  - Epoch 147
2025-01-28 04:53:23 - WARNING  - s_i: {0: 1.4870767643565768, 1: 4.481081436580892, 2: 2.457943376978457, 3: 1.4852820457129234, 4: 0.4611961124094628, 5: 0.995044216036866, 6: 0.4878599568338182, 7: 5.450187389477561, 8: 1.9660769347343248, 9: 1.0, 10: 1.49091978569242, 11: 6.959313131872815, 12: 0.48639445542214055, 13: 1.4724644872521275, 14: 1.4781127852784273, 15: 3.9870950747070104, 16: 0.4873480468946201, 17: 0.46785086359387673, 18: 0.46738041374023753, 19: 0.9627105898403967, 20: 1.4590306690992567, 21: 4.970501458681217, 22: 2.4309461578143314, 23: 3.9529001191422175, 24: 1.473681562402978, 25: 0.940190906868691, 26: 5.475636671642691, 27: 0.9827558145571675, 28: 0.4817784899318627, 29: 1.9959153092990638, 30: 1.4536356496937237, 31: 0.9654195513192558, 32: 1.9870720179727785, 33: 4.472541619339382, 34: 0.48593344464721344, 35: 1.9527272322179532, 36: 0.9608638720728819, 37: 1.463982459792988, 38: 0.9856408666764014, 39: 1.4685366157159025, 40: 5.967424230940539, 41: 0.48014407008307414, 42: 0.4868144500216236, 43: 2.4614174283014405, 44: 1.9780103406755805, 45: 0.9912834339384387, 46: 4.471145777192547, 47: 0.49024044581450754, 48: 2.477327038939109, 49: 0.9814893005996765, 50: 2.471972654702974, 51: 7.454120375709598, 52: 3.966549114706014, 53: 2.955175711684437, 54: 0.4833008796803413, 55: 6.491764721680653, 56: 7.467906116326679, 57: 2.9667268017629147, 58: 0.9801235718349361, 59: 3.4423482354895865, 60: 2.9759576245893493, 61: 1.470257107634892, 62: 1.4516299796695222, 63: 2.4854098219536622, 64: 0.47579337738031, 65: 0.9736989412567212, 66: 1.9797910875583873, 67: 0.46345725602396776, 68: 5.4680837176984065, 69: 2.9675885230402987, 70: 2.4803349409760442, 71: 2.4805413641869345, 72: 1.4861506689831738, 73: 4.477041569842694, 74: 2.491692027957763, 75: 0.9763151575852379, 76: 3.486240788591678, 77: 4.466333468089251, 78: 7.963490090270955, 79: 2.4837936296479564, 80: 0.9717644914538579, 81: 0.9780377637897328, 82: 2.9710414962401432, 83: 1.977342754917086, 84: 4.476744529133823, 85: 3.47223203517974, 86: 1.4697087264994035, 87: 6.976495783331544, 88: 6.475011963308748, 89: 1.9855756830406364, 90: 3.982718461894104, 91: 3.4497970787761263, 92: 3.4731982410702145, 93: 1.4580767942307866, 94: 3.469643290014473, 95: 6.478778119256037, 96: 0.48181008284980154, 97: 0.971772537011361, 98: 0.9644126238197357, 99: 2.4905917374862057}
2025-01-28 04:53:23 - WARNING  - Sum of s_i: 250.83466839262834
2025-01-28 04:53:39 - WARNING  - Shapley share: {28: -0.10000000000000009, 26: 0.04999999999999949, 35: 0.10000000000000009, 16: -0.14999999999999958, 76: -0.19999999999999962, 19: -0.14999999999999958, 81: -0.15000000000000013, 49: 5.551115123125783e-16, 21: -0.09999999999999953, 82: 0.10000000000000009}
2025-01-28 04:53:44 - WARNING  - Epoch:   148. Accuracy: Top-1: 64.18 | Loss: value: 1.01
2025-01-28 04:53:44 - WARNING  - Epoch 148
2025-01-28 04:53:44 - WARNING  - s_i: {0: 1.4870767643565768, 1: 4.481081436580892, 2: 2.457943376978457, 3: 1.4852820457129234, 4: 0.4611961124094628, 5: 0.995044216036866, 6: 0.4878599568338182, 7: 5.450187389477561, 8: 1.9660769347343248, 9: 1.0, 10: 1.49091978569242, 11: 6.959313131872815, 12: 0.48639445542214055, 13: 1.4724644872521275, 14: 1.4781127852784273, 15: 3.9870950747070104, 16: 0.4873480468946201, 17: 0.46785086359387673, 18: 0.46738041374023753, 19: 0.9627105898403967, 20: 1.4590306690992567, 21: 3.9655850351280906, 22: 2.4309461578143314, 23: 3.9529001191422175, 24: 1.473681562402978, 25: 0.940190906868691, 26: 5.971576116916469, 27: 0.9827558145571675, 28: 0.4817784899318627, 29: 1.9959153092990638, 30: 1.4536356496937237, 31: 0.9654195513192558, 32: 1.9870720179727785, 33: 4.472541619339382, 34: 0.48593344464721344, 35: 2.9484297078741317, 36: 0.9608638720728819, 37: 1.463982459792988, 38: 0.9856408666764014, 39: 1.4685366157159025, 40: 5.967424230940539, 41: 0.48014407008307414, 42: 0.4868144500216236, 43: 2.4614174283014405, 44: 1.9780103406755805, 45: 0.9912834339384387, 46: 4.471145777192547, 47: 0.49024044581450754, 48: 2.477327038939109, 49: 0.9768616257496012, 50: 2.471972654702974, 51: 7.454120375709598, 52: 3.966549114706014, 53: 2.955175711684437, 54: 0.4833008796803413, 55: 6.491764721680653, 56: 7.467906116326679, 57: 2.9667268017629147, 58: 0.9801235718349361, 59: 3.4423482354895865, 60: 2.9759576245893493, 61: 1.470257107634892, 62: 1.4516299796695222, 63: 2.4854098219536622, 64: 0.47579337738031, 65: 0.9736989412567212, 66: 1.9797910875583873, 67: 0.46345725602396776, 68: 5.4680837176984065, 69: 2.9675885230402987, 70: 2.4803349409760442, 71: 2.4805413641869345, 72: 1.4861506689831738, 73: 4.477041569842694, 74: 2.491692027957763, 75: 0.9763151575852379, 76: 1.481654384788908, 77: 4.466333468089251, 78: 7.963490090270955, 79: 2.4837936296479564, 80: 0.9717644914538579, 81: 0.9780377637897328, 82: 3.9662150789468344, 83: 1.977342754917086, 84: 4.476744529133823, 85: 3.47223203517974, 86: 1.4697087264994035, 87: 6.976495783331544, 88: 6.475011963308748, 89: 1.9855756830406364, 90: 3.982718461894104, 91: 3.4497970787761263, 92: 3.4731982410702145, 93: 1.4580767942307866, 94: 3.469643290014473, 95: 6.478778119256037, 96: 0.48181008284980154, 97: 0.971772537011361, 98: 0.9644126238197357, 99: 2.4905917374862057}
2025-01-28 04:53:44 - WARNING  - Sum of s_i: 250.30735339405902
2025-01-28 04:53:59 - WARNING  - Shapley share: {64: 0.15000000000000013, 93: -0.15000000000000013, 72: -0.09999999999999953, 58: -0.14999999999999958, 53: -5.551115123125783e-16, 98: 0.04999999999999949, 12: 0.39999999999999925, 54: -0.050000000000000044, 28: -0.10000000000000009, 3: -5.551115123125783e-16}
2025-01-28 04:54:03 - WARNING  - Epoch:   149. Accuracy: Top-1: 66.44 | Loss: value: 0.95
2025-01-28 04:54:03 - WARNING  - Epoch 149
2025-01-28 04:54:03 - WARNING  - s_i: {0: 1.4870767643565768, 1: 4.481081436580892, 2: 2.457943376978457, 3: 1.480376060950556, 4: 0.4611961124094628, 5: 0.995044216036866, 6: 0.4878599568338182, 7: 5.450187389477561, 8: 1.9660769347343248, 9: 1.0, 10: 1.49091978569242, 11: 6.959313131872815, 12: 4.4818592738961796, 13: 1.4724644872521275, 14: 1.4781127852784273, 15: 3.9870950747070104, 16: 0.4873480468946201, 17: 0.46785086359387673, 18: 0.46738041374023753, 19: 0.9627105898403967, 20: 1.4590306690992567, 21: 3.9655850351280906, 22: 2.4309461578143314, 23: 3.9529001191422175, 24: 1.473681562402978, 25: 0.940190906868691, 26: 5.971576116916469, 27: 0.9827558145571675, 28: 0.4817784899318627, 29: 1.9959153092990638, 30: 1.4536356496937237, 31: 0.9654195513192558, 32: 1.9870720179727785, 33: 4.472541619339382, 34: 0.48593344464721344, 35: 2.9484297078741317, 36: 0.9608638720728819, 37: 1.463982459792988, 38: 0.9856408666764014, 39: 1.4685366157159025, 40: 5.967424230940539, 41: 0.48014407008307414, 42: 0.4868144500216236, 43: 2.4614174283014405, 44: 1.9780103406755805, 45: 0.9912834339384387, 46: 4.471145777192547, 47: 0.49024044581450754, 48: 2.477327038939109, 49: 0.9768616257496012, 50: 2.471972654702974, 51: 7.454120375709598, 52: 3.966549114706014, 53: 2.950195235204925, 54: 0.4833008796803413, 55: 6.491764721680653, 56: 7.467906116326679, 57: 2.9667268017629147, 58: 0.9801235718349361, 59: 3.4423482354895865, 60: 2.9759576245893493, 61: 1.470257107634892, 62: 1.4516299796695222, 63: 2.4854098219536622, 64: 1.970952052856374, 65: 0.9736989412567212, 66: 1.9797910875583873, 67: 0.46345725602396776, 68: 5.4680837176984065, 69: 2.9675885230402987, 70: 2.4803349409760442, 71: 2.4805413641869345, 72: 0.48153422531090295, 73: 4.477041569842694, 74: 2.491692027957763, 75: 0.9763151575852379, 76: 1.481654384788908, 77: 4.466333468089251, 78: 7.963490090270955, 79: 2.4837936296479564, 80: 0.9717644914538579, 81: 0.9780377637897328, 82: 3.9662150789468344, 83: 1.977342754917086, 84: 4.476744529133823, 85: 3.47223203517974, 86: 1.4697087264994035, 87: 6.976495783331544, 88: 6.475011963308748, 89: 1.9855756830406364, 90: 3.982718461894104, 91: 3.4497970787761263, 92: 3.4731982410702145, 93: 1.4580767942307866, 94: 3.469643290014473, 95: 6.478778119256037, 96: 0.48181008284980154, 97: 0.971772537011361, 98: 1.4599642017971979, 99: 2.4905917374862057}
2025-01-28 04:54:03 - WARNING  - Sum of s_i: 255.27902556107244
2025-01-28 04:54:21 - WARNING  - Shapley share: {1: -0.14999999999999958, 22: -0.44999999999999984, 37: 0.0, 73: -0.10000000000000009, 86: 0.0, 85: -0.30000000000000027, 32: -0.8499999999999996, 46: -0.5999999999999994, 39: -0.2500000000000002, 20: -0.5999999999999994}
2025-01-28 04:54:26 - WARNING  - Epoch:   150. Accuracy: Top-1: 64.52 | Loss: value: 0.99
2025-01-28 04:54:26 - WARNING  - Epoch 150
2025-01-28 04:54:26 - WARNING  - s_i: {0: 1.4870767643565768, 1: 2.97635179572612, 2: 2.457943376978457, 3: 1.480376060950556, 4: 0.4611961124094628, 5: 0.995044216036866, 6: 0.4878599568338182, 7: 5.450187389477561, 8: 1.9660769347343248, 9: 1.0, 10: 1.49091978569242, 11: 6.959313131872815, 12: 4.4818592738961796, 13: 1.4724644872521275, 14: 1.4781127852784273, 15: 3.9870950747070104, 16: 0.4873480468946201, 17: 0.46785086359387673, 18: 0.46738041374023753, 19: 0.9627105898403967, 20: 1.4590306690992567, 21: 3.9655850351280906, 22: 2.4309461578143314, 23: 3.9529001191422175, 24: 1.473681562402978, 25: 0.940190906868691, 26: 5.971576116916469, 27: 0.9827558145571675, 28: 0.4817784899318627, 29: 1.9959153092990638, 30: 1.4536356496937237, 31: 0.9654195513192558, 32: 1.9870720179727785, 33: 4.472541619339382, 34: 0.48593344464721344, 35: 2.9484297078741317, 36: 0.9608638720728819, 37: 1.4594802672671123, 38: 0.9856408666764014, 39: 1.4685366157159025, 40: 5.967424230940539, 41: 0.48014407008307414, 42: 0.4868144500216236, 43: 2.4614174283014405, 44: 1.9780103406755805, 45: 0.9912834339384387, 46: 4.471145777192547, 47: 0.49024044581450754, 48: 2.477327038939109, 49: 0.9768616257496012, 50: 2.471972654702974, 51: 7.454120375709598, 52: 3.966549114706014, 53: 2.950195235204925, 54: 0.4833008796803413, 55: 6.491764721680653, 56: 7.467906116326679, 57: 2.9667268017629147, 58: 0.9801235718349361, 59: 3.4423482354895865, 60: 2.9759576245893493, 61: 1.470257107634892, 62: 1.4516299796695222, 63: 2.4854098219536622, 64: 1.970952052856374, 65: 0.9736989412567212, 66: 1.9797910875583873, 67: 0.46345725602396776, 68: 5.4680837176984065, 69: 2.9675885230402987, 70: 2.4803349409760442, 71: 2.4805413641869345, 72: 0.48153422531090295, 73: 3.4724498838112323, 74: 2.491692027957763, 75: 0.9763151575852379, 76: 1.481654384788908, 77: 4.466333468089251, 78: 7.963490090270955, 79: 2.4837936296479564, 80: 0.9717644914538579, 81: 0.9780377637897328, 82: 3.9662150789468344, 83: 1.977342754917086, 84: 4.476744529133823, 85: 0.4676040410430278, 86: 1.4653814017136033, 87: 6.976495783331544, 88: 6.475011963308748, 89: 1.9855756830406364, 90: 3.982718461894104, 91: 3.4497970787761263, 92: 3.4731982410702145, 93: 1.4580767942307866, 94: 3.469643290014473, 95: 6.478778119256037, 96: 0.48181008284980154, 97: 0.971772537011361, 98: 1.4599642017971979, 99: 2.4905917374862057}
2025-01-28 04:54:26 - WARNING  - Sum of s_i: 249.7562467227378
2025-01-28 04:54:31 - WARNING  - The sum of accs: 60.0
2025-01-28 04:54:31 - WARNING  - The welfare is 59.88838514354337
2025-01-28 04:54:49 - WARNING  - Shapley share: {75: 0.050000000000000044, 5: -0.2999999999999997, 51: -0.40000000000000036, 55: -0.2500000000000002, 68: -0.7999999999999996, 49: -0.65, 4: -0.7499999999999996, 9: -0.20000000000000018, 97: -0.7999999999999996, 78: -0.29999999999999916}
2025-01-28 04:54:54 - WARNING  - Epoch:   151. Accuracy: Top-1: 63.66 | Loss: value: 1.04
2025-01-28 04:54:54 - WARNING  - Epoch 151
2025-01-28 04:54:54 - WARNING  - s_i: {0: 1.4870767643565768, 1: 2.97635179572612, 2: 2.457943376978457, 3: 1.480376060950556, 4: 0.4611961124094628, 5: 0.995044216036866, 6: 0.4878599568338182, 7: 5.450187389477561, 8: 1.9660769347343248, 9: 1.0, 10: 1.49091978569242, 11: 6.959313131872815, 12: 4.4818592738961796, 13: 1.4724644872521275, 14: 1.4781127852784273, 15: 3.9870950747070104, 16: 0.4873480468946201, 17: 0.46785086359387673, 18: 0.46738041374023753, 19: 0.9627105898403967, 20: 1.4590306690992567, 21: 3.9655850351280906, 22: 2.4309461578143314, 23: 3.9529001191422175, 24: 1.473681562402978, 25: 0.940190906868691, 26: 5.971576116916469, 27: 0.9827558145571675, 28: 0.4817784899318627, 29: 1.9959153092990638, 30: 1.4536356496937237, 31: 0.9654195513192558, 32: 1.9870720179727785, 33: 4.472541619339382, 34: 0.48593344464721344, 35: 2.9484297078741317, 36: 0.9608638720728819, 37: 1.4594802672671123, 38: 0.9856408666764014, 39: 1.4685366157159025, 40: 5.967424230940539, 41: 0.48014407008307414, 42: 0.4868144500216236, 43: 2.4614174283014405, 44: 1.9780103406755805, 45: 0.9912834339384387, 46: 4.471145777192547, 47: 0.49024044581450754, 48: 2.477327038939109, 49: 0.9768616257496012, 50: 2.471972654702974, 51: 3.449949500774104, 52: 3.966549114706014, 53: 2.950195235204925, 54: 0.4833008796803413, 55: 3.9876470825209815, 56: 7.467906116326679, 57: 2.9667268017629147, 58: 0.9801235718349361, 59: 3.4423482354895865, 60: 2.9759576245893493, 61: 1.470257107634892, 62: 1.4516299796695222, 63: 2.4854098219536622, 64: 1.970952052856374, 65: 0.9736989412567212, 66: 1.9797910875583873, 67: 0.46345725602396776, 68: 5.4680837176984065, 69: 2.9675885230402987, 70: 2.4803349409760442, 71: 2.4805413641869345, 72: 0.48153422531090295, 73: 3.4724498838112323, 74: 2.491692027957763, 75: 1.4715781891022859, 76: 1.481654384788908, 77: 4.466333468089251, 78: 4.959433433634405, 79: 2.4837936296479564, 80: 0.9717644914538579, 81: 0.9780377637897328, 82: 3.9662150789468344, 83: 1.977342754917086, 84: 4.476744529133823, 85: 0.4676040410430278, 86: 1.4653814017136033, 87: 6.976495783331544, 88: 6.475011963308748, 89: 1.9855756830406364, 90: 3.982718461894104, 91: 3.4497970787761263, 92: 3.4731982410702145, 93: 1.4580767942307866, 94: 3.469643290014473, 95: 6.478778119256037, 96: 0.48181008284980154, 97: 0.971772537011361, 98: 1.4599642017971979, 99: 2.4905917374862057}
2025-01-28 04:54:54 - WARNING  - Sum of s_i: 240.73916458352315
2025-01-28 04:55:10 - WARNING  - Shapley share: {91: -0.6500000000000006, 62: -0.30000000000000027, 90: -0.40000000000000036, 15: 0.15000000000000013, 10: -0.2500000000000002, 36: -0.3500000000000003, 85: -0.10000000000000009, 42: 0.2500000000000002, 96: -0.2500000000000002, 74: 0.2500000000000002}
2025-01-28 04:55:15 - WARNING  - Epoch:   152. Accuracy: Top-1: 65.91 | Loss: value: 0.96
2025-01-28 04:55:15 - WARNING  - Epoch 152
2025-01-28 04:55:15 - WARNING  - s_i: {0: 1.4870767643565768, 1: 2.97635179572612, 2: 2.457943376978457, 3: 1.480376060950556, 4: 0.4611961124094628, 5: 0.995044216036866, 6: 0.4878599568338182, 7: 5.450187389477561, 8: 1.9660769347343248, 9: 1.0, 10: 1.49091978569242, 11: 6.959313131872815, 12: 4.4818592738961796, 13: 1.4724644872521275, 14: 1.4781127852784273, 15: 5.482793432942681, 16: 0.4873480468946201, 17: 0.46785086359387673, 18: 0.46738041374023753, 19: 0.9627105898403967, 20: 1.4590306690992567, 21: 3.9655850351280906, 22: 2.4309461578143314, 23: 3.9529001191422175, 24: 1.473681562402978, 25: 0.940190906868691, 26: 5.971576116916469, 27: 0.9827558145571675, 28: 0.4817784899318627, 29: 1.9959153092990638, 30: 1.4536356496937237, 31: 0.9654195513192558, 32: 1.9870720179727785, 33: 4.472541619339382, 34: 0.48593344464721344, 35: 2.9484297078741317, 36: 0.9608638720728819, 37: 1.4594802672671123, 38: 0.9856408666764014, 39: 1.4685366157159025, 40: 5.967424230940539, 41: 0.48014407008307414, 42: 2.982419266695498, 43: 2.4614174283014405, 44: 1.9780103406755805, 45: 0.9912834339384387, 46: 4.471145777192547, 47: 0.49024044581450754, 48: 2.477327038939109, 49: 0.9768616257496012, 50: 2.471972654702974, 51: 3.449949500774104, 52: 3.966549114706014, 53: 2.950195235204925, 54: 0.4833008796803413, 55: 3.9876470825209815, 56: 7.467906116326679, 57: 2.9667268017629147, 58: 0.9801235718349361, 59: 3.4423482354895865, 60: 2.9759576245893493, 61: 1.470257107634892, 62: 1.4516299796695222, 63: 2.4854098219536622, 64: 1.970952052856374, 65: 0.9736989412567212, 66: 1.9797910875583873, 67: 0.46345725602396776, 68: 5.4680837176984065, 69: 2.9675885230402987, 70: 2.4803349409760442, 71: 2.4805413641869345, 72: 0.48153422531090295, 73: 3.4724498838112323, 74: 4.987538041936649, 75: 1.4715781891022859, 76: 1.481654384788908, 77: 4.466333468089251, 78: 4.959433433634405, 79: 2.4837936296479564, 80: 0.9717644914538579, 81: 0.9780377637897328, 82: 3.9662150789468344, 83: 1.977342754917086, 84: 4.476744529133823, 85: 0.4676040410430278, 86: 1.4653814017136033, 87: 6.976495783331544, 88: 6.475011963308748, 89: 1.9855756830406364, 90: 3.982718461894104, 91: 3.4497970787761263, 92: 3.4731982410702145, 93: 1.4580767942307866, 94: 3.469643290014473, 95: 6.478778119256037, 96: 0.48181008284980154, 97: 0.971772537011361, 98: 1.4599642017971979, 99: 2.4905917374862057}
2025-01-28 04:55:15 - WARNING  - Sum of s_i: 247.22631377241157
2025-01-28 04:55:34 - WARNING  - Shapley share: {71: -0.14999999999999958, 11: -0.44999999999999984, 21: -5.551115123125783e-16, 13: -0.050000000000000044, 93: -0.65, 36: -0.2500000000000002, 7: 0.24999999999999967, 18: -0.14999999999999958, 78: -0.20000000000000018, 19: -0.3500000000000003}
2025-01-28 04:55:39 - WARNING  - Epoch:   153. Accuracy: Top-1: 66.97 | Loss: value: 0.93
2025-01-28 04:55:39 - WARNING  - Epoch 153
2025-01-28 04:55:39 - WARNING  - s_i: {0: 1.4870767643565768, 1: 2.97635179572612, 2: 2.457943376978457, 3: 1.480376060950556, 4: 0.4611961124094628, 5: 0.995044216036866, 6: 0.4878599568338182, 7: 7.945206128425314, 8: 1.9660769347343248, 9: 1.0, 10: 1.49091978569242, 11: 2.4547923687475732, 12: 4.4818592738961796, 13: 0.9678752351274801, 14: 1.4781127852784273, 15: 5.482793432942681, 16: 0.4873480468946201, 17: 0.46785086359387673, 18: 0.46738041374023753, 19: 0.9627105898403967, 20: 1.4590306690992567, 21: 3.960668611574954, 22: 2.4309461578143314, 23: 3.9529001191422175, 24: 1.473681562402978, 25: 0.940190906868691, 26: 5.971576116916469, 27: 0.9827558145571675, 28: 0.4817784899318627, 29: 1.9959153092990638, 30: 1.4536356496937237, 31: 0.9654195513192558, 32: 1.9870720179727785, 33: 4.472541619339382, 34: 0.48593344464721344, 35: 2.9484297078741317, 36: 0.9608638720728819, 37: 1.4594802672671123, 38: 0.9856408666764014, 39: 1.4685366157159025, 40: 5.967424230940539, 41: 0.48014407008307414, 42: 2.982419266695498, 43: 2.4614174283014405, 44: 1.9780103406755805, 45: 0.9912834339384387, 46: 4.471145777192547, 47: 0.49024044581450754, 48: 2.477327038939109, 49: 0.9768616257496012, 50: 2.471972654702974, 51: 3.449949500774104, 52: 3.966549114706014, 53: 2.950195235204925, 54: 0.4833008796803413, 55: 3.9876470825209815, 56: 7.467906116326679, 57: 2.9667268017629147, 58: 0.9801235718349361, 59: 3.4423482354895865, 60: 2.9759576245893493, 61: 1.470257107634892, 62: 1.4516299796695222, 63: 2.4854098219536622, 64: 1.970952052856374, 65: 0.9736989412567212, 66: 1.9797910875583873, 67: 0.46345725602396776, 68: 5.4680837176984065, 69: 2.9675885230402987, 70: 2.4803349409760442, 71: 0.9756767052336723, 72: 0.48153422531090295, 73: 3.4724498838112323, 74: 4.987538041936649, 75: 1.4715781891022859, 76: 1.481654384788908, 77: 4.466333468089251, 78: 2.9553767769978436, 79: 2.4837936296479564, 80: 0.9717644914538579, 81: 0.9780377637897328, 82: 3.9662150789468344, 83: 1.977342754917086, 84: 4.476744529133823, 85: 0.4676040410430278, 86: 1.4653814017136033, 87: 6.976495783331544, 88: 6.475011963308748, 89: 1.9855756830406364, 90: 3.982718461894104, 91: 3.4497970787761263, 92: 3.4731982410702145, 93: 1.4580767942307866, 94: 3.469643290014473, 95: 6.478778119256037, 96: 0.48181008284980154, 97: 0.971772537011361, 98: 1.4599642017971979, 99: 2.4905917374862057}
2025-01-28 04:55:39 - WARNING  - Sum of s_i: 241.19838475696648
2025-01-28 04:55:54 - WARNING  - Shapley share: {9: 0.20000000000000018, 41: 0.20000000000000018, 99: 0.2500000000000002, 58: 0.20000000000000018, 71: 0.24999999999999967, 44: 0.09999999999999953, 16: 0.14999999999999958, 64: 0.10000000000000009, 21: 0.30000000000000027, 97: 0.34999999999999976}
2025-01-28 04:55:58 - WARNING  - Epoch:   154. Accuracy: Top-1: 66.66 | Loss: value: 0.94
2025-01-28 04:55:58 - WARNING  - Epoch 154
2025-01-28 04:55:58 - WARNING  - s_i: {0: 1.4870767643565768, 1: 2.97635179572612, 2: 2.457943376978457, 3: 1.480376060950556, 4: 0.4611961124094628, 5: 0.995044216036866, 6: 0.4878599568338182, 7: 7.945206128425314, 8: 1.9660769347343248, 9: 2.995253545993214, 10: 1.49091978569242, 11: 2.4547923687475732, 12: 4.4818592738961796, 13: 0.9678752351274801, 14: 1.4781127852784273, 15: 5.482793432942681, 16: 1.9831307291928226, 17: 0.46785086359387673, 18: 0.46738041374023753, 19: 0.9627105898403967, 20: 1.4590306690992567, 21: 6.955752188021825, 22: 2.4309461578143314, 23: 3.9529001191422175, 24: 1.473681562402978, 25: 0.940190906868691, 26: 5.971576116916469, 27: 0.9827558145571675, 28: 0.4817784899318627, 29: 1.9959153092990638, 30: 1.4536356496937237, 31: 0.9654195513192558, 32: 1.9870720179727785, 33: 4.472541619339382, 34: 0.48593344464721344, 35: 2.9484297078741317, 36: 0.9608638720728819, 37: 1.4594802672671123, 38: 0.9856408666764014, 39: 1.4685366157159025, 40: 5.967424230940539, 41: 2.4751800876038423, 42: 2.982419266695498, 43: 2.4614174283014405, 44: 2.9736124088106917, 45: 0.9912834339384387, 46: 4.471145777192547, 47: 0.49024044581450754, 48: 2.477327038939109, 49: 0.9768616257496012, 50: 2.471972654702974, 51: 3.449949500774104, 52: 3.966549114706014, 53: 2.950195235204925, 54: 0.4833008796803413, 55: 3.9876470825209815, 56: 7.467906116326679, 57: 2.9667268017629147, 58: 2.9751544647936727, 59: 3.4423482354895865, 60: 2.9759576245893493, 61: 1.470257107634892, 62: 1.4516299796695222, 63: 2.4854098219536622, 64: 2.9661107283324375, 65: 0.9736989412567212, 66: 1.9797910875583873, 67: 0.46345725602396776, 68: 5.4680837176984065, 69: 2.9675885230402987, 70: 2.4803349409760442, 71: 3.4708120462804026, 72: 0.48153422531090295, 73: 3.4724498838112323, 74: 4.987538041936649, 75: 1.4715781891022859, 76: 1.481654384788908, 77: 4.466333468089251, 78: 2.9553767769978436, 79: 2.4837936296479564, 80: 0.9717644914538579, 81: 0.9780377637897328, 82: 3.9662150789468344, 83: 1.977342754917086, 84: 4.476744529133823, 85: 0.4676040410430278, 86: 1.4653814017136033, 87: 6.976495783331544, 88: 6.475011963308748, 89: 1.9855756830406364, 90: 3.982718461894104, 91: 3.4497970787761263, 92: 3.4731982410702145, 93: 1.4580767942307866, 94: 3.469643290014473, 95: 6.478778119256037, 96: 0.48181008284980154, 97: 4.4670679598465854, 98: 1.4599642017971979, 99: 4.985887606229313}
2025-01-28 04:55:58 - WARNING  - Sum of s_i: 262.1510588484205
2025-01-28 04:56:17 - WARNING  - Shapley share: {60: -0.050000000000000044, 45: 0.2500000000000002, 78: 0.30000000000000027, 3: 0.5000000000000004, 34: 0.2500000000000002, 1: 0.10000000000000009, 68: -0.2500000000000002, 77: -0.2500000000000002, 24: 0.0, 21: 0.050000000000000044}
2025-01-28 04:56:21 - WARNING  - Epoch:   155. Accuracy: Top-1: 67.22 | Loss: value: 0.92
2025-01-28 04:56:21 - WARNING  - Epoch 155
2025-01-28 04:56:21 - WARNING  - s_i: {0: 1.4870767643565768, 1: 3.971622154871344, 2: 2.457943376978457, 3: 6.475470076188199, 4: 0.4611961124094628, 5: 0.995044216036866, 6: 0.4878599568338182, 7: 7.945206128425314, 8: 1.9660769347343248, 9: 2.995253545993214, 10: 1.49091978569242, 11: 2.4547923687475732, 12: 4.4818592738961796, 13: 0.9678752351274801, 14: 1.4781127852784273, 15: 5.482793432942681, 16: 1.9831307291928226, 17: 0.46785086359387673, 18: 0.46738041374023753, 19: 0.9627105898403967, 20: 1.4590306690992567, 21: 7.450835764468694, 22: 2.4309461578143314, 23: 3.9529001191422175, 24: 1.469295156136806, 25: 0.940190906868691, 26: 5.971576116916469, 27: 0.9827558145571675, 28: 0.4817784899318627, 29: 1.9959153092990638, 30: 1.4536356496937237, 31: 0.9654195513192558, 32: 1.9870720179727785, 33: 4.472541619339382, 34: 2.9812445928629527, 35: 2.9484297078741317, 36: 0.9608638720728819, 37: 1.4594802672671123, 38: 0.9856408666764014, 39: 1.4685366157159025, 40: 5.967424230940539, 41: 2.4751800876038423, 42: 2.982419266695498, 43: 2.4614174283014405, 44: 2.9736124088106917, 45: 3.4869251509076604, 46: 4.471145777192547, 47: 0.49024044581450754, 48: 2.477327038939109, 49: 0.9768616257496012, 50: 2.471972654702974, 51: 3.449949500774104, 52: 3.966549114706014, 53: 2.950195235204925, 54: 0.4833008796803413, 55: 3.9876470825209815, 56: 7.467906116326679, 57: 2.9667268017629147, 58: 2.9751544647936727, 59: 3.4423482354895865, 60: 2.4719505620209077, 61: 1.470257107634892, 62: 1.4516299796695222, 63: 2.4854098219536622, 64: 2.9661107283324375, 65: 0.9736989412567212, 66: 1.9797910875583873, 67: 0.46345725602396776, 68: 2.963524248798177, 69: 2.9675885230402987, 70: 2.4803349409760442, 71: 3.4708120462804026, 72: 0.48153422531090295, 73: 3.4724498838112323, 74: 4.987538041936649, 75: 1.4715781891022859, 76: 1.481654384788908, 77: 1.9615239635305715, 78: 5.951320120361287, 79: 2.4837936296479564, 80: 0.9717644914538579, 81: 0.9780377637897328, 82: 3.9662150789468344, 83: 1.977342754917086, 84: 4.476744529133823, 85: 0.4676040410430278, 86: 1.4653814017136033, 87: 6.976495783331544, 88: 6.475011963308748, 89: 1.9855756830406364, 90: 3.982718461894104, 91: 3.4497970787761263, 92: 3.4731982410702145, 93: 1.4580767942307866, 94: 3.469643290014473, 95: 6.478778119256037, 96: 0.48181008284980154, 97: 4.4670679598465854, 98: 1.4599642017971979, 99: 4.985887606229313}
2025-01-28 04:56:21 - WARNING  - Sum of s_i: 271.10564056550515
2025-01-28 04:56:40 - WARNING  - Shapley share: {68: -0.44999999999999984, 63: -0.050000000000000044, 2: -0.5000000000000004, 3: -0.3999999999999998, 0: -0.4999999999999999, 42: -1.3, 64: -1.0000000000000009, 56: -0.9499999999999997, 52: -1.0500000000000003, 29: -1.3}
2025-01-28 04:56:45 - WARNING  - Epoch:   156. Accuracy: Top-1: 66.72 | Loss: value: 0.94
2025-01-28 04:56:45 - WARNING  - Epoch 156
2025-01-28 04:56:45 - WARNING  - s_i: {0: 1.4870767643565768, 1: 3.971622154871344, 2: 2.457943376978457, 3: 2.4705640914258398, 4: 0.4611961124094628, 5: 0.995044216036866, 6: 0.4878599568338182, 7: 7.945206128425314, 8: 1.9660769347343248, 9: 2.995253545993214, 10: 1.49091978569242, 11: 2.4547923687475732, 12: 4.4818592738961796, 13: 0.9678752351274801, 14: 1.4781127852784273, 15: 5.482793432942681, 16: 1.9831307291928226, 17: 0.46785086359387673, 18: 0.46738041374023753, 19: 0.9627105898403967, 20: 1.4590306690992567, 21: 7.450835764468694, 22: 2.4309461578143314, 23: 3.9529001191422175, 24: 1.469295156136806, 25: 0.940190906868691, 26: 5.971576116916469, 27: 0.9827558145571675, 28: 0.4817784899318627, 29: 1.9959153092990638, 30: 1.4536356496937237, 31: 0.9654195513192558, 32: 1.9870720179727785, 33: 4.472541619339382, 34: 2.9812445928629527, 35: 2.9484297078741317, 36: 0.9608638720728819, 37: 1.4594802672671123, 38: 0.9856408666764014, 39: 1.4685366157159025, 40: 5.967424230940539, 41: 2.4751800876038423, 42: 2.982419266695498, 43: 2.4614174283014405, 44: 2.9736124088106917, 45: 3.4869251509076604, 46: 4.471145777192547, 47: 0.49024044581450754, 48: 2.477327038939109, 49: 0.9768616257496012, 50: 2.471972654702974, 51: 3.449949500774104, 52: 3.966549114706014, 53: 2.950195235204925, 54: 0.4833008796803413, 55: 3.9876470825209815, 56: 7.467906116326679, 57: 2.9667268017629147, 58: 2.9751544647936727, 59: 3.4423482354895865, 60: 2.4719505620209077, 61: 1.470257107634892, 62: 1.4516299796695222, 63: 1.9805464292715491, 64: 2.9661107283324375, 65: 0.9736989412567212, 66: 1.9797910875583873, 67: 0.46345725602396776, 68: 2.963524248798177, 69: 2.9675885230402987, 70: 2.4803349409760442, 71: 3.4708120462804026, 72: 0.48153422531090295, 73: 3.4724498838112323, 74: 4.987538041936649, 75: 1.4715781891022859, 76: 1.481654384788908, 77: 1.9615239635305715, 78: 5.951320120361287, 79: 2.4837936296479564, 80: 0.9717644914538579, 81: 0.9780377637897328, 82: 3.9662150789468344, 83: 1.977342754917086, 84: 4.476744529133823, 85: 0.4676040410430278, 86: 1.4653814017136033, 87: 6.976495783331544, 88: 6.475011963308748, 89: 1.9855756830406364, 90: 3.982718461894104, 91: 3.4497970787761263, 92: 3.4731982410702145, 93: 1.4580767942307866, 94: 3.469643290014473, 95: 6.478778119256037, 96: 0.48181008284980154, 97: 4.4670679598465854, 98: 1.4599642017971979, 99: 4.985887606229313}
2025-01-28 04:56:45 - WARNING  - Sum of s_i: 266.59587118806064
2025-01-28 04:57:06 - WARNING  - Shapley share: {26: -0.7500000000000001, 73: -0.5000000000000004, 42: -0.30000000000000027, 56: -0.9000000000000002, 1: -1.15, 2: -0.9999999999999998, 59: -0.8500000000000002, 55: -0.6, 5: -1.0499999999999998, 69: -0.7500000000000001}
2025-01-28 04:57:11 - WARNING  - Epoch:   157. Accuracy: Top-1: 67.07 | Loss: value: 0.93
2025-01-28 04:57:11 - WARNING  - Epoch 157
2025-01-28 04:57:11 - WARNING  - s_i: {0: 1.4870767643565768, 1: 3.971622154871344, 2: 2.457943376978457, 3: 2.4705640914258398, 4: 0.4611961124094628, 5: 0.995044216036866, 6: 0.4878599568338182, 7: 7.945206128425314, 8: 1.9660769347343248, 9: 2.995253545993214, 10: 1.49091978569242, 11: 2.4547923687475732, 12: 4.4818592738961796, 13: 0.9678752351274801, 14: 1.4781127852784273, 15: 5.482793432942681, 16: 1.9831307291928226, 17: 0.46785086359387673, 18: 0.46738041374023753, 19: 0.9627105898403967, 20: 1.4590306690992567, 21: 7.450835764468694, 22: 2.4309461578143314, 23: 3.9529001191422175, 24: 1.469295156136806, 25: 0.940190906868691, 26: 5.971576116916469, 27: 0.9827558145571675, 28: 0.4817784899318627, 29: 1.9959153092990638, 30: 1.4536356496937237, 31: 0.9654195513192558, 32: 1.9870720179727785, 33: 4.472541619339382, 34: 2.9812445928629527, 35: 2.9484297078741317, 36: 0.9608638720728819, 37: 1.4594802672671123, 38: 0.9856408666764014, 39: 1.4685366157159025, 40: 5.967424230940539, 41: 2.4751800876038423, 42: 2.982419266695498, 43: 2.4614174283014405, 44: 2.9736124088106917, 45: 3.4869251509076604, 46: 4.471145777192547, 47: 0.49024044581450754, 48: 2.477327038939109, 49: 0.9768616257496012, 50: 2.471972654702974, 51: 3.449949500774104, 52: 3.966549114706014, 53: 2.950195235204925, 54: 0.4833008796803413, 55: 3.9876470825209815, 56: 7.467906116326679, 57: 2.9667268017629147, 58: 2.9751544647936727, 59: 3.4423482354895865, 60: 2.4719505620209077, 61: 1.470257107634892, 62: 1.4516299796695222, 63: 1.9805464292715491, 64: 2.9661107283324375, 65: 0.9736989412567212, 66: 1.9797910875583873, 67: 0.46345725602396776, 68: 2.963524248798177, 69: 2.9675885230402987, 70: 2.4803349409760442, 71: 3.4708120462804026, 72: 0.48153422531090295, 73: 3.4724498838112323, 74: 4.987538041936649, 75: 1.4715781891022859, 76: 1.481654384788908, 77: 1.9615239635305715, 78: 5.951320120361287, 79: 2.4837936296479564, 80: 0.9717644914538579, 81: 0.9780377637897328, 82: 3.9662150789468344, 83: 1.977342754917086, 84: 4.476744529133823, 85: 0.4676040410430278, 86: 1.4653814017136033, 87: 6.976495783331544, 88: 6.475011963308748, 89: 1.9855756830406364, 90: 3.982718461894104, 91: 3.4497970787761263, 92: 3.4731982410702145, 93: 1.4580767942307866, 94: 3.469643290014473, 95: 6.478778119256037, 96: 0.48181008284980154, 97: 4.4670679598465854, 98: 1.4599642017971979, 99: 4.985887606229313}
2025-01-28 04:57:11 - WARNING  - Sum of s_i: 266.59587118806064
2025-01-28 04:57:29 - WARNING  - Shapley share: {46: -0.10000000000000009, 35: 0.3500000000000003, 76: 0.15000000000000013, 29: -0.15000000000000013, 57: -0.14999999999999958, 98: 0.0, 38: -0.24999999999999967, 18: -0.10000000000000009, 53: -0.19999999999999962, 88: -0.3999999999999998}
2025-01-28 04:57:34 - WARNING  - Epoch:   158. Accuracy: Top-1: 66.47 | Loss: value: 0.92
2025-01-28 04:57:34 - WARNING  - Epoch 158
2025-01-28 04:57:34 - WARNING  - s_i: {0: 1.4870767643565768, 1: 3.971622154871344, 2: 2.457943376978457, 3: 2.4705640914258398, 4: 0.4611961124094628, 5: 0.995044216036866, 6: 0.4878599568338182, 7: 7.945206128425314, 8: 1.9660769347343248, 9: 2.995253545993214, 10: 1.49091978569242, 11: 2.4547923687475732, 12: 4.4818592738961796, 13: 0.9678752351274801, 14: 1.4781127852784273, 15: 5.482793432942681, 16: 1.9831307291928226, 17: 0.46785086359387673, 18: 0.46738041374023753, 19: 0.9627105898403967, 20: 1.4590306690992567, 21: 7.450835764468694, 22: 2.4309461578143314, 23: 3.9529001191422175, 24: 1.469295156136806, 25: 0.940190906868691, 26: 5.971576116916469, 27: 0.9827558145571675, 28: 0.4817784899318627, 29: 0.49183061859813093, 30: 1.4536356496937237, 31: 0.9654195513192558, 32: 1.9870720179727785, 33: 4.472541619339382, 34: 2.9812445928629527, 35: 6.4441321835303125, 36: 0.9608638720728819, 37: 1.4594802672671123, 38: 0.9856408666764014, 39: 1.4685366157159025, 40: 5.967424230940539, 41: 2.4751800876038423, 42: 2.982419266695498, 43: 2.4614174283014405, 44: 2.9736124088106917, 45: 3.4869251509076604, 46: 3.467023745362909, 47: 0.49024044581450754, 48: 2.477327038939109, 49: 0.9768616257496012, 50: 2.471972654702974, 51: 3.449949500774104, 52: 3.966549114706014, 53: 0.9452147587254225, 54: 0.4833008796803413, 55: 3.9876470825209815, 56: 7.467906116326679, 57: 1.4619734877290487, 58: 2.9751544647936727, 59: 3.4423482354895865, 60: 2.4719505620209077, 61: 1.470257107634892, 62: 1.4516299796695222, 63: 1.9805464292715491, 64: 2.9661107283324375, 65: 0.9736989412567212, 66: 1.9797910875583873, 67: 0.46345725602396776, 68: 2.963524248798177, 69: 2.9675885230402987, 70: 2.4803349409760442, 71: 3.4708120462804026, 72: 0.48153422531090295, 73: 3.4724498838112323, 74: 4.987538041936649, 75: 1.4715781891022859, 76: 2.977067980986136, 77: 1.9615239635305715, 78: 5.951320120361287, 79: 2.4837936296479564, 80: 0.9717644914538579, 81: 0.9780377637897328, 82: 3.9662150789468344, 83: 1.977342754917086, 84: 4.476744529133823, 85: 0.4676040410430278, 86: 1.4653814017136033, 87: 6.976495783331544, 88: 2.470014355970501, 89: 1.9855756830406364, 90: 3.982718461894104, 91: 3.4497970787761263, 92: 3.4731982410702145, 93: 1.4580767942307866, 94: 3.469643290014473, 95: 6.478778119256037, 96: 0.48181008284980154, 97: 4.4670679598465854, 98: 1.4555157797746652, 99: 4.985887606229313}
2025-01-28 04:57:34 - WARNING  - Sum of s_i: 261.55960071750934
2025-01-28 04:57:51 - WARNING  - Shapley share: {17: 0.30000000000000027, 24: 0.6, 54: 0.10000000000000064, 13: 0.3500000000000003, 42: 0.20000000000000018, 26: 0.49999999999999933, 11: 0.24999999999999967, 78: 0.4999999999999999, 0: 0.4499999999999993, 69: 0.6499999999999995}
2025-01-28 04:57:56 - WARNING  - Epoch:   159. Accuracy: Top-1: 63.94 | Loss: value: 1.02
2025-01-28 04:57:56 - WARNING  - Epoch 159
2025-01-28 04:57:56 - WARNING  - s_i: {0: 5.982769019142097, 1: 3.971622154871344, 2: 2.457943376978457, 3: 2.4705640914258398, 4: 0.4611961124094628, 5: 0.995044216036866, 6: 0.4878599568338182, 7: 7.945206128425314, 8: 1.9660769347343248, 9: 2.995253545993214, 10: 1.49091978569242, 11: 4.950271605622327, 12: 4.4818592738961796, 13: 4.463285983002836, 14: 1.4781127852784273, 15: 5.482793432942681, 16: 1.9831307291928226, 17: 3.4638322215431145, 18: 0.46738041374023753, 19: 0.9627105898403967, 20: 1.4590306690992567, 21: 7.450835764468694, 22: 2.4309461578143314, 23: 3.9529001191422175, 24: 7.464908749870633, 25: 0.940190906868691, 26: 5.971576116916469, 27: 0.9827558145571675, 28: 0.4817784899318627, 29: 0.49183061859813093, 30: 1.4536356496937237, 31: 0.9654195513192558, 32: 1.9870720179727785, 33: 4.472541619339382, 34: 2.9812445928629527, 35: 6.4441321835303125, 36: 0.9608638720728819, 37: 1.4594802672671123, 38: 0.9856408666764014, 39: 1.4685366157159025, 40: 5.967424230940539, 41: 2.4751800876038423, 42: 4.978024083369371, 43: 2.4614174283014405, 44: 2.9736124088106917, 45: 3.4869251509076604, 46: 3.467023745362909, 47: 0.49024044581450754, 48: 2.477327038939109, 49: 0.9768616257496012, 50: 2.471972654702974, 51: 3.449949500774104, 52: 3.966549114706014, 53: 0.9452147587254225, 54: 1.4791260996004325, 55: 3.9876470825209815, 56: 7.467906116326679, 57: 1.4619734877290487, 58: 2.9751544647936727, 59: 3.4423482354895865, 60: 2.4719505620209077, 61: 1.470257107634892, 62: 1.4516299796695222, 63: 1.9805464292715491, 64: 2.9661107283324375, 65: 0.9736989412567212, 66: 1.9797910875583873, 67: 0.46345725602396776, 68: 2.963524248798177, 69: 2.9675885230402987, 70: 2.4803349409760442, 71: 3.4708120462804026, 72: 0.48153422531090295, 73: 3.4724498838112323, 74: 4.987538041936649, 75: 1.4715781891022859, 76: 2.977067980986136, 77: 1.9615239635305715, 78: 5.951320120361287, 79: 2.4837936296479564, 80: 0.9717644914538579, 81: 0.9780377637897328, 82: 3.9662150789468344, 83: 1.977342754917086, 84: 4.476744529133823, 85: 0.4676040410430278, 86: 1.4653814017136033, 87: 6.976495783331544, 88: 2.470014355970501, 89: 1.9855756830406364, 90: 3.982718461894104, 91: 3.4497970787761263, 92: 3.4731982410702145, 93: 1.4580767942307866, 94: 3.469643290014473, 95: 6.478778119256037, 96: 0.48181008284980154, 97: 4.4670679598465854, 98: 1.4555157797746652, 99: 4.985887606229313}
2025-01-28 04:57:56 - WARNING  - Sum of s_i: 284.029207945322
2025-01-28 04:58:15 - WARNING  - Shapley share: {42: -0.10000000000000009, 43: 0.050000000000000044, 17: -0.3999999999999998, 49: -0.050000000000000044, 75: 0.04999999999999949, 78: -0.3999999999999998, 9: 0.0, 27: -0.10000000000000009, 38: 0.0, 85: 0.09999999999999953}
2025-01-28 04:58:19 - WARNING  - Epoch:   160. Accuracy: Top-1: 67.06 | Loss: value: 0.91
2025-01-28 04:58:19 - WARNING  - Epoch 160
2025-01-28 04:58:19 - WARNING  - s_i: {0: 5.982769019142097, 1: 3.971622154871344, 2: 2.457943376978457, 3: 2.4705640914258398, 4: 0.4611961124094628, 5: 0.995044216036866, 6: 0.4878599568338182, 7: 7.945206128425314, 8: 1.9660769347343248, 9: 2.9905070919864265, 10: 1.49091978569242, 11: 4.950271605622327, 12: 4.4818592738961796, 13: 4.463285983002836, 14: 1.4781127852784273, 15: 5.482793432942681, 16: 1.9831307291928226, 17: 3.4638322215431145, 18: 0.46738041374023753, 19: 0.9627105898403967, 20: 1.4590306690992567, 21: 7.450835764468694, 22: 2.4309461578143314, 23: 3.9529001191422175, 24: 7.464908749870633, 25: 0.940190906868691, 26: 5.971576116916469, 27: 0.9827558145571675, 28: 0.4817784899318627, 29: 0.49183061859813093, 30: 1.4536356496937237, 31: 0.9654195513192558, 32: 1.9870720179727785, 33: 4.472541619339382, 34: 2.9812445928629527, 35: 6.4441321835303125, 36: 0.9608638720728819, 37: 1.4594802672671123, 38: 0.9808544889018705, 39: 1.4685366157159025, 40: 5.967424230940539, 41: 2.4751800876038423, 42: 3.9736289000432423, 43: 2.957130475890491, 44: 2.9736124088106917, 45: 3.4869251509076604, 46: 3.467023745362909, 47: 0.49024044581450754, 48: 2.477327038939109, 49: 0.4722339508995199, 50: 2.471972654702974, 51: 3.449949500774104, 52: 3.966549114706014, 53: 0.9452147587254225, 54: 1.4791260996004325, 55: 3.9876470825209815, 56: 7.467906116326679, 57: 1.4619734877290487, 58: 2.9751544647936727, 59: 3.4423482354895865, 60: 2.4719505620209077, 61: 1.470257107634892, 62: 1.4516299796695222, 63: 1.9805464292715491, 64: 2.9661107283324375, 65: 0.9736989412567212, 66: 1.9797910875583873, 67: 0.46345725602396776, 68: 2.963524248798177, 69: 2.9675885230402987, 70: 2.4803349409760442, 71: 3.4708120462804026, 72: 0.48153422531090295, 73: 3.4724498838112323, 74: 4.987538041936649, 75: 1.9668412206193284, 76: 2.977067980986136, 77: 1.9615239635305715, 78: 1.9472634637247301, 79: 2.4837936296479564, 80: 0.9717644914538579, 81: 0.9780377637897328, 82: 3.9662150789468344, 83: 1.977342754917086, 84: 4.476744529133823, 85: 1.4629760469063136, 86: 1.4653814017136033, 87: 6.976495783331544, 88: 2.470014355970501, 89: 1.9855756830406364, 90: 3.982718461894104, 91: 3.4497970787761263, 92: 3.4731982410702145, 93: 1.4580767942307866, 94: 3.469643290014473, 95: 6.478778119256037, 96: 0.48181008284980154, 97: 4.4670679598465854, 98: 1.4555157797746652, 99: 4.985887606229313}
2025-01-28 04:58:19 - WARNING  - Sum of s_i: 280.4929436836973
2025-01-28 04:58:24 - WARNING  - The sum of accs: 60.0
2025-01-28 04:58:24 - WARNING  - The welfare is 59.87416321275697
2025-01-28 04:58:42 - WARNING  - Shapley share: {71: -0.050000000000000044, 34: -0.3999999999999998, 88: -0.4999999999999999, 28: 0.050000000000000044, 91: -0.20000000000000018, 50: -0.40000000000000036, 40: -0.8999999999999997, 86: -0.4999999999999999, 52: -0.65, 69: -0.5499999999999994}
2025-01-28 04:58:47 - WARNING  - Epoch:   161. Accuracy: Top-1: 69.50 | Loss: value: 0.86
2025-01-28 04:58:47 - WARNING  - Epoch 161
2025-01-28 04:58:47 - WARNING  - s_i: {0: 5.982769019142097, 1: 3.971622154871344, 2: 2.457943376978457, 3: 2.4705640914258398, 4: 0.4611961124094628, 5: 0.995044216036866, 6: 0.4878599568338182, 7: 7.945206128425314, 8: 1.9660769347343248, 9: 2.9905070919864265, 10: 1.49091978569242, 11: 4.950271605622327, 12: 4.4818592738961796, 13: 4.463285983002836, 14: 1.4781127852784273, 15: 5.482793432942681, 16: 1.9831307291928226, 17: 3.4638322215431145, 18: 0.46738041374023753, 19: 0.9627105898403967, 20: 1.4590306690992567, 21: 7.450835764468694, 22: 2.4309461578143314, 23: 3.9529001191422175, 24: 7.464908749870633, 25: 0.940190906868691, 26: 5.971576116916469, 27: 0.9827558145571675, 28: 0.9772231124148295, 29: 0.49183061859813093, 30: 1.4536356496937237, 31: 0.9654195513192558, 32: 1.9870720179727785, 33: 4.472541619339382, 34: 2.9812445928629527, 35: 6.4441321835303125, 36: 0.9608638720728819, 37: 1.4594802672671123, 38: 0.9808544889018705, 39: 1.4685366157159025, 40: 5.967424230940539, 41: 2.4751800876038423, 42: 3.9736289000432423, 43: 2.957130475890491, 44: 2.9736124088106917, 45: 3.4869251509076604, 46: 3.467023745362909, 47: 0.49024044581450754, 48: 2.477327038939109, 49: 0.4722339508995199, 50: 2.471972654702974, 51: 3.449949500774104, 52: 3.966549114706014, 53: 0.9452147587254225, 54: 1.4791260996004325, 55: 3.9876470825209815, 56: 7.467906116326679, 57: 1.4619734877290487, 58: 2.9751544647936727, 59: 3.4423482354895865, 60: 2.4719505620209077, 61: 1.470257107634892, 62: 1.4516299796695222, 63: 1.9805464292715491, 64: 2.9661107283324375, 65: 0.9736989412567212, 66: 1.9797910875583873, 67: 0.46345725602396776, 68: 2.963524248798177, 69: 2.9675885230402987, 70: 2.4803349409760442, 71: 2.965947387327136, 72: 0.48153422531090295, 73: 3.4724498838112323, 74: 4.987538041936649, 75: 1.9668412206193284, 76: 2.977067980986136, 77: 1.9615239635305715, 78: 1.9472634637247301, 79: 2.4837936296479564, 80: 0.9717644914538579, 81: 0.9780377637897328, 82: 3.9662150789468344, 83: 1.977342754917086, 84: 4.476744529133823, 85: 1.4629760469063136, 86: 1.4653814017136033, 87: 6.976495783331544, 88: 2.470014355970501, 89: 1.9855756830406364, 90: 3.982718461894104, 91: 1.445613502007467, 92: 3.4731982410702145, 93: 1.4580767942307866, 94: 3.469643290014473, 95: 6.478778119256037, 96: 0.48181008284980154, 97: 4.4670679598465854, 98: 1.4555157797746652, 99: 4.985887606229313}
2025-01-28 04:58:47 - WARNING  - Sum of s_i: 278.47934007045836
2025-01-28 04:59:05 - WARNING  - Shapley share: {31: -0.10000000000000009, 5: -0.2999999999999997, 21: -0.30000000000000027, 20: 0.20000000000000018, 68: -0.2500000000000002, 36: -0.15000000000000013, 73: 0.10000000000000009, 17: -0.24999999999999967, 28: -0.30000000000000027, 32: 0.050000000000000044}
2025-01-28 04:59:10 - WARNING  - Epoch:   162. Accuracy: Top-1: 68.18 | Loss: value: 0.89
2025-01-28 04:59:10 - WARNING  - Epoch 162
2025-01-28 04:59:10 - WARNING  - s_i: {0: 5.982769019142097, 1: 3.971622154871344, 2: 2.457943376978457, 3: 2.4705640914258398, 4: 0.4611961124094628, 5: 0.995044216036866, 6: 0.4878599568338182, 7: 7.945206128425314, 8: 1.9660769347343248, 9: 2.9905070919864265, 10: 1.49091978569242, 11: 4.950271605622327, 12: 4.4818592738961796, 13: 4.463285983002836, 14: 1.4781127852784273, 15: 5.482793432942681, 16: 1.9831307291928226, 17: 0.9598135794923532, 18: 0.46738041374023753, 19: 0.9627105898403967, 20: 3.454478521221398, 21: 4.445919340915561, 22: 2.4309461578143314, 23: 3.9529001191422175, 24: 7.464908749870633, 25: 0.940190906868691, 26: 5.971576116916469, 27: 0.9827558145571675, 28: 0.9772231124148295, 29: 0.49183061859813093, 30: 1.4536356496937237, 31: 0.9654195513192558, 32: 2.482762690630371, 33: 4.472541619339382, 34: 2.9812445928629527, 35: 6.4441321835303125, 36: 0.9608638720728819, 37: 1.4594802672671123, 38: 0.9808544889018705, 39: 1.4685366157159025, 40: 5.967424230940539, 41: 2.4751800876038423, 42: 3.9736289000432423, 43: 2.957130475890491, 44: 2.9736124088106917, 45: 3.4869251509076604, 46: 3.467023745362909, 47: 0.49024044581450754, 48: 2.477327038939109, 49: 0.4722339508995199, 50: 2.471972654702974, 51: 3.449949500774104, 52: 3.966549114706014, 53: 0.9452147587254225, 54: 1.4791260996004325, 55: 3.9876470825209815, 56: 7.467906116326679, 57: 1.4619734877290487, 58: 2.9751544647936727, 59: 3.4423482354895865, 60: 2.4719505620209077, 61: 1.470257107634892, 62: 1.4516299796695222, 63: 1.9805464292715491, 64: 2.9661107283324375, 65: 0.9736989412567212, 66: 1.9797910875583873, 67: 0.46345725602396776, 68: 0.4589647798979479, 69: 2.9675885230402987, 70: 2.4803349409760442, 71: 2.965947387327136, 72: 0.48153422531090295, 73: 4.467858197779773, 74: 4.987538041936649, 75: 1.9668412206193284, 76: 2.977067980986136, 77: 1.9615239635305715, 78: 1.9472634637247301, 79: 2.4837936296479564, 80: 0.9717644914538579, 81: 0.9780377637897328, 82: 3.9662150789468344, 83: 1.977342754917086, 84: 4.476744529133823, 85: 1.4629760469063136, 86: 1.4653814017136033, 87: 6.976495783331544, 88: 2.470014355970501, 89: 1.9855756830406364, 90: 3.982718461894104, 91: 1.445613502007467, 92: 3.4731982410702145, 93: 1.4580767942307866, 94: 3.469643290014473, 95: 6.478778119256037, 96: 0.48181008284980154, 97: 4.4670679598465854, 98: 1.4555157797746652, 99: 4.985887606229313}
2025-01-28 04:59:10 - WARNING  - Sum of s_i: 273.95239237470247
2025-01-28 04:59:28 - WARNING  - Shapley share: {0: 0.20000000000000018, 55: 0.050000000000000044, 34: -0.15000000000000013, 66: -0.10000000000000009, 84: 0.2999999999999997, 10: 0.15000000000000013, 53: 0.20000000000000018, 16: 0.34999999999999976, 35: 0.19999999999999962, 78: -0.10000000000000009}
2025-01-28 04:59:33 - WARNING  - Epoch:   163. Accuracy: Top-1: 66.74 | Loss: value: 0.93
2025-01-28 04:59:33 - WARNING  - Epoch 163
2025-01-28 04:59:33 - WARNING  - s_i: {0: 7.978461273927627, 1: 3.971622154871344, 2: 2.457943376978457, 3: 2.4705640914258398, 4: 0.4611961124094628, 5: 0.995044216036866, 6: 0.4878599568338182, 7: 7.945206128425314, 8: 1.9660769347343248, 9: 2.9905070919864265, 10: 2.9863796785386336, 11: 4.950271605622327, 12: 4.4818592738961796, 13: 4.463285983002836, 14: 1.4781127852784273, 15: 5.482793432942681, 16: 5.4789134114910265, 17: 0.9598135794923532, 18: 0.46738041374023753, 19: 0.9627105898403967, 20: 3.454478521221398, 21: 4.445919340915561, 22: 2.4309461578143314, 23: 3.9529001191422175, 24: 7.464908749870633, 25: 0.940190906868691, 26: 5.971576116916469, 27: 0.9827558145571675, 28: 0.9772231124148295, 29: 0.49183061859813093, 30: 1.4536356496937237, 31: 0.9654195513192558, 32: 2.482762690630371, 33: 4.472541619339382, 34: 1.4765557410786885, 35: 6.4441321835303125, 36: 0.9608638720728819, 37: 1.4594802672671123, 38: 0.9808544889018705, 39: 1.4685366157159025, 40: 5.967424230940539, 41: 2.4751800876038423, 42: 3.9736289000432423, 43: 2.957130475890491, 44: 2.9736124088106917, 45: 3.4869251509076604, 46: 3.467023745362909, 47: 0.49024044581450754, 48: 2.477327038939109, 49: 0.4722339508995199, 50: 2.471972654702974, 51: 3.449949500774104, 52: 3.966549114706014, 53: 2.940234282245918, 54: 1.4791260996004325, 55: 4.483529443361313, 56: 7.467906116326679, 57: 1.4619734877290487, 58: 2.9751544647936727, 59: 3.4423482354895865, 60: 2.4719505620209077, 61: 1.470257107634892, 62: 1.4516299796695222, 63: 1.9805464292715491, 64: 2.9661107283324375, 65: 0.9736989412567212, 66: 0.9757493050700643, 67: 0.46345725602396776, 68: 0.4589647798979479, 69: 2.9675885230402987, 70: 2.4803349409760442, 71: 2.965947387327136, 72: 0.48153422531090295, 73: 4.467858197779773, 74: 4.987538041936649, 75: 1.9668412206193284, 76: 2.977067980986136, 77: 1.9615239635305715, 78: 0.9432068070881703, 79: 2.4837936296479564, 80: 0.9717644914538579, 81: 0.9780377637897328, 82: 3.9662150789468344, 83: 1.977342754917086, 84: 7.472093434960584, 85: 1.4629760469063136, 86: 1.4653814017136033, 87: 6.976495783331544, 88: 2.470014355970501, 89: 1.9855756830406364, 90: 3.982718461894104, 91: 1.445613502007467, 92: 3.4731982410702145, 93: 1.4580767942307866, 94: 3.469643290014473, 95: 6.478778119256037, 96: 0.48181008284980154, 97: 4.4670679598465854, 98: 1.4555157797746652, 99: 4.985887606229313}
2025-01-28 04:59:33 - WARNING  - Sum of s_i: 282.9127907039109
2025-01-28 04:59:52 - WARNING  - Shapley share: {48: 0.19999999999999962, 59: -0.04999999999999949, 7: 0.19999999999999962, 5: -0.15000000000000013, 96: -0.20000000000000018, 56: -0.10000000000000009, 43: 0.34999999999999976, 49: -0.050000000000000044, 74: 0.15000000000000013, 63: 0.6}
2025-01-28 04:59:57 - WARNING  - Epoch:   164. Accuracy: Top-1: 64.95 | Loss: value: 0.98
2025-01-28 04:59:57 - WARNING  - Epoch 164
2025-01-28 04:59:57 - WARNING  - s_i: {0: 7.978461273927627, 1: 3.971622154871344, 2: 2.457943376978457, 3: 2.4705640914258398, 4: 0.4611961124094628, 5: 0.995044216036866, 6: 0.4878599568338182, 7: 7.945206128425314, 8: 1.9660769347343248, 9: 2.9905070919864265, 10: 2.9863796785386336, 11: 4.950271605622327, 12: 4.4818592738961796, 13: 4.463285983002836, 14: 1.4781127852784273, 15: 5.482793432942681, 16: 5.4789134114910265, 17: 0.9598135794923532, 18: 0.46738041374023753, 19: 0.9627105898403967, 20: 3.454478521221398, 21: 4.445919340915561, 22: 2.4309461578143314, 23: 3.9529001191422175, 24: 7.464908749870633, 25: 0.940190906868691, 26: 5.971576116916469, 27: 0.9827558145571675, 28: 0.9772231124148295, 29: 0.49183061859813093, 30: 1.4536356496937237, 31: 0.9654195513192558, 32: 2.482762690630371, 33: 4.472541619339382, 34: 1.4765557410786885, 35: 6.4441321835303125, 36: 0.9608638720728819, 37: 1.4594802672671123, 38: 0.9808544889018705, 39: 1.4685366157159025, 40: 5.967424230940539, 41: 2.4751800876038423, 42: 3.9736289000432423, 43: 6.4528435234795385, 44: 2.9736124088106917, 45: 3.4869251509076604, 46: 3.467023745362909, 47: 0.49024044581450754, 48: 4.472792446726929, 49: 0.4722339508995199, 50: 2.471972654702974, 51: 3.449949500774104, 52: 3.966549114706014, 53: 2.940234282245918, 54: 1.4791260996004325, 55: 4.483529443361313, 56: 6.4638943808675124, 57: 1.4619734877290487, 58: 2.9751544647936727, 59: 2.938230252310276, 60: 2.4719505620209077, 61: 1.470257107634892, 62: 1.4516299796695222, 63: 7.9756830365894364, 64: 2.9661107283324375, 65: 0.9736989412567212, 66: 0.9757493050700643, 67: 0.46345725602396776, 68: 0.4589647798979479, 69: 2.9675885230402987, 70: 2.4803349409760442, 71: 2.965947387327136, 72: 0.48153422531090295, 73: 4.467858197779773, 74: 6.483384055915534, 75: 1.9668412206193284, 76: 2.977067980986136, 77: 1.9615239635305715, 78: 0.9432068070881703, 79: 2.4837936296479564, 80: 0.9717644914538579, 81: 0.9780377637897328, 82: 3.9662150789468344, 83: 1.977342754917086, 84: 7.472093434960584, 85: 1.4629760469063136, 86: 1.4653814017136033, 87: 6.976495783331544, 88: 2.470014355970501, 89: 1.9855756830406364, 90: 3.982718461894104, 91: 1.445613502007467, 92: 3.4731982410702145, 93: 1.4580767942307866, 94: 3.469643290014473, 95: 6.478778119256037, 96: 0.48181008284980154, 97: 4.4670679598465854, 98: 1.4555157797746652, 99: 4.985887606229313}
2025-01-28 04:59:57 - WARNING  - Sum of s_i: 294.386822061946
2025-01-28 05:00:12 - WARNING  - Shapley share: {8: -0.050000000000000044, 14: -0.10000000000000009, 41: 0.050000000000000044, 30: -0.050000000000000044, 42: 0.0500000000000006, 77: 0.40000000000000036, 72: 0.30000000000000027, 75: 0.5000000000000004, 19: 0.5500000000000005, 65: 0.7500000000000007}
2025-01-28 05:00:17 - WARNING  - Epoch:   165. Accuracy: Top-1: 68.45 | Loss: value: 0.89
2025-01-28 05:00:17 - WARNING  - Epoch 165
2025-01-28 05:00:17 - WARNING  - s_i: {0: 7.978461273927627, 1: 3.971622154871344, 2: 2.457943376978457, 3: 2.4705640914258398, 4: 0.4611961124094628, 5: 0.995044216036866, 6: 0.4878599568338182, 7: 7.945206128425314, 8: 1.4612307825535145, 9: 2.9905070919864265, 10: 2.9863796785386336, 11: 4.950271605622327, 12: 4.4818592738961796, 13: 4.463285983002836, 14: 0.4737353423341095, 15: 5.482793432942681, 16: 5.4789134114910265, 17: 0.9598135794923532, 18: 0.46738041374023753, 19: 6.458567322044892, 20: 3.454478521221398, 21: 4.445919340915561, 22: 2.4309461578143314, 23: 3.9529001191422175, 24: 7.464908749870633, 25: 0.940190906868691, 26: 5.971576116916469, 27: 0.9827558145571675, 28: 0.9772231124148295, 29: 0.49183061859813093, 30: 0.9489992146630958, 31: 0.9654195513192558, 32: 2.482762690630371, 33: 4.472541619339382, 34: 1.4765557410786885, 35: 6.4441321835303125, 36: 0.9608638720728819, 37: 1.4594802672671123, 38: 0.9808544889018705, 39: 1.4685366157159025, 40: 5.967424230940539, 41: 2.970216105124609, 42: 4.46923371671712, 43: 6.4528435234795385, 44: 2.9736124088106917, 45: 3.4869251509076604, 46: 3.467023745362909, 47: 0.49024044581450754, 48: 4.472792446726929, 49: 0.4722339508995199, 50: 2.471972654702974, 51: 3.449949500774104, 52: 3.966549114706014, 53: 2.940234282245918, 54: 1.4791260996004325, 55: 4.483529443361313, 56: 6.4638943808675124, 57: 1.4619734877290487, 58: 2.9751544647936727, 59: 2.938230252310276, 60: 2.4719505620209077, 61: 1.470257107634892, 62: 1.4516299796695222, 63: 7.9756830365894364, 64: 2.9661107283324375, 65: 0.9736989412567212, 66: 0.9757493050700643, 67: 0.46345725602396776, 68: 0.4589647798979479, 69: 2.9675885230402987, 70: 2.4803349409760442, 71: 2.965947387327136, 72: 3.4769177816386296, 73: 4.467858197779773, 74: 6.483384055915534, 75: 6.96210425213638, 76: 2.977067980986136, 77: 5.956714458971898, 78: 0.9432068070881703, 79: 2.4837936296479564, 80: 0.9717644914538579, 81: 0.9780377637897328, 82: 3.9662150789468344, 83: 1.977342754917086, 84: 7.472093434960584, 85: 1.4629760469063136, 86: 1.4653814017136033, 87: 6.976495783331544, 88: 2.470014355970501, 89: 1.9855756830406364, 90: 3.982718461894104, 91: 1.445613502007467, 92: 3.4731982410702145, 93: 1.4580767942307866, 94: 3.469643290014473, 95: 6.478778119256037, 96: 0.48181008284980154, 97: 4.4670679598465854, 98: 1.4555157797746652, 99: 4.985887606229313}
2025-01-28 05:00:17 - WARNING  - Sum of s_i: 310.84529668147553
2025-01-28 05:00:35 - WARNING  - Shapley share: {27: 0.2999999999999997, 24: -0.10000000000000009, 91: 0.09999999999999953, 60: -0.0500000000000006, 9: -0.24999999999999967, 41: -0.0500000000000006, 37: -5.551115123125783e-16, 65: -5.551115123125783e-16, 56: -0.050000000000000044, 69: 0.050000000000000044}
2025-01-28 05:00:39 - WARNING  - Epoch:   166. Accuracy: Top-1: 67.20 | Loss: value: 0.92
2025-01-28 05:00:39 - WARNING  - Epoch 166
2025-01-28 05:00:39 - WARNING  - s_i: {0: 7.978461273927627, 1: 3.971622154871344, 2: 2.457943376978457, 3: 2.4705640914258398, 4: 0.4611961124094628, 5: 0.995044216036866, 6: 0.4878599568338182, 7: 7.945206128425314, 8: 1.4612307825535145, 9: 0.4857606379796424, 10: 2.9863796785386336, 11: 4.950271605622327, 12: 4.4818592738961796, 13: 4.463285983002836, 14: 0.4737353423341095, 15: 5.482793432942681, 16: 5.4789134114910265, 17: 0.9598135794923532, 18: 0.46738041374023753, 19: 6.458567322044892, 20: 3.454478521221398, 21: 4.445919340915561, 22: 2.4309461578143314, 23: 3.9529001191422175, 24: 6.46052234360446, 25: 0.940190906868691, 26: 5.971576116916469, 27: 3.9784447681964563, 28: 0.9772231124148295, 29: 0.49183061859813093, 30: 0.9489992146630958, 31: 0.9654195513192558, 32: 2.482762690630371, 33: 4.472541619339382, 34: 1.4765557410786885, 35: 6.4441321835303125, 36: 0.9608638720728819, 37: 1.454978074741231, 38: 0.9808544889018705, 39: 1.4685366157159025, 40: 5.967424230940539, 41: 2.4652521226453694, 42: 4.46923371671712, 43: 6.4528435234795385, 44: 2.9736124088106917, 45: 3.4869251509076604, 46: 3.467023745362909, 47: 0.49024044581450754, 48: 4.472792446726929, 49: 0.4722339508995199, 50: 2.471972654702974, 51: 3.449949500774104, 52: 3.966549114706014, 53: 2.940234282245918, 54: 1.4791260996004325, 55: 4.483529443361313, 56: 5.959882645408347, 57: 1.4619734877290487, 58: 2.9751544647936727, 59: 2.938230252310276, 60: 1.9679434994524603, 61: 1.470257107634892, 62: 1.4516299796695222, 63: 7.9756830365894364, 64: 2.9661107283324375, 65: 0.9693154314661682, 66: 0.9757493050700643, 67: 0.46345725602396776, 68: 0.4589647798979479, 69: 3.463537088420337, 70: 2.4803349409760442, 71: 2.965947387327136, 72: 3.4769177816386296, 73: 4.467858197779773, 74: 6.483384055915534, 75: 6.96210425213638, 76: 2.977067980986136, 77: 5.956714458971898, 78: 0.9432068070881703, 79: 2.4837936296479564, 80: 0.9717644914538579, 81: 0.9780377637897328, 82: 3.9662150789468344, 83: 1.977342754917086, 84: 7.472093434960584, 85: 1.4629760469063136, 86: 1.4653814017136033, 87: 6.976495783331544, 88: 2.470014355970501, 89: 1.9855756830406364, 90: 3.982718461894104, 91: 2.441429925238805, 92: 3.4731982410702145, 93: 1.4580767942307866, 94: 3.469643290014473, 95: 6.478778119256037, 96: 0.48181008284980154, 97: 4.4670679598465854, 98: 1.4555157797746652, 99: 4.985887606229313}
2025-01-28 05:00:39 - WARNING  - Sum of s_i: 310.30174928062996
2025-01-28 05:00:58 - WARNING  - Shapley share: {62: 5.551115123125783e-16, 86: 5.551115123125783e-16, 40: -0.20000000000000018, 8: -0.09999999999999953, 96: -0.44999999999999984, 75: -0.15000000000000013, 38: -0.5499999999999999, 1: -1.15, 33: -1.3, 37: -1.0500000000000003}
2025-01-28 05:01:02 - WARNING  - Epoch:   167. Accuracy: Top-1: 68.79 | Loss: value: 0.88
2025-01-28 05:01:02 - WARNING  - Epoch 167
2025-01-28 05:01:02 - WARNING  - s_i: {0: 7.978461273927627, 1: 3.971622154871344, 2: 2.457943376978457, 3: 2.4705640914258398, 4: 0.4611961124094628, 5: 0.995044216036866, 6: 0.4878599568338182, 7: 7.945206128425314, 8: 0.45638463037270927, 9: 0.4857606379796424, 10: 2.9863796785386336, 11: 4.950271605622327, 12: 4.4818592738961796, 13: 4.463285983002836, 14: 0.4737353423341095, 15: 5.482793432942681, 16: 5.4789134114910265, 17: 0.9598135794923532, 18: 0.46738041374023753, 19: 6.458567322044892, 20: 3.454478521221398, 21: 4.445919340915561, 22: 2.4309461578143314, 23: 3.9529001191422175, 24: 6.46052234360446, 25: 0.940190906868691, 26: 5.971576116916469, 27: 3.9784447681964563, 28: 0.9772231124148295, 29: 0.49183061859813093, 30: 0.9489992146630958, 31: 0.9654195513192558, 32: 2.482762690630371, 33: 4.472541619339382, 34: 1.4765557410786885, 35: 6.4441321835303125, 36: 0.9608638720728819, 37: 1.454978074741231, 38: 0.9808544889018705, 39: 1.4685366157159025, 40: 3.9633522598081057, 41: 2.4652521226453694, 42: 4.46923371671712, 43: 6.4528435234795385, 44: 2.9736124088106917, 45: 3.4869251509076604, 46: 3.467023745362909, 47: 0.49024044581450754, 48: 4.472792446726929, 49: 0.4722339508995199, 50: 2.471972654702974, 51: 3.449949500774104, 52: 3.966549114706014, 53: 2.940234282245918, 54: 1.4791260996004325, 55: 4.483529443361313, 56: 5.959882645408347, 57: 1.4619734877290487, 58: 2.9751544647936727, 59: 2.938230252310276, 60: 1.9679434994524603, 61: 1.470257107634892, 62: 1.4472327050940292, 63: 7.9756830365894364, 64: 2.9661107283324375, 65: 0.9693154314661682, 66: 0.9757493050700643, 67: 0.46345725602396776, 68: 0.4589647798979479, 69: 3.463537088420337, 70: 2.4803349409760442, 71: 2.965947387327136, 72: 3.4769177816386296, 73: 4.467858197779773, 74: 6.483384055915534, 75: 5.457367283653427, 76: 2.977067980986136, 77: 5.956714458971898, 78: 0.9432068070881703, 79: 2.4837936296479564, 80: 0.9717644914538579, 81: 0.9780377637897328, 82: 3.9662150789468344, 83: 1.977342754917086, 84: 7.472093434960584, 85: 1.4629760469063136, 86: 1.4610540769278086, 87: 6.976495783331544, 88: 2.470014355970501, 89: 1.9855756830406364, 90: 3.982718461894104, 91: 2.441429925238805, 92: 3.4731982410702145, 93: 1.4580767942307866, 94: 3.469643290014473, 95: 6.478778119256037, 96: 0.48181008284980154, 97: 4.4670679598465854, 98: 1.4555157797746652, 99: 4.985887606229313}
2025-01-28 05:01:02 - WARNING  - Sum of s_i: 305.7793695894725
2025-01-28 05:01:19 - WARNING  - Shapley share: {80: 0.10000000000000009, 99: -0.050000000000000044, 37: -0.20000000000000018, 59: 0.050000000000000044, 34: -0.10000000000000009, 57: 0.2500000000000002, 82: -0.10000000000000009, 2: 0.2500000000000002, 63: 0.40000000000000036, 64: 0.7000000000000006}
2025-01-28 05:01:24 - WARNING  - Epoch:   168. Accuracy: Top-1: 67.55 | Loss: value: 0.91
2025-01-28 05:01:24 - WARNING  - Epoch 168
2025-01-28 05:01:24 - WARNING  - s_i: {0: 7.978461273927627, 1: 3.971622154871344, 2: 4.953737714676306, 3: 2.4705640914258398, 4: 0.4611961124094628, 5: 0.995044216036866, 6: 0.4878599568338182, 7: 7.945206128425314, 8: 0.45638463037270927, 9: 0.4857606379796424, 10: 2.9863796785386336, 11: 4.950271605622327, 12: 4.4818592738961796, 13: 4.463285983002836, 14: 0.4737353423341095, 15: 5.482793432942681, 16: 5.4789134114910265, 17: 0.9598135794923532, 18: 0.46738041374023753, 19: 6.458567322044892, 20: 3.454478521221398, 21: 4.445919340915561, 22: 2.4309461578143314, 23: 3.9529001191422175, 24: 6.46052234360446, 25: 0.940190906868691, 26: 5.971576116916469, 27: 3.9784447681964563, 28: 0.9772231124148295, 29: 0.49183061859813093, 30: 0.9489992146630958, 31: 0.9654195513192558, 32: 2.482762690630371, 33: 4.472541619339382, 34: 0.47186688929442444, 35: 6.4441321835303125, 36: 0.9608638720728819, 37: 1.454978074741231, 38: 0.9808544889018705, 39: 1.4685366157159025, 40: 3.9633522598081057, 41: 2.4652521226453694, 42: 4.46923371671712, 43: 6.4528435234795385, 44: 2.9736124088106917, 45: 3.4869251509076604, 46: 3.467023745362909, 47: 0.49024044581450754, 48: 4.472792446726929, 49: 0.4722339508995199, 50: 2.471972654702974, 51: 3.449949500774104, 52: 3.966549114706014, 53: 2.940234282245918, 54: 1.4791260996004325, 55: 4.483529443361313, 56: 5.959882645408347, 57: 3.957220173695181, 58: 2.9751544647936727, 59: 3.4341122691309613, 60: 1.9679434994524603, 61: 1.470257107634892, 62: 1.4472327050940292, 63: 7.9756830365894364, 64: 2.9661107283324375, 65: 0.9693154314661682, 66: 0.9757493050700643, 67: 0.46345725602396776, 68: 0.4589647798979479, 69: 3.463537088420337, 70: 2.4803349409760442, 71: 2.965947387327136, 72: 3.4769177816386296, 73: 4.467858197779773, 74: 6.483384055915534, 75: 5.457367283653427, 76: 2.977067980986136, 77: 5.956714458971898, 78: 0.9432068070881703, 79: 2.4837936296479564, 80: 1.9677308473758384, 81: 0.9780377637897328, 82: 2.961388661653524, 83: 1.977342754917086, 84: 7.472093434960584, 85: 1.4629760469063136, 86: 1.4610540769278086, 87: 6.976495783331544, 88: 2.470014355970501, 89: 1.9855756830406364, 90: 3.982718461894104, 91: 2.441429925238805, 92: 3.4731982410702145, 93: 1.4580767942307866, 94: 3.469643290014473, 95: 6.478778119256037, 96: 0.48181008284980154, 97: 4.4670679598465854, 98: 1.4555157797746652, 99: 4.4811834749724175}
2025-01-28 05:01:24 - WARNING  - Sum of s_i: 309.74803958554463
2025-01-28 05:01:45 - WARNING  - Shapley share: {45: -0.14999999999999958, 42: -0.40000000000000036, 56: -0.4499999999999993, 40: -0.6, 63: 0.050000000000000044, 28: -0.4500000000000004, 94: 0.10000000000000064, 97: -0.7500000000000001, 84: -0.7500000000000001, 67: -0.44999999999999984}
2025-01-28 05:01:50 - WARNING  - Epoch:   169. Accuracy: Top-1: 67.85 | Loss: value: 0.91
2025-01-28 05:01:50 - WARNING  - Epoch 169
2025-01-28 05:01:50 - WARNING  - s_i: {0: 7.978461273927627, 1: 3.971622154871344, 2: 4.953737714676306, 3: 2.4705640914258398, 4: 0.4611961124094628, 5: 0.995044216036866, 6: 0.4878599568338182, 7: 7.945206128425314, 8: 0.45638463037270927, 9: 0.4857606379796424, 10: 2.9863796785386336, 11: 4.950271605622327, 12: 4.4818592738961796, 13: 4.463285983002836, 14: 0.4737353423341095, 15: 5.482793432942681, 16: 5.4789134114910265, 17: 0.9598135794923532, 18: 0.46738041374023753, 19: 6.458567322044892, 20: 3.454478521221398, 21: 4.445919340915561, 22: 2.4309461578143314, 23: 3.9529001191422175, 24: 6.46052234360446, 25: 0.940190906868691, 26: 5.971576116916469, 27: 3.9784447681964563, 28: 0.9772231124148295, 29: 0.49183061859813093, 30: 0.9489992146630958, 31: 0.9654195513192558, 32: 2.482762690630371, 33: 4.472541619339382, 34: 0.47186688929442444, 35: 6.4441321835303125, 36: 0.9608638720728819, 37: 1.454978074741231, 38: 0.9808544889018705, 39: 1.4685366157159025, 40: 3.9633522598081057, 41: 2.4652521226453694, 42: 0.4648385333909886, 43: 6.4528435234795385, 44: 2.9736124088106917, 45: 1.982566867876884, 46: 3.467023745362909, 47: 0.49024044581450754, 48: 4.472792446726929, 49: 0.4722339508995199, 50: 2.471972654702974, 51: 3.449949500774104, 52: 3.966549114706014, 53: 2.940234282245918, 54: 1.4791260996004325, 55: 4.483529443361313, 56: 1.455870909949188, 57: 3.957220173695181, 58: 2.9751544647936727, 59: 3.4341122691309613, 60: 1.9679434994524603, 61: 1.470257107634892, 62: 1.4472327050940292, 63: 7.9756830365894364, 64: 2.9661107283324375, 65: 0.9693154314661682, 66: 0.9757493050700643, 67: 0.46345725602396776, 68: 0.4589647798979479, 69: 3.463537088420337, 70: 2.4803349409760442, 71: 2.965947387327136, 72: 3.4769177816386296, 73: 4.467858197779773, 74: 6.483384055915534, 75: 5.457367283653427, 76: 2.977067980986136, 77: 5.956714458971898, 78: 0.9432068070881703, 79: 2.4837936296479564, 80: 1.9677308473758384, 81: 0.9780377637897328, 82: 2.961388661653524, 83: 1.977342754917086, 84: 7.472093434960584, 85: 1.4629760469063136, 86: 1.4610540769278086, 87: 6.976495783331544, 88: 2.470014355970501, 89: 1.9855756830406364, 90: 3.982718461894104, 91: 2.441429925238805, 92: 3.4731982410702145, 93: 1.4580767942307866, 94: 4.4653066171594045, 95: 6.478778119256037, 96: 0.48181008284980154, 97: 4.4670679598465854, 98: 1.4555157797746652, 99: 4.4811834749724175}
2025-01-28 05:01:50 - WARNING  - Sum of s_i: 300.7309377108735
2025-01-28 05:02:08 - WARNING  - Shapley share: {90: 0.0, 8: -0.15000000000000013, 80: -0.30000000000000027, 78: -0.2500000000000002, 97: -0.15000000000000013, 65: -0.15000000000000013, 68: -0.20000000000000018, 20: -0.30000000000000027, 7: -0.4500000000000004, 26: -0.6}
2025-01-28 05:02:13 - WARNING  - Epoch:   170. Accuracy: Top-1: 68.19 | Loss: value: 0.90
2025-01-28 05:02:13 - WARNING  - Epoch 170
2025-01-28 05:02:13 - WARNING  - s_i: {0: 7.978461273927627, 1: 3.971622154871344, 2: 4.953737714676306, 3: 2.4705640914258398, 4: 0.4611961124094628, 5: 0.995044216036866, 6: 0.4878599568338182, 7: 3.4402248673730664, 8: 0.45638463037270927, 9: 0.4857606379796424, 10: 2.9863796785386336, 11: 4.950271605622327, 12: 4.4818592738961796, 13: 4.463285983002836, 14: 0.4737353423341095, 15: 5.482793432942681, 16: 5.4789134114910265, 17: 0.9598135794923532, 18: 0.46738041374023753, 19: 6.458567322044892, 20: 0.4499263733435348, 21: 4.445919340915561, 22: 2.4309461578143314, 23: 3.9529001191422175, 24: 6.46052234360446, 25: 0.940190906868691, 26: 5.971576116916469, 27: 3.9784447681964563, 28: 0.9772231124148295, 29: 0.49183061859813093, 30: 0.9489992146630958, 31: 0.9654195513192558, 32: 2.482762690630371, 33: 4.472541619339382, 34: 0.47186688929442444, 35: 6.4441321835303125, 36: 0.9608638720728819, 37: 1.454978074741231, 38: 0.9808544889018705, 39: 1.4685366157159025, 40: 3.9633522598081057, 41: 2.4652521226453694, 42: 0.4648385333909886, 43: 6.4528435234795385, 44: 2.9736124088106917, 45: 1.982566867876884, 46: 3.467023745362909, 47: 0.49024044581450754, 48: 4.472792446726929, 49: 0.4722339508995199, 50: 2.471972654702974, 51: 3.449949500774104, 52: 3.966549114706014, 53: 2.940234282245918, 54: 1.4791260996004325, 55: 4.483529443361313, 56: 1.455870909949188, 57: 3.957220173695181, 58: 2.9751544647936727, 59: 3.4341122691309613, 60: 1.9679434994524603, 61: 1.470257107634892, 62: 1.4472327050940292, 63: 7.9756830365894364, 64: 2.9661107283324375, 65: 0.9693154314661682, 66: 0.9757493050700643, 67: 0.46345725602396776, 68: 0.4589647798979479, 69: 3.463537088420337, 70: 2.4803349409760442, 71: 2.965947387327136, 72: 3.4769177816386296, 73: 4.467858197779773, 74: 6.483384055915534, 75: 5.457367283653427, 76: 2.977067980986136, 77: 5.956714458971898, 78: 0.9432068070881703, 79: 2.4837936296479564, 80: 1.9677308473758384, 81: 0.9780377637897328, 82: 2.961388661653524, 83: 1.977342754917086, 84: 7.472093434960584, 85: 1.4629760469063136, 86: 1.4610540769278086, 87: 6.976495783331544, 88: 2.470014355970501, 89: 1.9855756830406364, 90: 3.978398077367631, 91: 2.441429925238805, 92: 3.4731982410702145, 93: 1.4580767942307866, 94: 4.4653066171594045, 95: 6.478778119256037, 96: 0.48181008284980154, 97: 2.9623633826818105, 98: 1.4555157797746652, 99: 4.4811834749724175}
2025-01-28 05:02:13 - WARNING  - Sum of s_i: 291.71237934025214
2025-01-28 05:02:18 - WARNING  - The sum of accs: 63.0
2025-01-28 05:02:18 - WARNING  - The welfare is 62.86902278289317
2025-01-28 05:02:38 - WARNING  - Shapley share: {73: 0.2500000000000002, 74: -0.10000000000000009, 6: -0.20000000000000018, 45: -0.050000000000000044, 38: 0.2500000000000002, 70: -0.2500000000000002, 53: 0.0, 31: 0.050000000000000044, 15: 0.0, 80: 0.20000000000000018}
2025-01-28 05:02:43 - WARNING  - Epoch:   171. Accuracy: Top-1: 69.89 | Loss: value: 0.85
2025-01-28 05:02:43 - WARNING  - Epoch 171
2025-01-28 05:02:43 - WARNING  - s_i: {0: 7.978461273927627, 1: 3.971622154871344, 2: 4.953737714676306, 3: 2.4705640914258398, 4: 0.4611961124094628, 5: 0.995044216036866, 6: 0.4878599568338182, 7: 3.4402248673730664, 8: 0.45638463037270927, 9: 0.4857606379796424, 10: 2.9863796785386336, 11: 4.950271605622327, 12: 4.4818592738961796, 13: 4.463285983002836, 14: 0.4737353423341095, 15: 5.47849179117835, 16: 5.4789134114910265, 17: 0.9598135794923532, 18: 0.46738041374023753, 19: 6.458567322044892, 20: 0.4499263733435348, 21: 4.445919340915561, 22: 2.4309461578143314, 23: 3.9529001191422175, 24: 6.46052234360446, 25: 0.940190906868691, 26: 5.971576116916469, 27: 3.9784447681964563, 28: 0.9772231124148295, 29: 0.49183061859813093, 30: 0.9489992146630958, 31: 1.4604794872220073, 32: 2.482762690630371, 33: 4.472541619339382, 34: 0.47186688929442444, 35: 6.4441321835303125, 36: 0.9608638720728819, 37: 1.454978074741231, 38: 3.4760681111273417, 39: 1.4685366157159025, 40: 3.9633522598081057, 41: 2.4652521226453694, 42: 0.4648385333909886, 43: 6.4528435234795385, 44: 2.9736124088106917, 45: 1.4782085848461028, 46: 3.467023745362909, 47: 0.49024044581450754, 48: 4.472792446726929, 49: 0.4722339508995199, 50: 2.471972654702974, 51: 3.449949500774104, 52: 3.966549114706014, 53: 2.9352538057664117, 54: 1.4791260996004325, 55: 4.483529443361313, 56: 1.455870909949188, 57: 3.957220173695181, 58: 2.9751544647936727, 59: 3.4341122691309613, 60: 1.9679434994524603, 61: 1.470257107634892, 62: 1.4472327050940292, 63: 7.9756830365894364, 64: 2.9661107283324375, 65: 0.9693154314661682, 66: 0.9757493050700643, 67: 0.46345725602396776, 68: 0.4589647798979479, 69: 3.463537088420337, 70: 2.4803349409760442, 71: 2.965947387327136, 72: 3.4769177816386296, 73: 6.963266511748314, 74: 5.479230069894417, 75: 5.457367283653427, 76: 2.977067980986136, 77: 5.956714458971898, 78: 0.9432068070881703, 79: 2.4837936296479564, 80: 3.9636972032978197, 81: 0.9780377637897328, 82: 2.961388661653524, 83: 1.977342754917086, 84: 7.472093434960584, 85: 1.4629760469063136, 86: 1.4610540769278086, 87: 6.976495783331544, 88: 2.470014355970501, 89: 1.9855756830406364, 90: 3.978398077367631, 91: 2.441429925238805, 92: 3.4731982410702145, 93: 1.4580767942307866, 94: 4.4653066171594045, 95: 6.478778119256037, 96: 0.48181008284980154, 97: 2.9623633826818105, 98: 1.4555157797746652, 99: 4.4811834749724175}
2025-01-28 05:02:43 - WARNING  - Sum of s_i: 297.67623318097515
2025-01-28 05:03:02 - WARNING  - Shapley share: {9: -0.15000000000000013, 95: -0.10000000000000009, 94: -0.15000000000000013, 5: -0.15000000000000013, 76: -0.15000000000000013, 14: -0.10000000000000009, 36: -0.24999999999999967, 87: -0.30000000000000027, 63: -0.4500000000000004, 89: -0.2500000000000002}
2025-01-28 05:03:06 - WARNING  - Epoch:   172. Accuracy: Top-1: 68.63 | Loss: value: 0.88
2025-01-28 05:03:06 - WARNING  - Epoch 172
2025-01-28 05:03:06 - WARNING  - s_i: {0: 7.978461273927627, 1: 3.971622154871344, 2: 4.953737714676306, 3: 2.4705640914258398, 4: 0.4611961124094628, 5: 0.995044216036866, 6: 0.4878599568338182, 7: 3.4402248673730664, 8: 0.45638463037270927, 9: 0.4857606379796424, 10: 2.9863796785386336, 11: 4.950271605622327, 12: 4.4818592738961796, 13: 4.463285983002836, 14: 0.4737353423341095, 15: 5.47849179117835, 16: 5.4789134114910265, 17: 0.9598135794923532, 18: 0.46738041374023753, 19: 6.458567322044892, 20: 0.4499263733435348, 21: 4.445919340915561, 22: 2.4309461578143314, 23: 3.9529001191422175, 24: 6.46052234360446, 25: 0.940190906868691, 26: 5.971576116916469, 27: 3.9784447681964563, 28: 0.9772231124148295, 29: 0.49183061859813093, 30: 0.9489992146630958, 31: 1.4604794872220073, 32: 2.482762690630371, 33: 4.472541619339382, 34: 0.47186688929442444, 35: 6.4441321835303125, 36: 0.9608638720728819, 37: 1.454978074741231, 38: 3.4760681111273417, 39: 1.4685366157159025, 40: 3.9633522598081057, 41: 2.4652521226453694, 42: 0.4648385333909886, 43: 6.4528435234795385, 44: 2.9736124088106917, 45: 1.4782085848461028, 46: 3.467023745362909, 47: 0.49024044581450754, 48: 4.472792446726929, 49: 0.4722339508995199, 50: 2.471972654702974, 51: 3.449949500774104, 52: 3.966549114706014, 53: 2.9352538057664117, 54: 1.4791260996004325, 55: 4.483529443361313, 56: 1.455870909949188, 57: 3.957220173695181, 58: 2.9751544647936727, 59: 3.4341122691309613, 60: 1.9679434994524603, 61: 1.470257107634892, 62: 1.4472327050940292, 63: 3.47081964390732, 64: 2.9661107283324375, 65: 0.9693154314661682, 66: 0.9757493050700643, 67: 0.46345725602396776, 68: 0.4589647798979479, 69: 3.463537088420337, 70: 2.4803349409760442, 71: 2.965947387327136, 72: 3.4769177816386296, 73: 6.963266511748314, 74: 5.479230069894417, 75: 5.457367283653427, 76: 1.4724815771833608, 77: 5.956714458971898, 78: 0.9432068070881703, 79: 2.4837936296479564, 80: 3.9636972032978197, 81: 0.9780377637897328, 82: 2.961388661653524, 83: 1.977342754917086, 84: 7.472093434960584, 85: 1.4629760469063136, 86: 1.4610540769278086, 87: 3.9717949399978507, 88: 2.470014355970501, 89: 1.9855756830406364, 90: 3.978398077367631, 91: 2.441429925238805, 92: 3.4731982410702145, 93: 1.4580767942307866, 94: 2.9609699443043285, 95: 5.474533743107243, 96: 0.48181008284980154, 97: 2.9623633826818105, 98: 1.4555157797746652, 99: 4.4811834749724175}
2025-01-28 05:03:06 - WARNING  - Sum of s_i: 286.1535014921527
2025-01-28 05:03:25 - WARNING  - Shapley share: {26: 0.30000000000000027, 28: 0.15000000000000013, 22: 0.10000000000000009, 43: 0.30000000000000027, 23: 0.40000000000000036, 38: 0.15000000000000013, 4: 0.40000000000000036, 83: 0.20000000000000018, 54: 0.050000000000000044, 61: 0.10000000000000009}
2025-01-28 05:03:29 - WARNING  - Epoch:   173. Accuracy: Top-1: 70.42 | Loss: value: 0.83
2025-01-28 05:03:29 - WARNING  - Epoch 173
2025-01-28 05:03:29 - WARNING  - s_i: {0: 7.978461273927627, 1: 3.971622154871344, 2: 4.953737714676306, 3: 2.4705640914258398, 4: 4.456345626460649, 5: 0.995044216036866, 6: 0.4878599568338182, 7: 3.4402248673730664, 8: 0.45638463037270927, 9: 0.4857606379796424, 10: 2.9863796785386336, 11: 4.950271605622327, 12: 4.4818592738961796, 13: 4.463285983002836, 14: 0.4737353423341095, 15: 5.47849179117835, 16: 5.4789134114910265, 17: 0.9598135794923532, 18: 0.46738041374023753, 19: 6.458567322044892, 20: 0.4499263733435348, 21: 4.445919340915561, 22: 3.426013740515356, 23: 7.948190131056442, 24: 6.46052234360446, 25: 0.940190906868691, 26: 5.971576116916469, 27: 3.9784447681964563, 28: 2.4726677348977972, 29: 0.49183061859813093, 30: 0.9489992146630958, 31: 1.4604794872220073, 32: 2.482762690630371, 33: 4.472541619339382, 34: 0.47186688929442444, 35: 6.4441321835303125, 36: 0.9608638720728819, 37: 1.454978074741231, 38: 4.9712817333528125, 39: 1.4685366157159025, 40: 3.9633522598081057, 41: 2.4652521226453694, 42: 0.4648385333909886, 43: 6.4528435234795385, 44: 2.9736124088106917, 45: 1.4782085848461028, 46: 3.467023745362909, 47: 0.49024044581450754, 48: 4.472792446726929, 49: 0.4722339508995199, 50: 2.471972654702974, 51: 3.449949500774104, 52: 3.966549114706014, 53: 2.9352538057664117, 54: 1.9749513195205177, 55: 4.483529443361313, 56: 1.455870909949188, 57: 3.957220173695181, 58: 2.9751544647936727, 59: 3.4341122691309613, 60: 1.9679434994524603, 61: 2.465299958907376, 62: 1.4472327050940292, 63: 3.47081964390732, 64: 2.9661107283324375, 65: 0.9693154314661682, 66: 0.9757493050700643, 67: 0.46345725602396776, 68: 0.4589647798979479, 69: 3.463537088420337, 70: 2.4803349409760442, 71: 2.965947387327136, 72: 3.4769177816386296, 73: 6.963266511748314, 74: 5.479230069894417, 75: 5.457367283653427, 76: 1.4724815771833608, 77: 5.956714458971898, 78: 0.9432068070881703, 79: 2.4837936296479564, 80: 3.9636972032978197, 81: 0.9780377637897328, 82: 2.961388661653524, 83: 3.9728113059005032, 84: 7.472093434960584, 85: 1.4629760469063136, 86: 1.4610540769278086, 87: 3.9717949399978507, 88: 2.470014355970501, 89: 1.9855756830406364, 90: 3.978398077367631, 91: 2.441429925238805, 92: 3.4731982410702145, 93: 1.4580767942307866, 94: 2.9609699443043285, 95: 5.474533743107243, 96: 0.48181008284980154, 97: 2.9623633826818105, 98: 1.4555157797746652, 99: 4.4811834749724175}
2025-01-28 05:03:29 - WARNING  - Sum of s_i: 301.6160034677036
2025-01-28 05:03:51 - WARNING  - Shapley share: {24: -0.20000000000000018, 48: -0.10000000000000009, 3: -0.20000000000000018, 40: -0.15000000000000013, 94: -0.20000000000000018, 77: -0.2500000000000002, 2: -0.5000000000000004, 67: -0.2500000000000002, 75: -0.4500000000000004, 74: -0.5000000000000004}
2025-01-28 05:03:56 - WARNING  - Epoch:   174. Accuracy: Top-1: 69.58 | Loss: value: 0.86
2025-01-28 05:03:56 - WARNING  - Epoch 174
2025-01-28 05:03:56 - WARNING  - s_i: {0: 7.978461273927627, 1: 3.971622154871344, 2: 4.953737714676306, 3: 0.4656581066634762, 4: 4.456345626460649, 5: 0.995044216036866, 6: 0.4878599568338182, 7: 3.4402248673730664, 8: 0.45638463037270927, 9: 0.4857606379796424, 10: 2.9863796785386336, 11: 4.950271605622327, 12: 4.4818592738961796, 13: 4.463285983002836, 14: 0.4737353423341095, 15: 5.47849179117835, 16: 5.4789134114910265, 17: 0.9598135794923532, 18: 0.46738041374023753, 19: 6.458567322044892, 20: 0.4499263733435348, 21: 4.445919340915561, 22: 3.426013740515356, 23: 7.948190131056442, 24: 4.456135937338286, 25: 0.940190906868691, 26: 5.971576116916469, 27: 3.9784447681964563, 28: 2.4726677348977972, 29: 0.49183061859813093, 30: 0.9489992146630958, 31: 1.4604794872220073, 32: 2.482762690630371, 33: 4.472541619339382, 34: 0.47186688929442444, 35: 6.4441321835303125, 36: 0.9608638720728819, 37: 1.454978074741231, 38: 4.9712817333528125, 39: 1.4685366157159025, 40: 2.4592802886756733, 41: 2.4652521226453694, 42: 0.4648385333909886, 43: 6.4528435234795385, 44: 2.9736124088106917, 45: 1.4782085848461028, 46: 3.467023745362909, 47: 0.49024044581450754, 48: 3.468257854514752, 49: 0.4722339508995199, 50: 2.471972654702974, 51: 3.449949500774104, 52: 3.966549114706014, 53: 2.9352538057664117, 54: 1.9749513195205177, 55: 4.483529443361313, 56: 1.455870909949188, 57: 3.957220173695181, 58: 2.9751544647936727, 59: 3.4341122691309613, 60: 1.9679434994524603, 61: 2.465299958907376, 62: 1.4472327050940292, 63: 3.47081964390732, 64: 2.9661107283324375, 65: 0.9693154314661682, 66: 0.9757493050700643, 67: 0.46345725602396776, 68: 0.4589647798979479, 69: 3.463537088420337, 70: 2.4803349409760442, 71: 2.965947387327136, 72: 3.4769177816386296, 73: 6.963266511748314, 74: 0.4750760838732955, 75: 0.9526303151704703, 76: 1.4724815771833608, 77: 3.4519049544132185, 78: 0.9432068070881703, 79: 2.4837936296479564, 80: 3.9636972032978197, 81: 0.9780377637897328, 82: 2.961388661653524, 83: 3.9728113059005032, 84: 7.472093434960584, 85: 1.4629760469063136, 86: 1.4610540769278086, 87: 3.9717949399978507, 88: 2.470014355970501, 89: 1.9855756830406364, 90: 3.978398077367631, 91: 2.441429925238805, 92: 3.4731982410702145, 93: 1.4580767942307866, 94: 0.956633271449252, 95: 5.474533743107243, 96: 0.48181008284980154, 97: 2.9623633826818105, 98: 1.4555157797746652, 99: 4.4811834749724175}
2025-01-28 05:03:56 - WARNING  - Sum of s_i: 281.08006738141256
2025-01-28 05:04:15 - WARNING  - Shapley share: {40: 0.050000000000000044, 43: -0.24999999999999967, 60: 0.0, 0: 0.15000000000000013, 7: -0.050000000000000044, 47: 0.10000000000000009, 87: 0.0, 49: -0.15000000000000013, 28: -0.20000000000000018, 12: -0.050000000000000044}
2025-01-28 05:04:19 - WARNING  - Epoch:   175. Accuracy: Top-1: 70.00 | Loss: value: 0.86
2025-01-28 05:04:19 - WARNING  - Epoch 175
2025-01-28 05:04:19 - WARNING  - s_i: {0: 7.978461273927627, 1: 3.971622154871344, 2: 4.953737714676306, 3: 0.4656581066634762, 4: 4.456345626460649, 5: 0.995044216036866, 6: 0.4878599568338182, 7: 2.935243606320822, 8: 0.45638463037270927, 9: 0.4857606379796424, 10: 2.9863796785386336, 11: 4.950271605622327, 12: 3.977324092370225, 13: 4.463285983002836, 14: 0.4737353423341095, 15: 5.47849179117835, 16: 5.4789134114910265, 17: 0.9598135794923532, 18: 0.46738041374023753, 19: 6.458567322044892, 20: 0.4499263733435348, 21: 4.445919340915561, 22: 3.426013740515356, 23: 7.948190131056442, 24: 4.456135937338286, 25: 0.940190906868691, 26: 5.971576116916469, 27: 3.9784447681964563, 28: 0.46811235738076196, 29: 0.49183061859813093, 30: 0.9489992146630958, 31: 1.4604794872220073, 32: 2.482762690630371, 33: 4.472541619339382, 34: 0.47186688929442444, 35: 6.4441321835303125, 36: 0.9608638720728819, 37: 1.454978074741231, 38: 4.9712817333528125, 39: 1.4685366157159025, 40: 2.955208317543242, 41: 2.4652521226453694, 42: 0.4648385333909886, 43: 3.9485565710685915, 44: 2.9736124088106917, 45: 1.4782085848461028, 46: 3.467023745362909, 47: 1.485360668721764, 48: 3.468257854514752, 49: 0.4722339508995199, 50: 2.471972654702974, 51: 3.449949500774104, 52: 3.966549114706014, 53: 2.9352538057664117, 54: 1.9749513195205177, 55: 4.483529443361313, 56: 1.455870909949188, 57: 3.957220173695181, 58: 2.9751544647936727, 59: 3.4341122691309613, 60: 1.9639364368840189, 61: 2.465299958907376, 62: 1.4472327050940292, 63: 3.47081964390732, 64: 2.9661107283324375, 65: 0.9693154314661682, 66: 0.9757493050700643, 67: 0.46345725602396776, 68: 0.4589647798979479, 69: 3.463537088420337, 70: 2.4803349409760442, 71: 2.965947387327136, 72: 3.4769177816386296, 73: 6.963266511748314, 74: 0.4750760838732955, 75: 0.9526303151704703, 76: 1.4724815771833608, 77: 3.4519049544132185, 78: 0.9432068070881703, 79: 2.4837936296479564, 80: 3.9636972032978197, 81: 0.9780377637897328, 82: 2.961388661653524, 83: 3.9728113059005032, 84: 7.472093434960584, 85: 1.4629760469063136, 86: 1.4610540769278086, 87: 3.96709409666416, 88: 2.470014355970501, 89: 1.9855756830406364, 90: 3.978398077367631, 91: 2.441429925238805, 92: 3.4731982410702145, 93: 1.4580767942307866, 94: 0.956633271449252, 95: 5.474533743107243, 96: 0.48181008284980154, 97: 2.9623633826818105, 98: 1.4555157797746652, 99: 4.4811834749724175}
2025-01-28 05:04:19 - WARNING  - Sum of s_i: 277.0440489547791
2025-01-28 05:04:38 - WARNING  - Shapley share: {0: -0.4999999999999999, 61: -0.10000000000000009, 27: -0.40000000000000036, 69: -0.30000000000000027, 11: -0.7000000000000001, 65: -0.24999999999999967, 50: -0.7000000000000001, 99: -0.6, 67: -0.6, 26: -0.7000000000000001}
2025-01-28 05:04:43 - WARNING  - Epoch:   176. Accuracy: Top-1: 69.69 | Loss: value: 0.85
2025-01-28 05:04:43 - WARNING  - Epoch 176
2025-01-28 05:04:43 - WARNING  - s_i: {0: 2.9741535287131553, 1: 3.971622154871344, 2: 4.953737714676306, 3: 0.4656581066634762, 4: 4.456345626460649, 5: 0.995044216036866, 6: 0.4878599568338182, 7: 2.935243606320822, 8: 0.45638463037270927, 9: 0.4857606379796424, 10: 2.9863796785386336, 11: 4.950271605622327, 12: 3.977324092370225, 13: 4.463285983002836, 14: 0.4737353423341095, 15: 5.47849179117835, 16: 5.4789134114910265, 17: 0.9598135794923532, 18: 0.46738041374023753, 19: 6.458567322044892, 20: 0.4499263733435348, 21: 4.445919340915561, 22: 3.426013740515356, 23: 7.948190131056442, 24: 4.456135937338286, 25: 0.940190906868691, 26: 5.971576116916469, 27: 3.9784447681964563, 28: 0.46811235738076196, 29: 0.49183061859813093, 30: 0.9489992146630958, 31: 1.4604794872220073, 32: 2.482762690630371, 33: 4.472541619339382, 34: 0.47186688929442444, 35: 6.4441321835303125, 36: 0.9608638720728819, 37: 1.454978074741231, 38: 4.9712817333528125, 39: 1.4685366157159025, 40: 2.955208317543242, 41: 2.4652521226453694, 42: 0.4648385333909886, 43: 3.9485565710685915, 44: 2.9736124088106917, 45: 1.4782085848461028, 46: 3.467023745362909, 47: 1.485360668721764, 48: 3.468257854514752, 49: 0.4722339508995199, 50: 2.471972654702974, 51: 3.449949500774104, 52: 3.966549114706014, 53: 2.9352538057664117, 54: 1.9749513195205177, 55: 4.483529443361313, 56: 1.455870909949188, 57: 3.957220173695181, 58: 2.9751544647936727, 59: 3.4341122691309613, 60: 1.9639364368840189, 61: 1.4603428101798586, 62: 1.4472327050940292, 63: 3.47081964390732, 64: 2.9661107283324375, 65: 0.9693154314661682, 66: 0.9757493050700643, 67: 0.46345725602396776, 68: 0.4589647798979479, 69: 0.459485653800372, 70: 2.4803349409760442, 71: 2.965947387327136, 72: 3.4769177816386296, 73: 6.963266511748314, 74: 0.4750760838732955, 75: 0.9526303151704703, 76: 1.4724815771833608, 77: 3.4519049544132185, 78: 0.9432068070881703, 79: 2.4837936296479564, 80: 3.9636972032978197, 81: 0.9780377637897328, 82: 2.961388661653524, 83: 3.9728113059005032, 84: 7.472093434960584, 85: 1.4629760469063136, 86: 1.4610540769278086, 87: 3.96709409666416, 88: 2.470014355970501, 89: 1.9855756830406364, 90: 3.978398077367631, 91: 2.441429925238805, 92: 3.4731982410702145, 93: 1.4580767942307866, 94: 0.956633271449252, 95: 5.474533743107243, 96: 0.48181008284980154, 97: 2.9623633826818105, 98: 1.4555157797746652, 99: 4.4811834749724175}
2025-01-28 05:04:43 - WARNING  - Sum of s_i: 268.0307326262172
2025-01-28 05:05:01 - WARNING  - Shapley share: {62: -0.2999999999999997, 21: -0.24999999999999967, 57: -0.5500000000000005, 69: -0.40000000000000036, 55: -0.44999999999999984, 40: -0.44999999999999984, 67: -0.44999999999999984, 89: -0.6999999999999995, 85: -0.5499999999999999, 50: -0.34999999999999976}
2025-01-28 05:05:06 - WARNING  - Epoch:   177. Accuracy: Top-1: 71.25 | Loss: value: 0.80
2025-01-28 05:05:06 - WARNING  - Epoch 177
2025-01-28 05:05:06 - WARNING  - s_i: {0: 2.9741535287131553, 1: 3.971622154871344, 2: 4.953737714676306, 3: 0.4656581066634762, 4: 4.456345626460649, 5: 0.995044216036866, 6: 0.4878599568338182, 7: 2.935243606320822, 8: 0.45638463037270927, 9: 0.4857606379796424, 10: 2.9863796785386336, 11: 4.950271605622327, 12: 3.977324092370225, 13: 4.463285983002836, 14: 0.4737353423341095, 15: 5.47849179117835, 16: 5.4789134114910265, 17: 0.9598135794923532, 18: 0.46738041374023753, 19: 6.458567322044892, 20: 0.4499263733435348, 21: 1.9410029173624328, 22: 3.426013740515356, 23: 7.948190131056442, 24: 4.456135937338286, 25: 0.940190906868691, 26: 5.971576116916469, 27: 3.9784447681964563, 28: 0.46811235738076196, 29: 0.49183061859813093, 30: 0.9489992146630958, 31: 1.4604794872220073, 32: 2.482762690630371, 33: 4.472541619339382, 34: 0.47186688929442444, 35: 6.4441321835303125, 36: 0.9608638720728819, 37: 1.454978074741231, 38: 4.9712817333528125, 39: 1.4685366157159025, 40: 2.955208317543242, 41: 2.4652521226453694, 42: 0.4648385333909886, 43: 3.9485565710685915, 44: 2.9736124088106917, 45: 1.4782085848461028, 46: 3.467023745362909, 47: 1.485360668721764, 48: 3.468257854514752, 49: 0.4722339508995199, 50: 2.471972654702974, 51: 3.449949500774104, 52: 3.966549114706014, 53: 2.9352538057664117, 54: 1.9749513195205177, 55: 4.483529443361313, 56: 1.455870909949188, 57: 3.957220173695181, 58: 2.9751544647936727, 59: 3.4341122691309613, 60: 1.9639364368840189, 61: 1.4603428101798586, 62: 1.4472327050940292, 63: 3.47081964390732, 64: 2.9661107283324375, 65: 0.9693154314661682, 66: 0.9757493050700643, 67: 0.46345725602396776, 68: 0.4589647798979479, 69: 0.459485653800372, 70: 2.4803349409760442, 71: 2.965947387327136, 72: 3.4769177816386296, 73: 6.963266511748314, 74: 0.4750760838732955, 75: 0.9526303151704703, 76: 1.4724815771833608, 77: 3.4519049544132185, 78: 0.9432068070881703, 79: 2.4837936296479564, 80: 3.9636972032978197, 81: 0.9780377637897328, 82: 2.961388661653524, 83: 3.9728113059005032, 84: 7.472093434960584, 85: 1.4629760469063136, 86: 1.4610540769278086, 87: 3.96709409666416, 88: 2.470014355970501, 89: 1.9855756830406364, 90: 3.978398077367631, 91: 2.441429925238805, 92: 3.4731982410702145, 93: 1.4580767942307866, 94: 0.956633271449252, 95: 5.474533743107243, 96: 0.48181008284980154, 97: 2.9623633826818105, 98: 1.4555157797746652, 99: 4.4811834749724175}
2025-01-28 05:05:06 - WARNING  - Sum of s_i: 265.52581620266403
2025-01-28 05:05:25 - WARNING  - Shapley share: {73: -0.10000000000000009, 16: -0.34999999999999976, 87: 0.0, 46: -0.2500000000000002, 62: 0.15000000000000013, 96: -0.20000000000000018, 7: -0.20000000000000018, 39: -0.050000000000000044, 45: -0.20000000000000018, 0: -0.10000000000000009}
2025-01-28 05:05:29 - WARNING  - Epoch:   178. Accuracy: Top-1: 71.89 | Loss: value: 0.80
2025-01-28 05:05:29 - WARNING  - Epoch 178
2025-01-28 05:05:29 - WARNING  - s_i: {0: 1.9698457834986818, 1: 3.971622154871344, 2: 4.953737714676306, 3: 0.4656581066634762, 4: 4.456345626460649, 5: 0.995044216036866, 6: 0.4878599568338182, 7: 0.9302623452685759, 8: 0.45638463037270927, 9: 0.4857606379796424, 10: 2.9863796785386336, 11: 4.950271605622327, 12: 3.977324092370225, 13: 4.463285983002836, 14: 0.4737353423341095, 15: 5.47849179117835, 16: 1.9746960937892357, 17: 0.9598135794923532, 18: 0.46738041374023753, 19: 6.458567322044892, 20: 0.4499263733435348, 21: 1.9410029173624328, 22: 3.426013740515356, 23: 7.948190131056442, 24: 4.456135937338286, 25: 0.940190906868691, 26: 5.971576116916469, 27: 3.9784447681964563, 28: 0.46811235738076196, 29: 0.49183061859813093, 30: 0.9489992146630958, 31: 1.4604794872220073, 32: 2.482762690630371, 33: 4.472541619339382, 34: 0.47186688929442444, 35: 6.4441321835303125, 36: 0.9608638720728819, 37: 1.454978074741231, 38: 4.9712817333528125, 39: 0.9640418465324598, 40: 2.955208317543242, 41: 2.4652521226453694, 42: 0.4648385333909886, 43: 3.9485565710685915, 44: 2.9736124088106917, 45: 1.4782085848461028, 46: 0.9629017135332698, 47: 1.485360668721764, 48: 3.468257854514752, 49: 0.4722339508995199, 50: 2.471972654702974, 51: 3.449949500774104, 52: 3.966549114706014, 53: 2.9352538057664117, 54: 1.9749513195205177, 55: 4.483529443361313, 56: 1.455870909949188, 57: 3.957220173695181, 58: 2.9751544647936727, 59: 3.4341122691309613, 60: 1.9639364368840189, 61: 1.4603428101798586, 62: 2.942835430518532, 63: 3.47081964390732, 64: 2.9661107283324375, 65: 0.9693154314661682, 66: 0.9757493050700643, 67: 0.46345725602396776, 68: 0.4589647798979479, 69: 0.459485653800372, 70: 2.4803349409760442, 71: 2.965947387327136, 72: 3.4769177816386296, 73: 5.9586748257168525, 74: 0.4750760838732955, 75: 0.9526303151704703, 76: 1.4724815771833608, 77: 3.4519049544132185, 78: 0.9432068070881703, 79: 2.4837936296479564, 80: 3.9636972032978197, 81: 0.9780377637897328, 82: 2.961388661653524, 83: 3.9728113059005032, 84: 7.472093434960584, 85: 1.4629760469063136, 86: 1.4610540769278086, 87: 3.9623932533304695, 88: 2.470014355970501, 89: 1.9855756830406364, 90: 3.978398077367631, 91: 2.441429925238805, 92: 3.4731982410702145, 93: 1.4580767942307866, 94: 0.956633271449252, 95: 5.474533743107243, 96: 0.48181008284980154, 97: 2.9623633826818105, 98: 1.4555157797746652, 99: 4.4811834749724175}
2025-01-28 05:05:29 - WARNING  - Sum of s_i: 256.49000327374176
2025-01-28 05:05:46 - WARNING  - Shapley share: {37: 0.050000000000000044, 7: -0.20000000000000018, 27: 0.15000000000000013, 35: -0.7999999999999996, 75: -0.3500000000000003, 65: -0.6000000000000005, 58: -0.19999999999999962, 67: -0.40000000000000036, 15: -0.40000000000000036, 96: -0.4500000000000004}
2025-01-28 05:05:51 - WARNING  - Epoch:   179. Accuracy: Top-1: 71.27 | Loss: value: 0.81
2025-01-28 05:05:51 - WARNING  - Epoch 179
2025-01-28 05:05:51 - WARNING  - s_i: {0: 1.9698457834986818, 1: 3.971622154871344, 2: 4.953737714676306, 3: 0.4656581066634762, 4: 4.456345626460649, 5: 0.995044216036866, 6: 0.4878599568338182, 7: 0.9302623452685759, 8: 0.45638463037270927, 9: 0.4857606379796424, 10: 2.9863796785386336, 11: 4.950271605622327, 12: 3.977324092370225, 13: 4.463285983002836, 14: 0.4737353423341095, 15: 1.4741901494140155, 16: 1.9746960937892357, 17: 0.9598135794923532, 18: 0.46738041374023753, 19: 6.458567322044892, 20: 0.4499263733435348, 21: 1.9410029173624328, 22: 3.426013740515356, 23: 7.948190131056442, 24: 4.456135937338286, 25: 0.940190906868691, 26: 5.971576116916469, 27: 5.4741337218357495, 28: 0.46811235738076196, 29: 0.49183061859813093, 30: 0.9489992146630958, 31: 1.4604794872220073, 32: 2.482762690630371, 33: 4.472541619339382, 34: 0.47186688929442444, 35: 6.4441321835303125, 36: 0.9608638720728819, 37: 1.9504758822153558, 38: 4.9712817333528125, 39: 0.9640418465324598, 40: 2.955208317543242, 41: 2.4652521226453694, 42: 0.4648385333909886, 43: 3.9485565710685915, 44: 2.9736124088106917, 45: 1.4782085848461028, 46: 0.9629017135332698, 47: 1.485360668721764, 48: 3.468257854514752, 49: 0.4722339508995199, 50: 2.471972654702974, 51: 3.449949500774104, 52: 3.966549114706014, 53: 2.9352538057664117, 54: 1.9749513195205177, 55: 4.483529443361313, 56: 1.455870909949188, 57: 3.957220173695181, 58: 0.9701853577524115, 59: 3.4341122691309613, 60: 1.9639364368840189, 61: 1.4603428101798586, 62: 2.942835430518532, 63: 3.47081964390732, 64: 2.9661107283324375, 65: 0.9693154314661682, 66: 0.9757493050700643, 67: 0.46345725602396776, 68: 0.4589647798979479, 69: 0.459485653800372, 70: 2.4803349409760442, 71: 2.965947387327136, 72: 3.4769177816386296, 73: 5.9586748257168525, 74: 0.4750760838732955, 75: 0.9526303151704703, 76: 1.4724815771833608, 77: 3.4519049544132185, 78: 0.9432068070881703, 79: 2.4837936296479564, 80: 3.9636972032978197, 81: 0.9780377637897328, 82: 2.961388661653524, 83: 3.9728113059005032, 84: 7.472093434960584, 85: 1.4629760469063136, 86: 1.4610540769278086, 87: 3.9623932533304695, 88: 2.470014355970501, 89: 1.9855756830406364, 90: 3.978398077367631, 91: 2.441429925238805, 92: 3.4731982410702145, 93: 1.4580767942307866, 94: 0.956633271449252, 95: 5.474533743107243, 96: 0.48181008284980154, 97: 2.9623633826818105, 98: 1.4555157797746652, 99: 4.4811834749724175}
2025-01-28 05:05:51 - WARNING  - Sum of s_i: 252.4719192860496
2025-01-28 05:06:09 - WARNING  - Shapley share: {64: 0.2500000000000002, 93: -0.20000000000000018, 48: -0.20000000000000018, 31: 0.0, 96: -0.15000000000000013, 12: -0.3999999999999998, 4: -0.15000000000000013, 82: -0.3999999999999998, 13: -0.19999999999999962, 3: -0.15000000000000013}
2025-01-28 05:06:13 - WARNING  - Epoch:   180. Accuracy: Top-1: 71.08 | Loss: value: 0.83
2025-01-28 05:06:13 - WARNING  - Epoch 180
2025-01-28 05:06:13 - WARNING  - s_i: {0: 1.9698457834986818, 1: 3.971622154871344, 2: 4.953737714676306, 3: 0.4656581066634762, 4: 2.9514951405118306, 5: 0.995044216036866, 6: 0.4878599568338182, 7: 0.9302623452685759, 8: 0.45638463037270927, 9: 0.4857606379796424, 10: 2.9863796785386336, 11: 4.950271605622327, 12: 3.977324092370225, 13: 2.4586967308781933, 14: 0.4737353423341095, 15: 1.4741901494140155, 16: 1.9746960937892357, 17: 0.9598135794923532, 18: 0.46738041374023753, 19: 6.458567322044892, 20: 0.4499263733435348, 21: 1.9410029173624328, 22: 3.426013740515356, 23: 7.948190131056442, 24: 4.456135937338286, 25: 0.940190906868691, 26: 5.971576116916469, 27: 5.4741337218357495, 28: 0.46811235738076196, 29: 0.49183061859813093, 30: 0.9489992146630958, 31: 1.4555394231247583, 32: 2.482762690630371, 33: 4.472541619339382, 34: 0.47186688929442444, 35: 6.4441321835303125, 36: 0.9608638720728819, 37: 1.9504758822153558, 38: 4.9712817333528125, 39: 0.9640418465324598, 40: 2.955208317543242, 41: 2.4652521226453694, 42: 0.4648385333909886, 43: 3.9485565710685915, 44: 2.9736124088106917, 45: 1.4782085848461028, 46: 0.9629017135332698, 47: 1.485360668721764, 48: 1.4637232623025742, 49: 0.4722339508995199, 50: 2.471972654702974, 51: 3.449949500774104, 52: 3.966549114706014, 53: 2.9352538057664117, 54: 1.9749513195205177, 55: 4.483529443361313, 56: 1.455870909949188, 57: 3.957220173695181, 58: 0.9701853577524115, 59: 3.4341122691309613, 60: 1.9639364368840189, 61: 1.4603428101798586, 62: 2.942835430518532, 63: 3.47081964390732, 64: 5.461269403808503, 65: 0.9693154314661682, 66: 0.9757493050700643, 67: 0.46345725602396776, 68: 0.4589647798979479, 69: 0.459485653800372, 70: 2.4803349409760442, 71: 2.965947387327136, 72: 3.4769177816386296, 73: 5.9586748257168525, 74: 0.4750760838732955, 75: 0.9526303151704703, 76: 1.4724815771833608, 77: 3.4519049544132185, 78: 0.9432068070881703, 79: 2.4837936296479564, 80: 3.9636972032978197, 81: 0.9780377637897328, 82: 2.961388661653524, 83: 3.9728113059005032, 84: 7.472093434960584, 85: 1.4629760469063136, 86: 1.4610540769278086, 87: 3.9623932533304695, 88: 2.470014355970501, 89: 1.9855756830406364, 90: 3.978398077367631, 91: 2.441429925238805, 92: 3.4731982410702145, 93: 1.4580767942307866, 94: 0.956633271449252, 95: 5.474533743107243, 96: 0.48181008284980154, 97: 2.9623633826818105, 98: 1.4555157797746652, 99: 4.4811834749724175}
2025-01-28 05:06:13 - WARNING  - Sum of s_i: 249.44816356714279
2025-01-28 05:06:18 - WARNING  - The sum of accs: 63.0
2025-01-28 05:06:18 - WARNING  - The welfare is 62.88761586208143
2025-01-28 05:06:35 - WARNING  - Shapley share: {34: -0.050000000000000044, 59: -0.4500000000000004, 83: -0.10000000000000009, 3: -0.20000000000000018, 66: 0.050000000000000044, 5: -0.050000000000000044, 88: -0.15000000000000013, 17: 0.10000000000000009, 33: -0.15000000000000013, 70: -0.2999999999999997}
2025-01-28 05:06:40 - WARNING  - Epoch:   181. Accuracy: Top-1: 71.71 | Loss: value: 0.81
2025-01-28 05:06:40 - WARNING  - Epoch 181
2025-01-28 05:06:40 - WARNING  - s_i: {0: 1.9698457834986818, 1: 3.971622154871344, 2: 4.953737714676306, 3: 0.4656581066634762, 4: 2.9514951405118306, 5: 0.49008843207373154, 6: 0.4878599568338182, 7: 0.9302623452685759, 8: 0.45638463037270927, 9: 0.4857606379796424, 10: 2.9863796785386336, 11: 4.950271605622327, 12: 3.977324092370225, 13: 2.4586967308781933, 14: 0.4737353423341095, 15: 1.4741901494140155, 16: 1.9746960937892357, 17: 1.9557949374415893, 18: 0.46738041374023753, 19: 6.458567322044892, 20: 0.4499263733435348, 21: 1.9410029173624328, 22: 3.426013740515356, 23: 7.948190131056442, 24: 4.456135937338286, 25: 0.940190906868691, 26: 5.971576116916469, 27: 5.4741337218357495, 28: 0.46811235738076196, 29: 0.49183061859813093, 30: 0.9489992146630958, 31: 1.4555394231247583, 32: 2.482762690630371, 33: 2.9679652225626123, 34: 0.47186688929442444, 35: 6.4441321835303125, 36: 0.9608638720728819, 37: 1.9504758822153558, 38: 4.9712817333528125, 39: 0.9640418465324598, 40: 2.955208317543242, 41: 2.4652521226453694, 42: 0.4648385333909886, 43: 3.9485565710685915, 44: 2.9736124088106917, 45: 1.4782085848461028, 46: 0.9629017135332698, 47: 1.485360668721764, 48: 1.4637232623025742, 49: 0.4722339508995199, 50: 2.471972654702974, 51: 3.449949500774104, 52: 3.966549114706014, 53: 2.9352538057664117, 54: 1.9749513195205177, 55: 4.483529443361313, 56: 1.455870909949188, 57: 3.957220173695181, 58: 0.9701853577524115, 59: 3.4341122691309613, 60: 1.9639364368840189, 61: 1.4603428101798586, 62: 2.942835430518532, 63: 3.47081964390732, 64: 5.461269403808503, 65: 0.9693154314661682, 66: 1.4717075225817426, 67: 0.46345725602396776, 68: 0.4589647798979479, 69: 0.459485653800372, 70: 2.4803349409760442, 71: 2.965947387327136, 72: 3.4769177816386296, 73: 5.9586748257168525, 74: 0.4750760838732955, 75: 0.9526303151704703, 76: 1.4724815771833608, 77: 3.4519049544132185, 78: 0.9432068070881703, 79: 2.4837936296479564, 80: 3.9636972032978197, 81: 0.9780377637897328, 82: 2.961388661653524, 83: 2.9682798568839175, 84: 7.472093434960584, 85: 1.4629760469063136, 86: 1.4610540769278086, 87: 3.9623932533304695, 88: 0.9650167486322512, 89: 1.9855756830406364, 90: 3.978398077367631, 91: 2.441429925238805, 92: 3.4731982410702145, 93: 1.4580767942307866, 94: 0.956633271449252, 95: 5.474533743107243, 96: 0.48181008284980154, 97: 2.9623633826818105, 98: 1.4555157797746652, 99: 4.4811834749724175}
2025-01-28 05:06:40 - WARNING  - Sum of s_i: 246.42104190550896
2025-01-28 05:06:56 - WARNING  - Shapley share: {3: 0.050000000000000044, 31: 0.0, 86: 0.24999999999999967, 68: 0.09999999999999953, 45: 0.0, 32: -0.34999999999999976, 50: -0.24999999999999967, 9: -0.15000000000000013, 79: -5.551115123125783e-16, 61: -0.20000000000000018}
2025-01-28 05:07:01 - WARNING  - Epoch:   182. Accuracy: Top-1: 72.39 | Loss: value: 0.77
2025-01-28 05:07:01 - WARNING  - Epoch 182
2025-01-28 05:07:01 - WARNING  - s_i: {0: 1.9698457834986818, 1: 3.971622154871344, 2: 4.953737714676306, 3: 0.9607521219011148, 4: 2.9514951405118306, 5: 0.49008843207373154, 6: 0.4878599568338182, 7: 0.9302623452685759, 8: 0.45638463037270927, 9: 0.4857606379796424, 10: 2.9863796785386336, 11: 4.950271605622327, 12: 3.977324092370225, 13: 2.4586967308781933, 14: 0.4737353423341095, 15: 1.4741901494140155, 16: 1.9746960937892357, 17: 1.9557949374415893, 18: 0.46738041374023753, 19: 6.458567322044892, 20: 0.4499263733435348, 21: 1.9410029173624328, 22: 3.426013740515356, 23: 7.948190131056442, 24: 4.456135937338286, 25: 0.940190906868691, 26: 5.971576116916469, 27: 5.4741337218357495, 28: 0.46811235738076196, 29: 0.49183061859813093, 30: 0.9489992146630958, 31: 1.4505993590275092, 32: 2.482762690630371, 33: 2.9679652225626123, 34: 0.47186688929442444, 35: 6.4441321835303125, 36: 0.9608638720728819, 37: 1.9504758822153558, 38: 4.9712817333528125, 39: 0.9640418465324598, 40: 2.955208317543242, 41: 2.4652521226453694, 42: 0.4648385333909886, 43: 3.9485565710685915, 44: 2.9736124088106917, 45: 1.4738503018153222, 46: 0.9629017135332698, 47: 1.485360668721764, 48: 1.4637232623025742, 49: 0.4722339508995199, 50: 2.471972654702974, 51: 3.449949500774104, 52: 3.966549114706014, 53: 2.9352538057664117, 54: 1.9749513195205177, 55: 4.483529443361313, 56: 1.455870909949188, 57: 3.957220173695181, 58: 0.9701853577524115, 59: 3.4341122691309613, 60: 1.9639364368840189, 61: 1.4603428101798586, 62: 2.942835430518532, 63: 3.47081964390732, 64: 5.461269403808503, 65: 0.9693154314661682, 66: 1.4717075225817426, 67: 0.46345725602396776, 68: 1.4544053109977164, 69: 0.459485653800372, 70: 2.4803349409760442, 71: 2.965947387327136, 72: 3.4769177816386296, 73: 5.9586748257168525, 74: 0.4750760838732955, 75: 0.9526303151704703, 76: 1.4724815771833608, 77: 3.4519049544132185, 78: 0.9432068070881703, 79: 2.479742037059938, 80: 3.9636972032978197, 81: 0.9780377637897328, 82: 2.961388661653524, 83: 2.9682798568839175, 84: 7.472093434960584, 85: 1.4629760469063136, 86: 3.9567267521420053, 87: 3.9623932533304695, 88: 0.9650167486322512, 89: 1.9855756830406364, 90: 3.978398077367631, 91: 2.441429925238805, 92: 3.4731982410702145, 93: 1.4580767942307866, 94: 0.956633271449252, 95: 5.474533743107243, 96: 0.48181008284980154, 97: 2.9623633826818105, 98: 1.4555157797746652, 99: 4.4811834749724175}
2025-01-28 05:07:01 - WARNING  - Sum of s_i: 250.39389918734452
2025-01-28 05:07:19 - WARNING  - Shapley share: {67: -0.050000000000000044, 50: -0.65, 15: -0.65, 26: -0.3500000000000003, 74: -0.4999999999999999, 35: -0.4500000000000004, 30: -0.1500000000000007, 5: -0.3999999999999998, 47: -0.49999999999999933, 57: -0.6}
2025-01-28 05:07:24 - WARNING  - Epoch:   183. Accuracy: Top-1: 71.12 | Loss: value: 0.81
2025-01-28 05:07:24 - WARNING  - Epoch 183
2025-01-28 05:07:24 - WARNING  - s_i: {0: 1.9698457834986818, 1: 3.971622154871344, 2: 4.953737714676306, 3: 0.9607521219011148, 4: 2.9514951405118306, 5: 0.49008843207373154, 6: 0.4878599568338182, 7: 0.9302623452685759, 8: 0.45638463037270927, 9: 0.4857606379796424, 10: 2.9863796785386336, 11: 4.950271605622327, 12: 3.977324092370225, 13: 2.4586967308781933, 14: 0.4737353423341095, 15: 1.4741901494140155, 16: 1.9746960937892357, 17: 1.9557949374415893, 18: 0.46738041374023753, 19: 6.458567322044892, 20: 0.4499263733435348, 21: 1.9410029173624328, 22: 3.426013740515356, 23: 7.948190131056442, 24: 4.456135937338286, 25: 0.940190906868691, 26: 2.467515562190249, 27: 5.4741337218357495, 28: 0.46811235738076196, 29: 0.49183061859813093, 30: 0.9489992146630958, 31: 1.4505993590275092, 32: 2.482762690630371, 33: 2.9679652225626123, 34: 0.47186688929442444, 35: 1.9398346591864861, 36: 0.9608638720728819, 37: 1.9504758822153558, 38: 4.9712817333528125, 39: 0.9640418465324598, 40: 2.955208317543242, 41: 2.4652521226453694, 42: 0.4648385333909886, 43: 3.9485565710685915, 44: 2.9736124088106917, 45: 1.4738503018153222, 46: 0.9629017135332698, 47: 1.485360668721764, 48: 1.4637232623025742, 49: 0.4722339508995199, 50: 2.471972654702974, 51: 3.449949500774104, 52: 3.966549114706014, 53: 2.9352538057664117, 54: 1.9749513195205177, 55: 4.483529443361313, 56: 1.455870909949188, 57: 3.957220173695181, 58: 0.9701853577524115, 59: 3.4341122691309613, 60: 1.9639364368840189, 61: 1.4603428101798586, 62: 2.942835430518532, 63: 3.47081964390732, 64: 5.461269403808503, 65: 0.9693154314661682, 66: 1.4717075225817426, 67: 0.46345725602396776, 68: 1.4544053109977164, 69: 0.459485653800372, 70: 2.4803349409760442, 71: 2.965947387327136, 72: 3.4769177816386296, 73: 5.9586748257168525, 74: 0.4750760838732955, 75: 0.9526303151704703, 76: 1.4724815771833608, 77: 3.4519049544132185, 78: 0.9432068070881703, 79: 2.479742037059938, 80: 3.9636972032978197, 81: 0.9780377637897328, 82: 2.961388661653524, 83: 2.9682798568839175, 84: 7.472093434960584, 85: 1.4629760469063136, 86: 3.9567267521420053, 87: 3.9623932533304695, 88: 0.9650167486322512, 89: 1.9855756830406364, 90: 3.978398077367631, 91: 2.441429925238805, 92: 3.4731982410702145, 93: 1.4580767942307866, 94: 0.956633271449252, 95: 5.474533743107243, 96: 0.48181008284980154, 97: 2.9623633826818105, 98: 1.4555157797746652, 99: 4.4811834749724175}
2025-01-28 05:07:24 - WARNING  - Sum of s_i: 242.38554110827445
2025-01-28 05:07:41 - WARNING  - Shapley share: {32: 0.10000000000000009, 85: 0.15000000000000013, 28: 0.34999999999999976, 47: 0.10000000000000009, 11: 0.15000000000000013, 23: 0.5000000000000004, 42: 0.20000000000000018, 16: 0.30000000000000027, 71: 0.15000000000000013, 25: 0.40000000000000036}
2025-01-28 05:07:45 - WARNING  - Epoch:   184. Accuracy: Top-1: 71.61 | Loss: value: 0.79
2025-01-28 05:07:45 - WARNING  - Epoch 184
2025-01-28 05:07:45 - WARNING  - s_i: {0: 1.9698457834986818, 1: 3.971622154871344, 2: 4.953737714676306, 3: 0.9607521219011148, 4: 2.9514951405118306, 5: 0.49008843207373154, 6: 0.4878599568338182, 7: 0.9302623452685759, 8: 0.45638463037270927, 9: 0.4857606379796424, 10: 2.9863796785386336, 11: 6.445750842497086, 12: 3.977324092370225, 13: 2.4586967308781933, 14: 0.4737353423341095, 15: 1.4741901494140155, 16: 4.970478776087445, 17: 1.9557949374415893, 18: 0.46738041374023753, 19: 6.458567322044892, 20: 0.4499263733435348, 21: 1.9410029173624328, 22: 3.426013740515356, 23: 7.948190131056442, 24: 4.456135937338286, 25: 4.935206815774419, 26: 2.467515562190249, 27: 5.4741337218357495, 28: 3.963556979863726, 29: 0.49183061859813093, 30: 0.9489992146630958, 31: 1.4505993590275092, 32: 3.4784533632879633, 33: 2.9679652225626123, 34: 0.47186688929442444, 35: 1.9398346591864861, 36: 0.9608638720728819, 37: 1.9504758822153558, 38: 4.9712817333528125, 39: 0.9640418465324598, 40: 2.955208317543242, 41: 2.4652521226453694, 42: 2.460443350064862, 43: 3.9485565710685915, 44: 2.9736124088106917, 45: 1.4738503018153222, 46: 0.9629017135332698, 47: 2.4804808916290204, 48: 1.4637232623025742, 49: 0.4722339508995199, 50: 2.471972654702974, 51: 3.449949500774104, 52: 3.966549114706014, 53: 2.9352538057664117, 54: 1.9749513195205177, 55: 4.483529443361313, 56: 1.455870909949188, 57: 3.957220173695181, 58: 0.9701853577524115, 59: 3.4341122691309613, 60: 1.9639364368840189, 61: 1.4603428101798586, 62: 2.942835430518532, 63: 3.47081964390732, 64: 5.461269403808503, 65: 0.9693154314661682, 66: 1.4717075225817426, 67: 0.46345725602396776, 68: 1.4544053109977164, 69: 0.459485653800372, 70: 2.4803349409760442, 71: 4.461082728373871, 72: 3.4769177816386296, 73: 5.9586748257168525, 74: 0.4750760838732955, 75: 0.9526303151704703, 76: 1.4724815771833608, 77: 3.4519049544132185, 78: 0.9432068070881703, 79: 2.479742037059938, 80: 3.9636972032978197, 81: 0.9780377637897328, 82: 2.961388661653524, 83: 2.9682798568839175, 84: 7.472093434960584, 85: 2.9583480527696056, 86: 3.9567267521420053, 87: 3.9623932533304695, 88: 0.9650167486322512, 89: 1.9855756830406364, 90: 3.978398077367631, 91: 2.441429925238805, 92: 3.4731982410702145, 93: 1.4580767942307866, 94: 0.956633271449252, 95: 5.474533743107243, 96: 0.48181008284980154, 97: 2.9623633826818105, 98: 1.4555157797746652, 99: 4.4811834749724175}
2025-01-28 05:07:45 - WARNING  - Sum of s_i: 261.34418661798486
2025-01-28 05:08:01 - WARNING  - Shapley share: {88: 0.20000000000000018, 81: 0.20000000000000018, 10: 0.10000000000000009, 45: 0.20000000000000018, 52: 0.0, 3: 0.19999999999999962, 74: -0.40000000000000036, 59: -0.20000000000000018, 7: -0.20000000000000018, 46: 0.04999999999999949}
2025-01-28 05:08:06 - WARNING  - Epoch:   185. Accuracy: Top-1: 72.66 | Loss: value: 0.77
2025-01-28 05:08:06 - WARNING  - Epoch 185
2025-01-28 05:08:06 - WARNING  - s_i: {0: 1.9698457834986818, 1: 3.971622154871344, 2: 4.953737714676306, 3: 2.9558461371387494, 4: 2.9514951405118306, 5: 0.49008843207373154, 6: 0.4878599568338182, 7: 0.9302623452685759, 8: 0.45638463037270927, 9: 0.4857606379796424, 10: 3.981839571384847, 11: 6.445750842497086, 12: 3.977324092370225, 13: 2.4586967308781933, 14: 0.4737353423341095, 15: 1.4741901494140155, 16: 4.970478776087445, 17: 1.9557949374415893, 18: 0.46738041374023753, 19: 6.458567322044892, 20: 0.4499263733435348, 21: 1.9410029173624328, 22: 3.426013740515356, 23: 7.948190131056442, 24: 4.456135937338286, 25: 4.935206815774419, 26: 2.467515562190249, 27: 5.4741337218357495, 28: 3.963556979863726, 29: 0.49183061859813093, 30: 0.9489992146630958, 31: 1.4505993590275092, 32: 3.4784533632879633, 33: 2.9679652225626123, 34: 0.47186688929442444, 35: 1.9398346591864861, 36: 0.9608638720728819, 37: 1.9504758822153558, 38: 4.9712817333528125, 39: 0.9640418465324598, 40: 2.955208317543242, 41: 2.4652521226453694, 42: 2.460443350064862, 43: 3.9485565710685915, 44: 2.9736124088106917, 45: 3.4694920187845435, 46: 1.4587796817036276, 47: 2.4804808916290204, 48: 1.4637232623025742, 49: 0.4722339508995199, 50: 2.471972654702974, 51: 3.449949500774104, 52: 3.961770416806874, 53: 2.9352538057664117, 54: 1.9749513195205177, 55: 4.483529443361313, 56: 1.455870909949188, 57: 3.957220173695181, 58: 0.9701853577524115, 59: 1.4299942859516444, 60: 1.9639364368840189, 61: 1.4603428101798586, 62: 2.942835430518532, 63: 3.47081964390732, 64: 5.461269403808503, 65: 0.9693154314661682, 66: 1.4717075225817426, 67: 0.46345725602396776, 68: 1.4544053109977164, 69: 0.459485653800372, 70: 2.4803349409760442, 71: 4.461082728373871, 72: 3.4769177816386296, 73: 5.9586748257168525, 74: 0.4750760838732955, 75: 0.9526303151704703, 76: 1.4724815771833608, 77: 3.4519049544132185, 78: 0.9432068070881703, 79: 2.479742037059938, 80: 3.9636972032978197, 81: 2.9736453165476817, 82: 2.961388661653524, 83: 2.9682798568839175, 84: 7.472093434960584, 85: 2.9583480527696056, 86: 3.9567267521420053, 87: 3.9623932533304695, 88: 2.9600191412940045, 89: 1.9855756830406364, 90: 3.978398077367631, 91: 2.441429925238805, 92: 3.4731982410702145, 93: 1.4580767942307866, 94: 0.956633271449252, 95: 5.474533743107243, 96: 0.48181008284980154, 97: 2.9623633826818105, 98: 1.4555157797746652, 99: 4.4811834749724175}
2025-01-28 05:08:06 - WARNING  - Sum of s_i: 268.80797347554955
2025-01-28 05:08:25 - WARNING  - Shapley share: {9: -0.2500000000000002, 16: -0.10000000000000009, 33: -0.30000000000000027, 13: -0.050000000000000044, 65: -0.15000000000000013, 53: -0.3500000000000003, 95: -0.4500000000000004, 4: -0.5500000000000005, 30: -0.30000000000000027, 83: -0.20000000000000018}
2025-01-28 05:08:29 - WARNING  - Epoch:   186. Accuracy: Top-1: 72.60 | Loss: value: 0.78
2025-01-28 05:08:29 - WARNING  - Epoch 186
2025-01-28 05:08:29 - WARNING  - s_i: {0: 1.9698457834986818, 1: 3.971622154871344, 2: 4.953737714676306, 3: 2.9558461371387494, 4: 2.9514951405118306, 5: 0.49008843207373154, 6: 0.4878599568338182, 7: 0.9302623452685759, 8: 0.45638463037270927, 9: 0.4857606379796424, 10: 3.981839571384847, 11: 6.445750842497086, 12: 3.977324092370225, 13: 1.9541074787535457, 14: 0.4737353423341095, 15: 1.4741901494140155, 16: 3.9662614583856506, 17: 1.9557949374415893, 18: 0.46738041374023753, 19: 6.458567322044892, 20: 0.4499263733435348, 21: 1.9410029173624328, 22: 3.426013740515356, 23: 7.948190131056442, 24: 4.456135937338286, 25: 4.935206815774419, 26: 2.467515562190249, 27: 5.4741337218357495, 28: 3.963556979863726, 29: 0.49183061859813093, 30: 0.9489992146630958, 31: 1.4505993590275092, 32: 3.4784533632879633, 33: 2.9679652225626123, 34: 0.47186688929442444, 35: 1.9398346591864861, 36: 0.9608638720728819, 37: 1.9504758822153558, 38: 4.9712817333528125, 39: 0.9640418465324598, 40: 2.955208317543242, 41: 2.4652521226453694, 42: 2.460443350064862, 43: 3.9485565710685915, 44: 2.9736124088106917, 45: 3.4694920187845435, 46: 1.4587796817036276, 47: 2.4804808916290204, 48: 1.4637232623025742, 49: 0.4722339508995199, 50: 2.471972654702974, 51: 3.449949500774104, 52: 3.961770416806874, 53: 2.9352538057664117, 54: 1.9749513195205177, 55: 4.483529443361313, 56: 1.455870909949188, 57: 3.957220173695181, 58: 0.9701853577524115, 59: 1.4299942859516444, 60: 1.9639364368840189, 61: 1.4603428101798586, 62: 2.942835430518532, 63: 3.47081964390732, 64: 5.461269403808503, 65: 0.9693154314661682, 66: 1.4717075225817426, 67: 0.46345725602396776, 68: 1.4544053109977164, 69: 0.459485653800372, 70: 2.4803349409760442, 71: 4.461082728373871, 72: 3.4769177816386296, 73: 5.9586748257168525, 74: 0.4750760838732955, 75: 0.9526303151704703, 76: 1.4724815771833608, 77: 3.4519049544132185, 78: 0.9432068070881703, 79: 2.479742037059938, 80: 3.9636972032978197, 81: 2.9736453165476817, 82: 2.961388661653524, 83: 0.9637484078673313, 84: 7.472093434960584, 85: 2.9583480527696056, 86: 3.9567267521420053, 87: 3.9623932533304695, 88: 2.9600191412940045, 89: 1.9855756830406364, 90: 3.978398077367631, 91: 2.441429925238805, 92: 3.4731982410702145, 93: 1.4580767942307866, 94: 0.956633271449252, 95: 0.9702893669584469, 96: 0.48181008284980154, 97: 2.9623633826818105, 98: 1.4555157797746652, 99: 4.4811834749724175}
2025-01-28 05:08:29 - WARNING  - Sum of s_i: 260.7903910805577
2025-01-28 05:08:46 - WARNING  - Shapley share: {6: 0.4500000000000004, 36: 0.5500000000000005, 9: 0.6500000000000006, 56: 0.5500000000000005, 32: 0.44999999999999984, 67: 0.5499999999999999, 95: 0.2500000000000002, 76: 0.4999999999999999, 19: 0.40000000000000036, 51: 0.20000000000000018}
2025-01-28 05:08:51 - WARNING  - Epoch:   187. Accuracy: Top-1: 72.33 | Loss: value: 0.79
2025-01-28 05:08:51 - WARNING  - Epoch 187
2025-01-28 05:08:51 - WARNING  - s_i: {0: 1.9698457834986818, 1: 3.971622154871344, 2: 4.953737714676306, 3: 2.9558461371387494, 4: 2.9514951405118306, 5: 0.49008843207373154, 6: 4.983813275778429, 7: 0.9302623452685759, 8: 0.45638463037270927, 9: 6.981014183972861, 10: 3.981839571384847, 11: 6.445750842497086, 12: 3.977324092370225, 13: 1.9541074787535457, 14: 0.4737353423341095, 15: 1.4741901494140155, 16: 3.9662614583856506, 17: 1.9557949374415893, 18: 0.46738041374023753, 19: 6.458567322044892, 20: 0.4499263733435348, 21: 1.9410029173624328, 22: 3.426013740515356, 23: 7.948190131056442, 24: 4.456135937338286, 25: 4.935206815774419, 26: 2.467515562190249, 27: 5.4741337218357495, 28: 3.963556979863726, 29: 0.49183061859813093, 30: 0.9489992146630958, 31: 1.4505993590275092, 32: 7.974144035945553, 33: 2.9679652225626123, 34: 0.47186688929442444, 35: 1.9398346591864861, 36: 6.455971856081997, 37: 1.9504758822153558, 38: 4.9712817333528125, 39: 0.9640418465324598, 40: 2.955208317543242, 41: 2.4652521226453694, 42: 2.460443350064862, 43: 3.9485565710685915, 44: 2.9736124088106917, 45: 3.4694920187845435, 46: 1.4587796817036276, 47: 2.4804808916290204, 48: 1.4637232623025742, 49: 0.4722339508995199, 50: 2.471972654702974, 51: 5.445778625838615, 52: 3.961770416806874, 53: 2.9352538057664117, 54: 1.9749513195205177, 55: 4.483529443361313, 56: 6.9518591744900275, 57: 3.957220173695181, 58: 0.9701853577524115, 59: 1.4299942859516444, 60: 1.9639364368840189, 61: 1.4603428101798586, 62: 2.942835430518532, 63: 3.47081964390732, 64: 5.461269403808503, 65: 0.9693154314661682, 66: 1.4717075225817426, 67: 5.959396951137742, 68: 1.4544053109977164, 69: 0.459485653800372, 70: 2.4803349409760442, 71: 4.461082728373871, 72: 3.4769177816386296, 73: 5.9586748257168525, 74: 0.4750760838732955, 75: 0.9526303151704703, 76: 6.467895173380586, 77: 3.4519049544132185, 78: 0.9432068070881703, 79: 2.479742037059938, 80: 3.9636972032978197, 81: 2.9736453165476817, 82: 2.961388661653524, 83: 0.9637484078673313, 84: 7.472093434960584, 85: 2.9583480527696056, 86: 3.9567267521420053, 87: 3.9623932533304695, 88: 2.9600191412940045, 89: 1.9855756830406364, 90: 3.978398077367631, 91: 2.441429925238805, 92: 3.4731982410702145, 93: 1.4580767942307866, 94: 0.956633271449252, 95: 3.4660449908096567, 96: 0.48181008284980154, 97: 2.9623633826818105, 98: 1.4555157797746652, 99: 4.4811834749724175}
2025-01-28 05:08:51 - WARNING  - Sum of s_i: 302.25132290692983
2025-01-28 05:09:10 - WARNING  - Shapley share: {36: -0.30000000000000027, 48: 0.2500000000000002, 98: -0.20000000000000018, 47: 0.15000000000000013, 34: 0.050000000000000044, 16: 0.10000000000000009, 31: 0.2500000000000002, 45: 0.15000000000000013, 67: -0.15000000000000013, 74: -0.15000000000000013}
2025-01-28 05:09:14 - WARNING  - Epoch:   188. Accuracy: Top-1: 69.69 | Loss: value: 0.85
2025-01-28 05:09:14 - WARNING  - Epoch 188
2025-01-28 05:09:14 - WARNING  - s_i: {0: 1.9698457834986818, 1: 3.971622154871344, 2: 4.953737714676306, 3: 2.9558461371387494, 4: 2.9514951405118306, 5: 0.49008843207373154, 6: 4.983813275778429, 7: 0.9302623452685759, 8: 0.45638463037270927, 9: 6.981014183972861, 10: 3.981839571384847, 11: 6.445750842497086, 12: 3.977324092370225, 13: 1.9541074787535457, 14: 0.4737353423341095, 15: 1.4741901494140155, 16: 4.962044140683858, 17: 1.9557949374415893, 18: 0.46738041374023753, 19: 6.458567322044892, 20: 0.4499263733435348, 21: 1.9410029173624328, 22: 3.426013740515356, 23: 7.948190131056442, 24: 4.456135937338286, 25: 4.935206815774419, 26: 2.467515562190249, 27: 5.4741337218357495, 28: 3.963556979863726, 29: 0.49183061859813093, 30: 0.9489992146630958, 31: 3.9456592949302625, 32: 7.974144035945553, 33: 2.9679652225626123, 34: 0.9671780375101617, 35: 1.9398346591864861, 36: 3.451079840091105, 37: 1.9504758822153558, 38: 4.9712817333528125, 39: 0.9640418465324598, 40: 2.955208317543242, 41: 2.4652521226453694, 42: 2.460443350064862, 43: 3.9485565710685915, 44: 2.9736124088106917, 45: 4.965133735753764, 46: 1.4587796817036276, 47: 3.9756011145362775, 48: 3.9591886700904, 49: 0.4722339508995199, 50: 2.471972654702974, 51: 5.445778625838615, 52: 3.961770416806874, 53: 2.9352538057664117, 54: 1.9749513195205177, 55: 4.483529443361313, 56: 6.9518591744900275, 57: 3.957220173695181, 58: 0.9701853577524115, 59: 1.4299942859516444, 60: 1.9639364368840189, 61: 1.4603428101798586, 62: 2.942835430518532, 63: 3.47081964390732, 64: 5.461269403808503, 65: 0.9693154314661682, 66: 1.4717075225817426, 67: 4.455336646251515, 68: 1.4544053109977164, 69: 0.459485653800372, 70: 2.4803349409760442, 71: 4.461082728373871, 72: 3.4769177816386296, 73: 5.9586748257168525, 74: 0.4750760838732955, 75: 0.9526303151704703, 76: 6.467895173380586, 77: 3.4519049544132185, 78: 0.9432068070881703, 79: 2.479742037059938, 80: 3.9636972032978197, 81: 2.9736453165476817, 82: 2.961388661653524, 83: 0.9637484078673313, 84: 7.472093434960584, 85: 2.9583480527696056, 86: 3.9567267521420053, 87: 3.9623932533304695, 88: 2.9600191412940045, 89: 1.9855756830406364, 90: 3.978398077367631, 91: 2.441429925238805, 92: 3.4731982410702145, 93: 1.4580767942307866, 94: 0.956633271449252, 95: 3.4660449908096567, 96: 0.48181008284980154, 97: 2.9623633826818105, 98: 1.4555157797746652, 99: 4.4811834749724175}
2025-01-28 05:09:14 - WARNING  - Sum of s_i: 307.2147517001337
2025-01-28 05:09:32 - WARNING  - Shapley share: {85: 0.20000000000000018, 0: 0.0, 78: 0.09999999999999953, 24: -0.15000000000000013, 81: 0.10000000000000009, 91: 0.050000000000000044, 74: -0.10000000000000009, 30: -0.20000000000000018, 67: -0.20000000000000018, 3: -0.20000000000000018}
2025-01-28 05:09:36 - WARNING  - Epoch:   189. Accuracy: Top-1: 72.87 | Loss: value: 0.77
2025-01-28 05:09:36 - WARNING  - Epoch 189
2025-01-28 05:09:36 - WARNING  - s_i: {0: 1.965538038284209, 1: 3.971622154871344, 2: 4.953737714676306, 3: 0.9509401523763858, 4: 2.9514951405118306, 5: 0.49008843207373154, 6: 4.983813275778429, 7: 0.9302623452685759, 8: 0.45638463037270927, 9: 6.981014183972861, 10: 3.981839571384847, 11: 6.445750842497086, 12: 3.977324092370225, 13: 1.9541074787535457, 14: 0.4737353423341095, 15: 1.4741901494140155, 16: 4.962044140683858, 17: 1.9557949374415893, 18: 0.46738041374023753, 19: 6.458567322044892, 20: 0.4499263733435348, 21: 1.9410029173624328, 22: 3.426013740515356, 23: 7.948190131056442, 24: 2.9517495310721125, 25: 4.935206815774419, 26: 2.467515562190249, 27: 5.4741337218357495, 28: 3.963556979863726, 29: 0.49183061859813093, 30: 0.9489992146630958, 31: 3.9456592949302625, 32: 7.974144035945553, 33: 2.9679652225626123, 34: 0.9671780375101617, 35: 1.9398346591864861, 36: 3.451079840091105, 37: 1.9504758822153558, 38: 4.9712817333528125, 39: 0.9640418465324598, 40: 2.955208317543242, 41: 2.4652521226453694, 42: 2.460443350064862, 43: 3.9485565710685915, 44: 2.9736124088106917, 45: 4.965133735753764, 46: 1.4587796817036276, 47: 3.9756011145362775, 48: 3.9591886700904, 49: 0.4722339508995199, 50: 2.471972654702974, 51: 5.445778625838615, 52: 3.961770416806874, 53: 2.9352538057664117, 54: 1.9749513195205177, 55: 4.483529443361313, 56: 6.9518591744900275, 57: 3.957220173695181, 58: 0.9701853577524115, 59: 1.4299942859516444, 60: 1.9639364368840189, 61: 1.4603428101798586, 62: 2.942835430518532, 63: 3.47081964390732, 64: 5.461269403808503, 65: 0.9693154314661682, 66: 1.4717075225817426, 67: 2.4512763413652885, 68: 1.4544053109977164, 69: 0.459485653800372, 70: 2.4803349409760442, 71: 4.461082728373871, 72: 3.4769177816386296, 73: 5.9586748257168525, 74: 0.4750760838732955, 75: 0.9526303151704703, 76: 6.467895173380586, 77: 3.4519049544132185, 78: 1.9391501504516067, 79: 2.479742037059938, 80: 3.9636972032978197, 81: 3.9692528693056297, 82: 2.961388661653524, 83: 0.9637484078673313, 84: 7.472093434960584, 85: 4.953720058632898, 86: 3.9567267521420053, 87: 3.9623932533304695, 88: 2.9600191412940045, 89: 1.9855756830406364, 90: 3.978398077367631, 91: 2.937246348470148, 92: 3.4731982410702145, 93: 1.4580767942307866, 94: 0.956633271449252, 95: 3.4660449908096567, 96: 0.48181008284980154, 97: 2.9623633826818105, 98: 1.4555157797746652, 99: 4.4811834749724175}
2025-01-28 05:09:36 - WARNING  - Sum of s_i: 306.1798305842205
2025-01-28 05:09:55 - WARNING  - Shapley share: {44: -0.20000000000000018, 39: -0.2500000000000002, 61: -0.15000000000000013, 28: 0.050000000000000044, 25: -0.15000000000000013, 2: -0.7500000000000001, 38: -0.8000000000000002, 69: -0.6, 29: -0.4999999999999999, 67: -0.7000000000000001}
2025-01-28 05:10:00 - WARNING  - Epoch:   190. Accuracy: Top-1: 73.02 | Loss: value: 0.78
2025-01-28 05:10:00 - WARNING  - Epoch 190
2025-01-28 05:10:00 - WARNING  - s_i: {0: 1.965538038284209, 1: 3.971622154871344, 2: 4.953737714676306, 3: 0.9509401523763858, 4: 2.9514951405118306, 5: 0.49008843207373154, 6: 4.983813275778429, 7: 0.9302623452685759, 8: 0.45638463037270927, 9: 6.981014183972861, 10: 3.981839571384847, 11: 6.445750842497086, 12: 3.977324092370225, 13: 1.9541074787535457, 14: 0.4737353423341095, 15: 1.4741901494140155, 16: 4.962044140683858, 17: 1.9557949374415893, 18: 0.46738041374023753, 19: 6.458567322044892, 20: 0.4499263733435348, 21: 1.9410029173624328, 22: 3.426013740515356, 23: 7.948190131056442, 24: 2.9517495310721125, 25: 3.4302227246801413, 26: 2.467515562190249, 27: 5.4741337218357495, 28: 4.459001602346692, 29: 0.49183061859813093, 30: 0.9489992146630958, 31: 3.9456592949302625, 32: 7.974144035945553, 33: 2.9679652225626123, 34: 0.9671780375101617, 35: 1.9398346591864861, 36: 3.451079840091105, 37: 1.9504758822153558, 38: 4.9712817333528125, 39: 0.9640418465324598, 40: 2.955208317543242, 41: 2.4652521226453694, 42: 2.460443350064862, 43: 3.9485565710685915, 44: 0.969214476945806, 45: 4.965133735753764, 46: 1.4587796817036276, 47: 3.9756011145362775, 48: 3.9591886700904, 49: 0.4722339508995199, 50: 2.471972654702974, 51: 5.445778625838615, 52: 3.961770416806874, 53: 2.9352538057664117, 54: 1.9749513195205177, 55: 4.483529443361313, 56: 6.9518591744900275, 57: 3.957220173695181, 58: 0.9701853577524115, 59: 1.4299942859516444, 60: 1.9639364368840189, 61: 1.4603428101798586, 62: 2.942835430518532, 63: 3.47081964390732, 64: 5.461269403808503, 65: 0.9693154314661682, 66: 1.4717075225817426, 67: 2.4512763413652885, 68: 1.4544053109977164, 69: 0.459485653800372, 70: 2.4803349409760442, 71: 4.461082728373871, 72: 3.4769177816386296, 73: 5.9586748257168525, 74: 0.4750760838732955, 75: 0.9526303151704703, 76: 6.467895173380586, 77: 3.4519049544132185, 78: 1.9391501504516067, 79: 2.479742037059938, 80: 3.9636972032978197, 81: 3.9692528693056297, 82: 2.961388661653524, 83: 0.9637484078673313, 84: 7.472093434960584, 85: 4.953720058632898, 86: 3.9567267521420053, 87: 3.9623932533304695, 88: 2.9600191412940045, 89: 1.9855756830406364, 90: 3.978398077367631, 91: 2.937246348470148, 92: 3.4731982410702145, 93: 1.4580767942307866, 94: 0.956633271449252, 95: 3.4660449908096567, 96: 0.48181008284980154, 97: 2.9623633826818105, 98: 1.4555157797746652, 99: 4.4811834749724175}
2025-01-28 05:10:00 - WARNING  - Sum of s_i: 303.1658931837443
2025-01-28 05:10:05 - WARNING  - The sum of accs: 70.0
2025-01-28 05:10:05 - WARNING  - The welfare is 69.86336790347342
2025-01-28 05:10:25 - WARNING  - Shapley share: {41: -0.5999999999999994, 45: -0.15000000000000013, 71: -0.40000000000000036, 18: -0.9500000000000003, 15: -0.3500000000000003, 99: -1.5500000000000003, 59: -1.4000000000000001, 9: -0.8500000000000002, 13: -0.9000000000000002, 78: -1.3}
2025-01-28 05:10:30 - WARNING  - Epoch:   191. Accuracy: Top-1: 72.32 | Loss: value: 0.79
2025-01-28 05:10:30 - WARNING  - Epoch 191
2025-01-28 05:10:30 - WARNING  - s_i: {0: 1.965538038284209, 1: 3.971622154871344, 2: 4.953737714676306, 3: 0.9509401523763858, 4: 2.9514951405118306, 5: 0.49008843207373154, 6: 4.983813275778429, 7: 0.9302623452685759, 8: 0.45638463037270927, 9: 6.981014183972861, 10: 3.981839571384847, 11: 6.445750842497086, 12: 3.977324092370225, 13: 1.9541074787535457, 14: 0.4737353423341095, 15: 1.4741901494140155, 16: 4.962044140683858, 17: 1.9557949374415893, 18: 0.46738041374023753, 19: 6.458567322044892, 20: 0.4499263733435348, 21: 1.9410029173624328, 22: 3.426013740515356, 23: 7.948190131056442, 24: 2.9517495310721125, 25: 3.4302227246801413, 26: 2.467515562190249, 27: 5.4741337218357495, 28: 4.459001602346692, 29: 0.49183061859813093, 30: 0.9489992146630958, 31: 3.9456592949302625, 32: 7.974144035945553, 33: 2.9679652225626123, 34: 0.9671780375101617, 35: 1.9398346591864861, 36: 3.451079840091105, 37: 1.9504758822153558, 38: 4.9712817333528125, 39: 0.9640418465324598, 40: 2.955208317543242, 41: 2.4652521226453694, 42: 2.460443350064862, 43: 3.9485565710685915, 44: 0.969214476945806, 45: 3.4607754527229826, 46: 1.4587796817036276, 47: 3.9756011145362775, 48: 3.9591886700904, 49: 0.4722339508995199, 50: 2.471972654702974, 51: 5.445778625838615, 52: 3.961770416806874, 53: 2.9352538057664117, 54: 1.9749513195205177, 55: 4.483529443361313, 56: 6.9518591744900275, 57: 3.957220173695181, 58: 0.9701853577524115, 59: 1.4299942859516444, 60: 1.9639364368840189, 61: 1.4603428101798586, 62: 2.942835430518532, 63: 3.47081964390732, 64: 5.461269403808503, 65: 0.9693154314661682, 66: 1.4717075225817426, 67: 2.4512763413652885, 68: 1.4544053109977164, 69: 0.459485653800372, 70: 2.4803349409760442, 71: 0.4562180694206006, 72: 3.4769177816386296, 73: 5.9586748257168525, 74: 0.4750760838732955, 75: 0.9526303151704703, 76: 6.467895173380586, 77: 3.4519049544132185, 78: 1.9391501504516067, 79: 2.479742037059938, 80: 3.9636972032978197, 81: 3.9692528693056297, 82: 2.961388661653524, 83: 0.9637484078673313, 84: 7.472093434960584, 85: 4.953720058632898, 86: 3.9567267521420053, 87: 3.9623932533304695, 88: 2.9600191412940045, 89: 1.9855756830406364, 90: 3.978398077367631, 91: 2.937246348470148, 92: 3.4731982410702145, 93: 1.4580767942307866, 94: 0.956633271449252, 95: 3.4660449908096567, 96: 0.48181008284980154, 97: 2.9623633826818105, 98: 1.4555157797746652, 99: 4.4811834749724175}
2025-01-28 05:10:30 - WARNING  - Sum of s_i: 297.65667024176025
2025-01-28 05:10:50 - WARNING  - Shapley share: {38: -0.15000000000000013, 72: -0.10000000000000009, 76: -0.15000000000000013, 46: -0.20000000000000018, 61: -0.20000000000000018, 87: -0.30000000000000027, 90: -0.2500000000000002, 20: -0.15000000000000013, 26: -0.15000000000000013, 86: -0.10000000000000009}
2025-01-28 05:10:54 - WARNING  - Epoch:   192. Accuracy: Top-1: 73.39 | Loss: value: 0.76
2025-01-28 05:10:54 - WARNING  - Epoch 192
2025-01-28 05:10:54 - WARNING  - s_i: {0: 1.965538038284209, 1: 3.971622154871344, 2: 4.953737714676306, 3: 0.9509401523763858, 4: 2.9514951405118306, 5: 0.49008843207373154, 6: 4.983813275778429, 7: 0.9302623452685759, 8: 0.45638463037270927, 9: 6.981014183972861, 10: 3.981839571384847, 11: 6.445750842497086, 12: 3.977324092370225, 13: 1.9541074787535457, 14: 0.4737353423341095, 15: 1.4741901494140155, 16: 4.962044140683858, 17: 1.9557949374415893, 18: 0.46738041374023753, 19: 6.458567322044892, 20: 0.4499263733435348, 21: 1.9410029173624328, 22: 3.426013740515356, 23: 7.948190131056442, 24: 2.9517495310721125, 25: 3.4302227246801413, 26: 0.9634550074640307, 27: 5.4741337218357495, 28: 4.459001602346692, 29: 0.49183061859813093, 30: 0.9489992146630958, 31: 3.9456592949302625, 32: 7.974144035945553, 33: 2.9679652225626123, 34: 0.9671780375101617, 35: 1.9398346591864861, 36: 3.451079840091105, 37: 1.9504758822153558, 38: 3.4664953555782807, 39: 0.9640418465324598, 40: 2.955208317543242, 41: 2.4652521226453694, 42: 2.460443350064862, 43: 3.9485565710685915, 44: 0.969214476945806, 45: 3.4607754527229826, 46: 1.4587796817036276, 47: 3.9756011145362775, 48: 3.9591886700904, 49: 0.4722339508995199, 50: 2.471972654702974, 51: 5.445778625838615, 52: 3.961770416806874, 53: 2.9352538057664117, 54: 1.9749513195205177, 55: 4.483529443361313, 56: 6.9518591744900275, 57: 3.957220173695181, 58: 0.9701853577524115, 59: 1.4299942859516444, 60: 1.9639364368840189, 61: 1.4603428101798586, 62: 2.942835430518532, 63: 3.47081964390732, 64: 5.461269403808503, 65: 0.9693154314661682, 66: 1.4717075225817426, 67: 2.4512763413652885, 68: 1.4544053109977164, 69: 0.459485653800372, 70: 2.4803349409760442, 71: 0.4562180694206006, 72: 2.4723013379663534, 73: 5.9586748257168525, 74: 0.4750760838732955, 75: 0.9526303151704703, 76: 4.963308769577811, 77: 3.4519049544132185, 78: 1.9391501504516067, 79: 2.479742037059938, 80: 3.9636972032978197, 81: 3.9692528693056297, 82: 2.961388661653524, 83: 0.9637484078673313, 84: 7.472093434960584, 85: 4.953720058632898, 86: 2.9523994273562044, 87: 0.9576924099967759, 88: 2.9600191412940045, 89: 1.9855756830406364, 90: 1.4740776928411554, 91: 2.937246348470148, 92: 3.4731982410702145, 93: 1.4580767942307866, 94: 0.956633271449252, 95: 3.4660449908096567, 96: 0.48181008284980154, 97: 2.9623633826818105, 98: 1.4555157797746652, 99: 4.4811834749724175}
2025-01-28 05:10:54 - WARNING  - Sum of s_i: 285.62527190913846
2025-01-28 05:11:12 - WARNING  - Shapley share: {28: -0.2500000000000002, 81: 0.0, 58: -0.050000000000000044, 41: 0.050000000000000044, 71: -0.30000000000000027, 93: -0.050000000000000044, 55: -0.6000000000000005, 7: -0.40000000000000036, 84: -0.5000000000000004, 66: -0.050000000000000044}
2025-01-28 05:11:17 - WARNING  - Epoch:   193. Accuracy: Top-1: 73.23 | Loss: value: 0.75
2025-01-28 05:11:17 - WARNING  - Epoch 193
2025-01-28 05:11:17 - WARNING  - s_i: {0: 1.965538038284209, 1: 3.971622154871344, 2: 4.953737714676306, 3: 0.9509401523763858, 4: 2.9514951405118306, 5: 0.49008843207373154, 6: 4.983813275778429, 7: 0.9302623452685759, 8: 0.45638463037270927, 9: 6.981014183972861, 10: 3.981839571384847, 11: 6.445750842497086, 12: 3.977324092370225, 13: 1.9541074787535457, 14: 0.4737353423341095, 15: 1.4741901494140155, 16: 4.962044140683858, 17: 1.9557949374415893, 18: 0.46738041374023753, 19: 6.458567322044892, 20: 0.4499263733435348, 21: 1.9410029173624328, 22: 3.426013740515356, 23: 7.948190131056442, 24: 2.9517495310721125, 25: 3.4302227246801413, 26: 0.9634550074640307, 27: 5.4741337218357495, 28: 1.9544462248296561, 29: 0.49183061859813093, 30: 0.9489992146630958, 31: 3.9456592949302625, 32: 7.974144035945553, 33: 2.9679652225626123, 34: 0.9671780375101617, 35: 1.9398346591864861, 36: 3.451079840091105, 37: 1.9504758822153558, 38: 3.4664953555782807, 39: 0.9640418465324598, 40: 2.955208317543242, 41: 2.9602881401661363, 42: 2.460443350064862, 43: 3.9485565710685915, 44: 0.969214476945806, 45: 3.4607754527229826, 46: 1.4587796817036276, 47: 3.9756011145362775, 48: 3.9591886700904, 49: 0.4722339508995199, 50: 2.471972654702974, 51: 5.445778625838615, 52: 3.961770416806874, 53: 2.9352538057664117, 54: 1.9749513195205177, 55: 4.483529443361313, 56: 6.9518591744900275, 57: 3.957220173695181, 58: 0.46521625071114614, 59: 1.4299942859516444, 60: 1.9639364368840189, 61: 1.4603428101798586, 62: 2.942835430518532, 63: 3.47081964390732, 64: 5.461269403808503, 65: 0.9693154314661682, 66: 0.9676657400934202, 67: 2.4512763413652885, 68: 1.4544053109977164, 69: 0.459485653800372, 70: 2.4803349409760442, 71: 0.4562180694206006, 72: 2.4723013379663534, 73: 5.9586748257168525, 74: 0.4750760838732955, 75: 0.9526303151704703, 76: 4.963308769577811, 77: 3.4519049544132185, 78: 1.9391501504516067, 79: 2.479742037059938, 80: 3.9636972032978197, 81: 3.964860422063577, 82: 2.961388661653524, 83: 0.9637484078673313, 84: 2.4674423407873434, 85: 4.953720058632898, 86: 2.9523994273562044, 87: 0.9576924099967759, 88: 2.9600191412940045, 89: 1.9855756830406364, 90: 1.4740776928411554, 91: 2.937246348470148, 92: 3.4731982410702145, 93: 0.9534186602564287, 94: 0.956633271449252, 95: 3.4660449908096567, 96: 0.48181008284980154, 97: 2.9623633826818105, 98: 1.4555157797746652, 99: 4.4811834749724175}
2025-01-28 05:11:17 - WARNING  - Sum of s_i: 277.09303998422297
2025-01-28 05:11:35 - WARNING  - Shapley share: {96: 0.0, 21: 0.050000000000000044, 15: -0.050000000000000044, 11: -0.30000000000000027, 87: -0.20000000000000018, 32: 0.30000000000000027, 27: -0.15000000000000013, 71: 0.10000000000000009, 63: 0.050000000000000044, 39: 0.20000000000000018}
2025-01-28 05:11:40 - WARNING  - Epoch:   194. Accuracy: Top-1: 70.06 | Loss: value: 0.86
2025-01-28 05:11:40 - WARNING  - Epoch 194
2025-01-28 05:11:40 - WARNING  - s_i: {0: 1.965538038284209, 1: 3.971622154871344, 2: 4.953737714676306, 3: 0.9509401523763858, 4: 2.9514951405118306, 5: 0.49008843207373154, 6: 4.983813275778429, 7: 0.9302623452685759, 8: 0.45638463037270927, 9: 6.981014183972861, 10: 3.981839571384847, 11: 3.44123007937184, 12: 3.977324092370225, 13: 1.9541074787535457, 14: 0.4737353423341095, 15: 0.9698885076496843, 16: 4.962044140683858, 17: 1.9557949374415893, 18: 0.46738041374023753, 19: 6.458567322044892, 20: 0.4499263733435348, 21: 2.4360864938093023, 22: 3.426013740515356, 23: 7.948190131056442, 24: 2.9517495310721125, 25: 3.4302227246801413, 26: 0.9634550074640307, 27: 3.96982267547504, 28: 1.9544462248296561, 29: 0.49183061859813093, 30: 0.9489992146630958, 31: 3.9456592949302625, 32: 7.974144035945553, 33: 2.9679652225626123, 34: 0.9671780375101617, 35: 1.9398346591864861, 36: 3.451079840091105, 37: 1.9504758822153558, 38: 3.4664953555782807, 39: 2.9595470773490193, 40: 2.955208317543242, 41: 2.9602881401661363, 42: 2.460443350064862, 43: 3.9485565710685915, 44: 0.969214476945806, 45: 3.4607754527229826, 46: 1.4587796817036276, 47: 3.9756011145362775, 48: 3.9591886700904, 49: 0.4722339508995199, 50: 2.471972654702974, 51: 5.445778625838615, 52: 3.961770416806874, 53: 2.9352538057664117, 54: 1.9749513195205177, 55: 4.483529443361313, 56: 6.9518591744900275, 57: 3.957220173695181, 58: 0.46521625071114614, 59: 1.4299942859516444, 60: 1.9639364368840189, 61: 1.4603428101798586, 62: 2.942835430518532, 63: 3.965956251225208, 64: 5.461269403808503, 65: 0.9693154314661682, 66: 0.9676657400934202, 67: 2.4512763413652885, 68: 1.4544053109977164, 69: 0.459485653800372, 70: 2.4803349409760442, 71: 1.4513534104673351, 72: 2.4723013379663534, 73: 5.9586748257168525, 74: 0.4750760838732955, 75: 0.9526303151704703, 76: 4.963308769577811, 77: 3.4519049544132185, 78: 1.9391501504516067, 79: 2.479742037059938, 80: 3.9636972032978197, 81: 3.964860422063577, 82: 2.961388661653524, 83: 0.9637484078673313, 84: 2.4674423407873434, 85: 4.953720058632898, 86: 2.9523994273562044, 87: 0.9576924099967759, 88: 2.9600191412940045, 89: 1.9855756830406364, 90: 1.4740776928411554, 91: 2.937246348470148, 92: 3.4731982410702145, 93: 0.9534186602564287, 94: 0.956633271449252, 95: 3.4660449908096567, 96: 0.4772626035622527, 97: 2.9623633826818105, 98: 1.4555157797746652, 99: 4.4811834749724175}
2025-01-28 05:11:40 - WARNING  - Sum of s_i: 276.0562198093132
2025-01-28 05:11:55 - WARNING  - Shapley share: {35: 0.3500000000000003, 87: 0.5000000000000004, 93: 0.3500000000000003, 38: 0.050000000000000044, 89: 0.15000000000000013, 69: 0.5000000000000004, 96: 0.10000000000000009, 49: 0.6000000000000005, 41: 0.5000000000000004, 40: 0.2500000000000002}
2025-01-28 05:12:00 - WARNING  - Epoch:   195. Accuracy: Top-1: 73.17 | Loss: value: 0.76
2025-01-28 05:12:00 - WARNING  - Epoch 195
2025-01-28 05:12:00 - WARNING  - s_i: {0: 1.965538038284209, 1: 3.971622154871344, 2: 4.953737714676306, 3: 0.9509401523763858, 4: 2.9514951405118306, 5: 0.49008843207373154, 6: 4.983813275778429, 7: 0.9302623452685759, 8: 0.45638463037270927, 9: 6.981014183972861, 10: 3.981839571384847, 11: 3.44123007937184, 12: 3.977324092370225, 13: 1.9541074787535457, 14: 0.4737353423341095, 15: 0.9698885076496843, 16: 4.962044140683858, 17: 1.9557949374415893, 18: 0.46738041374023753, 19: 6.458567322044892, 20: 0.4499263733435348, 21: 2.4360864938093023, 22: 3.426013740515356, 23: 7.948190131056442, 24: 2.9517495310721125, 25: 3.4302227246801413, 26: 0.9634550074640307, 27: 3.96982267547504, 28: 1.9544462248296561, 29: 0.49183061859813093, 30: 0.9489992146630958, 31: 3.9456592949302625, 32: 7.974144035945553, 33: 2.9679652225626123, 34: 0.9671780375101617, 35: 5.435537134842667, 36: 3.451079840091105, 37: 1.9504758822153558, 38: 3.96170897780375, 39: 2.9595470773490193, 40: 5.451136346410813, 41: 7.955324157686908, 42: 2.460443350064862, 43: 3.9485565710685915, 44: 0.969214476945806, 45: 3.4607754527229826, 46: 1.4587796817036276, 47: 3.9756011145362775, 48: 3.9591886700904, 49: 6.467606276049445, 50: 2.471972654702974, 51: 5.445778625838615, 52: 3.961770416806874, 53: 2.9352538057664117, 54: 1.9749513195205177, 55: 4.483529443361313, 56: 6.9518591744900275, 57: 3.957220173695181, 58: 0.46521625071114614, 59: 1.4299942859516444, 60: 1.9639364368840189, 61: 1.4603428101798586, 62: 2.942835430518532, 63: 3.965956251225208, 64: 5.461269403808503, 65: 0.9693154314661682, 66: 0.9676657400934202, 67: 2.4512763413652885, 68: 1.4544053109977164, 69: 5.455434219180415, 70: 2.4803349409760442, 71: 1.4513534104673351, 72: 2.4723013379663534, 73: 5.9586748257168525, 74: 0.4750760838732955, 75: 0.9526303151704703, 76: 4.963308769577811, 77: 3.4519049544132185, 78: 1.9391501504516067, 79: 2.479742037059938, 80: 3.9636972032978197, 81: 3.964860422063577, 82: 2.961388661653524, 83: 0.9637484078673313, 84: 2.4674423407873434, 85: 4.953720058632898, 86: 2.9523994273562044, 87: 5.95299156666309, 88: 2.9600191412940045, 89: 3.480767577387518, 90: 1.4740776928411554, 91: 2.937246348470148, 92: 3.4731982410702145, 93: 4.448760526282074, 94: 0.956633271449252, 95: 3.4660449908096567, 96: 1.4727151242747047, 97: 2.9623633826818105, 98: 1.4555157797746652, 99: 4.4811834749724175}
2025-01-28 05:12:00 - WARNING  - Sum of s_i: 309.51070628186443
2025-01-28 05:12:19 - WARNING  - Shapley share: {90: 0.3500000000000003, 76: 0.050000000000000044, 33: -0.050000000000000044, 21: 0.15000000000000013, 30: 0.30000000000000027, 65: 0.15000000000000013, 35: 0.050000000000000044, 59: -0.050000000000000044, 77: -0.24999999999999967, 19: -0.10000000000000009}
2025-01-28 05:12:24 - WARNING  - Epoch:   196. Accuracy: Top-1: 73.86 | Loss: value: 0.75
2025-01-28 05:12:24 - WARNING  - Epoch 196
2025-01-28 05:12:24 - WARNING  - s_i: {0: 1.965538038284209, 1: 3.971622154871344, 2: 4.953737714676306, 3: 0.9509401523763858, 4: 2.9514951405118306, 5: 0.49008843207373154, 6: 4.983813275778429, 7: 0.9302623452685759, 8: 0.45638463037270927, 9: 6.981014183972861, 10: 3.981839571384847, 11: 3.44123007937184, 12: 3.977324092370225, 13: 1.9541074787535457, 14: 0.4737353423341095, 15: 0.9698885076496843, 16: 4.962044140683858, 17: 1.9557949374415893, 18: 0.46738041374023753, 19: 5.4544240542493805, 20: 0.4499263733435348, 21: 3.9311700702561727, 22: 3.426013740515356, 23: 7.948190131056442, 24: 2.9517495310721125, 25: 3.4302227246801413, 26: 0.9634550074640307, 27: 3.96982267547504, 28: 1.9544462248296561, 29: 0.49183061859813093, 30: 3.944362779632471, 31: 3.9456592949302625, 32: 7.974144035945553, 33: 2.4633888257858434, 34: 0.9671780375101617, 35: 5.931239610498845, 36: 3.451079840091105, 37: 1.9504758822153558, 38: 3.96170897780375, 39: 2.9595470773490193, 40: 5.451136346410813, 41: 7.955324157686908, 42: 2.460443350064862, 43: 3.9485565710685915, 44: 0.969214476945806, 45: 3.4607754527229826, 46: 1.4587796817036276, 47: 3.9756011145362775, 48: 3.9591886700904, 49: 6.467606276049445, 50: 2.471972654702974, 51: 5.445778625838615, 52: 3.961770416806874, 53: 2.9352538057664117, 54: 1.9749513195205177, 55: 4.483529443361313, 56: 6.9518591744900275, 57: 3.957220173695181, 58: 0.46521625071114614, 59: 0.9258763027723285, 60: 1.9639364368840189, 61: 1.4603428101798586, 62: 2.942835430518532, 63: 3.965956251225208, 64: 5.461269403808503, 65: 2.464931921675622, 66: 0.9676657400934202, 67: 2.4512763413652885, 68: 1.4544053109977164, 69: 5.455434219180415, 70: 2.4803349409760442, 71: 1.4513534104673351, 72: 2.4723013379663534, 73: 5.9586748257168525, 74: 0.4750760838732955, 75: 0.9526303151704703, 76: 5.458722365775038, 77: 0.9470954498545447, 78: 1.9391501504516067, 79: 2.479742037059938, 80: 3.9636972032978197, 81: 3.964860422063577, 82: 2.961388661653524, 83: 0.9637484078673313, 84: 2.4674423407873434, 85: 4.953720058632898, 86: 2.9523994273562044, 87: 5.95299156666309, 88: 2.9600191412940045, 89: 3.480767577387518, 90: 4.969757308314685, 91: 2.937246348470148, 92: 3.4731982410702145, 93: 4.448760526282074, 94: 0.956633271449252, 95: 3.4660449908096567, 96: 1.4727151242747047, 97: 2.9623633826818105, 98: 1.4555157797746652, 99: 4.4811834749724175}
2025-01-28 05:12:24 - WARNING  - Sum of s_i: 315.4659184485068
2025-01-28 05:12:43 - WARNING  - Shapley share: {89: -0.3500000000000003, 51: -0.5000000000000004, 65: -0.4999999999999999, 79: -0.7500000000000007, 34: -0.6000000000000005, 20: -0.6000000000000005, 66: -0.30000000000000027, 4: -0.7500000000000007, 85: -0.3500000000000003, 97: -0.3500000000000003}
2025-01-28 05:12:48 - WARNING  - Epoch:   197. Accuracy: Top-1: 74.43 | Loss: value: 0.73
2025-01-28 05:12:48 - WARNING  - Epoch 197
2025-01-28 05:12:48 - WARNING  - s_i: {0: 1.965538038284209, 1: 3.971622154871344, 2: 4.953737714676306, 3: 0.9509401523763858, 4: 2.9514951405118306, 5: 0.49008843207373154, 6: 4.983813275778429, 7: 0.9302623452685759, 8: 0.45638463037270927, 9: 6.981014183972861, 10: 3.981839571384847, 11: 3.44123007937184, 12: 3.977324092370225, 13: 1.9541074787535457, 14: 0.4737353423341095, 15: 0.9698885076496843, 16: 4.962044140683858, 17: 1.9557949374415893, 18: 0.46738041374023753, 19: 5.4544240542493805, 20: 0.4499263733435348, 21: 3.9311700702561727, 22: 3.426013740515356, 23: 7.948190131056442, 24: 2.9517495310721125, 25: 3.4302227246801413, 26: 0.9634550074640307, 27: 3.96982267547504, 28: 1.9544462248296561, 29: 0.49183061859813093, 30: 3.944362779632471, 31: 3.9456592949302625, 32: 7.974144035945553, 33: 2.4633888257858434, 34: 0.9671780375101617, 35: 5.931239610498845, 36: 3.451079840091105, 37: 1.9504758822153558, 38: 3.96170897780375, 39: 2.9595470773490193, 40: 5.451136346410813, 41: 7.955324157686908, 42: 2.460443350064862, 43: 3.9485565710685915, 44: 0.969214476945806, 45: 3.4607754527229826, 46: 1.4587796817036276, 47: 3.9756011145362775, 48: 3.9591886700904, 49: 6.467606276049445, 50: 2.471972654702974, 51: 0.44160775090312043, 52: 3.961770416806874, 53: 2.9352538057664117, 54: 1.9749513195205177, 55: 4.483529443361313, 56: 6.9518591744900275, 57: 3.957220173695181, 58: 0.46521625071114614, 59: 0.9258763027723285, 60: 1.9639364368840189, 61: 1.4603428101798586, 62: 2.942835430518532, 63: 3.965956251225208, 64: 5.461269403808503, 65: 2.464931921675622, 66: 0.9676657400934202, 67: 2.4512763413652885, 68: 1.4544053109977164, 69: 5.455434219180415, 70: 2.4803349409760442, 71: 1.4513534104673351, 72: 2.4723013379663534, 73: 5.9586748257168525, 74: 0.4750760838732955, 75: 0.9526303151704703, 76: 5.458722365775038, 77: 0.9470954498545447, 78: 1.9391501504516067, 79: 2.479742037059938, 80: 3.9636972032978197, 81: 3.964860422063577, 82: 2.961388661653524, 83: 0.9637484078673313, 84: 2.4674423407873434, 85: 1.4490920644961856, 86: 2.9523994273562044, 87: 5.95299156666309, 88: 2.9600191412940045, 89: 3.480767577387518, 90: 4.969757308314685, 91: 2.937246348470148, 92: 3.4731982410702145, 93: 4.448760526282074, 94: 0.956633271449252, 95: 3.4660449908096567, 96: 1.4727151242747047, 97: 2.9623633826818105, 98: 1.4555157797746652, 99: 4.4811834749724175}
2025-01-28 05:12:48 - WARNING  - Sum of s_i: 306.95711957943456
2025-01-28 05:13:07 - WARNING  - Shapley share: {83: -0.19999999999999962, 71: 0.10000000000000009, 56: -0.5000000000000004, 85: -0.24999999999999967, 2: 0.04999999999999949, 87: -0.65, 94: -0.3999999999999998, 73: -0.9000000000000002, 17: -0.7500000000000001, 43: -0.9000000000000002}
2025-01-28 05:13:11 - WARNING  - Epoch:   198. Accuracy: Top-1: 73.45 | Loss: value: 0.75
2025-01-28 05:13:11 - WARNING  - Epoch 198
2025-01-28 05:13:11 - WARNING  - s_i: {0: 1.965538038284209, 1: 3.971622154871344, 2: 5.449532052374147, 3: 0.9509401523763858, 4: 2.9514951405118306, 5: 0.49008843207373154, 6: 4.983813275778429, 7: 0.9302623452685759, 8: 0.45638463037270927, 9: 6.981014183972861, 10: 3.981839571384847, 11: 3.44123007937184, 12: 3.977324092370225, 13: 1.9541074787535457, 14: 0.4737353423341095, 15: 0.9698885076496843, 16: 4.962044140683858, 17: 1.9557949374415893, 18: 0.46738041374023753, 19: 5.4544240542493805, 20: 0.4499263733435348, 21: 3.9311700702561727, 22: 3.426013740515356, 23: 7.948190131056442, 24: 2.9517495310721125, 25: 3.4302227246801413, 26: 0.9634550074640307, 27: 3.96982267547504, 28: 1.9544462248296561, 29: 0.49183061859813093, 30: 3.944362779632471, 31: 3.9456592949302625, 32: 7.974144035945553, 33: 2.4633888257858434, 34: 0.9671780375101617, 35: 5.931239610498845, 36: 3.451079840091105, 37: 1.9504758822153558, 38: 3.96170897780375, 39: 2.9595470773490193, 40: 5.451136346410813, 41: 7.955324157686908, 42: 2.460443350064862, 43: 3.9485565710685915, 44: 0.969214476945806, 45: 3.4607754527229826, 46: 1.4587796817036276, 47: 3.9756011145362775, 48: 3.9591886700904, 49: 6.467606276049445, 50: 2.471972654702974, 51: 0.44160775090312043, 52: 3.961770416806874, 53: 2.9352538057664117, 54: 1.9749513195205177, 55: 4.483529443361313, 56: 1.9478474390308582, 57: 3.957220173695181, 58: 0.46521625071114614, 59: 0.9258763027723285, 60: 1.9639364368840189, 61: 1.4603428101798586, 62: 2.942835430518532, 63: 3.965956251225208, 64: 5.461269403808503, 65: 2.464931921675622, 66: 0.9676657400934202, 67: 2.4512763413652885, 68: 1.4544053109977164, 69: 5.455434219180415, 70: 2.4803349409760442, 71: 2.4464887515140696, 72: 2.4723013379663534, 73: 5.9586748257168525, 74: 0.4750760838732955, 75: 0.9526303151704703, 76: 5.458722365775038, 77: 0.9470954498545447, 78: 1.9391501504516067, 79: 2.479742037059938, 80: 3.9636972032978197, 81: 3.964860422063577, 82: 2.961388661653524, 83: 0.9637484078673313, 84: 2.4674423407873434, 85: 1.4490920644961856, 86: 2.9523994273562044, 87: 5.95299156666309, 88: 2.9600191412940045, 89: 3.480767577387518, 90: 4.969757308314685, 91: 2.937246348470148, 92: 3.4731982410702145, 93: 4.448760526282074, 94: 0.956633271449252, 95: 3.4660449908096567, 96: 1.4727151242747047, 97: 2.9623633826818105, 98: 1.4555157797746652, 99: 4.4811834749724175}
2025-01-28 05:13:11 - WARNING  - Sum of s_i: 303.44403752272
2025-01-28 05:13:29 - WARNING  - Shapley share: {38: -0.5000000000000004, 32: -0.8500000000000002, 74: -0.10000000000000064, 82: -0.20000000000000018, 25: -0.7500000000000001, 54: -0.20000000000000073, 65: -0.7500000000000001, 69: -0.7499999999999996, 77: -1.1500000000000004, 56: -0.20000000000000073}
2025-01-28 05:13:34 - WARNING  - Epoch:   199. Accuracy: Top-1: 74.32 | Loss: value: 0.73
2025-01-28 05:13:34 - WARNING  - Epoch 199
2025-01-28 05:13:34 - WARNING  - s_i: {0: 1.965538038284209, 1: 3.971622154871344, 2: 5.449532052374147, 3: 0.9509401523763858, 4: 2.9514951405118306, 5: 0.49008843207373154, 6: 4.983813275778429, 7: 0.9302623452685759, 8: 0.45638463037270927, 9: 6.981014183972861, 10: 3.981839571384847, 11: 3.44123007937184, 12: 3.977324092370225, 13: 1.9541074787535457, 14: 0.4737353423341095, 15: 0.9698885076496843, 16: 4.962044140683858, 17: 1.9557949374415893, 18: 0.46738041374023753, 19: 5.4544240542493805, 20: 0.4499263733435348, 21: 3.9311700702561727, 22: 3.426013740515356, 23: 7.948190131056442, 24: 2.9517495310721125, 25: 3.4302227246801413, 26: 0.9634550074640307, 27: 3.96982267547504, 28: 1.9544462248296561, 29: 0.49183061859813093, 30: 3.944362779632471, 31: 3.9456592949302625, 32: 7.974144035945553, 33: 2.4633888257858434, 34: 0.9671780375101617, 35: 5.931239610498845, 36: 3.451079840091105, 37: 1.9504758822153558, 38: 3.96170897780375, 39: 2.9595470773490193, 40: 5.451136346410813, 41: 7.955324157686908, 42: 2.460443350064862, 43: 3.9485565710685915, 44: 0.969214476945806, 45: 3.4607754527229826, 46: 1.4587796817036276, 47: 3.9756011145362775, 48: 3.9591886700904, 49: 6.467606276049445, 50: 2.471972654702974, 51: 0.44160775090312043, 52: 3.961770416806874, 53: 2.9352538057664117, 54: 1.9749513195205177, 55: 4.483529443361313, 56: 1.9478474390308582, 57: 3.957220173695181, 58: 0.46521625071114614, 59: 0.9258763027723285, 60: 1.9639364368840189, 61: 1.4603428101798586, 62: 2.942835430518532, 63: 3.965956251225208, 64: 5.461269403808503, 65: 2.464931921675622, 66: 0.9676657400934202, 67: 2.4512763413652885, 68: 1.4544053109977164, 69: 5.455434219180415, 70: 2.4803349409760442, 71: 2.4464887515140696, 72: 2.4723013379663534, 73: 5.9586748257168525, 74: 0.4750760838732955, 75: 0.9526303151704703, 76: 5.458722365775038, 77: 0.9470954498545447, 78: 1.9391501504516067, 79: 2.479742037059938, 80: 3.9636972032978197, 81: 3.964860422063577, 82: 0.9565622443602124, 83: 0.9637484078673313, 84: 2.4674423407873434, 85: 1.4490920644961856, 86: 2.9523994273562044, 87: 5.95299156666309, 88: 2.9600191412940045, 89: 3.480767577387518, 90: 4.969757308314685, 91: 2.937246348470148, 92: 3.4731982410702145, 93: 4.448760526282074, 94: 0.956633271449252, 95: 3.4660449908096567, 96: 1.4727151242747047, 97: 2.9623633826818105, 98: 1.4555157797746652, 99: 4.4811834749724175}
2025-01-28 05:13:34 - WARNING  - Sum of s_i: 301.4392111054267
2025-01-28 05:13:53 - WARNING  - Shapley share: {85: 0.0, 33: 0.10000000000000009, 45: 0.0, 10: -0.050000000000000044, 0: -0.050000000000000044, 78: 0.050000000000000044, 38: 0.15000000000000013, 39: 0.050000000000000044, 93: 0.4999999999999999, 7: 0.15000000000000013}
2025-01-28 05:13:57 - WARNING  - Epoch:   200. Accuracy: Top-1: 75.08 | Loss: value: 0.71
2025-01-28 05:13:57 - WARNING  - Epoch 200
2025-01-28 05:13:57 - WARNING  - s_i: {0: 1.4612302930697356, 1: 3.971622154871344, 2: 5.449532052374147, 3: 0.9509401523763858, 4: 2.9514951405118306, 5: 0.49008843207373154, 6: 4.983813275778429, 7: 2.4252810842163335, 8: 0.45638463037270927, 9: 6.981014183972861, 10: 3.477299464231059, 11: 3.44123007937184, 12: 3.977324092370225, 13: 1.9541074787535457, 14: 0.4737353423341095, 15: 0.9698885076496843, 16: 4.962044140683858, 17: 1.9557949374415893, 18: 0.46738041374023753, 19: 5.4544240542493805, 20: 0.4499263733435348, 21: 3.9311700702561727, 22: 3.426013740515356, 23: 7.948190131056442, 24: 2.9517495310721125, 25: 3.4302227246801413, 26: 0.9634550074640307, 27: 3.96982267547504, 28: 1.9544462248296561, 29: 0.49183061859813093, 30: 3.944362779632471, 31: 3.9456592949302625, 32: 7.974144035945553, 33: 3.4588124290090754, 34: 0.9671780375101617, 35: 5.931239610498845, 36: 3.451079840091105, 37: 1.9504758822153558, 38: 5.456922600029221, 39: 3.4550523081655773, 40: 5.451136346410813, 41: 7.955324157686908, 42: 2.460443350064862, 43: 3.9485565710685915, 44: 0.969214476945806, 45: 3.456417169692202, 46: 1.4587796817036276, 47: 3.9756011145362775, 48: 3.9591886700904, 49: 6.467606276049445, 50: 2.471972654702974, 51: 0.44160775090312043, 52: 3.961770416806874, 53: 2.9352538057664117, 54: 1.9749513195205177, 55: 4.483529443361313, 56: 1.9478474390308582, 57: 3.957220173695181, 58: 0.46521625071114614, 59: 0.9258763027723285, 60: 1.9639364368840189, 61: 1.4603428101798586, 62: 2.942835430518532, 63: 3.965956251225208, 64: 5.461269403808503, 65: 2.464931921675622, 66: 0.9676657400934202, 67: 2.4512763413652885, 68: 1.4544053109977164, 69: 5.455434219180415, 70: 2.4803349409760442, 71: 2.4464887515140696, 72: 2.4723013379663534, 73: 5.9586748257168525, 74: 0.4750760838732955, 75: 0.9526303151704703, 76: 5.458722365775038, 77: 0.9470954498545447, 78: 2.435093493815048, 79: 2.479742037059938, 80: 3.9636972032978197, 81: 3.964860422063577, 82: 0.9565622443602124, 83: 0.9637484078673313, 84: 2.4674423407873434, 85: 1.444464070359476, 86: 2.9523994273562044, 87: 5.95299156666309, 88: 2.9600191412940045, 89: 3.480767577387518, 90: 4.969757308314685, 91: 2.937246348470148, 92: 3.4731982410702145, 93: 4.448760526282074, 94: 0.956633271449252, 95: 3.4660449908096567, 96: 1.4727151242747047, 97: 2.9623633826818105, 98: 1.4555157797746652, 99: 4.4811834749724175}
2025-01-28 05:13:57 - WARNING  - Sum of s_i: 305.3984815144674
2025-01-28 05:14:02 - WARNING  - The sum of accs: 63.0
2025-01-28 05:14:02 - WARNING  - The welfare is 62.861910447097806
2025-01-28 05:14:22 - WARNING  - Shapley share: {95: -0.6000000000000005, 6: -0.3500000000000003, 62: -0.5500000000000005, 86: -0.44999999999999984, 73: -0.4500000000000004, 55: -0.5499999999999999, 59: -0.9500000000000008, 85: -0.20000000000000018, 19: -0.5000000000000004, 32: -0.5500000000000005}
2025-01-28 05:14:26 - WARNING  - Epoch:   201. Accuracy: Top-1: 72.95 | Loss: value: 0.78
2025-01-28 05:14:26 - WARNING  - Epoch 201
2025-01-28 05:14:26 - WARNING  - s_i: {0: 1.4612302930697356, 1: 3.971622154871344, 2: 5.449532052374147, 3: 0.9509401523763858, 4: 2.9514951405118306, 5: 0.49008843207373154, 6: 1.4797665947230332, 7: 2.4252810842163335, 8: 0.45638463037270927, 9: 6.981014183972861, 10: 3.477299464231059, 11: 3.44123007937184, 12: 3.977324092370225, 13: 1.9541074787535457, 14: 0.4737353423341095, 15: 0.9698885076496843, 16: 4.962044140683858, 17: 1.9557949374415893, 18: 0.46738041374023753, 19: 0.4502807864538658, 20: 0.4499263733435348, 21: 3.9311700702561727, 22: 3.426013740515356, 23: 7.948190131056442, 24: 2.9517495310721125, 25: 3.4302227246801413, 26: 0.9634550074640307, 27: 3.96982267547504, 28: 1.9544462248296561, 29: 0.49183061859813093, 30: 3.944362779632471, 31: 3.9456592949302625, 32: 2.4698347086031394, 33: 3.4588124290090754, 34: 0.9671780375101617, 35: 5.931239610498845, 36: 3.451079840091105, 37: 1.9504758822153558, 38: 5.456922600029221, 39: 3.4550523081655773, 40: 5.451136346410813, 41: 7.955324157686908, 42: 2.460443350064862, 43: 3.9485565710685915, 44: 0.969214476945806, 45: 3.456417169692202, 46: 1.4587796817036276, 47: 3.9756011145362775, 48: 3.9591886700904, 49: 6.467606276049445, 50: 2.471972654702974, 51: 0.44160775090312043, 52: 3.961770416806874, 53: 2.9352538057664117, 54: 1.9749513195205177, 55: 4.483529443361313, 56: 1.9478474390308582, 57: 3.957220173695181, 58: 0.46521625071114614, 59: 0.9258763027723285, 60: 1.9639364368840189, 61: 1.4603428101798586, 62: 2.942835430518532, 63: 3.965956251225208, 64: 5.461269403808503, 65: 2.464931921675622, 66: 0.9676657400934202, 67: 2.4512763413652885, 68: 1.4544053109977164, 69: 5.455434219180415, 70: 2.4803349409760442, 71: 2.4464887515140696, 72: 2.4723013379663534, 73: 1.4540831396853884, 74: 0.4750760838732955, 75: 0.9526303151704703, 76: 5.458722365775038, 77: 0.9470954498545447, 78: 2.435093493815048, 79: 2.479742037059938, 80: 3.9636972032978197, 81: 3.964860422063577, 82: 0.9565622443602124, 83: 0.9637484078673313, 84: 2.4674423407873434, 85: 1.444464070359476, 86: 2.9523994273562044, 87: 5.95299156666309, 88: 2.9600191412940045, 89: 3.480767577387518, 90: 4.969757308314685, 91: 2.937246348470148, 92: 3.4731982410702145, 93: 4.448760526282074, 94: 0.956633271449252, 95: 3.4660449908096567, 96: 1.4727151242747047, 97: 2.9623633826818105, 98: 1.4555157797746652, 99: 4.4811834749724175}
2025-01-28 05:14:26 - WARNING  - Sum of s_i: 286.8813905522426
2025-01-28 05:14:45 - WARNING  - Shapley share: {0: -0.6, 6: -0.3500000000000003, 49: -0.3500000000000003, 63: -1.1499999999999995, 31: -0.5499999999999999, 78: -0.30000000000000027, 76: -0.3500000000000003, 4: -0.4999999999999999, 10: -0.8999999999999997, 75: -0.8999999999999997}
2025-01-28 05:14:50 - WARNING  - Epoch:   202. Accuracy: Top-1: 74.15 | Loss: value: 0.74
2025-01-28 05:14:50 - WARNING  - Epoch 202
2025-01-28 05:14:50 - WARNING  - s_i: {0: 1.4612302930697356, 1: 3.971622154871344, 2: 5.449532052374147, 3: 0.9509401523763858, 4: 2.9514951405118306, 5: 0.49008843207373154, 6: 1.4797665947230332, 7: 2.4252810842163335, 8: 0.45638463037270927, 9: 6.981014183972861, 10: 3.477299464231059, 11: 3.44123007937184, 12: 3.977324092370225, 13: 1.9541074787535457, 14: 0.4737353423341095, 15: 0.9698885076496843, 16: 4.962044140683858, 17: 1.9557949374415893, 18: 0.46738041374023753, 19: 0.4502807864538658, 20: 0.4499263733435348, 21: 3.9311700702561727, 22: 3.426013740515356, 23: 7.948190131056442, 24: 2.9517495310721125, 25: 3.4302227246801413, 26: 0.9634550074640307, 27: 3.96982267547504, 28: 1.9544462248296561, 29: 0.49183061859813093, 30: 3.944362779632471, 31: 3.9456592949302625, 32: 2.4698347086031394, 33: 3.4588124290090754, 34: 0.9671780375101617, 35: 5.931239610498845, 36: 3.451079840091105, 37: 1.9504758822153558, 38: 5.456922600029221, 39: 3.4550523081655773, 40: 5.451136346410813, 41: 7.955324157686908, 42: 2.460443350064862, 43: 3.9485565710685915, 44: 0.969214476945806, 45: 3.456417169692202, 46: 1.4587796817036276, 47: 3.9756011145362775, 48: 3.9591886700904, 49: 2.962978601199361, 50: 2.471972654702974, 51: 0.44160775090312043, 52: 3.961770416806874, 53: 2.9352538057664117, 54: 1.9749513195205177, 55: 4.483529443361313, 56: 1.9478474390308582, 57: 3.957220173695181, 58: 0.46521625071114614, 59: 0.9258763027723285, 60: 1.9639364368840189, 61: 1.4603428101798586, 62: 2.942835430518532, 63: 3.965956251225208, 64: 5.461269403808503, 65: 2.464931921675622, 66: 0.9676657400934202, 67: 2.4512763413652885, 68: 1.4544053109977164, 69: 5.455434219180415, 70: 2.4803349409760442, 71: 2.4464887515140696, 72: 2.4723013379663534, 73: 1.4540831396853884, 74: 0.4750760838732955, 75: 0.9526303151704703, 76: 1.954135961972261, 77: 0.9470954498545447, 78: 2.435093493815048, 79: 2.479742037059938, 80: 3.9636972032978197, 81: 3.964860422063577, 82: 0.9565622443602124, 83: 0.9637484078673313, 84: 2.4674423407873434, 85: 1.444464070359476, 86: 2.9523994273562044, 87: 5.95299156666309, 88: 2.9600191412940045, 89: 3.480767577387518, 90: 4.969757308314685, 91: 2.937246348470148, 92: 3.4731982410702145, 93: 4.448760526282074, 94: 0.956633271449252, 95: 3.4660449908096567, 96: 1.4727151242747047, 97: 2.9623633826818105, 98: 1.4555157797746652, 99: 4.4811834749724175}
2025-01-28 05:14:50 - WARNING  - Sum of s_i: 279.8721764735897
2025-01-28 05:15:10 - WARNING  - Shapley share: {98: -0.15000000000000013, 24: 0.10000000000000009, 99: -0.15000000000000013, 43: -0.4500000000000004, 2: -0.2500000000000002, 11: -0.0500000000000006, 44: -0.15000000000000013, 50: -0.20000000000000018, 33: -0.050000000000000044, 95: -0.050000000000000044}
2025-01-28 05:15:14 - WARNING  - Epoch:   203. Accuracy: Top-1: 74.60 | Loss: value: 0.72
2025-01-28 05:15:14 - WARNING  - Epoch 203
2025-01-28 05:15:14 - WARNING  - s_i: {0: 1.4612302930697356, 1: 3.971622154871344, 2: 2.945326390071991, 3: 0.9509401523763858, 4: 2.9514951405118306, 5: 0.49008843207373154, 6: 1.4797665947230332, 7: 2.4252810842163335, 8: 0.45638463037270927, 9: 6.981014183972861, 10: 3.477299464231059, 11: 2.936709316246591, 12: 3.977324092370225, 13: 1.9541074787535457, 14: 0.4737353423341095, 15: 0.9698885076496843, 16: 4.962044140683858, 17: 1.9557949374415893, 18: 0.46738041374023753, 19: 0.4502807864538658, 20: 0.4499263733435348, 21: 3.9311700702561727, 22: 3.426013740515356, 23: 7.948190131056442, 24: 3.9473631248059413, 25: 3.4302227246801413, 26: 0.9634550074640307, 27: 3.96982267547504, 28: 1.9544462248296561, 29: 0.49183061859813093, 30: 3.944362779632471, 31: 3.9456592949302625, 32: 2.4698347086031394, 33: 2.9542360322323065, 34: 0.9671780375101617, 35: 5.931239610498845, 36: 3.451079840091105, 37: 1.9504758822153558, 38: 5.456922600029221, 39: 3.4550523081655773, 40: 5.451136346410813, 41: 7.955324157686908, 42: 2.460443350064862, 43: 3.9485565710685915, 44: 0.969214476945806, 45: 3.456417169692202, 46: 1.4587796817036276, 47: 3.9756011145362775, 48: 3.9591886700904, 49: 2.962978601199361, 50: 0.4679687482319679, 51: 0.44160775090312043, 52: 3.961770416806874, 53: 2.9352538057664117, 54: 1.9749513195205177, 55: 4.483529443361313, 56: 1.9478474390308582, 57: 3.957220173695181, 58: 0.46521625071114614, 59: 0.9258763027723285, 60: 1.9639364368840189, 61: 1.4603428101798586, 62: 2.942835430518532, 63: 3.965956251225208, 64: 5.461269403808503, 65: 2.464931921675622, 66: 0.9676657400934202, 67: 2.4512763413652885, 68: 1.4544053109977164, 69: 5.455434219180415, 70: 2.4803349409760442, 71: 2.4464887515140696, 72: 2.4723013379663534, 73: 1.4540831396853884, 74: 0.4750760838732955, 75: 0.9526303151704703, 76: 1.954135961972261, 77: 0.9470954498545447, 78: 2.435093493815048, 79: 2.479742037059938, 80: 3.9636972032978197, 81: 3.964860422063577, 82: 0.9565622443602124, 83: 0.9637484078673313, 84: 2.4674423407873434, 85: 1.444464070359476, 86: 2.9523994273562044, 87: 5.95299156666309, 88: 2.9600191412940045, 89: 3.480767577387518, 90: 4.969757308314685, 91: 2.937246348470148, 92: 3.4731982410702145, 93: 4.448760526282074, 94: 0.956633271449252, 95: 2.9618006146608638, 96: 1.4727151242747047, 97: 2.9623633826818105, 98: 1.4555157797746652, 99: 2.9764793437155213}
2025-01-28 05:15:14 - WARNING  - Sum of s_i: 273.3415348312427
2025-01-28 05:15:32 - WARNING  - Shapley share: {79: -0.4500000000000004, 7: -0.8000000000000002, 20: -0.9500000000000003, 92: -0.30000000000000027, 77: -0.10000000000000064, 37: -0.4500000000000004, 32: 0.0, 16: -0.050000000000000044, 40: -0.6500000000000006, 61: -0.30000000000000027}
2025-01-28 05:15:37 - WARNING  - Epoch:   204. Accuracy: Top-1: 74.25 | Loss: value: 0.73
2025-01-28 05:15:37 - WARNING  - Epoch 204
2025-01-28 05:15:37 - WARNING  - s_i: {0: 1.4612302930697356, 1: 3.971622154871344, 2: 2.945326390071991, 3: 0.9509401523763858, 4: 2.9514951405118306, 5: 0.49008843207373154, 6: 1.4797665947230332, 7: 2.4252810842163335, 8: 0.45638463037270927, 9: 6.981014183972861, 10: 3.477299464231059, 11: 2.936709316246591, 12: 3.977324092370225, 13: 1.9541074787535457, 14: 0.4737353423341095, 15: 0.9698885076496843, 16: 4.457826822982065, 17: 1.9557949374415893, 18: 0.46738041374023753, 19: 0.4502807864538658, 20: 0.4499263733435348, 21: 3.9311700702561727, 22: 3.426013740515356, 23: 7.948190131056442, 24: 3.9473631248059413, 25: 3.4302227246801413, 26: 0.9634550074640307, 27: 3.96982267547504, 28: 1.9544462248296561, 29: 0.49183061859813093, 30: 3.944362779632471, 31: 3.9456592949302625, 32: 2.465525381260731, 33: 2.9542360322323065, 34: 0.9671780375101617, 35: 5.931239610498845, 36: 3.451079840091105, 37: 1.9504758822153558, 38: 5.456922600029221, 39: 3.4550523081655773, 40: 5.451136346410813, 41: 7.955324157686908, 42: 2.460443350064862, 43: 3.9485565710685915, 44: 0.969214476945806, 45: 3.456417169692202, 46: 1.4587796817036276, 47: 3.9756011145362775, 48: 3.9591886700904, 49: 2.962978601199361, 50: 0.4679687482319679, 51: 0.44160775090312043, 52: 3.961770416806874, 53: 2.9352538057664117, 54: 1.9749513195205177, 55: 4.483529443361313, 56: 1.9478474390308582, 57: 3.957220173695181, 58: 0.46521625071114614, 59: 0.9258763027723285, 60: 1.9639364368840189, 61: 1.4603428101798586, 62: 2.942835430518532, 63: 3.965956251225208, 64: 5.461269403808503, 65: 2.464931921675622, 66: 0.9676657400934202, 67: 2.4512763413652885, 68: 1.4544053109977164, 69: 5.455434219180415, 70: 2.4803349409760442, 71: 2.4464887515140696, 72: 2.4723013379663534, 73: 1.4540831396853884, 74: 0.4750760838732955, 75: 0.9526303151704703, 76: 1.954135961972261, 77: 0.9470954498545447, 78: 2.435093493815048, 79: 2.479742037059938, 80: 3.9636972032978197, 81: 3.964860422063577, 82: 0.9565622443602124, 83: 0.9637484078673313, 84: 2.4674423407873434, 85: 1.444464070359476, 86: 2.9523994273562044, 87: 5.95299156666309, 88: 2.9600191412940045, 89: 3.480767577387518, 90: 4.969757308314685, 91: 2.937246348470148, 92: 0.4687312812485822, 93: 4.448760526282074, 94: 0.956633271449252, 95: 2.9618006146608638, 96: 1.4727151242747047, 97: 2.9623633826818105, 98: 1.4555157797746652, 99: 2.9764793437155213}
2025-01-28 05:15:37 - WARNING  - Sum of s_i: 269.82854122637684
2025-01-28 05:15:55 - WARNING  - Shapley share: {21: 0.14999999999999958, 50: -0.24999999999999967, 28: -0.050000000000000044, 66: 0.09999999999999953, 93: -0.2999999999999997, 87: -0.4499999999999993, 42: 0.2499999999999991, 22: -0.2499999999999991, 4: -0.34999999999999976, 89: -0.24999999999999967}
2025-01-28 05:16:00 - WARNING  - Epoch:   205. Accuracy: Top-1: 75.33 | Loss: value: 0.71
2025-01-28 05:16:00 - WARNING  - Epoch 205
2025-01-28 05:16:00 - WARNING  - s_i: {0: 1.4612302930697356, 1: 3.971622154871344, 2: 2.945326390071991, 3: 0.9509401523763858, 4: 2.9514951405118306, 5: 0.49008843207373154, 6: 1.4797665947230332, 7: 2.4252810842163335, 8: 0.45638463037270927, 9: 6.981014183972861, 10: 3.477299464231059, 11: 2.936709316246591, 12: 3.977324092370225, 13: 1.9541074787535457, 14: 0.4737353423341095, 15: 0.9698885076496843, 16: 4.457826822982065, 17: 1.9557949374415893, 18: 0.46738041374023753, 19: 0.4502807864538658, 20: 0.4499263733435348, 21: 5.426253646703038, 22: 0.9210813232163888, 23: 7.948190131056442, 24: 3.9473631248059413, 25: 3.4302227246801413, 26: 0.9634550074640307, 27: 3.96982267547504, 28: 1.4498908473126222, 29: 0.49183061859813093, 30: 3.944362779632471, 31: 3.9456592949302625, 32: 2.465525381260731, 33: 2.9542360322323065, 34: 0.9671780375101617, 35: 5.931239610498845, 36: 3.451079840091105, 37: 1.9504758822153558, 38: 5.456922600029221, 39: 3.4550523081655773, 40: 5.451136346410813, 41: 7.955324157686908, 42: 4.956048166738725, 43: 3.9485565710685915, 44: 0.969214476945806, 45: 3.456417169692202, 46: 1.4587796817036276, 47: 3.9756011145362775, 48: 3.9591886700904, 49: 2.962978601199361, 50: 0.4679687482319679, 51: 0.44160775090312043, 52: 3.961770416806874, 53: 2.9352538057664117, 54: 1.9749513195205177, 55: 4.483529443361313, 56: 1.9478474390308582, 57: 3.957220173695181, 58: 0.46521625071114614, 59: 0.9258763027723285, 60: 1.9639364368840189, 61: 1.4603428101798586, 62: 2.942835430518532, 63: 3.965956251225208, 64: 5.461269403808503, 65: 2.464931921675622, 66: 1.9636239576050936, 67: 2.4512763413652885, 68: 1.4544053109977164, 69: 5.455434219180415, 70: 2.4803349409760442, 71: 2.4464887515140696, 72: 2.4723013379663534, 73: 1.4540831396853884, 74: 0.4750760838732955, 75: 0.9526303151704703, 76: 1.954135961972261, 77: 0.9470954498545447, 78: 2.435093493815048, 79: 2.479742037059938, 80: 3.9636972032978197, 81: 3.964860422063577, 82: 0.9565622443602124, 83: 0.9637484078673313, 84: 2.4674423407873434, 85: 1.444464070359476, 86: 2.9523994273562044, 87: 1.4482907233294062, 88: 2.9600191412940045, 89: 0.9759594717344018, 90: 4.969757308314685, 91: 2.937246348470148, 92: 0.4687312812485822, 93: 1.4441023923077196, 94: 0.956633271449252, 95: 2.9618006146608638, 96: 1.4727151242747047, 97: 2.9623633826818105, 98: 1.4555157797746652, 99: 2.9764793437155213}
2025-01-28 05:16:00 - WARNING  - Sum of s_i: 261.7915329592321
2025-01-28 05:16:18 - WARNING  - Shapley share: {20: 0.15000000000000013, 7: -0.3999999999999998, 18: -0.3499999999999992, 9: -0.5499999999999994, 64: -0.5499999999999999, 84: -0.5499999999999999, 59: -0.7499999999999996, 47: -0.7000000000000001, 82: -0.6999999999999995, 61: -0.65}
2025-01-28 05:16:23 - WARNING  - Epoch:   206. Accuracy: Top-1: 75.56 | Loss: value: 0.69
2025-01-28 05:16:23 - WARNING  - Epoch 206
2025-01-28 05:16:23 - WARNING  - s_i: {0: 1.4612302930697356, 1: 3.971622154871344, 2: 2.945326390071991, 3: 0.9509401523763858, 4: 2.9514951405118306, 5: 0.49008843207373154, 6: 1.4797665947230332, 7: 2.4252810842163335, 8: 0.45638463037270927, 9: 1.4762677299660796, 10: 3.477299464231059, 11: 2.936709316246591, 12: 3.977324092370225, 13: 1.9541074787535457, 14: 0.4737353423341095, 15: 0.9698885076496843, 16: 4.457826822982065, 17: 1.9557949374415893, 18: 0.46738041374023753, 19: 0.4502807864538658, 20: 1.9453742254656756, 21: 5.426253646703038, 22: 0.9210813232163888, 23: 7.948190131056442, 24: 3.9473631248059413, 25: 3.4302227246801413, 26: 0.9634550074640307, 27: 3.96982267547504, 28: 1.4498908473126222, 29: 0.49183061859813093, 30: 3.944362779632471, 31: 3.9456592949302625, 32: 2.465525381260731, 33: 2.9542360322323065, 34: 0.9671780375101617, 35: 5.931239610498845, 36: 3.451079840091105, 37: 1.9504758822153558, 38: 5.456922600029221, 39: 3.4550523081655773, 40: 5.451136346410813, 41: 7.955324157686908, 42: 4.956048166738725, 43: 3.9485565710685915, 44: 0.969214476945806, 45: 3.456417169692202, 46: 1.4587796817036276, 47: 3.9756011145362775, 48: 3.9591886700904, 49: 2.962978601199361, 50: 0.4679687482319679, 51: 0.44160775090312043, 52: 3.961770416806874, 53: 2.9352538057664117, 54: 1.9749513195205177, 55: 4.483529443361313, 56: 1.9478474390308582, 57: 3.957220173695181, 58: 0.46521625071114614, 59: 0.9258763027723285, 60: 1.9639364368840189, 61: 1.4603428101798586, 62: 2.942835430518532, 63: 3.965956251225208, 64: 5.461269403808503, 65: 2.464931921675622, 66: 1.9636239576050936, 67: 2.4512763413652885, 68: 1.4544053109977164, 69: 5.455434219180415, 70: 2.4803349409760442, 71: 2.4464887515140696, 72: 2.4723013379663534, 73: 1.4540831396853884, 74: 0.4750760838732955, 75: 0.9526303151704703, 76: 1.954135961972261, 77: 0.9470954498545447, 78: 2.435093493815048, 79: 2.479742037059938, 80: 3.9636972032978197, 81: 3.964860422063577, 82: 0.9565622443602124, 83: 0.9637484078673313, 84: 2.4674423407873434, 85: 1.444464070359476, 86: 2.9523994273562044, 87: 1.4482907233294062, 88: 2.9600191412940045, 89: 0.9759594717344018, 90: 4.969757308314685, 91: 2.937246348470148, 92: 0.4687312812485822, 93: 1.4441023923077196, 94: 0.956633271449252, 95: 2.9618006146608638, 96: 1.4727151242747047, 97: 2.9623633826818105, 98: 1.4555157797746652, 99: 2.9764793437155213}
2025-01-28 05:16:23 - WARNING  - Sum of s_i: 257.7822343573475
2025-01-28 05:16:40 - WARNING  - Shapley share: {78: -0.20000000000000018, 67: 0.0500000000000006, 32: 0.15000000000000013, 4: -0.2999999999999997, 27: -0.19999999999999962, 94: -0.04999999999999949, 36: 0.0, 0: -0.04999999999999949, 72: 0.050000000000000044, 87: -0.19999999999999962}
2025-01-28 05:16:44 - WARNING  - Epoch:   207. Accuracy: Top-1: 74.95 | Loss: value: 0.72
2025-01-28 05:16:44 - WARNING  - Epoch 207
2025-01-28 05:16:44 - WARNING  - s_i: {0: 0.956922547855268, 1: 3.971622154871344, 2: 2.945326390071991, 3: 0.9509401523763858, 4: 2.9514951405118306, 5: 0.49008843207373154, 6: 1.4797665947230332, 7: 2.4252810842163335, 8: 0.45638463037270927, 9: 1.4762677299660796, 10: 3.477299464231059, 11: 2.936709316246591, 12: 3.977324092370225, 13: 1.9541074787535457, 14: 0.4737353423341095, 15: 0.9698885076496843, 16: 4.457826822982065, 17: 1.9557949374415893, 18: 0.46738041374023753, 19: 0.4502807864538658, 20: 1.9453742254656756, 21: 5.426253646703038, 22: 0.9210813232163888, 23: 7.948190131056442, 24: 3.9473631248059413, 25: 3.4302227246801413, 26: 0.9634550074640307, 27: 1.965511629114336, 28: 1.4498908473126222, 29: 0.49183061859813093, 30: 3.944362779632471, 31: 3.9456592949302625, 32: 3.961216053918324, 33: 2.9542360322323065, 34: 0.9671780375101617, 35: 5.931239610498845, 36: 3.4461878241002153, 37: 1.9504758822153558, 38: 5.456922600029221, 39: 3.4550523081655773, 40: 5.451136346410813, 41: 7.955324157686908, 42: 4.956048166738725, 43: 3.9485565710685915, 44: 0.969214476945806, 45: 3.456417169692202, 46: 1.4587796817036276, 47: 3.9756011145362775, 48: 3.9591886700904, 49: 2.962978601199361, 50: 0.4679687482319679, 51: 0.44160775090312043, 52: 3.961770416806874, 53: 2.9352538057664117, 54: 1.9749513195205177, 55: 4.483529443361313, 56: 1.9478474390308582, 57: 3.957220173695181, 58: 0.46521625071114614, 59: 0.9258763027723285, 60: 1.9639364368840189, 61: 1.4603428101798586, 62: 2.942835430518532, 63: 3.965956251225208, 64: 5.461269403808503, 65: 2.464931921675622, 66: 1.9636239576050936, 67: 2.9472160364790696, 68: 1.4544053109977164, 69: 5.455434219180415, 70: 2.4803349409760442, 71: 2.4464887515140696, 72: 2.967684894294078, 73: 1.4540831396853884, 74: 0.4750760838732955, 75: 0.9526303151704703, 76: 1.954135961972261, 77: 0.9470954498545447, 78: 0.4310368371784872, 79: 2.479742037059938, 80: 3.9636972032978197, 81: 3.964860422063577, 82: 0.9565622443602124, 83: 0.9637484078673313, 84: 2.4674423407873434, 85: 1.444464070359476, 86: 2.9523994273562044, 87: 1.4482907233294062, 88: 2.9600191412940045, 89: 0.9759594717344018, 90: 4.969757308314685, 91: 2.937246348470148, 92: 0.4687312812485822, 93: 1.4441023923077196, 94: 0.45229659859418225, 95: 2.9618006146608638, 96: 1.4727151242747047, 97: 2.9623633826818105, 98: 1.4555157797746652, 99: 2.9764793437155213}
2025-01-28 05:16:44 - WARNING  - Sum of s_i: 255.24734414438888
2025-01-28 05:17:01 - WARNING  - Shapley share: {25: -0.6, 44: -0.050000000000000044, 90: 0.20000000000000018, 68: -0.20000000000000018, 12: -0.20000000000000018, 91: -0.29999999999999916, 4: -0.3999999999999998, 60: -0.49999999999999933, 27: -0.6, 34: -0.8499999999999996}
2025-01-28 05:17:05 - WARNING  - Epoch:   208. Accuracy: Top-1: 76.81 | Loss: value: 0.67
2025-01-28 05:17:05 - WARNING  - Epoch 208
2025-01-28 05:17:05 - WARNING  - s_i: {0: 0.956922547855268, 1: 3.971622154871344, 2: 2.945326390071991, 3: 0.9509401523763858, 4: 2.9514951405118306, 5: 0.49008843207373154, 6: 1.4797665947230332, 7: 2.4252810842163335, 8: 0.45638463037270927, 9: 1.4762677299660796, 10: 3.477299464231059, 11: 2.936709316246591, 12: 1.9727889108442693, 13: 1.9541074787535457, 14: 0.4737353423341095, 15: 0.9698885076496843, 16: 4.457826822982065, 17: 1.9557949374415893, 18: 0.46738041374023753, 19: 0.4502807864538658, 20: 1.9453742254656756, 21: 5.426253646703038, 22: 0.9210813232163888, 23: 7.948190131056442, 24: 3.9473631248059413, 25: 3.4302227246801413, 26: 0.9634550074640307, 27: 1.965511629114336, 28: 1.4498908473126222, 29: 0.49183061859813093, 30: 3.944362779632471, 31: 3.9456592949302625, 32: 3.961216053918324, 33: 2.9542360322323065, 34: 0.9671780375101617, 35: 5.931239610498845, 36: 3.4461878241002153, 37: 1.9504758822153558, 38: 5.456922600029221, 39: 3.4550523081655773, 40: 5.451136346410813, 41: 7.955324157686908, 42: 4.956048166738725, 43: 3.9485565710685915, 44: 0.4648165450809214, 45: 3.456417169692202, 46: 1.4587796817036276, 47: 3.9756011145362775, 48: 3.9591886700904, 49: 2.962978601199361, 50: 0.4679687482319679, 51: 0.44160775090312043, 52: 3.961770416806874, 53: 2.9352538057664117, 54: 1.9749513195205177, 55: 4.483529443361313, 56: 1.9478474390308582, 57: 3.957220173695181, 58: 0.46521625071114614, 59: 0.9258763027723285, 60: 1.9639364368840189, 61: 1.4603428101798586, 62: 2.942835430518532, 63: 3.965956251225208, 64: 5.461269403808503, 65: 2.464931921675622, 66: 1.9636239576050936, 67: 2.9472160364790696, 68: 1.4544053109977164, 69: 5.455434219180415, 70: 2.4803349409760442, 71: 2.4464887515140696, 72: 2.967684894294078, 73: 1.4540831396853884, 74: 0.4750760838732955, 75: 0.9526303151704703, 76: 1.954135961972261, 77: 0.9470954498545447, 78: 0.4310368371784872, 79: 2.479742037059938, 80: 3.9636972032978197, 81: 3.964860422063577, 82: 0.9565622443602124, 83: 0.9637484078673313, 84: 2.4674423407873434, 85: 1.444464070359476, 86: 2.9523994273562044, 87: 1.4482907233294062, 88: 2.9600191412940045, 89: 0.9759594717344018, 90: 6.965436923788214, 91: 2.937246348470148, 92: 0.4687312812485822, 93: 1.4441023923077196, 94: 0.45229659859418225, 95: 2.9618006146608638, 96: 1.4727151242747047, 97: 2.9623633826818105, 98: 1.4555157797746652, 99: 2.9764793437155213}
2025-01-28 05:17:05 - WARNING  - Sum of s_i: 254.73409064647154
2025-01-28 05:17:25 - WARNING  - Shapley share: {96: 0.0, 12: 0.10000000000000009, 31: -0.050000000000000044, 32: -0.20000000000000018, 10: -0.10000000000000009, 46: -0.29999999999999916, 84: -0.24999999999999967, 90: -1.0499999999999998, 86: -0.2500000000000008, 64: -1.2}
2025-01-28 05:17:30 - WARNING  - Epoch:   209. Accuracy: Top-1: 75.50 | Loss: value: 0.70
2025-01-28 05:17:30 - WARNING  - Epoch 209
2025-01-28 05:17:30 - WARNING  - s_i: {0: 0.956922547855268, 1: 3.971622154871344, 2: 2.945326390071991, 3: 0.9509401523763858, 4: 2.9514951405118306, 5: 0.49008843207373154, 6: 1.4797665947230332, 7: 2.4252810842163335, 8: 0.45638463037270927, 9: 1.4762677299660796, 10: 2.472759357077271, 11: 2.936709316246591, 12: 2.968253729318316, 13: 1.9541074787535457, 14: 0.4737353423341095, 15: 0.9698885076496843, 16: 4.457826822982065, 17: 1.9557949374415893, 18: 0.46738041374023753, 19: 0.4502807864538658, 20: 1.9453742254656756, 21: 5.426253646703038, 22: 0.9210813232163888, 23: 7.948190131056442, 24: 3.9473631248059413, 25: 3.4302227246801413, 26: 0.9634550074640307, 27: 1.965511629114336, 28: 1.4498908473126222, 29: 0.49183061859813093, 30: 3.944362779632471, 31: 3.440719230833013, 32: 1.9569067265759137, 33: 2.9542360322323065, 34: 0.9671780375101617, 35: 5.931239610498845, 36: 3.4461878241002153, 37: 1.9504758822153558, 38: 5.456922600029221, 39: 3.4550523081655773, 40: 5.451136346410813, 41: 7.955324157686908, 42: 4.956048166738725, 43: 3.9485565710685915, 44: 0.4648165450809214, 45: 3.456417169692202, 46: 1.4587796817036276, 47: 3.9756011145362775, 48: 3.9591886700904, 49: 2.962978601199361, 50: 0.4679687482319679, 51: 0.44160775090312043, 52: 3.961770416806874, 53: 2.9352538057664117, 54: 1.9749513195205177, 55: 4.483529443361313, 56: 1.9478474390308582, 57: 3.957220173695181, 58: 0.46521625071114614, 59: 0.9258763027723285, 60: 1.9639364368840189, 61: 1.4603428101798586, 62: 2.942835430518532, 63: 3.965956251225208, 64: 5.461269403808503, 65: 2.464931921675622, 66: 1.9636239576050936, 67: 2.9472160364790696, 68: 1.4544053109977164, 69: 5.455434219180415, 70: 2.4803349409760442, 71: 2.4464887515140696, 72: 2.967684894294078, 73: 1.4540831396853884, 74: 0.4750760838732955, 75: 0.9526303151704703, 76: 1.954135961972261, 77: 0.9470954498545447, 78: 0.4310368371784872, 79: 2.479742037059938, 80: 3.9636972032978197, 81: 3.964860422063577, 82: 0.9565622443602124, 83: 0.9637484078673313, 84: 2.4674423407873434, 85: 1.444464070359476, 86: 0.448072102570396, 87: 1.4482907233294062, 88: 2.9600191412940045, 89: 0.9759594717344018, 90: 6.965436923788214, 91: 2.937246348470148, 92: 0.4687312812485822, 93: 1.4441023923077196, 94: 0.45229659859418225, 95: 2.9618006146608638, 96: 1.468167644987156, 97: 2.9623633826818105, 98: 1.4555157797746652, 99: 2.9764793437155213}
2025-01-28 05:17:30 - WARNING  - Sum of s_i: 249.7068911622788
2025-01-28 05:17:48 - WARNING  - Shapley share: {50: 0.09999999999999898, 7: -0.6, 62: -0.2499999999999991, 27: -0.5499999999999994, 40: -0.7500000000000001, 91: -0.2999999999999997, 93: -0.19999999999999962, 69: -0.7499999999999996, 70: -0.6999999999999995, 30: -0.8999999999999997}
2025-01-28 05:17:52 - WARNING  - Epoch:   210. Accuracy: Top-1: 76.01 | Loss: value: 0.69
2025-01-28 05:17:52 - WARNING  - Epoch 210
2025-01-28 05:17:52 - WARNING  - s_i: {0: 0.956922547855268, 1: 3.971622154871344, 2: 2.945326390071991, 3: 0.9509401523763858, 4: 2.9514951405118306, 5: 0.49008843207373154, 6: 1.4797665947230332, 7: 2.4252810842163335, 8: 0.45638463037270927, 9: 1.4762677299660796, 10: 2.472759357077271, 11: 2.936709316246591, 12: 2.968253729318316, 13: 1.9541074787535457, 14: 0.4737353423341095, 15: 0.9698885076496843, 16: 4.457826822982065, 17: 1.9557949374415893, 18: 0.46738041374023753, 19: 0.4502807864538658, 20: 1.9453742254656756, 21: 5.426253646703038, 22: 0.9210813232163888, 23: 7.948190131056442, 24: 3.9473631248059413, 25: 3.4302227246801413, 26: 0.9634550074640307, 27: 1.965511629114336, 28: 1.4498908473126222, 29: 0.49183061859813093, 30: 3.944362779632471, 31: 3.440719230833013, 32: 1.9569067265759137, 33: 2.9542360322323065, 34: 0.9671780375101617, 35: 5.931239610498845, 36: 3.4461878241002153, 37: 1.9504758822153558, 38: 5.456922600029221, 39: 3.4550523081655773, 40: 5.451136346410813, 41: 7.955324157686908, 42: 4.956048166738725, 43: 3.9485565710685915, 44: 0.4648165450809214, 45: 3.456417169692202, 46: 1.4587796817036276, 47: 3.9756011145362775, 48: 3.9591886700904, 49: 2.962978601199361, 50: 1.463964841760953, 51: 0.44160775090312043, 52: 3.961770416806874, 53: 2.9352538057664117, 54: 1.9749513195205177, 55: 4.483529443361313, 56: 1.9478474390308582, 57: 3.957220173695181, 58: 0.46521625071114614, 59: 0.9258763027723285, 60: 1.9639364368840189, 61: 1.4603428101798586, 62: 0.4384381559430426, 63: 3.965956251225208, 64: 5.461269403808503, 65: 2.464931921675622, 66: 1.9636239576050936, 67: 2.9472160364790696, 68: 1.4544053109977164, 69: 5.455434219180415, 70: 2.4803349409760442, 71: 2.4464887515140696, 72: 2.967684894294078, 73: 1.4540831396853884, 74: 0.4750760838732955, 75: 0.9526303151704703, 76: 1.954135961972261, 77: 0.9470954498545447, 78: 0.4310368371784872, 79: 2.479742037059938, 80: 3.9636972032978197, 81: 3.964860422063577, 82: 0.9565622443602124, 83: 0.9637484078673313, 84: 2.4674423407873434, 85: 1.444464070359476, 86: 0.448072102570396, 87: 1.4482907233294062, 88: 2.9600191412940045, 89: 0.9759594717344018, 90: 6.965436923788214, 91: 2.937246348470148, 92: 0.4687312812485822, 93: 1.4441023923077196, 94: 0.45229659859418225, 95: 2.9618006146608638, 96: 1.468167644987156, 97: 2.9623633826818105, 98: 1.4555157797746652, 99: 2.9764793437155213}
2025-01-28 05:17:52 - WARNING  - Sum of s_i: 248.19848998123229
2025-01-28 05:17:57 - WARNING  - The sum of accs: 69.0
2025-01-28 05:17:57 - WARNING  - The welfare is 68.88752762460663
2025-01-28 05:18:13 - WARNING  - Shapley share: {99: -0.4999999999999999, 67: -0.5499999999999999, 25: -0.5499999999999994, 53: -0.8499999999999996, 18: -0.9999999999999998, 8: -0.6, 24: -0.6999999999999995, 78: -0.7499999999999996, 27: -0.8499999999999996, 79: -1.0999999999999999}
2025-01-28 05:18:18 - WARNING  - Epoch:   211. Accuracy: Top-1: 76.89 | Loss: value: 0.67
2025-01-28 05:18:18 - WARNING  - Epoch 211
2025-01-28 05:18:18 - WARNING  - s_i: {0: 0.956922547855268, 1: 3.971622154871344, 2: 2.945326390071991, 3: 0.9509401523763858, 4: 2.9514951405118306, 5: 0.49008843207373154, 6: 1.4797665947230332, 7: 2.4252810842163335, 8: 0.45638463037270927, 9: 1.4762677299660796, 10: 2.472759357077271, 11: 2.936709316246591, 12: 2.968253729318316, 13: 1.9541074787535457, 14: 0.4737353423341095, 15: 0.9698885076496843, 16: 4.457826822982065, 17: 1.9557949374415893, 18: 0.46738041374023753, 19: 0.4502807864538658, 20: 1.9453742254656756, 21: 5.426253646703038, 22: 0.9210813232163888, 23: 7.948190131056442, 24: 3.9473631248059413, 25: 3.4302227246801413, 26: 0.9634550074640307, 27: 1.965511629114336, 28: 1.4498908473126222, 29: 0.49183061859813093, 30: 3.944362779632471, 31: 3.440719230833013, 32: 1.9569067265759137, 33: 2.9542360322323065, 34: 0.9671780375101617, 35: 5.931239610498845, 36: 3.4461878241002153, 37: 1.9504758822153558, 38: 5.456922600029221, 39: 3.4550523081655773, 40: 5.451136346410813, 41: 7.955324157686908, 42: 4.956048166738725, 43: 3.9485565710685915, 44: 0.4648165450809214, 45: 3.456417169692202, 46: 1.4587796817036276, 47: 3.9756011145362775, 48: 3.9591886700904, 49: 2.962978601199361, 50: 1.463964841760953, 51: 0.44160775090312043, 52: 3.961770416806874, 53: 2.9352538057664117, 54: 1.9749513195205177, 55: 4.483529443361313, 56: 1.9478474390308582, 57: 3.957220173695181, 58: 0.46521625071114614, 59: 0.9258763027723285, 60: 1.9639364368840189, 61: 1.4603428101798586, 62: 0.4384381559430426, 63: 3.965956251225208, 64: 5.461269403808503, 65: 2.464931921675622, 66: 1.9636239576050936, 67: 2.9472160364790696, 68: 1.4544053109977164, 69: 5.455434219180415, 70: 2.4803349409760442, 71: 2.4464887515140696, 72: 2.967684894294078, 73: 1.4540831396853884, 74: 0.4750760838732955, 75: 0.9526303151704703, 76: 1.954135961972261, 77: 0.9470954498545447, 78: 0.4310368371784872, 79: 2.479742037059938, 80: 3.9636972032978197, 81: 3.964860422063577, 82: 0.9565622443602124, 83: 0.9637484078673313, 84: 2.4674423407873434, 85: 1.444464070359476, 86: 0.448072102570396, 87: 1.4482907233294062, 88: 2.9600191412940045, 89: 0.9759594717344018, 90: 6.965436923788214, 91: 2.937246348470148, 92: 0.4687312812485822, 93: 1.4441023923077196, 94: 0.45229659859418225, 95: 2.9618006146608638, 96: 1.468167644987156, 97: 2.9623633826818105, 98: 1.4555157797746652, 99: 2.9764793437155213}
2025-01-28 05:18:18 - WARNING  - Sum of s_i: 248.19848998123229
2025-01-28 05:18:35 - WARNING  - Shapley share: {40: -0.2500000000000002, 19: -0.2999999999999997, 31: -0.30000000000000027, 12: -0.24999999999999967, 82: -0.44999999999999984, 18: -0.2999999999999997, 16: -0.20000000000000018, 62: -0.44999999999999984, 74: -0.40000000000000036, 52: -0.4999999999999999}
2025-01-28 05:18:40 - WARNING  - Epoch:   212. Accuracy: Top-1: 76.21 | Loss: value: 0.68
2025-01-28 05:18:40 - WARNING  - Epoch 212
2025-01-28 05:18:40 - WARNING  - s_i: {0: 0.956922547855268, 1: 3.971622154871344, 2: 2.945326390071991, 3: 0.9509401523763858, 4: 2.9514951405118306, 5: 0.49008843207373154, 6: 1.4797665947230332, 7: 2.4252810842163335, 8: 0.45638463037270927, 9: 1.4762677299660796, 10: 2.472759357077271, 11: 2.936709316246591, 12: 0.46371854779236577, 13: 1.9541074787535457, 14: 0.4737353423341095, 15: 0.9698885076496843, 16: 2.4536095052802698, 17: 1.9557949374415893, 18: 0.46738041374023753, 19: 0.4502807864538658, 20: 1.9453742254656756, 21: 5.426253646703038, 22: 0.9210813232163888, 23: 7.948190131056442, 24: 3.9473631248059413, 25: 3.4302227246801413, 26: 0.9634550074640307, 27: 1.965511629114336, 28: 1.4498908473126222, 29: 0.49183061859813093, 30: 3.944362779632471, 31: 0.4357791667357609, 32: 1.9569067265759137, 33: 2.9542360322323065, 34: 0.9671780375101617, 35: 5.931239610498845, 36: 3.4461878241002153, 37: 1.9504758822153558, 38: 5.456922600029221, 39: 3.4550523081655773, 40: 2.947064375278379, 41: 7.955324157686908, 42: 4.956048166738725, 43: 3.9485565710685915, 44: 0.4648165450809214, 45: 3.456417169692202, 46: 1.4587796817036276, 47: 3.9756011145362775, 48: 3.9591886700904, 49: 2.962978601199361, 50: 1.463964841760953, 51: 0.44160775090312043, 52: 3.961770416806874, 53: 2.9352538057664117, 54: 1.9749513195205177, 55: 4.483529443361313, 56: 1.9478474390308582, 57: 3.957220173695181, 58: 0.46521625071114614, 59: 0.9258763027723285, 60: 1.9639364368840189, 61: 1.4603428101798586, 62: 0.4384381559430426, 63: 3.965956251225208, 64: 5.461269403808503, 65: 2.464931921675622, 66: 1.9636239576050936, 67: 2.9472160364790696, 68: 1.4544053109977164, 69: 5.455434219180415, 70: 2.4803349409760442, 71: 2.4464887515140696, 72: 2.967684894294078, 73: 1.4540831396853884, 74: 0.4750760838732955, 75: 0.9526303151704703, 76: 1.954135961972261, 77: 0.9470954498545447, 78: 0.4310368371784872, 79: 2.479742037059938, 80: 3.9636972032978197, 81: 3.964860422063577, 82: 0.9565622443602124, 83: 0.9637484078673313, 84: 2.4674423407873434, 85: 1.444464070359476, 86: 0.448072102570396, 87: 1.4482907233294062, 88: 2.9600191412940045, 89: 0.9759594717344018, 90: 6.965436923788214, 91: 2.937246348470148, 92: 0.4687312812485822, 93: 1.4441023923077196, 94: 0.45229659859418225, 95: 2.9618006146608638, 96: 1.468167644987156, 97: 2.9623633826818105, 98: 1.4555157797746652, 99: 2.9764793437155213}
2025-01-28 05:18:40 - WARNING  - Sum of s_i: 238.18072544677486
2025-01-28 05:18:56 - WARNING  - Shapley share: {59: -0.24999999999999967, 22: -0.050000000000000044, 17: 0.0, 92: 0.050000000000000044, 4: 0.04999999999999949, 64: -0.19999999999999962, 70: -0.19999999999999962, 27: -0.14999999999999958, 60: -0.39999999999999925, 73: -0.3499999999999992}
2025-01-28 05:19:00 - WARNING  - Epoch:   213. Accuracy: Top-1: 77.08 | Loss: value: 0.65
2025-01-28 05:19:00 - WARNING  - Epoch 213
2025-01-28 05:19:00 - WARNING  - s_i: {0: 0.956922547855268, 1: 3.971622154871344, 2: 2.945326390071991, 3: 0.9509401523763858, 4: 3.4466446545630083, 5: 0.49008843207373154, 6: 1.4797665947230332, 7: 2.4252810842163335, 8: 0.45638463037270927, 9: 1.4762677299660796, 10: 2.472759357077271, 11: 2.936709316246591, 12: 0.46371854779236577, 13: 1.9541074787535457, 14: 0.4737353423341095, 15: 0.9698885076496843, 16: 2.4536095052802698, 17: 1.9517762953908244, 18: 0.46738041374023753, 19: 0.4502807864538658, 20: 1.9453742254656756, 21: 5.426253646703038, 22: 0.41614890591741216, 23: 7.948190131056442, 24: 3.9473631248059413, 25: 3.4302227246801413, 26: 0.9634550074640307, 27: 0.4612005827536323, 28: 1.4498908473126222, 29: 0.49183061859813093, 30: 3.944362779632471, 31: 0.4357791667357609, 32: 1.9569067265759137, 33: 2.9542360322323065, 34: 0.9671780375101617, 35: 5.931239610498845, 36: 3.4461878241002153, 37: 1.9504758822153558, 38: 5.456922600029221, 39: 3.4550523081655773, 40: 2.947064375278379, 41: 7.955324157686908, 42: 4.956048166738725, 43: 3.9485565710685915, 44: 0.4648165450809214, 45: 3.456417169692202, 46: 1.4587796817036276, 47: 3.9756011145362775, 48: 3.9591886700904, 49: 2.962978601199361, 50: 1.463964841760953, 51: 0.44160775090312043, 52: 3.961770416806874, 53: 2.9352538057664117, 54: 1.9749513195205177, 55: 4.483529443361313, 56: 1.9478474390308582, 57: 3.957220173695181, 58: 0.46521625071114614, 59: 0.9258763027723285, 60: 1.9639364368840189, 61: 1.4603428101798586, 62: 0.4384381559430426, 63: 3.965956251225208, 64: 3.4564280792845694, 65: 2.464931921675622, 66: 1.9636239576050936, 67: 2.9472160364790696, 68: 1.4544053109977164, 69: 5.455434219180415, 70: 0.47541867622006073, 71: 2.4464887515140696, 72: 2.967684894294078, 73: 1.4540831396853884, 74: 0.4750760838732955, 75: 0.9526303151704703, 76: 1.954135961972261, 77: 0.9470954498545447, 78: 0.4310368371784872, 79: 2.479742037059938, 80: 3.9636972032978197, 81: 3.964860422063577, 82: 0.9565622443602124, 83: 0.9637484078673313, 84: 2.4674423407873434, 85: 1.444464070359476, 86: 0.448072102570396, 87: 1.4482907233294062, 88: 2.9600191412940045, 89: 0.9759594717344018, 90: 6.965436923788214, 91: 2.937246348470148, 92: 0.9642643214269531, 93: 1.4441023923077196, 94: 0.45229659859418225, 95: 2.9618006146608638, 96: 1.468167644987156, 97: 2.9623633826818105, 98: 1.4555157797746652, 99: 2.9764793437155213}
2025-01-28 05:19:00 - WARNING  - Sum of s_i: 233.14838830601406
2025-01-28 05:19:18 - WARNING  - Shapley share: {42: -0.10000000000000009, 70: -0.44999999999999984, 92: -0.5000000000000004, 82: -0.44999999999999984, 68: -0.2500000000000002, 86: -0.3500000000000003, 90: -0.3500000000000003, 43: -0.44999999999999984, 25: -0.5999999999999994, 55: -0.6999999999999995}
2025-01-28 05:19:23 - WARNING  - Epoch:   214. Accuracy: Top-1: 75.66 | Loss: value: 0.70
2025-01-28 05:19:23 - WARNING  - Epoch 214
2025-01-28 05:19:23 - WARNING  - s_i: {0: 0.956922547855268, 1: 3.971622154871344, 2: 2.945326390071991, 3: 0.9509401523763858, 4: 3.4466446545630083, 5: 0.49008843207373154, 6: 1.4797665947230332, 7: 2.4252810842163335, 8: 0.45638463037270927, 9: 1.4762677299660796, 10: 2.472759357077271, 11: 2.936709316246591, 12: 0.46371854779236577, 13: 1.9541074787535457, 14: 0.4737353423341095, 15: 0.9698885076496843, 16: 2.4536095052802698, 17: 1.9517762953908244, 18: 0.46738041374023753, 19: 0.4502807864538658, 20: 1.9453742254656756, 21: 5.426253646703038, 22: 0.41614890591741216, 23: 7.948190131056442, 24: 3.9473631248059413, 25: 3.4302227246801413, 26: 0.9634550074640307, 27: 0.4612005827536323, 28: 1.4498908473126222, 29: 0.49183061859813093, 30: 3.944362779632471, 31: 0.4357791667357609, 32: 1.9569067265759137, 33: 2.9542360322323065, 34: 0.9671780375101617, 35: 5.931239610498845, 36: 3.4461878241002153, 37: 1.9504758822153558, 38: 5.456922600029221, 39: 3.4550523081655773, 40: 2.947064375278379, 41: 7.955324157686908, 42: 3.951652983412596, 43: 3.9485565710685915, 44: 0.4648165450809214, 45: 3.456417169692202, 46: 1.4587796817036276, 47: 3.9756011145362775, 48: 3.9591886700904, 49: 2.962978601199361, 50: 1.463964841760953, 51: 0.44160775090312043, 52: 3.961770416806874, 53: 2.9352538057664117, 54: 1.9749513195205177, 55: 4.483529443361313, 56: 1.9478474390308582, 57: 3.957220173695181, 58: 0.46521625071114614, 59: 0.9258763027723285, 60: 1.9639364368840189, 61: 1.4603428101798586, 62: 0.4384381559430426, 63: 3.965956251225208, 64: 3.4564280792845694, 65: 2.464931921675622, 66: 1.9636239576050936, 67: 2.9472160364790696, 68: 1.4544053109977164, 69: 5.455434219180415, 70: 0.47541867622006073, 71: 2.4464887515140696, 72: 2.967684894294078, 73: 1.4540831396853884, 74: 0.4750760838732955, 75: 0.9526303151704703, 76: 1.954135961972261, 77: 0.9470954498545447, 78: 0.4310368371784872, 79: 2.479742037059938, 80: 3.9636972032978197, 81: 3.964860422063577, 82: 0.9565622443602124, 83: 0.9637484078673313, 84: 2.4674423407873434, 85: 1.444464070359476, 86: 0.448072102570396, 87: 1.4482907233294062, 88: 2.9600191412940045, 89: 0.9759594717344018, 90: 3.461116539261738, 91: 2.937246348470148, 92: 0.9642643214269531, 93: 1.4441023923077196, 94: 0.45229659859418225, 95: 2.9618006146608638, 96: 1.468167644987156, 97: 2.9623633826818105, 98: 1.4555157797746652, 99: 2.9764793437155213}
2025-01-28 05:19:23 - WARNING  - Sum of s_i: 228.63967273816144
2025-01-28 05:19:39 - WARNING  - Shapley share: {58: -0.2999999999999997, 71: -0.20000000000000018, 79: -0.14999999999999958, 40: -0.2499999999999991, 82: -0.2499999999999991, 99: 0.24999999999999967, 87: -0.7499999999999996, 29: -0.34999999999999976, 11: -0.3999999999999998, 8: -0.4999999999999999}
2025-01-28 05:19:44 - WARNING  - Epoch:   215. Accuracy: Top-1: 77.22 | Loss: value: 0.66
2025-01-28 05:19:44 - WARNING  - Epoch 215
2025-01-28 05:19:44 - WARNING  - s_i: {0: 0.956922547855268, 1: 3.971622154871344, 2: 2.945326390071991, 3: 0.9509401523763858, 4: 3.4466446545630083, 5: 0.49008843207373154, 6: 1.4797665947230332, 7: 2.4252810842163335, 8: 0.45638463037270927, 9: 1.4762677299660796, 10: 2.472759357077271, 11: 2.936709316246591, 12: 0.46371854779236577, 13: 1.9541074787535457, 14: 0.4737353423341095, 15: 0.9698885076496843, 16: 2.4536095052802698, 17: 1.9517762953908244, 18: 0.46738041374023753, 19: 0.4502807864538658, 20: 1.9453742254656756, 21: 5.426253646703038, 22: 0.41614890591741216, 23: 7.948190131056442, 24: 3.9473631248059413, 25: 3.4302227246801413, 26: 0.9634550074640307, 27: 0.4612005827536323, 28: 1.4498908473126222, 29: 0.49183061859813093, 30: 3.944362779632471, 31: 0.4357791667357609, 32: 1.9569067265759137, 33: 2.9542360322323065, 34: 0.9671780375101617, 35: 5.931239610498845, 36: 3.4461878241002153, 37: 1.9504758822153558, 38: 5.456922600029221, 39: 3.4550523081655773, 40: 0.44299240414595653, 41: 7.955324157686908, 42: 3.951652983412596, 43: 3.9485565710685915, 44: 0.4648165450809214, 45: 3.456417169692202, 46: 1.4587796817036276, 47: 3.9756011145362775, 48: 3.9591886700904, 49: 2.962978601199361, 50: 1.463964841760953, 51: 0.44160775090312043, 52: 3.961770416806874, 53: 2.9352538057664117, 54: 1.9749513195205177, 55: 4.483529443361313, 56: 1.9478474390308582, 57: 3.957220173695181, 58: 0.46521625071114614, 59: 0.9258763027723285, 60: 1.9639364368840189, 61: 1.4603428101798586, 62: 0.4384381559430426, 63: 3.965956251225208, 64: 3.4564280792845694, 65: 2.464931921675622, 66: 1.9636239576050936, 67: 2.9472160364790696, 68: 1.4544053109977164, 69: 5.455434219180415, 70: 0.47541867622006073, 71: 0.44162409256080126, 72: 2.967684894294078, 73: 1.4540831396853884, 74: 0.4750760838732955, 75: 0.9526303151704703, 76: 1.954135961972261, 77: 0.9470954498545447, 78: 0.4310368371784872, 79: 0.9756904444719299, 80: 3.9636972032978197, 81: 3.964860422063577, 82: 0.9565622443602124, 83: 0.9637484078673313, 84: 2.4674423407873434, 85: 1.444464070359476, 86: 0.448072102570396, 87: 1.4482907233294062, 88: 2.9600191412940045, 89: 0.9759594717344018, 90: 3.461116539261738, 91: 2.937246348470148, 92: 0.9642643214269531, 93: 1.4441023923077196, 94: 0.45229659859418225, 95: 2.9618006146608638, 96: 1.468167644987156, 97: 2.9623633826818105, 98: 1.4555157797746652, 99: 5.471775212458622}
2025-01-28 05:19:44 - WARNING  - Sum of s_i: 225.12198038423085
2025-01-28 05:19:59 - WARNING  - Shapley share: {25: -0.050000000000000044, 32: -0.29999999999999916, 9: 0.050000000000000044, 14: 0.10000000000000009, 36: 0.0, 37: 0.10000000000000009, 29: 0.09999999999999953, 44: 0.34999999999999976, 75: -0.050000000000000044, 85: 0.050000000000000044}
2025-01-28 05:20:04 - WARNING  - Epoch:   216. Accuracy: Top-1: 76.18 | Loss: value: 0.68
2025-01-28 05:20:04 - WARNING  - Epoch 216
2025-01-28 05:20:04 - WARNING  - s_i: {0: 0.956922547855268, 1: 3.971622154871344, 2: 2.945326390071991, 3: 0.9509401523763858, 4: 3.4466446545630083, 5: 0.49008843207373154, 6: 1.4797665947230332, 7: 2.4252810842163335, 8: 0.45638463037270927, 9: 1.9715212759592924, 10: 2.472759357077271, 11: 2.936709316246591, 12: 0.46371854779236577, 13: 1.9541074787535457, 14: 1.4693578993897938, 15: 0.9698885076496843, 16: 2.4536095052802698, 17: 1.9517762953908244, 18: 0.46738041374023753, 19: 0.4502807864538658, 20: 1.9453742254656756, 21: 5.426253646703038, 22: 0.41614890591741216, 23: 7.948190131056442, 24: 3.9473631248059413, 25: 2.925238633585865, 26: 0.9634550074640307, 27: 0.4612005827536323, 28: 1.4498908473126222, 29: 1.4877459278971947, 30: 3.944362779632471, 31: 0.4357791667357609, 32: 1.9569067265759137, 33: 2.9542360322323065, 34: 0.9671780375101617, 35: 5.931239610498845, 36: 3.4412958081093254, 37: 2.945973689689481, 38: 5.456922600029221, 39: 3.4550523081655773, 40: 0.44299240414595653, 41: 7.955324157686908, 42: 3.951652983412596, 43: 3.9485565710685915, 44: 3.960418613216035, 45: 3.456417169692202, 46: 1.4587796817036276, 47: 3.9756011145362775, 48: 3.9591886700904, 49: 2.962978601199361, 50: 1.463964841760953, 51: 0.44160775090312043, 52: 3.961770416806874, 53: 2.9352538057664117, 54: 1.9749513195205177, 55: 4.483529443361313, 56: 1.9478474390308582, 57: 3.957220173695181, 58: 0.46521625071114614, 59: 0.9258763027723285, 60: 1.9639364368840189, 61: 1.4603428101798586, 62: 0.4384381559430426, 63: 3.965956251225208, 64: 3.4564280792845694, 65: 2.464931921675622, 66: 1.9636239576050936, 67: 2.9472160364790696, 68: 1.4544053109977164, 69: 5.455434219180415, 70: 0.47541867622006073, 71: 0.44162409256080126, 72: 2.967684894294078, 73: 1.4540831396853884, 74: 0.4750760838732955, 75: 0.44789334668751735, 76: 1.954135961972261, 77: 0.9470954498545447, 78: 0.4310368371784872, 79: 0.9756904444719299, 80: 3.9636972032978197, 81: 3.964860422063577, 82: 0.9565622443602124, 83: 0.9637484078673313, 84: 2.4674423407873434, 85: 1.9398360762227669, 86: 0.448072102570396, 87: 1.4482907233294062, 88: 2.9600191412940045, 89: 0.9759594717344018, 90: 3.461116539261738, 91: 2.937246348470148, 92: 0.9642643214269531, 93: 1.4441023923077196, 94: 0.45229659859418225, 95: 2.9618006146608638, 96: 1.468167644987156, 97: 2.9623633826818105, 98: 1.4555157797746652, 99: 5.471775212458622}
2025-01-28 05:20:04 - WARNING  - Sum of s_i: 231.5806306024832
2025-01-28 05:20:22 - WARNING  - Shapley share: {97: -0.15000000000000013, 80: 0.0, 10: 0.0, 49: -0.19999999999999962, 28: -0.14999999999999958, 57: -0.10000000000000009, 66: -0.2499999999999991, 96: -0.29999999999999916, 53: 0.050000000000000044, 12: 0.0}
2025-01-28 05:20:27 - WARNING  - Epoch:   217. Accuracy: Top-1: 77.62 | Loss: value: 0.64
2025-01-28 05:20:27 - WARNING  - Epoch 217
2025-01-28 05:20:27 - WARNING  - s_i: {0: 0.956922547855268, 1: 3.971622154871344, 2: 2.945326390071991, 3: 0.9509401523763858, 4: 3.4466446545630083, 5: 0.49008843207373154, 6: 1.4797665947230332, 7: 2.4252810842163335, 8: 0.45638463037270927, 9: 1.9715212759592924, 10: 2.468219249923483, 11: 2.936709316246591, 12: 0.4591833662664119, 13: 1.9541074787535457, 14: 1.4693578993897938, 15: 0.9698885076496843, 16: 2.4536095052802698, 17: 1.9517762953908244, 18: 0.46738041374023753, 19: 0.4502807864538658, 20: 1.9453742254656756, 21: 5.426253646703038, 22: 0.41614890591741216, 23: 7.948190131056442, 24: 3.9473631248059413, 25: 2.925238633585865, 26: 0.9634550074640307, 27: 0.4612005827536323, 28: 1.4498908473126222, 29: 1.4877459278971947, 30: 3.944362779632471, 31: 0.4357791667357609, 32: 1.9569067265759137, 33: 2.9542360322323065, 34: 0.9671780375101617, 35: 5.931239610498845, 36: 3.4412958081093254, 37: 2.945973689689481, 38: 5.456922600029221, 39: 3.4550523081655773, 40: 0.44299240414595653, 41: 7.955324157686908, 42: 3.951652983412596, 43: 3.9485565710685915, 44: 3.960418613216035, 45: 3.456417169692202, 46: 1.4587796817036276, 47: 3.9756011145362775, 48: 3.9591886700904, 49: 0.9583509263492838, 50: 1.463964841760953, 51: 0.44160775090312043, 52: 3.961770416806874, 53: 3.430273329286906, 54: 1.9749513195205177, 55: 4.483529443361313, 56: 1.9478474390308582, 57: 2.95246685966131, 58: 0.46521625071114614, 59: 0.9258763027723285, 60: 1.9639364368840189, 61: 1.4603428101798586, 62: 0.4384381559430426, 63: 3.965956251225208, 64: 3.4564280792845694, 65: 2.464931921675622, 66: 1.9636239576050936, 67: 2.9472160364790696, 68: 1.4544053109977164, 69: 5.455434219180415, 70: 0.47541867622006073, 71: 0.44162409256080126, 72: 2.967684894294078, 73: 1.4540831396853884, 74: 0.4750760838732955, 75: 0.44789334668751735, 76: 1.954135961972261, 77: 0.9470954498545447, 78: 0.4310368371784872, 79: 0.9756904444719299, 80: 3.9596635592197993, 81: 3.964860422063577, 82: 0.9565622443602124, 83: 0.9637484078673313, 84: 2.4674423407873434, 85: 1.9398360762227669, 86: 0.448072102570396, 87: 1.4482907233294062, 88: 2.9600191412940045, 89: 0.9759594717344018, 90: 3.461116539261738, 91: 2.937246348470148, 92: 0.9642643214269531, 93: 1.4441023923077196, 94: 0.45229659859418225, 95: 2.9618006146608638, 96: 1.468167644987156, 97: 1.4576588055170354, 98: 1.4555157797746652, 99: 5.471775212458622}
2025-01-28 05:20:27 - WARNING  - Sum of s_i: 227.54845562719723
2025-01-28 05:20:43 - WARNING  - Shapley share: {14: -0.050000000000000044, 60: -0.050000000000000044, 82: 0.10000000000000009, 12: 0.0, 97: -0.050000000000000044, 52: 0.0, 15: 0.0, 86: -0.050000000000000044, 24: -0.15000000000000013, 37: 0.050000000000000044}
2025-01-28 05:20:48 - WARNING  - Epoch:   218. Accuracy: Top-1: 77.46 | Loss: value: 0.64
2025-01-28 05:20:48 - WARNING  - Epoch 218
2025-01-28 05:20:48 - WARNING  - s_i: {0: 0.956922547855268, 1: 3.971622154871344, 2: 2.945326390071991, 3: 0.9509401523763858, 4: 3.4466446545630083, 5: 0.49008843207373154, 6: 1.4797665947230332, 7: 2.4252810842163335, 8: 0.45638463037270927, 9: 1.9715212759592924, 10: 2.468219249923483, 11: 2.936709316246591, 12: 0.454648184740458, 13: 1.9541074787535457, 14: 0.9649804564454765, 15: 0.9655868658853535, 16: 2.4536095052802698, 17: 1.9517762953908244, 18: 0.46738041374023753, 19: 0.4502807864538658, 20: 1.9453742254656756, 21: 5.426253646703038, 22: 0.41614890591741216, 23: 7.948190131056442, 24: 2.442976718539768, 25: 2.925238633585865, 26: 0.9634550074640307, 27: 0.4612005827536323, 28: 1.4498908473126222, 29: 1.4877459278971947, 30: 3.944362779632471, 31: 0.4357791667357609, 32: 1.9569067265759137, 33: 2.9542360322323065, 34: 0.9671780375101617, 35: 5.931239610498845, 36: 3.4412958081093254, 37: 3.441471497163606, 38: 5.456922600029221, 39: 3.4550523081655773, 40: 0.44299240414595653, 41: 7.955324157686908, 42: 3.951652983412596, 43: 3.9485565710685915, 44: 3.960418613216035, 45: 3.456417169692202, 46: 1.4587796817036276, 47: 3.9756011145362775, 48: 3.9591886700904, 49: 0.9583509263492838, 50: 1.463964841760953, 51: 0.44160775090312043, 52: 3.9569917189077337, 53: 3.430273329286906, 54: 1.9749513195205177, 55: 4.483529443361313, 56: 1.9478474390308582, 57: 2.95246685966131, 58: 0.46521625071114614, 59: 0.9258763027723285, 60: 1.459929374315577, 61: 1.4603428101798586, 62: 0.4384381559430426, 63: 3.965956251225208, 64: 3.4564280792845694, 65: 2.464931921675622, 66: 1.9636239576050936, 67: 2.9472160364790696, 68: 1.4544053109977164, 69: 5.455434219180415, 70: 0.47541867622006073, 71: 0.44162409256080126, 72: 2.967684894294078, 73: 1.4540831396853884, 74: 0.4750760838732955, 75: 0.44789334668751735, 76: 1.954135961972261, 77: 0.9470954498545447, 78: 0.4310368371784872, 79: 0.9756904444719299, 80: 3.9596635592197993, 81: 3.964860422063577, 82: 1.9517358270669036, 83: 0.9637484078673313, 84: 2.4674423407873434, 85: 1.9398360762227669, 86: 0.448072102570396, 87: 1.4482907233294062, 88: 2.9600191412940045, 89: 0.9759594717344018, 90: 3.461116539261738, 91: 2.937246348470148, 92: 0.9642643214269531, 93: 1.4441023923077196, 94: 0.45229659859418225, 95: 2.9618006146608638, 96: 1.468167644987156, 97: 0.9529542283522612, 98: 1.4555157797746652, 99: 5.471775212458622}
2025-01-28 05:20:48 - WARNING  - Sum of s_i: 226.0080360072449
2025-01-28 05:21:04 - WARNING  - Shapley share: {14: -0.3999999999999998, 58: -0.2999999999999997, 79: -0.050000000000000044, 39: -0.050000000000000044, 25: -0.6499999999999995, 23: -0.6499999999999995, 73: -0.7999999999999996, 94: -0.7999999999999996, 97: -0.5999999999999994, 30: -0.49999999999999933}
2025-01-28 05:21:08 - WARNING  - Epoch:   219. Accuracy: Top-1: 77.60 | Loss: value: 0.66
2025-01-28 05:21:08 - WARNING  - Epoch 219
2025-01-28 05:21:08 - WARNING  - s_i: {0: 0.956922547855268, 1: 3.971622154871344, 2: 2.945326390071991, 3: 0.9509401523763858, 4: 3.4466446545630083, 5: 0.49008843207373154, 6: 1.4797665947230332, 7: 2.4252810842163335, 8: 0.45638463037270927, 9: 1.9715212759592924, 10: 2.468219249923483, 11: 2.936709316246591, 12: 0.454648184740458, 13: 1.9541074787535457, 14: 0.9649804564454765, 15: 0.9655868658853535, 16: 2.4536095052802698, 17: 1.9517762953908244, 18: 0.46738041374023753, 19: 0.4502807864538658, 20: 1.9453742254656756, 21: 5.426253646703038, 22: 0.41614890591741216, 23: 1.4434801429706674, 24: 2.442976718539768, 25: 2.925238633585865, 26: 0.9634550074640307, 27: 0.4612005827536323, 28: 1.4498908473126222, 29: 1.4877459278971947, 30: 3.944362779632471, 31: 0.4357791667357609, 32: 1.9569067265759137, 33: 2.9542360322323065, 34: 0.9671780375101617, 35: 5.931239610498845, 36: 3.4412958081093254, 37: 3.441471497163606, 38: 5.456922600029221, 39: 2.9505575389821344, 40: 0.44299240414595653, 41: 7.955324157686908, 42: 3.951652983412596, 43: 3.9485565710685915, 44: 3.960418613216035, 45: 3.456417169692202, 46: 1.4587796817036276, 47: 3.9756011145362775, 48: 3.9591886700904, 49: 0.9583509263492838, 50: 1.463964841760953, 51: 0.44160775090312043, 52: 3.9569917189077337, 53: 3.430273329286906, 54: 1.9749513195205177, 55: 4.483529443361313, 56: 1.9478474390308582, 57: 2.95246685966131, 58: 0.46521625071114614, 59: 0.9258763027723285, 60: 1.459929374315577, 61: 1.4603428101798586, 62: 0.4384381559430426, 63: 3.965956251225208, 64: 3.4564280792845694, 65: 2.464931921675622, 66: 1.9636239576050936, 67: 2.9472160364790696, 68: 1.4544053109977164, 69: 5.455434219180415, 70: 0.47541867622006073, 71: 0.44162409256080126, 72: 2.967684894294078, 73: 1.4540831396853884, 74: 0.4750760838732955, 75: 0.44789334668751735, 76: 1.954135961972261, 77: 0.9470954498545447, 78: 0.4310368371784872, 79: 0.47163885188391697, 80: 3.9596635592197993, 81: 3.964860422063577, 82: 1.9517358270669036, 83: 0.9637484078673313, 84: 2.4674423407873434, 85: 1.9398360762227669, 86: 0.448072102570396, 87: 1.4482907233294062, 88: 2.9600191412940045, 89: 0.9759594717344018, 90: 3.461116539261738, 91: 2.937246348470148, 92: 0.9642643214269531, 93: 1.4441023923077196, 94: 0.45229659859418225, 95: 2.9618006146608638, 96: 1.468167644987156, 97: 0.9529542283522612, 98: 1.4555157797746652, 99: 5.471775212458622}
2025-01-28 05:21:08 - WARNING  - Sum of s_i: 218.49477965738768
2025-01-28 05:21:25 - WARNING  - Shapley share: {53: 0.10000000000000009, 40: -0.15000000000000013, 17: -0.6, 80: -0.34999999999999976, 4: -0.7499999999999996, 49: -0.6999999999999995, 72: -0.3999999999999998, 35: -0.09999999999999953, 94: -0.14999999999999958, 78: -0.39999999999999925}
2025-01-28 05:21:30 - WARNING  - Epoch:   220. Accuracy: Top-1: 75.82 | Loss: value: 0.71
2025-01-28 05:21:30 - WARNING  - Epoch 220
2025-01-28 05:21:30 - WARNING  - s_i: {0: 0.956922547855268, 1: 3.971622154871344, 2: 2.945326390071991, 3: 0.9509401523763858, 4: 3.4466446545630083, 5: 0.49008843207373154, 6: 1.4797665947230332, 7: 2.4252810842163335, 8: 0.45638463037270927, 9: 1.9715212759592924, 10: 2.468219249923483, 11: 2.936709316246591, 12: 0.454648184740458, 13: 1.9541074787535457, 14: 0.9649804564454765, 15: 0.9655868658853535, 16: 2.4536095052802698, 17: 1.9517762953908244, 18: 0.46738041374023753, 19: 0.4502807864538658, 20: 1.9453742254656756, 21: 5.426253646703038, 22: 0.41614890591741216, 23: 1.4434801429706674, 24: 2.442976718539768, 25: 2.925238633585865, 26: 0.9634550074640307, 27: 0.4612005827536323, 28: 1.4498908473126222, 29: 1.4877459278971947, 30: 3.944362779632471, 31: 0.4357791667357609, 32: 1.9569067265759137, 33: 2.9542360322323065, 34: 0.9671780375101617, 35: 4.9269420861550275, 36: 3.4412958081093254, 37: 3.441471497163606, 38: 5.456922600029221, 39: 2.9505575389821344, 40: 0.44299240414595653, 41: 7.955324157686908, 42: 3.951652983412596, 43: 3.9485565710685915, 44: 3.960418613216035, 45: 3.456417169692202, 46: 1.4587796817036276, 47: 3.9756011145362775, 48: 3.9591886700904, 49: 0.9583509263492838, 50: 1.463964841760953, 51: 0.44160775090312043, 52: 3.9569917189077337, 53: 4.4252928528074005, 54: 1.9749513195205177, 55: 4.483529443361313, 56: 1.9478474390308582, 57: 2.95246685966131, 58: 0.46521625071114614, 59: 0.9258763027723285, 60: 1.459929374315577, 61: 1.4603428101798586, 62: 0.4384381559430426, 63: 3.965956251225208, 64: 3.4564280792845694, 65: 2.464931921675622, 66: 1.9636239576050936, 67: 2.9472160364790696, 68: 1.4544053109977164, 69: 5.455434219180415, 70: 0.47541867622006073, 71: 0.44162409256080126, 72: 2.967684894294078, 73: 1.4540831396853884, 74: 0.4750760838732955, 75: 0.44789334668751735, 76: 1.954135961972261, 77: 0.9470954498545447, 78: 0.4310368371784872, 79: 0.47163885188391697, 80: 0.4556299151417815, 81: 3.964860422063577, 82: 1.9517358270669036, 83: 0.9637484078673313, 84: 2.4674423407873434, 85: 1.9398360762227669, 86: 0.448072102570396, 87: 1.4482907233294062, 88: 2.9600191412940045, 89: 0.9759594717344018, 90: 3.461116539261738, 91: 2.937246348470148, 92: 0.9642643214269531, 93: 1.4441023923077196, 94: 0.45229659859418225, 95: 2.9618006146608638, 96: 1.468167644987156, 97: 0.9529542283522612, 98: 1.4555157797746652, 99: 5.471775212458622}
2025-01-28 05:21:30 - WARNING  - Sum of s_i: 214.98146801248635
2025-01-28 05:21:35 - WARNING  - The sum of accs: 69.0
2025-01-28 05:21:35 - WARNING  - The welfare is 68.90233277677886
2025-01-28 05:21:51 - WARNING  - Shapley share: {43: 0.0, 59: 0.15000000000000013, 41: -0.2999999999999997, 96: 0.050000000000000044, 87: -0.29999999999999916, 85: -0.3499999999999992, 83: -0.09999999999999953, 34: -0.10000000000000009, 75: -0.20000000000000018, 9: 0.09999999999999953}
2025-01-28 05:21:56 - WARNING  - Epoch:   221. Accuracy: Top-1: 76.92 | Loss: value: 0.67
2025-01-28 05:21:56 - WARNING  - Epoch 221
2025-01-28 05:21:56 - WARNING  - s_i: {0: 0.956922547855268, 1: 3.971622154871344, 2: 2.945326390071991, 3: 0.9509401523763858, 4: 3.4466446545630083, 5: 0.49008843207373154, 6: 1.4797665947230332, 7: 2.4252810842163335, 8: 0.45638463037270927, 9: 2.9667748219525, 10: 2.468219249923483, 11: 2.936709316246591, 12: 0.454648184740458, 13: 1.9541074787535457, 14: 0.9649804564454765, 15: 0.9655868658853535, 16: 2.4536095052802698, 17: 1.9517762953908244, 18: 0.46738041374023753, 19: 0.4502807864538658, 20: 1.9453742254656756, 21: 5.426253646703038, 22: 0.41614890591741216, 23: 1.4434801429706674, 24: 2.442976718539768, 25: 2.925238633585865, 26: 0.9634550074640307, 27: 0.4612005827536323, 28: 1.4498908473126222, 29: 1.4877459278971947, 30: 3.944362779632471, 31: 0.4357791667357609, 32: 1.9569067265759137, 33: 2.9542360322323065, 34: 0.9671780375101617, 35: 4.9269420861550275, 36: 3.4412958081093254, 37: 3.441471497163606, 38: 5.456922600029221, 39: 2.9505575389821344, 40: 0.44299240414595653, 41: 4.950360175207678, 42: 3.951652983412596, 43: 3.9442696186576414, 44: 3.960418613216035, 45: 3.456417169692202, 46: 1.4587796817036276, 47: 3.9756011145362775, 48: 3.9591886700904, 49: 0.9583509263492838, 50: 1.463964841760953, 51: 0.44160775090312043, 52: 3.9569917189077337, 53: 4.4252928528074005, 54: 1.9749513195205177, 55: 4.483529443361313, 56: 1.9478474390308582, 57: 2.95246685966131, 58: 0.46521625071114614, 59: 2.421758319593015, 60: 1.459929374315577, 61: 1.4603428101798586, 62: 0.4384381559430426, 63: 3.965956251225208, 64: 3.4564280792845694, 65: 2.464931921675622, 66: 1.9636239576050936, 67: 2.9472160364790696, 68: 1.4544053109977164, 69: 5.455434219180415, 70: 0.47541867622006073, 71: 0.44162409256080126, 72: 2.967684894294078, 73: 1.4540831396853884, 74: 0.4750760838732955, 75: 0.44789334668751735, 76: 1.954135961972261, 77: 0.9470954498545447, 78: 0.4310368371784872, 79: 0.47163885188391697, 80: 0.4556299151417815, 81: 3.964860422063577, 82: 1.9517358270669036, 83: 0.9637484078673313, 84: 2.4674423407873434, 85: 1.9398360762227669, 86: 0.448072102570396, 87: 1.4482907233294062, 88: 2.9600191412940045, 89: 0.9759594717344018, 90: 3.461116539261738, 91: 2.937246348470148, 92: 0.9642643214269531, 93: 1.4441023923077196, 94: 0.45229659859418225, 95: 2.9618006146608638, 96: 1.9636201656996075, 97: 0.9529542283522612, 98: 1.4555157797746652, 99: 5.471775212458622}
2025-01-28 05:21:56 - WARNING  - Sum of s_i: 214.9588051611225
2025-01-28 05:22:12 - WARNING  - Shapley share: {88: -0.09999999999999953, 18: 0.050000000000000044, 91: -0.20000000000000018, 8: 0.0, 12: -0.19999999999999962, 42: 0.0, 7: 0.15000000000000013, 24: 0.2999999999999997, 79: -0.09999999999999953, 90: -0.09999999999999953}
2025-01-28 05:22:16 - WARNING  - Epoch:   222. Accuracy: Top-1: 77.10 | Loss: value: 0.66
2025-01-28 05:22:16 - WARNING  - Epoch 222
2025-01-28 05:22:16 - WARNING  - s_i: {0: 0.956922547855268, 1: 3.971622154871344, 2: 2.945326390071991, 3: 0.9509401523763858, 4: 3.4466446545630083, 5: 0.49008843207373154, 6: 1.4797665947230332, 7: 3.9202998231640906, 8: 0.45153847819189935, 9: 2.9667748219525, 10: 2.468219249923483, 11: 2.936709316246591, 12: 0.454648184740458, 13: 1.9541074787535457, 14: 0.9649804564454765, 15: 0.9655868658853535, 16: 2.4536095052802698, 17: 1.9517762953908244, 18: 0.9627204728459857, 19: 0.4502807864538658, 20: 1.9453742254656756, 21: 5.426253646703038, 22: 0.41614890591741216, 23: 1.4434801429706674, 24: 5.438590312273593, 25: 2.925238633585865, 26: 0.9634550074640307, 27: 0.4612005827536323, 28: 1.4498908473126222, 29: 1.4877459278971947, 30: 3.944362779632471, 31: 0.4357791667357609, 32: 1.9569067265759137, 33: 2.9542360322323065, 34: 0.9671780375101617, 35: 4.9269420861550275, 36: 3.4412958081093254, 37: 3.441471497163606, 38: 5.456922600029221, 39: 2.9505575389821344, 40: 0.44299240414595653, 41: 4.950360175207678, 42: 3.9472578000864678, 43: 3.9442696186576414, 44: 3.960418613216035, 45: 3.456417169692202, 46: 1.4587796817036276, 47: 3.9756011145362775, 48: 3.9591886700904, 49: 0.9583509263492838, 50: 1.463964841760953, 51: 0.44160775090312043, 52: 3.9569917189077337, 53: 4.4252928528074005, 54: 1.9749513195205177, 55: 4.483529443361313, 56: 1.9478474390308582, 57: 2.95246685966131, 58: 0.46521625071114614, 59: 2.421758319593015, 60: 1.459929374315577, 61: 1.4603428101798586, 62: 0.4384381559430426, 63: 3.965956251225208, 64: 3.4564280792845694, 65: 2.464931921675622, 66: 1.9636239576050936, 67: 2.9472160364790696, 68: 1.4544053109977164, 69: 5.455434219180415, 70: 0.47541867622006073, 71: 0.44162409256080126, 72: 2.967684894294078, 73: 1.4540831396853884, 74: 0.4750760838732955, 75: 0.44789334668751735, 76: 1.954135961972261, 77: 0.9470954498545447, 78: 0.4310368371784872, 79: 0.47163885188391697, 80: 0.4556299151417815, 81: 3.964860422063577, 82: 1.9517358270669036, 83: 0.9637484078673313, 84: 2.4674423407873434, 85: 1.9398360762227669, 86: 0.448072102570396, 87: 1.4482907233294062, 88: 1.9550215339557606, 89: 0.9759594717344018, 90: 2.4567961547352697, 91: 0.9330627717014885, 92: 0.9642643214269531, 93: 1.4441023923077196, 94: 0.45229659859418225, 95: 2.9618006146608638, 96: 1.9636201656996075, 97: 0.9529542283522612, 98: 1.4555157797746652, 99: 5.471775212458622}
2025-01-28 05:22:16 - WARNING  - Sum of s_i: 215.9220346487695
2025-01-28 05:22:36 - WARNING  - Shapley share: {24: -0.4500000000000004, 16: -0.39999999999999925, 59: -0.5999999999999994, 88: -0.8999999999999997, 35: -0.6999999999999995, 54: -0.5499999999999994, 38: -1.1499999999999995, 81: -0.6999999999999995, 86: -0.9000000000000002, 21: -0.8499999999999996}
2025-01-28 05:22:41 - WARNING  - Epoch:   223. Accuracy: Top-1: 76.78 | Loss: value: 0.67
2025-01-28 05:22:41 - WARNING  - Epoch 223
2025-01-28 05:22:41 - WARNING  - s_i: {0: 0.956922547855268, 1: 3.971622154871344, 2: 2.945326390071991, 3: 0.9509401523763858, 4: 3.4466446545630083, 5: 0.49008843207373154, 6: 1.4797665947230332, 7: 3.9202998231640906, 8: 0.45153847819189935, 9: 2.9667748219525, 10: 2.468219249923483, 11: 2.936709316246591, 12: 0.454648184740458, 13: 1.9541074787535457, 14: 0.9649804564454765, 15: 0.9655868658853535, 16: 2.4536095052802698, 17: 1.9517762953908244, 18: 0.9627204728459857, 19: 0.4502807864538658, 20: 1.9453742254656756, 21: 5.426253646703038, 22: 0.41614890591741216, 23: 1.4434801429706674, 24: 0.9342039060074177, 25: 2.925238633585865, 26: 0.9634550074640307, 27: 0.4612005827536323, 28: 1.4498908473126222, 29: 1.4877459278971947, 30: 3.944362779632471, 31: 0.4357791667357609, 32: 1.9569067265759137, 33: 2.9542360322323065, 34: 0.9671780375101617, 35: 4.9269420861550275, 36: 3.4412958081093254, 37: 3.441471497163606, 38: 5.456922600029221, 39: 2.9505575389821344, 40: 0.44299240414595653, 41: 4.950360175207678, 42: 3.9472578000864678, 43: 3.9442696186576414, 44: 3.960418613216035, 45: 3.456417169692202, 46: 1.4587796817036276, 47: 3.9756011145362775, 48: 3.9591886700904, 49: 0.9583509263492838, 50: 1.463964841760953, 51: 0.44160775090312043, 52: 3.9569917189077337, 53: 4.4252928528074005, 54: 1.9749513195205177, 55: 4.483529443361313, 56: 1.9478474390308582, 57: 2.95246685966131, 58: 0.46521625071114614, 59: 2.421758319593015, 60: 1.459929374315577, 61: 1.4603428101798586, 62: 0.4384381559430426, 63: 3.965956251225208, 64: 3.4564280792845694, 65: 2.464931921675622, 66: 1.9636239576050936, 67: 2.9472160364790696, 68: 1.4544053109977164, 69: 5.455434219180415, 70: 0.47541867622006073, 71: 0.44162409256080126, 72: 2.967684894294078, 73: 1.4540831396853884, 74: 0.4750760838732955, 75: 0.44789334668751735, 76: 1.954135961972261, 77: 0.9470954498545447, 78: 0.4310368371784872, 79: 0.47163885188391697, 80: 0.4556299151417815, 81: 3.964860422063577, 82: 1.9517358270669036, 83: 0.9637484078673313, 84: 2.4674423407873434, 85: 1.9398360762227669, 86: 0.448072102570396, 87: 1.4482907233294062, 88: 1.9550215339557606, 89: 0.9759594717344018, 90: 2.4567961547352697, 91: 0.9330627717014885, 92: 0.9642643214269531, 93: 1.4441023923077196, 94: 0.45229659859418225, 95: 2.9618006146608638, 96: 1.9636201656996075, 97: 0.9529542283522612, 98: 1.4555157797746652, 99: 5.471775212458622}
2025-01-28 05:22:41 - WARNING  - Sum of s_i: 211.41764824250336
2025-01-28 05:22:58 - WARNING  - Shapley share: {24: -0.14999999999999958, 19: -0.2999999999999997, 66: -0.09999999999999953, 90: 5.551115123125783e-16, 78: -0.29999999999999916, 30: -0.7999999999999996, 15: -0.6999999999999995, 74: -0.6999999999999995, 34: -0.5499999999999994, 85: -0.5499999999999994}
2025-01-28 05:23:02 - WARNING  - Epoch:   224. Accuracy: Top-1: 78.03 | Loss: value: 0.63
2025-01-28 05:23:02 - WARNING  - Epoch 224
2025-01-28 05:23:02 - WARNING  - s_i: {0: 0.956922547855268, 1: 3.971622154871344, 2: 2.945326390071991, 3: 0.9509401523763858, 4: 3.4466446545630083, 5: 0.49008843207373154, 6: 1.4797665947230332, 7: 3.9202998231640906, 8: 0.45153847819189935, 9: 2.9667748219525, 10: 2.468219249923483, 11: 2.936709316246591, 12: 0.454648184740458, 13: 1.9541074787535457, 14: 0.9649804564454765, 15: 0.9655868658853535, 16: 2.4536095052802698, 17: 1.9517762953908244, 18: 0.9627204728459857, 19: 0.4502807864538658, 20: 1.9453742254656756, 21: 5.426253646703038, 22: 0.41614890591741216, 23: 1.4434801429706674, 24: 0.9342039060074177, 25: 2.925238633585865, 26: 0.9634550074640307, 27: 0.4612005827536323, 28: 1.4498908473126222, 29: 1.4877459278971947, 30: 3.944362779632471, 31: 0.4357791667357609, 32: 1.9569067265759137, 33: 2.9542360322323065, 34: 0.9671780375101617, 35: 4.9269420861550275, 36: 3.4412958081093254, 37: 3.441471497163606, 38: 5.456922600029221, 39: 2.9505575389821344, 40: 0.44299240414595653, 41: 4.950360175207678, 42: 3.9472578000864678, 43: 3.9442696186576414, 44: 3.960418613216035, 45: 3.456417169692202, 46: 1.4587796817036276, 47: 3.9756011145362775, 48: 3.9591886700904, 49: 0.9583509263492838, 50: 1.463964841760953, 51: 0.44160775090312043, 52: 3.9569917189077337, 53: 4.4252928528074005, 54: 1.9749513195205177, 55: 4.483529443361313, 56: 1.9478474390308582, 57: 2.95246685966131, 58: 0.46521625071114614, 59: 2.421758319593015, 60: 1.459929374315577, 61: 1.4603428101798586, 62: 0.4384381559430426, 63: 3.965956251225208, 64: 3.4564280792845694, 65: 2.464931921675622, 66: 0.9595821751167761, 67: 2.9472160364790696, 68: 1.4544053109977164, 69: 5.455434219180415, 70: 0.47541867622006073, 71: 0.44162409256080126, 72: 2.967684894294078, 73: 1.4540831396853884, 74: 0.4750760838732955, 75: 0.44789334668751735, 76: 1.954135961972261, 77: 0.9470954498545447, 78: 0.4310368371784872, 79: 0.47163885188391697, 80: 0.4556299151417815, 81: 3.964860422063577, 82: 1.9517358270669036, 83: 0.9637484078673313, 84: 2.4674423407873434, 85: 1.9398360762227669, 86: 0.448072102570396, 87: 1.4482907233294062, 88: 1.9550215339557606, 89: 0.9759594717344018, 90: 2.452475770208802, 91: 0.9330627717014885, 92: 0.9642643214269531, 93: 1.4441023923077196, 94: 0.45229659859418225, 95: 2.9618006146608638, 96: 1.9636201656996075, 97: 0.9529542283522612, 98: 1.4555157797746652, 99: 5.471775212458622}
2025-01-28 05:23:02 - WARNING  - Sum of s_i: 210.40928607548855
2025-01-28 05:23:18 - WARNING  - Shapley share: {17: 0.050000000000000044, 72: -0.14999999999999958, 14: 0.2500000000000002, 58: 0.050000000000000044, 25: 0.10000000000000009, 1: 0.2999999999999997, 28: 0.2999999999999997, 38: -0.39999999999999925, 46: 5.551115123125783e-16, 97: -0.24999999999999967}
2025-01-28 05:23:23 - WARNING  - Epoch:   225. Accuracy: Top-1: 78.50 | Loss: value: 0.63
2025-01-28 05:23:23 - WARNING  - Epoch 225
2025-01-28 05:23:23 - WARNING  - s_i: {0: 0.956922547855268, 1: 6.966892514016565, 2: 2.945326390071991, 3: 0.9509401523763858, 4: 3.4466446545630083, 5: 0.49008843207373154, 6: 1.4797665947230332, 7: 3.9202998231640906, 8: 0.45153847819189935, 9: 2.9667748219525, 10: 2.468219249923483, 11: 2.936709316246591, 12: 0.454648184740458, 13: 1.9541074787535457, 14: 3.460603013501162, 15: 0.9655868658853535, 16: 2.4536095052802698, 17: 2.44775765334006, 18: 0.9627204728459857, 19: 0.4502807864538658, 20: 1.9453742254656756, 21: 5.426253646703038, 22: 0.41614890591741216, 23: 1.4434801429706674, 24: 0.9342039060074177, 25: 3.9202545424915898, 26: 0.9634550074640307, 27: 0.4612005827536323, 28: 4.445335469795586, 29: 1.4877459278971947, 30: 3.944362779632471, 31: 0.4357791667357609, 32: 1.9569067265759137, 33: 2.9542360322323065, 34: 0.9671780375101617, 35: 4.9269420861550275, 36: 3.4412958081093254, 37: 3.441471497163606, 38: 1.4521362222546967, 39: 2.9505575389821344, 40: 0.44299240414595653, 41: 4.950360175207678, 42: 3.9472578000864678, 43: 3.9442696186576414, 44: 3.960418613216035, 45: 3.456417169692202, 46: 1.454657649873996, 47: 3.9756011145362775, 48: 3.9591886700904, 49: 0.9583509263492838, 50: 1.463964841760953, 51: 0.44160775090312043, 52: 3.9569917189077337, 53: 4.4252928528074005, 54: 1.9749513195205177, 55: 4.483529443361313, 56: 1.9478474390308582, 57: 2.95246685966131, 58: 0.9602471436698816, 59: 2.421758319593015, 60: 1.459929374315577, 61: 1.4603428101798586, 62: 0.4384381559430426, 63: 3.965956251225208, 64: 3.4564280792845694, 65: 2.464931921675622, 66: 0.9595821751167761, 67: 2.9472160364790696, 68: 1.4544053109977164, 69: 5.455434219180415, 70: 0.47541867622006073, 71: 0.44162409256080126, 72: 1.463068450621807, 73: 1.4540831396853884, 74: 0.4750760838732955, 75: 0.44789334668751735, 76: 1.954135961972261, 77: 0.9470954498545447, 78: 0.4310368371784872, 79: 0.47163885188391697, 80: 0.4556299151417815, 81: 3.964860422063577, 82: 1.9517358270669036, 83: 0.9637484078673313, 84: 2.4674423407873434, 85: 1.9398360762227669, 86: 0.448072102570396, 87: 1.4482907233294062, 88: 1.9550215339557606, 89: 0.9759594717344018, 90: 2.452475770208802, 91: 0.9330627717014885, 92: 0.9642643214269531, 93: 1.4441023923077196, 94: 0.45229659859418225, 95: 2.9618006146608638, 96: 1.9636201656996075, 97: 0.9529542283522612, 98: 1.4555157797746652, 99: 5.471775212458622}
2025-01-28 05:23:23 - WARNING  - Sum of s_i: 215.3681269207097
2025-01-28 05:23:38 - WARNING  - Shapley share: {45: 0.050000000000000044, 79: -0.09999999999999953, 65: 0.10000000000000009, 26: 0.0, 94: 0.050000000000000044, 58: 0.24999999999999967, 24: 0.20000000000000018, 81: 0.2999999999999997, 38: -0.04999999999999949, 56: -0.14999999999999958}
2025-01-28 05:23:43 - WARNING  - Epoch:   226. Accuracy: Top-1: 78.29 | Loss: value: 0.64
2025-01-28 05:23:43 - WARNING  - Epoch 226
2025-01-28 05:23:43 - WARNING  - s_i: {0: 0.956922547855268, 1: 6.966892514016565, 2: 2.945326390071991, 3: 0.9509401523763858, 4: 3.4466446545630083, 5: 0.49008843207373154, 6: 1.4797665947230332, 7: 3.9202998231640906, 8: 0.45153847819189935, 9: 2.9667748219525, 10: 2.468219249923483, 11: 2.936709316246591, 12: 0.454648184740458, 13: 1.9541074787535457, 14: 3.460603013501162, 15: 0.9655868658853535, 16: 2.4536095052802698, 17: 2.44775765334006, 18: 0.9627204728459857, 19: 0.4502807864538658, 20: 1.9453742254656756, 21: 5.426253646703038, 22: 0.41614890591741216, 23: 1.4434801429706674, 24: 2.9298174997412474, 25: 3.9202545424915898, 26: 0.9593944527378137, 27: 0.4612005827536323, 28: 4.445335469795586, 29: 1.4877459278971947, 30: 3.944362779632471, 31: 0.4357791667357609, 32: 1.9569067265759137, 33: 2.9542360322323065, 34: 0.9671780375101617, 35: 4.9269420861550275, 36: 3.4412958081093254, 37: 3.441471497163606, 38: 0.9473498444801711, 39: 2.9505575389821344, 40: 0.44299240414595653, 41: 4.950360175207678, 42: 3.9472578000864678, 43: 3.9442696186576414, 44: 3.960418613216035, 45: 3.952058886661422, 46: 1.454657649873996, 47: 3.9756011145362775, 48: 3.9591886700904, 49: 0.9583509263492838, 50: 1.463964841760953, 51: 0.44160775090312043, 52: 3.9569917189077337, 53: 4.4252928528074005, 54: 1.9749513195205177, 55: 4.483529443361313, 56: 0.4438357035716969, 57: 2.95246685966131, 58: 3.4552780366286133, 59: 2.421758319593015, 60: 1.459929374315577, 61: 1.4603428101798586, 62: 0.4384381559430426, 63: 3.965956251225208, 64: 3.4564280792845694, 65: 3.4605484118850756, 66: 0.9595821751167761, 67: 2.9472160364790696, 68: 1.4544053109977164, 69: 5.455434219180415, 70: 0.47541867622006073, 71: 0.44162409256080126, 72: 1.463068450621807, 73: 1.4540831396853884, 74: 0.4750760838732955, 75: 0.44789334668751735, 76: 1.954135961972261, 77: 0.9470954498545447, 78: 0.4310368371784872, 79: 0.47163885188391697, 80: 0.4556299151417815, 81: 6.960467974821521, 82: 1.9517358270669036, 83: 0.9637484078673313, 84: 2.4674423407873434, 85: 1.9398360762227669, 86: 0.448072102570396, 87: 1.4482907233294062, 88: 1.9550215339557606, 89: 0.9759594717344018, 90: 2.452475770208802, 91: 0.9330627717014885, 92: 0.9642643214269531, 93: 1.4441023923077196, 94: 0.9479599257391078, 95: 2.9618006146608638, 96: 1.9636201656996075, 97: 0.9529542283522612, 98: 1.4555157797746652, 99: 5.471775212458622}
2025-01-28 05:23:43 - WARNING  - Sum of s_i: 222.8284418265239
2025-01-28 05:24:04 - WARNING  - Shapley share: {87: -0.2999999999999997, 97: -0.19999999999999962, 17: 5.551115123125783e-16, 71: 0.0, 1: 0.0, 4: -0.3499999999999992, 38: -0.3999999999999998, 49: -0.34999999999999976, 33: -0.19999999999999962, 7: -0.34999999999999976}
2025-01-28 05:24:09 - WARNING  - Epoch:   227. Accuracy: Top-1: 77.31 | Loss: value: 0.67
2025-01-28 05:24:09 - WARNING  - Epoch 227
2025-01-28 05:24:09 - WARNING  - s_i: {0: 0.956922547855268, 1: 6.962162873161788, 2: 2.945326390071991, 3: 0.9509401523763858, 4: 3.4466446545630083, 5: 0.49008843207373154, 6: 1.4797665947230332, 7: 0.4153185621118496, 8: 0.45153847819189935, 9: 2.9667748219525, 10: 2.468219249923483, 11: 2.936709316246591, 12: 0.454648184740458, 13: 1.9541074787535457, 14: 3.460603013501162, 15: 0.9655868658853535, 16: 2.4536095052802698, 17: 2.443739011289301, 18: 0.9627204728459857, 19: 0.4502807864538658, 20: 1.9453742254656756, 21: 5.426253646703038, 22: 0.41614890591741216, 23: 1.4434801429706674, 24: 2.9298174997412474, 25: 3.9202545424915898, 26: 0.9593944527378137, 27: 0.4612005827536323, 28: 4.445335469795586, 29: 1.4877459278971947, 30: 3.944362779632471, 31: 0.4357791667357609, 32: 1.9569067265759137, 33: 0.9496596354555416, 34: 0.9671780375101617, 35: 4.9269420861550275, 36: 3.4412958081093254, 37: 3.441471497163606, 38: 0.9473498444801711, 39: 2.9505575389821344, 40: 0.44299240414595653, 41: 4.950360175207678, 42: 3.9472578000864678, 43: 3.9442696186576414, 44: 3.960418613216035, 45: 3.952058886661422, 46: 1.454657649873996, 47: 3.9756011145362775, 48: 3.9591886700904, 49: 0.9583509263492838, 50: 1.463964841760953, 51: 0.44160775090312043, 52: 3.9569917189077337, 53: 4.4252928528074005, 54: 1.9749513195205177, 55: 4.483529443361313, 56: 0.4438357035716969, 57: 2.95246685966131, 58: 3.4552780366286133, 59: 2.421758319593015, 60: 1.459929374315577, 61: 1.4603428101798586, 62: 0.4384381559430426, 63: 3.965956251225208, 64: 3.4564280792845694, 65: 3.4605484118850756, 66: 0.9595821751167761, 67: 2.9472160364790696, 68: 1.4544053109977164, 69: 5.455434219180415, 70: 0.47541867622006073, 71: 0.43675943360753494, 72: 1.463068450621807, 73: 1.4540831396853884, 74: 0.4750760838732955, 75: 0.44789334668751735, 76: 1.954135961972261, 77: 0.9470954498545447, 78: 0.4310368371784872, 79: 0.47163885188391697, 80: 0.4556299151417815, 81: 6.960467974821521, 82: 1.9517358270669036, 83: 0.9637484078673313, 84: 2.4674423407873434, 85: 1.9398360762227669, 86: 0.448072102570396, 87: 1.4482907233294062, 88: 1.9550215339557606, 89: 0.9759594717344018, 90: 2.452475770208802, 91: 0.9330627717014885, 92: 0.9642643214269531, 93: 1.4441023923077196, 94: 0.9479599257391078, 95: 2.9618006146608638, 96: 1.9636201656996075, 97: 0.9529542283522612, 98: 1.4555157797746652, 99: 5.471775212458622}
2025-01-28 05:24:09 - WARNING  - Sum of s_i: 217.30527122683608
2025-01-28 05:24:24 - WARNING  - Shapley share: {18: -0.44999999999999984, 59: -0.44999999999999984, 62: -0.34999999999999976, 86: -0.44999999999999984, 65: -0.24999999999999967, 92: -0.15000000000000013, 50: -0.2999999999999997, 80: -0.3499999999999992, 0: -0.4499999999999993, 64: -0.39999999999999925}
2025-01-28 05:24:28 - WARNING  - Epoch:   228. Accuracy: Top-1: 78.46 | Loss: value: 0.63
2025-01-28 05:24:28 - WARNING  - Epoch 228
2025-01-28 05:24:28 - WARNING  - s_i: {0: 0.956922547855268, 1: 6.962162873161788, 2: 2.945326390071991, 3: 0.9509401523763858, 4: 3.4466446545630083, 5: 0.49008843207373154, 6: 1.4797665947230332, 7: 0.4153185621118496, 8: 0.45153847819189935, 9: 2.9667748219525, 10: 2.468219249923483, 11: 2.936709316246591, 12: 0.454648184740458, 13: 1.9541074787535457, 14: 3.460603013501162, 15: 0.9655868658853535, 16: 2.4536095052802698, 17: 2.443739011289301, 18: 0.9627204728459857, 19: 0.4502807864538658, 20: 1.9453742254656756, 21: 5.426253646703038, 22: 0.41614890591741216, 23: 1.4434801429706674, 24: 2.9298174997412474, 25: 3.9202545424915898, 26: 0.9593944527378137, 27: 0.4612005827536323, 28: 4.445335469795586, 29: 1.4877459278971947, 30: 3.944362779632471, 31: 0.4357791667357609, 32: 1.9569067265759137, 33: 0.9496596354555416, 34: 0.9671780375101617, 35: 4.9269420861550275, 36: 3.4412958081093254, 37: 3.441471497163606, 38: 0.9473498444801711, 39: 2.9505575389821344, 40: 0.44299240414595653, 41: 4.950360175207678, 42: 3.9472578000864678, 43: 3.9442696186576414, 44: 3.960418613216035, 45: 3.952058886661422, 46: 1.454657649873996, 47: 3.9756011145362775, 48: 3.9591886700904, 49: 0.9583509263492838, 50: 1.463964841760953, 51: 0.44160775090312043, 52: 3.9569917189077337, 53: 4.4252928528074005, 54: 1.9749513195205177, 55: 4.483529443361313, 56: 0.4438357035716969, 57: 2.95246685966131, 58: 3.4552780366286133, 59: 2.421758319593015, 60: 1.459929374315577, 61: 1.4603428101798586, 62: 0.4384381559430426, 63: 3.965956251225208, 64: 3.4564280792845694, 65: 0.9561649020945313, 66: 0.9595821751167761, 67: 2.9472160364790696, 68: 1.4544053109977164, 69: 5.455434219180415, 70: 0.47541867622006073, 71: 0.43675943360753494, 72: 1.463068450621807, 73: 1.4540831396853884, 74: 0.4750760838732955, 75: 0.44789334668751735, 76: 1.954135961972261, 77: 0.9470954498545447, 78: 0.4310368371784872, 79: 0.47163885188391697, 80: 0.4556299151417815, 81: 6.960467974821521, 82: 1.9517358270669036, 83: 0.9637484078673313, 84: 2.4674423407873434, 85: 1.9398360762227669, 86: 0.448072102570396, 87: 1.4482907233294062, 88: 1.9550215339557606, 89: 0.9759594717344018, 90: 2.452475770208802, 91: 0.9330627717014885, 92: 0.9642643214269531, 93: 1.4441023923077196, 94: 0.9479599257391078, 95: 2.9618006146608638, 96: 1.9636201656996075, 97: 0.9529542283522612, 98: 1.4555157797746652, 99: 5.471775212458622}
2025-01-28 05:24:28 - WARNING  - Sum of s_i: 214.80088771704555
2025-01-28 05:24:47 - WARNING  - Shapley share: {35: -0.44999999999999984, 20: -0.2999999999999997, 80: -0.5499999999999994, 82: -0.10000000000000009, 53: -0.6999999999999995, 50: -0.7499999999999996, 98: -0.2999999999999997, 1: -0.7499999999999996, 17: -0.9499999999999997, 29: -0.7499999999999996}
2025-01-28 05:24:52 - WARNING  - Epoch:   229. Accuracy: Top-1: 77.56 | Loss: value: 0.65
2025-01-28 05:24:52 - WARNING  - Epoch 229
2025-01-28 05:24:52 - WARNING  - s_i: {0: 0.956922547855268, 1: 6.962162873161788, 2: 2.945326390071991, 3: 0.9509401523763858, 4: 3.4466446545630083, 5: 0.49008843207373154, 6: 1.4797665947230332, 7: 0.4153185621118496, 8: 0.45153847819189935, 9: 2.9667748219525, 10: 2.468219249923483, 11: 2.936709316246591, 12: 0.454648184740458, 13: 1.9541074787535457, 14: 3.460603013501162, 15: 0.9655868658853535, 16: 2.4536095052802698, 17: 2.443739011289301, 18: 0.9627204728459857, 19: 0.4502807864538658, 20: 1.9453742254656756, 21: 5.426253646703038, 22: 0.41614890591741216, 23: 1.4434801429706674, 24: 2.9298174997412474, 25: 3.9202545424915898, 26: 0.9593944527378137, 27: 0.4612005827536323, 28: 4.445335469795586, 29: 1.4877459278971947, 30: 3.944362779632471, 31: 0.4357791667357609, 32: 1.9569067265759137, 33: 0.9496596354555416, 34: 0.9671780375101617, 35: 0.42264456181120735, 36: 3.4412958081093254, 37: 3.441471497163606, 38: 0.9473498444801711, 39: 2.9505575389821344, 40: 0.44299240414595653, 41: 4.950360175207678, 42: 3.9472578000864678, 43: 3.9442696186576414, 44: 3.960418613216035, 45: 3.952058886661422, 46: 1.454657649873996, 47: 3.9756011145362775, 48: 3.9591886700904, 49: 0.9583509263492838, 50: 1.463964841760953, 51: 0.44160775090312043, 52: 3.9569917189077337, 53: 4.4252928528074005, 54: 1.9749513195205177, 55: 4.483529443361313, 56: 0.4438357035716969, 57: 2.95246685966131, 58: 3.4552780366286133, 59: 2.421758319593015, 60: 1.459929374315577, 61: 1.4603428101798586, 62: 0.4384381559430426, 63: 3.965956251225208, 64: 3.4564280792845694, 65: 0.9561649020945313, 66: 0.9595821751167761, 67: 2.9472160364790696, 68: 1.4544053109977164, 69: 5.455434219180415, 70: 0.47541867622006073, 71: 0.43675943360753494, 72: 1.463068450621807, 73: 1.4540831396853884, 74: 0.4750760838732955, 75: 0.44789334668751735, 76: 1.954135961972261, 77: 0.9470954498545447, 78: 0.4310368371784872, 79: 0.47163885188391697, 80: 0.4556299151417815, 81: 6.960467974821521, 82: 0.9469094097735931, 83: 0.9637484078673313, 84: 2.4674423407873434, 85: 1.9398360762227669, 86: 0.448072102570396, 87: 1.4482907233294062, 88: 1.9550215339557606, 89: 0.9759594717344018, 90: 2.452475770208802, 91: 0.9330627717014885, 92: 0.9642643214269531, 93: 1.4441023923077196, 94: 0.9479599257391078, 95: 2.9618006146608638, 96: 1.9636201656996075, 97: 0.9529542283522612, 98: 1.4555157797746652, 99: 5.471775212458622}
2025-01-28 05:24:52 - WARNING  - Sum of s_i: 209.2917637754084
2025-01-28 05:25:10 - WARNING  - Shapley share: {47: -0.3999999999999998, 54: -0.4500000000000004, 21: -0.5499999999999999, 91: -0.15000000000000013, 88: -0.2999999999999997, 43: -0.34999999999999976, 73: -0.19999999999999962, 9: -0.5499999999999994, 14: -0.14999999999999958, 11: -0.29999999999999916}
2025-01-28 05:25:14 - WARNING  - Epoch:   230. Accuracy: Top-1: 76.52 | Loss: value: 0.67
2025-01-28 05:25:14 - WARNING  - Epoch 230
2025-01-28 05:25:14 - WARNING  - s_i: {0: 0.956922547855268, 1: 6.962162873161788, 2: 2.945326390071991, 3: 0.9509401523763858, 4: 3.4466446545630083, 5: 0.49008843207373154, 6: 1.4797665947230332, 7: 0.4153185621118496, 8: 0.45153847819189935, 9: 2.9667748219525, 10: 2.468219249923483, 11: 2.936709316246591, 12: 0.454648184740458, 13: 1.9541074787535457, 14: 1.9562255705568492, 15: 0.9655868658853535, 16: 2.4536095052802698, 17: 2.443739011289301, 18: 0.9627204728459857, 19: 0.4502807864538658, 20: 1.9453742254656756, 21: 5.426253646703038, 22: 0.41614890591741216, 23: 1.4434801429706674, 24: 2.9298174997412474, 25: 3.9202545424915898, 26: 0.9593944527378137, 27: 0.4612005827536323, 28: 4.445335469795586, 29: 1.4877459278971947, 30: 3.944362779632471, 31: 0.4357791667357609, 32: 1.9569067265759137, 33: 0.9496596354555416, 34: 0.9671780375101617, 35: 0.42264456181120735, 36: 3.4412958081093254, 37: 3.441471497163606, 38: 0.9473498444801711, 39: 2.9505575389821344, 40: 0.44299240414595653, 41: 4.950360175207678, 42: 3.9472578000864678, 43: 0.43998266624669347, 44: 3.960418613216035, 45: 3.952058886661422, 46: 1.454657649873996, 47: 3.9756011145362775, 48: 3.9591886700904, 49: 0.9583509263492838, 50: 1.463964841760953, 51: 0.44160775090312043, 52: 3.9569917189077337, 53: 4.4252928528074005, 54: 1.9749513195205177, 55: 4.483529443361313, 56: 0.4438357035716969, 57: 2.95246685966131, 58: 3.4552780366286133, 59: 2.421758319593015, 60: 1.459929374315577, 61: 1.4603428101798586, 62: 0.4384381559430426, 63: 3.965956251225208, 64: 3.4564280792845694, 65: 0.9561649020945313, 66: 0.9595821751167761, 67: 2.9472160364790696, 68: 1.4544053109977164, 69: 5.455434219180415, 70: 0.47541867622006073, 71: 0.43675943360753494, 72: 1.463068450621807, 73: 1.4540831396853884, 74: 0.4750760838732955, 75: 0.44789334668751735, 76: 1.954135961972261, 77: 0.9470954498545447, 78: 0.4310368371784872, 79: 0.47163885188391697, 80: 0.4556299151417815, 81: 6.960467974821521, 82: 0.9469094097735931, 83: 0.9637484078673313, 84: 2.4674423407873434, 85: 1.9398360762227669, 86: 0.448072102570396, 87: 1.4482907233294062, 88: 1.9550215339557606, 89: 0.9759594717344018, 90: 2.452475770208802, 91: 0.9330627717014885, 92: 0.9642643214269531, 93: 1.4441023923077196, 94: 0.9479599257391078, 95: 2.9618006146608638, 96: 1.9636201656996075, 97: 0.9529542283522612, 98: 1.4555157797746652, 99: 5.471775212458622}
2025-01-28 05:25:14 - WARNING  - Sum of s_i: 204.28309938005316
2025-01-28 05:25:19 - WARNING  - The sum of accs: 69.0
2025-01-28 05:25:19 - WARNING  - The welfare is 68.90708079229152
2025-01-28 05:25:35 - WARNING  - Shapley share: {27: 0.0, 94: 0.2500000000000002, 83: 0.050000000000000044, 19: 0.10000000000000009, 74: 0.30000000000000027, 49: -0.15000000000000013, 53: -0.20000000000000018, 28: 0.15000000000000013, 38: 0.0, 67: 0.04999999999999949}
2025-01-28 05:25:39 - WARNING  - Epoch:   231. Accuracy: Top-1: 76.55 | Loss: value: 0.67
2025-01-28 05:25:39 - WARNING  - Epoch 231
2025-01-28 05:25:39 - WARNING  - s_i: {0: 0.956922547855268, 1: 6.962162873161788, 2: 2.945326390071991, 3: 0.9509401523763858, 4: 3.4466446545630083, 5: 0.49008843207373154, 6: 1.4797665947230332, 7: 0.4153185621118496, 8: 0.45153847819189935, 9: 2.9667748219525, 10: 2.468219249923483, 11: 2.936709316246591, 12: 0.454648184740458, 13: 1.9541074787535457, 14: 1.9562255705568492, 15: 0.9655868658853535, 16: 2.4536095052802698, 17: 2.443739011289301, 18: 0.9627204728459857, 19: 1.4461375186583563, 20: 1.9453742254656756, 21: 5.426253646703038, 22: 0.41614890591741216, 23: 1.4434801429706674, 24: 2.9298174997412474, 25: 3.9202545424915898, 26: 0.9593944527378137, 27: 0.45688953639292423, 28: 5.940780092278553, 29: 1.4877459278971947, 30: 3.944362779632471, 31: 0.4357791667357609, 32: 1.9569067265759137, 33: 0.9496596354555416, 34: 0.9671780375101617, 35: 0.42264456181120735, 36: 3.4412958081093254, 37: 3.441471497163606, 38: 0.9425634667056403, 39: 2.9505575389821344, 40: 0.44299240414595653, 41: 4.950360175207678, 42: 3.9472578000864678, 43: 0.43998266624669347, 44: 3.960418613216035, 45: 3.952058886661422, 46: 1.454657649873996, 47: 3.9756011145362775, 48: 3.9591886700904, 49: 0.9583509263492838, 50: 1.463964841760953, 51: 0.44160775090312043, 52: 3.9569917189077337, 53: 2.4203123763278924, 54: 1.9749513195205177, 55: 4.483529443361313, 56: 0.4438357035716969, 57: 2.95246685966131, 58: 3.4552780366286133, 59: 2.421758319593015, 60: 1.459929374315577, 61: 1.4603428101798586, 62: 0.4384381559430426, 63: 3.965956251225208, 64: 3.4564280792845694, 65: 0.9561649020945313, 66: 0.9595821751167761, 67: 3.4431557315928396, 68: 1.4544053109977164, 69: 5.455434219180415, 70: 0.47541867622006073, 71: 0.43675943360753494, 72: 1.463068450621807, 73: 1.4540831396853884, 74: 3.4709220978521818, 75: 0.44789334668751735, 76: 1.954135961972261, 77: 0.9470954498545447, 78: 0.4310368371784872, 79: 0.47163885188391697, 80: 0.4556299151417815, 81: 6.960467974821521, 82: 0.9469094097735931, 83: 1.459216958850747, 84: 2.4674423407873434, 85: 1.9398360762227669, 86: 0.448072102570396, 87: 1.4482907233294062, 88: 1.9550215339557606, 89: 0.9759594717344018, 90: 2.452475770208802, 91: 0.9330627717014885, 92: 0.9642643214269531, 93: 1.4441023923077196, 94: 3.443623252884035, 95: 2.9618006146608638, 96: 1.9636201656996075, 97: 0.9529542283522612, 98: 1.4555157797746652, 99: 5.471775212458622}
2025-01-28 05:25:39 - WARNING  - Sum of s_i: 211.24324042134688
2025-01-28 05:25:55 - WARNING  - Shapley share: {64: 0.04999999999999949, 24: -0.09999999999999953, 39: 0.24999999999999967, 66: 0.050000000000000044, 78: 0.0, 18: 0.29999999999999916, 28: -0.3499999999999992, 53: -0.14999999999999958, 12: -0.19999999999999962, 51: 0.10000000000000009}
2025-01-28 05:26:00 - WARNING  - Epoch:   232. Accuracy: Top-1: 77.91 | Loss: value: 0.65
2025-01-28 05:26:00 - WARNING  - Epoch 232
2025-01-28 05:26:00 - WARNING  - s_i: {0: 0.956922547855268, 1: 6.962162873161788, 2: 2.945326390071991, 3: 0.9509401523763858, 4: 3.4466446545630083, 5: 0.49008843207373154, 6: 1.4797665947230332, 7: 0.4153185621118496, 8: 0.45153847819189935, 9: 2.9667748219525, 10: 2.468219249923483, 11: 2.936709316246591, 12: 0.454648184740458, 13: 1.9541074787535457, 14: 1.9562255705568492, 15: 0.9655868658853535, 16: 2.4536095052802698, 17: 2.443739011289301, 18: 3.958060531951725, 19: 1.4461375186583563, 20: 1.9453742254656756, 21: 5.426253646703038, 22: 0.41614890591741216, 23: 1.4434801429706674, 24: 1.92543109347508, 25: 3.9202545424915898, 26: 0.9593944527378137, 27: 0.45688953639292423, 28: 2.4362247147615275, 29: 1.4877459278971947, 30: 3.944362779632471, 31: 0.4357791667357609, 32: 1.9569067265759137, 33: 0.9496596354555416, 34: 0.9671780375101617, 35: 0.42264456181120735, 36: 3.4412958081093254, 37: 3.441471497163606, 38: 0.9425634667056403, 39: 5.446062769798688, 40: 0.44299240414595653, 41: 4.950360175207678, 42: 3.9472578000864678, 43: 0.43998266624669347, 44: 3.960418613216035, 45: 3.952058886661422, 46: 1.454657649873996, 47: 3.9756011145362775, 48: 3.9591886700904, 49: 0.9583509263492838, 50: 1.463964841760953, 51: 1.4374368759676304, 52: 3.9569917189077337, 53: 0.9153318998483901, 54: 1.9749513195205177, 55: 4.483529443361313, 56: 0.4438357035716969, 57: 2.95246685966131, 58: 3.4552780366286133, 59: 2.421758319593015, 60: 1.459929374315577, 61: 1.4603428101798586, 62: 0.4384381559430426, 63: 3.965956251225208, 64: 3.951586754760627, 65: 0.9561649020945313, 66: 1.4555403926284545, 67: 3.4431557315928396, 68: 1.4544053109977164, 69: 5.455434219180415, 70: 0.47541867622006073, 71: 0.43675943360753494, 72: 1.463068450621807, 73: 1.4540831396853884, 74: 3.4709220978521818, 75: 0.44789334668751735, 76: 1.954135961972261, 77: 0.9470954498545447, 78: 0.4269801805419282, 79: 0.47163885188391697, 80: 0.4556299151417815, 81: 6.960467974821521, 82: 0.9469094097735931, 83: 1.459216958850747, 84: 2.4674423407873434, 85: 1.9398360762227669, 86: 0.448072102570396, 87: 1.4482907233294062, 88: 1.9550215339557606, 89: 0.9759594717344018, 90: 2.452475770208802, 91: 0.9330627717014885, 92: 0.9642643214269531, 93: 1.4441023923077196, 94: 3.443623252884035, 95: 2.9618006146608638, 96: 1.9636201656996075, 97: 0.9529542283522612, 98: 1.4555157797746652, 99: 5.471775212458622}
2025-01-28 05:26:00 - WARNING  - Sum of s_i: 212.70305281242216
2025-01-28 05:26:16 - WARNING  - Shapley share: {86: 0.15000000000000013, 30: 0.15000000000000013, 99: -0.4999999999999999, 15: -0.09999999999999953, 0: -0.34999999999999976, 36: -0.19999999999999962, 32: -0.4499999999999993, 5: -0.19999999999999962, 88: -0.09999999999999953, 90: -0.3499999999999992}
2025-01-28 05:26:21 - WARNING  - Epoch:   233. Accuracy: Top-1: 78.11 | Loss: value: 0.64
2025-01-28 05:26:21 - WARNING  - Epoch 233
2025-01-28 05:26:21 - WARNING  - s_i: {0: 0.956922547855268, 1: 6.962162873161788, 2: 2.945326390071991, 3: 0.9509401523763858, 4: 3.4466446545630083, 5: 0.49008843207373154, 6: 1.4797665947230332, 7: 0.4153185621118496, 8: 0.45153847819189935, 9: 2.9667748219525, 10: 2.468219249923483, 11: 2.936709316246591, 12: 0.454648184740458, 13: 1.9541074787535457, 14: 1.9562255705568492, 15: 0.9655868658853535, 16: 2.4536095052802698, 17: 2.443739011289301, 18: 3.958060531951725, 19: 1.4461375186583563, 20: 1.9453742254656756, 21: 5.426253646703038, 22: 0.41614890591741216, 23: 1.4434801429706674, 24: 1.92543109347508, 25: 3.9202545424915898, 26: 0.9593944527378137, 27: 0.45688953639292423, 28: 2.4362247147615275, 29: 1.4877459278971947, 30: 5.439726344601845, 31: 0.4357791667357609, 32: 1.9569067265759137, 33: 0.9496596354555416, 34: 0.9671780375101617, 35: 0.42264456181120735, 36: 1.4364037921184396, 37: 3.441471497163606, 38: 0.9425634667056403, 39: 5.446062769798688, 40: 0.44299240414595653, 41: 4.950360175207678, 42: 3.9472578000864678, 43: 0.43998266624669347, 44: 3.960418613216035, 45: 3.952058886661422, 46: 1.454657649873996, 47: 3.9756011145362775, 48: 3.9591886700904, 49: 0.9583509263492838, 50: 1.463964841760953, 51: 1.4374368759676304, 52: 3.9569917189077337, 53: 0.9153318998483901, 54: 1.9749513195205177, 55: 4.483529443361313, 56: 0.4438357035716969, 57: 2.95246685966131, 58: 3.4552780366286133, 59: 2.421758319593015, 60: 1.459929374315577, 61: 1.4603428101798586, 62: 0.4384381559430426, 63: 3.965956251225208, 64: 3.951586754760627, 65: 0.9561649020945313, 66: 1.4555403926284545, 67: 3.4431557315928396, 68: 1.4544053109977164, 69: 5.455434219180415, 70: 0.47541867622006073, 71: 0.43675943360753494, 72: 1.463068450621807, 73: 1.4540831396853884, 74: 3.4709220978521818, 75: 0.44789334668751735, 76: 1.954135961972261, 77: 0.9470954498545447, 78: 0.4269801805419282, 79: 0.47163885188391697, 80: 0.4556299151417815, 81: 6.960467974821521, 82: 0.9469094097735931, 83: 1.459216958850747, 84: 2.4674423407873434, 85: 1.9398360762227669, 86: 1.943744777784597, 87: 1.4482907233294062, 88: 0.9500239266175168, 89: 0.9759594717344018, 90: 2.452475770208802, 91: 0.9330627717014885, 92: 0.9642643214269531, 93: 1.4441023923077196, 94: 3.443623252884035, 95: 2.9618006146608638, 96: 1.9636201656996075, 97: 0.9529542283522612, 98: 1.4555157797746652, 99: 0.4670710812017287}
2025-01-28 05:26:21 - WARNING  - Sum of s_i: 207.6794952980197
2025-01-28 05:26:38 - WARNING  - Shapley share: {13: 0.20000000000000018, 93: -0.10000000000000009, 31: 0.10000000000000009, 62: 0.10000000000000009, 45: 0.15000000000000013, 43: 0.0, 10: 0.24999999999999967, 9: 0.09999999999999953, 41: -0.050000000000000044, 82: -5.551115123125783e-16}
2025-01-28 05:26:43 - WARNING  - Epoch:   234. Accuracy: Top-1: 77.98 | Loss: value: 0.63
2025-01-28 05:26:43 - WARNING  - Epoch 234
2025-01-28 05:26:43 - WARNING  - s_i: {0: 0.956922547855268, 1: 6.962162873161788, 2: 2.945326390071991, 3: 0.9509401523763858, 4: 3.4466446545630083, 5: 0.49008843207373154, 6: 1.4797665947230332, 7: 0.4153185621118496, 8: 0.45153847819189935, 9: 3.962028367945708, 10: 4.963679142769692, 11: 2.936709316246591, 12: 0.454648184740458, 13: 3.9495182266289004, 14: 1.9562255705568492, 15: 0.9655868658853535, 16: 2.4536095052802698, 17: 2.443739011289301, 18: 3.958060531951725, 19: 1.4461375186583563, 20: 1.9453742254656756, 21: 5.426253646703038, 22: 0.41614890591741216, 23: 1.4434801429706674, 24: 1.92543109347508, 25: 3.9202545424915898, 26: 0.9593944527378137, 27: 0.45688953639292423, 28: 2.4362247147615275, 29: 1.4877459278971947, 30: 5.439726344601845, 31: 1.4308391026385125, 32: 1.9569067265759137, 33: 0.9496596354555416, 34: 0.9671780375101617, 35: 0.42264456181120735, 36: 1.4364037921184396, 37: 3.441471497163606, 38: 0.9425634667056403, 39: 5.446062769798688, 40: 0.44299240414595653, 41: 4.4453961927284436, 42: 3.9472578000864678, 43: 0.43569571383574335, 44: 3.960418613216035, 45: 5.447700603630643, 46: 1.454657649873996, 47: 3.9756011145362775, 48: 3.9591886700904, 49: 0.9583509263492838, 50: 1.463964841760953, 51: 1.4374368759676304, 52: 3.9569917189077337, 53: 0.9153318998483901, 54: 1.9749513195205177, 55: 4.483529443361313, 56: 0.4438357035716969, 57: 2.95246685966131, 58: 3.4552780366286133, 59: 2.421758319593015, 60: 1.459929374315577, 61: 1.4603428101798586, 62: 1.434040881367545, 63: 3.965956251225208, 64: 3.951586754760627, 65: 0.9561649020945313, 66: 1.4555403926284545, 67: 3.4431557315928396, 68: 1.4544053109977164, 69: 5.455434219180415, 70: 0.47541867622006073, 71: 0.43675943360753494, 72: 1.463068450621807, 73: 1.4540831396853884, 74: 3.4709220978521818, 75: 0.44789334668751735, 76: 1.954135961972261, 77: 0.9470954498545447, 78: 0.4269801805419282, 79: 0.47163885188391697, 80: 0.4556299151417815, 81: 6.960467974821521, 82: 0.9420829924802778, 83: 1.459216958850747, 84: 2.4674423407873434, 85: 1.9398360762227669, 86: 1.943744777784597, 87: 1.4482907233294062, 88: 0.9500239266175168, 89: 0.9759594717344018, 90: 2.452475770208802, 91: 0.9330627717014885, 92: 0.9642643214269531, 93: 0.4394442583333613, 94: 3.443623252884035, 95: 2.9618006146608638, 96: 1.9636201656996075, 97: 0.9529542283522612, 98: 1.4555157797746652, 99: 0.4670710812017287}
2025-01-28 05:26:43 - WARNING  - Sum of s_i: 215.1331883768731
2025-01-28 05:27:00 - WARNING  - Shapley share: {10: 0.4999999999999999, 31: 0.5499999999999999, 20: 0.39999999999999925, 27: 0.6499999999999995, 60: 0.7499999999999996, 34: 0.10000000000000009, 86: 0.0, 61: 0.6999999999999995, 30: -0.30000000000000027, 45: -0.34999999999999976}
2025-01-28 05:27:04 - WARNING  - Epoch:   235. Accuracy: Top-1: 78.69 | Loss: value: 0.62
2025-01-28 05:27:04 - WARNING  - Epoch 235
2025-01-28 05:27:04 - WARNING  - s_i: {0: 0.956922547855268, 1: 6.962162873161788, 2: 2.945326390071991, 3: 0.9509401523763858, 4: 3.4466446545630083, 5: 0.49008843207373154, 6: 1.4797665947230332, 7: 0.4153185621118496, 8: 0.45153847819189935, 9: 3.962028367945708, 10: 4.963679142769692, 11: 2.936709316246591, 12: 0.454648184740458, 13: 3.9495182266289004, 14: 1.9562255705568492, 15: 0.9655868658853535, 16: 2.4536095052802698, 17: 2.443739011289301, 18: 3.958060531951725, 19: 1.4461375186583563, 20: 5.940822077587807, 21: 5.426253646703038, 22: 0.41614890591741216, 23: 1.4434801429706674, 24: 1.92543109347508, 25: 3.9202545424915898, 26: 0.9593944527378137, 27: 6.952578490032211, 28: 2.4362247147615275, 29: 1.4877459278971947, 30: 2.435089909571215, 31: 6.925899038541263, 32: 1.9569067265759137, 33: 0.9496596354555416, 34: 1.9624891857258995, 35: 0.42264456181120735, 36: 1.4364037921184396, 37: 3.441471497163606, 38: 0.9425634667056403, 39: 5.446062769798688, 40: 0.44299240414595653, 41: 4.4453961927284436, 42: 3.9472578000864678, 43: 0.43569571383574335, 44: 3.960418613216035, 45: 1.9433423205998648, 46: 1.454657649873996, 47: 3.9756011145362775, 48: 3.9591886700904, 49: 0.9583509263492838, 50: 1.463964841760953, 51: 1.4374368759676304, 52: 3.9569917189077337, 53: 0.9153318998483901, 54: 1.9749513195205177, 55: 4.483529443361313, 56: 0.4438357035716969, 57: 2.95246685966131, 58: 3.4552780366286133, 59: 2.421758319593015, 60: 1.459929374315577, 61: 1.4603428101798586, 62: 1.434040881367545, 63: 3.965956251225208, 64: 3.951586754760627, 65: 0.9561649020945313, 66: 1.4555403926284545, 67: 3.4431557315928396, 68: 1.4544053109977164, 69: 5.455434219180415, 70: 0.47541867622006073, 71: 0.43675943360753494, 72: 1.463068450621807, 73: 1.4540831396853884, 74: 3.4709220978521818, 75: 0.44789334668751735, 76: 1.954135961972261, 77: 0.9470954498545447, 78: 0.4269801805419282, 79: 0.47163885188391697, 80: 0.4556299151417815, 81: 6.960467974821521, 82: 0.9420829924802778, 83: 1.459216958850747, 84: 2.4674423407873434, 85: 1.9398360762227669, 86: 1.9394174529987969, 87: 1.4482907233294062, 88: 0.9500239266175168, 89: 0.9759594717344018, 90: 2.452475770208802, 91: 0.9330627717014885, 92: 0.9642643214269531, 93: 0.4394442583333613, 94: 3.443623252884035, 95: 2.9618006146608638, 96: 1.9636201656996075, 97: 0.9529542283522612, 98: 1.4555157797746652, 99: 0.4670710812017287}
2025-01-28 05:27:04 - WARNING  - Sum of s_i: 225.6013742239058
2025-01-28 05:27:20 - WARNING  - Shapley share: {17: -0.050000000000000044, 16: 0.04999999999999949, 88: 0.04999999999999949, 43: 0.0500000000000006, 22: 0.0, 77: 0.10000000000000009, 69: 0.050000000000000044, 72: 0.050000000000000044, 23: 0.20000000000000018, 19: 0.10000000000000009}
2025-01-28 05:27:25 - WARNING  - Epoch:   236. Accuracy: Top-1: 77.94 | Loss: value: 0.65
2025-01-28 05:27:25 - WARNING  - Epoch 236
2025-01-28 05:27:25 - WARNING  - s_i: {0: 0.956922547855268, 1: 6.962162873161788, 2: 2.945326390071991, 3: 0.9509401523763858, 4: 3.4466446545630083, 5: 0.49008843207373154, 6: 1.4797665947230332, 7: 0.4153185621118496, 8: 0.45153847819189935, 9: 3.962028367945708, 10: 4.963679142769692, 11: 2.936709316246591, 12: 0.454648184740458, 13: 3.9495182266289004, 14: 1.9562255705568492, 15: 0.9655868658853535, 16: 2.9493921875784714, 17: 1.9397203692385356, 18: 3.958060531951725, 19: 2.4419942508628467, 20: 5.940822077587807, 21: 5.426253646703038, 22: 0.41121648861843596, 23: 3.4387701548848897, 24: 1.92543109347508, 25: 3.9202545424915898, 26: 0.9593944527378137, 27: 6.952578490032211, 28: 2.4362247147615275, 29: 1.4877459278971947, 30: 2.435089909571215, 31: 6.925899038541263, 32: 1.9569067265759137, 33: 0.9496596354555416, 34: 1.9624891857258995, 35: 0.42264456181120735, 36: 1.4364037921184396, 37: 3.441471497163606, 38: 0.9425634667056403, 39: 5.446062769798688, 40: 0.44299240414595653, 41: 4.4453961927284436, 42: 3.9472578000864678, 43: 0.9314087614247992, 44: 3.960418613216035, 45: 1.9433423205998648, 46: 1.454657649873996, 47: 3.9756011145362775, 48: 3.9591886700904, 49: 0.9583509263492838, 50: 1.463964841760953, 51: 1.4374368759676304, 52: 3.9569917189077337, 53: 0.9153318998483901, 54: 1.9749513195205177, 55: 4.483529443361313, 56: 0.4438357035716969, 57: 2.95246685966131, 58: 3.4552780366286133, 59: 2.421758319593015, 60: 1.459929374315577, 61: 1.4603428101798586, 62: 1.434040881367545, 63: 3.965956251225208, 64: 3.951586754760627, 65: 0.9561649020945313, 66: 1.4555403926284545, 67: 3.4431557315928396, 68: 1.4544053109977164, 69: 5.951382784560453, 70: 0.47541867622006073, 71: 0.43675943360753494, 72: 1.958452006949532, 73: 1.4540831396853884, 74: 3.4709220978521818, 75: 0.44789334668751735, 76: 1.954135961972261, 77: 1.9422859452958687, 78: 0.4269801805419282, 79: 0.47163885188391697, 80: 0.4556299151417815, 81: 6.960467974821521, 82: 0.9420829924802778, 83: 1.459216958850747, 84: 2.4674423407873434, 85: 1.9398360762227669, 86: 1.9394174529987969, 87: 1.4482907233294062, 88: 1.4450263192792632, 89: 0.9759594717344018, 90: 2.452475770208802, 91: 0.9330627717014885, 92: 0.9642643214269531, 93: 0.4394442583333613, 94: 3.443623252884035, 95: 2.9618006146608638, 96: 1.9636201656996075, 97: 0.9529542283522612, 98: 1.4555157797746652, 99: 0.4670710812017287}
2025-01-28 05:27:25 - WARNING  - Sum of s_i: 231.55659064837286
2025-01-28 05:27:42 - WARNING  - Shapley share: {71: 0.10000000000000009, 51: 0.30000000000000027, 76: 0.050000000000000044, 19: 0.14999999999999958, 66: 0.15000000000000013, 21: -0.050000000000000044, 40: 0.050000000000000044, 65: 0.050000000000000044, 85: 0.20000000000000018, 30: 0.0}
2025-01-28 05:27:47 - WARNING  - Epoch:   237. Accuracy: Top-1: 78.25 | Loss: value: 0.63
2025-01-28 05:27:47 - WARNING  - Epoch 237
2025-01-28 05:27:47 - WARNING  - s_i: {0: 0.956922547855268, 1: 6.962162873161788, 2: 2.945326390071991, 3: 0.9509401523763858, 4: 3.4466446545630083, 5: 0.49008843207373154, 6: 1.4797665947230332, 7: 0.4153185621118496, 8: 0.45153847819189935, 9: 3.962028367945708, 10: 4.963679142769692, 11: 2.936709316246591, 12: 0.454648184740458, 13: 3.9495182266289004, 14: 1.9562255705568492, 15: 0.9655868658853535, 16: 2.9493921875784714, 17: 1.9397203692385356, 18: 3.958060531951725, 19: 3.937850983067332, 20: 5.940822077587807, 21: 4.921337223149906, 22: 0.41121648861843596, 23: 3.4387701548848897, 24: 1.92543109347508, 25: 3.9202545424915898, 26: 0.9593944527378137, 27: 6.952578490032211, 28: 2.4362247147615275, 29: 1.4877459278971947, 30: 2.4304534745405872, 31: 6.925899038541263, 32: 1.9569067265759137, 33: 0.9496596354555416, 34: 1.9624891857258995, 35: 0.42264456181120735, 36: 1.4364037921184396, 37: 3.441471497163606, 38: 0.9425634667056403, 39: 5.446062769798688, 40: 0.9389204330135256, 41: 4.4453961927284436, 42: 3.9472578000864678, 43: 0.9314087614247992, 44: 3.960418613216035, 45: 1.9433423205998648, 46: 1.454657649873996, 47: 3.9756011145362775, 48: 3.9591886700904, 49: 0.9583509263492838, 50: 1.463964841760953, 51: 4.433266001032143, 52: 3.9569917189077337, 53: 0.9153318998483901, 54: 1.9749513195205177, 55: 4.483529443361313, 56: 0.4438357035716969, 57: 2.95246685966131, 58: 3.4552780366286133, 59: 2.421758319593015, 60: 1.459929374315577, 61: 1.4603428101798586, 62: 1.434040881367545, 63: 3.965956251225208, 64: 3.951586754760627, 65: 1.4517813923039844, 66: 2.951498610140134, 67: 3.4431557315928396, 68: 1.4544053109977164, 69: 5.951382784560453, 70: 0.47541867622006073, 71: 1.4318947746542694, 72: 1.958452006949532, 73: 1.4540831396853884, 74: 3.4709220978521818, 75: 0.44789334668751735, 76: 2.4495495581694877, 77: 1.9422859452958687, 78: 0.4269801805419282, 79: 0.47163885188391697, 80: 0.4556299151417815, 81: 6.960467974821521, 82: 0.9420829924802778, 83: 1.459216958850747, 84: 2.4674423407873434, 85: 3.935208082086059, 86: 1.9394174529987969, 87: 1.4482907233294062, 88: 1.4450263192792632, 89: 0.9759594717344018, 90: 2.452475770208802, 91: 0.9330627717014885, 92: 0.9642643214269531, 93: 0.4394442583333613, 94: 3.443623252884035, 95: 2.9618006146608638, 96: 1.9636201656996075, 97: 0.9529542283522612, 98: 1.4555157797746652, 99: 0.4670710812017287}
2025-01-28 05:27:47 - WARNING  - Sum of s_i: 241.51214732675405
2025-01-28 05:28:04 - WARNING  - Shapley share: {1: -0.14999999999999958, 11: -0.050000000000000044, 58: 0.0, 40: -0.04999999999999949, 87: -0.2999999999999997, 71: -0.2999999999999997, 5: -0.24999999999999967, 64: -0.6499999999999995, 15: -0.24999999999999967, 42: -0.14999999999999958}
2025-01-28 05:28:08 - WARNING  - Epoch:   238. Accuracy: Top-1: 77.55 | Loss: value: 0.65
2025-01-28 05:28:08 - WARNING  - Epoch 238
2025-01-28 05:28:08 - WARNING  - s_i: {0: 0.956922547855268, 1: 5.457433232307016, 2: 2.945326390071991, 3: 0.9509401523763858, 4: 3.4466446545630083, 5: 0.49008843207373154, 6: 1.4797665947230332, 7: 0.4153185621118496, 8: 0.45153847819189935, 9: 3.962028367945708, 10: 4.963679142769692, 11: 2.432188553121348, 12: 0.454648184740458, 13: 3.9495182266289004, 14: 1.9562255705568492, 15: 0.9655868658853535, 16: 2.9493921875784714, 17: 1.9397203692385356, 18: 3.958060531951725, 19: 3.937850983067332, 20: 5.940822077587807, 21: 4.921337223149906, 22: 0.41121648861843596, 23: 3.4387701548848897, 24: 1.92543109347508, 25: 3.9202545424915898, 26: 0.9593944527378137, 27: 6.952578490032211, 28: 2.4362247147615275, 29: 1.4877459278971947, 30: 2.4304534745405872, 31: 6.925899038541263, 32: 1.9569067265759137, 33: 0.9496596354555416, 34: 1.9624891857258995, 35: 0.42264456181120735, 36: 1.4364037921184396, 37: 3.441471497163606, 38: 0.9425634667056403, 39: 5.446062769798688, 40: 0.43484846188109927, 41: 4.4453961927284436, 42: 2.442862616760344, 43: 0.9314087614247992, 44: 3.960418613216035, 45: 1.9433423205998648, 46: 1.454657649873996, 47: 3.9756011145362775, 48: 3.9591886700904, 49: 0.9583509263492838, 50: 1.463964841760953, 51: 4.433266001032143, 52: 3.9569917189077337, 53: 0.9153318998483901, 54: 1.9749513195205177, 55: 4.483529443361313, 56: 0.4438357035716969, 57: 2.95246685966131, 58: 3.450308929587348, 59: 2.421758319593015, 60: 1.459929374315577, 61: 1.4603428101798586, 62: 1.434040881367545, 63: 3.965956251225208, 64: 3.951586754760627, 65: 1.4517813923039844, 66: 2.951498610140134, 67: 3.4431557315928396, 68: 1.4544053109977164, 69: 5.951382784560453, 70: 0.47541867622006073, 71: 1.4318947746542694, 72: 1.958452006949532, 73: 1.4540831396853884, 74: 3.4709220978521818, 75: 0.44789334668751735, 76: 2.4495495581694877, 77: 1.9422859452958687, 78: 0.4269801805419282, 79: 0.47163885188391697, 80: 0.4556299151417815, 81: 6.960467974821521, 82: 0.9420829924802778, 83: 1.459216958850747, 84: 2.4674423407873434, 85: 3.935208082086059, 86: 1.9394174529987969, 87: 1.4482907233294062, 88: 1.4450263192792632, 89: 0.9759594717344018, 90: 2.452475770208802, 91: 0.9330627717014885, 92: 0.9642643214269531, 93: 0.4394442583333613, 94: 3.443623252884035, 95: 2.9618006146608638, 96: 1.9636201656996075, 97: 0.9529542283522612, 98: 1.4555157797746652, 99: 0.4670710812017287}
2025-01-28 05:28:08 - WARNING  - Sum of s_i: 237.48946066127422
2025-01-28 05:28:25 - WARNING  - Shapley share: {8: -0.2500000000000002, 37: 0.15000000000000013, 99: 0.30000000000000027, 40: 0.2500000000000002, 10: -0.10000000000000009, 24: 0.10000000000000009, 51: 0.15000000000000013, 77: 0.15000000000000013, 87: -0.050000000000000044, 71: -0.3500000000000003}
2025-01-28 05:28:29 - WARNING  - Epoch:   239. Accuracy: Top-1: 78.33 | Loss: value: 0.62
2025-01-28 05:28:29 - WARNING  - Epoch 239
2025-01-28 05:28:29 - WARNING  - s_i: {0: 0.956922547855268, 1: 5.457433232307016, 2: 2.945326390071991, 3: 0.9509401523763858, 4: 3.4466446545630083, 5: 0.49008843207373154, 6: 1.4797665947230332, 7: 0.4153185621118496, 8: 0.45153847819189935, 9: 3.962028367945708, 10: 3.9591390356159035, 11: 2.432188553121348, 12: 0.454648184740458, 13: 3.9495182266289004, 14: 1.9562255705568492, 15: 0.9655868658853535, 16: 2.9493921875784714, 17: 1.9397203692385356, 18: 3.958060531951725, 19: 3.937850983067332, 20: 5.940822077587807, 21: 4.921337223149906, 22: 0.41121648861843596, 23: 3.4387701548848897, 24: 2.9210446872089086, 25: 3.9202545424915898, 26: 0.9593944527378137, 27: 6.952578490032211, 28: 2.4362247147615275, 29: 1.4877459278971947, 30: 2.4304534745405872, 31: 6.925899038541263, 32: 1.9569067265759137, 33: 0.9496596354555416, 34: 1.9624891857258995, 35: 0.42264456181120735, 36: 1.4364037921184396, 37: 4.936969304637731, 38: 0.9425634667056403, 39: 5.446062769798688, 40: 2.93077649074867, 41: 4.4453961927284436, 42: 2.442862616760344, 43: 0.9314087614247992, 44: 3.960418613216035, 45: 1.9433423205998648, 46: 1.454657649873996, 47: 3.9756011145362775, 48: 3.9591886700904, 49: 0.9583509263492838, 50: 1.463964841760953, 51: 5.929095126096653, 52: 3.9569917189077337, 53: 0.9153318998483901, 54: 1.9749513195205177, 55: 4.483529443361313, 56: 0.4438357035716969, 57: 2.95246685966131, 58: 3.450308929587348, 59: 2.421758319593015, 60: 1.459929374315577, 61: 1.4603428101798586, 62: 1.434040881367545, 63: 3.965956251225208, 64: 3.951586754760627, 65: 1.4517813923039844, 66: 2.951498610140134, 67: 3.4431557315928396, 68: 1.4544053109977164, 69: 5.951382784560453, 70: 0.47541867622006073, 71: 1.4318947746542694, 72: 1.958452006949532, 73: 1.4540831396853884, 74: 3.4709220978521818, 75: 0.44789334668751735, 76: 2.4495495581694877, 77: 3.437476440737193, 78: 0.4269801805419282, 79: 0.47163885188391697, 80: 0.4556299151417815, 81: 6.960467974821521, 82: 0.9420829924802778, 83: 1.459216958850747, 84: 2.4674423407873434, 85: 3.935208082086059, 86: 1.9394174529987969, 87: 0.9435898799957151, 88: 1.4450263192792632, 89: 0.9759594717344018, 90: 2.452475770208802, 91: 0.9330627717014885, 92: 0.9642643214269531, 93: 0.4394442583333613, 94: 3.443623252884035, 95: 2.9618006146608638, 96: 1.9636201656996075, 97: 0.9529542283522612, 98: 1.4555157797746652, 99: 3.462366949944836}
2025-01-28 05:28:29 - WARNING  - Sum of s_i: 246.9535746301112
2025-01-28 05:28:48 - WARNING  - Shapley share: {63: -0.050000000000000044, 46: -0.3999999999999998, 30: 0.30000000000000027, 61: -0.2500000000000002, 33: -0.20000000000000018, 10: -0.4500000000000004, 62: -0.44999999999999984, 82: -0.4999999999999999, 47: -0.44999999999999984, 81: -0.5999999999999994}
2025-01-28 05:28:52 - WARNING  - Epoch:   240. Accuracy: Top-1: 78.66 | Loss: value: 0.62
2025-01-28 05:28:52 - WARNING  - Epoch 240
2025-01-28 05:28:52 - WARNING  - s_i: {0: 0.956922547855268, 1: 5.457433232307016, 2: 2.945326390071991, 3: 0.9509401523763858, 4: 3.4466446545630083, 5: 0.49008843207373154, 6: 1.4797665947230332, 7: 0.4153185621118496, 8: 0.45153847819189935, 9: 3.962028367945708, 10: 3.9591390356159035, 11: 2.432188553121348, 12: 0.454648184740458, 13: 3.9495182266289004, 14: 1.9562255705568492, 15: 0.9655868658853535, 16: 2.9493921875784714, 17: 1.9397203692385356, 18: 3.958060531951725, 19: 3.937850983067332, 20: 5.940822077587807, 21: 4.921337223149906, 22: 0.41121648861843596, 23: 3.4387701548848897, 24: 2.9210446872089086, 25: 3.9202545424915898, 26: 0.9593944527378137, 27: 6.952578490032211, 28: 2.4362247147615275, 29: 1.4877459278971947, 30: 5.425817039509962, 31: 6.925899038541263, 32: 1.9569067265759137, 33: 0.9496596354555416, 34: 1.9624891857258995, 35: 0.42264456181120735, 36: 1.4364037921184396, 37: 4.936969304637731, 38: 0.9425634667056403, 39: 5.446062769798688, 40: 2.93077649074867, 41: 4.4453961927284436, 42: 2.442862616760344, 43: 0.9314087614247992, 44: 3.960418613216035, 45: 1.9433423205998648, 46: 1.454657649873996, 47: 3.9756011145362775, 48: 3.9591886700904, 49: 0.9583509263492838, 50: 1.463964841760953, 51: 5.929095126096653, 52: 3.9569917189077337, 53: 0.9153318998483901, 54: 1.9749513195205177, 55: 4.483529443361313, 56: 0.4438357035716969, 57: 2.95246685966131, 58: 3.450308929587348, 59: 2.421758319593015, 60: 1.459929374315577, 61: 1.4603428101798586, 62: 1.434040881367545, 63: 3.461092858543095, 64: 3.951586754760627, 65: 1.4517813923039844, 66: 2.951498610140134, 67: 3.4431557315928396, 68: 1.4544053109977164, 69: 5.951382784560453, 70: 0.47541867622006073, 71: 1.4318947746542694, 72: 1.958452006949532, 73: 1.4540831396853884, 74: 3.4709220978521818, 75: 0.44789334668751735, 76: 2.4495495581694877, 77: 3.437476440737193, 78: 0.4269801805419282, 79: 0.47163885188391697, 80: 0.4556299151417815, 81: 0.9560755275794737, 82: 0.9420829924802778, 83: 1.459216958850747, 84: 2.4674423407873434, 85: 3.935208082086059, 86: 1.9394174529987969, 87: 0.9435898799957151, 88: 1.4450263192792632, 89: 0.9759594717344018, 90: 2.452475770208802, 91: 0.9330627717014885, 92: 0.9642643214269531, 93: 0.4394442583333613, 94: 3.443623252884035, 95: 2.9618006146608638, 96: 1.9636201656996075, 97: 0.9529542283522612, 98: 1.4555157797746652, 99: 3.462366949944836}
2025-01-28 05:28:52 - WARNING  - Sum of s_i: 243.4396823551564
2025-01-28 05:28:57 - WARNING  - The sum of accs: 72.0
2025-01-28 05:28:57 - WARNING  - The welfare is 71.89000703900287
2025-01-28 05:29:14 - WARNING  - Shapley share: {57: -0.15000000000000013, 3: -0.30000000000000027, 4: -0.30000000000000027, 25: -0.050000000000000044, 64: -0.5499999999999999, 91: -0.5000000000000004, 7: -0.20000000000000018, 14: -0.2500000000000002, 22: -0.3500000000000003, 58: -0.3999999999999998}
2025-01-28 05:29:18 - WARNING  - Epoch:   241. Accuracy: Top-1: 78.02 | Loss: value: 0.63
2025-01-28 05:29:18 - WARNING  - Epoch 241
2025-01-28 05:29:18 - WARNING  - s_i: {0: 0.956922547855268, 1: 5.457433232307016, 2: 2.945326390071991, 3: 0.9509401523763858, 4: 0.4417941686141882, 5: 0.49008843207373154, 6: 1.4797665947230332, 7: 0.4153185621118496, 8: 0.45153847819189935, 9: 3.962028367945708, 10: 3.9591390356159035, 11: 2.432188553121348, 12: 0.454648184740458, 13: 3.9495182266289004, 14: 1.9562255705568492, 15: 0.9655868658853535, 16: 2.9493921875784714, 17: 1.9397203692385356, 18: 3.958060531951725, 19: 3.937850983067332, 20: 5.940822077587807, 21: 4.921337223149906, 22: 0.41121648861843596, 23: 3.4387701548848897, 24: 2.9210446872089086, 25: 3.4152704513973133, 26: 0.9593944527378137, 27: 6.952578490032211, 28: 2.4362247147615275, 29: 1.4877459278971947, 30: 5.425817039509962, 31: 6.925899038541263, 32: 1.9569067265759137, 33: 0.9496596354555416, 34: 1.9624891857258995, 35: 0.42264456181120735, 36: 1.4364037921184396, 37: 4.936969304637731, 38: 0.9425634667056403, 39: 5.446062769798688, 40: 2.93077649074867, 41: 4.4453961927284436, 42: 2.442862616760344, 43: 0.9314087614247992, 44: 3.960418613216035, 45: 1.9433423205998648, 46: 1.454657649873996, 47: 3.9756011145362775, 48: 3.9591886700904, 49: 0.9583509263492838, 50: 1.463964841760953, 51: 5.929095126096653, 52: 3.9569917189077337, 53: 0.9153318998483901, 54: 1.9749513195205177, 55: 4.483529443361313, 56: 0.4438357035716969, 57: 1.4477135456274386, 58: 3.450308929587348, 59: 2.421758319593015, 60: 1.459929374315577, 61: 1.4603428101798586, 62: 1.434040881367545, 63: 3.461092858543095, 64: 3.951586754760627, 65: 1.4517813923039844, 66: 2.951498610140134, 67: 3.4431557315928396, 68: 1.4544053109977164, 69: 5.951382784560453, 70: 0.47541867622006073, 71: 1.4318947746542694, 72: 1.958452006949532, 73: 1.4540831396853884, 74: 3.4709220978521818, 75: 0.44789334668751735, 76: 2.4495495581694877, 77: 3.437476440737193, 78: 0.4269801805419282, 79: 0.47163885188391697, 80: 0.4556299151417815, 81: 0.9560755275794737, 82: 0.9420829924802778, 83: 1.459216958850747, 84: 2.4674423407873434, 85: 3.935208082086059, 86: 1.9394174529987969, 87: 0.9435898799957151, 88: 1.4450263192792632, 89: 0.9759594717344018, 90: 2.452475770208802, 91: 0.9330627717014885, 92: 0.9642643214269531, 93: 0.4394442583333613, 94: 3.443623252884035, 95: 2.9618006146608638, 96: 1.9636201656996075, 97: 0.9529542283522612, 98: 1.4555157797746652, 99: 3.462366949944836}
2025-01-28 05:29:18 - WARNING  - Sum of s_i: 238.42509446407945
2025-01-28 05:29:36 - WARNING  - Shapley share: {78: 0.10000000000000009, 92: 0.10000000000000009, 24: 0.050000000000000044, 27: -0.7000000000000001, 39: -0.5499999999999999, 86: -0.6500000000000006, 26: -0.8499999999999996, 73: -0.2999999999999997, 55: -1.3999999999999995, 19: -1.3}
2025-01-28 05:29:41 - WARNING  - Epoch:   242. Accuracy: Top-1: 76.25 | Loss: value: 0.70
2025-01-28 05:29:41 - WARNING  - Epoch 242
2025-01-28 05:29:41 - WARNING  - s_i: {0: 0.956922547855268, 1: 5.457433232307016, 2: 2.945326390071991, 3: 0.9509401523763858, 4: 0.4417941686141882, 5: 0.49008843207373154, 6: 1.4797665947230332, 7: 0.4153185621118496, 8: 0.45153847819189935, 9: 3.962028367945708, 10: 3.9591390356159035, 11: 2.432188553121348, 12: 0.454648184740458, 13: 3.9495182266289004, 14: 1.9562255705568492, 15: 0.9655868658853535, 16: 2.9493921875784714, 17: 1.9397203692385356, 18: 3.958060531951725, 19: 3.937850983067332, 20: 5.940822077587807, 21: 4.921337223149906, 22: 0.41121648861843596, 23: 3.4387701548848897, 24: 3.416658280942737, 25: 3.4152704513973133, 26: 0.9593944527378137, 27: 6.952578490032211, 28: 2.4362247147615275, 29: 1.4877459278971947, 30: 5.425817039509962, 31: 6.925899038541263, 32: 1.9569067265759137, 33: 0.9496596354555416, 34: 1.9624891857258995, 35: 0.42264456181120735, 36: 1.4364037921184396, 37: 4.936969304637731, 38: 0.9425634667056403, 39: 5.446062769798688, 40: 2.93077649074867, 41: 4.4453961927284436, 42: 2.442862616760344, 43: 0.9314087614247992, 44: 3.960418613216035, 45: 1.9433423205998648, 46: 1.454657649873996, 47: 3.9756011145362775, 48: 3.9591886700904, 49: 0.9583509263492838, 50: 1.463964841760953, 51: 5.929095126096653, 52: 3.9569917189077337, 53: 0.9153318998483901, 54: 1.9749513195205177, 55: 4.483529443361313, 56: 0.4438357035716969, 57: 1.4477135456274386, 58: 3.450308929587348, 59: 2.421758319593015, 60: 1.459929374315577, 61: 1.4603428101798586, 62: 1.434040881367545, 63: 3.461092858543095, 64: 3.951586754760627, 65: 1.4517813923039844, 66: 2.951498610140134, 67: 3.4431557315928396, 68: 1.4544053109977164, 69: 5.951382784560453, 70: 0.47541867622006073, 71: 1.4318947746542694, 72: 1.958452006949532, 73: 1.4540831396853884, 74: 3.4709220978521818, 75: 0.44789334668751735, 76: 2.4495495581694877, 77: 3.437476440737193, 78: 1.4229235239053701, 79: 0.47163885188391697, 80: 0.4556299151417815, 81: 0.9560755275794737, 82: 0.9420829924802778, 83: 1.459216958850747, 84: 2.4674423407873434, 85: 3.935208082086059, 86: 1.9394174529987969, 87: 0.9435898799957151, 88: 1.4450263192792632, 89: 0.9759594717344018, 90: 2.452475770208802, 91: 0.9330627717014885, 92: 1.9597973616053244, 93: 0.4394442583333613, 94: 3.443623252884035, 95: 2.9618006146608638, 96: 1.9636201656996075, 97: 0.9529542283522612, 98: 1.4555157797746652, 99: 3.462366949944836}
2025-01-28 05:29:41 - WARNING  - Sum of s_i: 240.9121844413551
2025-01-28 05:29:58 - WARNING  - Shapley share: {42: 0.0, 98: -0.04999999999999949, 84: 0.0, 45: 0.15000000000000013, 56: 0.0, 89: 0.15000000000000013, 18: -0.19999999999999962, 94: -0.29999999999999916, 83: -0.19999999999999907, 50: -0.050000000000000044}
2025-01-28 05:30:03 - WARNING  - Epoch:   243. Accuracy: Top-1: 77.85 | Loss: value: 0.64
2025-01-28 05:30:03 - WARNING  - Epoch 243
2025-01-28 05:30:03 - WARNING  - s_i: {0: 0.956922547855268, 1: 5.457433232307016, 2: 2.945326390071991, 3: 0.9509401523763858, 4: 0.4417941686141882, 5: 0.49008843207373154, 6: 1.4797665947230332, 7: 0.4153185621118496, 8: 0.45153847819189935, 9: 3.962028367945708, 10: 3.9591390356159035, 11: 2.432188553121348, 12: 0.454648184740458, 13: 3.9495182266289004, 14: 1.9562255705568492, 15: 0.9655868658853535, 16: 2.9493921875784714, 17: 1.9397203692385356, 18: 1.9534005910574765, 19: 3.937850983067332, 20: 5.940822077587807, 21: 4.921337223149906, 22: 0.41121648861843596, 23: 3.4387701548848897, 24: 3.416658280942737, 25: 3.4152704513973133, 26: 0.9593944527378137, 27: 6.952578490032211, 28: 2.4362247147615275, 29: 1.4877459278971947, 30: 5.425817039509962, 31: 6.925899038541263, 32: 1.9569067265759137, 33: 0.9496596354555416, 34: 1.9624891857258995, 35: 0.42264456181120735, 36: 1.4364037921184396, 37: 4.936969304637731, 38: 0.9425634667056403, 39: 5.446062769798688, 40: 2.93077649074867, 41: 4.4453961927284436, 42: 2.438467433434216, 43: 0.9314087614247992, 44: 3.960418613216035, 45: 3.438984037569085, 46: 1.454657649873996, 47: 3.9756011145362775, 48: 3.9591886700904, 49: 0.9583509263492838, 50: 0.9599609352899479, 51: 5.929095126096653, 52: 3.9569917189077337, 53: 0.9153318998483901, 54: 1.9749513195205177, 55: 4.483529443361313, 56: 0.4398239681125312, 57: 1.4477135456274386, 58: 3.450308929587348, 59: 2.421758319593015, 60: 1.459929374315577, 61: 1.4603428101798586, 62: 1.434040881367545, 63: 3.461092858543095, 64: 3.951586754760627, 65: 1.4517813923039844, 66: 2.951498610140134, 67: 3.4431557315928396, 68: 1.4544053109977164, 69: 5.951382784560453, 70: 0.47541867622006073, 71: 1.4318947746542694, 72: 1.958452006949532, 73: 1.4540831396853884, 74: 3.4709220978521818, 75: 0.44789334668751735, 76: 2.4495495581694877, 77: 3.437476440737193, 78: 1.4229235239053701, 79: 0.47163885188391697, 80: 0.4556299151417815, 81: 0.9560755275794737, 82: 0.9420829924802778, 83: 1.459216958850747, 84: 2.462791246614107, 85: 3.935208082086059, 86: 1.9394174529987969, 87: 0.9435898799957151, 88: 1.4450263192792632, 89: 2.4711513660812834, 90: 2.452475770208802, 91: 0.9330627717014885, 92: 1.9597973616053244, 93: 0.4394442583333613, 94: 0.4392865800289689, 95: 2.9618006146608638, 96: 1.9636201656996075, 97: 0.9529542283522612, 98: 0.9510673577521377, 99: 3.462366949944836}
2025-01-28 05:30:03 - WARNING  - Sum of s_i: 237.8725110974698
2025-01-28 05:30:20 - WARNING  - Shapley share: {50: 0.15000000000000013, 15: -0.04999999999999949, 19: 0.0500000000000006, 83: 0.0, 91: 0.0500000000000006, 17: 0.19999999999999962, 27: -0.24999999999999967, 25: -0.14999999999999958, 96: -0.19999999999999962, 89: -0.34999999999999976}
2025-01-28 05:30:24 - WARNING  - Epoch:   244. Accuracy: Top-1: 78.83 | Loss: value: 0.61
2025-01-28 05:30:24 - WARNING  - Epoch 244
2025-01-28 05:30:24 - WARNING  - s_i: {0: 0.956922547855268, 1: 5.457433232307016, 2: 2.945326390071991, 3: 0.9509401523763858, 4: 0.4417941686141882, 5: 0.49008843207373154, 6: 1.4797665947230332, 7: 0.4153185621118496, 8: 0.45153847819189935, 9: 3.962028367945708, 10: 3.9591390356159035, 11: 2.432188553121348, 12: 0.454648184740458, 13: 3.9495182266289004, 14: 1.9562255705568492, 15: 0.4612852241210278, 16: 2.9493921875784714, 17: 3.935701727187767, 18: 1.9534005910574765, 19: 4.433707715271828, 20: 5.940822077587807, 21: 4.921337223149906, 22: 0.41121648861843596, 23: 3.4387701548848897, 24: 3.416658280942737, 25: 1.9102863603030413, 26: 0.9593944527378137, 27: 4.448267443671506, 28: 2.4362247147615275, 29: 1.4877459278971947, 30: 5.425817039509962, 31: 6.925899038541263, 32: 1.9569067265759137, 33: 0.9496596354555416, 34: 1.9624891857258995, 35: 0.42264456181120735, 36: 1.4364037921184396, 37: 4.936969304637731, 38: 0.9425634667056403, 39: 5.446062769798688, 40: 2.93077649074867, 41: 4.4453961927284436, 42: 2.438467433434216, 43: 0.9314087614247992, 44: 3.960418613216035, 45: 3.438984037569085, 46: 1.454657649873996, 47: 3.9756011145362775, 48: 3.9591886700904, 49: 0.9583509263492838, 50: 2.4559570288189447, 51: 5.929095126096653, 52: 3.9569917189077337, 53: 0.9153318998483901, 54: 1.9749513195205177, 55: 4.483529443361313, 56: 0.4398239681125312, 57: 1.4477135456274386, 58: 3.450308929587348, 59: 2.421758319593015, 60: 1.459929374315577, 61: 1.4603428101798586, 62: 1.434040881367545, 63: 3.461092858543095, 64: 3.951586754760627, 65: 1.4517813923039844, 66: 2.951498610140134, 67: 3.4431557315928396, 68: 1.4544053109977164, 69: 5.951382784560453, 70: 0.47541867622006073, 71: 1.4318947746542694, 72: 1.958452006949532, 73: 1.4540831396853884, 74: 3.4709220978521818, 75: 0.44789334668751735, 76: 2.4495495581694877, 77: 3.437476440737193, 78: 1.4229235239053701, 79: 0.47163885188391697, 80: 0.4556299151417815, 81: 0.9560755275794737, 82: 0.9420829924802778, 83: 1.4546855098341624, 84: 2.462791246614107, 85: 3.935208082086059, 86: 1.9394174529987969, 87: 0.9435898799957151, 88: 1.4450263192792632, 89: 2.4711513660812834, 90: 2.452475770208802, 91: 1.4288791949328372, 92: 1.9597973616053244, 93: 0.4394442583333613, 94: 0.4392865800289689, 95: 2.9618006146608638, 96: 1.9636201656996075, 97: 0.9529542283522612, 98: 0.9510673577521377, 99: 3.462366949944836}
2025-01-28 05:30:24 - WARNING  - Sum of s_i: 237.838033476148
2025-01-28 05:30:41 - WARNING  - Shapley share: {51: -0.15000000000000013, 42: -0.20000000000000018, 82: -0.050000000000000044, 53: -0.15000000000000013, 61: -0.20000000000000018, 43: -0.3500000000000003, 41: -0.2500000000000002, 70: -0.30000000000000027, 8: -0.30000000000000027, 79: 0.0}
2025-01-28 05:30:45 - WARNING  - Epoch:   245. Accuracy: Top-1: 78.00 | Loss: value: 0.64
2025-01-28 05:30:45 - WARNING  - Epoch 245
2025-01-28 05:30:45 - WARNING  - s_i: {0: 0.956922547855268, 1: 5.457433232307016, 2: 2.945326390071991, 3: 0.9509401523763858, 4: 0.4417941686141882, 5: 0.49008843207373154, 6: 1.4797665947230332, 7: 0.4153185621118496, 8: 0.45153847819189935, 9: 3.962028367945708, 10: 3.9591390356159035, 11: 2.432188553121348, 12: 0.454648184740458, 13: 3.9495182266289004, 14: 1.9562255705568492, 15: 0.4612852241210278, 16: 2.9493921875784714, 17: 3.935701727187767, 18: 1.9534005910574765, 19: 4.433707715271828, 20: 5.940822077587807, 21: 4.921337223149906, 22: 0.41121648861843596, 23: 3.4387701548848897, 24: 3.416658280942737, 25: 1.9102863603030413, 26: 0.9593944527378137, 27: 4.448267443671506, 28: 2.4362247147615275, 29: 1.4877459278971947, 30: 5.425817039509962, 31: 6.925899038541263, 32: 1.9569067265759137, 33: 0.9496596354555416, 34: 1.9624891857258995, 35: 0.42264456181120735, 36: 1.4364037921184396, 37: 4.936969304637731, 38: 0.9425634667056403, 39: 5.446062769798688, 40: 2.93077649074867, 41: 1.9404322102492078, 42: 0.4340722501080858, 43: 0.9314087614247992, 44: 3.960418613216035, 45: 3.438984037569085, 46: 1.454657649873996, 47: 3.9756011145362775, 48: 3.9591886700904, 49: 0.9583509263492838, 50: 2.4559570288189447, 51: 4.424924251161161, 52: 3.9569917189077337, 53: 0.9153318998483901, 54: 1.9749513195205177, 55: 4.483529443361313, 56: 0.4398239681125312, 57: 1.4477135456274386, 58: 3.450308929587348, 59: 2.421758319593015, 60: 1.459929374315577, 61: 1.4603428101798586, 62: 1.434040881367545, 63: 3.461092858543095, 64: 3.951586754760627, 65: 1.4517813923039844, 66: 2.951498610140134, 67: 3.4431557315928396, 68: 1.4544053109977164, 69: 5.951382784560453, 70: 0.47541867622006073, 71: 1.4318947746542694, 72: 1.958452006949532, 73: 1.4540831396853884, 74: 3.4709220978521818, 75: 0.44789334668751735, 76: 2.4495495581694877, 77: 3.437476440737193, 78: 1.4229235239053701, 79: 0.4675872592959045, 80: 0.4556299151417815, 81: 0.9560755275794737, 82: 0.4372565751869677, 83: 1.4546855098341624, 84: 2.462791246614107, 85: 3.935208082086059, 86: 1.9394174529987969, 87: 0.9435898799957151, 88: 1.4450263192792632, 89: 2.4711513660812834, 90: 2.452475770208802, 91: 1.4288791949328372, 92: 1.9597973616053244, 93: 0.4394442583333613, 94: 0.4392865800289689, 95: 2.9618006146608638, 96: 1.9636201656996075, 97: 0.9529542283522612, 98: 0.9510673577521377, 99: 3.462366949944836}
2025-01-28 05:30:45 - WARNING  - Sum of s_i: 231.31562542552584
2025-01-28 05:31:05 - WARNING  - Shapley share: {52: -0.4999999999999999, 9: -0.3999999999999998, 55: -0.30000000000000027, 38: -0.5499999999999999, 51: -0.4999999999999999, 69: -0.7000000000000001, 93: -1.4000000000000001, 62: -1.3, 35: -0.8000000000000002, 19: -1.25}
2025-01-28 05:31:10 - WARNING  - Epoch:   246. Accuracy: Top-1: 77.03 | Loss: value: 0.68
2025-01-28 05:31:10 - WARNING  - Epoch 246
2025-01-28 05:31:10 - WARNING  - s_i: {0: 0.956922547855268, 1: 5.457433232307016, 2: 2.945326390071991, 3: 0.9509401523763858, 4: 0.4417941686141882, 5: 0.49008843207373154, 6: 1.4797665947230332, 7: 0.4153185621118496, 8: 0.45153847819189935, 9: 3.962028367945708, 10: 3.9591390356159035, 11: 2.432188553121348, 12: 0.454648184740458, 13: 3.9495182266289004, 14: 1.9562255705568492, 15: 0.4612852241210278, 16: 2.9493921875784714, 17: 3.935701727187767, 18: 1.9534005910574765, 19: 4.433707715271828, 20: 5.940822077587807, 21: 4.921337223149906, 22: 0.41121648861843596, 23: 3.4387701548848897, 24: 3.416658280942737, 25: 1.9102863603030413, 26: 0.9593944527378137, 27: 4.448267443671506, 28: 2.4362247147615275, 29: 1.4877459278971947, 30: 5.425817039509962, 31: 6.925899038541263, 32: 1.9569067265759137, 33: 0.9496596354555416, 34: 1.9624891857258995, 35: 0.42264456181120735, 36: 1.4364037921184396, 37: 4.936969304637731, 38: 0.9425634667056403, 39: 5.446062769798688, 40: 2.93077649074867, 41: 1.9404322102492078, 42: 0.4340722501080858, 43: 0.9314087614247992, 44: 3.960418613216035, 45: 3.438984037569085, 46: 1.454657649873996, 47: 3.9756011145362775, 48: 3.9591886700904, 49: 0.9583509263492838, 50: 2.4559570288189447, 51: 4.424924251161161, 52: 3.9569917189077337, 53: 0.9153318998483901, 54: 1.9749513195205177, 55: 1.479411804201641, 56: 0.4398239681125312, 57: 1.4477135456274386, 58: 3.450308929587348, 59: 2.421758319593015, 60: 1.459929374315577, 61: 1.4603428101798586, 62: 1.434040881367545, 63: 3.461092858543095, 64: 3.951586754760627, 65: 1.4517813923039844, 66: 2.951498610140134, 67: 3.4431557315928396, 68: 1.4544053109977164, 69: 5.951382784560453, 70: 0.47541867622006073, 71: 1.4318947746542694, 72: 1.958452006949532, 73: 1.4540831396853884, 74: 3.4709220978521818, 75: 0.44789334668751735, 76: 2.4495495581694877, 77: 3.437476440737193, 78: 1.4229235239053701, 79: 0.4675872592959045, 80: 0.4556299151417815, 81: 0.9560755275794737, 82: 0.4372565751869677, 83: 1.4546855098341624, 84: 2.462791246614107, 85: 3.935208082086059, 86: 1.9394174529987969, 87: 0.9435898799957151, 88: 1.4450263192792632, 89: 2.4711513660812834, 90: 2.452475770208802, 91: 1.4288791949328372, 92: 1.9597973616053244, 93: 0.4394442583333613, 94: 0.4392865800289689, 95: 2.9618006146608638, 96: 1.9636201656996075, 97: 0.9529542283522612, 98: 0.9510673577521377, 99: 3.462366949944836}
2025-01-28 05:31:10 - WARNING  - Sum of s_i: 228.31150778636615
2025-01-28 05:31:27 - WARNING  - Shapley share: {8: -0.04999999999999949, 62: -0.10000000000000009, 18: -0.2500000000000002, 4: -0.2999999999999997, 99: -0.34999999999999976, 39: -0.19999999999999962, 76: -0.34999999999999976, 12: -0.14999999999999958, 67: -0.44999999999999984, 37: -0.3499999999999992}
2025-01-28 05:31:32 - WARNING  - Epoch:   247. Accuracy: Top-1: 78.09 | Loss: value: 0.64
2025-01-28 05:31:32 - WARNING  - Epoch 247
2025-01-28 05:31:32 - WARNING  - s_i: {0: 0.956922547855268, 1: 5.457433232307016, 2: 2.945326390071991, 3: 0.9509401523763858, 4: 0.4417941686141882, 5: 0.49008843207373154, 6: 1.4797665947230332, 7: 0.4153185621118496, 8: 0.45153847819189935, 9: 3.962028367945708, 10: 3.9591390356159035, 11: 2.432188553121348, 12: 0.454648184740458, 13: 3.9495182266289004, 14: 1.9562255705568492, 15: 0.4612852241210278, 16: 2.9493921875784714, 17: 3.935701727187767, 18: 1.9534005910574765, 19: 4.433707715271828, 20: 5.940822077587807, 21: 4.921337223149906, 22: 0.41121648861843596, 23: 3.4387701548848897, 24: 3.416658280942737, 25: 1.9102863603030413, 26: 0.9593944527378137, 27: 4.448267443671506, 28: 2.4362247147615275, 29: 1.4877459278971947, 30: 5.425817039509962, 31: 6.925899038541263, 32: 1.9569067265759137, 33: 0.9496596354555416, 34: 1.9624891857258995, 35: 0.42264456181120735, 36: 1.4364037921184396, 37: 1.4324671121118637, 38: 0.9425634667056403, 39: 3.44156800061525, 40: 2.93077649074867, 41: 1.9404322102492078, 42: 0.4340722501080858, 43: 0.9314087614247992, 44: 3.960418613216035, 45: 3.438984037569085, 46: 1.454657649873996, 47: 3.9756011145362775, 48: 3.9591886700904, 49: 0.9583509263492838, 50: 2.4559570288189447, 51: 4.424924251161161, 52: 3.9569917189077337, 53: 0.9153318998483901, 54: 1.9749513195205177, 55: 1.479411804201641, 56: 0.4398239681125312, 57: 1.4477135456274386, 58: 3.450308929587348, 59: 2.421758319593015, 60: 1.459929374315577, 61: 1.4603428101798586, 62: 0.4296436067920455, 63: 3.461092858543095, 64: 3.951586754760627, 65: 1.4517813923039844, 66: 2.951498610140134, 67: 3.4431557315928396, 68: 1.4544053109977164, 69: 5.951382784560453, 70: 0.47541867622006073, 71: 1.4318947746542694, 72: 1.958452006949532, 73: 1.4540831396853884, 74: 3.4709220978521818, 75: 0.44789334668751735, 76: 2.4495495581694877, 77: 3.437476440737193, 78: 1.4229235239053701, 79: 0.4675872592959045, 80: 0.4556299151417815, 81: 0.9560755275794737, 82: 0.4372565751869677, 83: 1.4546855098341624, 84: 2.462791246614107, 85: 3.935208082086059, 86: 1.9394174529987969, 87: 0.9435898799957151, 88: 1.4450263192792632, 89: 2.4711513660812834, 90: 2.452475770208802, 91: 1.4288791949328372, 92: 1.9597973616053244, 93: 0.4394442583333613, 94: 0.4392865800289689, 95: 2.9618006146608638, 96: 1.9636201656996075, 97: 0.9529542283522612, 98: 0.9510673577521377, 99: 3.462366949944836}
2025-01-28 05:31:32 - WARNING  - Sum of s_i: 221.79811355008135
2025-01-28 05:31:47 - WARNING  - Shapley share: {97: -0.20000000000000018, 9: -0.20000000000000018, 23: -0.20000000000000018, 33: -0.3500000000000003, 56: -0.10000000000000009, 93: -0.15000000000000013, 14: -0.30000000000000027, 86: -0.2500000000000002, 49: -0.15000000000000013, 63: -0.2500000000000002}
2025-01-28 05:31:52 - WARNING  - Epoch:   248. Accuracy: Top-1: 78.36 | Loss: value: 0.63
2025-01-28 05:31:52 - WARNING  - Epoch 248
2025-01-28 05:31:52 - WARNING  - s_i: {0: 0.956922547855268, 1: 5.457433232307016, 2: 2.945326390071991, 3: 0.9509401523763858, 4: 0.4417941686141882, 5: 0.49008843207373154, 6: 1.4797665947230332, 7: 0.4153185621118496, 8: 0.45153847819189935, 9: 1.9572819139389184, 10: 3.9591390356159035, 11: 2.432188553121348, 12: 0.454648184740458, 13: 3.9495182266289004, 14: 1.9562255705568492, 15: 0.4612852241210278, 16: 2.9493921875784714, 17: 3.935701727187767, 18: 1.9534005910574765, 19: 4.433707715271828, 20: 5.940822077587807, 21: 4.921337223149906, 22: 0.41121648861843596, 23: 1.4340601667991084, 24: 3.416658280942737, 25: 1.9102863603030413, 26: 0.9593944527378137, 27: 4.448267443671506, 28: 2.4362247147615275, 29: 1.4877459278971947, 30: 5.425817039509962, 31: 6.925899038541263, 32: 1.9569067265759137, 33: 0.9496596354555416, 34: 1.9624891857258995, 35: 0.42264456181120735, 36: 1.4364037921184396, 37: 1.4324671121118637, 38: 0.9425634667056403, 39: 3.44156800061525, 40: 2.93077649074867, 41: 1.9404322102492078, 42: 0.4340722501080858, 43: 0.9314087614247992, 44: 3.960418613216035, 45: 3.438984037569085, 46: 1.454657649873996, 47: 3.9756011145362775, 48: 3.9591886700904, 49: 0.9583509263492838, 50: 2.4559570288189447, 51: 4.424924251161161, 52: 3.9569917189077337, 53: 0.9153318998483901, 54: 1.9749513195205177, 55: 1.479411804201641, 56: 0.4398239681125312, 57: 1.4477135456274386, 58: 3.450308929587348, 59: 2.421758319593015, 60: 1.459929374315577, 61: 1.4603428101798586, 62: 0.4296436067920455, 63: 0.95622946586098, 64: 3.951586754760627, 65: 1.4517813923039844, 66: 2.951498610140134, 67: 3.4431557315928396, 68: 1.4544053109977164, 69: 5.951382784560453, 70: 0.47541867622006073, 71: 1.4318947746542694, 72: 1.958452006949532, 73: 1.4540831396853884, 74: 3.4709220978521818, 75: 0.44789334668751735, 76: 2.4495495581694877, 77: 3.437476440737193, 78: 1.4229235239053701, 79: 0.4675872592959045, 80: 0.4556299151417815, 81: 0.9560755275794737, 82: 0.4372565751869677, 83: 1.4546855098341624, 84: 2.462791246614107, 85: 3.935208082086059, 86: 1.9394174529987969, 87: 0.9435898799957151, 88: 1.4450263192792632, 89: 2.4711513660812834, 90: 2.452475770208802, 91: 1.4288791949328372, 92: 1.9597973616053244, 93: 0.4394442583333613, 94: 0.4392865800289689, 95: 2.9618006146608638, 96: 1.9636201656996075, 97: 0.9529542283522612, 98: 0.9510673577521377, 99: 3.462366949944836}
2025-01-28 05:31:52 - WARNING  - Sum of s_i: 215.28379371530667
2025-01-28 05:32:08 - WARNING  - Shapley share: {59: -0.30000000000000027, 25: -0.050000000000000044, 4: -0.6, 35: -0.6000000000000005, 88: -0.5000000000000004, 16: -0.5499999999999999, 71: -0.34999999999999976, 78: -0.7000000000000001, 56: -0.8499999999999996, 28: -0.7000000000000001}
2025-01-28 05:32:13 - WARNING  - Epoch:   249. Accuracy: Top-1: 79.18 | Loss: value: 0.60
2025-01-28 05:32:13 - WARNING  - Epoch 249
2025-01-28 05:32:13 - WARNING  - s_i: {0: 0.956922547855268, 1: 5.457433232307016, 2: 2.945326390071991, 3: 0.9509401523763858, 4: 0.4417941686141882, 5: 0.49008843207373154, 6: 1.4797665947230332, 7: 0.4153185621118496, 8: 0.45153847819189935, 9: 1.9572819139389184, 10: 3.9591390356159035, 11: 2.432188553121348, 12: 0.454648184740458, 13: 3.9495182266289004, 14: 1.9562255705568492, 15: 0.4612852241210278, 16: 2.9493921875784714, 17: 3.935701727187767, 18: 1.9534005910574765, 19: 4.433707715271828, 20: 5.940822077587807, 21: 4.921337223149906, 22: 0.41121648861843596, 23: 1.4340601667991084, 24: 3.416658280942737, 25: 1.4053022692087649, 26: 0.9593944527378137, 27: 4.448267443671506, 28: 2.4362247147615275, 29: 1.4877459278971947, 30: 5.425817039509962, 31: 6.925899038541263, 32: 1.9569067265759137, 33: 0.9496596354555416, 34: 1.9624891857258995, 35: 0.42264456181120735, 36: 1.4364037921184396, 37: 1.4324671121118637, 38: 0.9425634667056403, 39: 3.44156800061525, 40: 2.93077649074867, 41: 1.9404322102492078, 42: 0.4340722501080858, 43: 0.9314087614247992, 44: 3.960418613216035, 45: 3.438984037569085, 46: 1.454657649873996, 47: 3.9756011145362775, 48: 3.9591886700904, 49: 0.9583509263492838, 50: 2.4559570288189447, 51: 4.424924251161161, 52: 3.9569917189077337, 53: 0.9153318998483901, 54: 1.9749513195205177, 55: 1.479411804201641, 56: 0.4398239681125312, 57: 1.4477135456274386, 58: 3.450308929587348, 59: 2.421758319593015, 60: 1.459929374315577, 61: 1.4603428101798586, 62: 0.4296436067920455, 63: 0.95622946586098, 64: 3.951586754760627, 65: 1.4517813923039844, 66: 2.951498610140134, 67: 3.4431557315928396, 68: 1.4544053109977164, 69: 5.951382784560453, 70: 0.47541867622006073, 71: 1.4318947746542694, 72: 1.958452006949532, 73: 1.4540831396853884, 74: 3.4709220978521818, 75: 0.44789334668751735, 76: 2.4495495581694877, 77: 3.437476440737193, 78: 1.4229235239053701, 79: 0.4675872592959045, 80: 0.4556299151417815, 81: 0.9560755275794737, 82: 0.4372565751869677, 83: 1.4546855098341624, 84: 2.462791246614107, 85: 3.935208082086059, 86: 1.9394174529987969, 87: 0.9435898799957151, 88: 1.4450263192792632, 89: 2.4711513660812834, 90: 2.452475770208802, 91: 1.4288791949328372, 92: 1.9597973616053244, 93: 0.4394442583333613, 94: 0.4392865800289689, 95: 2.9618006146608638, 96: 1.9636201656996075, 97: 0.9529542283522612, 98: 0.9510673577521377, 99: 3.462366949944836}
2025-01-28 05:32:13 - WARNING  - Sum of s_i: 214.77880962421239
2025-01-28 05:32:30 - WARNING  - Shapley share: {23: -0.40000000000000036, 27: -0.40000000000000036, 63: -0.20000000000000018, 98: -0.30000000000000027, 85: -0.2500000000000002, 89: -0.15000000000000013, 32: -0.20000000000000018, 35: -0.20000000000000018, 45: -0.15000000000000013, 88: -0.050000000000000044}
2025-01-28 05:32:34 - WARNING  - Epoch:   250. Accuracy: Top-1: 78.57 | Loss: value: 0.62
2025-01-28 05:32:34 - WARNING  - Epoch 250
2025-01-28 05:32:34 - WARNING  - s_i: {0: 0.956922547855268, 1: 5.457433232307016, 2: 2.945326390071991, 3: 0.9509401523763858, 4: 0.4417941686141882, 5: 0.49008843207373154, 6: 1.4797665947230332, 7: 0.4153185621118496, 8: 0.45153847819189935, 9: 1.9572819139389184, 10: 3.9591390356159035, 11: 2.432188553121348, 12: 0.454648184740458, 13: 3.9495182266289004, 14: 1.9562255705568492, 15: 0.4612852241210278, 16: 2.9493921875784714, 17: 3.935701727187767, 18: 1.9534005910574765, 19: 4.433707715271828, 20: 5.940822077587807, 21: 4.921337223149906, 22: 0.41121648861843596, 23: 1.4340601667991084, 24: 3.416658280942737, 25: 1.4053022692087649, 26: 0.9593944527378137, 27: 0.44395639731079406, 28: 2.4362247147615275, 29: 1.4877459278971947, 30: 5.425817039509962, 31: 6.925899038541263, 32: 1.9569067265759137, 33: 0.9496596354555416, 34: 1.9624891857258995, 35: 0.42264456181120735, 36: 1.4364037921184396, 37: 1.4324671121118637, 38: 0.9425634667056403, 39: 3.44156800061525, 40: 2.93077649074867, 41: 1.9404322102492078, 42: 0.4340722501080858, 43: 0.9314087614247992, 44: 3.960418613216035, 45: 1.9346257545383032, 46: 1.454657649873996, 47: 3.9756011145362775, 48: 3.9591886700904, 49: 0.9583509263492838, 50: 2.4559570288189447, 51: 4.424924251161161, 52: 3.9569917189077337, 53: 0.9153318998483901, 54: 1.9749513195205177, 55: 1.479411804201641, 56: 0.4398239681125312, 57: 1.4477135456274386, 58: 3.450308929587348, 59: 2.421758319593015, 60: 1.459929374315577, 61: 1.4603428101798586, 62: 0.4296436067920455, 63: 0.95622946586098, 64: 3.951586754760627, 65: 1.4517813923039844, 66: 2.951498610140134, 67: 3.4431557315928396, 68: 1.4544053109977164, 69: 5.951382784560453, 70: 0.47541867622006073, 71: 1.4318947746542694, 72: 1.958452006949532, 73: 1.4540831396853884, 74: 3.4709220978521818, 75: 0.44789334668751735, 76: 2.4495495581694877, 77: 3.437476440737193, 78: 1.4229235239053701, 79: 0.4675872592959045, 80: 0.4556299151417815, 81: 0.9560755275794737, 82: 0.4372565751869677, 83: 1.4546855098341624, 84: 2.462791246614107, 85: 1.4305800879493473, 86: 1.9394174529987969, 87: 0.9435898799957151, 88: 0.9400287119410142, 89: 0.9663432604281623, 90: 2.452475770208802, 91: 1.4288791949328372, 92: 1.9597973616053244, 93: 0.4394442583333613, 94: 0.4392865800289689, 95: 2.9618006146608638, 96: 1.9636201656996075, 97: 0.9529542283522612, 98: 0.9510673577521377, 99: 3.462366949944836}
2025-01-28 05:32:34 - WARNING  - Sum of s_i: 204.7557065876928
2025-01-28 05:32:39 - WARNING  - The sum of accs: 74.0
2025-01-28 05:32:39 - WARNING  - The welfare is 73.9079354303451
2025-01-28 05:32:57 - WARNING  - Shapley share: {45: 0.20000000000000018, 61: -0.09999999999999953, 14: 0.0, 22: 0.20000000000000018, 47: -0.050000000000000044, 90: -0.30000000000000027, 89: -0.24999999999999967, 7: -0.050000000000000044, 40: -0.2500000000000002, 31: -0.3999999999999998}
2025-01-28 05:33:02 - WARNING  - Epoch:   251. Accuracy: Top-1: 78.50 | Loss: value: 0.62
2025-01-28 05:33:02 - WARNING  - Epoch 251
2025-01-28 05:33:02 - WARNING  - s_i: {0: 0.956922547855268, 1: 5.457433232307016, 2: 2.945326390071991, 3: 0.9509401523763858, 4: 0.4417941686141882, 5: 0.49008843207373154, 6: 1.4797665947230332, 7: 0.4153185621118496, 8: 0.45153847819189935, 9: 1.9572819139389184, 10: 3.9591390356159035, 11: 2.432188553121348, 12: 0.454648184740458, 13: 3.9495182266289004, 14: 1.9518481276125323, 15: 0.4612852241210278, 16: 2.9493921875784714, 17: 3.935701727187767, 18: 1.9534005910574765, 19: 4.433707715271828, 20: 5.940822077587807, 21: 4.921337223149906, 22: 2.4062840713194618, 23: 1.4340601667991084, 24: 3.416658280942737, 25: 1.4053022692087649, 26: 0.9593944527378137, 27: 0.44395639731079406, 28: 2.4362247147615275, 29: 1.4877459278971947, 30: 5.425817039509962, 31: 2.920958974444016, 32: 1.9569067265759137, 33: 0.9496596354555416, 34: 1.9624891857258995, 35: 0.42264456181120735, 36: 1.4364037921184396, 37: 1.4324671121118637, 38: 0.9425634667056403, 39: 3.44156800061525, 40: 0.42670451961623623, 41: 1.9404322102492078, 42: 0.4340722501080858, 43: 0.9314087614247992, 44: 3.960418613216035, 45: 3.9302674715075243, 46: 1.454657649873996, 47: 3.470721337443533, 48: 3.9591886700904, 49: 0.9583509263492838, 50: 2.4559570288189447, 51: 4.424924251161161, 52: 3.9569917189077337, 53: 0.9153318998483901, 54: 1.9749513195205177, 55: 1.479411804201641, 56: 0.4398239681125312, 57: 1.4477135456274386, 58: 3.450308929587348, 59: 2.421758319593015, 60: 1.459929374315577, 61: 0.4553856614523466, 62: 0.4296436067920455, 63: 0.95622946586098, 64: 3.951586754760627, 65: 1.4517813923039844, 66: 2.951498610140134, 67: 3.4431557315928396, 68: 1.4544053109977164, 69: 5.951382784560453, 70: 0.47541867622006073, 71: 1.4318947746542694, 72: 1.958452006949532, 73: 1.4540831396853884, 74: 3.4709220978521818, 75: 0.44789334668751735, 76: 2.4495495581694877, 77: 3.437476440737193, 78: 1.4229235239053701, 79: 0.4675872592959045, 80: 0.4556299151417815, 81: 0.9560755275794737, 82: 0.4372565751869677, 83: 1.4546855098341624, 84: 2.462791246614107, 85: 1.4305800879493473, 86: 1.9394174529987969, 87: 0.9435898799957151, 88: 0.9400287119410142, 89: 0.9663432604281623, 90: 2.452475770208802, 91: 1.4288791949328372, 92: 1.9597973616053244, 93: 0.4394442583333613, 94: 0.4392865800289689, 95: 2.9618006146608638, 96: 1.9636201656996075, 97: 0.9529542283522612, 98: 0.9510673577521377, 99: 3.462366949944836}
2025-01-28 05:33:02 - WARNING  - Sum of s_i: 200.7231894833688
2025-01-28 05:33:20 - WARNING  - Shapley share: {52: -0.4999999999999999, 14: -0.15000000000000013, 31: -0.24999999999999967, 64: -0.5500000000000005, 29: -0.8499999999999996, 15: -0.34999999999999976, 97: -0.9999999999999998, 32: -0.7999999999999996, 58: -0.5499999999999994, 1: -0.6}
2025-01-28 05:33:24 - WARNING  - Epoch:   252. Accuracy: Top-1: 77.58 | Loss: value: 0.64
2025-01-28 05:33:24 - WARNING  - Epoch 252
2025-01-28 05:33:24 - WARNING  - s_i: {0: 0.956922547855268, 1: 5.457433232307016, 2: 2.945326390071991, 3: 0.9509401523763858, 4: 0.4417941686141882, 5: 0.49008843207373154, 6: 1.4797665947230332, 7: 0.4153185621118496, 8: 0.45153847819189935, 9: 1.9572819139389184, 10: 3.9591390356159035, 11: 2.432188553121348, 12: 0.454648184740458, 13: 3.9495182266289004, 14: 0.44747068466821416, 15: 0.4612852241210278, 16: 2.9493921875784714, 17: 3.935701727187767, 18: 1.9534005910574765, 19: 4.433707715271828, 20: 5.940822077587807, 21: 4.921337223149906, 22: 2.4062840713194618, 23: 1.4340601667991084, 24: 3.416658280942737, 25: 1.4053022692087649, 26: 0.9593944527378137, 27: 0.44395639731079406, 28: 2.4362247147615275, 29: 1.4877459278971947, 30: 5.425817039509962, 31: 0.4160189103467702, 32: 1.9569067265759137, 33: 0.9496596354555416, 34: 1.9624891857258995, 35: 0.42264456181120735, 36: 1.4364037921184396, 37: 1.4324671121118637, 38: 0.9425634667056403, 39: 3.44156800061525, 40: 0.42670451961623623, 41: 1.9404322102492078, 42: 0.4340722501080858, 43: 0.9314087614247992, 44: 3.960418613216035, 45: 3.9302674715075243, 46: 1.454657649873996, 47: 3.470721337443533, 48: 3.9591886700904, 49: 0.9583509263492838, 50: 2.4559570288189447, 51: 4.424924251161161, 52: 3.9569917189077337, 53: 0.9153318998483901, 54: 1.9749513195205177, 55: 1.479411804201641, 56: 0.4398239681125312, 57: 1.4477135456274386, 58: 3.450308929587348, 59: 2.421758319593015, 60: 1.459929374315577, 61: 0.4553856614523466, 62: 0.4296436067920455, 63: 0.95622946586098, 64: 3.951586754760627, 65: 1.4517813923039844, 66: 2.951498610140134, 67: 3.4431557315928396, 68: 1.4544053109977164, 69: 5.951382784560453, 70: 0.47541867622006073, 71: 1.4318947746542694, 72: 1.958452006949532, 73: 1.4540831396853884, 74: 3.4709220978521818, 75: 0.44789334668751735, 76: 2.4495495581694877, 77: 3.437476440737193, 78: 1.4229235239053701, 79: 0.4675872592959045, 80: 0.4556299151417815, 81: 0.9560755275794737, 82: 0.4372565751869677, 83: 1.4546855098341624, 84: 2.462791246614107, 85: 1.4305800879493473, 86: 1.9394174529987969, 87: 0.9435898799957151, 88: 0.9400287119410142, 89: 0.9663432604281623, 90: 2.452475770208802, 91: 1.4288791949328372, 92: 1.9597973616053244, 93: 0.4394442583333613, 94: 0.4392865800289689, 95: 2.9618006146608638, 96: 1.9636201656996075, 97: 0.9529542283522612, 98: 0.9510673577521377, 99: 3.462366949944836}
2025-01-28 05:33:24 - WARNING  - Sum of s_i: 196.71387197632723
2025-01-28 05:33:40 - WARNING  - Shapley share: {35: 0.15000000000000013, 37: 0.2500000000000002, 52: 0.2500000000000002, 91: -0.34999999999999976, 72: 0.0, 19: 0.15000000000000013, 48: -0.2999999999999997, 6: -0.19999999999999962, 93: -0.5499999999999994, 79: -0.5999999999999994}
2025-01-28 05:33:45 - WARNING  - Epoch:   253. Accuracy: Top-1: 78.66 | Loss: value: 0.61
2025-01-28 05:33:45 - WARNING  - Epoch 253
2025-01-28 05:33:45 - WARNING  - s_i: {0: 0.956922547855268, 1: 5.457433232307016, 2: 2.945326390071991, 3: 0.9509401523763858, 4: 0.4417941686141882, 5: 0.49008843207373154, 6: 1.4797665947230332, 7: 0.4153185621118496, 8: 0.45153847819189935, 9: 1.9572819139389184, 10: 3.9591390356159035, 11: 2.432188553121348, 12: 0.454648184740458, 13: 3.9495182266289004, 14: 0.44747068466821416, 15: 0.4612852241210278, 16: 2.9493921875784714, 17: 3.935701727187767, 18: 1.9534005910574765, 19: 5.929564447476318, 20: 5.940822077587807, 21: 4.921337223149906, 22: 2.4062840713194618, 23: 1.4340601667991084, 24: 3.416658280942737, 25: 1.4053022692087649, 26: 0.9593944527378137, 27: 0.44395639731079406, 28: 2.4362247147615275, 29: 1.4877459278971947, 30: 5.425817039509962, 31: 0.4160189103467702, 32: 1.9569067265759137, 33: 0.9496596354555416, 34: 1.9624891857258995, 35: 1.9183470374673863, 36: 1.4364037921184396, 37: 3.9279649195859903, 38: 0.9425634667056403, 39: 3.44156800061525, 40: 0.42670451961623623, 41: 1.9404322102492078, 42: 0.4340722501080858, 43: 0.9314087614247992, 44: 3.960418613216035, 45: 3.9302674715075243, 46: 1.454657649873996, 47: 3.470721337443533, 48: 0.9546540778782266, 49: 0.9583509263492838, 50: 2.4559570288189447, 51: 4.424924251161161, 52: 6.452213021008596, 53: 0.9153318998483901, 54: 1.9749513195205177, 55: 1.479411804201641, 56: 0.4398239681125312, 57: 1.4477135456274386, 58: 3.450308929587348, 59: 2.421758319593015, 60: 1.459929374315577, 61: 0.4553856614523466, 62: 0.4296436067920455, 63: 0.95622946586098, 64: 3.951586754760627, 65: 1.4517813923039844, 66: 2.951498610140134, 67: 3.4431557315928396, 68: 1.4544053109977164, 69: 5.951382784560453, 70: 0.47541867622006073, 71: 1.4318947746542694, 72: 1.9538355632772564, 73: 1.4540831396853884, 74: 3.4709220978521818, 75: 0.44789334668751735, 76: 2.4495495581694877, 77: 3.437476440737193, 78: 1.4229235239053701, 79: 0.4675872592959045, 80: 0.4556299151417815, 81: 0.9560755275794737, 82: 0.4372565751869677, 83: 1.4546855098341624, 84: 2.462791246614107, 85: 1.4305800879493473, 86: 1.9394174529987969, 87: 0.9435898799957151, 88: 0.9400287119410142, 89: 0.9663432604281623, 90: 2.452475770208802, 91: 1.4288791949328372, 92: 1.9597973616053244, 93: 0.4394442583333613, 94: 0.4392865800289689, 95: 2.9618006146608638, 96: 1.9636201656996075, 97: 0.9529542283522612, 98: 0.9510673577521377, 99: 3.462366949944836}
2025-01-28 05:33:45 - WARNING  - Sum of s_i: 201.68699925787845
2025-01-28 05:34:02 - WARNING  - Shapley share: {17: -0.04999999999999949, 88: 0.10000000000000009, 59: 0.40000000000000036, 74: -0.19999999999999962, 93: 0.10000000000000009, 58: 0.15000000000000013, 72: -0.050000000000000044, 36: -0.3999999999999998, 27: 0.0500000000000006, 55: -0.34999999999999976}
2025-01-28 05:34:07 - WARNING  - Epoch:   254. Accuracy: Top-1: 79.48 | Loss: value: 0.59
2025-01-28 05:34:07 - WARNING  - Epoch 254
2025-01-28 05:34:07 - WARNING  - s_i: {0: 0.956922547855268, 1: 5.457433232307016, 2: 2.945326390071991, 3: 0.9509401523763858, 4: 0.4417941686141882, 5: 0.49008843207373154, 6: 1.4797665947230332, 7: 0.4153185621118496, 8: 0.45153847819189935, 9: 1.9572819139389184, 10: 3.9591390356159035, 11: 2.432188553121348, 12: 0.454648184740458, 13: 3.9495182266289004, 14: 0.44747068466821416, 15: 0.4612852241210278, 16: 2.9493921875784714, 17: 3.4316830851370073, 18: 1.9534005910574765, 19: 5.929564447476318, 20: 5.940822077587807, 21: 4.921337223149906, 22: 2.4062840713194618, 23: 1.4340601667991084, 24: 3.416658280942737, 25: 1.4053022692087649, 26: 0.9593944527378137, 27: 0.939645350950092, 28: 2.4362247147615275, 29: 1.4877459278971947, 30: 5.425817039509962, 31: 0.4160189103467702, 32: 1.9569067265759137, 33: 0.9496596354555416, 34: 1.9624891857258995, 35: 1.9183470374673863, 36: 1.4364037921184396, 37: 3.9279649195859903, 38: 0.9425634667056403, 39: 3.44156800061525, 40: 0.42670451961623623, 41: 1.9404322102492078, 42: 0.4340722501080858, 43: 0.9314087614247992, 44: 3.960418613216035, 45: 3.9302674715075243, 46: 1.454657649873996, 47: 3.470721337443533, 48: 0.9546540778782266, 49: 0.9583509263492838, 50: 2.4559570288189447, 51: 4.424924251161161, 52: 6.452213021008596, 53: 0.9153318998483901, 54: 1.9749513195205177, 55: 1.479411804201641, 56: 0.4398239681125312, 57: 1.4477135456274386, 58: 4.945339822546084, 59: 6.417640336413703, 60: 1.459929374315577, 61: 0.4553856614523466, 62: 0.4296436067920455, 63: 0.95622946586098, 64: 3.951586754760627, 65: 1.4517813923039844, 66: 2.951498610140134, 67: 3.4431557315928396, 68: 1.4544053109977164, 69: 5.951382784560453, 70: 0.47541867622006073, 71: 1.4318947746542694, 72: 1.4492191196049804, 73: 1.4540831396853884, 74: 1.466768111831069, 75: 0.44789334668751735, 76: 2.4495495581694877, 77: 3.437476440737193, 78: 1.4229235239053701, 79: 0.4675872592959045, 80: 0.4556299151417815, 81: 0.9560755275794737, 82: 0.4372565751869677, 83: 1.4546855098341624, 84: 2.462791246614107, 85: 1.4305800879493473, 86: 1.9394174529987969, 87: 0.9435898799957151, 88: 1.9350311046027666, 89: 0.9663432604281623, 90: 2.452475770208802, 91: 1.4288791949328372, 92: 1.9597973616053244, 93: 1.4347861243590048, 94: 0.4392865800289689, 95: 2.9618006146608638, 96: 1.9636201656996075, 97: 0.9529542283522612, 98: 0.9510673577521377, 99: 3.462366949944836}
2025-01-28 05:34:07 - WARNING  - Sum of s_i: 206.65115630824042
2025-01-28 05:34:24 - WARNING  - Shapley share: {62: -0.4999999999999999, 41: -0.3999999999999998, 86: -0.4999999999999999, 17: -0.050000000000000044, 56: -0.65, 97: -0.7500000000000001, 30: -0.7500000000000001, 19: -0.9499999999999997, 11: -0.8999999999999997, 82: -0.8999999999999997}
2025-01-28 05:34:28 - WARNING  - Epoch:   255. Accuracy: Top-1: 79.43 | Loss: value: 0.60
2025-01-28 05:34:28 - WARNING  - Epoch 255
2025-01-28 05:34:28 - WARNING  - s_i: {0: 0.956922547855268, 1: 5.457433232307016, 2: 2.945326390071991, 3: 0.9509401523763858, 4: 0.4417941686141882, 5: 0.49008843207373154, 6: 1.4797665947230332, 7: 0.4153185621118496, 8: 0.45153847819189935, 9: 1.9572819139389184, 10: 3.9591390356159035, 11: 2.432188553121348, 12: 0.454648184740458, 13: 3.9495182266289004, 14: 0.44747068466821416, 15: 0.4612852241210278, 16: 2.9493921875784714, 17: 2.927664443086242, 18: 1.9534005910574765, 19: 5.929564447476318, 20: 5.940822077587807, 21: 4.921337223149906, 22: 2.4062840713194618, 23: 1.4340601667991084, 24: 3.416658280942737, 25: 1.4053022692087649, 26: 0.9593944527378137, 27: 0.939645350950092, 28: 2.4362247147615275, 29: 1.4877459278971947, 30: 5.425817039509962, 31: 0.4160189103467702, 32: 1.9569067265759137, 33: 0.9496596354555416, 34: 1.9624891857258995, 35: 1.9183470374673863, 36: 1.4364037921184396, 37: 3.9279649195859903, 38: 0.9425634667056403, 39: 3.44156800061525, 40: 0.42670451961623623, 41: 1.9404322102492078, 42: 0.4340722501080858, 43: 0.9314087614247992, 44: 3.960418613216035, 45: 3.9302674715075243, 46: 1.454657649873996, 47: 3.470721337443533, 48: 0.9546540778782266, 49: 0.9583509263492838, 50: 2.4559570288189447, 51: 4.424924251161161, 52: 6.452213021008596, 53: 0.9153318998483901, 54: 1.9749513195205177, 55: 1.479411804201641, 56: 0.4398239681125312, 57: 1.4477135456274386, 58: 4.945339822546084, 59: 6.417640336413703, 60: 1.459929374315577, 61: 0.4553856614523466, 62: 0.4296436067920455, 63: 0.95622946586098, 64: 3.951586754760627, 65: 1.4517813923039844, 66: 2.951498610140134, 67: 3.4431557315928396, 68: 1.4544053109977164, 69: 5.951382784560453, 70: 0.47541867622006073, 71: 1.4318947746542694, 72: 1.4492191196049804, 73: 1.4540831396853884, 74: 1.466768111831069, 75: 0.44789334668751735, 76: 2.4495495581694877, 77: 3.437476440737193, 78: 1.4229235239053701, 79: 0.4675872592959045, 80: 0.4556299151417815, 81: 0.9560755275794737, 82: 0.4372565751869677, 83: 1.4546855098341624, 84: 2.462791246614107, 85: 1.4305800879493473, 86: 1.9394174529987969, 87: 0.9435898799957151, 88: 1.9350311046027666, 89: 0.9663432604281623, 90: 2.452475770208802, 91: 1.4288791949328372, 92: 1.9597973616053244, 93: 1.4347861243590048, 94: 0.4392865800289689, 95: 2.9618006146608638, 96: 1.9636201656996075, 97: 0.9529542283522612, 98: 0.9510673577521377, 99: 3.462366949944836}
2025-01-28 05:34:28 - WARNING  - Sum of s_i: 206.14713766618965
2025-01-28 05:34:43 - WARNING  - Shapley share: {18: -0.20000000000000018, 89: 0.15000000000000013, 70: -0.15000000000000013, 20: -0.30000000000000027, 9: -0.15000000000000013, 81: -0.5499999999999999, 53: -0.6, 38: -0.2500000000000002, 33: -0.30000000000000027, 91: -0.6499999999999995}
2025-01-28 05:34:48 - WARNING  - Epoch:   256. Accuracy: Top-1: 79.49 | Loss: value: 0.59
2025-01-28 05:34:48 - WARNING  - Epoch 256
2025-01-28 05:34:48 - WARNING  - s_i: {0: 0.956922547855268, 1: 5.457433232307016, 2: 2.945326390071991, 3: 0.9509401523763858, 4: 0.4417941686141882, 5: 0.49008843207373154, 6: 1.4797665947230332, 7: 0.4153185621118496, 8: 0.45153847819189935, 9: 0.4525354599321294, 10: 3.9591390356159035, 11: 2.432188553121348, 12: 0.454648184740458, 13: 3.9495182266289004, 14: 0.44747068466821416, 15: 0.4612852241210278, 16: 2.9493921875784714, 17: 2.927664443086242, 18: 1.9534005910574765, 19: 5.929564447476318, 20: 2.936269929709944, 21: 4.921337223149906, 22: 2.4062840713194618, 23: 1.4340601667991084, 24: 3.416658280942737, 25: 1.4053022692087649, 26: 0.9593944527378137, 27: 0.939645350950092, 28: 2.4362247147615275, 29: 1.4877459278971947, 30: 5.425817039509962, 31: 0.4160189103467702, 32: 1.9569067265759137, 33: 0.9496596354555416, 34: 1.9624891857258995, 35: 1.9183470374673863, 36: 1.4364037921184396, 37: 3.9279649195859903, 38: 0.9425634667056403, 39: 3.44156800061525, 40: 0.42670451961623623, 41: 1.9404322102492078, 42: 0.4340722501080858, 43: 0.9314087614247992, 44: 3.960418613216035, 45: 3.9302674715075243, 46: 1.454657649873996, 47: 3.470721337443533, 48: 0.9546540778782266, 49: 0.9583509263492838, 50: 2.4559570288189447, 51: 4.424924251161161, 52: 6.452213021008596, 53: 0.9153318998483901, 54: 1.9749513195205177, 55: 1.479411804201641, 56: 0.4398239681125312, 57: 1.4477135456274386, 58: 4.945339822546084, 59: 6.417640336413703, 60: 1.459929374315577, 61: 0.4553856614523466, 62: 0.4296436067920455, 63: 0.95622946586098, 64: 3.951586754760627, 65: 1.4517813923039844, 66: 2.951498610140134, 67: 3.4431557315928396, 68: 1.4544053109977164, 69: 5.951382784560453, 70: 0.47541867622006073, 71: 1.4318947746542694, 72: 1.4492191196049804, 73: 1.4540831396853884, 74: 1.466768111831069, 75: 0.44789334668751735, 76: 2.4495495581694877, 77: 3.437476440737193, 78: 1.4229235239053701, 79: 0.4675872592959045, 80: 0.4556299151417815, 81: 0.9560755275794737, 82: 0.4372565751869677, 83: 1.4546855098341624, 84: 2.462791246614107, 85: 1.4305800879493473, 86: 1.9394174529987969, 87: 0.9435898799957151, 88: 1.9350311046027666, 89: 2.461535154775044, 90: 2.452475770208802, 91: 1.4288791949328372, 92: 1.9597973616053244, 93: 1.4347861243590048, 94: 0.4392865800289689, 95: 2.9618006146608638, 96: 1.9636201656996075, 97: 0.9529542283522612, 98: 0.9510673577521377, 99: 3.462366949944836}
2025-01-28 05:34:48 - WARNING  - Sum of s_i: 203.1330309586519
2025-01-28 05:35:04 - WARNING  - Shapley share: {15: 0.10000000000000009, 40: 0.10000000000000009, 25: 0.0, 85: 0.050000000000000044, 93: 0.10000000000000009, 68: 0.050000000000000044, 86: -0.050000000000000044, 1: 0.30000000000000027, 67: 0.050000000000000044, 70: 0.0}
2025-01-28 05:35:09 - WARNING  - Epoch:   257. Accuracy: Top-1: 80.05 | Loss: value: 0.58
2025-01-28 05:35:09 - WARNING  - Epoch 257
2025-01-28 05:35:09 - WARNING  - s_i: {0: 0.956922547855268, 1: 5.457433232307016, 2: 2.945326390071991, 3: 0.9509401523763858, 4: 0.4417941686141882, 5: 0.49008843207373154, 6: 1.4797665947230332, 7: 0.4153185621118496, 8: 0.45153847819189935, 9: 0.4525354599321294, 10: 3.9591390356159035, 11: 2.432188553121348, 12: 0.454648184740458, 13: 3.9495182266289004, 14: 0.44747068466821416, 15: 1.4569835823566981, 16: 2.9493921875784714, 17: 2.927664443086242, 18: 1.9534005910574765, 19: 5.929564447476318, 20: 2.936269929709944, 21: 4.921337223149906, 22: 2.4062840713194618, 23: 1.4340601667991084, 24: 3.416658280942737, 25: 1.4003181781144887, 26: 0.9593944527378137, 27: 0.939645350950092, 28: 2.4362247147615275, 29: 1.4877459278971947, 30: 5.425817039509962, 31: 0.4160189103467702, 32: 1.9569067265759137, 33: 0.9496596354555416, 34: 1.9624891857258995, 35: 1.9183470374673863, 36: 1.4364037921184396, 37: 3.9279649195859903, 38: 0.9425634667056403, 39: 3.44156800061525, 40: 1.4226325484838056, 41: 1.9404322102492078, 42: 0.4340722501080858, 43: 0.9314087614247992, 44: 3.960418613216035, 45: 3.9302674715075243, 46: 1.454657649873996, 47: 3.470721337443533, 48: 0.9546540778782266, 49: 0.9583509263492838, 50: 2.4559570288189447, 51: 4.424924251161161, 52: 6.452213021008596, 53: 0.9153318998483901, 54: 1.9749513195205177, 55: 1.479411804201641, 56: 0.4398239681125312, 57: 1.4477135456274386, 58: 4.945339822546084, 59: 6.417640336413703, 60: 1.459929374315577, 61: 0.4553856614523466, 62: 0.4296436067920455, 63: 0.95622946586098, 64: 3.951586754760627, 65: 1.4517813923039844, 66: 2.951498610140134, 67: 3.939095426706615, 68: 1.9498458420974898, 69: 5.951382784560453, 70: 0.47050241146407357, 71: 1.4318947746542694, 72: 1.4492191196049804, 73: 1.4540831396853884, 74: 1.466768111831069, 75: 0.44789334668751735, 76: 2.4495495581694877, 77: 3.437476440737193, 78: 1.4229235239053701, 79: 0.4675872592959045, 80: 0.4556299151417815, 81: 0.9560755275794737, 82: 0.4372565751869677, 83: 1.4546855098341624, 84: 2.462791246614107, 85: 1.9259520938126382, 86: 1.4350901282129962, 87: 0.9435898799957151, 88: 1.9350311046027666, 89: 2.461535154775044, 90: 2.452475770208802, 91: 1.4288791949328372, 92: 1.9597973616053244, 93: 2.430127990384648, 94: 0.4392865800289689, 95: 2.9618006146608638, 96: 1.9636201656996075, 97: 0.9529542283522612, 98: 0.9510673577521377, 99: 3.462366949944836}
2025-01-28 05:35:09 - WARNING  - Sum of s_i: 207.09252376322155
2025-01-28 05:35:27 - WARNING  - Shapley share: {29: -0.19999999999999962, 41: 0.15000000000000013, 64: 0.2500000000000002, 77: 0.2500000000000002, 36: 0.15000000000000013, 39: 0.30000000000000027, 58: 0.0, 44: -0.3499999999999992, 33: -0.5999999999999994, 24: -0.8999999999999997}
2025-01-28 05:35:32 - WARNING  - Epoch:   258. Accuracy: Top-1: 78.68 | Loss: value: 0.61
2025-01-28 05:35:32 - WARNING  - Epoch 258
2025-01-28 05:35:32 - WARNING  - s_i: {0: 0.956922547855268, 1: 5.457433232307016, 2: 2.945326390071991, 3: 0.9509401523763858, 4: 0.4417941686141882, 5: 0.49008843207373154, 6: 1.4797665947230332, 7: 0.4153185621118496, 8: 0.45153847819189935, 9: 0.4525354599321294, 10: 3.9591390356159035, 11: 2.432188553121348, 12: 0.454648184740458, 13: 3.9495182266289004, 14: 0.44747068466821416, 15: 1.4569835823566981, 16: 2.9493921875784714, 17: 2.927664443086242, 18: 1.9534005910574765, 19: 5.929564447476318, 20: 2.936269929709944, 21: 4.921337223149906, 22: 2.4062840713194618, 23: 1.4340601667991084, 24: 3.416658280942737, 25: 1.4003181781144887, 26: 0.9593944527378137, 27: 0.939645350950092, 28: 2.4362247147615275, 29: 1.4877459278971947, 30: 5.425817039509962, 31: 0.4160189103467702, 32: 1.9569067265759137, 33: 0.9496596354555416, 34: 1.9624891857258995, 35: 1.9183470374673863, 36: 2.931511776127551, 37: 3.9279649195859903, 38: 0.9425634667056403, 39: 6.43707323143181, 40: 1.4226325484838056, 41: 3.4354682277699755, 42: 0.4340722501080858, 43: 0.9314087614247992, 44: 0.45602068135115914, 45: 3.9302674715075243, 46: 1.454657649873996, 47: 3.470721337443533, 48: 0.9546540778782266, 49: 0.9583509263492838, 50: 2.4559570288189447, 51: 4.424924251161161, 52: 6.452213021008596, 53: 0.9153318998483901, 54: 1.9749513195205177, 55: 1.479411804201641, 56: 0.4398239681125312, 57: 1.4477135456274386, 58: 4.9403707155048195, 59: 6.417640336413703, 60: 1.459929374315577, 61: 0.4553856614523466, 62: 0.4296436067920455, 63: 0.95622946586098, 64: 6.446745430236692, 65: 1.4517813923039844, 66: 2.951498610140134, 67: 3.939095426706615, 68: 1.9498458420974898, 69: 5.951382784560453, 70: 0.47050241146407357, 71: 1.4318947746542694, 72: 1.4492191196049804, 73: 1.4540831396853884, 74: 1.466768111831069, 75: 0.44789334668751735, 76: 2.4495495581694877, 77: 5.932666936178519, 78: 1.4229235239053701, 79: 0.4675872592959045, 80: 0.4556299151417815, 81: 0.9560755275794737, 82: 0.4372565751869677, 83: 1.4546855098341624, 84: 2.462791246614107, 85: 1.9259520938126382, 86: 1.4350901282129962, 87: 0.9435898799957151, 88: 1.9350311046027666, 89: 2.461535154775044, 90: 2.452475770208802, 91: 1.4288791949328372, 92: 1.9597973616053244, 93: 2.430127990384648, 94: 0.4392865800289689, 95: 2.9618006146608638, 96: 1.9636201656996075, 97: 0.9529542283522612, 98: 0.9510673577521377, 99: 3.462366949944836}
2025-01-28 05:35:32 - WARNING  - Sum of s_i: 214.55915512757923
2025-01-28 05:35:47 - WARNING  - Shapley share: {29: -0.2999999999999997, 91: 0.20000000000000018, 88: 0.30000000000000027, 54: 0.10000000000000009, 27: -0.34999999999999976, 43: 0.30000000000000027, 30: 0.15000000000000013, 49: 0.20000000000000018, 16: -0.40000000000000036, 8: -0.24999999999999967}
2025-01-28 05:35:52 - WARNING  - Epoch:   259. Accuracy: Top-1: 79.48 | Loss: value: 0.59
2025-01-28 05:35:52 - WARNING  - Epoch 259
2025-01-28 05:35:52 - WARNING  - s_i: {0: 0.956922547855268, 1: 5.457433232307016, 2: 2.945326390071991, 3: 0.9509401523763858, 4: 0.4417941686141882, 5: 0.49008843207373154, 6: 1.4797665947230332, 7: 0.4153185621118496, 8: 0.45153847819189935, 9: 0.4525354599321294, 10: 3.9591390356159035, 11: 2.432188553121348, 12: 0.454648184740458, 13: 3.9495182266289004, 14: 0.44747068466821416, 15: 1.4569835823566981, 16: 2.9493921875784714, 17: 2.927664443086242, 18: 1.9534005910574765, 19: 5.929564447476318, 20: 2.936269929709944, 21: 4.921337223149906, 22: 2.4062840713194618, 23: 1.4340601667991084, 24: 3.416658280942737, 25: 1.4003181781144887, 26: 0.9593944527378137, 27: 0.939645350950092, 28: 2.4362247147615275, 29: 1.4877459278971947, 30: 6.921180604479336, 31: 0.4160189103467702, 32: 1.9569067265759137, 33: 0.9496596354555416, 34: 1.9624891857258995, 35: 1.9183470374673863, 36: 2.931511776127551, 37: 3.9279649195859903, 38: 0.9425634667056403, 39: 6.43707323143181, 40: 1.4226325484838056, 41: 3.4354682277699755, 42: 0.4340722501080858, 43: 3.927121809013852, 44: 0.45602068135115914, 45: 3.9302674715075243, 46: 1.454657649873996, 47: 3.470721337443533, 48: 0.9546540778782266, 49: 2.9537232514992047, 50: 2.4559570288189447, 51: 4.424924251161161, 52: 6.452213021008596, 53: 0.9153318998483901, 54: 2.970776539440603, 55: 1.479411804201641, 56: 0.4398239681125312, 57: 1.4477135456274386, 58: 4.9403707155048195, 59: 6.417640336413703, 60: 1.459929374315577, 61: 0.4553856614523466, 62: 0.4296436067920455, 63: 0.95622946586098, 64: 6.446745430236692, 65: 1.4517813923039844, 66: 2.951498610140134, 67: 3.939095426706615, 68: 1.9498458420974898, 69: 5.951382784560453, 70: 0.47050241146407357, 71: 1.4318947746542694, 72: 1.4492191196049804, 73: 1.4540831396853884, 74: 1.466768111831069, 75: 0.44789334668751735, 76: 2.4495495581694877, 77: 5.932666936178519, 78: 1.4229235239053701, 79: 0.4675872592959045, 80: 0.4556299151417815, 81: 0.9560755275794737, 82: 0.4372565751869677, 83: 1.4546855098341624, 84: 2.462791246614107, 85: 1.9259520938126382, 86: 1.4350901282129962, 87: 0.9435898799957151, 88: 4.930033497264521, 89: 2.461535154775044, 90: 2.452475770208802, 91: 3.424695618164182, 92: 1.9597973616053244, 93: 2.430127990384648, 94: 0.4392865800289689, 95: 2.9618006146608638, 96: 1.9636201656996075, 97: 0.9529542283522612, 98: 0.9510673577521377, 99: 3.462366949944836}
2025-01-28 05:35:52 - WARNING  - Sum of s_i: 227.03224810110075
2025-01-28 05:36:08 - WARNING  - Shapley share: {92: 0.2500000000000002, 37: -0.10000000000000009, 10: 0.3500000000000003, 44: 0.20000000000000018, 42: 0.30000000000000027, 87: 0.3500000000000003, 55: 0.2500000000000002, 32: 0.2500000000000002, 72: 0.10000000000000009, 60: 0.10000000000000009}
2025-01-28 05:36:13 - WARNING  - Epoch:   260. Accuracy: Top-1: 79.11 | Loss: value: 0.59
2025-01-28 05:36:13 - WARNING  - Epoch 260
2025-01-28 05:36:13 - WARNING  - s_i: {0: 0.956922547855268, 1: 5.457433232307016, 2: 2.945326390071991, 3: 0.9509401523763858, 4: 0.4417941686141882, 5: 0.49008843207373154, 6: 1.4797665947230332, 7: 0.4153185621118496, 8: 0.45153847819189935, 9: 0.4525354599321294, 10: 7.454598928462119, 11: 2.432188553121348, 12: 0.454648184740458, 13: 3.9495182266289004, 14: 0.44747068466821416, 15: 1.4569835823566981, 16: 2.9493921875784714, 17: 2.927664443086242, 18: 1.9534005910574765, 19: 5.929564447476318, 20: 2.936269929709944, 21: 4.921337223149906, 22: 2.4062840713194618, 23: 1.4340601667991084, 24: 3.416658280942737, 25: 1.4003181781144887, 26: 0.9593944527378137, 27: 0.939645350950092, 28: 2.4362247147615275, 29: 1.4877459278971947, 30: 6.921180604479336, 31: 0.4160189103467702, 32: 4.4525973992335075, 33: 0.9496596354555416, 34: 1.9624891857258995, 35: 1.9183470374673863, 36: 2.931511776127551, 37: 2.9234627270601137, 38: 0.9425634667056403, 39: 6.43707323143181, 40: 1.4226325484838056, 41: 3.4354682277699755, 42: 3.4296770667819603, 43: 3.927121809013852, 44: 2.451622749486277, 45: 3.9302674715075243, 46: 1.454657649873996, 47: 3.470721337443533, 48: 0.9546540778782266, 49: 2.9537232514992047, 50: 2.4559570288189447, 51: 4.424924251161161, 52: 6.452213021008596, 53: 0.9153318998483901, 54: 2.970776539440603, 55: 3.975294165041974, 56: 0.4398239681125312, 57: 1.4477135456274386, 58: 4.9403707155048195, 59: 6.417640336413703, 60: 2.4559223117471367, 61: 0.4553856614523466, 62: 0.4296436067920455, 63: 0.95622946586098, 64: 6.446745430236692, 65: 1.4517813923039844, 66: 2.951498610140134, 67: 3.939095426706615, 68: 1.9498458420974898, 69: 5.951382784560453, 70: 0.47050241146407357, 71: 1.4318947746542694, 72: 2.444602675932706, 73: 1.4540831396853884, 74: 1.466768111831069, 75: 0.44789334668751735, 76: 2.4495495581694877, 77: 5.932666936178519, 78: 1.4229235239053701, 79: 0.4675872592959045, 80: 0.4556299151417815, 81: 0.9560755275794737, 82: 0.4372565751869677, 83: 1.4546855098341624, 84: 2.462791246614107, 85: 1.9259520938126382, 86: 1.4350901282129962, 87: 4.438889036662027, 88: 4.930033497264521, 89: 2.461535154775044, 90: 2.452475770208802, 91: 3.424695618164182, 92: 4.455330401783697, 93: 2.430127990384648, 94: 0.4392865800289689, 95: 2.9618006146608638, 96: 1.9636201656996075, 97: 0.9529542283522612, 98: 0.9510673577521377, 99: 3.462366949944836}
2025-01-28 05:36:13 - WARNING  - Sum of s_i: 247.488194410332
2025-01-28 05:36:18 - WARNING  - The sum of accs: 72.0
2025-01-28 05:36:18 - WARNING  - The welfare is 71.88866661436086
2025-01-28 05:36:34 - WARNING  - Shapley share: {13: -0.2500000000000002, 34: -0.15000000000000013, 47: -0.5000000000000004, 98: -0.4500000000000004, 24: -0.5499999999999999, 18: -0.6, 26: -0.7999999999999996, 96: -0.8500000000000002, 33: -0.7500000000000001, 93: -0.34999999999999976}
2025-01-28 05:36:39 - WARNING  - Epoch:   261. Accuracy: Top-1: 78.74 | Loss: value: 0.62
2025-01-28 05:36:39 - WARNING  - Epoch 261
2025-01-28 05:36:39 - WARNING  - s_i: {0: 0.956922547855268, 1: 5.457433232307016, 2: 2.945326390071991, 3: 0.9509401523763858, 4: 0.4417941686141882, 5: 0.49008843207373154, 6: 1.4797665947230332, 7: 0.4153185621118496, 8: 0.45153847819189935, 9: 0.4525354599321294, 10: 7.454598928462119, 11: 2.432188553121348, 12: 0.454648184740458, 13: 1.444928974504251, 14: 0.44747068466821416, 15: 1.4569835823566981, 16: 2.9493921875784714, 17: 2.927664443086242, 18: 1.9534005910574765, 19: 5.929564447476318, 20: 2.936269929709944, 21: 4.921337223149906, 22: 2.4062840713194618, 23: 1.4340601667991084, 24: 3.416658280942737, 25: 1.4003181781144887, 26: 0.9593944527378137, 27: 0.939645350950092, 28: 2.4362247147615275, 29: 1.4877459278971947, 30: 6.921180604479336, 31: 0.4160189103467702, 32: 4.4525973992335075, 33: 0.9496596354555416, 34: 0.4578003339416352, 35: 1.9183470374673863, 36: 2.931511776127551, 37: 2.9234627270601137, 38: 0.9425634667056403, 39: 6.43707323143181, 40: 1.4226325484838056, 41: 3.4354682277699755, 42: 3.4296770667819603, 43: 3.927121809013852, 44: 2.451622749486277, 45: 3.9302674715075243, 46: 1.454657649873996, 47: 3.470721337443533, 48: 0.9546540778782266, 49: 2.9537232514992047, 50: 2.4559570288189447, 51: 4.424924251161161, 52: 6.452213021008596, 53: 0.9153318998483901, 54: 2.970776539440603, 55: 3.975294165041974, 56: 0.4398239681125312, 57: 1.4477135456274386, 58: 4.9403707155048195, 59: 6.417640336413703, 60: 2.4559223117471367, 61: 0.4553856614523466, 62: 0.4296436067920455, 63: 0.95622946586098, 64: 6.446745430236692, 65: 1.4517813923039844, 66: 2.951498610140134, 67: 3.939095426706615, 68: 1.9498458420974898, 69: 5.951382784560453, 70: 0.47050241146407357, 71: 1.4318947746542694, 72: 2.444602675932706, 73: 1.4540831396853884, 74: 1.466768111831069, 75: 0.44789334668751735, 76: 2.4495495581694877, 77: 5.932666936178519, 78: 1.4229235239053701, 79: 0.4675872592959045, 80: 0.4556299151417815, 81: 0.9560755275794737, 82: 0.4372565751869677, 83: 1.4546855098341624, 84: 2.462791246614107, 85: 1.9259520938126382, 86: 1.4350901282129962, 87: 4.438889036662027, 88: 4.930033497264521, 89: 2.461535154775044, 90: 2.452475770208802, 91: 3.424695618164182, 92: 4.455330401783697, 93: 2.430127990384648, 94: 0.4392865800289689, 95: 2.9618006146608638, 96: 1.9636201656996075, 97: 0.9529542283522612, 98: 0.9510673577521377, 99: 3.462366949944836}
2025-01-28 05:36:39 - WARNING  - Sum of s_i: 243.4789163064231
2025-01-28 05:36:56 - WARNING  - Shapley share: {59: 0.10000000000000009, 81: -0.050000000000000044, 35: -0.30000000000000027, 98: 0.10000000000000009, 93: -0.20000000000000018, 72: -0.65, 14: -0.20000000000000018, 46: 0.050000000000000044, 24: -0.15000000000000013, 2: -0.44999999999999984}
2025-01-28 05:37:00 - WARNING  - Epoch:   262. Accuracy: Top-1: 80.62 | Loss: value: 0.57
2025-01-28 05:37:00 - WARNING  - Epoch 262
2025-01-28 05:37:00 - WARNING  - s_i: {0: 0.956922547855268, 1: 5.457433232307016, 2: 2.945326390071991, 3: 0.9509401523763858, 4: 0.4417941686141882, 5: 0.49008843207373154, 6: 1.4797665947230332, 7: 0.4153185621118496, 8: 0.45153847819189935, 9: 0.4525354599321294, 10: 7.454598928462119, 11: 2.432188553121348, 12: 0.454648184740458, 13: 1.444928974504251, 14: 0.44747068466821416, 15: 1.4569835823566981, 16: 2.9493921875784714, 17: 2.927664443086242, 18: 1.9534005910574765, 19: 5.929564447476318, 20: 2.936269929709944, 21: 4.921337223149906, 22: 2.4062840713194618, 23: 1.4340601667991084, 24: 1.9122718746765637, 25: 1.4003181781144887, 26: 0.9593944527378137, 27: 0.939645350950092, 28: 2.4362247147615275, 29: 1.4877459278971947, 30: 6.921180604479336, 31: 0.4160189103467702, 32: 4.4525973992335075, 33: 0.9496596354555416, 34: 0.4578003339416352, 35: 1.9183470374673863, 36: 2.931511776127551, 37: 2.9234627270601137, 38: 0.9425634667056403, 39: 6.43707323143181, 40: 1.4226325484838056, 41: 3.4354682277699755, 42: 3.4296770667819603, 43: 3.927121809013852, 44: 2.451622749486277, 45: 3.9302674715075243, 46: 1.9505356180443596, 47: 3.470721337443533, 48: 0.9546540778782266, 49: 2.9537232514992047, 50: 2.4559570288189447, 51: 4.424924251161161, 52: 6.452213021008596, 53: 0.9153318998483901, 54: 2.970776539440603, 55: 3.975294165041974, 56: 0.4398239681125312, 57: 1.4477135456274386, 58: 4.9403707155048195, 59: 7.413522353234388, 60: 2.4559223117471367, 61: 0.4553856614523466, 62: 0.4296436067920455, 63: 0.95622946586098, 64: 6.446745430236692, 65: 1.4517813923039844, 66: 2.951498610140134, 67: 3.939095426706615, 68: 1.9498458420974898, 69: 5.951382784560453, 70: 0.47050241146407357, 71: 1.4318947746542694, 72: 2.444602675932706, 73: 1.4540831396853884, 74: 1.466768111831069, 75: 0.44789334668751735, 76: 2.4495495581694877, 77: 5.932666936178519, 78: 1.4229235239053701, 79: 0.4675872592959045, 80: 0.4556299151417815, 81: 0.45168308033742033, 82: 0.4372565751869677, 83: 1.4546855098341624, 84: 2.462791246614107, 85: 1.9259520938126382, 86: 1.4350901282129962, 87: 4.438889036662027, 88: 4.930033497264521, 89: 2.461535154775044, 90: 2.452475770208802, 91: 3.424695618164182, 92: 4.455330401783697, 93: 0.425469856410289, 94: 0.4392865800289689, 95: 2.9618006146608638, 96: 1.9636201656996075, 97: 0.9529542283522612, 98: 1.9466189357296058, 99: 3.462366949944836}
2025-01-28 05:37:00 - WARNING  - Sum of s_i: 241.952790881909
2025-01-28 05:37:16 - WARNING  - Shapley share: {14: -0.40000000000000036, 38: 0.10000000000000009, 18: -0.2500000000000002, 5: -0.20000000000000018, 33: -0.2500000000000002, 96: -0.4500000000000004, 24: -0.10000000000000009, 27: -0.20000000000000018, 10: 0.8999999999999997, 40: 0.49999999999999933}
2025-01-28 05:37:20 - WARNING  - Epoch:   263. Accuracy: Top-1: 78.67 | Loss: value: 0.62
2025-01-28 05:37:20 - WARNING  - Epoch 263
2025-01-28 05:37:20 - WARNING  - s_i: {0: 0.956922547855268, 1: 5.457433232307016, 2: 2.945326390071991, 3: 0.9509401523763858, 4: 0.4417941686141882, 5: 0.49008843207373154, 6: 1.4797665947230332, 7: 0.4153185621118496, 8: 0.45153847819189935, 9: 0.4525354599321294, 10: 7.454598928462119, 11: 2.432188553121348, 12: 0.454648184740458, 13: 1.444928974504251, 14: 0.44747068466821416, 15: 1.4569835823566981, 16: 2.9493921875784714, 17: 2.927664443086242, 18: 1.9534005910574765, 19: 5.929564447476318, 20: 2.936269929709944, 21: 4.921337223149906, 22: 2.4062840713194618, 23: 1.4340601667991084, 24: 0.9078854684103908, 25: 1.4003181781144887, 26: 0.9593944527378137, 27: 0.939645350950092, 28: 2.4362247147615275, 29: 1.4877459278971947, 30: 6.921180604479336, 31: 0.4160189103467702, 32: 4.4525973992335075, 33: 0.9496596354555416, 34: 0.4578003339416352, 35: 1.9183470374673863, 36: 2.931511776127551, 37: 2.9234627270601137, 38: 1.9377770889311106, 39: 6.43707323143181, 40: 6.418560577351368, 41: 3.4354682277699755, 42: 3.4296770667819603, 43: 3.927121809013852, 44: 2.451622749486277, 45: 3.9302674715075243, 46: 1.9505356180443596, 47: 3.470721337443533, 48: 0.9546540778782266, 49: 2.9537232514992047, 50: 2.4559570288189447, 51: 4.424924251161161, 52: 6.452213021008596, 53: 0.9153318998483901, 54: 2.970776539440603, 55: 3.975294165041974, 56: 0.4398239681125312, 57: 1.4477135456274386, 58: 4.9403707155048195, 59: 7.413522353234388, 60: 2.4559223117471367, 61: 0.4553856614523466, 62: 0.4296436067920455, 63: 0.95622946586098, 64: 6.446745430236692, 65: 1.4517813923039844, 66: 2.951498610140134, 67: 3.939095426706615, 68: 1.9498458420974898, 69: 5.951382784560453, 70: 0.47050241146407357, 71: 1.4318947746542694, 72: 2.444602675932706, 73: 1.4540831396853884, 74: 1.466768111831069, 75: 0.44789334668751735, 76: 2.4495495581694877, 77: 5.932666936178519, 78: 1.4229235239053701, 79: 0.4675872592959045, 80: 0.4556299151417815, 81: 0.45168308033742033, 82: 0.4372565751869677, 83: 1.4546855098341624, 84: 2.462791246614107, 85: 1.9259520938126382, 86: 1.4350901282129962, 87: 4.438889036662027, 88: 4.930033497264521, 89: 2.461535154775044, 90: 2.452475770208802, 91: 3.424695618164182, 92: 4.455330401783697, 93: 0.425469856410289, 94: 0.4392865800289689, 95: 2.9618006146608638, 96: 1.9636201656996075, 97: 0.9529542283522612, 98: 1.9466189357296058, 99: 3.462366949944836}
2025-01-28 05:37:20 - WARNING  - Sum of s_i: 246.93954612673588
2025-01-28 05:37:37 - WARNING  - Shapley share: {35: -0.15000000000000013, 11: -0.10000000000000009, 98: 0.0, 20: -0.20000000000000018, 40: 0.15000000000000013, 23: 0.20000000000000018, 4: 0.19999999999999962, 81: 0.09999999999999953, 94: 0.14999999999999958, 65: 0.20000000000000018}
2025-01-28 05:37:42 - WARNING  - Epoch:   264. Accuracy: Top-1: 78.82 | Loss: value: 0.61
2025-01-28 05:37:42 - WARNING  - Epoch 264
2025-01-28 05:37:42 - WARNING  - s_i: {0: 0.956922547855268, 1: 5.457433232307016, 2: 2.945326390071991, 3: 0.9509401523763858, 4: 2.436943682665367, 5: 0.49008843207373154, 6: 1.4797665947230332, 7: 0.4153185621118496, 8: 0.45153847819189935, 9: 0.4525354599321294, 10: 7.454598928462119, 11: 1.427667789996104, 12: 0.454648184740458, 13: 1.444928974504251, 14: 0.44747068466821416, 15: 1.4569835823566981, 16: 2.9493921875784714, 17: 2.927664443086242, 18: 1.9534005910574765, 19: 5.929564447476318, 20: 0.9317177818320816, 21: 4.921337223149906, 22: 2.4062840713194618, 23: 3.4293501787133307, 24: 0.9078854684103908, 25: 1.4003181781144887, 26: 0.9593944527378137, 27: 0.939645350950092, 28: 2.4362247147615275, 29: 1.4877459278971947, 30: 6.921180604479336, 31: 0.4160189103467702, 32: 4.4525973992335075, 33: 0.9496596354555416, 34: 0.4578003339416352, 35: 0.41404951312356264, 36: 2.931511776127551, 37: 2.9234627270601137, 38: 1.9377770889311106, 39: 6.43707323143181, 40: 7.914488606218938, 41: 3.4354682277699755, 42: 3.4296770667819603, 43: 3.927121809013852, 44: 2.451622749486277, 45: 3.9302674715075243, 46: 1.9505356180443596, 47: 3.470721337443533, 48: 0.9546540778782266, 49: 2.9537232514992047, 50: 2.4559570288189447, 51: 4.424924251161161, 52: 6.452213021008596, 53: 0.9153318998483901, 54: 2.970776539440603, 55: 3.975294165041974, 56: 0.4398239681125312, 57: 1.4477135456274386, 58: 4.9403707155048195, 59: 7.413522353234388, 60: 2.4559223117471367, 61: 0.4553856614523466, 62: 0.4296436067920455, 63: 0.95622946586098, 64: 6.446745430236692, 65: 3.447397882513439, 66: 2.951498610140134, 67: 3.939095426706615, 68: 1.9498458420974898, 69: 5.951382784560453, 70: 0.47050241146407357, 71: 1.4318947746542694, 72: 2.444602675932706, 73: 1.4540831396853884, 74: 1.466768111831069, 75: 0.44789334668751735, 76: 2.4495495581694877, 77: 5.932666936178519, 78: 1.4229235239053701, 79: 0.4675872592959045, 80: 0.4556299151417815, 81: 1.4472906330953625, 82: 0.4372565751869677, 83: 1.4546855098341624, 84: 2.462791246614107, 85: 1.9259520938126382, 86: 1.4350901282129962, 87: 4.438889036662027, 88: 4.930033497264521, 89: 2.461535154775044, 90: 2.452475770208802, 91: 3.424695618164182, 92: 4.455330401783697, 93: 0.425469856410289, 94: 1.9349499071738898, 95: 2.9618006146608638, 96: 1.9636201656996075, 97: 0.9529542283522612, 98: 1.942170513707073, 99: 3.462366949944836}
2025-01-28 05:37:42 - WARNING  - Sum of s_i: 252.3949821943117
2025-01-28 05:38:00 - WARNING  - Shapley share: {56: 0.050000000000000044, 5: -0.20000000000000018, 30: -0.050000000000000044, 21: 0.3500000000000003, 64: 5.551115123125783e-16, 27: -0.050000000000000044, 93: 0.20000000000000018, 32: -0.050000000000000044, 23: -0.6499999999999995, 82: -0.49999999999999933}
2025-01-28 05:38:04 - WARNING  - Epoch:   265. Accuracy: Top-1: 78.23 | Loss: value: 0.64
2025-01-28 05:38:04 - WARNING  - Epoch 265
2025-01-28 05:38:04 - WARNING  - s_i: {0: 0.956922547855268, 1: 5.457433232307016, 2: 2.945326390071991, 3: 0.9509401523763858, 4: 2.436943682665367, 5: 0.49008843207373154, 6: 1.4797665947230332, 7: 0.4153185621118496, 8: 0.45153847819189935, 9: 0.4525354599321294, 10: 7.454598928462119, 11: 1.427667789996104, 12: 0.454648184740458, 13: 1.444928974504251, 14: 0.44747068466821416, 15: 1.4569835823566981, 16: 2.9493921875784714, 17: 2.927664443086242, 18: 1.9534005910574765, 19: 5.929564447476318, 20: 0.9317177818320816, 21: 4.921337223149906, 22: 2.4062840713194618, 23: 3.4293501787133307, 24: 0.9078854684103908, 25: 1.4003181781144887, 26: 0.9593944527378137, 27: 0.4353343045893836, 28: 2.4362247147615275, 29: 1.4877459278971947, 30: 6.4165441694487075, 31: 0.4160189103467702, 32: 3.9482880718910986, 33: 0.9496596354555416, 34: 0.4578003339416352, 35: 0.41404951312356264, 36: 2.931511776127551, 37: 2.9234627270601137, 38: 1.9377770889311106, 39: 6.43707323143181, 40: 7.914488606218938, 41: 3.4354682277699755, 42: 3.4296770667819603, 43: 3.927121809013852, 44: 2.451622749486277, 45: 3.9302674715075243, 46: 1.9505356180443596, 47: 3.470721337443533, 48: 0.9546540778782266, 49: 2.9537232514992047, 50: 2.4559570288189447, 51: 4.424924251161161, 52: 6.452213021008596, 53: 0.9153318998483901, 54: 2.970776539440603, 55: 3.975294165041974, 56: 0.935812232653366, 57: 1.4477135456274386, 58: 4.9403707155048195, 59: 7.413522353234388, 60: 2.4559223117471367, 61: 0.4553856614523466, 62: 0.4296436067920455, 63: 0.95622946586098, 64: 6.44190410571276, 65: 3.447397882513439, 66: 2.951498610140134, 67: 3.939095426706615, 68: 1.9498458420974898, 69: 5.951382784560453, 70: 0.47050241146407357, 71: 1.4318947746542694, 72: 2.444602675932706, 73: 1.4540831396853884, 74: 1.466768111831069, 75: 0.44789334668751735, 76: 2.4495495581694877, 77: 5.932666936178519, 78: 1.4229235239053701, 79: 0.4675872592959045, 80: 0.4556299151417815, 81: 1.4472906330953625, 82: 0.4372565751869677, 83: 1.4546855098341624, 84: 2.462791246614107, 85: 1.9259520938126382, 86: 1.4350901282129962, 87: 4.438889036662027, 88: 4.930033497264521, 89: 2.461535154775044, 90: 2.452475770208802, 91: 3.424695618164182, 92: 4.455330401783697, 93: 2.4208117224359333, 94: 1.9349499071738898, 95: 2.9618006146608638, 96: 1.9636201656996075, 97: 0.9529542283522612, 98: 1.942170513707073, 99: 3.462366949944836}
2025-01-28 05:38:04 - WARNING  - Sum of s_i: 253.3682141916205
2025-01-28 05:38:23 - WARNING  - Shapley share: {74: -0.20000000000000018, 69: -0.30000000000000027, 15: 0.15000000000000013, 64: -0.7499999999999996, 75: -0.2999999999999997, 7: -0.6499999999999995, 93: -0.44999999999999984, 80: -0.3999999999999998, 92: -0.44999999999999984, 4: -0.2999999999999997}
2025-01-28 05:38:27 - WARNING  - Epoch:   266. Accuracy: Top-1: 77.44 | Loss: value: 0.66
2025-01-28 05:38:27 - WARNING  - Epoch 266
2025-01-28 05:38:27 - WARNING  - s_i: {0: 0.956922547855268, 1: 5.457433232307016, 2: 2.945326390071991, 3: 0.9509401523763858, 4: 2.436943682665367, 5: 0.49008843207373154, 6: 1.4797665947230332, 7: 0.4153185621118496, 8: 0.45153847819189935, 9: 0.4525354599321294, 10: 7.454598928462119, 11: 1.427667789996104, 12: 0.454648184740458, 13: 1.444928974504251, 14: 0.44747068466821416, 15: 2.9526819405923685, 16: 2.9493921875784714, 17: 2.927664443086242, 18: 1.9534005910574765, 19: 5.929564447476318, 20: 0.9317177818320816, 21: 4.921337223149906, 22: 2.4062840713194618, 23: 3.4293501787133307, 24: 0.9078854684103908, 25: 1.4003181781144887, 26: 0.9593944527378137, 27: 0.4353343045893836, 28: 2.4362247147615275, 29: 1.4877459278971947, 30: 6.4165441694487075, 31: 0.4160189103467702, 32: 3.9482880718910986, 33: 0.9496596354555416, 34: 0.4578003339416352, 35: 0.41404951312356264, 36: 2.931511776127551, 37: 2.9234627270601137, 38: 1.9377770889311106, 39: 6.43707323143181, 40: 7.914488606218938, 41: 3.4354682277699755, 42: 3.4296770667819603, 43: 3.927121809013852, 44: 2.451622749486277, 45: 3.9302674715075243, 46: 1.9505356180443596, 47: 3.470721337443533, 48: 0.9546540778782266, 49: 2.9537232514992047, 50: 2.4559570288189447, 51: 4.424924251161161, 52: 6.452213021008596, 53: 0.9153318998483901, 54: 2.970776539440603, 55: 3.975294165041974, 56: 0.935812232653366, 57: 1.4477135456274386, 58: 4.9403707155048195, 59: 7.413522353234388, 60: 2.4559223117471367, 61: 0.4553856614523466, 62: 0.4296436067920455, 63: 0.95622946586098, 64: 6.44190410571276, 65: 3.447397882513439, 66: 2.951498610140134, 67: 3.939095426706615, 68: 1.9498458420974898, 69: 2.947331349940488, 70: 0.47050241146407357, 71: 1.4318947746542694, 72: 2.444602675932706, 73: 1.4540831396853884, 74: 1.466768111831069, 75: 0.44789334668751735, 76: 2.4495495581694877, 77: 5.932666936178519, 78: 1.4229235239053701, 79: 0.4675872592959045, 80: 0.4556299151417815, 81: 1.4472906330953625, 82: 0.4372565751869677, 83: 1.4546855098341624, 84: 2.462791246614107, 85: 1.9259520938126382, 86: 1.4350901282129962, 87: 4.438889036662027, 88: 4.930033497264521, 89: 2.461535154775044, 90: 2.452475770208802, 91: 3.424695618164182, 92: 4.455330401783697, 93: 2.4208117224359333, 94: 1.9349499071738898, 95: 2.9618006146608638, 96: 1.9636201656996075, 97: 0.9529542283522612, 98: 1.942170513707073, 99: 3.462366949944836}
2025-01-28 05:38:27 - WARNING  - Sum of s_i: 251.85986111523619
2025-01-28 05:38:43 - WARNING  - Shapley share: {78: 0.10000000000000009, 57: 0.10000000000000009, 26: 0.15000000000000013, 31: 0.15000000000000013, 83: 0.2500000000000002, 6: 0.15000000000000013, 85: 0.2500000000000002, 74: 0.15000000000000013, 2: 0.30000000000000027, 94: 0.15000000000000013}
2025-01-28 05:38:47 - WARNING  - Epoch:   267. Accuracy: Top-1: 79.30 | Loss: value: 0.60
2025-01-28 05:38:47 - WARNING  - Epoch 267
2025-01-28 05:38:47 - WARNING  - s_i: {0: 0.956922547855268, 1: 5.457433232307016, 2: 5.941120727769839, 3: 0.9509401523763858, 4: 2.436943682665367, 5: 0.49008843207373154, 6: 2.9757199136676418, 7: 0.4153185621118496, 8: 0.45153847819189935, 9: 0.4525354599321294, 10: 7.454598928462119, 11: 1.427667789996104, 12: 0.454648184740458, 13: 1.444928974504251, 14: 0.44747068466821416, 15: 2.9526819405923685, 16: 2.9493921875784714, 17: 2.927664443086242, 18: 1.9534005910574765, 19: 5.929564447476318, 20: 0.9317177818320816, 21: 4.921337223149906, 22: 2.4062840713194618, 23: 3.4293501787133307, 24: 0.9078854684103908, 25: 1.4003181781144887, 26: 2.455333898011598, 27: 0.4353343045893836, 28: 2.4362247147615275, 29: 1.4877459278971947, 30: 6.4165441694487075, 31: 1.9110788462495223, 32: 3.9482880718910986, 33: 0.9496596354555416, 34: 0.4578003339416352, 35: 0.41404951312356264, 36: 2.931511776127551, 37: 2.9234627270601137, 38: 1.9377770889311106, 39: 6.43707323143181, 40: 7.914488606218938, 41: 3.4354682277699755, 42: 3.4296770667819603, 43: 3.927121809013852, 44: 2.451622749486277, 45: 3.9302674715075243, 46: 1.9505356180443596, 47: 3.470721337443533, 48: 0.9546540778782266, 49: 2.9537232514992047, 50: 2.4559570288189447, 51: 4.424924251161161, 52: 6.452213021008596, 53: 0.9153318998483901, 54: 2.970776539440603, 55: 3.975294165041974, 56: 0.935812232653366, 57: 2.4429602315935695, 58: 4.9403707155048195, 59: 7.413522353234388, 60: 2.4559223117471367, 61: 0.4553856614523466, 62: 0.4296436067920455, 63: 0.95622946586098, 64: 6.44190410571276, 65: 3.447397882513439, 66: 2.951498610140134, 67: 3.939095426706615, 68: 1.9498458420974898, 69: 2.947331349940488, 70: 0.47050241146407357, 71: 1.4318947746542694, 72: 2.444602675932706, 73: 1.4540831396853884, 74: 2.962614125809954, 75: 0.44789334668751735, 76: 2.4495495581694877, 77: 5.932666936178519, 78: 2.418866867268812, 79: 0.4675872592959045, 80: 0.4556299151417815, 81: 1.4472906330953625, 82: 0.4372565751869677, 83: 3.9501540608175802, 84: 2.462791246614107, 85: 4.421324099675931, 86: 1.4350901282129962, 87: 4.438889036662027, 88: 4.930033497264521, 89: 2.461535154775044, 90: 2.452475770208802, 91: 3.424695618164182, 92: 4.455330401783697, 93: 2.4208117224359333, 94: 3.4306132343188165, 95: 2.9618006146608638, 96: 1.9636201656996075, 97: 0.9529542283522612, 98: 1.942170513707073, 99: 3.462366949944836}
2025-01-28 05:38:47 - WARNING  - Sum of s_i: 269.3161480803553
2025-01-28 05:39:07 - WARNING  - Shapley share: {30: -0.2499999999999991, 36: -0.2500000000000002, 95: -0.65, 87: -0.6999999999999995, 17: -0.6, 52: -0.8999999999999997, 23: -0.8499999999999996, 62: -1.0499999999999998, 76: -0.6, 32: -0.8999999999999997}
2025-01-28 05:39:12 - WARNING  - Epoch:   268. Accuracy: Top-1: 78.27 | Loss: value: 0.63
2025-01-28 05:39:12 - WARNING  - Epoch 268
2025-01-28 05:39:12 - WARNING  - s_i: {0: 0.956922547855268, 1: 5.457433232307016, 2: 5.941120727769839, 3: 0.9509401523763858, 4: 2.436943682665367, 5: 0.49008843207373154, 6: 2.9757199136676418, 7: 0.4153185621118496, 8: 0.45153847819189935, 9: 0.4525354599321294, 10: 7.454598928462119, 11: 1.427667789996104, 12: 0.454648184740458, 13: 1.444928974504251, 14: 0.44747068466821416, 15: 2.9526819405923685, 16: 2.9493921875784714, 17: 2.927664443086242, 18: 1.9534005910574765, 19: 5.929564447476318, 20: 0.9317177818320816, 21: 4.921337223149906, 22: 2.4062840713194618, 23: 3.4293501787133307, 24: 0.9078854684103908, 25: 1.4003181781144887, 26: 2.455333898011598, 27: 0.4353343045893836, 28: 2.4362247147615275, 29: 1.4877459278971947, 30: 3.911907734418089, 31: 1.9110788462495223, 32: 3.9482880718910986, 33: 0.9496596354555416, 34: 0.4578003339416352, 35: 0.41404951312356264, 36: 0.4266197601366595, 37: 2.9234627270601137, 38: 1.9377770889311106, 39: 6.43707323143181, 40: 7.914488606218938, 41: 3.4354682277699755, 42: 3.4296770667819603, 43: 3.927121809013852, 44: 2.451622749486277, 45: 3.9302674715075243, 46: 1.9505356180443596, 47: 3.470721337443533, 48: 0.9546540778782266, 49: 2.9537232514992047, 50: 2.4559570288189447, 51: 4.424924251161161, 52: 6.452213021008596, 53: 0.9153318998483901, 54: 2.970776539440603, 55: 3.975294165041974, 56: 0.935812232653366, 57: 2.4429602315935695, 58: 4.9403707155048195, 59: 7.413522353234388, 60: 2.4559223117471367, 61: 0.4553856614523466, 62: 0.4296436067920455, 63: 0.95622946586098, 64: 6.44190410571276, 65: 3.447397882513439, 66: 2.951498610140134, 67: 3.939095426706615, 68: 1.9498458420974898, 69: 2.947331349940488, 70: 0.47050241146407357, 71: 1.4318947746542694, 72: 2.444602675932706, 73: 1.4540831396853884, 74: 2.962614125809954, 75: 0.44789334668751735, 76: 2.4495495581694877, 77: 5.932666936178519, 78: 2.418866867268812, 79: 0.4675872592959045, 80: 0.4556299151417815, 81: 1.4472906330953625, 82: 0.4372565751869677, 83: 3.9501540608175802, 84: 2.462791246614107, 85: 4.421324099675931, 86: 1.4350901282129962, 87: 4.438889036662027, 88: 4.930033497264521, 89: 2.461535154775044, 90: 2.452475770208802, 91: 3.424695618164182, 92: 4.455330401783697, 93: 2.4208117224359333, 94: 3.4306132343188165, 95: 2.9618006146608638, 96: 1.9636201656996075, 97: 0.9529542283522612, 98: 1.942170513707073, 99: 3.462366949944836}
2025-01-28 05:39:12 - WARNING  - Sum of s_i: 264.3066196293338
2025-01-28 05:39:33 - WARNING  - Shapley share: {0: -0.050000000000000044, 57: 0.15000000000000013, 46: 0.10000000000000009, 87: 5.551115123125783e-16, 52: 0.20000000000000018, 59: -0.19999999999999962, 88: -0.44999999999999984, 40: -0.3500000000000003, 68: -0.2999999999999997, 96: -0.2999999999999997}
2025-01-28 05:39:38 - WARNING  - Epoch:   269. Accuracy: Top-1: 77.26 | Loss: value: 0.67
2025-01-28 05:39:38 - WARNING  - Epoch 269
2025-01-28 05:39:38 - WARNING  - s_i: {0: 0.4526148026407948, 1: 5.457433232307016, 2: 5.941120727769839, 3: 0.9509401523763858, 4: 2.436943682665367, 5: 0.49008843207373154, 6: 2.9757199136676418, 7: 0.4153185621118496, 8: 0.45153847819189935, 9: 0.4525354599321294, 10: 7.454598928462119, 11: 1.427667789996104, 12: 0.454648184740458, 13: 1.444928974504251, 14: 0.44747068466821416, 15: 2.9526819405923685, 16: 2.9493921875784714, 17: 2.927664443086242, 18: 1.9534005910574765, 19: 5.929564447476318, 20: 0.9317177818320816, 21: 4.921337223149906, 22: 2.4062840713194618, 23: 3.4293501787133307, 24: 0.9078854684103908, 25: 1.4003181781144887, 26: 2.455333898011598, 27: 0.4353343045893836, 28: 2.4362247147615275, 29: 1.4877459278971947, 30: 3.911907734418089, 31: 1.9110788462495223, 32: 3.9482880718910986, 33: 0.9496596354555416, 34: 0.4578003339416352, 35: 0.41404951312356264, 36: 0.4266197601366595, 37: 2.9234627270601137, 38: 1.9377770889311106, 39: 6.43707323143181, 40: 4.410416635086503, 41: 3.4354682277699755, 42: 3.4296770667819603, 43: 3.927121809013852, 44: 2.451622749486277, 45: 3.9302674715075243, 46: 2.9464135862147236, 47: 3.470721337443533, 48: 0.9546540778782266, 49: 2.9537232514992047, 50: 2.4559570288189447, 51: 4.424924251161161, 52: 6.452213021008596, 53: 0.9153318998483901, 54: 2.970776539440603, 55: 3.975294165041974, 56: 0.935812232653366, 57: 3.9382069175597008, 58: 4.9403707155048195, 59: 5.409404370055077, 60: 2.4559223117471367, 61: 0.4553856614523466, 62: 0.4296436067920455, 63: 0.95622946586098, 64: 6.44190410571276, 65: 3.447397882513439, 66: 2.951498610140134, 67: 3.939095426706615, 68: 1.9498458420974898, 69: 2.947331349940488, 70: 0.47050241146407357, 71: 1.4318947746542694, 72: 2.444602675932706, 73: 1.4540831396853884, 74: 2.962614125809954, 75: 0.44789334668751735, 76: 2.4495495581694877, 77: 5.932666936178519, 78: 2.418866867268812, 79: 0.4675872592959045, 80: 0.4556299151417815, 81: 1.4472906330953625, 82: 0.4372565751869677, 83: 3.9501540608175802, 84: 2.462791246614107, 85: 4.421324099675931, 86: 1.4350901282129962, 87: 4.434188193328342, 88: 0.4250358899262743, 89: 2.461535154775044, 90: 2.452475770208802, 91: 3.424695618164182, 92: 4.455330401783697, 93: 2.4208117224359333, 94: 3.4306132343188165, 95: 2.9618006146608638, 96: 1.9636201656996075, 97: 0.9529542283522612, 98: 1.942170513707073, 99: 3.462366949944836}
2025-01-28 05:39:38 - WARNING  - Sum of s_i: 256.27554813327214
2025-01-28 05:39:57 - WARNING  - Shapley share: {82: 0.050000000000000044, 85: 0.0, 5: -0.10000000000000009, 97: -0.2999999999999997, 46: -0.14999999999999958, 47: -0.2500000000000002, 84: -0.2500000000000002, 90: -0.10000000000000009, 8: 0.050000000000000044, 59: -0.10000000000000009}
2025-01-28 05:40:02 - WARNING  - Epoch:   270. Accuracy: Top-1: 78.57 | Loss: value: 0.64
2025-01-28 05:40:02 - WARNING  - Epoch 270
2025-01-28 05:40:02 - WARNING  - s_i: {0: 0.4526148026407948, 1: 5.457433232307016, 2: 5.941120727769839, 3: 0.9509401523763858, 4: 2.436943682665367, 5: 0.49008843207373154, 6: 2.9757199136676418, 7: 0.4153185621118496, 8: 0.9466923260110899, 9: 0.4525354599321294, 10: 7.454598928462119, 11: 1.427667789996104, 12: 0.454648184740458, 13: 1.444928974504251, 14: 0.44747068466821416, 15: 2.9526819405923685, 16: 2.9493921875784714, 17: 2.927664443086242, 18: 1.9534005910574765, 19: 5.929564447476318, 20: 0.9317177818320816, 21: 4.921337223149906, 22: 2.4062840713194618, 23: 3.4293501787133307, 24: 0.9078854684103908, 25: 1.4003181781144887, 26: 2.455333898011598, 27: 0.4353343045893836, 28: 2.4362247147615275, 29: 1.4877459278971947, 30: 3.911907734418089, 31: 1.9110788462495223, 32: 3.9482880718910986, 33: 0.9496596354555416, 34: 0.4578003339416352, 35: 0.41404951312356264, 36: 0.4266197601366595, 37: 2.9234627270601137, 38: 1.9377770889311106, 39: 6.43707323143181, 40: 4.410416635086503, 41: 3.4354682277699755, 42: 3.4296770667819603, 43: 3.927121809013852, 44: 2.451622749486277, 45: 3.9302674715075243, 46: 1.4422915543850907, 47: 0.9658415603507864, 48: 0.9546540778782266, 49: 2.9537232514992047, 50: 2.4559570288189447, 51: 4.424924251161161, 52: 6.452213021008596, 53: 0.9153318998483901, 54: 2.970776539440603, 55: 3.975294165041974, 56: 0.935812232653366, 57: 3.9382069175597008, 58: 4.9403707155048195, 59: 4.40528638687576, 60: 2.4559223117471367, 61: 0.4553856614523466, 62: 0.4296436067920455, 63: 0.95622946586098, 64: 6.44190410571276, 65: 3.447397882513439, 66: 2.951498610140134, 67: 3.939095426706615, 68: 1.9498458420974898, 69: 2.947331349940488, 70: 0.47050241146407357, 71: 1.4318947746542694, 72: 2.444602675932706, 73: 1.4540831396853884, 74: 2.962614125809954, 75: 0.44789334668751735, 76: 2.4495495581694877, 77: 5.932666936178519, 78: 2.418866867268812, 79: 0.4675872592959045, 80: 0.4556299151417815, 81: 1.4472906330953625, 82: 0.9324301578936585, 83: 3.9501540608175802, 84: 2.462791246614107, 85: 4.416696105539221, 86: 1.4350901282129962, 87: 4.434188193328342, 88: 0.4250358899262743, 89: 2.461535154775044, 90: 1.4481553856823277, 91: 3.424695618164182, 92: 4.455330401783697, 93: 2.4208117224359333, 94: 3.4306132343188165, 95: 2.9618006146608638, 96: 1.9636201656996075, 97: 0.9529542283522612, 98: 1.942170513707073, 99: 3.462366949944836}
2025-01-28 05:40:02 - WARNING  - Sum of s_i: 251.2438073930331
2025-01-28 05:40:08 - WARNING  - The sum of accs: 73.0
2025-01-28 05:40:08 - WARNING  - The welfare is 72.88742060447473
2025-01-28 05:40:26 - WARNING  - Shapley share: {43: 0.050000000000000044, 35: -0.3500000000000003, 54: 0.0, 34: 0.0, 73: -0.15000000000000013, 60: 0.050000000000000044, 89: 0.20000000000000018, 85: -0.3500000000000003, 57: -0.40000000000000036, 8: -0.5000000000000004}
2025-01-28 05:40:31 - WARNING  - Epoch:   271. Accuracy: Top-1: 79.66 | Loss: value: 0.59
2025-01-28 05:40:31 - WARNING  - Epoch 271
2025-01-28 05:40:31 - WARNING  - s_i: {0: 0.4526148026407948, 1: 5.457433232307016, 2: 5.941120727769839, 3: 0.9509401523763858, 4: 2.436943682665367, 5: 0.49008843207373154, 6: 2.9757199136676418, 7: 0.4153185621118496, 8: 0.9466923260110899, 9: 0.4525354599321294, 10: 7.454598928462119, 11: 1.427667789996104, 12: 0.454648184740458, 13: 1.444928974504251, 14: 0.44747068466821416, 15: 2.9526819405923685, 16: 2.9493921875784714, 17: 2.927664443086242, 18: 1.9534005910574765, 19: 5.929564447476318, 20: 0.9317177818320816, 21: 4.921337223149906, 22: 2.4062840713194618, 23: 3.4293501787133307, 24: 0.9078854684103908, 25: 1.4003181781144887, 26: 2.455333898011598, 27: 0.4353343045893836, 28: 2.4362247147615275, 29: 1.4877459278971947, 30: 3.911907734418089, 31: 1.9110788462495223, 32: 3.9482880718910986, 33: 0.9496596354555416, 34: 0.45311148215737207, 35: 0.41404951312356264, 36: 0.4266197601366595, 37: 2.9234627270601137, 38: 1.9377770889311106, 39: 6.43707323143181, 40: 4.410416635086503, 41: 3.4354682277699755, 42: 3.4296770667819603, 43: 4.422834856602902, 44: 2.451622749486277, 45: 3.9302674715075243, 46: 1.4422915543850907, 47: 0.9658415603507864, 48: 0.9546540778782266, 49: 2.9537232514992047, 50: 2.4559570288189447, 51: 4.424924251161161, 52: 6.452213021008596, 53: 0.9153318998483901, 54: 2.966601759360688, 55: 3.975294165041974, 56: 0.935812232653366, 57: 3.9382069175597008, 58: 4.9403707155048195, 59: 4.40528638687576, 60: 2.951915249178696, 61: 0.4553856614523466, 62: 0.4296436067920455, 63: 0.95622946586098, 64: 6.44190410571276, 65: 3.447397882513439, 66: 2.951498610140134, 67: 3.939095426706615, 68: 1.9498458420974898, 69: 2.947331349940488, 70: 0.47050241146407357, 71: 1.4318947746542694, 72: 2.444602675932706, 73: 1.4540831396853884, 74: 2.962614125809954, 75: 0.44789334668751735, 76: 2.4495495581694877, 77: 5.932666936178519, 78: 2.418866867268812, 79: 0.4675872592959045, 80: 0.4556299151417815, 81: 1.4472906330953625, 82: 0.9324301578936585, 83: 3.9501540608175802, 84: 2.462791246614107, 85: 0.9120681114025082, 86: 1.4350901282129962, 87: 4.434188193328342, 88: 0.4250358899262743, 89: 4.456727049121926, 90: 1.4481553856823277, 91: 3.424695618164182, 92: 4.455330401783697, 93: 2.4208117224359333, 94: 3.4306132343188165, 95: 2.9618006146608638, 96: 1.9636201656996075, 97: 0.9529542283522612, 98: 1.942170513707073, 99: 3.462366949944836}
2025-01-28 05:40:31 - WARNING  - Sum of s_i: 250.71721364639973
2025-01-28 05:40:49 - WARNING  - Shapley share: {11: -0.10000000000000009, 96: -0.050000000000000044, 70: -0.10000000000000009, 99: -0.10000000000000009, 81: -0.15000000000000013, 67: -0.2999999999999997, 10: 0.2500000000000002, 89: -0.050000000000000044, 68: -0.2500000000000002, 39: -0.24999999999999967}
2025-01-28 05:40:54 - WARNING  - Epoch:   272. Accuracy: Top-1: 76.26 | Loss: value: 0.68
2025-01-28 05:40:54 - WARNING  - Epoch 272
2025-01-28 05:40:54 - WARNING  - s_i: {0: 0.4526148026407948, 1: 5.457433232307016, 2: 5.941120727769839, 3: 0.9509401523763858, 4: 2.436943682665367, 5: 0.49008843207373154, 6: 2.9757199136676418, 7: 0.4153185621118496, 8: 0.9466923260110899, 9: 0.4525354599321294, 10: 7.454598928462119, 11: 0.42314702687086037, 12: 0.454648184740458, 13: 1.444928974504251, 14: 0.44747068466821416, 15: 2.9526819405923685, 16: 2.9493921875784714, 17: 2.927664443086242, 18: 1.9534005910574765, 19: 5.929564447476318, 20: 0.9317177818320816, 21: 4.921337223149906, 22: 2.4062840713194618, 23: 3.4293501787133307, 24: 0.9078854684103908, 25: 1.4003181781144887, 26: 2.455333898011598, 27: 0.4353343045893836, 28: 2.4362247147615275, 29: 1.4877459278971947, 30: 3.911907734418089, 31: 1.9110788462495223, 32: 3.9482880718910986, 33: 0.9496596354555416, 34: 0.45311148215737207, 35: 0.41404951312356264, 36: 0.4266197601366595, 37: 2.9234627270601137, 38: 1.9377770889311106, 39: 3.9325784622483715, 40: 4.410416635086503, 41: 3.4354682277699755, 42: 3.4296770667819603, 43: 4.422834856602902, 44: 2.451622749486277, 45: 3.9302674715075243, 46: 1.4422915543850907, 47: 0.9658415603507864, 48: 0.9546540778782266, 49: 2.9537232514992047, 50: 2.4559570288189447, 51: 4.424924251161161, 52: 6.452213021008596, 53: 0.9153318998483901, 54: 2.966601759360688, 55: 3.975294165041974, 56: 0.935812232653366, 57: 3.9382069175597008, 58: 4.9403707155048195, 59: 4.40528638687576, 60: 2.951915249178696, 61: 0.4553856614523466, 62: 0.4296436067920455, 63: 0.95622946586098, 64: 6.44190410571276, 65: 3.447397882513439, 66: 2.951498610140134, 67: 0.935035121820393, 68: 1.9498458420974898, 69: 2.947331349940488, 70: 0.47050241146407357, 71: 1.4318947746542694, 72: 2.444602675932706, 73: 1.4540831396853884, 74: 2.962614125809954, 75: 0.44789334668751735, 76: 2.4495495581694877, 77: 5.932666936178519, 78: 2.418866867268812, 79: 0.4675872592959045, 80: 0.4556299151417815, 81: 1.4472906330953625, 82: 0.9324301578936585, 83: 3.9501540608175802, 84: 2.462791246614107, 85: 0.9120681114025082, 86: 1.4350901282129962, 87: 4.434188193328342, 88: 0.4250358899262743, 89: 3.951918943468806, 90: 1.4481553856823277, 91: 3.424695618164182, 92: 4.455330401783697, 93: 2.4208117224359333, 94: 3.4306132343188165, 95: 2.9618006146608638, 96: 1.4590726864120582, 97: 0.9529542283522612, 98: 1.942170513707073, 99: 2.4576628186879397}
2025-01-28 05:40:54 - WARNING  - Sum of s_i: 242.19007809300726
2025-01-28 05:41:09 - WARNING  - Shapley share: {85: 0.050000000000000044, 8: 0.050000000000000044, 50: -0.050000000000000044, 16: -0.10000000000000009, 53: -0.15000000000000013, 27: 0.0, 12: 0.10000000000000009, 5: 0.050000000000000044, 80: -0.15000000000000013, 78: 0.20000000000000018}
2025-01-28 05:41:13 - WARNING  - Epoch:   273. Accuracy: Top-1: 78.89 | Loss: value: 0.61
2025-01-28 05:41:13 - WARNING  - Epoch 273
2025-01-28 05:41:13 - WARNING  - s_i: {0: 0.4526148026407948, 1: 5.457433232307016, 2: 5.941120727769839, 3: 0.9509401523763858, 4: 2.436943682665367, 5: 0.985132648110598, 6: 2.9757199136676418, 7: 0.4153185621118496, 8: 1.4418461738302804, 9: 0.4525354599321294, 10: 7.454598928462119, 11: 0.42314702687086037, 12: 1.4501130032145049, 13: 1.444928974504251, 14: 0.44747068466821416, 15: 2.9526819405923685, 16: 1.9451748698766773, 17: 2.927664443086242, 18: 1.9534005910574765, 19: 5.929564447476318, 20: 0.9317177818320816, 21: 4.921337223149906, 22: 2.4062840713194618, 23: 3.4293501787133307, 24: 0.9078854684103908, 25: 1.4003181781144887, 26: 2.455333898011598, 27: 0.43102325822867554, 28: 2.4362247147615275, 29: 1.4877459278971947, 30: 3.911907734418089, 31: 1.9110788462495223, 32: 3.9482880718910986, 33: 0.9496596354555416, 34: 0.45311148215737207, 35: 0.41404951312356264, 36: 0.4266197601366595, 37: 2.9234627270601137, 38: 1.9377770889311106, 39: 3.9325784622483715, 40: 4.410416635086503, 41: 3.4354682277699755, 42: 3.4296770667819603, 43: 4.422834856602902, 44: 2.451622749486277, 45: 3.9302674715075243, 46: 1.4422915543850907, 47: 0.9658415603507864, 48: 0.9546540778782266, 49: 2.9537232514992047, 50: 1.9519531223479396, 51: 4.424924251161161, 52: 6.452213021008596, 53: 0.9153318998483901, 54: 2.966601759360688, 55: 3.975294165041974, 56: 0.935812232653366, 57: 3.9382069175597008, 58: 4.9403707155048195, 59: 4.40528638687576, 60: 2.951915249178696, 61: 0.4553856614523466, 62: 0.4296436067920455, 63: 0.95622946586098, 64: 6.44190410571276, 65: 3.447397882513439, 66: 2.951498610140134, 67: 0.935035121820393, 68: 1.9498458420974898, 69: 2.947331349940488, 70: 0.47050241146407357, 71: 1.4318947746542694, 72: 2.444602675932706, 73: 1.4540831396853884, 74: 2.962614125809954, 75: 0.44789334668751735, 76: 2.4495495581694877, 77: 5.932666936178519, 78: 4.414810210632254, 79: 0.4675872592959045, 80: 0.4556299151417815, 81: 1.4472906330953625, 82: 0.9324301578936585, 83: 3.9501540608175802, 84: 2.462791246614107, 85: 1.407440117265799, 86: 1.4350901282129962, 87: 4.434188193328342, 88: 0.4250358899262743, 89: 3.951918943468806, 90: 1.4481553856823277, 91: 3.424695618164182, 92: 4.455330401783697, 93: 2.4208117224359333, 94: 3.4306132343188165, 95: 2.9618006146608638, 96: 1.4590726864120582, 97: 0.9529542283522612, 98: 1.942170513707073, 99: 2.4576628186879397}
2025-01-28 05:41:13 - WARNING  - Sum of s_i: 245.1545240540306
2025-01-28 05:41:32 - WARNING  - Shapley share: {61: 0.050000000000000044, 52: 0.0, 97: -0.15000000000000013, 55: 0.0, 23: -0.15000000000000013, 73: -0.050000000000000044, 9: -0.2999999999999997, 77: -0.30000000000000027, 71: -0.49999999999999933, 10: -0.2999999999999997}
2025-01-28 05:41:37 - WARNING  - Epoch:   274. Accuracy: Top-1: 78.86 | Loss: value: 0.61
2025-01-28 05:41:37 - WARNING  - Epoch 274
2025-01-28 05:41:37 - WARNING  - s_i: {0: 0.4526148026407948, 1: 5.457433232307016, 2: 5.941120727769839, 3: 0.9509401523763858, 4: 2.436943682665367, 5: 0.985132648110598, 6: 2.9757199136676418, 7: 0.4153185621118496, 8: 1.4418461738302804, 9: 0.4525354599321294, 10: 4.450058821308334, 11: 0.42314702687086037, 12: 1.4501130032145049, 13: 1.444928974504251, 14: 0.44747068466821416, 15: 2.9526819405923685, 16: 1.9451748698766773, 17: 2.927664443086242, 18: 1.9534005910574765, 19: 5.929564447476318, 20: 0.9317177818320816, 21: 4.921337223149906, 22: 2.4062840713194618, 23: 1.92464019062755, 24: 0.9078854684103908, 25: 1.4003181781144887, 26: 2.455333898011598, 27: 0.43102325822867554, 28: 2.4362247147615275, 29: 1.4877459278971947, 30: 3.911907734418089, 31: 1.9110788462495223, 32: 3.9482880718910986, 33: 0.9496596354555416, 34: 0.45311148215737207, 35: 0.41404951312356264, 36: 0.4266197601366595, 37: 2.9234627270601137, 38: 1.9377770889311106, 39: 3.9325784622483715, 40: 4.410416635086503, 41: 3.4354682277699755, 42: 3.4296770667819603, 43: 4.422834856602902, 44: 2.451622749486277, 45: 3.9302674715075243, 46: 1.4422915543850907, 47: 0.9658415603507864, 48: 0.9546540778782266, 49: 2.9537232514992047, 50: 1.9519531223479396, 51: 4.424924251161161, 52: 6.447434323109456, 53: 0.9153318998483901, 54: 2.966601759360688, 55: 3.971176525882305, 56: 0.935812232653366, 57: 3.9382069175597008, 58: 4.9403707155048195, 59: 4.40528638687576, 60: 2.951915249178696, 61: 0.9504285127248303, 62: 0.4296436067920455, 63: 0.95622946586098, 64: 6.44190410571276, 65: 3.447397882513439, 66: 2.951498610140134, 67: 0.935035121820393, 68: 1.9498458420974898, 69: 2.947331349940488, 70: 0.47050241146407357, 71: 1.4318947746542694, 72: 2.444602675932706, 73: 0.9494914536539273, 74: 2.962614125809954, 75: 0.44789334668751735, 76: 2.4495495581694877, 77: 2.927857431619839, 78: 4.414810210632254, 79: 0.4675872592959045, 80: 0.4556299151417815, 81: 1.4472906330953625, 82: 0.9324301578936585, 83: 3.9501540608175802, 84: 2.462791246614107, 85: 1.407440117265799, 86: 1.4350901282129962, 87: 4.434188193328342, 88: 0.4250358899262743, 89: 3.951918943468806, 90: 1.4481553856823277, 91: 3.424695618164182, 92: 4.455330401783697, 93: 2.4208117224359333, 94: 3.4306132343188165, 95: 2.9618006146608638, 96: 1.4590726864120582, 97: 0.9529542283522612, 98: 1.942170513707073, 99: 2.4576628186879397}
2025-01-28 05:41:37 - WARNING  - Sum of s_i: 237.62201928241456
2025-01-28 05:41:53 - WARNING  - Shapley share: {83: 0.0, 70: -0.10000000000000009, 54: -0.2500000000000002, 75: 0.0, 14: 0.050000000000000044, 13: -0.050000000000000044, 80: 0.15000000000000013, 0: 0.15000000000000013, 57: 0.2500000000000002, 61: 0.20000000000000018}
2025-01-28 05:41:57 - WARNING  - Epoch:   275. Accuracy: Top-1: 79.02 | Loss: value: 0.60
2025-01-28 05:41:57 - WARNING  - Epoch 275
2025-01-28 05:41:57 - WARNING  - s_i: {0: 1.9483070574263235, 1: 5.457433232307016, 2: 5.941120727769839, 3: 0.9509401523763858, 4: 2.436943682665367, 5: 0.985132648110598, 6: 2.9757199136676418, 7: 0.4153185621118496, 8: 1.4418461738302804, 9: 0.4525354599321294, 10: 4.450058821308334, 11: 0.42314702687086037, 12: 1.4501130032145049, 13: 0.9403397223796036, 14: 0.9430932417238977, 15: 2.9526819405923685, 16: 1.9451748698766773, 17: 2.927664443086242, 18: 1.9534005910574765, 19: 5.929564447476318, 20: 0.9317177818320816, 21: 4.921337223149906, 22: 2.4062840713194618, 23: 1.92464019062755, 24: 0.9078854684103908, 25: 1.4003181781144887, 26: 2.455333898011598, 27: 0.43102325822867554, 28: 2.4362247147615275, 29: 1.4877459278971947, 30: 3.911907734418089, 31: 1.9110788462495223, 32: 3.9482880718910986, 33: 0.9496596354555416, 34: 0.45311148215737207, 35: 0.41404951312356264, 36: 0.4266197601366595, 37: 2.9234627270601137, 38: 1.9377770889311106, 39: 3.9325784622483715, 40: 4.410416635086503, 41: 3.4354682277699755, 42: 3.4296770667819603, 43: 4.422834856602902, 44: 2.451622749486277, 45: 3.9302674715075243, 46: 1.4422915543850907, 47: 0.9658415603507864, 48: 0.9546540778782266, 49: 2.9537232514992047, 50: 1.9519531223479396, 51: 4.424924251161161, 52: 6.447434323109456, 53: 0.9153318998483901, 54: 0.4624269792807705, 55: 3.971176525882305, 56: 0.935812232653366, 57: 6.433453603525833, 58: 4.9403707155048195, 59: 4.40528638687576, 60: 2.951915249178696, 61: 2.9454713639973154, 62: 0.4296436067920455, 63: 0.95622946586098, 64: 6.44190410571276, 65: 3.447397882513439, 66: 2.951498610140134, 67: 0.935035121820393, 68: 1.9498458420974898, 69: 2.947331349940488, 70: 0.47050241146407357, 71: 1.4318947746542694, 72: 2.444602675932706, 73: 0.9494914536539273, 74: 2.962614125809954, 75: 0.44315637820456494, 76: 2.4495495581694877, 77: 2.927857431619839, 78: 4.414810210632254, 79: 0.4675872592959045, 80: 1.9515962710637624, 81: 1.4472906330953625, 82: 0.9324301578936585, 83: 3.945622611800996, 84: 2.462791246614107, 85: 1.407440117265799, 86: 1.4350901282129962, 87: 4.434188193328342, 88: 0.4250358899262743, 89: 3.951918943468806, 90: 1.4481553856823277, 91: 3.424695618164182, 92: 4.455330401783697, 93: 2.4208117224359333, 94: 3.4306132343188165, 95: 2.9618006146608638, 96: 1.4590726864120582, 97: 0.9529542283522612, 98: 1.942170513707073, 99: 2.4576628186879397}
2025-01-28 05:41:57 - WARNING  - Sum of s_i: 242.58155753771226
2025-01-28 05:42:15 - WARNING  - Shapley share: {66: -0.44999999999999984, 10: -0.44999999999999984, 31: -0.5499999999999999, 7: -0.20000000000000018, 89: 0.10000000000000009, 35: -0.15000000000000013, 1: -0.15000000000000013, 49: -0.6, 86: -0.5499999999999999, 32: -0.6}
2025-01-28 05:42:19 - WARNING  - Epoch:   276. Accuracy: Top-1: 79.58 | Loss: value: 0.60
2025-01-28 05:42:19 - WARNING  - Epoch 276
2025-01-28 05:42:19 - WARNING  - s_i: {0: 1.9483070574263235, 1: 3.952703591452239, 2: 5.941120727769839, 3: 0.9509401523763858, 4: 2.436943682665367, 5: 0.985132648110598, 6: 2.9757199136676418, 7: 0.4153185621118496, 8: 1.4418461738302804, 9: 0.4525354599321294, 10: 4.450058821308334, 11: 0.42314702687086037, 12: 1.4501130032145049, 13: 0.9403397223796036, 14: 0.9430932417238977, 15: 2.9526819405923685, 16: 1.9451748698766773, 17: 2.927664443086242, 18: 1.9534005910574765, 19: 5.929564447476318, 20: 0.9317177818320816, 21: 4.921337223149906, 22: 2.4062840713194618, 23: 1.92464019062755, 24: 0.9078854684103908, 25: 1.4003181781144887, 26: 2.455333898011598, 27: 0.43102325822867554, 28: 2.4362247147615275, 29: 1.4877459278971947, 30: 3.911907734418089, 31: 1.9110788462495223, 32: 3.9482880718910986, 33: 0.9496596354555416, 34: 0.45311148215737207, 35: 0.41404951312356264, 36: 0.4266197601366595, 37: 2.9234627270601137, 38: 1.9377770889311106, 39: 3.9325784622483715, 40: 4.410416635086503, 41: 3.4354682277699755, 42: 3.4296770667819603, 43: 4.422834856602902, 44: 2.451622749486277, 45: 3.9302674715075243, 46: 1.4422915543850907, 47: 0.9658415603507864, 48: 0.9546540778782266, 49: 2.9537232514992047, 50: 1.9519531223479396, 51: 4.424924251161161, 52: 6.447434323109456, 53: 0.9153318998483901, 54: 0.4624269792807705, 55: 3.971176525882305, 56: 0.935812232653366, 57: 6.433453603525833, 58: 4.9403707155048195, 59: 4.40528638687576, 60: 2.951915249178696, 61: 2.9454713639973154, 62: 0.4296436067920455, 63: 0.95622946586098, 64: 6.44190410571276, 65: 3.447397882513439, 66: 2.951498610140134, 67: 0.935035121820393, 68: 1.9498458420974898, 69: 2.947331349940488, 70: 0.47050241146407357, 71: 1.4318947746542694, 72: 2.444602675932706, 73: 0.9494914536539273, 74: 2.962614125809954, 75: 0.44315637820456494, 76: 2.4495495581694877, 77: 2.927857431619839, 78: 4.414810210632254, 79: 0.4675872592959045, 80: 1.9515962710637624, 81: 1.4472906330953625, 82: 0.9324301578936585, 83: 3.945622611800996, 84: 2.462791246614107, 85: 1.407440117265799, 86: 1.4350901282129962, 87: 4.434188193328342, 88: 0.4250358899262743, 89: 4.947110837815687, 90: 1.4481553856823277, 91: 3.424695618164182, 92: 4.455330401783697, 93: 2.4208117224359333, 94: 3.4306132343188165, 95: 2.9618006146608638, 96: 1.4590726864120582, 97: 0.9529542283522612, 98: 1.942170513707073, 99: 2.4576628186879397}
2025-01-28 05:42:19 - WARNING  - Sum of s_i: 242.07201979120435
2025-01-28 05:42:35 - WARNING  - Shapley share: {18: -0.15000000000000013, 78: 0.15000000000000013, 80: 0.0, 54: 0.30000000000000027, 69: 0.10000000000000009, 90: 0.0, 66: 0.20000000000000018, 44: 0.30000000000000027, 9: 0.2500000000000002, 38: -0.10000000000000009}
2025-01-28 05:42:40 - WARNING  - Epoch:   277. Accuracy: Top-1: 80.85 | Loss: value: 0.55
2025-01-28 05:42:40 - WARNING  - Epoch 277
2025-01-28 05:42:40 - WARNING  - s_i: {0: 1.9483070574263235, 1: 3.952703591452239, 2: 5.941120727769839, 3: 0.9509401523763858, 4: 2.436943682665367, 5: 0.985132648110598, 6: 2.9757199136676418, 7: 0.4153185621118496, 8: 1.4418461738302804, 9: 2.947789005925344, 10: 4.450058821308334, 11: 0.42314702687086037, 12: 1.4501130032145049, 13: 0.9403397223796036, 14: 0.9430932417238977, 15: 2.9526819405923685, 16: 1.9451748698766773, 17: 2.927664443086242, 18: 0.4487406501632232, 19: 5.929564447476318, 20: 0.9317177818320816, 21: 4.921337223149906, 22: 2.4062840713194618, 23: 1.92464019062755, 24: 0.9078854684103908, 25: 1.4003181781144887, 26: 2.455333898011598, 27: 0.43102325822867554, 28: 2.4362247147615275, 29: 1.4877459278971947, 30: 3.911907734418089, 31: 1.9110788462495223, 32: 3.9482880718910986, 33: 0.9496596354555416, 34: 0.45311148215737207, 35: 0.41404951312356264, 36: 0.4266197601366595, 37: 2.9234627270601137, 38: 0.932990711156579, 39: 3.9325784622483715, 40: 4.410416635086503, 41: 3.4354682277699755, 42: 3.4296770667819603, 43: 4.422834856602902, 44: 5.447224817621396, 45: 3.9302674715075243, 46: 1.4422915543850907, 47: 0.9658415603507864, 48: 0.9546540778782266, 49: 2.9537232514992047, 50: 1.9519531223479396, 51: 4.424924251161161, 52: 6.447434323109456, 53: 0.9153318998483901, 54: 3.458252199200858, 55: 3.971176525882305, 56: 0.935812232653366, 57: 6.433453603525833, 58: 4.9403707155048195, 59: 4.40528638687576, 60: 2.951915249178696, 61: 2.9454713639973154, 62: 0.4296436067920455, 63: 0.95622946586098, 64: 6.44190410571276, 65: 3.447397882513439, 66: 4.947456827651814, 67: 0.935035121820393, 68: 1.9498458420974898, 69: 3.9432799153205265, 70: 0.47050241146407357, 71: 1.4318947746542694, 72: 2.444602675932706, 73: 0.9494914536539273, 74: 2.962614125809954, 75: 0.44315637820456494, 76: 2.4495495581694877, 77: 2.927857431619839, 78: 5.910753553995696, 79: 0.4675872592959045, 80: 1.947562626985742, 81: 1.4472906330953625, 82: 0.9324301578936585, 83: 3.945622611800996, 84: 2.462791246614107, 85: 1.407440117265799, 86: 1.4350901282129962, 87: 4.434188193328342, 88: 0.4250358899262743, 89: 4.947110837815687, 90: 1.4438350011558545, 91: 3.424695618164182, 92: 4.455330401783697, 93: 2.4208117224359333, 94: 3.4306132343188165, 95: 2.9618006146608638, 96: 1.4590726864120582, 97: 0.9529542283522612, 98: 1.942170513707073, 99: 2.4576628186879397}
2025-01-28 05:42:40 - WARNING  - Sum of s_i: 252.52875040423467
2025-01-28 05:42:54 - WARNING  - Shapley share: {33: -0.15000000000000013, 82: 0.10000000000000009, 14: -0.050000000000000044, 62: -0.15000000000000013, 23: -0.10000000000000009, 75: -0.050000000000000044, 49: -0.050000000000000044, 80: -0.20000000000000018, 67: -0.10000000000000009, 42: 0.20000000000000018}
2025-01-28 05:42:59 - WARNING  - Epoch:   278. Accuracy: Top-1: 80.86 | Loss: value: 0.55
2025-01-28 05:42:59 - WARNING  - Epoch 278
2025-01-28 05:42:59 - WARNING  - s_i: {0: 1.9483070574263235, 1: 3.952703591452239, 2: 5.941120727769839, 3: 0.9509401523763858, 4: 2.436943682665367, 5: 0.985132648110598, 6: 2.9757199136676418, 7: 0.4153185621118496, 8: 1.4418461738302804, 9: 2.947789005925344, 10: 4.450058821308334, 11: 0.42314702687086037, 12: 1.4501130032145049, 13: 0.9403397223796036, 14: 0.43871579877958045, 15: 2.9526819405923685, 16: 1.9451748698766773, 17: 2.927664443086242, 18: 0.4487406501632232, 19: 5.929564447476318, 20: 0.9317177818320816, 21: 4.921337223149906, 22: 2.4062840713194618, 23: 0.9199302025417697, 24: 0.9078854684103908, 25: 1.4003181781144887, 26: 2.455333898011598, 27: 0.43102325822867554, 28: 2.4362247147615275, 29: 1.4877459278971947, 30: 3.911907734418089, 31: 1.9110788462495223, 32: 3.9482880718910986, 33: 0.9496596354555416, 34: 0.45311148215737207, 35: 0.41404951312356264, 36: 0.4266197601366595, 37: 2.9234627270601137, 38: 0.932990711156579, 39: 3.9325784622483715, 40: 4.410416635086503, 41: 3.4354682277699755, 42: 5.425281883455834, 43: 4.422834856602902, 44: 5.447224817621396, 45: 3.9302674715075243, 46: 1.4422915543850907, 47: 0.9658415603507864, 48: 0.9546540778782266, 49: 2.4490955766491234, 50: 1.9519531223479396, 51: 4.424924251161161, 52: 6.447434323109456, 53: 0.9153318998483901, 54: 3.458252199200858, 55: 3.971176525882305, 56: 0.935812232653366, 57: 6.433453603525833, 58: 4.9403707155048195, 59: 4.40528638687576, 60: 2.951915249178696, 61: 2.9454713639973154, 62: 0.4296436067920455, 63: 0.95622946586098, 64: 6.44190410571276, 65: 3.447397882513439, 66: 4.947456827651814, 67: 0.935035121820393, 68: 1.9498458420974898, 69: 3.9432799153205265, 70: 0.47050241146407357, 71: 1.4318947746542694, 72: 2.444602675932706, 73: 0.9494914536539273, 74: 2.962614125809954, 75: 0.44315637820456494, 76: 2.4495495581694877, 77: 2.927857431619839, 78: 5.910753553995696, 79: 0.4675872592959045, 80: 1.947562626985742, 81: 1.4472906330953625, 82: 1.9276037406003497, 83: 3.945622611800996, 84: 2.462791246614107, 85: 1.407440117265799, 86: 1.4350901282129962, 87: 4.434188193328342, 88: 0.4250358899262743, 89: 4.947110837815687, 90: 1.4438350011558545, 91: 3.424695618164182, 92: 4.455330401783697, 93: 2.4208117224359333, 94: 3.4306132343188165, 95: 2.9618006146608638, 96: 1.4590726864120582, 97: 0.9529542283522612, 98: 1.942170513707073, 99: 2.4576628186879397}
2025-01-28 05:42:59 - WARNING  - Sum of s_i: 253.50581369773505
2025-01-28 05:43:14 - WARNING  - Shapley share: {63: -0.15000000000000013, 34: -0.050000000000000044, 89: -0.34999999999999976, 11: -0.6, 27: -0.2500000000000002, 38: -0.050000000000000044, 62: -0.2500000000000002, 83: -0.4500000000000004, 40: -0.7499999999999996, 7: -0.7000000000000001}
2025-01-28 05:43:19 - WARNING  - Epoch:   279. Accuracy: Top-1: 80.61 | Loss: value: 0.56
2025-01-28 05:43:19 - WARNING  - Epoch 279
2025-01-28 05:43:19 - WARNING  - s_i: {0: 1.9483070574263235, 1: 3.952703591452239, 2: 5.941120727769839, 3: 0.9509401523763858, 4: 2.436943682665367, 5: 0.985132648110598, 6: 2.9757199136676418, 7: 0.4153185621118496, 8: 1.4418461738302804, 9: 2.947789005925344, 10: 4.450058821308334, 11: 0.42314702687086037, 12: 1.4501130032145049, 13: 0.9403397223796036, 14: 0.43871579877958045, 15: 2.9526819405923685, 16: 1.9451748698766773, 17: 2.927664443086242, 18: 0.4487406501632232, 19: 5.929564447476318, 20: 0.9317177818320816, 21: 4.921337223149906, 22: 2.4062840713194618, 23: 0.9199302025417697, 24: 0.9078854684103908, 25: 1.4003181781144887, 26: 2.455333898011598, 27: 0.43102325822867554, 28: 2.4362247147615275, 29: 1.4877459278971947, 30: 3.911907734418089, 31: 1.9110788462495223, 32: 3.9482880718910986, 33: 0.9496596354555416, 34: 0.45311148215737207, 35: 0.41404951312356264, 36: 0.4266197601366595, 37: 2.9234627270601137, 38: 0.4282043333820478, 39: 3.9325784622483715, 40: 4.410416635086503, 41: 3.4354682277699755, 42: 5.425281883455834, 43: 4.422834856602902, 44: 5.447224817621396, 45: 3.9302674715075243, 46: 1.4422915543850907, 47: 0.9658415603507864, 48: 0.9546540778782266, 49: 2.4490955766491234, 50: 1.9519531223479396, 51: 4.424924251161161, 52: 6.447434323109456, 53: 0.9153318998483901, 54: 3.458252199200858, 55: 3.971176525882305, 56: 0.935812232653366, 57: 6.433453603525833, 58: 4.9403707155048195, 59: 4.40528638687576, 60: 2.951915249178696, 61: 2.9454713639973154, 62: 0.4296436067920455, 63: 0.95622946586098, 64: 6.44190410571276, 65: 3.447397882513439, 66: 4.947456827651814, 67: 0.935035121820393, 68: 1.9498458420974898, 69: 3.9432799153205265, 70: 0.47050241146407357, 71: 1.4318947746542694, 72: 2.444602675932706, 73: 0.9494914536539273, 74: 2.962614125809954, 75: 0.44315637820456494, 76: 2.4495495581694877, 77: 2.927857431619839, 78: 5.910753553995696, 79: 0.4675872592959045, 80: 1.947562626985742, 81: 1.4472906330953625, 82: 1.9276037406003497, 83: 3.945622611800996, 84: 2.462791246614107, 85: 1.407440117265799, 86: 1.4350901282129962, 87: 4.434188193328342, 88: 0.4250358899262743, 89: 1.4423027321625703, 90: 1.4438350011558545, 91: 3.424695618164182, 92: 4.455330401783697, 93: 2.4208117224359333, 94: 3.4306132343188165, 95: 2.9618006146608638, 96: 1.4590726864120582, 97: 0.9529542283522612, 98: 1.942170513707073, 99: 2.4576628186879397}
2025-01-28 05:43:19 - WARNING  - Sum of s_i: 249.4962192143074
2025-01-28 05:43:36 - WARNING  - Shapley share: {29: -0.30000000000000027, 80: -0.15000000000000013, 47: 0.10000000000000009, 78: -0.30000000000000027, 24: -0.050000000000000044, 42: -0.15000000000000013, 53: 0.10000000000000009, 66: 0.20000000000000018, 85: 0.10000000000000009, 6: 0.0}
2025-01-28 05:43:40 - WARNING  - Epoch:   280. Accuracy: Top-1: 79.77 | Loss: value: 0.58
2025-01-28 05:43:40 - WARNING  - Epoch 280
2025-01-28 05:43:40 - WARNING  - s_i: {0: 1.9483070574263235, 1: 3.952703591452239, 2: 5.941120727769839, 3: 0.9509401523763858, 4: 2.436943682665367, 5: 0.985132648110598, 6: 2.971673232612249, 7: 0.4153185621118496, 8: 1.4418461738302804, 9: 2.947789005925344, 10: 4.450058821308334, 11: 0.42314702687086037, 12: 1.4501130032145049, 13: 0.9403397223796036, 14: 0.43871579877958045, 15: 2.9526819405923685, 16: 1.9451748698766773, 17: 2.927664443086242, 18: 0.4487406501632232, 19: 5.929564447476318, 20: 0.9317177818320816, 21: 4.921337223149906, 22: 2.4062840713194618, 23: 0.9199302025417697, 24: 0.40349906214421827, 25: 1.4003181781144887, 26: 2.455333898011598, 27: 0.43102325822867554, 28: 2.4362247147615275, 29: 1.4877459278971947, 30: 3.911907734418089, 31: 1.9110788462495223, 32: 3.9482880718910986, 33: 0.9496596354555416, 34: 0.45311148215737207, 35: 0.41404951312356264, 36: 0.4266197601366595, 37: 2.9234627270601137, 38: 0.4282043333820478, 39: 3.9325784622483715, 40: 4.410416635086503, 41: 3.4354682277699755, 42: 3.9208867001297047, 43: 4.422834856602902, 44: 5.447224817621396, 45: 3.9302674715075243, 46: 1.4422915543850907, 47: 1.9609617832580428, 48: 0.9546540778782266, 49: 2.4490955766491234, 50: 1.9519531223479396, 51: 4.424924251161161, 52: 6.447434323109456, 53: 1.9103514233688847, 54: 3.458252199200858, 55: 3.971176525882305, 56: 0.935812232653366, 57: 6.433453603525833, 58: 4.9403707155048195, 59: 4.40528638687576, 60: 2.951915249178696, 61: 2.9454713639973154, 62: 0.4296436067920455, 63: 0.95622946586098, 64: 6.44190410571276, 65: 3.447397882513439, 66: 6.943415045163493, 67: 0.935035121820393, 68: 1.9498458420974898, 69: 3.9432799153205265, 70: 0.47050241146407357, 71: 1.4318947746542694, 72: 2.444602675932706, 73: 0.9494914536539273, 74: 2.962614125809954, 75: 0.44315637820456494, 76: 2.4495495581694877, 77: 2.927857431619839, 78: 2.9066968973591343, 79: 0.4675872592959045, 80: 0.44352898290772025, 81: 1.4472906330953625, 82: 1.9276037406003497, 83: 3.945622611800996, 84: 2.462791246614107, 85: 2.4028121231290904, 86: 1.4350901282129962, 87: 4.434188193328342, 88: 0.4250358899262743, 89: 1.4423027321625703, 90: 1.4438350011558545, 91: 3.424695618164182, 92: 4.455330401783697, 93: 2.4208117224359333, 94: 3.4306132343188165, 95: 2.9618006146608638, 96: 1.4590726864120582, 97: 0.9529542283522612, 98: 1.942170513707073, 99: 2.4576628186879397}
2025-01-28 05:43:40 - WARNING  - Sum of s_i: 247.95677061274785
2025-01-28 05:43:45 - WARNING  - The sum of accs: 74.0
2025-01-28 05:43:45 - WARNING  - The welfare is 73.88902850365614
2025-01-28 05:44:03 - WARNING  - Shapley share: {13: 0.0, 66: -0.24999999999999967, 21: -0.3999999999999998, 24: -0.4999999999999999, 69: -0.34999999999999976, 87: -0.04999999999999949, 88: -0.34999999999999976, 47: -0.5499999999999999, 57: -0.65, 84: -0.5499999999999999}
2025-01-28 05:44:08 - WARNING  - Epoch:   281. Accuracy: Top-1: 79.33 | Loss: value: 0.60
2025-01-28 05:44:08 - WARNING  - Epoch 281
2025-01-28 05:44:08 - WARNING  - s_i: {0: 1.9483070574263235, 1: 3.952703591452239, 2: 5.941120727769839, 3: 0.9509401523763858, 4: 2.436943682665367, 5: 0.985132648110598, 6: 2.971673232612249, 7: 0.4153185621118496, 8: 1.4418461738302804, 9: 2.947789005925344, 10: 4.450058821308334, 11: 0.42314702687086037, 12: 1.4501130032145049, 13: 0.9357504702549565, 14: 0.43871579877958045, 15: 2.9526819405923685, 16: 1.9451748698766773, 17: 2.927664443086242, 18: 0.4487406501632232, 19: 5.929564447476318, 20: 0.9317177818320816, 21: 0.9164207995967768, 22: 2.4062840713194618, 23: 0.9199302025417697, 24: 0.40349906214421827, 25: 1.4003181781144887, 26: 2.455333898011598, 27: 0.43102325822867554, 28: 2.4362247147615275, 29: 1.4877459278971947, 30: 3.911907734418089, 31: 1.9110788462495223, 32: 3.9482880718910986, 33: 0.9496596354555416, 34: 0.45311148215737207, 35: 0.41404951312356264, 36: 0.4266197601366595, 37: 2.9234627270601137, 38: 0.4282043333820478, 39: 3.9325784622483715, 40: 4.410416635086503, 41: 3.4354682277699755, 42: 3.9208867001297047, 43: 4.422834856602902, 44: 5.447224817621396, 45: 3.9302674715075243, 46: 1.4422915543850907, 47: 1.9609617832580428, 48: 0.9546540778782266, 49: 2.4490955766491234, 50: 1.9519531223479396, 51: 4.424924251161161, 52: 6.447434323109456, 53: 1.9103514233688847, 54: 3.458252199200858, 55: 3.971176525882305, 56: 0.935812232653366, 57: 6.433453603525833, 58: 4.9403707155048195, 59: 4.40528638687576, 60: 2.951915249178696, 61: 2.9454713639973154, 62: 0.4296436067920455, 63: 0.95622946586098, 64: 6.44190410571276, 65: 3.447397882513439, 66: 4.439373262675175, 67: 0.935035121820393, 68: 1.9498458420974898, 69: 0.43922848070056686, 70: 0.47050241146407357, 71: 1.4318947746542694, 72: 2.444602675932706, 73: 0.9494914536539273, 74: 2.962614125809954, 75: 0.44315637820456494, 76: 2.4495495581694877, 77: 2.927857431619839, 78: 2.9066968973591343, 79: 0.4675872592959045, 80: 0.44352898290772025, 81: 1.4472906330953625, 82: 1.9276037406003497, 83: 3.945622611800996, 84: 2.462791246614107, 85: 2.4028121231290904, 86: 1.4350901282129962, 87: 3.929487349994656, 88: 0.4250358899262743, 89: 1.4423027321625703, 90: 1.4438350011558545, 91: 3.424695618164182, 92: 4.455330401783697, 93: 2.4208117224359333, 94: 3.4306132343188165, 95: 2.9618006146608638, 96: 1.4590726864120582, 97: 0.9529542283522612, 98: 1.942170513707073, 99: 2.4576628186879397}
2025-01-28 05:44:08 - WARNING  - Sum of s_i: 237.4344708766281
2025-01-28 05:44:24 - WARNING  - Shapley share: {90: -0.15000000000000013, 11: -0.2500000000000002, 30: -0.15000000000000013, 65: -0.6000000000000005, 80: -0.4999999999999999, 56: -0.3500000000000003, 15: -0.5000000000000004, 72: -0.40000000000000036, 73: -0.4500000000000004, 51: -0.40000000000000036}
2025-01-28 05:44:29 - WARNING  - Epoch:   282. Accuracy: Top-1: 80.65 | Loss: value: 0.56
2025-01-28 05:44:29 - WARNING  - Epoch 282
2025-01-28 05:44:29 - WARNING  - s_i: {0: 1.9483070574263235, 1: 3.952703591452239, 2: 5.941120727769839, 3: 0.9509401523763858, 4: 2.436943682665367, 5: 0.985132648110598, 6: 2.971673232612249, 7: 0.4153185621118496, 8: 1.4418461738302804, 9: 2.947789005925344, 10: 4.450058821308334, 11: 0.42314702687086037, 12: 1.4501130032145049, 13: 0.9357504702549565, 14: 0.43871579877958045, 15: 2.9526819405923685, 16: 1.9451748698766773, 17: 2.927664443086242, 18: 0.4487406501632232, 19: 5.929564447476318, 20: 0.9317177818320816, 21: 0.9164207995967768, 22: 2.4062840713194618, 23: 0.9199302025417697, 24: 0.40349906214421827, 25: 1.4003181781144887, 26: 2.455333898011598, 27: 0.43102325822867554, 28: 2.4362247147615275, 29: 1.4877459278971947, 30: 2.4072712993874603, 31: 1.9110788462495223, 32: 3.9482880718910986, 33: 0.9496596354555416, 34: 0.45311148215737207, 35: 0.41404951312356264, 36: 0.4266197601366595, 37: 2.9234627270601137, 38: 0.4282043333820478, 39: 3.9325784622483715, 40: 4.410416635086503, 41: 3.4354682277699755, 42: 3.9208867001297047, 43: 4.422834856602902, 44: 5.447224817621396, 45: 3.9302674715075243, 46: 1.4422915543850907, 47: 1.9609617832580428, 48: 0.9546540778782266, 49: 2.4490955766491234, 50: 1.9519531223479396, 51: 0.420753376225667, 52: 6.447434323109456, 53: 1.9103514233688847, 54: 3.458252199200858, 55: 3.971176525882305, 56: 0.935812232653366, 57: 6.433453603525833, 58: 4.9403707155048195, 59: 4.40528638687576, 60: 2.951915249178696, 61: 2.9454713639973154, 62: 0.4296436067920455, 63: 0.95622946586098, 64: 6.44190410571276, 65: 3.447397882513439, 66: 4.439373262675175, 67: 0.935035121820393, 68: 1.9498458420974898, 69: 0.43922848070056686, 70: 0.47050241146407357, 71: 1.4318947746542694, 72: 2.444602675932706, 73: 0.9494914536539273, 74: 2.962614125809954, 75: 0.44315637820456494, 76: 2.4495495581694877, 77: 2.927857431619839, 78: 2.9066968973591343, 79: 0.4675872592959045, 80: 0.44352898290772025, 81: 1.4472906330953625, 82: 1.9276037406003497, 83: 3.945622611800996, 84: 2.462791246614107, 85: 2.4028121231290904, 86: 1.4350901282129962, 87: 3.929487349994656, 88: 0.4250358899262743, 89: 1.4423027321625703, 90: 1.4438350011558545, 91: 3.424695618164182, 92: 4.455330401783697, 93: 2.4208117224359333, 94: 3.4306132343188165, 95: 2.9618006146608638, 96: 1.4590726864120582, 97: 0.9529542283522612, 98: 1.942170513707073, 99: 2.4576628186879397}
2025-01-28 05:44:29 - WARNING  - Sum of s_i: 231.925663566662
2025-01-28 05:44:47 - WARNING  - Shapley share: {70: 0.050000000000000044, 99: -0.15000000000000013, 43: -0.15000000000000013, 23: -0.050000000000000044, 25: -0.20000000000000018, 68: 0.0, 81: -0.10000000000000009, 65: -0.20000000000000018, 30: 0.20000000000000018, 87: 0.050000000000000044}
2025-01-28 05:44:53 - WARNING  - Epoch:   283. Accuracy: Top-1: 80.61 | Loss: value: 0.56
2025-01-28 05:44:53 - WARNING  - Epoch 283
2025-01-28 05:44:53 - WARNING  - s_i: {0: 1.9483070574263235, 1: 3.952703591452239, 2: 5.941120727769839, 3: 0.9509401523763858, 4: 2.436943682665367, 5: 0.985132648110598, 6: 2.971673232612249, 7: 0.4153185621118496, 8: 1.4418461738302804, 9: 2.947789005925344, 10: 4.450058821308334, 11: 0.42314702687086037, 12: 1.4501130032145049, 13: 0.9357504702549565, 14: 0.43871579877958045, 15: 2.9526819405923685, 16: 1.9451748698766773, 17: 2.927664443086242, 18: 0.4487406501632232, 19: 5.929564447476318, 20: 0.9317177818320816, 21: 0.9164207995967768, 22: 2.4062840713194618, 23: 0.4152202144559899, 24: 0.40349906214421827, 25: 1.4003181781144887, 26: 2.455333898011598, 27: 0.43102325822867554, 28: 2.4362247147615275, 29: 1.4877459278971947, 30: 4.402634864356835, 31: 1.9110788462495223, 32: 3.9482880718910986, 33: 0.9496596354555416, 34: 0.45311148215737207, 35: 0.41404951312356264, 36: 0.4266197601366595, 37: 2.9234627270601137, 38: 0.4282043333820478, 39: 3.9325784622483715, 40: 4.410416635086503, 41: 3.4354682277699755, 42: 3.9208867001297047, 43: 2.918547904191951, 44: 5.447224817621396, 45: 3.9302674715075243, 46: 1.4422915543850907, 47: 1.9609617832580428, 48: 0.9546540778782266, 49: 2.4490955766491234, 50: 1.9519531223479396, 51: 0.420753376225667, 52: 6.447434323109456, 53: 1.9103514233688847, 54: 3.458252199200858, 55: 3.971176525882305, 56: 0.935812232653366, 57: 6.433453603525833, 58: 4.9403707155048195, 59: 4.40528638687576, 60: 2.951915249178696, 61: 2.9454713639973154, 62: 0.4296436067920455, 63: 0.95622946586098, 64: 6.44190410571276, 65: 1.4430143727228897, 66: 4.439373262675175, 67: 0.935035121820393, 68: 1.945286373197263, 69: 0.43922848070056686, 70: 0.9655861467080868, 71: 1.4318947746542694, 72: 2.444602675932706, 73: 0.9494914536539273, 74: 2.962614125809954, 75: 0.44315637820456494, 76: 2.4495495581694877, 77: 2.927857431619839, 78: 2.9066968973591343, 79: 0.4675872592959045, 80: 0.44352898290772025, 81: 0.44289818585330876, 82: 1.9276037406003497, 83: 3.945622611800996, 84: 2.462791246614107, 85: 2.4028121231290904, 86: 1.4350901282129962, 87: 4.424786506660966, 88: 0.4250358899262743, 89: 1.4423027321625703, 90: 1.4438350011558545, 91: 3.424695618164182, 92: 4.455330401783697, 93: 2.4208117224359333, 94: 3.4306132343188165, 95: 2.9618006146608638, 96: 1.4590726864120582, 97: 0.9529542283522612, 98: 1.942170513707073, 99: 0.9529586874310432}
2025-01-28 05:44:53 - WARNING  - Sum of s_i: 228.3843735258552
2025-01-28 05:45:13 - WARNING  - Shapley share: {79: 0.10000000000000009, 34: 0.3500000000000003, 30: 0.40000000000000036, 3: 0.2500000000000002, 4: 0.2500000000000002, 43: 0.5500000000000005, 40: 0.10000000000000009, 13: 0.15000000000000013, 9: -0.20000000000000018, 91: 0.050000000000000044}
2025-01-28 05:45:18 - WARNING  - Epoch:   284. Accuracy: Top-1: 79.74 | Loss: value: 0.59
2025-01-28 05:45:18 - WARNING  - Epoch 284
2025-01-28 05:45:18 - WARNING  - s_i: {0: 1.9483070574263235, 1: 3.952703591452239, 2: 5.941120727769839, 3: 3.4460341676140263, 4: 4.932093196716552, 5: 0.985132648110598, 6: 2.971673232612249, 7: 0.4153185621118496, 8: 1.4418461738302804, 9: 0.9430425519185546, 10: 4.450058821308334, 11: 0.42314702687086037, 12: 1.4501130032145049, 13: 2.4311612181303106, 14: 0.43871579877958045, 15: 2.9526819405923685, 16: 1.9451748698766773, 17: 2.927664443086242, 18: 0.4487406501632232, 19: 5.929564447476318, 20: 0.9317177818320816, 21: 0.9164207995967768, 22: 2.4062840713194618, 23: 0.4152202144559899, 24: 0.40349906214421827, 25: 1.4003181781144887, 26: 2.455333898011598, 27: 0.43102325822867554, 28: 2.4362247147615275, 29: 1.4877459278971947, 30: 4.402634864356835, 31: 1.9110788462495223, 32: 3.9482880718910986, 33: 0.9496596354555416, 34: 3.9484226303731123, 35: 0.41404951312356264, 36: 0.4266197601366595, 37: 2.9234627270601137, 38: 0.4282043333820478, 39: 3.9325784622483715, 40: 5.406344663954073, 41: 3.4354682277699755, 42: 3.9208867001297047, 43: 2.918547904191951, 44: 5.447224817621396, 45: 3.9302674715075243, 46: 1.4422915543850907, 47: 1.9609617832580428, 48: 0.9546540778782266, 49: 2.4490955766491234, 50: 1.9519531223479396, 51: 0.420753376225667, 52: 6.447434323109456, 53: 1.9103514233688847, 54: 3.458252199200858, 55: 3.971176525882305, 56: 0.935812232653366, 57: 6.433453603525833, 58: 4.9403707155048195, 59: 4.40528638687576, 60: 2.951915249178696, 61: 2.9454713639973154, 62: 0.4296436067920455, 63: 0.95622946586098, 64: 6.44190410571276, 65: 1.4430143727228897, 66: 4.439373262675175, 67: 0.935035121820393, 68: 1.945286373197263, 69: 0.43922848070056686, 70: 0.9655861467080868, 71: 1.4318947746542694, 72: 2.444602675932706, 73: 0.9494914536539273, 74: 2.962614125809954, 75: 0.44315637820456494, 76: 2.4495495581694877, 77: 2.927857431619839, 78: 2.9066968973591343, 79: 1.463535666707893, 80: 0.44352898290772025, 81: 0.44289818585330876, 82: 1.9276037406003497, 83: 3.945622611800996, 84: 2.462791246614107, 85: 2.4028121231290904, 86: 1.4350901282129962, 87: 4.424786506660966, 88: 0.4250358899262743, 89: 1.4423027321625703, 90: 1.4438350011558545, 91: 3.920512041395525, 92: 4.455330401783697, 93: 2.4208117224359333, 94: 3.4306132343188165, 95: 2.9618006146608638, 96: 1.4590726864120582, 97: 0.9529542283522612, 98: 1.942170513707073, 99: 0.9529586874310432}
2025-01-28 05:45:18 - WARNING  - Sum of s_i: 238.84828535673927
2025-01-28 05:45:36 - WARNING  - Shapley share: {67: -0.4999999999999999, 90: -0.19999999999999962, 39: -0.19999999999999962, 48: -0.5999999999999994, 19: -0.5499999999999994, 71: -0.8999999999999997, 83: -0.8499999999999996, 34: -1.0499999999999998, 29: -0.8499999999999996, 42: -1.2}
2025-01-28 05:45:41 - WARNING  - Epoch:   285. Accuracy: Top-1: 81.23 | Loss: value: 0.55
2025-01-28 05:45:41 - WARNING  - Epoch 285
2025-01-28 05:45:41 - WARNING  - s_i: {0: 1.9483070574263235, 1: 3.952703591452239, 2: 5.941120727769839, 3: 3.4460341676140263, 4: 4.932093196716552, 5: 0.985132648110598, 6: 2.971673232612249, 7: 0.4153185621118496, 8: 1.4418461738302804, 9: 0.9430425519185546, 10: 4.450058821308334, 11: 0.42314702687086037, 12: 1.4501130032145049, 13: 2.4311612181303106, 14: 0.43871579877958045, 15: 2.9526819405923685, 16: 1.9451748698766773, 17: 2.927664443086242, 18: 0.4487406501632232, 19: 0.4254211796808143, 20: 0.9317177818320816, 21: 0.9164207995967768, 22: 2.4062840713194618, 23: 0.4152202144559899, 24: 0.40349906214421827, 25: 1.4003181781144887, 26: 2.455333898011598, 27: 0.43102325822867554, 28: 2.4362247147615275, 29: 1.4877459278971947, 30: 4.402634864356835, 31: 1.9110788462495223, 32: 3.9482880718910986, 33: 0.9496596354555416, 34: 3.9484226303731123, 35: 0.41404951312356264, 36: 0.4266197601366595, 37: 2.9234627270601137, 38: 0.4282043333820478, 39: 1.928083693064933, 40: 5.406344663954073, 41: 3.4354682277699755, 42: 3.9208867001297047, 43: 2.918547904191951, 44: 5.447224817621396, 45: 3.9302674715075243, 46: 1.4422915543850907, 47: 1.9609617832580428, 48: 0.9546540778782266, 49: 2.4490955766491234, 50: 1.9519531223479396, 51: 0.420753376225667, 52: 6.447434323109456, 53: 1.9103514233688847, 54: 3.458252199200858, 55: 3.971176525882305, 56: 0.935812232653366, 57: 6.433453603525833, 58: 4.9403707155048195, 59: 4.40528638687576, 60: 2.951915249178696, 61: 2.9454713639973154, 62: 0.4296436067920455, 63: 0.95622946586098, 64: 6.44190410571276, 65: 1.4430143727228897, 66: 4.439373262675175, 67: 0.935035121820393, 68: 1.945286373197263, 69: 0.43922848070056686, 70: 0.9655861467080868, 71: 1.4318947746542694, 72: 2.444602675932706, 73: 0.9494914536539273, 74: 2.962614125809954, 75: 0.44315637820456494, 76: 2.4495495581694877, 77: 2.927857431619839, 78: 2.9066968973591343, 79: 1.463535666707893, 80: 0.44352898290772025, 81: 0.44289818585330876, 82: 1.9276037406003497, 83: 3.945622611800996, 84: 2.462791246614107, 85: 2.4028121231290904, 86: 1.4350901282129962, 87: 4.424786506660966, 88: 0.4250358899262743, 89: 1.4423027321625703, 90: 1.4438350011558545, 91: 3.920512041395525, 92: 4.455330401783697, 93: 2.4208117224359333, 94: 3.4306132343188165, 95: 2.9618006146608638, 96: 1.4590726864120582, 97: 0.9529542283522612, 98: 1.942170513707073, 99: 0.9529586874310432}
2025-01-28 05:45:41 - WARNING  - Sum of s_i: 231.3396473197603
2025-01-28 05:45:58 - WARNING  - Shapley share: {26: -0.050000000000000044, 97: 0.2500000000000002, 76: 0.20000000000000018, 59: 0.30000000000000027, 3: 0.40000000000000036, 20: 0.30000000000000027, 66: 0.20000000000000018, 84: -0.050000000000000044, 95: -0.050000000000000044, 69: 0.0}
2025-01-28 05:46:02 - WARNING  - Epoch:   286. Accuracy: Top-1: 80.95 | Loss: value: 0.56
2025-01-28 05:46:02 - WARNING  - Epoch 286
2025-01-28 05:46:02 - WARNING  - s_i: {0: 1.9483070574263235, 1: 3.952703591452239, 2: 5.941120727769839, 3: 7.441128182851668, 4: 4.932093196716552, 5: 0.985132648110598, 6: 2.971673232612249, 7: 0.4153185621118496, 8: 1.4418461738302804, 9: 0.9430425519185546, 10: 4.450058821308334, 11: 0.42314702687086037, 12: 1.4501130032145049, 13: 2.4311612181303106, 14: 0.43871579877958045, 15: 2.9526819405923685, 16: 1.9451748698766773, 17: 2.927664443086242, 18: 0.4487406501632232, 19: 0.4254211796808143, 20: 3.927165633954224, 21: 0.9164207995967768, 22: 2.4062840713194618, 23: 0.4152202144559899, 24: 0.40349906214421827, 25: 1.4003181781144887, 26: 1.9512733432853804, 27: 0.43102325822867554, 28: 2.4362247147615275, 29: 1.4877459278971947, 30: 4.402634864356835, 31: 1.9110788462495223, 32: 3.9482880718910986, 33: 0.9496596354555416, 34: 3.9484226303731123, 35: 0.41404951312356264, 36: 0.4266197601366595, 37: 2.9234627270601137, 38: 0.4282043333820478, 39: 1.928083693064933, 40: 5.406344663954073, 41: 3.4354682277699755, 42: 3.9208867001297047, 43: 2.918547904191951, 44: 5.447224817621396, 45: 3.9302674715075243, 46: 1.4422915543850907, 47: 1.9609617832580428, 48: 0.9546540778782266, 49: 2.4490955766491234, 50: 1.9519531223479396, 51: 0.420753376225667, 52: 6.447434323109456, 53: 1.9103514233688847, 54: 3.458252199200858, 55: 3.971176525882305, 56: 0.935812232653366, 57: 6.433453603525833, 58: 4.9403707155048195, 59: 7.401168403696447, 60: 2.951915249178696, 61: 2.9454713639973154, 62: 0.4296436067920455, 63: 0.95622946586098, 64: 6.44190410571276, 65: 1.4430143727228897, 66: 6.435331480186854, 67: 0.935035121820393, 68: 1.945286373197263, 69: 0.4351770460806047, 70: 0.9655861467080868, 71: 1.4318947746542694, 72: 2.444602675932706, 73: 0.9494914536539273, 74: 2.962614125809954, 75: 0.44315637820456494, 76: 4.444963154366716, 77: 2.927857431619839, 78: 2.9066968973591343, 79: 1.463535666707893, 80: 0.44352898290772025, 81: 0.44289818585330876, 82: 1.9276037406003497, 83: 3.945622611800996, 84: 1.9581401524408706, 85: 2.4028121231290904, 86: 1.4350901282129962, 87: 4.424786506660966, 88: 0.4250358899262743, 89: 1.4423027321625703, 90: 1.4438350011558545, 91: 3.920512041395525, 92: 4.455330401783697, 93: 2.4208117224359333, 94: 3.4306132343188165, 95: 2.457556238512071, 96: 1.4590726864120582, 97: 3.4482496511874894, 98: 1.942170513707073, 99: 0.9529586874310432}
2025-01-28 05:46:02 - WARNING  - Sum of s_i: 246.2957309808167
2025-01-28 05:46:20 - WARNING  - Shapley share: {88: 0.10000000000000009, 54: -0.3500000000000003, 53: -0.10000000000000009, 92: -0.10000000000000009, 28: -0.34999999999999976, 15: 0.050000000000000044, 98: 0.10000000000000009, 9: 0.0, 32: -0.40000000000000036, 17: -0.24999999999999967}
2025-01-28 05:46:25 - WARNING  - Epoch:   287. Accuracy: Top-1: 80.70 | Loss: value: 0.56
2025-01-28 05:46:25 - WARNING  - Epoch 287
2025-01-28 05:46:25 - WARNING  - s_i: {0: 1.9483070574263235, 1: 3.952703591452239, 2: 5.941120727769839, 3: 7.441128182851668, 4: 4.932093196716552, 5: 0.985132648110598, 6: 2.971673232612249, 7: 0.4153185621118496, 8: 1.4418461738302804, 9: 0.9382960979117669, 10: 4.450058821308334, 11: 0.42314702687086037, 12: 1.4501130032145049, 13: 2.4311612181303106, 14: 0.43871579877958045, 15: 3.448380298828038, 16: 1.9451748698766773, 17: 0.42364580103548066, 18: 0.4487406501632232, 19: 0.4254211796808143, 20: 3.927165633954224, 21: 0.9164207995967768, 22: 2.4062840713194618, 23: 0.4152202144559899, 24: 0.40349906214421827, 25: 1.4003181781144887, 26: 1.9512733432853804, 27: 0.43102325822867554, 28: 2.4362247147615275, 29: 1.4877459278971947, 30: 4.402634864356835, 31: 1.9110788462495223, 32: 3.9482880718910986, 33: 0.9496596354555416, 34: 3.9484226303731123, 35: 0.41404951312356264, 36: 0.4266197601366595, 37: 2.9234627270601137, 38: 0.4282043333820478, 39: 1.928083693064933, 40: 5.406344663954073, 41: 3.4354682277699755, 42: 3.9208867001297047, 43: 2.918547904191951, 44: 5.447224817621396, 45: 3.9302674715075243, 46: 1.4422915543850907, 47: 1.9609617832580428, 48: 0.9546540778782266, 49: 2.4490955766491234, 50: 1.9519531223479396, 51: 0.420753376225667, 52: 6.447434323109456, 53: 0.9053709468893776, 54: 3.458252199200858, 55: 3.971176525882305, 56: 0.935812232653366, 57: 6.433453603525833, 58: 4.9403707155048195, 59: 7.401168403696447, 60: 2.951915249178696, 61: 2.9454713639973154, 62: 0.4296436067920455, 63: 0.95622946586098, 64: 6.44190410571276, 65: 1.4430143727228897, 66: 6.435331480186854, 67: 0.935035121820393, 68: 1.945286373197263, 69: 0.4351770460806047, 70: 0.9655861467080868, 71: 1.4318947746542694, 72: 2.444602675932706, 73: 0.9494914536539273, 74: 2.962614125809954, 75: 0.44315637820456494, 76: 4.444963154366716, 77: 2.927857431619839, 78: 2.9066968973591343, 79: 1.463535666707893, 80: 0.44352898290772025, 81: 0.44289818585330876, 82: 1.9276037406003497, 83: 3.945622611800996, 84: 1.9581401524408706, 85: 2.4028121231290904, 86: 1.4350901282129962, 87: 4.424786506660966, 88: 1.4200382825880267, 89: 1.4423027321625703, 90: 1.4438350011558545, 91: 3.920512041395525, 92: 3.450863441962067, 93: 2.4208117224359333, 94: 3.4306132343188165, 95: 2.457556238512071, 96: 1.4590726864120582, 97: 3.4482496511874894, 98: 2.9377220916845412, 99: 0.9529586874310432}
2025-01-28 05:46:25 - WARNING  - Sum of s_i: 244.26377077733292
2025-01-28 05:46:43 - WARNING  - Shapley share: {22: 0.10000000000000009, 27: 0.10000000000000009, 16: 0.0, 37: -0.050000000000000044, 92: 0.15000000000000013, 41: 0.0, 80: 0.050000000000000044, 87: 0.15000000000000013, 88: -0.15000000000000013, 48: -0.15000000000000013}
2025-01-28 05:46:47 - WARNING  - Epoch:   288. Accuracy: Top-1: 81.06 | Loss: value: 0.55
2025-01-28 05:46:47 - WARNING  - Epoch 288
2025-01-28 05:46:47 - WARNING  - s_i: {0: 1.9483070574263235, 1: 3.952703591452239, 2: 5.941120727769839, 3: 7.441128182851668, 4: 4.932093196716552, 5: 0.985132648110598, 6: 2.971673232612249, 7: 0.4153185621118496, 8: 1.4418461738302804, 9: 0.9382960979117669, 10: 4.450058821308334, 11: 0.42314702687086037, 12: 1.4501130032145049, 13: 2.4311612181303106, 14: 0.43871579877958045, 15: 3.448380298828038, 16: 1.940957552174884, 17: 0.42364580103548066, 18: 0.4487406501632232, 19: 0.4254211796808143, 20: 3.927165633954224, 21: 0.9164207995967768, 22: 3.4013516540204867, 23: 0.4152202144559899, 24: 0.40349906214421827, 25: 1.4003181781144887, 26: 1.9512733432853804, 27: 1.4267122118679683, 28: 2.4362247147615275, 29: 1.4877459278971947, 30: 4.402634864356835, 31: 1.9110788462495223, 32: 3.9482880718910986, 33: 0.9496596354555416, 34: 3.9484226303731123, 35: 0.41404951312356264, 36: 0.4266197601366595, 37: 2.4189605345342375, 38: 0.4282043333820478, 39: 1.928083693064933, 40: 5.406344663954073, 41: 3.430504245290742, 42: 3.9208867001297047, 43: 2.918547904191951, 44: 5.447224817621396, 45: 3.9302674715075243, 46: 1.4422915543850907, 47: 1.9609617832580428, 48: 0.9546540778782266, 49: 2.4490955766491234, 50: 1.9519531223479396, 51: 0.420753376225667, 52: 6.447434323109456, 53: 0.9053709468893776, 54: 3.458252199200858, 55: 3.971176525882305, 56: 0.935812232653366, 57: 6.433453603525833, 58: 4.9403707155048195, 59: 7.401168403696447, 60: 2.951915249178696, 61: 2.9454713639973154, 62: 0.4296436067920455, 63: 0.95622946586098, 64: 6.44190410571276, 65: 1.4430143727228897, 66: 6.435331480186854, 67: 0.935035121820393, 68: 1.945286373197263, 69: 0.4351770460806047, 70: 0.9655861467080868, 71: 1.4318947746542694, 72: 2.444602675932706, 73: 0.9494914536539273, 74: 2.962614125809954, 75: 0.44315637820456494, 76: 4.444963154366716, 77: 2.927857431619839, 78: 2.9066968973591343, 79: 1.463535666707893, 80: 0.9394953388297004, 81: 0.44289818585330876, 82: 1.9276037406003497, 83: 3.945622611800996, 84: 1.9581401524408706, 85: 2.4028121231290904, 86: 1.4350901282129962, 87: 5.920085663327276, 88: 1.4200382825880267, 89: 1.4423027321625703, 90: 1.4438350011558545, 91: 3.920512041395525, 92: 4.946396482140439, 93: 2.4208117224359333, 94: 3.4306132343188165, 95: 2.457556238512071, 96: 1.4590726864120582, 97: 3.4482496511874894, 98: 2.9377220916845412, 99: 0.9529586874310432}
2025-01-28 05:46:47 - WARNING  - Sum of s_i: 249.227642373733
2025-01-28 05:47:04 - WARNING  - Shapley share: {12: 0.2500000000000002, 21: 0.050000000000000044, 15: -0.050000000000000044, 33: 0.15000000000000013, 81: 0.0, 9: 0.050000000000000044, 78: -0.10000000000000009, 28: -0.6, 48: -0.4500000000000004, 4: -0.10000000000000009}
2025-01-28 05:47:09 - WARNING  - Epoch:   289. Accuracy: Top-1: 80.94 | Loss: value: 0.54
2025-01-28 05:47:09 - WARNING  - Epoch 289
2025-01-28 05:47:09 - WARNING  - s_i: {0: 1.9483070574263235, 1: 3.952703591452239, 2: 5.941120727769839, 3: 7.441128182851668, 4: 3.927242710767734, 5: 0.985132648110598, 6: 2.971673232612249, 7: 0.4153185621118496, 8: 1.4418461738302804, 9: 1.4335496439049797, 10: 4.450058821308334, 11: 0.42314702687086037, 12: 3.945577821688553, 13: 2.4311612181303106, 14: 0.43871579877958045, 15: 2.9440786570637067, 16: 1.940957552174884, 17: 0.42364580103548066, 18: 0.4487406501632232, 19: 0.4254211796808143, 20: 3.927165633954224, 21: 1.4115043760436463, 22: 3.4013516540204867, 23: 0.4152202144559899, 24: 0.40349906214421827, 25: 1.4003181781144887, 26: 1.9512733432853804, 27: 1.4267122118679683, 28: 2.4362247147615275, 29: 1.4877459278971947, 30: 4.402634864356835, 31: 1.9110788462495223, 32: 3.9482880718910986, 33: 2.445083238678774, 34: 3.9484226303731123, 35: 0.41404951312356264, 36: 0.4266197601366595, 37: 2.4189605345342375, 38: 0.4282043333820478, 39: 1.928083693064933, 40: 5.406344663954073, 41: 3.430504245290742, 42: 3.9208867001297047, 43: 2.918547904191951, 44: 5.447224817621396, 45: 3.9302674715075243, 46: 1.4422915543850907, 47: 1.9609617832580428, 48: 0.9546540778782266, 49: 2.4490955766491234, 50: 1.9519531223479396, 51: 0.420753376225667, 52: 6.447434323109456, 53: 0.9053709468893776, 54: 3.458252199200858, 55: 3.971176525882305, 56: 0.935812232653366, 57: 6.433453603525833, 58: 4.9403707155048195, 59: 7.401168403696447, 60: 2.951915249178696, 61: 2.9454713639973154, 62: 0.4296436067920455, 63: 0.95622946586098, 64: 6.44190410571276, 65: 1.4430143727228897, 66: 6.435331480186854, 67: 0.935035121820393, 68: 1.945286373197263, 69: 0.4351770460806047, 70: 0.9655861467080868, 71: 1.4318947746542694, 72: 2.444602675932706, 73: 0.9494914536539273, 74: 2.962614125809954, 75: 0.44315637820456494, 76: 4.444963154366716, 77: 2.927857431619839, 78: 1.9026402407225744, 79: 1.463535666707893, 80: 0.9394953388297004, 81: 0.43850573861125586, 82: 1.9276037406003497, 83: 3.945622611800996, 84: 1.9581401524408706, 85: 2.4028121231290904, 86: 1.4350901282129962, 87: 5.920085663327276, 88: 1.4200382825880267, 89: 1.4423027321625703, 90: 1.4438350011558545, 91: 3.920512041395525, 92: 4.946396482140439, 93: 2.4208117224359333, 94: 3.4306132343188165, 95: 2.457556238512071, 96: 1.4590726864120582, 97: 3.4482496511874894, 98: 2.9377220916845412, 99: 0.9529586874310432}
2025-01-28 05:47:09 - WARNING  - Sum of s_i: 251.6912666862786
2025-01-28 05:47:29 - WARNING  - Shapley share: {84: -0.050000000000000044, 54: 0.0, 16: -0.5499999999999999, 22: 0.050000000000000044, 96: -0.4500000000000004, 12: -0.3500000000000003, 98: -0.4999999999999999, 91: -0.34999999999999976, 77: -0.6499999999999995, 66: -0.49999999999999933}
2025-01-28 05:47:34 - WARNING  - Epoch:   290. Accuracy: Top-1: 80.67 | Loss: value: 0.56
2025-01-28 05:47:34 - WARNING  - Epoch 290
2025-01-28 05:47:34 - WARNING  - s_i: {0: 1.9483070574263235, 1: 3.952703591452239, 2: 5.941120727769839, 3: 7.441128182851668, 4: 3.927242710767734, 5: 0.985132648110598, 6: 2.971673232612249, 7: 0.4153185621118496, 8: 1.4418461738302804, 9: 1.4335496439049797, 10: 4.450058821308334, 11: 0.42314702687086037, 12: 0.4410426401625962, 13: 2.4311612181303106, 14: 0.43871579877958045, 15: 2.9440786570637067, 16: 1.940957552174884, 17: 0.42364580103548066, 18: 0.4487406501632232, 19: 0.4254211796808143, 20: 3.927165633954224, 21: 1.4115043760436463, 22: 3.8964192367215107, 23: 0.4152202144559899, 24: 0.40349906214421827, 25: 1.4003181781144887, 26: 1.9512733432853804, 27: 1.4267122118679683, 28: 2.4362247147615275, 29: 1.4877459278971947, 30: 4.402634864356835, 31: 1.9110788462495223, 32: 3.9482880718910986, 33: 2.445083238678774, 34: 3.9484226303731123, 35: 0.41404951312356264, 36: 0.4266197601366595, 37: 2.4189605345342375, 38: 0.4282043333820478, 39: 1.928083693064933, 40: 5.406344663954073, 41: 3.430504245290742, 42: 3.9208867001297047, 43: 2.918547904191951, 44: 5.447224817621396, 45: 3.9302674715075243, 46: 1.4422915543850907, 47: 1.9609617832580428, 48: 0.9546540778782266, 49: 2.4490955766491234, 50: 1.9519531223479396, 51: 0.420753376225667, 52: 6.447434323109456, 53: 0.9053709468893776, 54: 3.4540774191209427, 55: 3.971176525882305, 56: 0.935812232653366, 57: 6.433453603525833, 58: 4.9403707155048195, 59: 7.401168403696447, 60: 2.951915249178696, 61: 2.9454713639973154, 62: 0.4296436067920455, 63: 0.95622946586098, 64: 6.44190410571276, 65: 1.4430143727228897, 66: 1.4312896976985394, 67: 0.935035121820393, 68: 1.945286373197263, 69: 0.4351770460806047, 70: 0.9655861467080868, 71: 1.4318947746542694, 72: 2.444602675932706, 73: 0.9494914536539273, 74: 2.962614125809954, 75: 0.44315637820456494, 76: 4.444963154366716, 77: 2.927857431619839, 78: 1.9026402407225744, 79: 1.463535666707893, 80: 0.9394953388297004, 81: 0.43850573861125586, 82: 1.9276037406003497, 83: 3.945622611800996, 84: 1.453489058267634, 85: 2.4028121231290904, 86: 1.4350901282129962, 87: 5.920085663327276, 88: 1.4200382825880267, 89: 1.4423027321625703, 90: 1.4438350011558545, 91: 0.41632846462687034, 92: 4.946396482140439, 93: 2.4208117224359333, 94: 3.4306132343188165, 95: 2.457556238512071, 96: 1.4590726864120582, 97: 3.4482496511874894, 98: 2.9377220916845412, 99: 0.9529586874310432}
2025-01-28 05:47:34 - WARNING  - Sum of s_i: 239.66474785394354
2025-01-28 05:47:39 - WARNING  - The sum of accs: 72.0
2025-01-28 05:47:39 - WARNING  - The welfare is 71.89154005127034
2025-01-28 05:47:55 - WARNING  - Shapley share: {4: -0.050000000000000044, 89: 0.15000000000000013, 38: 0.10000000000000009, 15: -0.4500000000000004, 21: -0.2500000000000002, 48: -0.15000000000000013, 95: -0.10000000000000009, 75: -0.15000000000000013, 17: -0.050000000000000044, 11: -0.15000000000000013}
2025-01-28 05:47:59 - WARNING  - Epoch:   291. Accuracy: Top-1: 81.50 | Loss: value: 0.54
2025-01-28 05:47:59 - WARNING  - Epoch 291
2025-01-28 05:47:59 - WARNING  - s_i: {0: 1.9483070574263235, 1: 3.952703591452239, 2: 5.941120727769839, 3: 7.441128182851668, 4: 3.4223922248189163, 5: 0.985132648110598, 6: 2.971673232612249, 7: 0.4153185621118496, 8: 1.4418461738302804, 9: 1.4335496439049797, 10: 4.450058821308334, 11: 0.42314702687086037, 12: 0.4410426401625962, 13: 2.4311612181303106, 14: 0.43871579877958045, 15: 2.9440786570637067, 16: 1.940957552174884, 17: 0.42364580103548066, 18: 0.4487406501632232, 19: 0.4254211796808143, 20: 3.927165633954224, 21: 1.4115043760436463, 22: 3.8964192367215107, 23: 0.4152202144559899, 24: 0.40349906214421827, 25: 1.4003181781144887, 26: 1.9512733432853804, 27: 1.4267122118679683, 28: 2.4362247147615275, 29: 1.4877459278971947, 30: 4.402634864356835, 31: 1.9110788462495223, 32: 3.9482880718910986, 33: 2.445083238678774, 34: 3.9484226303731123, 35: 0.41404951312356264, 36: 0.4266197601366595, 37: 2.4189605345342375, 38: 1.423417955607518, 39: 1.928083693064933, 40: 5.406344663954073, 41: 3.430504245290742, 42: 3.9208867001297047, 43: 2.918547904191951, 44: 5.447224817621396, 45: 3.9302674715075243, 46: 1.4422915543850907, 47: 1.9609617832580428, 48: 0.9546540778782266, 49: 2.4490955766491234, 50: 1.9519531223479396, 51: 0.420753376225667, 52: 6.447434323109456, 53: 0.9053709468893776, 54: 3.4540774191209427, 55: 3.971176525882305, 56: 0.935812232653366, 57: 6.433453603525833, 58: 4.9403707155048195, 59: 7.401168403696447, 60: 2.951915249178696, 61: 2.9454713639973154, 62: 0.4296436067920455, 63: 0.95622946586098, 64: 6.44190410571276, 65: 1.4430143727228897, 66: 1.4312896976985394, 67: 0.935035121820393, 68: 1.945286373197263, 69: 0.4351770460806047, 70: 0.9655861467080868, 71: 1.4318947746542694, 72: 2.444602675932706, 73: 0.9494914536539273, 74: 2.962614125809954, 75: 0.44315637820456494, 76: 4.444963154366716, 77: 2.927857431619839, 78: 1.9026402407225744, 79: 1.463535666707893, 80: 0.9394953388297004, 81: 0.43850573861125586, 82: 1.9276037406003497, 83: 3.945622611800996, 84: 1.453489058267634, 85: 2.4028121231290904, 86: 1.4350901282129962, 87: 5.920085663327276, 88: 1.4200382825880267, 89: 2.937494626509452, 90: 1.4438350011558545, 91: 0.41632846462687034, 92: 4.946396482140439, 93: 2.4208117224359333, 94: 3.4306132343188165, 95: 1.4533118623632773, 96: 1.4590726864120582, 97: 3.4482496511874894, 98: 2.9377220916845412, 99: 0.9529586874310432}
2025-01-28 05:47:59 - WARNING  - Sum of s_i: 240.6460585084183
2025-01-28 05:48:17 - WARNING  - Shapley share: {77: -0.6, 50: -0.2500000000000002, 21: -0.15000000000000013, 34: -0.7000000000000006, 4: -0.8000000000000007, 47: -0.5500000000000005, 61: -0.7500000000000001, 10: -0.7000000000000001, 62: -0.8000000000000002, 23: -0.4999999999999999}
2025-01-28 05:48:22 - WARNING  - Epoch:   292. Accuracy: Top-1: 80.91 | Loss: value: 0.56
2025-01-28 05:48:22 - WARNING  - Epoch 292
2025-01-28 05:48:22 - WARNING  - s_i: {0: 1.9483070574263235, 1: 3.952703591452239, 2: 5.941120727769839, 3: 7.441128182851668, 4: 3.4223922248189163, 5: 0.985132648110598, 6: 2.971673232612249, 7: 0.4153185621118496, 8: 1.4418461738302804, 9: 1.4335496439049797, 10: 4.450058821308334, 11: 0.42314702687086037, 12: 0.4410426401625962, 13: 2.4311612181303106, 14: 0.43871579877958045, 15: 2.9440786570637067, 16: 1.940957552174884, 17: 0.42364580103548066, 18: 0.4487406501632232, 19: 0.4254211796808143, 20: 3.927165633954224, 21: 1.4115043760436463, 22: 3.8964192367215107, 23: 0.4152202144559899, 24: 0.40349906214421827, 25: 1.4003181781144887, 26: 1.9512733432853804, 27: 1.4267122118679683, 28: 2.4362247147615275, 29: 1.4877459278971947, 30: 4.402634864356835, 31: 1.9110788462495223, 32: 3.9482880718910986, 33: 2.445083238678774, 34: 3.9484226303731123, 35: 0.41404951312356264, 36: 0.4266197601366595, 37: 2.4189605345342375, 38: 1.423417955607518, 39: 1.928083693064933, 40: 5.406344663954073, 41: 3.430504245290742, 42: 3.9208867001297047, 43: 2.918547904191951, 44: 5.447224817621396, 45: 3.9302674715075243, 46: 1.4422915543850907, 47: 1.9609617832580428, 48: 0.9546540778782266, 49: 2.4490955766491234, 50: 1.9519531223479396, 51: 0.420753376225667, 52: 6.447434323109456, 53: 0.9053709468893776, 54: 3.4540774191209427, 55: 3.971176525882305, 56: 0.935812232653366, 57: 6.433453603525833, 58: 4.9403707155048195, 59: 7.401168403696447, 60: 2.951915249178696, 61: 2.9454713639973154, 62: 0.4296436067920455, 63: 0.95622946586098, 64: 6.44190410571276, 65: 1.4430143727228897, 66: 1.4312896976985394, 67: 0.935035121820393, 68: 1.945286373197263, 69: 0.4351770460806047, 70: 0.9655861467080868, 71: 1.4318947746542694, 72: 2.444602675932706, 73: 0.9494914536539273, 74: 2.962614125809954, 75: 0.44315637820456494, 76: 4.444963154366716, 77: 2.927857431619839, 78: 1.9026402407225744, 79: 1.463535666707893, 80: 0.9394953388297004, 81: 0.43850573861125586, 82: 1.9276037406003497, 83: 3.945622611800996, 84: 1.453489058267634, 85: 2.4028121231290904, 86: 1.4350901282129962, 87: 5.920085663327276, 88: 1.4200382825880267, 89: 2.937494626509452, 90: 1.4438350011558545, 91: 0.41632846462687034, 92: 4.946396482140439, 93: 2.4208117224359333, 94: 3.4306132343188165, 95: 1.4533118623632773, 96: 1.4590726864120582, 97: 3.4482496511874894, 98: 2.9377220916845412, 99: 0.9529586874310432}
2025-01-28 05:48:22 - WARNING  - Sum of s_i: 240.6460585084183
2025-01-28 05:48:39 - WARNING  - Shapley share: {63: -0.24999999999999967, 83: -0.5499999999999999, 35: -0.2999999999999997, 13: -0.30000000000000027, 0: -0.10000000000000009, 47: -0.30000000000000027, 41: -0.7000000000000006, 72: -0.8500000000000008, 74: -0.2500000000000002, 77: -0.3999999999999998}
2025-01-28 05:48:43 - WARNING  - Epoch:   293. Accuracy: Top-1: 82.00 | Loss: value: 0.52
2025-01-28 05:48:43 - WARNING  - Epoch 293
2025-01-28 05:48:43 - WARNING  - s_i: {0: 0.94399931221185, 1: 3.952703591452239, 2: 5.941120727769839, 3: 7.441128182851668, 4: 3.4223922248189163, 5: 0.985132648110598, 6: 2.971673232612249, 7: 0.4153185621118496, 8: 1.4418461738302804, 9: 1.4335496439049797, 10: 4.450058821308334, 11: 0.42314702687086037, 12: 0.4410426401625962, 13: 2.4311612181303106, 14: 0.43871579877958045, 15: 2.9440786570637067, 16: 1.940957552174884, 17: 0.42364580103548066, 18: 0.4487406501632232, 19: 0.4254211796808143, 20: 3.927165633954224, 21: 1.4115043760436463, 22: 3.8964192367215107, 23: 0.4152202144559899, 24: 0.40349906214421827, 25: 1.4003181781144887, 26: 1.9512733432853804, 27: 1.4267122118679683, 28: 2.4362247147615275, 29: 1.4877459278971947, 30: 4.402634864356835, 31: 1.9110788462495223, 32: 3.9482880718910986, 33: 2.445083238678774, 34: 3.9484226303731123, 35: 0.41404951312356264, 36: 0.4266197601366595, 37: 2.4189605345342375, 38: 1.423417955607518, 39: 1.928083693064933, 40: 5.406344663954073, 41: 3.430504245290742, 42: 3.9208867001297047, 43: 2.918547904191951, 44: 5.447224817621396, 45: 3.9302674715075243, 46: 1.4422915543850907, 47: 1.9609617832580428, 48: 0.9546540778782266, 49: 2.4490955766491234, 50: 1.9519531223479396, 51: 0.420753376225667, 52: 6.447434323109456, 53: 0.9053709468893776, 54: 3.4540774191209427, 55: 3.971176525882305, 56: 0.935812232653366, 57: 6.433453603525833, 58: 4.9403707155048195, 59: 7.401168403696447, 60: 2.951915249178696, 61: 2.9454713639973154, 62: 0.4296436067920455, 63: 0.95622946586098, 64: 6.44190410571276, 65: 1.4430143727228897, 66: 1.4312896976985394, 67: 0.935035121820393, 68: 1.945286373197263, 69: 0.4351770460806047, 70: 0.9655861467080868, 71: 1.4318947746542694, 72: 2.444602675932706, 73: 0.9494914536539273, 74: 0.45846013978883526, 75: 0.44315637820456494, 76: 4.444963154366716, 77: 2.927857431619839, 78: 1.9026402407225744, 79: 1.463535666707893, 80: 0.9394953388297004, 81: 0.43850573861125586, 82: 1.9276037406003497, 83: 3.945622611800996, 84: 1.453489058267634, 85: 2.4028121231290904, 86: 1.4350901282129962, 87: 5.920085663327276, 88: 1.4200382825880267, 89: 2.937494626509452, 90: 1.4438350011558545, 91: 0.41632846462687034, 92: 4.946396482140439, 93: 2.4208117224359333, 94: 3.4306132343188165, 95: 1.4533118623632773, 96: 1.4590726864120582, 97: 3.4482496511874894, 98: 2.9377220916845412, 99: 0.9529586874310432}
2025-01-28 05:48:43 - WARNING  - Sum of s_i: 237.1375967771827
2025-01-28 05:49:01 - WARNING  - Shapley share: {61: -0.10000000000000009, 34: -0.050000000000000044, 66: 0.15000000000000013, 4: -0.10000000000000009, 64: 0.15000000000000013, 95: -0.15000000000000013, 75: 0.0, 1: 0.2500000000000002, 11: 0.050000000000000044, 89: 0.10000000000000009}
2025-01-28 05:49:05 - WARNING  - Epoch:   294. Accuracy: Top-1: 81.19 | Loss: value: 0.56
2025-01-28 05:49:05 - WARNING  - Epoch 294
2025-01-28 05:49:05 - WARNING  - s_i: {0: 0.94399931221185, 1: 6.447973950597465, 2: 5.941120727769839, 3: 7.441128182851668, 4: 2.417541738870098, 5: 0.985132648110598, 6: 2.971673232612249, 7: 0.4153185621118496, 8: 1.4418461738302804, 9: 1.4335496439049797, 10: 4.450058821308334, 11: 0.918626263745618, 12: 0.4410426401625962, 13: 2.4311612181303106, 14: 0.43871579877958045, 15: 2.9440786570637067, 16: 1.940957552174884, 17: 0.42364580103548066, 18: 0.4487406501632232, 19: 0.4254211796808143, 20: 3.927165633954224, 21: 1.4115043760436463, 22: 3.8964192367215107, 23: 0.4152202144559899, 24: 0.40349906214421827, 25: 1.4003181781144887, 26: 1.9512733432853804, 27: 1.4267122118679683, 28: 2.4362247147615275, 29: 1.4877459278971947, 30: 4.402634864356835, 31: 1.9110788462495223, 32: 3.9482880718910986, 33: 2.445083238678774, 34: 3.4437337785888484, 35: 0.41404951312356264, 36: 0.4266197601366595, 37: 2.4189605345342375, 38: 1.423417955607518, 39: 1.928083693064933, 40: 5.406344663954073, 41: 3.430504245290742, 42: 3.9208867001297047, 43: 2.918547904191951, 44: 5.447224817621396, 45: 3.9302674715075243, 46: 1.4422915543850907, 47: 1.9609617832580428, 48: 0.9546540778782266, 49: 2.4490955766491234, 50: 1.9519531223479396, 51: 0.420753376225667, 52: 6.447434323109456, 53: 0.9053709468893776, 54: 3.4540774191209427, 55: 3.971176525882305, 56: 0.935812232653366, 57: 6.433453603525833, 58: 4.9403707155048195, 59: 7.401168403696447, 60: 2.951915249178696, 61: 1.9405142152697978, 62: 0.4296436067920455, 63: 0.95622946586098, 64: 7.937062781188825, 65: 1.4430143727228897, 66: 2.9272479152102187, 67: 0.935035121820393, 68: 1.945286373197263, 69: 0.4351770460806047, 70: 0.9655861467080868, 71: 1.4318947746542694, 72: 2.444602675932706, 73: 0.9494914536539273, 74: 0.45846013978883526, 75: 0.43841940972161253, 76: 4.444963154366716, 77: 2.927857431619839, 78: 1.9026402407225744, 79: 1.463535666707893, 80: 0.9394953388297004, 81: 0.43850573861125586, 82: 1.9276037406003497, 83: 3.945622611800996, 84: 1.453489058267634, 85: 2.4028121231290904, 86: 1.4350901282129962, 87: 5.920085663327276, 88: 1.4200382825880267, 89: 3.932686520856333, 90: 1.4438350011558545, 91: 0.41632846462687034, 92: 4.946396482140439, 93: 2.4208117224359333, 94: 3.4306132343188165, 95: 1.4533118623632773, 96: 1.4590726864120582, 97: 3.4482496511874894, 98: 2.9377220916845412, 99: 0.9529586874310432}
2025-01-28 05:49:05 - WARNING  - Sum of s_i: 241.59542170559374
2025-01-28 05:49:20 - WARNING  - Shapley share: {11: -0.24999999999999967, 8: -0.2500000000000002, 99: -0.44999999999999984, 82: -0.10000000000000009, 97: -0.5499999999999999, 63: -0.15000000000000013, 22: -0.34999999999999976, 15: -0.8000000000000007, 55: -0.4999999999999999, 61: -0.65}
2025-01-28 05:49:25 - WARNING  - Epoch:   295. Accuracy: Top-1: 80.30 | Loss: value: 0.58
2025-01-28 05:49:25 - WARNING  - Epoch 295
2025-01-28 05:49:25 - WARNING  - s_i: {0: 0.94399931221185, 1: 6.447973950597465, 2: 5.941120727769839, 3: 7.441128182851668, 4: 2.417541738870098, 5: 0.985132648110598, 6: 2.971673232612249, 7: 0.4153185621118496, 8: 1.4418461738302804, 9: 1.4335496439049797, 10: 4.450058821308334, 11: 0.918626263745618, 12: 0.4410426401625962, 13: 2.4311612181303106, 14: 0.43871579877958045, 15: 2.9440786570637067, 16: 1.940957552174884, 17: 0.42364580103548066, 18: 0.4487406501632232, 19: 0.4254211796808143, 20: 3.927165633954224, 21: 1.4115043760436463, 22: 0.39148681942253694, 23: 0.4152202144559899, 24: 0.40349906214421827, 25: 1.4003181781144887, 26: 1.9512733432853804, 27: 1.4267122118679683, 28: 2.4362247147615275, 29: 1.4877459278971947, 30: 4.402634864356835, 31: 1.9110788462495223, 32: 3.9482880718910986, 33: 2.445083238678774, 34: 3.4437337785888484, 35: 0.41404951312356264, 36: 0.4266197601366595, 37: 2.4189605345342375, 38: 1.423417955607518, 39: 1.928083693064933, 40: 5.406344663954073, 41: 3.430504245290742, 42: 3.9208867001297047, 43: 2.918547904191951, 44: 5.447224817621396, 45: 3.9302674715075243, 46: 1.4422915543850907, 47: 1.9609617832580428, 48: 0.9546540778782266, 49: 2.4490955766491234, 50: 1.9519531223479396, 51: 0.420753376225667, 52: 6.447434323109456, 53: 0.9053709468893776, 54: 3.4540774191209427, 55: 3.971176525882305, 56: 0.935812232653366, 57: 6.433453603525833, 58: 4.9403707155048195, 59: 7.401168403696447, 60: 2.951915249178696, 61: 1.9405142152697978, 62: 0.4296436067920455, 63: 0.95622946586098, 64: 7.937062781188825, 65: 1.4430143727228897, 66: 2.9272479152102187, 67: 0.935035121820393, 68: 1.945286373197263, 69: 0.4351770460806047, 70: 0.9655861467080868, 71: 1.4318947746542694, 72: 2.444602675932706, 73: 0.9494914536539273, 74: 0.45846013978883526, 75: 0.43841940972161253, 76: 4.444963154366716, 77: 2.927857431619839, 78: 1.9026402407225744, 79: 1.463535666707893, 80: 0.9394953388297004, 81: 0.43850573861125586, 82: 0.9227773233070391, 83: 3.945622611800996, 84: 1.453489058267634, 85: 2.4028121231290904, 86: 1.4350901282129962, 87: 5.920085663327276, 88: 1.4200382825880267, 89: 3.932686520856333, 90: 1.4438350011558545, 91: 0.41632846462687034, 92: 4.946396482140439, 93: 2.4208117224359333, 94: 3.4306132343188165, 95: 1.4533118623632773, 96: 1.4590726864120582, 97: 3.4482496511874894, 98: 2.9377220916845412, 99: 0.9529586874310432}
2025-01-28 05:49:25 - WARNING  - Sum of s_i: 237.08566287100146
2025-01-28 05:49:43 - WARNING  - Shapley share: {57: -0.6, 31: -0.3500000000000003, 56: -0.8000000000000002, 7: -0.7500000000000001, 65: -0.8000000000000002, 85: -0.5500000000000005, 64: -0.8500000000000002, 54: -0.8000000000000007, 34: -0.9500000000000003, 95: -0.9000000000000008}
2025-01-28 05:49:48 - WARNING  - Epoch:   296. Accuracy: Top-1: 80.86 | Loss: value: 0.56
2025-01-28 05:49:48 - WARNING  - Epoch 296
2025-01-28 05:49:48 - WARNING  - s_i: {0: 0.94399931221185, 1: 6.447973950597465, 2: 5.941120727769839, 3: 7.441128182851668, 4: 2.417541738870098, 5: 0.985132648110598, 6: 2.971673232612249, 7: 0.4153185621118496, 8: 1.4418461738302804, 9: 1.4335496439049797, 10: 4.450058821308334, 11: 0.918626263745618, 12: 0.4410426401625962, 13: 2.4311612181303106, 14: 0.43871579877958045, 15: 2.9440786570637067, 16: 1.940957552174884, 17: 0.42364580103548066, 18: 0.4487406501632232, 19: 0.4254211796808143, 20: 3.927165633954224, 21: 1.4115043760436463, 22: 0.39148681942253694, 23: 0.4152202144559899, 24: 0.40349906214421827, 25: 1.4003181781144887, 26: 1.9512733432853804, 27: 1.4267122118679683, 28: 2.4362247147615275, 29: 1.4877459278971947, 30: 4.402634864356835, 31: 1.9110788462495223, 32: 3.9482880718910986, 33: 2.445083238678774, 34: 3.4437337785888484, 35: 0.41404951312356264, 36: 0.4266197601366595, 37: 2.4189605345342375, 38: 1.423417955607518, 39: 1.928083693064933, 40: 5.406344663954073, 41: 3.430504245290742, 42: 3.9208867001297047, 43: 2.918547904191951, 44: 5.447224817621396, 45: 3.9302674715075243, 46: 1.4422915543850907, 47: 1.9609617832580428, 48: 0.9546540778782266, 49: 2.4490955766491234, 50: 1.9519531223479396, 51: 0.420753376225667, 52: 6.447434323109456, 53: 0.9053709468893776, 54: 3.4540774191209427, 55: 3.971176525882305, 56: 0.935812232653366, 57: 0.4287002894919638, 58: 4.9403707155048195, 59: 7.401168403696447, 60: 2.951915249178696, 61: 1.9405142152697978, 62: 0.4296436067920455, 63: 0.95622946586098, 64: 7.937062781188825, 65: 1.4430143727228897, 66: 2.9272479152102187, 67: 0.935035121820393, 68: 1.945286373197263, 69: 0.4351770460806047, 70: 0.9655861467080868, 71: 1.4318947746542694, 72: 2.444602675932706, 73: 0.9494914536539273, 74: 0.45846013978883526, 75: 0.43841940972161253, 76: 4.444963154366716, 77: 2.927857431619839, 78: 1.9026402407225744, 79: 1.463535666707893, 80: 0.9394953388297004, 81: 0.43850573861125586, 82: 0.9227773233070391, 83: 3.945622611800996, 84: 1.453489058267634, 85: 2.4028121231290904, 86: 1.4350901282129962, 87: 5.920085663327276, 88: 1.4200382825880267, 89: 3.932686520856333, 90: 1.4438350011558545, 91: 0.41632846462687034, 92: 4.946396482140439, 93: 2.4208117224359333, 94: 3.4306132343188165, 95: 1.4533118623632773, 96: 1.4590726864120582, 97: 3.4482496511874894, 98: 2.9377220916845412, 99: 0.9529586874310432}
2025-01-28 05:49:48 - WARNING  - Sum of s_i: 231.08090955696758
2025-01-28 05:50:04 - WARNING  - Shapley share: {37: 0.050000000000000044, 71: 0.10000000000000009, 89: -0.10000000000000009, 68: -0.7000000000000006, 15: -0.7000000000000006, 81: -0.6500000000000006, 78: -0.5500000000000005, 20: -0.6, 80: -0.6000000000000005, 34: -0.3999999999999998}
2025-01-28 05:50:09 - WARNING  - Epoch:   297. Accuracy: Top-1: 81.15 | Loss: value: 0.54
2025-01-28 05:50:09 - WARNING  - Epoch 297
2025-01-28 05:50:09 - WARNING  - s_i: {0: 0.94399931221185, 1: 6.447973950597465, 2: 5.941120727769839, 3: 7.441128182851668, 4: 2.417541738870098, 5: 0.985132648110598, 6: 2.971673232612249, 7: 0.4153185621118496, 8: 1.4418461738302804, 9: 1.4335496439049797, 10: 4.450058821308334, 11: 0.918626263745618, 12: 0.4410426401625962, 13: 2.4311612181303106, 14: 0.43871579877958045, 15: 2.9440786570637067, 16: 1.940957552174884, 17: 0.42364580103548066, 18: 0.4487406501632232, 19: 0.4254211796808143, 20: 3.927165633954224, 21: 1.4115043760436463, 22: 0.39148681942253694, 23: 0.4152202144559899, 24: 0.40349906214421827, 25: 1.4003181781144887, 26: 1.9512733432853804, 27: 1.4267122118679683, 28: 2.4362247147615275, 29: 1.4877459278971947, 30: 4.402634864356835, 31: 1.9110788462495223, 32: 3.9482880718910986, 33: 2.445083238678774, 34: 3.4437337785888484, 35: 0.41404951312356264, 36: 0.4266197601366595, 37: 2.9144583420083623, 38: 1.423417955607518, 39: 1.928083693064933, 40: 5.406344663954073, 41: 3.430504245290742, 42: 3.9208867001297047, 43: 2.918547904191951, 44: 5.447224817621396, 45: 3.9302674715075243, 46: 1.4422915543850907, 47: 1.9609617832580428, 48: 0.9546540778782266, 49: 2.4490955766491234, 50: 1.9519531223479396, 51: 0.420753376225667, 52: 6.447434323109456, 53: 0.9053709468893776, 54: 3.4540774191209427, 55: 3.971176525882305, 56: 0.935812232653366, 57: 0.4287002894919638, 58: 4.9403707155048195, 59: 7.401168403696447, 60: 2.951915249178696, 61: 1.9405142152697978, 62: 0.4296436067920455, 63: 0.95622946586098, 64: 7.937062781188825, 65: 1.4430143727228897, 66: 2.9272479152102187, 67: 0.935035121820393, 68: 1.945286373197263, 69: 0.4351770460806047, 70: 0.9655861467080868, 71: 2.4270301157010037, 72: 2.444602675932706, 73: 0.9494914536539273, 74: 0.45846013978883526, 75: 0.43841940972161253, 76: 4.444963154366716, 77: 2.927857431619839, 78: 1.9026402407225744, 79: 1.463535666707893, 80: 0.9394953388297004, 81: 0.43850573861125586, 82: 0.9227773233070391, 83: 3.945622611800996, 84: 1.453489058267634, 85: 2.4028121231290904, 86: 1.4350901282129962, 87: 5.920085663327276, 88: 1.4200382825880267, 89: 2.9278784152032125, 90: 1.4438350011558545, 91: 0.41632846462687034, 92: 4.946396482140439, 93: 2.4208117224359333, 94: 3.4306132343188165, 95: 1.4533118623632773, 96: 1.4590726864120582, 97: 3.4482496511874894, 98: 2.9377220916845412, 99: 0.9529586874310432}
2025-01-28 05:50:09 - WARNING  - Sum of s_i: 231.5667345998353
2025-01-28 05:50:25 - WARNING  - Shapley share: {28: 0.10000000000000009, 84: -0.20000000000000018, 34: -0.40000000000000036, 17: -0.10000000000000009, 7: -0.2500000000000002, 70: -0.5000000000000004, 76: -0.2500000000000002, 82: -0.5000000000000004, 99: -0.5500000000000005, 80: -0.2500000000000002}
2025-01-28 05:50:30 - WARNING  - Epoch:   298. Accuracy: Top-1: 81.66 | Loss: value: 0.53
2025-01-28 05:50:30 - WARNING  - Epoch 298
2025-01-28 05:50:30 - WARNING  - s_i: {0: 0.94399931221185, 1: 6.447973950597465, 2: 5.941120727769839, 3: 7.441128182851668, 4: 2.417541738870098, 5: 0.985132648110598, 6: 2.971673232612249, 7: 0.4153185621118496, 8: 1.4418461738302804, 9: 1.4335496439049797, 10: 4.450058821308334, 11: 0.918626263745618, 12: 0.4410426401625962, 13: 2.4311612181303106, 14: 0.43871579877958045, 15: 2.9440786570637067, 16: 1.940957552174884, 17: 0.42364580103548066, 18: 0.4487406501632232, 19: 0.4254211796808143, 20: 3.927165633954224, 21: 1.4115043760436463, 22: 0.39148681942253694, 23: 0.4152202144559899, 24: 0.40349906214421827, 25: 1.4003181781144887, 26: 1.9512733432853804, 27: 1.4267122118679683, 28: 3.431669337244495, 29: 1.4877459278971947, 30: 4.402634864356835, 31: 1.9110788462495223, 32: 3.9482880718910986, 33: 2.445083238678774, 34: 3.4437337785888484, 35: 0.41404951312356264, 36: 0.4266197601366595, 37: 2.9144583420083623, 38: 1.423417955607518, 39: 1.928083693064933, 40: 5.406344663954073, 41: 3.430504245290742, 42: 3.9208867001297047, 43: 2.918547904191951, 44: 5.447224817621396, 45: 3.9302674715075243, 46: 1.4422915543850907, 47: 1.9609617832580428, 48: 0.9546540778782266, 49: 2.4490955766491234, 50: 1.9519531223479396, 51: 0.420753376225667, 52: 6.447434323109456, 53: 0.9053709468893776, 54: 3.4540774191209427, 55: 3.971176525882305, 56: 0.935812232653366, 57: 0.4287002894919638, 58: 4.9403707155048195, 59: 7.401168403696447, 60: 2.951915249178696, 61: 1.9405142152697978, 62: 0.4296436067920455, 63: 0.95622946586098, 64: 7.937062781188825, 65: 1.4430143727228897, 66: 2.9272479152102187, 67: 0.935035121820393, 68: 1.945286373197263, 69: 0.4351770460806047, 70: 0.9655861467080868, 71: 2.4270301157010037, 72: 2.444602675932706, 73: 0.9494914536539273, 74: 0.45846013978883526, 75: 0.43841940972161253, 76: 1.9403767505639404, 77: 2.927857431619839, 78: 1.9026402407225744, 79: 1.463535666707893, 80: 0.9394953388297004, 81: 0.43850573861125586, 82: 0.9227773233070391, 83: 3.945622611800996, 84: 1.453489058267634, 85: 2.4028121231290904, 86: 1.4350901282129962, 87: 5.920085663327276, 88: 1.4200382825880267, 89: 2.9278784152032125, 90: 1.4438350011558545, 91: 0.41632846462687034, 92: 4.946396482140439, 93: 2.4208117224359333, 94: 3.4306132343188165, 95: 1.4533118623632773, 96: 1.4590726864120582, 97: 3.4482496511874894, 98: 2.9377220916845412, 99: 0.9529586874310432}
2025-01-28 05:50:30 - WARNING  - Sum of s_i: 230.05759281851553
2025-01-28 05:50:49 - WARNING  - Shapley share: {74: -0.10000000000000009, 40: -0.6500000000000006, 79: -0.3500000000000003, 29: -0.15000000000000013, 96: -0.2500000000000002, 83: -0.5500000000000005, 99: -0.40000000000000036, 1: -0.2500000000000002, 78: -0.30000000000000027, 53: -0.20000000000000018}
2025-01-28 05:50:53 - WARNING  - Epoch:   299. Accuracy: Top-1: 79.05 | Loss: value: 0.62
2025-01-28 05:50:53 - WARNING  - Epoch 299
2025-01-28 05:50:53 - WARNING  - s_i: {0: 0.94399931221185, 1: 3.943244309742686, 2: 5.941120727769839, 3: 7.441128182851668, 4: 2.417541738870098, 5: 0.985132648110598, 6: 2.971673232612249, 7: 0.4153185621118496, 8: 1.4418461738302804, 9: 1.4335496439049797, 10: 4.450058821308334, 11: 0.918626263745618, 12: 0.4410426401625962, 13: 2.4311612181303106, 14: 0.43871579877958045, 15: 2.9440786570637067, 16: 1.940957552174884, 17: 0.42364580103548066, 18: 0.4487406501632232, 19: 0.4254211796808143, 20: 3.927165633954224, 21: 1.4115043760436463, 22: 0.39148681942253694, 23: 0.4152202144559899, 24: 0.40349906214421827, 25: 1.4003181781144887, 26: 1.9512733432853804, 27: 1.4267122118679683, 28: 3.431669337244495, 29: 1.4877459278971947, 30: 4.402634864356835, 31: 1.9110788462495223, 32: 3.9482880718910986, 33: 2.445083238678774, 34: 3.4437337785888484, 35: 0.41404951312356264, 36: 0.4266197601366595, 37: 2.9144583420083623, 38: 1.423417955607518, 39: 1.928083693064933, 40: 5.406344663954073, 41: 3.430504245290742, 42: 3.9208867001297047, 43: 2.918547904191951, 44: 5.447224817621396, 45: 3.9302674715075243, 46: 1.4422915543850907, 47: 1.9609617832580428, 48: 0.9546540778782266, 49: 2.4490955766491234, 50: 1.9519531223479396, 51: 0.420753376225667, 52: 6.447434323109456, 53: 0.9053709468893776, 54: 3.4540774191209427, 55: 3.971176525882305, 56: 0.935812232653366, 57: 0.4287002894919638, 58: 4.9403707155048195, 59: 7.401168403696447, 60: 2.951915249178696, 61: 1.9405142152697978, 62: 0.4296436067920455, 63: 0.95622946586098, 64: 7.937062781188825, 65: 1.4430143727228897, 66: 2.9272479152102187, 67: 0.935035121820393, 68: 1.945286373197263, 69: 0.4351770460806047, 70: 0.9655861467080868, 71: 2.4270301157010037, 72: 2.444602675932706, 73: 0.9494914536539273, 74: 0.45846013978883526, 75: 0.43841940972161253, 76: 1.9403767505639404, 77: 2.927857431619839, 78: 1.9026402407225744, 79: 1.463535666707893, 80: 0.9394953388297004, 81: 0.43850573861125586, 82: 0.9227773233070391, 83: 3.945622611800996, 84: 1.453489058267634, 85: 2.4028121231290904, 86: 1.4350901282129962, 87: 5.920085663327276, 88: 1.4200382825880267, 89: 2.9278784152032125, 90: 1.4438350011558545, 91: 0.41632846462687034, 92: 4.946396482140439, 93: 2.4208117224359333, 94: 3.4306132343188165, 95: 1.4533118623632773, 96: 1.4590726864120582, 97: 3.4482496511874894, 98: 2.9377220916845412, 99: 0.9529586874310432}
2025-01-28 05:50:53 - WARNING  - Sum of s_i: 227.55286317766075
2025-01-28 05:51:11 - WARNING  - Shapley share: {73: -0.050000000000000044, 55: -0.6000000000000005, 21: -0.2500000000000002, 46: -0.15000000000000013, 8: 0.050000000000000044, 36: -0.10000000000000009, 9: -0.3999999999999998, 59: 0.050000000000000044, 14: -0.050000000000000044, 64: -0.3500000000000003}
2025-01-28 05:51:16 - WARNING  - Epoch:   300. Accuracy: Top-1: 80.05 | Loss: value: 0.58
2025-01-28 05:51:16 - WARNING  - Epoch 300
2025-01-28 05:51:16 - WARNING  - s_i: {0: 0.94399931221185, 1: 3.943244309742686, 2: 5.941120727769839, 3: 7.441128182851668, 4: 2.417541738870098, 5: 0.985132648110598, 6: 2.971673232612249, 7: 0.4153185621118496, 8: 1.937000021649471, 9: 1.4335496439049797, 10: 4.450058821308334, 11: 0.918626263745618, 12: 0.4410426401625962, 13: 2.4311612181303106, 14: 0.43871579877958045, 15: 2.9440786570637067, 16: 1.940957552174884, 17: 0.42364580103548066, 18: 0.4487406501632232, 19: 0.4254211796808143, 20: 3.927165633954224, 21: 1.4115043760436463, 22: 0.39148681942253694, 23: 0.4152202144559899, 24: 0.40349906214421827, 25: 1.4003181781144887, 26: 1.9512733432853804, 27: 1.4267122118679683, 28: 3.431669337244495, 29: 1.4877459278971947, 30: 4.402634864356835, 31: 1.9110788462495223, 32: 3.9482880718910986, 33: 2.445083238678774, 34: 3.4437337785888484, 35: 0.41404951312356264, 36: 0.4266197601366595, 37: 2.9144583420083623, 38: 1.423417955607518, 39: 1.928083693064933, 40: 5.406344663954073, 41: 3.430504245290742, 42: 3.9208867001297047, 43: 2.918547904191951, 44: 5.447224817621396, 45: 3.9302674715075243, 46: 1.4422915543850907, 47: 1.9609617832580428, 48: 0.9546540778782266, 49: 2.4490955766491234, 50: 1.9519531223479396, 51: 0.420753376225667, 52: 6.447434323109456, 53: 0.9053709468893776, 54: 3.4540774191209427, 55: 3.971176525882305, 56: 0.935812232653366, 57: 0.4287002894919638, 58: 4.9403707155048195, 59: 7.897050420517132, 60: 2.951915249178696, 61: 1.9405142152697978, 62: 0.4296436067920455, 63: 0.95622946586098, 64: 4.432221456664884, 65: 1.4430143727228897, 66: 2.9272479152102187, 67: 0.935035121820393, 68: 1.945286373197263, 69: 0.4351770460806047, 70: 0.9655861467080868, 71: 2.4270301157010037, 72: 2.444602675932706, 73: 0.4448997676224662, 74: 0.45846013978883526, 75: 0.43841940972161253, 76: 1.9403767505639404, 77: 2.927857431619839, 78: 1.9026402407225744, 79: 1.463535666707893, 80: 0.9394953388297004, 81: 0.43850573861125586, 82: 0.9227773233070391, 83: 3.945622611800996, 84: 1.453489058267634, 85: 2.4028121231290904, 86: 1.4350901282129962, 87: 5.920085663327276, 88: 1.4200382825880267, 89: 2.9278784152032125, 90: 1.4438350011558545, 91: 0.41632846462687034, 92: 4.946396482140439, 93: 2.4208117224359333, 94: 3.4306132343188165, 95: 1.4533118623632773, 96: 1.4590726864120582, 97: 3.4482496511874894, 98: 2.9377220916845412, 99: 0.9529586874310432}
2025-01-28 05:51:16 - WARNING  - Sum of s_i: 224.5344660317452
2025-01-28 05:51:21 - WARNING  - The sum of accs: 73.0
2025-01-28 05:51:21 - WARNING  - The welfare is 72.89871023702763
2025-01-28 05:51:36 - WARNING  - Shapley share: {85: 0.2500000000000002, 35: 0.15000000000000013, 67: 0.15000000000000013, 42: 0.10000000000000009, 11: 0.20000000000000018, 86: 0.10000000000000009, 99: 0.0, 19: 0.20000000000000018, 58: 0.5000000000000004, 48: 0.20000000000000018}
2025-01-28 05:51:41 - WARNING  - Epoch:   301. Accuracy: Top-1: 81.45 | Loss: value: 0.55
2025-01-28 05:51:41 - WARNING  - Epoch 301
2025-01-28 05:51:41 - WARNING  - s_i: {0: 0.94399931221185, 1: 3.943244309742686, 2: 5.941120727769839, 3: 7.441128182851668, 4: 2.417541738870098, 5: 0.985132648110598, 6: 2.971673232612249, 7: 0.4153185621118496, 8: 1.937000021649471, 9: 1.4335496439049797, 10: 4.450058821308334, 11: 2.914105500620377, 12: 0.4410426401625962, 13: 2.4311612181303106, 14: 0.43871579877958045, 15: 2.9440786570637067, 16: 1.940957552174884, 17: 0.42364580103548066, 18: 0.4487406501632232, 19: 2.4212779118853054, 20: 3.927165633954224, 21: 1.4115043760436463, 22: 0.39148681942253694, 23: 0.4152202144559899, 24: 0.40349906214421827, 25: 1.4003181781144887, 26: 1.9512733432853804, 27: 1.4267122118679683, 28: 3.431669337244495, 29: 1.4877459278971947, 30: 4.402634864356835, 31: 1.9110788462495223, 32: 3.9482880718910986, 33: 2.445083238678774, 34: 3.4437337785888484, 35: 1.9097519887797416, 36: 0.4266197601366595, 37: 2.9144583420083623, 38: 1.423417955607518, 39: 1.928083693064933, 40: 5.406344663954073, 41: 3.430504245290742, 42: 4.916491516803577, 43: 2.918547904191951, 44: 5.447224817621396, 45: 3.9302674715075243, 46: 1.4422915543850907, 47: 1.9609617832580428, 48: 2.950119485666052, 49: 2.4490955766491234, 50: 1.9519531223479396, 51: 0.420753376225667, 52: 6.447434323109456, 53: 0.9053709468893776, 54: 3.4540774191209427, 55: 3.971176525882305, 56: 0.935812232653366, 57: 0.4287002894919638, 58: 4.9403707155048195, 59: 7.897050420517132, 60: 2.951915249178696, 61: 1.9405142152697978, 62: 0.4296436067920455, 63: 0.95622946586098, 64: 4.432221456664884, 65: 1.4430143727228897, 66: 2.9272479152102187, 67: 2.430974816934169, 68: 1.945286373197263, 69: 0.4351770460806047, 70: 0.9655861467080868, 71: 2.4270301157010037, 72: 2.444602675932706, 73: 0.4448997676224662, 74: 0.45846013978883526, 75: 0.43841940972161253, 76: 1.9403767505639404, 77: 2.927857431619839, 78: 1.9026402407225744, 79: 1.463535666707893, 80: 0.9394953388297004, 81: 0.43850573861125586, 82: 0.9227773233070391, 83: 3.945622611800996, 84: 1.453489058267634, 85: 4.8981841289923835, 86: 2.430762803427197, 87: 5.920085663327276, 88: 1.4200382825880267, 89: 2.9278784152032125, 90: 1.4438350011558545, 91: 0.41632846462687034, 92: 4.946396482140439, 93: 2.4208117224359333, 94: 3.4306132343188165, 95: 1.4533118623632773, 96: 1.4590726864120582, 97: 3.4482496511874894, 98: 2.9377220916845412, 99: 0.9482545561741481}
2025-01-28 05:51:41 - WARNING  - Sum of s_i: 237.9948549458767
2025-01-28 05:51:57 - WARNING  - Shapley share: {30: -0.15000000000000013, 70: -0.15000000000000013, 76: 0.050000000000000044, 68: 0.3500000000000003, 81: 0.20000000000000018, 29: 0.30000000000000027, 18: 0.050000000000000044, 38: 0.0, 72: -0.15000000000000013, 67: 0.20000000000000018}
2025-01-28 05:52:01 - WARNING  - Epoch:   302. Accuracy: Top-1: 80.73 | Loss: value: 0.57
2025-01-28 05:52:01 - WARNING  - Epoch 302
2025-01-28 05:52:01 - WARNING  - s_i: {0: 0.94399931221185, 1: 3.943244309742686, 2: 5.941120727769839, 3: 7.441128182851668, 4: 2.417541738870098, 5: 0.985132648110598, 6: 2.971673232612249, 7: 0.4153185621118496, 8: 1.937000021649471, 9: 1.4335496439049797, 10: 4.450058821308334, 11: 2.914105500620377, 12: 0.4410426401625962, 13: 2.4311612181303106, 14: 0.43871579877958045, 15: 2.9440786570637067, 16: 1.940957552174884, 17: 0.42364580103548066, 18: 0.9440807092689714, 19: 2.4212779118853054, 20: 3.927165633954224, 21: 1.4115043760436463, 22: 0.39148681942253694, 23: 0.4152202144559899, 24: 0.40349906214421827, 25: 1.4003181781144887, 26: 1.9512733432853804, 27: 1.4267122118679683, 28: 3.431669337244495, 29: 4.483661237196266, 30: 2.897998429326206, 31: 1.9110788462495223, 32: 3.9482880718910986, 33: 2.445083238678774, 34: 3.4437337785888484, 35: 1.9097519887797416, 36: 0.4266197601366595, 37: 2.9144583420083623, 38: 1.4186315778329872, 39: 1.928083693064933, 40: 5.406344663954073, 41: 3.430504245290742, 42: 4.916491516803577, 43: 2.918547904191951, 44: 5.447224817621396, 45: 3.9302674715075243, 46: 1.4422915543850907, 47: 1.9609617832580428, 48: 2.950119485666052, 49: 2.4490955766491234, 50: 1.9519531223479396, 51: 0.420753376225667, 52: 6.447434323109456, 53: 0.9053709468893776, 54: 3.4540774191209427, 55: 3.971176525882305, 56: 0.935812232653366, 57: 0.4287002894919638, 58: 4.9403707155048195, 59: 7.897050420517132, 60: 2.951915249178696, 61: 1.9405142152697978, 62: 0.4296436067920455, 63: 0.95622946586098, 64: 4.432221456664884, 65: 1.4430143727228897, 66: 2.9272479152102187, 67: 4.426914512047945, 68: 5.440726904297039, 69: 0.4351770460806047, 70: 0.9655861467080868, 71: 2.4270301157010037, 72: 0.9399862322604293, 73: 0.4448997676224662, 74: 0.45846013978883526, 75: 0.43841940972161253, 76: 2.4357903467611672, 77: 2.927857431619839, 78: 1.9026402407225744, 79: 1.463535666707893, 80: 0.9394953388297004, 81: 2.4341132913692047, 82: 0.9227773233070391, 83: 3.945622611800996, 84: 1.453489058267634, 85: 4.8981841289923835, 86: 2.430762803427197, 87: 5.920085663327276, 88: 1.4200382825880267, 89: 2.9278784152032125, 90: 1.4438350011558545, 91: 0.41632846462687034, 92: 4.946396482140439, 93: 2.4208117224359333, 94: 3.4306132343188165, 95: 1.4533118623632773, 96: 1.4590726864120582, 97: 3.4482496511874894, 98: 2.9377220916845412, 99: 0.9482545561741481}
2025-01-28 05:52:01 - WARNING  - Sum of s_i: 246.45447243297284
2025-01-28 05:52:18 - WARNING  - Shapley share: {70: 0.20000000000000018, 10: 0.10000000000000009, 99: 0.10000000000000009, 28: -0.15000000000000013, 95: -0.050000000000000044, 84: 0.050000000000000044, 81: -0.10000000000000009, 79: 0.15000000000000013, 88: -0.3500000000000003, 52: 0.050000000000000044}
2025-01-28 05:52:23 - WARNING  - Epoch:   303. Accuracy: Top-1: 81.70 | Loss: value: 0.54
2025-01-28 05:52:23 - WARNING  - Epoch 303
2025-01-28 05:52:23 - WARNING  - s_i: {0: 0.94399931221185, 1: 3.943244309742686, 2: 5.941120727769839, 3: 7.441128182851668, 4: 2.417541738870098, 5: 0.985132648110598, 6: 2.971673232612249, 7: 0.4153185621118496, 8: 1.937000021649471, 9: 1.4335496439049797, 10: 5.445518714154547, 11: 2.914105500620377, 12: 0.4410426401625962, 13: 2.4311612181303106, 14: 0.43871579877958045, 15: 2.9440786570637067, 16: 1.940957552174884, 17: 0.42364580103548066, 18: 0.9440807092689714, 19: 2.4212779118853054, 20: 3.927165633954224, 21: 1.4115043760436463, 22: 0.39148681942253694, 23: 0.4152202144559899, 24: 0.40349906214421827, 25: 1.4003181781144887, 26: 1.9512733432853804, 27: 1.4267122118679683, 28: 1.9271139597274598, 29: 4.483661237196266, 30: 2.897998429326206, 31: 1.9110788462495223, 32: 3.9482880718910986, 33: 2.445083238678774, 34: 3.4437337785888484, 35: 1.9097519887797416, 36: 0.4266197601366595, 37: 2.9144583420083623, 38: 1.4186315778329872, 39: 1.928083693064933, 40: 5.406344663954073, 41: 3.430504245290742, 42: 4.916491516803577, 43: 2.918547904191951, 44: 5.447224817621396, 45: 3.9302674715075243, 46: 1.4422915543850907, 47: 1.9609617832580428, 48: 2.950119485666052, 49: 2.4490955766491234, 50: 1.9519531223479396, 51: 0.420753376225667, 52: 6.942655625210317, 53: 0.9053709468893776, 54: 3.4540774191209427, 55: 3.971176525882305, 56: 0.935812232653366, 57: 0.4287002894919638, 58: 4.9403707155048195, 59: 7.897050420517132, 60: 2.951915249178696, 61: 1.9405142152697978, 62: 0.4296436067920455, 63: 0.95622946586098, 64: 4.432221456664884, 65: 1.4430143727228897, 66: 2.9272479152102187, 67: 4.426914512047945, 68: 5.440726904297039, 69: 0.4351770460806047, 70: 2.9606698819521013, 71: 2.4270301157010037, 72: 0.9399862322604293, 73: 0.4448997676224662, 74: 0.45846013978883526, 75: 0.43841940972161253, 76: 2.4357903467611672, 77: 2.927857431619839, 78: 1.9026402407225744, 79: 2.9594840741198816, 80: 0.9394953388297004, 81: 1.429720844127151, 82: 0.9227773233070391, 83: 3.945622611800996, 84: 1.9488379640943985, 85: 4.8981841289923835, 86: 2.430762803427197, 87: 5.920085663327276, 88: 1.4200382825880267, 89: 2.9278784152032125, 90: 1.4438350011558545, 91: 0.41632846462687034, 92: 4.946396482140439, 93: 2.4208117224359333, 94: 3.4306132343188165, 95: 0.9490674862144841, 96: 1.4590726864120582, 97: 3.4482496511874894, 98: 2.9377220916845412, 99: 1.943550424917254}
2025-01-28 05:52:23 - WARNING  - Sum of s_i: 249.91363834423788
2025-01-28 05:52:41 - WARNING  - Shapley share: {79: -0.2999999999999997, 11: -0.15000000000000013, 46: -0.34999999999999976, 66: -0.2500000000000002, 86: -0.2999999999999997, 52: -0.10000000000000009, 12: -0.19999999999999962, 69: -0.24999999999999967, 27: -0.4999999999999999, 3: -0.44999999999999984}
2025-01-28 05:52:46 - WARNING  - Epoch:   304. Accuracy: Top-1: 81.10 | Loss: value: 0.55
2025-01-28 05:52:46 - WARNING  - Epoch 304
2025-01-28 05:52:46 - WARNING  - s_i: {0: 0.94399931221185, 1: 3.943244309742686, 2: 5.941120727769839, 3: 2.9362221980893075, 4: 2.417541738870098, 5: 0.985132648110598, 6: 2.971673232612249, 7: 0.4153185621118496, 8: 1.937000021649471, 9: 1.4335496439049797, 10: 5.445518714154547, 11: 1.4095847374951327, 12: 0.4410426401625962, 13: 2.4311612181303106, 14: 0.43871579877958045, 15: 2.9440786570637067, 16: 1.940957552174884, 17: 0.42364580103548066, 18: 0.9440807092689714, 19: 2.4212779118853054, 20: 3.927165633954224, 21: 1.4115043760436463, 22: 0.39148681942253694, 23: 0.4152202144559899, 24: 0.40349906214421827, 25: 1.4003181781144887, 26: 1.9512733432853804, 27: 1.4267122118679683, 28: 1.9271139597274598, 29: 4.483661237196266, 30: 2.897998429326206, 31: 1.9110788462495223, 32: 3.9482880718910986, 33: 2.445083238678774, 34: 3.4437337785888484, 35: 1.9097519887797416, 36: 0.4266197601366595, 37: 2.9144583420083623, 38: 1.4186315778329872, 39: 1.928083693064933, 40: 5.406344663954073, 41: 3.430504245290742, 42: 4.916491516803577, 43: 2.918547904191951, 44: 5.447224817621396, 45: 3.9302674715075243, 46: 1.4422915543850907, 47: 1.9609617832580428, 48: 2.950119485666052, 49: 2.4490955766491234, 50: 1.9519531223479396, 51: 0.420753376225667, 52: 5.937876927311176, 53: 0.9053709468893776, 54: 3.4540774191209427, 55: 3.971176525882305, 56: 0.935812232653366, 57: 0.4287002894919638, 58: 4.9403707155048195, 59: 7.897050420517132, 60: 2.951915249178696, 61: 1.9405142152697978, 62: 0.4296436067920455, 63: 0.95622946586098, 64: 4.432221456664884, 65: 1.4430143727228897, 66: 0.42320613272189433, 67: 4.426914512047945, 68: 5.440726904297039, 69: 0.4351770460806047, 70: 2.9606698819521013, 71: 2.4270301157010037, 72: 0.9399862322604293, 73: 0.4448997676224662, 74: 0.45846013978883526, 75: 0.43841940972161253, 76: 2.4357903467611672, 77: 2.927857431619839, 78: 1.9026402407225744, 79: 2.9594840741198816, 80: 0.9394953388297004, 81: 1.429720844127151, 82: 0.9227773233070391, 83: 3.945622611800996, 84: 1.9488379640943985, 85: 4.8981841289923835, 86: 2.430762803427197, 87: 5.920085663327276, 88: 1.4200382825880267, 89: 2.9278784152032125, 90: 1.4438350011558545, 91: 0.41632846462687034, 92: 4.946396482140439, 93: 2.4208117224359333, 94: 3.4306132343188165, 95: 0.9490674862144841, 96: 1.4590726864120582, 97: 3.4482496511874894, 98: 2.9377220916845412, 99: 1.943550424917254}
2025-01-28 05:52:46 - WARNING  - Sum of s_i: 240.3953911159628
2025-01-28 05:53:01 - WARNING  - Shapley share: {61: -0.15000000000000013, 40: 0.050000000000000044, 18: 0.0, 50: 0.0, 7: 0.0, 74: 0.10000000000000009, 41: -0.10000000000000009, 0: 0.0, 82: 0.050000000000000044, 23: 0.050000000000000044}
2025-01-28 05:53:06 - WARNING  - Epoch:   305. Accuracy: Top-1: 81.39 | Loss: value: 0.55
2025-01-28 05:53:06 - WARNING  - Epoch 305
2025-01-28 05:53:06 - WARNING  - s_i: {0: 0.9396915669973772, 1: 3.943244309742686, 2: 5.941120727769839, 3: 2.9362221980893075, 4: 2.417541738870098, 5: 0.985132648110598, 6: 2.971673232612249, 7: 0.4103373010596056, 8: 1.937000021649471, 9: 1.4335496439049797, 10: 5.445518714154547, 11: 1.4095847374951327, 12: 0.4410426401625962, 13: 2.4311612181303106, 14: 0.43871579877958045, 15: 2.9440786570637067, 16: 1.940957552174884, 17: 0.42364580103548066, 18: 0.9394207683747191, 19: 2.4212779118853054, 20: 3.927165633954224, 21: 1.4115043760436463, 22: 0.39148681942253694, 23: 0.910510226370211, 24: 0.40349906214421827, 25: 1.4003181781144887, 26: 1.9512733432853804, 27: 1.4267122118679683, 28: 1.9271139597274598, 29: 4.483661237196266, 30: 2.897998429326206, 31: 1.9110788462495223, 32: 3.9482880718910986, 33: 2.445083238678774, 34: 3.4437337785888484, 35: 1.9097519887797416, 36: 0.4266197601366595, 37: 2.9144583420083623, 38: 1.4186315778329872, 39: 1.928083693064933, 40: 5.902272692821642, 41: 2.4255402628115075, 42: 4.916491516803577, 43: 2.918547904191951, 44: 5.447224817621396, 45: 3.9302674715075243, 46: 1.4422915543850907, 47: 1.9609617832580428, 48: 2.950119485666052, 49: 2.4490955766491234, 50: 1.947949215876935, 51: 0.420753376225667, 52: 5.937876927311176, 53: 0.9053709468893776, 54: 3.4540774191209427, 55: 3.971176525882305, 56: 0.935812232653366, 57: 0.4287002894919638, 58: 4.9403707155048195, 59: 7.897050420517132, 60: 2.951915249178696, 61: 0.4355570665422799, 62: 0.4296436067920455, 63: 0.95622946586098, 64: 4.432221456664884, 65: 1.4430143727228897, 66: 0.42320613272189433, 67: 4.426914512047945, 68: 5.440726904297039, 69: 0.4351770460806047, 70: 2.9606698819521013, 71: 2.4270301157010037, 72: 0.9399862322604293, 73: 0.4448997676224662, 74: 1.4543061537677198, 75: 0.43841940972161253, 76: 2.4357903467611672, 77: 2.927857431619839, 78: 1.9026402407225744, 79: 2.9594840741198816, 80: 0.9394953388297004, 81: 1.429720844127151, 82: 1.4179509060137299, 83: 3.945622611800996, 84: 1.9488379640943985, 85: 4.8981841289923835, 86: 2.430762803427197, 87: 5.920085663327276, 88: 1.4200382825880267, 89: 2.9278784152032125, 90: 1.4438350011558545, 91: 0.41632846462687034, 92: 4.946396482140439, 93: 2.4208117224359333, 94: 3.4306132343188165, 95: 0.9490674862144841, 96: 1.4590726864120582, 97: 3.4482496511874894, 98: 2.9377220916845412, 99: 1.943550424917254}
2025-01-28 05:53:06 - WARNING  - Sum of s_i: 240.34975476859145
2025-01-28 05:53:25 - WARNING  - Shapley share: {87: -0.30000000000000027, 9: -0.30000000000000027, 33: -0.2500000000000002, 35: 0.20000000000000018, 32: -0.15000000000000013, 88: -0.050000000000000044, 89: 0.10000000000000009, 7: -0.050000000000000044, 58: -0.050000000000000044, 64: -0.2500000000000002}
2025-01-28 05:53:29 - WARNING  - Epoch:   306. Accuracy: Top-1: 81.05 | Loss: value: 0.55
2025-01-28 05:53:29 - WARNING  - Epoch 306
2025-01-28 05:53:29 - WARNING  - s_i: {0: 0.9396915669973772, 1: 3.943244309742686, 2: 5.941120727769839, 3: 2.9362221980893075, 4: 2.417541738870098, 5: 0.985132648110598, 6: 2.971673232612249, 7: 0.4103373010596056, 8: 1.937000021649471, 9: 1.4335496439049797, 10: 5.445518714154547, 11: 1.4095847374951327, 12: 0.4410426401625962, 13: 2.4311612181303106, 14: 0.43871579877958045, 15: 2.9440786570637067, 16: 1.940957552174884, 17: 0.42364580103548066, 18: 0.9394207683747191, 19: 2.4212779118853054, 20: 3.927165633954224, 21: 1.4115043760436463, 22: 0.39148681942253694, 23: 0.910510226370211, 24: 0.40349906214421827, 25: 1.4003181781144887, 26: 1.9512733432853804, 27: 1.4267122118679683, 28: 1.9271139597274598, 29: 4.483661237196266, 30: 2.897998429326206, 31: 1.9110788462495223, 32: 2.443978744548689, 33: 2.445083238678774, 34: 3.4437337785888484, 35: 3.905454464435921, 36: 0.4266197601366595, 37: 2.9144583420083623, 38: 1.4186315778329872, 39: 1.928083693064933, 40: 5.902272692821642, 41: 2.4255402628115075, 42: 4.916491516803577, 43: 2.918547904191951, 44: 5.447224817621396, 45: 3.9302674715075243, 46: 1.4422915543850907, 47: 1.9609617832580428, 48: 2.950119485666052, 49: 2.4490955766491234, 50: 1.947949215876935, 51: 0.420753376225667, 52: 5.937876927311176, 53: 0.9053709468893776, 54: 3.4540774191209427, 55: 3.971176525882305, 56: 0.935812232653366, 57: 0.4287002894919638, 58: 4.435401608463554, 59: 7.897050420517132, 60: 2.951915249178696, 61: 0.4355570665422799, 62: 0.4296436067920455, 63: 0.95622946586098, 64: 1.9273801321409438, 65: 1.4430143727228897, 66: 0.42320613272189433, 67: 4.426914512047945, 68: 5.440726904297039, 69: 0.4351770460806047, 70: 2.9606698819521013, 71: 2.4270301157010037, 72: 0.9399862322604293, 73: 0.4448997676224662, 74: 1.4543061537677198, 75: 0.43841940972161253, 76: 2.4357903467611672, 77: 2.927857431619839, 78: 1.9026402407225744, 79: 2.9594840741198816, 80: 0.9394953388297004, 81: 1.429720844127151, 82: 1.4179509060137299, 83: 3.945622611800996, 84: 1.9488379640943985, 85: 4.8981841289923835, 86: 2.430762803427197, 87: 2.9153848199935823, 88: 0.9150406752497777, 89: 3.9230703095500936, 90: 1.4438350011558545, 91: 0.41632846462687034, 92: 4.946396482140439, 93: 2.4208117224359333, 94: 3.4306132343188165, 95: 0.9490674862144841, 96: 1.4590726864120582, 97: 3.4482496511874894, 98: 2.9377220916845412, 99: 1.943550424917254}
2025-01-28 05:53:29 - WARNING  - Sum of s_i: 235.31683092901497
2025-01-28 05:53:47 - WARNING  - Shapley share: {82: 0.10000000000000009, 36: -0.050000000000000044, 65: -0.15000000000000013, 14: 0.15000000000000013, 48: 0.10000000000000009, 6: -0.050000000000000044, 1: 0.10000000000000009, 67: 0.0, 68: -0.2500000000000002, 70: -0.10000000000000009}
2025-01-28 05:53:52 - WARNING  - Epoch:   307. Accuracy: Top-1: 80.91 | Loss: value: 0.57
2025-01-28 05:53:52 - WARNING  - Epoch 307
2025-01-28 05:53:52 - WARNING  - s_i: {0: 0.9396915669973772, 1: 4.938514668887911, 2: 5.941120727769839, 3: 2.9362221980893075, 4: 2.417541738870098, 5: 0.985132648110598, 6: 2.467626551556856, 7: 0.4103373010596056, 8: 1.937000021649471, 9: 1.4335496439049797, 10: 5.445518714154547, 11: 1.4095847374951327, 12: 0.4410426401625962, 13: 2.4311612181303106, 14: 1.934338355835265, 15: 2.9440786570637067, 16: 1.940957552174884, 17: 0.42364580103548066, 18: 0.9394207683747191, 19: 2.4212779118853054, 20: 3.927165633954224, 21: 1.4115043760436463, 22: 0.39148681942253694, 23: 0.910510226370211, 24: 0.40349906214421827, 25: 1.4003181781144887, 26: 1.9512733432853804, 27: 1.4267122118679683, 28: 1.9271139597274598, 29: 4.483661237196266, 30: 2.897998429326206, 31: 1.9110788462495223, 32: 2.443978744548689, 33: 2.445083238678774, 34: 3.4437337785888484, 35: 3.905454464435921, 36: 0.4266197601366595, 37: 2.9144583420083623, 38: 1.4186315778329872, 39: 1.928083693064933, 40: 5.902272692821642, 41: 2.4255402628115075, 42: 4.916491516803577, 43: 2.918547904191951, 44: 5.447224817621396, 45: 3.9302674715075243, 46: 1.4422915543850907, 47: 1.9609617832580428, 48: 3.945584893453877, 49: 2.4490955766491234, 50: 1.947949215876935, 51: 0.420753376225667, 52: 5.937876927311176, 53: 0.9053709468893776, 54: 3.4540774191209427, 55: 3.971176525882305, 56: 0.935812232653366, 57: 0.4287002894919638, 58: 4.435401608463554, 59: 7.897050420517132, 60: 2.951915249178696, 61: 0.4355570665422799, 62: 0.4296436067920455, 63: 0.95622946586098, 64: 1.9273801321409438, 65: 1.4430143727228897, 66: 0.42320613272189433, 67: 4.422854207161721, 68: 2.9361674353968095, 69: 0.4351770460806047, 70: 1.9557536171961132, 71: 2.4270301157010037, 72: 0.9399862322604293, 73: 0.4448997676224662, 74: 1.4543061537677198, 75: 0.43841940972161253, 76: 2.4357903467611672, 77: 2.927857431619839, 78: 1.9026402407225744, 79: 2.9594840741198816, 80: 0.9394953388297004, 81: 1.429720844127151, 82: 2.4131244887204213, 83: 3.945622611800996, 84: 1.9488379640943985, 85: 4.8981841289923835, 86: 2.430762803427197, 87: 2.9153848199935823, 88: 0.9150406752497777, 89: 3.9230703095500936, 90: 1.4438350011558545, 91: 0.41632846462687034, 92: 4.946396482140439, 93: 2.4208117224359333, 94: 3.4306132343188165, 95: 0.9490674862144841, 96: 1.4590726864120582, 97: 3.4482496511874894, 98: 2.9377220916845412, 99: 1.943550424917254}
2025-01-28 05:53:52 - WARNING  - Sum of s_i: 235.78078011611257
2025-01-28 05:54:06 - WARNING  - Shapley share: {1: 0.2500000000000002, 80: 0.2500000000000002, 84: 0.3500000000000003, 51: 0.40000000000000036, 14: 0.050000000000000044, 91: 0.40000000000000036, 36: 0.3500000000000003, 50: 0.2500000000000002, 63: 0.30000000000000027, 53: 0.3500000000000003}
2025-01-28 05:54:11 - WARNING  - Epoch:   308. Accuracy: Top-1: 80.89 | Loss: value: 0.56
2025-01-28 05:54:11 - WARNING  - Epoch 308
2025-01-28 05:54:11 - WARNING  - s_i: {0: 0.9396915669973772, 1: 7.433785028033137, 2: 5.941120727769839, 3: 2.9362221980893075, 4: 2.417541738870098, 5: 0.985132648110598, 6: 2.467626551556856, 7: 0.4103373010596056, 8: 1.937000021649471, 9: 1.4335496439049797, 10: 5.445518714154547, 11: 1.4095847374951327, 12: 0.4410426401625962, 13: 2.4311612181303106, 14: 2.4299609128909485, 15: 2.9440786570637067, 16: 1.940957552174884, 17: 0.42364580103548066, 18: 0.9394207683747191, 19: 2.4212779118853054, 20: 3.927165633954224, 21: 1.4115043760436463, 22: 0.39148681942253694, 23: 0.910510226370211, 24: 0.40349906214421827, 25: 1.4003181781144887, 26: 1.9512733432853804, 27: 1.4267122118679683, 28: 1.9271139597274598, 29: 4.483661237196266, 30: 2.897998429326206, 31: 1.9110788462495223, 32: 2.443978744548689, 33: 2.445083238678774, 34: 3.4437337785888484, 35: 3.905454464435921, 36: 3.921727744145773, 37: 2.9144583420083623, 38: 1.4186315778329872, 39: 1.928083693064933, 40: 5.902272692821642, 41: 2.4255402628115075, 42: 4.916491516803577, 43: 2.918547904191951, 44: 5.447224817621396, 45: 3.9302674715075243, 46: 1.4422915543850907, 47: 1.9609617832580428, 48: 3.945584893453877, 49: 2.4490955766491234, 50: 4.443945309405933, 51: 4.41658250129018, 52: 5.937876927311176, 53: 4.400390470409874, 54: 3.4540774191209427, 55: 3.971176525882305, 56: 0.935812232653366, 57: 0.4287002894919638, 58: 4.435401608463554, 59: 7.897050420517132, 60: 2.951915249178696, 61: 0.4355570665422799, 62: 0.4296436067920455, 63: 3.95136607317887, 64: 1.9273801321409438, 65: 1.4430143727228897, 66: 0.42320613272189433, 67: 4.422854207161721, 68: 2.9361674353968095, 69: 0.4351770460806047, 70: 1.9557536171961132, 71: 2.4270301157010037, 72: 0.9399862322604293, 73: 0.4448997676224662, 74: 1.4543061537677198, 75: 0.43841940972161253, 76: 2.4357903467611672, 77: 2.927857431619839, 78: 1.9026402407225744, 79: 2.9594840741198816, 80: 3.435461694751682, 81: 1.429720844127151, 82: 2.4131244887204213, 83: 3.945622611800996, 84: 5.4441868699211655, 85: 4.8981841289923835, 86: 2.430762803427197, 87: 2.9153848199935823, 88: 0.9150406752497777, 89: 3.9230703095500936, 90: 1.4438350011558545, 91: 4.412144887858217, 92: 4.946396482140439, 93: 2.4208117224359333, 94: 3.4306132343188165, 95: 0.9490674862144841, 96: 1.4590726864120582, 97: 3.4482496511874894, 98: 2.9377220916845412, 99: 1.943550424917254}
2025-01-28 05:54:11 - WARNING  - Sum of s_i: 265.23589405073454
2025-01-28 05:54:28 - WARNING  - Shapley share: {69: 0.0, 65: -0.15000000000000013, 91: -0.2500000000000002, 71: -0.10000000000000009, 60: -0.3500000000000003, 9: -0.2500000000000002, 82: -0.20000000000000018, 56: -0.3500000000000003, 39: -0.30000000000000027, 51: -0.5000000000000004}
2025-01-28 05:54:33 - WARNING  - Epoch:   309. Accuracy: Top-1: 81.14 | Loss: value: 0.54
2025-01-28 05:54:33 - WARNING  - Epoch 309
2025-01-28 05:54:33 - WARNING  - s_i: {0: 0.9396915669973772, 1: 7.433785028033137, 2: 5.941120727769839, 3: 2.9362221980893075, 4: 2.417541738870098, 5: 0.985132648110598, 6: 2.467626551556856, 7: 0.4103373010596056, 8: 1.937000021649471, 9: 1.4335496439049797, 10: 5.445518714154547, 11: 1.4095847374951327, 12: 0.4410426401625962, 13: 2.4311612181303106, 14: 2.4299609128909485, 15: 2.9440786570637067, 16: 1.940957552174884, 17: 0.42364580103548066, 18: 0.9394207683747191, 19: 2.4212779118853054, 20: 3.927165633954224, 21: 1.4115043760436463, 22: 0.39148681942253694, 23: 0.910510226370211, 24: 0.40349906214421827, 25: 1.4003181781144887, 26: 1.9512733432853804, 27: 1.4267122118679683, 28: 1.9271139597274598, 29: 4.483661237196266, 30: 2.897998429326206, 31: 1.9110788462495223, 32: 2.443978744548689, 33: 2.445083238678774, 34: 3.4437337785888484, 35: 3.905454464435921, 36: 3.921727744145773, 37: 2.9144583420083623, 38: 1.4186315778329872, 39: 1.928083693064933, 40: 5.902272692821642, 41: 2.4255402628115075, 42: 4.916491516803577, 43: 2.918547904191951, 44: 5.447224817621396, 45: 3.9302674715075243, 46: 1.4422915543850907, 47: 1.9609617832580428, 48: 3.945584893453877, 49: 2.4490955766491234, 50: 4.443945309405933, 51: 4.41658250129018, 52: 5.937876927311176, 53: 4.400390470409874, 54: 3.4540774191209427, 55: 3.971176525882305, 56: 0.935812232653366, 57: 0.4287002894919638, 58: 4.435401608463554, 59: 7.897050420517132, 60: 2.951915249178696, 61: 0.4355570665422799, 62: 0.4296436067920455, 63: 3.95136607317887, 64: 1.9273801321409438, 65: 1.4430143727228897, 66: 0.42320613272189433, 67: 4.422854207161721, 68: 2.9361674353968095, 69: 0.43112561146064254, 70: 1.9557536171961132, 71: 1.4221654567477364, 72: 0.9399862322604293, 73: 0.4448997676224662, 74: 1.4543061537677198, 75: 0.43841940972161253, 76: 2.4357903467611672, 77: 2.927857431619839, 78: 1.9026402407225744, 79: 2.9594840741198816, 80: 3.435461694751682, 81: 1.429720844127151, 82: 0.40829807142710983, 83: 3.945622611800996, 84: 5.4441868699211655, 85: 4.8981841289923835, 86: 2.430762803427197, 87: 2.9153848199935823, 88: 0.9150406752497777, 89: 3.9230703095500936, 90: 1.4438350011558545, 91: 1.9079613110895575, 92: 4.946396482140439, 93: 2.4208117224359333, 94: 3.4306132343188165, 95: 0.9490674862144841, 96: 1.4590726864120582, 97: 3.4482496511874894, 98: 2.9377220916845412, 99: 1.943550424917254}
2025-01-28 05:54:33 - WARNING  - Sum of s_i: 259.7179679630994
2025-01-28 05:54:49 - WARNING  - Shapley share: {3: -0.30000000000000027, 57: -0.2500000000000002, 5: -0.10000000000000009, 73: -0.15000000000000013, 23: 0.0, 26: -0.10000000000000009, 4: -0.4999999999999999, 52: -0.6500000000000006, 32: -0.5000000000000004, 2: -0.5000000000000004}
2025-01-28 05:54:53 - WARNING  - Epoch:   310. Accuracy: Top-1: 81.50 | Loss: value: 0.55
2025-01-28 05:54:53 - WARNING  - Epoch 310
2025-01-28 05:54:53 - WARNING  - s_i: {0: 0.9396915669973772, 1: 7.433785028033137, 2: 0.936915065467681, 3: 2.9362221980893075, 4: 2.417541738870098, 5: 0.985132648110598, 6: 2.467626551556856, 7: 0.4103373010596056, 8: 1.937000021649471, 9: 1.4335496439049797, 10: 5.445518714154547, 11: 1.4095847374951327, 12: 0.4410426401625962, 13: 2.4311612181303106, 14: 2.4299609128909485, 15: 2.9440786570637067, 16: 1.940957552174884, 17: 0.42364580103548066, 18: 0.9394207683747191, 19: 2.4212779118853054, 20: 3.927165633954224, 21: 1.4115043760436463, 22: 0.39148681942253694, 23: 0.9058002382844316, 24: 0.40349906214421827, 25: 1.4003181781144887, 26: 0.9472127885591624, 27: 1.4267122118679683, 28: 1.9271139597274598, 29: 4.483661237196266, 30: 2.897998429326206, 31: 1.9110788462495223, 32: 2.443978744548689, 33: 2.445083238678774, 34: 3.4437337785888484, 35: 3.905454464435921, 36: 3.921727744145773, 37: 2.9144583420083623, 38: 1.4186315778329872, 39: 1.928083693064933, 40: 5.902272692821642, 41: 2.4255402628115075, 42: 4.916491516803577, 43: 2.918547904191951, 44: 5.447224817621396, 45: 3.9302674715075243, 46: 1.4422915543850907, 47: 1.9609617832580428, 48: 3.945584893453877, 49: 2.4490955766491234, 50: 4.443945309405933, 51: 4.41658250129018, 52: 5.937876927311176, 53: 4.400390470409874, 54: 3.4540774191209427, 55: 3.971176525882305, 56: 0.935812232653366, 57: 0.4287002894919638, 58: 4.435401608463554, 59: 7.897050420517132, 60: 2.951915249178696, 61: 0.4355570665422799, 62: 0.4296436067920455, 63: 3.95136607317887, 64: 1.9273801321409438, 65: 1.4430143727228897, 66: 0.42320613272189433, 67: 4.422854207161721, 68: 2.9361674353968095, 69: 0.43112561146064254, 70: 1.9557536171961132, 71: 1.4221654567477364, 72: 0.9399862322604293, 73: 0.4448997676224662, 74: 1.4543061537677198, 75: 0.43841940972161253, 76: 2.4357903467611672, 77: 2.927857431619839, 78: 1.9026402407225744, 79: 2.9594840741198816, 80: 3.435461694751682, 81: 1.429720844127151, 82: 0.40829807142710983, 83: 3.945622611800996, 84: 5.4441868699211655, 85: 4.8981841289923835, 86: 2.430762803427197, 87: 2.9153848199935823, 88: 0.9150406752497777, 89: 3.9230703095500936, 90: 1.4438350011558545, 91: 1.9079613110895575, 92: 4.946396482140439, 93: 2.4208117224359333, 94: 3.4306132343188165, 95: 0.9490674862144841, 96: 1.4590726864120582, 97: 3.4482496511874894, 98: 2.9377220916845412, 99: 1.943550424917254}
2025-01-28 05:54:53 - WARNING  - Sum of s_i: 253.70499175798523
2025-01-28 05:54:58 - WARNING  - The sum of accs: 75.0
2025-01-28 05:54:58 - WARNING  - The welfare is 74.88612194563632
2025-01-28 05:55:16 - WARNING  - Shapley share: {96: -0.2500000000000002, 94: -0.04999999999999949, 38: -0.10000000000000009, 35: -0.20000000000000018, 51: -0.10000000000000009, 90: -0.3500000000000003, 47: -0.050000000000000044, 64: -0.3500000000000003, 3: -0.10000000000000009, 4: -0.14999999999999958}
2025-01-28 05:55:20 - WARNING  - Epoch:   311. Accuracy: Top-1: 81.83 | Loss: value: 0.53
2025-01-28 05:55:20 - WARNING  - Epoch 311
2025-01-28 05:55:20 - WARNING  - s_i: {0: 0.9396915669973772, 1: 7.433785028033137, 2: 0.936915065467681, 3: 1.9313162133269448, 4: 0.9126912529212847, 5: 0.985132648110598, 6: 2.467626551556856, 7: 0.4103373010596056, 8: 1.937000021649471, 9: 1.4335496439049797, 10: 5.445518714154547, 11: 1.4095847374951327, 12: 0.4410426401625962, 13: 2.4311612181303106, 14: 2.4299609128909485, 15: 2.9440786570637067, 16: 1.940957552174884, 17: 0.42364580103548066, 18: 0.9394207683747191, 19: 2.4212779118853054, 20: 3.927165633954224, 21: 1.4115043760436463, 22: 0.39148681942253694, 23: 0.9058002382844316, 24: 0.40349906214421827, 25: 1.4003181781144887, 26: 0.9472127885591624, 27: 1.4267122118679683, 28: 1.9271139597274598, 29: 4.483661237196266, 30: 2.897998429326206, 31: 1.9110788462495223, 32: 2.443978744548689, 33: 2.445083238678774, 34: 3.4437337785888484, 35: 1.901156940092097, 36: 3.921727744145773, 37: 2.9144583420083623, 38: 0.4138452000584556, 39: 1.928083693064933, 40: 5.902272692821642, 41: 2.4255402628115075, 42: 4.916491516803577, 43: 2.918547904191951, 44: 5.447224817621396, 45: 3.9302674715075243, 46: 1.4422915543850907, 47: 1.456082006165298, 48: 3.945584893453877, 49: 2.4490955766491234, 50: 4.443945309405933, 51: 3.412411626354688, 52: 5.937876927311176, 53: 4.400390470409874, 54: 3.4540774191209427, 55: 3.971176525882305, 56: 0.935812232653366, 57: 0.4287002894919638, 58: 4.435401608463554, 59: 7.897050420517132, 60: 2.951915249178696, 61: 0.4355570665422799, 62: 0.4296436067920455, 63: 3.95136607317887, 64: 1.9273801321409438, 65: 1.4430143727228897, 66: 0.42320613272189433, 67: 4.422854207161721, 68: 2.9361674353968095, 69: 0.43112561146064254, 70: 1.9557536171961132, 71: 1.4221654567477364, 72: 0.9399862322604293, 73: 0.4448997676224662, 74: 1.4543061537677198, 75: 0.43841940972161253, 76: 2.4357903467611672, 77: 2.927857431619839, 78: 1.9026402407225744, 79: 2.9594840741198816, 80: 3.435461694751682, 81: 1.429720844127151, 82: 0.40829807142710983, 83: 3.945622611800996, 84: 5.4441868699211655, 85: 4.8981841289923835, 86: 2.430762803427197, 87: 2.9153848199935823, 88: 0.9150406752497777, 89: 3.9230703095500936, 90: 1.4438350011558545, 91: 1.9079613110895575, 92: 4.946396482140439, 93: 2.4208117224359333, 94: 2.9262765614637467, 95: 0.9490674862144841, 96: 1.4590726864120582, 97: 3.4482496511874894, 98: 2.9377220916845412, 99: 1.943550424917254}
2025-01-28 05:55:20 - WARNING  - Sum of s_i: 246.17276406027239
2025-01-28 05:55:36 - WARNING  - Shapley share: {71: 0.20000000000000018, 0: 0.30000000000000027, 56: 0.4500000000000004, 55: 0.0, 70: -0.10000000000000009, 10: -0.050000000000000044, 6: 0.40000000000000036, 5: 0.15000000000000013, 46: 0.15000000000000013, 4: 0.0}
2025-01-28 05:55:40 - WARNING  - Epoch:   312. Accuracy: Top-1: 82.53 | Loss: value: 0.52
2025-01-28 05:55:40 - WARNING  - Epoch 312
2025-01-28 05:55:40 - WARNING  - s_i: {0: 3.935383821782907, 1: 7.433785028033137, 2: 0.936915065467681, 3: 1.9313162133269448, 4: 0.9078407669724674, 5: 2.4801768641474653, 6: 6.463579870501466, 7: 0.4103373010596056, 8: 1.937000021649471, 9: 1.4335496439049797, 10: 4.940978607000759, 11: 1.4095847374951327, 12: 0.4410426401625962, 13: 2.4311612181303106, 14: 2.4299609128909485, 15: 2.9440786570637067, 16: 1.940957552174884, 17: 0.42364580103548066, 18: 0.9394207683747191, 19: 2.4212779118853054, 20: 3.927165633954224, 21: 1.4115043760436463, 22: 0.39148681942253694, 23: 0.9058002382844316, 24: 0.40349906214421827, 25: 1.4003181781144887, 26: 0.9472127885591624, 27: 1.4267122118679683, 28: 1.9271139597274598, 29: 4.483661237196266, 30: 2.897998429326206, 31: 1.9110788462495223, 32: 2.443978744548689, 33: 2.445083238678774, 34: 3.4437337785888484, 35: 1.901156940092097, 36: 3.921727744145773, 37: 2.9144583420083623, 38: 0.4138452000584556, 39: 1.928083693064933, 40: 5.902272692821642, 41: 2.4255402628115075, 42: 4.916491516803577, 43: 2.918547904191951, 44: 5.447224817621396, 45: 3.9302674715075243, 46: 2.938169522555455, 47: 1.456082006165298, 48: 3.945584893453877, 49: 2.4490955766491234, 50: 4.443945309405933, 51: 3.412411626354688, 52: 5.937876927311176, 53: 4.400390470409874, 54: 3.4540774191209427, 55: 3.967058886722636, 56: 5.431800497194205, 57: 0.4287002894919638, 58: 4.435401608463554, 59: 7.897050420517132, 60: 2.951915249178696, 61: 0.4355570665422799, 62: 0.4296436067920455, 63: 3.95136607317887, 64: 1.9273801321409438, 65: 1.4430143727228897, 66: 0.42320613272189433, 67: 4.422854207161721, 68: 2.9361674353968095, 69: 0.43112561146064254, 70: 0.950837352440125, 71: 3.417300797794472, 72: 0.9399862322604293, 73: 0.4448997676224662, 74: 1.4543061537677198, 75: 0.43841940972161253, 76: 2.4357903467611672, 77: 2.927857431619839, 78: 1.9026402407225744, 79: 2.9594840741198816, 80: 3.435461694751682, 81: 1.429720844127151, 82: 0.40829807142710983, 83: 3.945622611800996, 84: 5.4441868699211655, 85: 4.8981841289923835, 86: 2.430762803427197, 87: 2.9153848199935823, 88: 0.9150406752497777, 89: 3.9230703095500936, 90: 1.4438350011558545, 91: 1.9079613110895575, 92: 4.946396482140439, 93: 2.4208117224359333, 94: 2.9262765614637467, 95: 0.9490674862144841, 96: 1.4590726864120582, 97: 3.4482496511874894, 98: 2.9377220916845412, 99: 1.943550424917254}
2025-01-28 05:55:40 - WARNING  - Sum of s_i: 261.12803092677905
2025-01-28 05:55:58 - WARNING  - Shapley share: {79: -0.3500000000000003, 12: -0.050000000000000044, 17: -0.4500000000000004, 81: -0.6500000000000006, 53: -0.2500000000000002, 84: -0.8000000000000002, 66: -0.40000000000000036, 39: -0.2500000000000002, 3: -0.6000000000000005, 34: -0.7000000000000006}
2025-01-28 05:56:02 - WARNING  - Epoch:   313. Accuracy: Top-1: 81.92 | Loss: value: 0.54
2025-01-28 05:56:02 - WARNING  - Epoch 313
2025-01-28 05:56:02 - WARNING  - s_i: {0: 3.935383821782907, 1: 7.433785028033137, 2: 0.936915065467681, 3: 1.9313162133269448, 4: 0.9078407669724674, 5: 2.4801768641474653, 6: 6.463579870501466, 7: 0.4103373010596056, 8: 1.937000021649471, 9: 1.4335496439049797, 10: 4.940978607000759, 11: 1.4095847374951327, 12: 0.4410426401625962, 13: 2.4311612181303106, 14: 2.4299609128909485, 15: 2.9440786570637067, 16: 1.940957552174884, 17: 0.42364580103548066, 18: 0.9394207683747191, 19: 2.4212779118853054, 20: 3.927165633954224, 21: 1.4115043760436463, 22: 0.39148681942253694, 23: 0.9058002382844316, 24: 0.40349906214421827, 25: 1.4003181781144887, 26: 0.9472127885591624, 27: 1.4267122118679683, 28: 1.9271139597274598, 29: 4.483661237196266, 30: 2.897998429326206, 31: 1.9110788462495223, 32: 2.443978744548689, 33: 2.445083238678774, 34: 3.4437337785888484, 35: 1.901156940092097, 36: 3.921727744145773, 37: 2.9144583420083623, 38: 0.4138452000584556, 39: 1.928083693064933, 40: 5.902272692821642, 41: 2.4255402628115075, 42: 4.916491516803577, 43: 2.918547904191951, 44: 5.447224817621396, 45: 3.9302674715075243, 46: 2.938169522555455, 47: 1.456082006165298, 48: 3.945584893453877, 49: 2.4490955766491234, 50: 4.443945309405933, 51: 3.412411626354688, 52: 5.937876927311176, 53: 1.895409993930366, 54: 3.4540774191209427, 55: 3.967058886722636, 56: 5.431800497194205, 57: 0.4287002894919638, 58: 4.435401608463554, 59: 7.897050420517132, 60: 2.951915249178696, 61: 0.4355570665422799, 62: 0.4296436067920455, 63: 3.95136607317887, 64: 1.9273801321409438, 65: 1.4430143727228897, 66: 0.42320613272189433, 67: 4.422854207161721, 68: 2.9361674353968095, 69: 0.43112561146064254, 70: 0.950837352440125, 71: 3.417300797794472, 72: 0.9399862322604293, 73: 0.4448997676224662, 74: 1.4543061537677198, 75: 0.43841940972161253, 76: 2.4357903467611672, 77: 2.927857431619839, 78: 1.9026402407225744, 79: 2.9594840741198816, 80: 3.435461694751682, 81: 1.429720844127151, 82: 0.40829807142710983, 83: 3.945622611800996, 84: 5.4441868699211655, 85: 4.8981841289923835, 86: 2.430762803427197, 87: 2.9153848199935823, 88: 0.9150406752497777, 89: 3.9230703095500936, 90: 1.4438350011558545, 91: 1.9079613110895575, 92: 4.946396482140439, 93: 2.4208117224359333, 94: 2.9262765614637467, 95: 0.9490674862144841, 96: 1.4590726864120582, 97: 3.4482496511874894, 98: 2.9377220916845412, 99: 1.943550424917254}
2025-01-28 05:56:02 - WARNING  - Sum of s_i: 258.62305045029956
2025-01-28 05:56:20 - WARNING  - Shapley share: {3: -0.30000000000000027, 65: -0.2500000000000002, 12: -0.8000000000000002, 40: -0.5000000000000004, 29: -0.6, 17: -0.4999999999999999, 66: -0.7000000000000001, 75: -0.4999999999999999, 19: -0.8000000000000002, 60: -0.7500000000000001}
2025-01-28 05:56:24 - WARNING  - Epoch:   314. Accuracy: Top-1: 81.77 | Loss: value: 0.53
2025-01-28 05:56:24 - WARNING  - Epoch 314
2025-01-28 05:56:24 - WARNING  - s_i: {0: 3.935383821782907, 1: 7.433785028033137, 2: 0.936915065467681, 3: 1.9313162133269448, 4: 0.9078407669724674, 5: 2.4801768641474653, 6: 6.463579870501466, 7: 0.4103373010596056, 8: 1.937000021649471, 9: 1.4335496439049797, 10: 4.940978607000759, 11: 1.4095847374951327, 12: 0.4410426401625962, 13: 2.4311612181303106, 14: 2.4299609128909485, 15: 2.9440786570637067, 16: 1.940957552174884, 17: 0.42364580103548066, 18: 0.9394207683747191, 19: 2.4212779118853054, 20: 3.927165633954224, 21: 1.4115043760436463, 22: 0.39148681942253694, 23: 0.9058002382844316, 24: 0.40349906214421827, 25: 1.4003181781144887, 26: 0.9472127885591624, 27: 1.4267122118679683, 28: 1.9271139597274598, 29: 4.483661237196266, 30: 2.897998429326206, 31: 1.9110788462495223, 32: 2.443978744548689, 33: 2.445083238678774, 34: 3.4437337785888484, 35: 1.901156940092097, 36: 3.921727744145773, 37: 2.9144583420083623, 38: 0.4138452000584556, 39: 1.928083693064933, 40: 0.8982007216892063, 41: 2.4255402628115075, 42: 4.916491516803577, 43: 2.918547904191951, 44: 5.447224817621396, 45: 3.9302674715075243, 46: 2.938169522555455, 47: 1.456082006165298, 48: 3.945584893453877, 49: 2.4490955766491234, 50: 4.443945309405933, 51: 3.412411626354688, 52: 5.937876927311176, 53: 1.895409993930366, 54: 3.4540774191209427, 55: 3.967058886722636, 56: 5.431800497194205, 57: 0.4287002894919638, 58: 4.435401608463554, 59: 7.897050420517132, 60: 2.951915249178696, 61: 0.4355570665422799, 62: 0.4296436067920455, 63: 3.95136607317887, 64: 1.9273801321409438, 65: 1.4430143727228897, 66: 0.42320613272189433, 67: 4.422854207161721, 68: 2.9361674353968095, 69: 0.43112561146064254, 70: 0.950837352440125, 71: 3.417300797794472, 72: 0.9399862322604293, 73: 0.4448997676224662, 74: 1.4543061537677198, 75: 0.43841940972161253, 76: 2.4357903467611672, 77: 2.927857431619839, 78: 1.9026402407225744, 79: 2.9594840741198816, 80: 3.435461694751682, 81: 1.429720844127151, 82: 0.40829807142710983, 83: 3.945622611800996, 84: 5.4441868699211655, 85: 4.8981841289923835, 86: 2.430762803427197, 87: 2.9153848199935823, 88: 0.9150406752497777, 89: 3.9230703095500936, 90: 1.4438350011558545, 91: 1.9079613110895575, 92: 4.946396482140439, 93: 2.4208117224359333, 94: 2.9262765614637467, 95: 0.9490674862144841, 96: 1.4590726864120582, 97: 3.4482496511874894, 98: 2.9377220916845412, 99: 1.943550424917254}
2025-01-28 05:56:24 - WARNING  - Sum of s_i: 253.6189784791671
2025-01-28 05:56:42 - WARNING  - Shapley share: {47: 0.20000000000000018, 94: 0.2500000000000002, 57: 0.2500000000000002, 45: 0.20000000000000018, 24: 0.10000000000000009, 68: 0.30000000000000027, 71: 0.20000000000000018, 63: 0.15000000000000013, 82: 0.20000000000000018, 55: 0.2500000000000002}
2025-01-28 05:56:46 - WARNING  - Epoch:   315. Accuracy: Top-1: 81.57 | Loss: value: 0.55
2025-01-28 05:56:46 - WARNING  - Epoch 315
2025-01-28 05:56:46 - WARNING  - s_i: {0: 3.935383821782907, 1: 7.433785028033137, 2: 0.936915065467681, 3: 1.9313162133269448, 4: 0.9078407669724674, 5: 2.4801768641474653, 6: 6.463579870501466, 7: 0.4103373010596056, 8: 1.937000021649471, 9: 1.4335496439049797, 10: 4.940978607000759, 11: 1.4095847374951327, 12: 0.4410426401625962, 13: 2.4311612181303106, 14: 2.4299609128909485, 15: 2.9440786570637067, 16: 1.940957552174884, 17: 0.42364580103548066, 18: 0.9394207683747191, 19: 2.4212779118853054, 20: 3.927165633954224, 21: 1.4115043760436463, 22: 0.39148681942253694, 23: 0.9058002382844316, 24: 1.3991126558780471, 25: 1.4003181781144887, 26: 0.9472127885591624, 27: 1.4267122118679683, 28: 1.9271139597274598, 29: 4.483661237196266, 30: 2.897998429326206, 31: 1.9110788462495223, 32: 2.443978744548689, 33: 2.445083238678774, 34: 3.4437337785888484, 35: 1.901156940092097, 36: 3.921727744145773, 37: 2.9144583420083623, 38: 0.4138452000584556, 39: 1.928083693064933, 40: 0.8982007216892063, 41: 2.4255402628115075, 42: 4.916491516803577, 43: 2.918547904191951, 44: 5.447224817621396, 45: 5.925909188476745, 46: 2.938169522555455, 47: 3.451202229072555, 48: 3.945584893453877, 49: 2.4490955766491234, 50: 4.443945309405933, 51: 3.412411626354688, 52: 5.937876927311176, 53: 1.895409993930366, 54: 3.4540774191209427, 55: 6.462941247562969, 56: 5.431800497194205, 57: 2.923946975458096, 58: 4.435401608463554, 59: 7.897050420517132, 60: 2.951915249178696, 61: 0.4355570665422799, 62: 0.4296436067920455, 63: 5.446502680496758, 64: 1.9273801321409438, 65: 1.4430143727228897, 66: 0.42320613272189433, 67: 4.422854207161721, 68: 5.9316079664965855, 69: 0.43112561146064254, 70: 0.950837352440125, 71: 5.4124361388412074, 72: 0.9399862322604293, 73: 0.4448997676224662, 74: 1.4543061537677198, 75: 0.43841940972161253, 76: 2.4357903467611672, 77: 2.927857431619839, 78: 1.9026402407225744, 79: 2.9594840741198816, 80: 3.435461694751682, 81: 1.429720844127151, 82: 2.403471654133802, 83: 3.945622611800996, 84: 5.4441868699211655, 85: 4.8981841289923835, 86: 2.430762803427197, 87: 2.9153848199935823, 88: 0.9150406752497777, 89: 3.9230703095500936, 90: 1.4438350011558545, 91: 1.9079613110895575, 92: 4.946396482140439, 93: 2.4208117224359333, 94: 5.421939888608675, 95: 0.9490674862144841, 96: 1.4590726864120582, 97: 3.4482496511874894, 98: 2.9377220916845412, 99: 1.943550424917254}
2025-01-28 05:56:46 - WARNING  - Sum of s_i: 274.5730324488999
2025-01-28 05:57:03 - WARNING  - Shapley share: {24: 0.10000000000000009, 3: -0.050000000000000044, 26: -0.10000000000000009, 16: 0.0, 99: -0.10000000000000009, 12: -0.2500000000000002, 64: -0.3500000000000003, 50: -0.40000000000000036, 21: -0.5000000000000004, 80: -0.30000000000000027}
2025-01-28 05:57:08 - WARNING  - Epoch:   316. Accuracy: Top-1: 81.52 | Loss: value: 0.55
2025-01-28 05:57:08 - WARNING  - Epoch 316
2025-01-28 05:57:08 - WARNING  - s_i: {0: 3.935383821782907, 1: 7.433785028033137, 2: 0.936915065467681, 3: 1.4264102285645825, 4: 0.9078407669724674, 5: 2.4801768641474653, 6: 6.463579870501466, 7: 0.4103373010596056, 8: 1.937000021649471, 9: 1.4335496439049797, 10: 4.940978607000759, 11: 1.4095847374951327, 12: 0.4410426401625962, 13: 2.4311612181303106, 14: 2.4299609128909485, 15: 2.9440786570637067, 16: 1.9367402344730908, 17: 0.42364580103548066, 18: 0.9394207683747191, 19: 2.4212779118853054, 20: 3.927165633954224, 21: 1.4115043760436463, 22: 0.39148681942253694, 23: 0.9058002382844316, 24: 2.394726249611876, 25: 1.4003181781144887, 26: 0.9472127885591624, 27: 1.4267122118679683, 28: 1.9271139597274598, 29: 4.483661237196266, 30: 2.897998429326206, 31: 1.9110788462495223, 32: 2.443978744548689, 33: 2.445083238678774, 34: 3.4437337785888484, 35: 1.901156940092097, 36: 3.921727744145773, 37: 2.9144583420083623, 38: 0.4138452000584556, 39: 1.928083693064933, 40: 0.8982007216892063, 41: 2.4255402628115075, 42: 4.916491516803577, 43: 2.918547904191951, 44: 5.447224817621396, 45: 5.925909188476745, 46: 2.938169522555455, 47: 3.451202229072555, 48: 3.945584893453877, 49: 2.4490955766491234, 50: 0.4399414029349247, 51: 3.412411626354688, 52: 5.937876927311176, 53: 1.895409993930366, 54: 3.4540774191209427, 55: 6.462941247562969, 56: 5.431800497194205, 57: 2.923946975458096, 58: 4.435401608463554, 59: 7.897050420517132, 60: 2.951915249178696, 61: 0.4355570665422799, 62: 0.4296436067920455, 63: 5.446502680496758, 64: 1.9273801321409438, 65: 1.4430143727228897, 66: 0.42320613272189433, 67: 4.422854207161721, 68: 5.9316079664965855, 69: 0.43112561146064254, 70: 0.950837352440125, 71: 5.4124361388412074, 72: 0.9399862322604293, 73: 0.4448997676224662, 74: 1.4543061537677198, 75: 0.43841940972161253, 76: 2.4357903467611672, 77: 2.927857431619839, 78: 1.9026402407225744, 79: 2.9594840741198816, 80: 0.43142805067365897, 81: 1.429720844127151, 82: 2.403471654133802, 83: 3.945622611800996, 84: 5.4441868699211655, 85: 4.8981841289923835, 86: 2.430762803427197, 87: 2.9153848199935823, 88: 0.9150406752497777, 89: 3.9230703095500936, 90: 1.4438350011558545, 91: 1.9079613110895575, 92: 4.946396482140439, 93: 2.4208117224359333, 94: 5.421939888608675, 95: 0.9490674862144841, 96: 1.4590726864120582, 97: 3.4482496511874894, 98: 2.9377220916845412, 99: 0.9388462936603579}
2025-01-28 05:57:08 - WARNING  - Sum of s_i: 267.04678105836365
2025-01-28 05:57:29 - WARNING  - Shapley share: {23: 0.050000000000000044, 76: -0.14999999999999958, 80: -0.34999999999999976, 49: -0.10000000000000009, 37: 0.15000000000000013, 63: -0.34999999999999976, 27: 0.0, 58: 0.0, 53: -0.24999999999999967, 6: 5.551115123125783e-16}
2025-01-28 05:57:33 - WARNING  - Epoch:   317. Accuracy: Top-1: 80.64 | Loss: value: 0.56
2025-01-28 05:57:33 - WARNING  - Epoch 317
2025-01-28 05:57:33 - WARNING  - s_i: {0: 3.935383821782907, 1: 7.433785028033137, 2: 0.936915065467681, 3: 1.4264102285645825, 4: 0.9078407669724674, 5: 2.4801768641474653, 6: 6.459533189446079, 7: 0.4103373010596056, 8: 1.937000021649471, 9: 1.4335496439049797, 10: 4.940978607000759, 11: 1.4095847374951327, 12: 0.4410426401625962, 13: 2.4311612181303106, 14: 2.4299609128909485, 15: 2.9440786570637067, 16: 1.9367402344730908, 17: 0.42364580103548066, 18: 0.9394207683747191, 19: 2.4212779118853054, 20: 3.927165633954224, 21: 1.4115043760436463, 22: 0.39148681942253694, 23: 1.4010902501986526, 24: 2.394726249611876, 25: 1.4003181781144887, 26: 0.9472127885591624, 27: 1.4224011655072601, 28: 1.9271139597274598, 29: 4.483661237196266, 30: 2.897998429326206, 31: 1.9110788462495223, 32: 2.443978744548689, 33: 2.445083238678774, 34: 3.4437337785888484, 35: 1.901156940092097, 36: 3.921727744145773, 37: 4.409956149482488, 38: 0.4138452000584556, 39: 1.928083693064933, 40: 0.8982007216892063, 41: 2.4255402628115075, 42: 4.916491516803577, 43: 2.918547904191951, 44: 5.447224817621396, 45: 5.925909188476745, 46: 2.938169522555455, 47: 3.451202229072555, 48: 3.945584893453877, 49: 1.4444679017990416, 50: 0.4399414029349247, 51: 3.412411626354688, 52: 5.937876927311176, 53: 1.895409993930366, 54: 3.4540774191209427, 55: 6.462941247562969, 56: 5.431800497194205, 57: 2.923946975458096, 58: 4.430432501422289, 59: 7.897050420517132, 60: 2.951915249178696, 61: 0.4355570665422799, 62: 0.4296436067920455, 63: 1.941639287814648, 64: 1.9273801321409438, 65: 1.4430143727228897, 66: 0.42320613272189433, 67: 4.422854207161721, 68: 5.9316079664965855, 69: 0.43112561146064254, 70: 0.950837352440125, 71: 5.4124361388412074, 72: 0.9399862322604293, 73: 0.4448997676224662, 74: 1.4543061537677198, 75: 0.43841940972161253, 76: 0.9312039429583976, 77: 2.927857431619839, 78: 1.9026402407225744, 79: 2.9594840741198816, 80: 0.43142805067365897, 81: 1.429720844127151, 82: 2.403471654133802, 83: 3.945622611800996, 84: 5.4441868699211655, 85: 4.8981841289923835, 86: 2.430762803427197, 87: 2.9153848199935823, 88: 0.9150406752497777, 89: 3.9230703095500936, 90: 1.4438350011558545, 91: 1.9079613110895575, 92: 4.946396482140439, 93: 2.4208117224359333, 94: 5.421939888608675, 95: 0.9490674862144841, 96: 1.4590726864120582, 97: 3.4482496511874894, 98: 2.9377220916845412, 99: 0.9388462936603579}
2025-01-28 05:57:33 - WARNING  - Sum of s_i: 263.0101645719597
2025-01-28 05:57:52 - WARNING  - Shapley share: {83: 0.0, 71: 0.0, 82: -0.15000000000000013, 14: 0.050000000000000044, 18: -0.10000000000000009, 58: -0.30000000000000027, 22: 0.0, 23: -0.09999999999999953, 31: -0.050000000000000044, 5: 0.20000000000000018}
2025-01-28 05:57:57 - WARNING  - Epoch:   318. Accuracy: Top-1: 82.02 | Loss: value: 0.53
2025-01-28 05:57:57 - WARNING  - Epoch 318
2025-01-28 05:57:57 - WARNING  - s_i: {0: 3.935383821782907, 1: 7.433785028033137, 2: 0.936915065467681, 3: 1.4264102285645825, 4: 0.9078407669724674, 5: 4.475221080184333, 6: 6.459533189446079, 7: 0.4103373010596056, 8: 1.937000021649471, 9: 1.4335496439049797, 10: 4.940978607000759, 11: 1.4095847374951327, 12: 0.4410426401625962, 13: 2.4311612181303106, 14: 2.9255834699466323, 15: 2.9440786570637067, 16: 1.9367402344730908, 17: 0.42364580103548066, 18: 0.9394207683747191, 19: 2.4212779118853054, 20: 3.927165633954224, 21: 1.4115043760436463, 22: 0.38655440212356074, 23: 0.3963802621128778, 24: 2.394726249611876, 25: 1.4003181781144887, 26: 0.9472127885591624, 27: 1.4224011655072601, 28: 1.9271139597274598, 29: 4.483661237196266, 30: 2.897998429326206, 31: 1.4061387821522728, 32: 2.443978744548689, 33: 2.445083238678774, 34: 3.4437337785888484, 35: 1.901156940092097, 36: 3.921727744145773, 37: 4.409956149482488, 38: 0.4138452000584556, 39: 1.928083693064933, 40: 0.8982007216892063, 41: 2.4255402628115075, 42: 4.916491516803577, 43: 2.918547904191951, 44: 5.447224817621396, 45: 5.925909188476745, 46: 2.938169522555455, 47: 3.451202229072555, 48: 3.945584893453877, 49: 1.4444679017990416, 50: 0.4399414029349247, 51: 3.412411626354688, 52: 5.937876927311176, 53: 1.895409993930366, 54: 3.4540774191209427, 55: 6.462941247562969, 56: 5.431800497194205, 57: 2.923946975458096, 58: 1.4254633943810218, 59: 7.897050420517132, 60: 2.951915249178696, 61: 0.4355570665422799, 62: 0.4296436067920455, 63: 1.941639287814648, 64: 1.9273801321409438, 65: 1.4430143727228897, 66: 0.42320613272189433, 67: 4.422854207161721, 68: 5.9316079664965855, 69: 0.43112561146064254, 70: 0.950837352440125, 71: 5.407571479887941, 72: 0.9399862322604293, 73: 0.4448997676224662, 74: 1.4543061537677198, 75: 0.43841940972161253, 76: 0.9312039429583976, 77: 2.927857431619839, 78: 1.9026402407225744, 79: 2.9594840741198816, 80: 0.43142805067365897, 81: 1.429720844127151, 82: 0.8986452368404909, 83: 3.9410911627844114, 84: 5.4441868699211655, 85: 4.8981841289923835, 86: 2.430762803427197, 87: 2.9153848199935823, 88: 0.9150406752497777, 89: 3.9230703095500936, 90: 1.4438350011558545, 91: 1.9079613110895575, 92: 4.946396482140439, 93: 2.4208117224359333, 94: 5.421939888608675, 95: 0.9490674862144841, 96: 1.4590726864120582, 97: 3.4482496511874894, 98: 2.9377220916845412, 99: 0.9388462936603579}
2025-01-28 05:57:57 - WARNING  - Sum of s_i: 259.4670572432658
2025-01-28 05:58:15 - WARNING  - Shapley share: {89: -0.15000000000000013, 0: 0.050000000000000044, 47: 0.15000000000000013, 17: 0.40000000000000036, 15: 0.40000000000000036, 57: 0.30000000000000027, 25: 0.30000000000000027, 49: -0.15000000000000013, 83: 0.0, 77: 0.15000000000000013}
2025-01-28 05:58:20 - WARNING  - Epoch:   319. Accuracy: Top-1: 81.86 | Loss: value: 0.54
2025-01-28 05:58:20 - WARNING  - Epoch 319
2025-01-28 05:58:20 - WARNING  - s_i: {0: 4.431076076568434, 1: 7.433785028033137, 2: 0.936915065467681, 3: 1.4264102285645825, 4: 0.9078407669724674, 5: 4.475221080184333, 6: 6.459533189446079, 7: 0.4103373010596056, 8: 1.937000021649471, 9: 1.4335496439049797, 10: 4.940978607000759, 11: 1.4095847374951327, 12: 0.4410426401625962, 13: 2.4311612181303106, 14: 2.9255834699466323, 15: 6.939777015299379, 16: 1.9367402344730908, 17: 4.419627158984719, 18: 0.9394207683747191, 19: 2.4212779118853054, 20: 3.927165633954224, 21: 1.4115043760436463, 22: 0.38655440212356074, 23: 0.3963802621128778, 24: 2.394726249611876, 25: 4.395334087020215, 26: 0.9472127885591624, 27: 1.4224011655072601, 28: 1.9271139597274598, 29: 4.483661237196266, 30: 2.897998429326206, 31: 1.4061387821522728, 32: 2.443978744548689, 33: 2.445083238678774, 34: 3.4437337785888484, 35: 1.901156940092097, 36: 3.921727744145773, 37: 4.409956149482488, 38: 0.4138452000584556, 39: 1.928083693064933, 40: 0.8982007216892063, 41: 2.4255402628115075, 42: 4.916491516803577, 43: 2.918547904191951, 44: 5.447224817621396, 45: 5.925909188476745, 46: 2.938169522555455, 47: 4.946322451979812, 48: 3.945584893453877, 49: 1.4444679017990416, 50: 0.4399414029349247, 51: 3.412411626354688, 52: 5.937876927311176, 53: 1.895409993930366, 54: 3.4540774191209427, 55: 6.462941247562969, 56: 5.431800497194205, 57: 5.919193661424229, 58: 1.4254633943810218, 59: 7.897050420517132, 60: 2.951915249178696, 61: 0.4355570665422799, 62: 0.4296436067920455, 63: 1.941639287814648, 64: 1.9273801321409438, 65: 1.4430143727228897, 66: 0.42320613272189433, 67: 4.422854207161721, 68: 5.9316079664965855, 69: 0.43112561146064254, 70: 0.950837352440125, 71: 5.407571479887941, 72: 0.9399862322604293, 73: 0.4448997676224662, 74: 1.4543061537677198, 75: 0.43841940972161253, 76: 0.9312039429583976, 77: 4.423047927061163, 78: 1.9026402407225744, 79: 2.9594840741198816, 80: 0.43142805067365897, 81: 1.429720844127151, 82: 0.8986452368404909, 83: 3.936559713767827, 84: 5.4441868699211655, 85: 4.8981841289923835, 86: 2.430762803427197, 87: 2.9153848199935823, 88: 0.9150406752497777, 89: 2.4182622038969726, 90: 1.4438350011558545, 91: 1.9079613110895575, 92: 4.946396482140439, 93: 2.4208117224359333, 94: 5.421939888608675, 95: 0.9490674862144841, 96: 1.4590726864120582, 97: 3.4482496511874894, 98: 2.9377220916845412, 99: 0.9388462936603579}
2025-01-28 05:58:20 - WARNING  - Sum of s_i: 275.425662972787
2025-01-28 05:58:41 - WARNING  - Shapley share: {96: 0.10000000000000009, 59: 0.0, 78: -0.19999999999999962, 69: 0.2500000000000002, 38: 0.050000000000000044, 26: -0.19999999999999962, 44: -0.44999999999999984, 36: -0.10000000000000009, 87: -0.10000000000000009, 81: -0.3999999999999998}
2025-01-28 05:58:47 - WARNING  - Epoch:   320. Accuracy: Top-1: 81.26 | Loss: value: 0.55
2025-01-28 05:58:47 - WARNING  - Epoch 320
2025-01-28 05:58:47 - WARNING  - s_i: {0: 4.431076076568434, 1: 7.433785028033137, 2: 0.936915065467681, 3: 1.4264102285645825, 4: 0.9078407669724674, 5: 4.475221080184333, 6: 6.459533189446079, 7: 0.4103373010596056, 8: 1.937000021649471, 9: 1.4335496439049797, 10: 4.940978607000759, 11: 1.4095847374951327, 12: 0.4410426401625962, 13: 2.4311612181303106, 14: 2.9255834699466323, 15: 6.939777015299379, 16: 1.9367402344730908, 17: 4.419627158984719, 18: 0.9394207683747191, 19: 2.4212779118853054, 20: 3.927165633954224, 21: 1.4115043760436463, 22: 0.38655440212356074, 23: 0.3963802621128778, 24: 2.394726249611876, 25: 4.395334087020215, 26: 0.9472127885591624, 27: 1.4224011655072601, 28: 1.9271139597274598, 29: 4.483661237196266, 30: 2.897998429326206, 31: 1.4061387821522728, 32: 2.443978744548689, 33: 2.445083238678774, 34: 3.4437337785888484, 35: 1.901156940092097, 36: 2.916835728154883, 37: 4.409956149482488, 38: 0.9090588222839253, 39: 1.928083693064933, 40: 0.8982007216892063, 41: 2.4255402628115075, 42: 4.916491516803577, 43: 2.918547904191951, 44: 0.9428268857565136, 45: 5.925909188476745, 46: 2.938169522555455, 47: 4.946322451979812, 48: 3.945584893453877, 49: 1.4444679017990416, 50: 0.4399414029349247, 51: 3.412411626354688, 52: 5.937876927311176, 53: 1.895409993930366, 54: 3.4540774191209427, 55: 6.462941247562969, 56: 5.431800497194205, 57: 5.919193661424229, 58: 1.4254633943810218, 59: 7.892932437337817, 60: 2.951915249178696, 61: 0.4355570665422799, 62: 0.4296436067920455, 63: 1.941639287814648, 64: 1.9273801321409438, 65: 1.4430143727228897, 66: 0.42320613272189433, 67: 4.422854207161721, 68: 5.9316079664965855, 69: 2.9270741768406827, 70: 0.950837352440125, 71: 5.407571479887941, 72: 0.9399862322604293, 73: 0.4448997676224662, 74: 1.4543061537677198, 75: 0.43841940972161253, 76: 0.9312039429583976, 77: 4.423047927061163, 78: 1.9026402407225744, 79: 2.9594840741198816, 80: 0.43142805067365897, 81: 1.429720844127151, 82: 0.8986452368404909, 83: 3.936559713767827, 84: 5.4441868699211655, 85: 4.8981841289923835, 86: 2.430762803427197, 87: 1.9106839766598906, 88: 0.9150406752497777, 89: 2.4182622038969726, 90: 1.4438350011558545, 91: 1.9079613110895575, 92: 4.946396482140439, 93: 2.4208117224359333, 94: 5.421939888608675, 95: 0.9490674862144841, 96: 2.4545252071245103, 97: 3.4482496511874894, 98: 2.9377220916845412, 99: 0.9388462936603579}
2025-01-28 05:58:47 - WARNING  - Sum of s_i: 272.8941689067362
2025-01-28 05:58:52 - WARNING  - The sum of accs: 74.0
2025-01-28 05:58:52 - WARNING  - The welfare is 73.87781209647171
2025-01-28 05:59:13 - WARNING  - Shapley share: {14: -0.050000000000000044, 72: -0.3500000000000003, 67: -0.2500000000000002, 82: 0.0, 61: -0.20000000000000018, 97: 0.0, 18: -0.3500000000000003, 2: -0.15000000000000013, 39: -0.050000000000000044, 48: -0.40000000000000036}
2025-01-28 05:59:18 - WARNING  - Epoch:   321. Accuracy: Top-1: 81.77 | Loss: value: 0.54
2025-01-28 05:59:18 - WARNING  - Epoch 321
2025-01-28 05:59:18 - WARNING  - s_i: {0: 4.431076076568434, 1: 7.433785028033137, 2: 0.936915065467681, 3: 1.4264102285645825, 4: 0.9078407669724674, 5: 4.475221080184333, 6: 6.459533189446079, 7: 0.4103373010596056, 8: 1.937000021649471, 9: 1.4335496439049797, 10: 4.940978607000759, 11: 1.4095847374951327, 12: 0.4410426401625962, 13: 2.4311612181303106, 14: 2.421206027002315, 15: 6.939777015299379, 16: 1.9367402344730908, 17: 4.419627158984719, 18: 0.9394207683747191, 19: 2.4212779118853054, 20: 3.927165633954224, 21: 1.4115043760436463, 22: 0.38655440212356074, 23: 0.3963802621128778, 24: 2.394726249611876, 25: 4.395334087020215, 26: 0.9472127885591624, 27: 1.4224011655072601, 28: 1.9271139597274598, 29: 4.483661237196266, 30: 2.897998429326206, 31: 1.4061387821522728, 32: 2.443978744548689, 33: 2.445083238678774, 34: 3.4437337785888484, 35: 1.901156940092097, 36: 2.916835728154883, 37: 4.409956149482488, 38: 0.9090588222839253, 39: 1.4235889238814903, 40: 0.8982007216892063, 41: 2.4255402628115075, 42: 4.916491516803577, 43: 2.918547904191951, 44: 0.9428268857565136, 45: 5.925909188476745, 46: 2.938169522555455, 47: 4.946322451979812, 48: 3.945584893453877, 49: 1.4444679017990416, 50: 0.4399414029349247, 51: 3.412411626354688, 52: 5.937876927311176, 53: 1.895409993930366, 54: 3.4540774191209427, 55: 6.462941247562969, 56: 5.431800497194205, 57: 5.919193661424229, 58: 1.4254633943810218, 59: 7.892932437337817, 60: 2.951915249178696, 61: 0.4355570665422799, 62: 0.4296436067920455, 63: 1.941639287814648, 64: 1.9273801321409438, 65: 1.4430143727228897, 66: 0.42320613272189433, 67: 1.9187939022754938, 68: 5.9316079664965855, 69: 2.9270741768406827, 70: 0.950837352440125, 71: 5.407571479887941, 72: 0.9399862322604293, 73: 0.4448997676224662, 74: 1.4543061537677198, 75: 0.43841940972161253, 76: 0.9312039429583976, 77: 4.423047927061163, 78: 1.9026402407225744, 79: 2.9594840741198816, 80: 0.43142805067365897, 81: 1.429720844127151, 82: 0.8938188195471812, 83: 3.936559713767827, 84: 5.4441868699211655, 85: 4.8981841289923835, 86: 2.430762803427197, 87: 1.9106839766598906, 88: 0.9150406752497777, 89: 2.4182622038969726, 90: 1.4438350011558545, 91: 1.9079613110895575, 92: 4.946396482140439, 93: 2.4208117224359333, 94: 5.421939888608675, 95: 0.9490674862144841, 96: 2.4545252071245103, 97: 3.443545074022716, 98: 2.9377220916845412, 99: 0.9388462936603579}
2025-01-28 05:59:18 - WARNING  - Sum of s_i: 269.3717053952641
2025-01-28 05:59:42 - WARNING  - Shapley share: {5: -0.10000000000000009, 91: -0.2500000000000002, 76: -0.40000000000000036, 34: -0.30000000000000027, 25: -0.3500000000000003, 65: -0.40000000000000036, 56: -0.4500000000000004, 82: -0.6000000000000005, 43: -0.5000000000000004, 37: -0.4500000000000004}
2025-01-28 05:59:47 - WARNING  - Epoch:   322. Accuracy: Top-1: 81.68 | Loss: value: 0.55
2025-01-28 05:59:47 - WARNING  - Epoch 322
2025-01-28 05:59:47 - WARNING  - s_i: {0: 4.431076076568434, 1: 7.433785028033137, 2: 0.936915065467681, 3: 1.4264102285645825, 4: 0.9078407669724674, 5: 3.470265296221198, 6: 6.459533189446079, 7: 0.4103373010596056, 8: 1.937000021649471, 9: 1.4335496439049797, 10: 4.940978607000759, 11: 1.4095847374951327, 12: 0.4410426401625962, 13: 2.4311612181303106, 14: 2.421206027002315, 15: 6.939777015299379, 16: 1.9367402344730908, 17: 4.419627158984719, 18: 0.9394207683747191, 19: 2.4212779118853054, 20: 3.927165633954224, 21: 1.4115043760436463, 22: 0.38655440212356074, 23: 0.3963802621128778, 24: 2.394726249611876, 25: 0.890349995925936, 26: 0.9472127885591624, 27: 1.4224011655072601, 28: 1.9271139597274598, 29: 4.483661237196266, 30: 2.897998429326206, 31: 1.4061387821522728, 32: 2.443978744548689, 33: 2.445083238678774, 34: 0.43904492680458285, 35: 1.901156940092097, 36: 2.916835728154883, 37: 4.409956149482488, 38: 0.9090588222839253, 39: 1.4235889238814903, 40: 0.8982007216892063, 41: 2.4255402628115075, 42: 4.916491516803577, 43: 2.918547904191951, 44: 0.9428268857565136, 45: 5.925909188476745, 46: 2.938169522555455, 47: 4.946322451979812, 48: 3.945584893453877, 49: 1.4444679017990416, 50: 0.4399414029349247, 51: 3.412411626354688, 52: 5.937876927311176, 53: 1.895409993930366, 54: 3.4540774191209427, 55: 6.462941247562969, 56: 0.9277887617350355, 57: 5.919193661424229, 58: 1.4254633943810218, 59: 7.892932437337817, 60: 2.951915249178696, 61: 0.4355570665422799, 62: 0.4296436067920455, 63: 1.941639287814648, 64: 1.9273801321409438, 65: 1.4430143727228897, 66: 0.42320613272189433, 67: 1.9187939022754938, 68: 5.9316079664965855, 69: 2.9270741768406827, 70: 0.950837352440125, 71: 5.407571479887941, 72: 0.9399862322604293, 73: 0.4448997676224662, 74: 1.4543061537677198, 75: 0.43841940972161253, 76: 0.9312039429583976, 77: 4.423047927061163, 78: 1.9026402407225744, 79: 2.9594840741198816, 80: 0.43142805067365897, 81: 1.429720844127151, 82: 0.8938188195471812, 83: 3.936559713767827, 84: 5.4441868699211655, 85: 4.8981841289923835, 86: 2.430762803427197, 87: 1.9106839766598906, 88: 0.9150406752497777, 89: 2.4182622038969726, 90: 1.4438350011558545, 91: 1.9079613110895575, 92: 4.946396482140439, 93: 2.4208117224359333, 94: 5.421939888608675, 95: 0.9490674862144841, 96: 2.4545252071245103, 97: 3.443545074022716, 98: 2.9377220916845412, 99: 0.9388462936603579}
2025-01-28 05:59:47 - WARNING  - Sum of s_i: 257.35306493296326
2025-01-28 06:00:04 - WARNING  - Shapley share: {48: 0.15000000000000013, 63: -0.30000000000000027, 26: -0.40000000000000036, 88: -0.050000000000000044, 69: -0.30000000000000027, 20: -0.3500000000000003, 82: -0.3500000000000003, 79: -0.2500000000000002, 56: -0.20000000000000018, 77: -0.2500000000000002}
2025-01-28 06:00:08 - WARNING  - Epoch:   323. Accuracy: Top-1: 81.90 | Loss: value: 0.53
2025-01-28 06:00:08 - WARNING  - Epoch 323
2025-01-28 06:00:08 - WARNING  - s_i: {0: 4.431076076568434, 1: 7.433785028033137, 2: 0.936915065467681, 3: 1.4264102285645825, 4: 0.9078407669724674, 5: 3.470265296221198, 6: 6.459533189446079, 7: 0.4103373010596056, 8: 1.937000021649471, 9: 1.4335496439049797, 10: 4.940978607000759, 11: 1.4095847374951327, 12: 0.4410426401625962, 13: 2.4311612181303106, 14: 2.421206027002315, 15: 6.939777015299379, 16: 1.9367402344730908, 17: 4.419627158984719, 18: 0.9394207683747191, 19: 2.4212779118853054, 20: 0.4226134860763602, 21: 1.4115043760436463, 22: 0.38655440212356074, 23: 0.3963802621128778, 24: 2.394726249611876, 25: 0.890349995925936, 26: 0.9472127885591624, 27: 1.4224011655072601, 28: 1.9271139597274598, 29: 4.483661237196266, 30: 2.897998429326206, 31: 1.4061387821522728, 32: 2.443978744548689, 33: 2.445083238678774, 34: 0.43904492680458285, 35: 1.901156940092097, 36: 2.916835728154883, 37: 4.409956149482488, 38: 0.9090588222839253, 39: 1.4235889238814903, 40: 0.8982007216892063, 41: 2.4255402628115075, 42: 4.916491516803577, 43: 2.918547904191951, 44: 0.9428268857565136, 45: 5.925909188476745, 46: 2.938169522555455, 47: 4.946322451979812, 48: 5.441050301241702, 49: 1.4444679017990416, 50: 0.4399414029349247, 51: 3.412411626354688, 52: 5.937876927311176, 53: 1.895409993930366, 54: 3.4540774191209427, 55: 6.462941247562969, 56: 0.9277887617350355, 57: 5.919193661424229, 58: 1.4254633943810218, 59: 7.892932437337817, 60: 2.951915249178696, 61: 0.4355570665422799, 62: 0.4296436067920455, 63: 1.941639287814648, 64: 1.9273801321409438, 65: 1.4430143727228897, 66: 0.42320613272189433, 67: 1.9187939022754938, 68: 5.9316079664965855, 69: 2.9270741768406827, 70: 0.950837352440125, 71: 5.407571479887941, 72: 0.9399862322604293, 73: 0.4448997676224662, 74: 1.4543061537677198, 75: 0.43841940972161253, 76: 0.9312039429583976, 77: 1.9182384225024842, 78: 1.9026402407225744, 79: 0.4554324815318669, 80: 0.43142805067365897, 81: 1.429720844127151, 82: 0.8938188195471812, 83: 3.936559713767827, 84: 5.4441868699211655, 85: 4.8981841289923835, 86: 2.430762803427197, 87: 1.9106839766598906, 88: 0.4100430679115288, 89: 2.4182622038969726, 90: 1.4438350011558545, 91: 1.9079613110895575, 92: 4.946396482140439, 93: 2.4208117224359333, 94: 5.421939888608675, 95: 0.9490674862144841, 96: 2.4545252071245103, 97: 3.443545074022716, 98: 2.9377220916845412, 99: 0.9388462936603579}
2025-01-28 06:00:08 - WARNING  - Sum of s_i: 249.83011948838825
2025-01-28 06:00:26 - WARNING  - Shapley share: {20: -0.10000000000000009, 9: -0.3999999999999998, 57: 0.30000000000000027, 80: -0.19999999999999962, 8: 0.2500000000000002, 92: -0.10000000000000009, 67: -0.10000000000000009, 90: -0.050000000000000044, 0: -0.65, 71: -0.6000000000000005}
2025-01-28 06:00:31 - WARNING  - Epoch:   324. Accuracy: Top-1: 80.76 | Loss: value: 0.56
2025-01-28 06:00:31 - WARNING  - Epoch 324
2025-01-28 06:00:31 - WARNING  - s_i: {0: 4.431076076568434, 1: 7.433785028033137, 2: 0.936915065467681, 3: 1.4264102285645825, 4: 0.9078407669724674, 5: 3.470265296221198, 6: 6.459533189446079, 7: 0.4103373010596056, 8: 4.432153869468664, 9: 1.4335496439049797, 10: 4.940978607000759, 11: 1.4095847374951327, 12: 0.4410426401625962, 13: 2.4311612181303106, 14: 2.421206027002315, 15: 6.939777015299379, 16: 1.9367402344730908, 17: 4.419627158984719, 18: 0.9394207683747191, 19: 2.4212779118853054, 20: 0.4226134860763602, 21: 1.4115043760436463, 22: 0.38655440212356074, 23: 0.3963802621128778, 24: 2.394726249611876, 25: 0.890349995925936, 26: 0.9472127885591624, 27: 1.4224011655072601, 28: 1.9271139597274598, 29: 4.483661237196266, 30: 2.897998429326206, 31: 1.4061387821522728, 32: 2.443978744548689, 33: 2.445083238678774, 34: 0.43904492680458285, 35: 1.901156940092097, 36: 2.916835728154883, 37: 4.409956149482488, 38: 0.9090588222839253, 39: 1.4235889238814903, 40: 0.8982007216892063, 41: 2.4255402628115075, 42: 4.916491516803577, 43: 2.918547904191951, 44: 0.9428268857565136, 45: 5.925909188476745, 46: 2.938169522555455, 47: 4.946322451979812, 48: 5.441050301241702, 49: 1.4444679017990416, 50: 0.4399414029349247, 51: 3.412411626354688, 52: 5.937876927311176, 53: 1.895409993930366, 54: 3.4540774191209427, 55: 6.462941247562969, 56: 0.9277887617350355, 57: 5.919193661424229, 58: 1.4254633943810218, 59: 7.892932437337817, 60: 2.951915249178696, 61: 0.4355570665422799, 62: 0.4296436067920455, 63: 1.941639287814648, 64: 1.9273801321409438, 65: 1.4430143727228897, 66: 0.42320613272189433, 67: 0.9147335973892681, 68: 5.9316079664965855, 69: 2.9270741768406827, 70: 0.950837352440125, 71: 5.407571479887941, 72: 0.9399862322604293, 73: 0.4448997676224662, 74: 1.4543061537677198, 75: 0.43841940972161253, 76: 0.9312039429583976, 77: 1.9182384225024842, 78: 1.9026402407225744, 79: 0.4554324815318669, 80: 0.43142805067365897, 81: 1.429720844127151, 82: 0.8938188195471812, 83: 3.936559713767827, 84: 5.4441868699211655, 85: 4.8981841289923835, 86: 2.430762803427197, 87: 1.9106839766598906, 88: 0.4100430679115288, 89: 2.4182622038969726, 90: 0.9395146166293808, 91: 1.9079613110895575, 92: 3.9419295223188087, 93: 2.4208117224359333, 94: 5.421939888608675, 95: 0.9490674862144841, 96: 2.4545252071245103, 97: 3.443545074022716, 98: 2.9377220916845412, 99: 0.9388462936603579}
2025-01-28 06:00:31 - WARNING  - Sum of s_i: 249.8124256869731
2025-01-28 06:00:49 - WARNING  - Shapley share: {96: 0.30000000000000027, 12: 0.050000000000000044, 9: 0.050000000000000044, 39: 0.09999999999999953, 74: 0.10000000000000009, 51: 0.30000000000000027, 31: 0.2999999999999997, 24: 0.3999999999999998, 23: 0.3500000000000003, 71: 0.20000000000000018}
2025-01-28 06:00:54 - WARNING  - Epoch:   325. Accuracy: Top-1: 82.64 | Loss: value: 0.51
2025-01-28 06:00:54 - WARNING  - Epoch 325
2025-01-28 06:00:54 - WARNING  - s_i: {0: 4.431076076568434, 1: 7.433785028033137, 2: 0.936915065467681, 3: 1.4264102285645825, 4: 0.9078407669724674, 5: 3.470265296221198, 6: 6.459533189446079, 7: 0.4103373010596056, 8: 4.432153869468664, 9: 1.9288031898981925, 10: 4.940978607000759, 11: 1.4095847374951327, 12: 0.9365074586366428, 13: 2.4311612181303106, 14: 2.421206027002315, 15: 6.939777015299379, 16: 1.9367402344730908, 17: 4.419627158984719, 18: 0.9394207683747191, 19: 2.4212779118853054, 20: 0.4226134860763602, 21: 1.4115043760436463, 22: 0.38655440212356074, 23: 3.891670274027102, 24: 6.390339843345702, 25: 0.890349995925936, 26: 0.9472127885591624, 27: 1.4224011655072601, 28: 1.9271139597274598, 29: 4.483661237196266, 30: 2.897998429326206, 31: 4.401198718055021, 32: 2.443978744548689, 33: 2.445083238678774, 34: 0.43904492680458285, 35: 1.901156940092097, 36: 2.916835728154883, 37: 4.409956149482488, 38: 0.9090588222839253, 39: 2.419094154698043, 40: 0.8982007216892063, 41: 2.4255402628115075, 42: 4.916491516803577, 43: 2.918547904191951, 44: 0.9428268857565136, 45: 5.925909188476745, 46: 2.938169522555455, 47: 4.946322451979812, 48: 5.441050301241702, 49: 1.4444679017990416, 50: 0.4399414029349247, 51: 6.4082407514192, 52: 5.937876927311176, 53: 1.895409993930366, 54: 3.4540774191209427, 55: 6.462941247562969, 56: 0.9277887617350355, 57: 5.919193661424229, 58: 1.4254633943810218, 59: 7.892932437337817, 60: 2.951915249178696, 61: 0.4355570665422799, 62: 0.4296436067920455, 63: 1.941639287814648, 64: 1.9273801321409438, 65: 1.4430143727228897, 66: 0.42320613272189433, 67: 0.9147335973892681, 68: 5.9316079664965855, 69: 2.9270741768406827, 70: 0.950837352440125, 71: 7.402706820934676, 72: 0.9399862322604293, 73: 0.4448997676224662, 74: 2.4501521677466043, 75: 0.43841940972161253, 76: 0.9312039429583976, 77: 1.9182384225024842, 78: 1.9026402407225744, 79: 0.4554324815318669, 80: 0.43142805067365897, 81: 1.429720844127151, 82: 0.8938188195471812, 83: 3.936559713767827, 84: 5.4441868699211655, 85: 4.8981841289923835, 86: 2.430762803427197, 87: 1.9106839766598906, 88: 0.4100430679115288, 89: 2.4182622038969726, 90: 0.9395146166293808, 91: 1.9079613110895575, 92: 3.9419295223188087, 93: 2.4208117224359333, 94: 5.421939888608675, 95: 0.9490674862144841, 96: 5.4499777278369645, 97: 3.443545074022716, 98: 2.9377220916845412, 99: 0.9388462936603579}
2025-01-28 06:00:54 - WARNING  - Sum of s_i: 271.26687582461034
2025-01-28 06:01:14 - WARNING  - Shapley share: {95: -0.5499999999999999, 42: -0.5000000000000004, 88: -0.2500000000000002, 87: -0.15000000000000013, 46: -0.20000000000000018, 89: -0.20000000000000018, 96: -0.5499999999999999, 45: -0.3999999999999998, 0: -0.34999999999999976, 57: -0.5999999999999994}
2025-01-28 06:01:19 - WARNING  - Epoch:   326. Accuracy: Top-1: 81.40 | Loss: value: 0.55
2025-01-28 06:01:19 - WARNING  - Epoch 326
2025-01-28 06:01:19 - WARNING  - s_i: {0: 0.9267683313539639, 1: 7.433785028033137, 2: 0.936915065467681, 3: 1.4264102285645825, 4: 0.9078407669724674, 5: 3.470265296221198, 6: 6.459533189446079, 7: 0.4103373010596056, 8: 4.432153869468664, 9: 1.9288031898981925, 10: 4.940978607000759, 11: 1.4095847374951327, 12: 0.9365074586366428, 13: 2.4311612181303106, 14: 2.421206027002315, 15: 6.939777015299379, 16: 1.9367402344730908, 17: 4.419627158984719, 18: 0.9394207683747191, 19: 2.4212779118853054, 20: 0.4226134860763602, 21: 1.4115043760436463, 22: 0.38655440212356074, 23: 3.891670274027102, 24: 6.390339843345702, 25: 0.890349995925936, 26: 0.9472127885591624, 27: 1.4224011655072601, 28: 1.9271139597274598, 29: 4.483661237196266, 30: 2.897998429326206, 31: 4.401198718055021, 32: 2.443978744548689, 33: 2.445083238678774, 34: 0.43904492680458285, 35: 1.901156940092097, 36: 2.916835728154883, 37: 4.409956149482488, 38: 0.9090588222839253, 39: 2.419094154698043, 40: 0.8982007216892063, 41: 2.4255402628115075, 42: 4.916491516803577, 43: 2.918547904191951, 44: 0.9428268857565136, 45: 1.921550905445967, 46: 0.9340474907258165, 47: 4.946322451979812, 48: 5.441050301241702, 49: 1.4444679017990416, 50: 0.4399414029349247, 51: 6.4082407514192, 52: 5.937876927311176, 53: 1.895409993930366, 54: 3.4540774191209427, 55: 6.462941247562969, 56: 0.9277887617350355, 57: 5.919193661424229, 58: 1.4254633943810218, 59: 7.892932437337817, 60: 2.951915249178696, 61: 0.4355570665422799, 62: 0.4296436067920455, 63: 1.941639287814648, 64: 1.9273801321409438, 65: 1.4430143727228897, 66: 0.42320613272189433, 67: 0.9147335973892681, 68: 5.9316079664965855, 69: 2.9270741768406827, 70: 0.950837352440125, 71: 7.402706820934676, 72: 0.9399862322604293, 73: 0.4448997676224662, 74: 2.4501521677466043, 75: 0.43841940972161253, 76: 0.9312039429583976, 77: 1.9182384225024842, 78: 1.9026402407225744, 79: 0.4554324815318669, 80: 0.43142805067365897, 81: 1.429720844127151, 82: 0.8938188195471812, 83: 3.936559713767827, 84: 5.4441868699211655, 85: 4.8981841289923835, 86: 2.430762803427197, 87: 0.40598313332619873, 88: 0.4100430679115288, 89: 0.41345409824385104, 90: 0.9395146166293808, 91: 1.9079613110895575, 92: 3.9419295223188087, 93: 2.4208117224359333, 94: 5.421939888608675, 95: 0.9490674862144841, 96: 5.4499777278369645, 97: 3.443545074022716, 98: 2.9377220916845412, 99: 0.9388462936603579}
2025-01-28 06:01:19 - WARNING  - Sum of s_i: 258.2445788155486
2025-01-28 06:01:35 - WARNING  - Shapley share: {8: 0.15000000000000013, 29: 0.0, 3: 0.3500000000000003, 23: -0.30000000000000027, 89: -0.15000000000000013, 4: -0.10000000000000009, 53: 0.10000000000000009, 71: -0.5000000000000004, 2: -0.34999999999999976, 66: -0.3500000000000003}
2025-01-28 06:01:40 - WARNING  - Epoch:   327. Accuracy: Top-1: 82.23 | Loss: value: 0.52
2025-01-28 06:01:40 - WARNING  - Epoch 327
2025-01-28 06:01:40 - WARNING  - s_i: {0: 0.9267683313539639, 1: 7.433785028033137, 2: 0.936915065467681, 3: 4.921504243802223, 4: 0.9078407669724674, 5: 3.470265296221198, 6: 6.459533189446079, 7: 0.4103373010596056, 8: 5.927307717287855, 9: 1.9288031898981925, 10: 4.940978607000759, 11: 1.4095847374951327, 12: 0.9365074586366428, 13: 2.4311612181303106, 14: 2.421206027002315, 15: 6.939777015299379, 16: 1.9367402344730908, 17: 4.419627158984719, 18: 0.9394207683747191, 19: 2.4212779118853054, 20: 0.4226134860763602, 21: 1.4115043760436463, 22: 0.38655440212356074, 23: 0.8869602859413197, 24: 6.390339843345702, 25: 0.890349995925936, 26: 0.9472127885591624, 27: 1.4224011655072601, 28: 1.9271139597274598, 29: 4.479576546495334, 30: 2.897998429326206, 31: 4.401198718055021, 32: 2.443978744548689, 33: 2.445083238678774, 34: 0.43904492680458285, 35: 1.901156940092097, 36: 2.916835728154883, 37: 4.409956149482488, 38: 0.9090588222839253, 39: 2.419094154698043, 40: 0.8982007216892063, 41: 2.4255402628115075, 42: 4.916491516803577, 43: 2.918547904191951, 44: 0.9428268857565136, 45: 1.921550905445967, 46: 0.9340474907258165, 47: 4.946322451979812, 48: 5.441050301241702, 49: 1.4444679017990416, 50: 0.4399414029349247, 51: 6.4082407514192, 52: 5.937876927311176, 53: 2.8904295174508605, 54: 3.4540774191209427, 55: 6.462941247562969, 56: 0.9277887617350355, 57: 5.919193661424229, 58: 1.4254633943810218, 59: 7.892932437337817, 60: 2.951915249178696, 61: 0.4355570665422799, 62: 0.4296436067920455, 63: 1.941639287814648, 64: 1.9273801321409438, 65: 1.4430143727228897, 66: 0.42320613272189433, 67: 0.9147335973892681, 68: 5.9316079664965855, 69: 2.9270741768406827, 70: 0.950837352440125, 71: 2.397842161981405, 72: 0.9399862322604293, 73: 0.4448997676224662, 74: 2.4501521677466043, 75: 0.43841940972161253, 76: 0.9312039429583976, 77: 1.9182384225024842, 78: 1.9026402407225744, 79: 0.4554324815318669, 80: 0.43142805067365897, 81: 1.429720844127151, 82: 0.8938188195471812, 83: 3.936559713767827, 84: 5.4441868699211655, 85: 4.8981841289923835, 86: 2.430762803427197, 87: 0.40598313332619873, 88: 0.4100430679115288, 89: 0.41345409824385104, 90: 0.9395146166293808, 91: 1.9079613110895575, 92: 3.9419295223188087, 93: 2.4208117224359333, 94: 5.421939888608675, 95: 0.9490674862144841, 96: 5.4499777278369645, 97: 3.443545074022716, 98: 2.9377220916845412, 99: 0.9388462936603579}
2025-01-28 06:01:40 - WARNING  - Sum of s_i: 256.216186864386
2025-01-28 06:01:55 - WARNING  - Shapley share: {65: 0.050000000000000044, 37: 0.6, 72: 0.4500000000000004, 32: 0.6500000000000006, 9: 0.7000000000000006, 61: 0.40000000000000036, 56: 0.5500000000000005, 0: 0.6000000000000005, 21: 0.4500000000000004, 83: 0.5000000000000004}
2025-01-28 06:02:00 - WARNING  - Epoch:   328. Accuracy: Top-1: 82.42 | Loss: value: 0.51
2025-01-28 06:02:00 - WARNING  - Epoch 328
2025-01-28 06:02:00 - WARNING  - s_i: {0: 6.922460586139497, 1: 7.433785028033137, 2: 0.936915065467681, 3: 4.921504243802223, 4: 0.9078407669724674, 5: 3.470265296221198, 6: 6.459533189446079, 7: 0.4103373010596056, 8: 5.927307717287855, 9: 1.9288031898981925, 10: 4.940978607000759, 11: 1.4095847374951327, 12: 0.9365074586366428, 13: 2.4311612181303106, 14: 2.421206027002315, 15: 6.939777015299379, 16: 1.9367402344730908, 17: 4.419627158984719, 18: 0.9394207683747191, 19: 2.4212779118853054, 20: 0.4226134860763602, 21: 5.9065879524905185, 22: 0.38655440212356074, 23: 0.8869602859413197, 24: 6.390339843345702, 25: 0.890349995925936, 26: 0.9472127885591624, 27: 1.4224011655072601, 28: 1.9271139597274598, 29: 4.479576546495334, 30: 2.897998429326206, 31: 4.401198718055021, 32: 2.443978744548689, 33: 2.445083238678774, 34: 0.43904492680458285, 35: 1.901156940092097, 36: 2.916835728154883, 37: 4.409956149482488, 38: 0.9090588222839253, 39: 2.419094154698043, 40: 0.8982007216892063, 41: 2.4255402628115075, 42: 4.916491516803577, 43: 2.918547904191951, 44: 0.9428268857565136, 45: 1.921550905445967, 46: 0.9340474907258165, 47: 4.946322451979812, 48: 5.441050301241702, 49: 1.4444679017990416, 50: 0.4399414029349247, 51: 6.4082407514192, 52: 5.937876927311176, 53: 2.8904295174508605, 54: 3.4540774191209427, 55: 6.462941247562969, 56: 6.423777026275875, 57: 5.919193661424229, 58: 1.4254633943810218, 59: 7.892932437337817, 60: 2.951915249178696, 61: 4.430599917814767, 62: 0.4296436067920455, 63: 1.941639287814648, 64: 1.9273801321409438, 65: 1.9386308629323428, 66: 0.42320613272189433, 67: 0.9147335973892681, 68: 5.9316079664965855, 69: 2.9270741768406827, 70: 0.950837352440125, 71: 2.397842161981405, 72: 5.435369788588158, 73: 0.4448997676224662, 74: 2.4501521677466043, 75: 0.43841940972161253, 76: 0.9312039429583976, 77: 1.9182384225024842, 78: 1.9026402407225744, 79: 0.4554324815318669, 80: 0.43142805067365897, 81: 1.429720844127151, 82: 0.8938188195471812, 83: 3.936559713767827, 84: 5.4441868699211655, 85: 4.8981841289923835, 86: 2.430762803427197, 87: 0.40598313332619873, 88: 0.4100430679115288, 89: 0.41345409824385104, 90: 0.9395146166293808, 91: 1.9079613110895575, 92: 3.9419295223188087, 93: 2.4208117224359333, 94: 5.421939888608675, 95: 0.9490674862144841, 96: 5.4499777278369645, 97: 3.443545074022716, 98: 2.9377220916845412, 99: 0.9388462936603579}
2025-01-28 06:02:00 - WARNING  - Sum of s_i: 281.18899385796885
2025-01-28 06:02:19 - WARNING  - Shapley share: {69: 0.050000000000000044, 46: 0.0, 0: 0.0, 62: -0.40000000000000036, 89: -0.15000000000000013, 85: -0.20000000000000018, 31: -0.3500000000000003, 86: -0.3500000000000003, 3: -0.40000000000000036, 7: -0.15000000000000013}
2025-01-28 06:02:23 - WARNING  - Epoch:   329. Accuracy: Top-1: 79.87 | Loss: value: 0.59
2025-01-28 06:02:23 - WARNING  - Epoch 329
2025-01-28 06:02:23 - WARNING  - s_i: {0: 6.918152840925024, 1: 7.433785028033137, 2: 0.936915065467681, 3: 0.9165982590398585, 4: 0.9078407669724674, 5: 3.470265296221198, 6: 6.459533189446079, 7: 0.4103373010596056, 8: 5.927307717287855, 9: 1.9288031898981925, 10: 4.940978607000759, 11: 1.4095847374951327, 12: 0.9365074586366428, 13: 2.4311612181303106, 14: 2.421206027002315, 15: 6.939777015299379, 16: 1.9367402344730908, 17: 4.419627158984719, 18: 0.9394207683747191, 19: 2.4212779118853054, 20: 0.4226134860763602, 21: 5.9065879524905185, 22: 0.38655440212356074, 23: 0.8869602859413197, 24: 6.390339843345702, 25: 0.890349995925936, 26: 0.9472127885591624, 27: 1.4224011655072601, 28: 1.9271139597274598, 29: 4.479576546495334, 30: 2.897998429326206, 31: 0.8962586539577684, 32: 2.443978744548689, 33: 2.445083238678774, 34: 0.43904492680458285, 35: 1.901156940092097, 36: 2.916835728154883, 37: 4.409956149482488, 38: 0.9090588222839253, 39: 2.419094154698043, 40: 0.8982007216892063, 41: 2.4255402628115075, 42: 4.916491516803577, 43: 2.918547904191951, 44: 0.9428268857565136, 45: 1.921550905445967, 46: 0.9299254588961795, 47: 4.946322451979812, 48: 5.441050301241702, 49: 1.4444679017990416, 50: 0.4399414029349247, 51: 6.4082407514192, 52: 5.937876927311176, 53: 2.8904295174508605, 54: 3.4540774191209427, 55: 6.462941247562969, 56: 6.423777026275875, 57: 5.919193661424229, 58: 1.4254633943810218, 59: 7.892932437337817, 60: 2.951915249178696, 61: 4.430599917814767, 62: 0.4296436067920455, 63: 1.941639287814648, 64: 1.9273801321409438, 65: 1.9386308629323428, 66: 0.42320613272189433, 67: 0.9147335973892681, 68: 5.9316079664965855, 69: 3.423022742220721, 70: 0.950837352440125, 71: 2.397842161981405, 72: 5.435369788588158, 73: 0.4448997676224662, 74: 2.4501521677466043, 75: 0.43841940972161253, 76: 0.9312039429583976, 77: 1.9182384225024842, 78: 1.9026402407225744, 79: 0.4554324815318669, 80: 0.43142805067365897, 81: 1.429720844127151, 82: 0.8938188195471812, 83: 3.936559713767827, 84: 5.4441868699211655, 85: 2.893556134855672, 86: 2.430762803427197, 87: 0.40598313332619873, 88: 0.4100430679115288, 89: 0.41345409824385104, 90: 0.9395146166293808, 91: 1.9079613110895575, 92: 3.9419295223188087, 93: 2.4208117224359333, 94: 5.421939888608675, 95: 0.9490674862144841, 96: 5.4499777278369645, 97: 3.443545074022716, 98: 2.9377220916845412, 99: 0.9388462936603579}
2025-01-28 06:02:23 - WARNING  - Sum of s_i: 272.1620386033085
2025-01-28 06:02:42 - WARNING  - Shapley share: {65: -0.20000000000000018, 86: -0.40000000000000036, 57: -0.20000000000000018, 54: -0.3500000000000003, 91: -0.15000000000000013, 76: -0.15000000000000013, 8: -0.2500000000000002, 24: -0.20000000000000018, 33: -0.15000000000000013, 55: -0.5000000000000004}
2025-01-28 06:02:46 - WARNING  - Epoch:   330. Accuracy: Top-1: 80.57 | Loss: value: 0.57
2025-01-28 06:02:46 - WARNING  - Epoch 330
2025-01-28 06:02:46 - WARNING  - s_i: {0: 6.918152840925024, 1: 7.433785028033137, 2: 0.936915065467681, 3: 0.9165982590398585, 4: 0.9078407669724674, 5: 3.470265296221198, 6: 6.459533189446079, 7: 0.4103373010596056, 8: 3.4224615651070422, 9: 1.9288031898981925, 10: 4.940978607000759, 11: 1.4095847374951327, 12: 0.9365074586366428, 13: 2.4311612181303106, 14: 2.421206027002315, 15: 6.939777015299379, 16: 1.9367402344730908, 17: 4.419627158984719, 18: 0.9394207683747191, 19: 2.4212779118853054, 20: 0.4226134860763602, 21: 5.9065879524905185, 22: 0.38655440212356074, 23: 0.8869602859413197, 24: 4.385953437079528, 25: 0.890349995925936, 26: 0.9472127885591624, 27: 1.4224011655072601, 28: 1.9271139597274598, 29: 4.479576546495334, 30: 2.897998429326206, 31: 0.8962586539577684, 32: 2.443978744548689, 33: 0.940506841902004, 34: 0.43904492680458285, 35: 1.901156940092097, 36: 2.916835728154883, 37: 4.409956149482488, 38: 0.9090588222839253, 39: 2.419094154698043, 40: 0.8982007216892063, 41: 2.4255402628115075, 42: 4.916491516803577, 43: 2.918547904191951, 44: 0.9428268857565136, 45: 1.921550905445967, 46: 0.9299254588961795, 47: 4.946322451979812, 48: 5.441050301241702, 49: 1.4444679017990416, 50: 0.4399414029349247, 51: 6.4082407514192, 52: 5.937876927311176, 53: 2.8904295174508605, 54: 3.4540774191209427, 55: 1.4588236084032946, 56: 6.423777026275875, 57: 3.9144403473903573, 58: 1.4254633943810218, 59: 7.892932437337817, 60: 2.951915249178696, 61: 4.430599917814767, 62: 0.4296436067920455, 63: 1.941639287814648, 64: 1.9273801321409438, 65: 1.9386308629323428, 66: 0.42320613272189433, 67: 0.9147335973892681, 68: 5.9316079664965855, 69: 3.423022742220721, 70: 0.950837352440125, 71: 2.397842161981405, 72: 5.435369788588158, 73: 0.4448997676224662, 74: 2.4501521677466043, 75: 0.43841940972161253, 76: 0.9312039429583976, 77: 1.9182384225024842, 78: 1.9026402407225744, 79: 0.4554324815318669, 80: 0.43142805067365897, 81: 1.429720844127151, 82: 0.8938188195471812, 83: 3.936559713767827, 84: 5.4441868699211655, 85: 2.893556134855672, 86: 2.430762803427197, 87: 0.40598313332619873, 88: 0.4100430679115288, 89: 0.41345409824385104, 90: 0.9395146166293808, 91: 0.4037777343208988, 92: 3.9419295223188087, 93: 2.4208117224359333, 94: 5.421939888608675, 95: 0.9490674862144841, 96: 5.4499777278369645, 97: 3.443545074022716, 98: 2.9377220916845412, 99: 0.9388462936603579}
2025-01-28 06:02:46 - WARNING  - Sum of s_i: 257.6351751181225
2025-01-28 06:02:51 - WARNING  - The sum of accs: 78.0
2025-01-28 06:02:51 - WARNING  - The welfare is 77.88446317825765
2025-01-28 06:03:09 - WARNING  - Shapley share: {0: -0.2500000000000002, 34: -0.30000000000000027, 67: -0.20000000000000018, 74: -0.10000000000000009, 73: -0.2500000000000002, 35: -0.7000000000000006, 10: -0.40000000000000036, 97: -0.5000000000000004, 79: -0.2500000000000002, 17: -0.4500000000000004}
2025-01-28 06:03:14 - WARNING  - Epoch:   331. Accuracy: Top-1: 80.79 | Loss: value: 0.55
2025-01-28 06:03:14 - WARNING  - Epoch 331
2025-01-28 06:03:14 - WARNING  - s_i: {0: 4.413845095710549, 1: 7.433785028033137, 2: 0.936915065467681, 3: 0.9165982590398585, 4: 0.9078407669724674, 5: 3.470265296221198, 6: 6.459533189446079, 7: 0.4103373010596056, 8: 3.4224615651070422, 9: 1.9288031898981925, 10: 0.9364384998469681, 11: 1.4095847374951327, 12: 0.9365074586366428, 13: 2.4311612181303106, 14: 2.421206027002315, 15: 6.939777015299379, 16: 1.9367402344730908, 17: 4.419627158984719, 18: 0.9394207683747191, 19: 2.4212779118853054, 20: 0.4226134860763602, 21: 5.9065879524905185, 22: 0.38655440212356074, 23: 0.8869602859413197, 24: 4.385953437079528, 25: 0.890349995925936, 26: 0.9472127885591624, 27: 1.4224011655072601, 28: 1.9271139597274598, 29: 4.479576546495334, 30: 2.897998429326206, 31: 0.8962586539577684, 32: 2.443978744548689, 33: 0.940506841902004, 34: 0.43904492680458285, 35: 1.901156940092097, 36: 2.916835728154883, 37: 4.409956149482488, 38: 0.9090588222839253, 39: 2.419094154698043, 40: 0.8982007216892063, 41: 2.4255402628115075, 42: 4.916491516803577, 43: 2.918547904191951, 44: 0.9428268857565136, 45: 1.921550905445967, 46: 0.9299254588961795, 47: 4.946322451979812, 48: 5.441050301241702, 49: 1.4444679017990416, 50: 0.4399414029349247, 51: 6.4082407514192, 52: 5.937876927311176, 53: 2.8904295174508605, 54: 3.4540774191209427, 55: 1.4588236084032946, 56: 6.423777026275875, 57: 3.9144403473903573, 58: 1.4254633943810218, 59: 7.892932437337817, 60: 2.951915249178696, 61: 4.430599917814767, 62: 0.4296436067920455, 63: 1.941639287814648, 64: 1.9273801321409438, 65: 1.9386308629323428, 66: 0.42320613272189433, 67: 0.9147335973892681, 68: 5.9316079664965855, 69: 3.423022742220721, 70: 0.950837352440125, 71: 2.397842161981405, 72: 5.435369788588158, 73: 0.4448997676224662, 74: 1.445998181725487, 75: 0.43841940972161253, 76: 0.9312039429583976, 77: 1.9182384225024842, 78: 1.9026402407225744, 79: 0.4554324815318669, 80: 0.43142805067365897, 81: 1.429720844127151, 82: 0.8938188195471812, 83: 3.936559713767827, 84: 5.4441868699211655, 85: 2.893556134855672, 86: 2.430762803427197, 87: 0.40598313332619873, 88: 0.4100430679115288, 89: 0.41345409824385104, 90: 0.9395146166293808, 91: 0.4037777343208988, 92: 3.9419295223188087, 93: 2.4208117224359333, 94: 5.421939888608675, 95: 0.9490674862144841, 96: 5.4499777278369645, 97: 3.443545074022716, 98: 2.9377220916845412, 99: 0.9388462936603579}
2025-01-28 06:03:14 - WARNING  - Sum of s_i: 250.12217327973312
2025-01-28 06:03:30 - WARNING  - Shapley share: {50: -0.5000000000000004, 10: -0.3500000000000003, 7: -0.40000000000000036, 16: -0.15000000000000013, 41: -0.30000000000000027, 48: -0.4500000000000004, 81: -0.15000000000000013, 49: -0.30000000000000027, 20: -0.30000000000000027, 24: -0.3500000000000003}
2025-01-28 06:03:35 - WARNING  - Epoch:   332. Accuracy: Top-1: 80.10 | Loss: value: 0.58
2025-01-28 06:03:35 - WARNING  - Epoch 332
2025-01-28 06:03:35 - WARNING  - s_i: {0: 4.413845095710549, 1: 7.433785028033137, 2: 0.936915065467681, 3: 0.9165982590398585, 4: 0.9078407669724674, 5: 3.470265296221198, 6: 6.459533189446079, 7: 0.4103373010596056, 8: 3.4224615651070422, 9: 1.9288031898981925, 10: 0.9364384998469681, 11: 1.4095847374951327, 12: 0.9365074586366428, 13: 2.4311612181303106, 14: 2.421206027002315, 15: 6.939777015299379, 16: 0.4325229167712963, 17: 4.419627158984719, 18: 0.9394207683747191, 19: 2.4212779118853054, 20: 0.4226134860763602, 21: 5.9065879524905185, 22: 0.38655440212356074, 23: 0.8869602859413197, 24: 0.8815670308133527, 25: 0.890349995925936, 26: 0.9472127885591624, 27: 1.4224011655072601, 28: 1.9271139597274598, 29: 4.479576546495334, 30: 2.897998429326206, 31: 0.8962586539577684, 32: 2.443978744548689, 33: 0.940506841902004, 34: 0.43904492680458285, 35: 1.901156940092097, 36: 2.916835728154883, 37: 4.409956149482488, 38: 0.9090588222839253, 39: 2.419094154698043, 40: 0.8982007216892063, 41: 2.4255402628115075, 42: 4.916491516803577, 43: 2.918547904191951, 44: 0.9428268857565136, 45: 1.921550905445967, 46: 0.9299254588961795, 47: 4.946322451979812, 48: 0.9365157090295222, 49: 1.4444679017990416, 50: 0.4399414029349247, 51: 6.4082407514192, 52: 5.937876927311176, 53: 2.8904295174508605, 54: 3.4540774191209427, 55: 1.4588236084032946, 56: 6.423777026275875, 57: 3.9144403473903573, 58: 1.4254633943810218, 59: 7.892932437337817, 60: 2.951915249178696, 61: 4.430599917814767, 62: 0.4296436067920455, 63: 1.941639287814648, 64: 1.9273801321409438, 65: 1.9386308629323428, 66: 0.42320613272189433, 67: 0.9147335973892681, 68: 5.9316079664965855, 69: 3.423022742220721, 70: 0.950837352440125, 71: 2.397842161981405, 72: 5.435369788588158, 73: 0.4448997676224662, 74: 1.445998181725487, 75: 0.43841940972161253, 76: 0.9312039429583976, 77: 1.9182384225024842, 78: 1.9026402407225744, 79: 0.4554324815318669, 80: 0.43142805067365897, 81: 1.429720844127151, 82: 0.8938188195471812, 83: 3.936559713767827, 84: 5.4441868699211655, 85: 2.893556134855672, 86: 2.430762803427197, 87: 0.40598313332619873, 88: 0.4100430679115288, 89: 0.41345409824385104, 90: 0.9395146166293808, 91: 0.4037777343208988, 92: 3.9419295223188087, 93: 2.4208117224359333, 94: 5.421939888608675, 95: 0.9490674862144841, 96: 5.4499777278369645, 97: 3.443545074022716, 98: 2.9377220916845412, 99: 0.9388462936603579}
2025-01-28 06:03:35 - WARNING  - Sum of s_i: 240.60903496355297
2025-01-28 06:03:51 - WARNING  - Shapley share: {62: 0.20000000000000018, 33: 0.10000000000000009, 41: -0.10000000000000009, 40: -0.15000000000000013, 52: -0.40000000000000036, 13: -0.20000000000000018, 95: -0.050000000000000044, 70: -0.050000000000000044, 6: -0.30000000000000027, 22: -0.8000000000000007}
2025-01-28 06:03:56 - WARNING  - Epoch:   333. Accuracy: Top-1: 81.69 | Loss: value: 0.54
2025-01-28 06:03:56 - WARNING  - Epoch 333
2025-01-28 06:03:56 - WARNING  - s_i: {0: 4.413845095710549, 1: 7.433785028033137, 2: 0.936915065467681, 3: 0.9165982590398585, 4: 0.9078407669724674, 5: 3.470265296221198, 6: 3.455486508390683, 7: 0.4103373010596056, 8: 3.4224615651070422, 9: 1.9288031898981925, 10: 0.9364384998469681, 11: 1.4095847374951327, 12: 0.9365074586366428, 13: 0.4265719660056617, 14: 2.421206027002315, 15: 6.939777015299379, 16: 0.4325229167712963, 17: 4.419627158984719, 18: 0.9394207683747191, 19: 2.4212779118853054, 20: 0.4226134860763602, 21: 5.9065879524905185, 22: 0.38655440212356074, 23: 0.8869602859413197, 24: 0.8815670308133527, 25: 0.890349995925936, 26: 0.9472127885591624, 27: 1.4224011655072601, 28: 1.9271139597274598, 29: 4.479576546495334, 30: 2.897998429326206, 31: 0.8962586539577684, 32: 2.443978744548689, 33: 1.9359304451252362, 34: 0.43904492680458285, 35: 1.901156940092097, 36: 2.916835728154883, 37: 4.409956149482488, 38: 0.9090588222839253, 39: 2.419094154698043, 40: 0.8982007216892063, 41: 1.4205762803322728, 42: 4.916491516803577, 43: 2.918547904191951, 44: 0.9428268857565136, 45: 1.921550905445967, 46: 0.9299254588961795, 47: 4.946322451979812, 48: 0.9365157090295222, 49: 1.4444679017990416, 50: 0.4399414029349247, 51: 6.4082407514192, 52: 1.9330982294120318, 53: 2.8904295174508605, 54: 3.4540774191209427, 55: 1.4588236084032946, 56: 6.423777026275875, 57: 3.9144403473903573, 58: 1.4254633943810218, 59: 7.892932437337817, 60: 2.951915249178696, 61: 4.430599917814767, 62: 2.425246332216549, 63: 1.941639287814648, 64: 1.9273801321409438, 65: 1.9386308629323428, 66: 0.42320613272189433, 67: 0.9147335973892681, 68: 5.9316079664965855, 69: 3.423022742220721, 70: 0.4459210876841374, 71: 2.397842161981405, 72: 5.435369788588158, 73: 0.4448997676224662, 74: 1.445998181725487, 75: 0.43841940972161253, 76: 0.9312039429583976, 77: 1.9182384225024842, 78: 1.9026402407225744, 79: 0.4554324815318669, 80: 0.43142805067365897, 81: 1.429720844127151, 82: 0.8938188195471812, 83: 3.936559713767827, 84: 5.4441868699211655, 85: 2.893556134855672, 86: 2.430762803427197, 87: 0.40598313332619873, 88: 0.4100430679115288, 89: 0.41345409824385104, 90: 0.9395146166293808, 91: 0.4037777343208988, 92: 3.9419295223188087, 93: 2.4208117224359333, 94: 5.421939888608675, 95: 0.444823110065691, 96: 5.4499777278369645, 97: 3.443545074022716, 98: 2.9377220916845412, 99: 0.9388462936603579}
2025-01-28 06:03:56 - WARNING  - Sum of s_i: 232.5725220377375
2025-01-28 06:04:17 - WARNING  - Shapley share: {86: -0.20000000000000018, 0: -0.9500000000000003, 97: -0.8999999999999997, 37: -0.9000000000000002, 68: -1.3000000000000007, 50: -0.9000000000000002, 62: -0.8000000000000007, 6: -1.3499999999999996, 51: -0.9000000000000002, 43: -1.3}
2025-01-28 06:04:22 - WARNING  - Epoch:   334. Accuracy: Top-1: 81.57 | Loss: value: 0.53
2025-01-28 06:04:22 - WARNING  - Epoch 334
2025-01-28 06:04:22 - WARNING  - s_i: {0: 4.413845095710549, 1: 7.433785028033137, 2: 0.936915065467681, 3: 0.9165982590398585, 4: 0.9078407669724674, 5: 3.470265296221198, 6: 3.455486508390683, 7: 0.4103373010596056, 8: 3.4224615651070422, 9: 1.9288031898981925, 10: 0.9364384998469681, 11: 1.4095847374951327, 12: 0.9365074586366428, 13: 0.4265719660056617, 14: 2.421206027002315, 15: 6.939777015299379, 16: 0.4325229167712963, 17: 4.419627158984719, 18: 0.9394207683747191, 19: 2.4212779118853054, 20: 0.4226134860763602, 21: 5.9065879524905185, 22: 0.38655440212356074, 23: 0.8869602859413197, 24: 0.8815670308133527, 25: 0.890349995925936, 26: 0.9472127885591624, 27: 1.4224011655072601, 28: 1.9271139597274598, 29: 4.479576546495334, 30: 2.897998429326206, 31: 0.8962586539577684, 32: 2.443978744548689, 33: 1.9359304451252362, 34: 0.43904492680458285, 35: 1.901156940092097, 36: 2.916835728154883, 37: 4.409956149482488, 38: 0.9090588222839253, 39: 2.419094154698043, 40: 0.8982007216892063, 41: 1.4205762803322728, 42: 4.916491516803577, 43: 2.918547904191951, 44: 0.9428268857565136, 45: 1.921550905445967, 46: 0.9299254588961795, 47: 4.946322451979812, 48: 0.9365157090295222, 49: 1.4444679017990416, 50: 0.4399414029349247, 51: 6.4082407514192, 52: 1.9330982294120318, 53: 2.8904295174508605, 54: 3.4540774191209427, 55: 1.4588236084032946, 56: 6.423777026275875, 57: 3.9144403473903573, 58: 1.4254633943810218, 59: 7.892932437337817, 60: 2.951915249178696, 61: 4.430599917814767, 62: 2.425246332216549, 63: 1.941639287814648, 64: 1.9273801321409438, 65: 1.9386308629323428, 66: 0.42320613272189433, 67: 0.9147335973892681, 68: 5.9316079664965855, 69: 3.423022742220721, 70: 0.4459210876841374, 71: 2.397842161981405, 72: 5.435369788588158, 73: 0.4448997676224662, 74: 1.445998181725487, 75: 0.43841940972161253, 76: 0.9312039429583976, 77: 1.9182384225024842, 78: 1.9026402407225744, 79: 0.4554324815318669, 80: 0.43142805067365897, 81: 1.429720844127151, 82: 0.8938188195471812, 83: 3.936559713767827, 84: 5.4441868699211655, 85: 2.893556134855672, 86: 0.42643547864139464, 87: 0.40598313332619873, 88: 0.4100430679115288, 89: 0.41345409824385104, 90: 0.9395146166293808, 91: 0.4037777343208988, 92: 3.9419295223188087, 93: 2.4208117224359333, 94: 5.421939888608675, 95: 0.444823110065691, 96: 5.4499777278369645, 97: 3.443545074022716, 98: 2.9377220916845412, 99: 0.9388462936603579}
2025-01-28 06:04:22 - WARNING  - Sum of s_i: 230.5681947129517
2025-01-28 06:04:38 - WARNING  - Shapley share: {92: 0.04999999999999949, 56: -0.2500000000000002, 87: -0.20000000000000018, 12: -0.2500000000000002, 64: 0.0, 26: 0.050000000000000044, 2: -0.2500000000000002, 42: -0.050000000000000044, 43: -0.10000000000000009, 80: -0.20000000000000018}
2025-01-28 06:04:42 - WARNING  - Epoch:   335. Accuracy: Top-1: 81.97 | Loss: value: 0.53
2025-01-28 06:04:42 - WARNING  - Epoch 335
2025-01-28 06:04:42 - WARNING  - s_i: {0: 4.413845095710549, 1: 7.433785028033137, 2: 0.936915065467681, 3: 0.9165982590398585, 4: 0.9078407669724674, 5: 3.470265296221198, 6: 3.455486508390683, 7: 0.4103373010596056, 8: 3.4224615651070422, 9: 1.9288031898981925, 10: 0.9364384998469681, 11: 1.4095847374951327, 12: 0.9365074586366428, 13: 0.4265719660056617, 14: 2.421206027002315, 15: 6.939777015299379, 16: 0.4325229167712963, 17: 4.419627158984719, 18: 0.9394207683747191, 19: 2.4212779118853054, 20: 0.4226134860763602, 21: 5.9065879524905185, 22: 0.38655440212356074, 23: 0.8869602859413197, 24: 0.8815670308133527, 25: 0.890349995925936, 26: 1.4431522338329457, 27: 1.4224011655072601, 28: 1.9271139597274598, 29: 4.479576546495334, 30: 2.897998429326206, 31: 0.8962586539577684, 32: 2.443978744548689, 33: 1.9359304451252362, 34: 0.43904492680458285, 35: 1.901156940092097, 36: 2.916835728154883, 37: 4.409956149482488, 38: 0.9090588222839253, 39: 2.419094154698043, 40: 0.8982007216892063, 41: 1.4205762803322728, 42: 4.412096333477449, 43: 1.9142609517809999, 44: 0.9428268857565136, 45: 1.921550905445967, 46: 0.9299254588961795, 47: 4.946322451979812, 48: 0.9365157090295222, 49: 1.4444679017990416, 50: 0.4399414029349247, 51: 6.4082407514192, 52: 1.9330982294120318, 53: 2.8904295174508605, 54: 3.4540774191209427, 55: 1.4588236084032946, 56: 3.919765290816707, 57: 3.9144403473903573, 58: 1.4254633943810218, 59: 7.892932437337817, 60: 2.951915249178696, 61: 4.430599917814767, 62: 2.425246332216549, 63: 1.941639287814648, 64: 1.9225388076170065, 65: 1.9386308629323428, 66: 0.42320613272189433, 67: 0.9147335973892681, 68: 5.9316079664965855, 69: 3.423022742220721, 70: 0.4459210876841374, 71: 2.397842161981405, 72: 5.435369788588158, 73: 0.4448997676224662, 74: 1.445998181725487, 75: 0.43841940972161253, 76: 0.9312039429583976, 77: 1.9182384225024842, 78: 1.9026402407225744, 79: 0.4554324815318669, 80: 0.43142805067365897, 81: 1.429720844127151, 82: 0.8938188195471812, 83: 3.936559713767827, 84: 5.4441868699211655, 85: 2.893556134855672, 86: 0.42643547864139464, 87: 0.40598313332619873, 88: 0.4100430679115288, 89: 0.41345409824385104, 90: 0.9395146166293808, 91: 0.4037777343208988, 92: 4.437462562497174, 93: 2.4208117224359333, 94: 5.421939888608675, 95: 0.444823110065691, 96: 5.4499777278369645, 97: 3.443545074022716, 98: 2.9377220916845412, 99: 0.9388462936603579}
2025-01-28 06:04:42 - WARNING  - Sum of s_i: 227.54213200268367
2025-01-28 06:05:00 - WARNING  - Shapley share: {51: -0.050000000000000044, 16: -0.20000000000000018, 96: -0.5000000000000004, 28: -0.15000000000000013, 53: -0.15000000000000013, 83: -0.40000000000000036, 25: -0.4500000000000004, 46: -0.2500000000000002, 0: -0.10000000000000009, 44: -0.15000000000000013}
2025-01-28 06:05:05 - WARNING  - Epoch:   336. Accuracy: Top-1: 82.18 | Loss: value: 0.53
2025-01-28 06:05:05 - WARNING  - Epoch 336
2025-01-28 06:05:05 - WARNING  - s_i: {0: 3.4095373504960755, 1: 7.433785028033137, 2: 0.936915065467681, 3: 0.9165982590398585, 4: 0.9078407669724674, 5: 3.470265296221198, 6: 3.455486508390683, 7: 0.4103373010596056, 8: 3.4224615651070422, 9: 1.9288031898981925, 10: 0.9364384998469681, 11: 1.4095847374951327, 12: 0.9365074586366428, 13: 0.4265719660056617, 14: 2.421206027002315, 15: 6.939777015299379, 16: 0.4325229167712963, 17: 4.419627158984719, 18: 0.9394207683747191, 19: 2.4212779118853054, 20: 0.4226134860763602, 21: 5.9065879524905185, 22: 0.38655440212356074, 23: 0.8869602859413197, 24: 0.8815670308133527, 25: 0.890349995925936, 26: 1.4431522338329457, 27: 1.4224011655072601, 28: 0.42255858221042475, 29: 4.479576546495334, 30: 2.897998429326206, 31: 0.8962586539577684, 32: 2.443978744548689, 33: 1.9359304451252362, 34: 0.43904492680458285, 35: 1.901156940092097, 36: 2.916835728154883, 37: 4.409956149482488, 38: 0.9090588222839253, 39: 2.419094154698043, 40: 0.8982007216892063, 41: 1.4205762803322728, 42: 4.412096333477449, 43: 1.9142609517809999, 44: 0.9428268857565136, 45: 1.921550905445967, 46: 0.9299254588961795, 47: 4.946322451979812, 48: 0.9365157090295222, 49: 1.4444679017990416, 50: 0.4399414029349247, 51: 5.9040698764837085, 52: 1.9330982294120318, 53: 1.385449040971353, 54: 3.4540774191209427, 55: 1.4588236084032946, 56: 3.919765290816707, 57: 3.9144403473903573, 58: 1.4254633943810218, 59: 7.892932437337817, 60: 2.951915249178696, 61: 4.430599917814767, 62: 2.425246332216549, 63: 1.941639287814648, 64: 1.9225388076170065, 65: 1.9386308629323428, 66: 0.42320613272189433, 67: 0.9147335973892681, 68: 5.9316079664965855, 69: 3.423022742220721, 70: 0.4459210876841374, 71: 2.397842161981405, 72: 5.435369788588158, 73: 0.4448997676224662, 74: 1.445998181725487, 75: 0.43841940972161253, 76: 0.9312039429583976, 77: 1.9182384225024842, 78: 1.9026402407225744, 79: 0.4554324815318669, 80: 0.43142805067365897, 81: 1.429720844127151, 82: 0.8938188195471812, 83: 3.936559713767827, 84: 5.4441868699211655, 85: 2.893556134855672, 86: 0.42643547864139464, 87: 0.40598313332619873, 88: 0.4100430679115288, 89: 0.41345409824385104, 90: 0.9395146166293808, 91: 0.4037777343208988, 92: 4.437462562497174, 93: 2.4208117224359333, 94: 5.421939888608675, 95: 0.444823110065691, 96: 0.44543024854941127, 97: 3.443545074022716, 98: 2.9377220916845412, 99: 0.9388462936603579}
2025-01-28 06:05:05 - WARNING  - Sum of s_i: 218.0195700492496
2025-01-28 06:05:22 - WARNING  - Shapley share: {70: 0.0, 19: -0.20000000000000018, 64: 0.10000000000000009, 91: -0.15000000000000013, 43: -0.2500000000000002, 93: -0.15000000000000013, 10: -0.10000000000000009, 36: 0.10000000000000009, 97: -0.4500000000000004, 6: -0.30000000000000027}
2025-01-28 06:05:27 - WARNING  - Epoch:   337. Accuracy: Top-1: 82.76 | Loss: value: 0.51
2025-01-28 06:05:27 - WARNING  - Epoch 337
2025-01-28 06:05:27 - WARNING  - s_i: {0: 3.4095373504960755, 1: 7.433785028033137, 2: 0.936915065467681, 3: 0.9165982590398585, 4: 0.9078407669724674, 5: 3.470265296221198, 6: 0.4514398273352871, 7: 0.4103373010596056, 8: 3.4224615651070422, 9: 1.9288031898981925, 10: 0.9364384998469681, 11: 1.4095847374951327, 12: 0.9365074586366428, 13: 0.4265719660056617, 14: 2.421206027002315, 15: 6.939777015299379, 16: 0.4325229167712963, 17: 4.419627158984719, 18: 0.9394207683747191, 19: 0.41713464408979295, 20: 0.4226134860763602, 21: 5.9065879524905185, 22: 0.38655440212356074, 23: 0.8869602859413197, 24: 0.8815670308133527, 25: 0.890349995925936, 26: 1.4431522338329457, 27: 1.4224011655072601, 28: 0.42255858221042475, 29: 4.479576546495334, 30: 2.897998429326206, 31: 0.8962586539577684, 32: 2.443978744548689, 33: 1.9359304451252362, 34: 0.43904492680458285, 35: 1.901156940092097, 36: 3.9119437121639944, 37: 4.409956149482488, 38: 0.9090588222839253, 39: 2.419094154698043, 40: 0.8982007216892063, 41: 1.4205762803322728, 42: 4.412096333477449, 43: 1.9142609517809999, 44: 0.9428268857565136, 45: 1.921550905445967, 46: 0.9299254588961795, 47: 4.946322451979812, 48: 0.9365157090295222, 49: 1.4444679017990416, 50: 0.4399414029349247, 51: 5.9040698764837085, 52: 1.9330982294120318, 53: 1.385449040971353, 54: 3.4540774191209427, 55: 1.4588236084032946, 56: 3.919765290816707, 57: 3.9144403473903573, 58: 1.4254633943810218, 59: 7.892932437337817, 60: 2.951915249178696, 61: 4.430599917814767, 62: 2.425246332216549, 63: 1.941639287814648, 64: 2.91769748309307, 65: 1.9386308629323428, 66: 0.42320613272189433, 67: 0.9147335973892681, 68: 5.9316079664965855, 69: 3.423022742220721, 70: 0.44100482292815024, 71: 2.397842161981405, 72: 5.435369788588158, 73: 0.4448997676224662, 74: 1.445998181725487, 75: 0.43841940972161253, 76: 0.9312039429583976, 77: 1.9182384225024842, 78: 1.9026402407225744, 79: 0.4554324815318669, 80: 0.43142805067365897, 81: 1.429720844127151, 82: 0.8938188195471812, 83: 3.936559713767827, 84: 5.4441868699211655, 85: 2.893556134855672, 86: 0.42643547864139464, 87: 0.40598313332619873, 88: 0.4100430679115288, 89: 0.41345409824385104, 90: 0.9395146166293808, 91: 0.4037777343208988, 92: 4.437462562497174, 93: 0.9161535884615746, 94: 5.421939888608675, 95: 0.444823110065691, 96: 0.44543024854941127, 97: 3.443545074022716, 98: 2.9377220916845412, 99: 0.9388462936603579}
2025-01-28 06:05:27 - WARNING  - Sum of s_i: 213.49207236115353
2025-01-28 06:05:44 - WARNING  - Shapley share: {55: 0.19999999999999907, 29: -0.20000000000000018, 97: -0.10000000000000009, 17: -0.20000000000000018, 15: -0.10000000000000009, 80: -0.050000000000000044, 98: -0.4500000000000004, 60: -0.2500000000000002, 4: -0.1500000000000007, 76: -0.40000000000000036}
2025-01-28 06:05:49 - WARNING  - Epoch:   338. Accuracy: Top-1: 82.18 | Loss: value: 0.51
2025-01-28 06:05:49 - WARNING  - Epoch 338
2025-01-28 06:05:49 - WARNING  - s_i: {0: 3.4095373504960755, 1: 7.433785028033137, 2: 0.936915065467681, 3: 0.9165982590398585, 4: 0.9078407669724674, 5: 3.470265296221198, 6: 0.4514398273352871, 7: 0.4103373010596056, 8: 3.4224615651070422, 9: 1.9288031898981925, 10: 0.9364384998469681, 11: 1.4095847374951327, 12: 0.9365074586366428, 13: 0.4265719660056617, 14: 2.421206027002315, 15: 5.935475373535048, 16: 0.4325229167712963, 17: 2.4156085169339523, 18: 0.9394207683747191, 19: 0.41713464408979295, 20: 0.4226134860763602, 21: 5.9065879524905185, 22: 0.38655440212356074, 23: 0.8869602859413197, 24: 0.8815670308133527, 25: 0.890349995925936, 26: 1.4431522338329457, 27: 1.4224011655072601, 28: 0.42255858221042475, 29: 2.475491855794401, 30: 2.897998429326206, 31: 0.8962586539577684, 32: 2.443978744548689, 33: 1.9359304451252362, 34: 0.43904492680458285, 35: 1.901156940092097, 36: 3.9119437121639944, 37: 4.409956149482488, 38: 0.9090588222839253, 39: 2.419094154698043, 40: 0.8982007216892063, 41: 1.4205762803322728, 42: 4.412096333477449, 43: 1.9142609517809999, 44: 0.9428268857565136, 45: 1.921550905445967, 46: 0.9299254588961795, 47: 4.946322451979812, 48: 0.9365157090295222, 49: 1.4444679017990416, 50: 0.4399414029349247, 51: 5.9040698764837085, 52: 1.9330982294120318, 53: 1.385449040971353, 54: 3.4540774191209427, 55: 3.454705969243616, 56: 3.919765290816707, 57: 3.9144403473903573, 58: 1.4254633943810218, 59: 7.892932437337817, 60: 0.44790818661025256, 61: 4.430599917814767, 62: 2.425246332216549, 63: 1.941639287814648, 64: 2.91769748309307, 65: 1.9386308629323428, 66: 0.42320613272189433, 67: 0.9147335973892681, 68: 5.9316079664965855, 69: 3.423022742220721, 70: 0.44100482292815024, 71: 2.397842161981405, 72: 5.435369788588158, 73: 0.4448997676224662, 74: 1.445998181725487, 75: 0.43841940972161253, 76: 0.9312039429583976, 77: 1.9182384225024842, 78: 1.9026402407225744, 79: 0.4554324815318669, 80: 0.43142805067365897, 81: 1.429720844127151, 82: 0.8938188195471812, 83: 3.936559713767827, 84: 5.4441868699211655, 85: 2.893556134855672, 86: 0.42643547864139464, 87: 0.40598313332619873, 88: 0.4100430679115288, 89: 0.41345409824385104, 90: 0.9395146166293808, 91: 0.4037777343208988, 92: 4.437462562497174, 93: 0.9161535884615746, 94: 5.421939888608675, 95: 0.444823110065691, 96: 0.44543024854941127, 97: 2.4388404968579414, 98: 2.9377220916845412, 99: 0.9388462936603579}
2025-01-28 06:05:49 - WARNING  - Sum of s_i: 206.9668381077446
2025-01-28 06:06:05 - WARNING  - Shapley share: {22: 0.0, 45: -0.10000000000000009, 76: -0.10000000000000009, 4: -0.10000000000000009, 54: -0.15000000000000013, 69: -0.2500000000000002, 73: -0.2500000000000002, 30: -0.2500000000000002, 64: -0.15000000000000013, 6: -0.050000000000000044}
2025-01-28 06:06:09 - WARNING  - Epoch:   339. Accuracy: Top-1: 82.59 | Loss: value: 0.50
2025-01-28 06:06:09 - WARNING  - Epoch 339
2025-01-28 06:06:09 - WARNING  - s_i: {0: 3.4095373504960755, 1: 7.433785028033137, 2: 0.936915065467681, 3: 0.9165982590398585, 4: 0.9078407669724674, 5: 3.470265296221198, 6: 0.4514398273352871, 7: 0.4103373010596056, 8: 3.4224615651070422, 9: 1.9288031898981925, 10: 0.9364384998469681, 11: 1.4095847374951327, 12: 0.9365074586366428, 13: 0.4265719660056617, 14: 2.421206027002315, 15: 5.935475373535048, 16: 0.4325229167712963, 17: 2.4156085169339523, 18: 0.9394207683747191, 19: 0.41713464408979295, 20: 0.4226134860763602, 21: 5.9065879524905185, 22: 0.38162198482458454, 23: 0.8869602859413197, 24: 0.8815670308133527, 25: 0.890349995925936, 26: 1.4431522338329457, 27: 1.4224011655072601, 28: 0.42255858221042475, 29: 2.475491855794401, 30: 0.39336199429557617, 31: 0.8962586539577684, 32: 2.443978744548689, 33: 1.9359304451252362, 34: 0.43904492680458285, 35: 1.901156940092097, 36: 3.9119437121639944, 37: 4.409956149482488, 38: 0.9090588222839253, 39: 2.419094154698043, 40: 0.8982007216892063, 41: 1.4205762803322728, 42: 4.412096333477449, 43: 1.9142609517809999, 44: 0.9428268857565136, 45: 0.9171926224151854, 46: 0.9299254588961795, 47: 4.946322451979812, 48: 0.9365157090295222, 49: 1.4444679017990416, 50: 0.4399414029349247, 51: 5.9040698764837085, 52: 1.9330982294120318, 53: 1.385449040971353, 54: 1.9499026390410261, 55: 3.454705969243616, 56: 3.919765290816707, 57: 3.9144403473903573, 58: 1.4254633943810218, 59: 7.892932437337817, 60: 0.44790818661025256, 61: 4.430599917814767, 62: 2.425246332216549, 63: 1.941639287814648, 64: 1.4128561585691313, 65: 1.9386308629323428, 66: 0.42320613272189433, 67: 0.9147335973892681, 68: 5.9316079664965855, 69: 0.9189713076007564, 70: 0.44100482292815024, 71: 2.397842161981405, 72: 5.435369788588158, 73: 0.4448997676224662, 74: 1.445998181725487, 75: 0.43841940972161253, 76: 0.9312039429583976, 77: 1.9182384225024842, 78: 1.9026402407225744, 79: 0.4554324815318669, 80: 0.43142805067365897, 81: 1.429720844127151, 82: 0.8938188195471812, 83: 3.936559713767827, 84: 5.4441868699211655, 85: 2.893556134855672, 86: 0.42643547864139464, 87: 0.40598313332619873, 88: 0.4100430679115288, 89: 0.41345409824385104, 90: 0.9395146166293808, 91: 0.4037777343208988, 92: 4.437462562497174, 93: 0.9161535884615746, 94: 5.421939888608675, 95: 0.444823110065691, 96: 0.44543024854941127, 97: 2.4388404968579414, 98: 2.9377220916845412, 99: 0.9388462936603579}
2025-01-28 06:06:09 - WARNING  - Sum of s_i: 197.9398434331604
2025-01-28 06:06:26 - WARNING  - Shapley share: {28: 0.0, 92: 0.050000000000000044, 82: 0.0, 93: 0.10000000000000009, 75: 0.15000000000000013, 88: 0.0, 51: 0.0, 13: 0.0, 11: 0.2500000000000002, 83: -0.10000000000000009}
2025-01-28 06:06:30 - WARNING  - Epoch:   340. Accuracy: Top-1: 81.92 | Loss: value: 0.51
2025-01-28 06:06:30 - WARNING  - Epoch 340
2025-01-28 06:06:30 - WARNING  - s_i: {0: 3.4095373504960755, 1: 7.433785028033137, 2: 0.936915065467681, 3: 0.9165982590398585, 4: 0.9078407669724674, 5: 3.470265296221198, 6: 0.4514398273352871, 7: 0.4103373010596056, 8: 3.4224615651070422, 9: 1.9288031898981925, 10: 0.9364384998469681, 11: 3.905063974369892, 12: 0.9365074586366428, 13: 0.42198271388101466, 14: 2.421206027002315, 15: 5.935475373535048, 16: 0.4325229167712963, 17: 2.4156085169339523, 18: 0.9394207683747191, 19: 0.41713464408979295, 20: 0.4226134860763602, 21: 5.9065879524905185, 22: 0.38162198482458454, 23: 0.8869602859413197, 24: 0.8815670308133527, 25: 0.890349995925936, 26: 1.4431522338329457, 27: 1.4224011655072601, 28: 0.41800320469339114, 29: 2.475491855794401, 30: 0.39336199429557617, 31: 0.8962586539577684, 32: 2.443978744548689, 33: 1.9359304451252362, 34: 0.43904492680458285, 35: 1.901156940092097, 36: 3.9119437121639944, 37: 4.409956149482488, 38: 0.9090588222839253, 39: 2.419094154698043, 40: 0.8982007216892063, 41: 1.4205762803322728, 42: 4.412096333477449, 43: 1.9142609517809999, 44: 0.9428268857565136, 45: 0.9171926224151854, 46: 0.9299254588961795, 47: 4.946322451979812, 48: 0.9365157090295222, 49: 1.4444679017990416, 50: 0.4399414029349247, 51: 5.899899001548218, 52: 1.9330982294120318, 53: 1.385449040971353, 54: 1.9499026390410261, 55: 3.454705969243616, 56: 3.919765290816707, 57: 3.9144403473903573, 58: 1.4254633943810218, 59: 7.892932437337817, 60: 0.44790818661025256, 61: 4.430599917814767, 62: 2.425246332216549, 63: 1.941639287814648, 64: 1.4128561585691313, 65: 1.9386308629323428, 66: 0.42320613272189433, 67: 0.9147335973892681, 68: 5.9316079664965855, 69: 0.9189713076007564, 70: 0.44100482292815024, 71: 2.397842161981405, 72: 5.435369788588158, 73: 0.4448997676224662, 74: 1.445998181725487, 75: 1.9336824412386615, 76: 0.9312039429583976, 77: 1.9182384225024842, 78: 1.9026402407225744, 79: 0.4554324815318669, 80: 0.43142805067365897, 81: 1.429720844127151, 82: 0.8889924022538715, 83: 2.9320282647512412, 84: 5.4441868699211655, 85: 2.893556134855672, 86: 0.42643547864139464, 87: 0.40598313332619873, 88: 0.4050454605732803, 89: 0.41345409824385104, 90: 0.9395146166293808, 91: 0.4037777343208988, 92: 4.932995602675545, 93: 1.911495454487218, 94: 5.421939888608675, 95: 0.444823110065691, 96: 0.44543024854941127, 97: 2.4388404968579414, 98: 2.9377220916845412, 99: 0.9388462936603579}
2025-01-28 06:06:30 - WARNING  - Sum of s_i: 202.39378962953091
2025-01-28 06:06:35 - WARNING  - The sum of accs: 73.0
2025-01-28 06:06:35 - WARNING  - The welfare is 72.90853396272698
2025-01-28 06:06:52 - WARNING  - Shapley share: {40: 0.20000000000000018, 22: 0.2500000000000002, 6: 0.40000000000000036, 58: 0.4500000000000004, 94: 0.15000000000000013, 20: 0.20000000000000018, 59: 0.10000000000000009, 95: 0.050000000000000044, 36: 0.15000000000000013, 96: 0.0}
2025-01-28 06:06:57 - WARNING  - Epoch:   341. Accuracy: Top-1: 81.43 | Loss: value: 0.53
2025-01-28 06:06:57 - WARNING  - Epoch 341
2025-01-28 06:06:57 - WARNING  - s_i: {0: 3.4095373504960755, 1: 7.433785028033137, 2: 0.936915065467681, 3: 0.9165982590398585, 4: 0.9078407669724674, 5: 3.470265296221198, 6: 4.4473931462798975, 7: 0.4103373010596056, 8: 3.4224615651070422, 9: 1.9288031898981925, 10: 0.9364384998469681, 11: 3.905063974369892, 12: 0.9365074586366428, 13: 0.42198271388101466, 14: 2.421206027002315, 15: 5.935475373535048, 16: 0.4325229167712963, 17: 2.4156085169339523, 18: 0.9394207683747191, 19: 0.41713464408979295, 20: 2.4180613381985014, 21: 5.9065879524905185, 22: 2.8766895675256103, 23: 0.8869602859413197, 24: 0.8815670308133527, 25: 0.890349995925936, 26: 1.4431522338329457, 27: 1.4224011655072601, 28: 0.41800320469339114, 29: 2.475491855794401, 30: 0.39336199429557617, 31: 0.8962586539577684, 32: 2.443978744548689, 33: 1.9359304451252362, 34: 0.43904492680458285, 35: 1.901156940092097, 36: 5.407051696173106, 37: 4.409956149482488, 38: 0.9090588222839253, 39: 2.419094154698043, 40: 2.894128750556777, 41: 1.4205762803322728, 42: 4.412096333477449, 43: 1.9142609517809999, 44: 0.9428268857565136, 45: 0.9171926224151854, 46: 0.9299254588961795, 47: 4.946322451979812, 48: 0.9365157090295222, 49: 1.4444679017990416, 50: 0.4399414029349247, 51: 5.899899001548218, 52: 1.9330982294120318, 53: 1.385449040971353, 54: 1.9499026390410261, 55: 3.454705969243616, 56: 3.919765290816707, 57: 3.9144403473903573, 58: 5.920494287339761, 59: 7.892932437337817, 60: 0.44790818661025256, 61: 4.430599917814767, 62: 2.425246332216549, 63: 1.941639287814648, 64: 1.4128561585691313, 65: 1.9386308629323428, 66: 0.42320613272189433, 67: 0.9147335973892681, 68: 5.9316079664965855, 69: 0.9189713076007564, 70: 0.44100482292815024, 71: 2.397842161981405, 72: 5.435369788588158, 73: 0.4448997676224662, 74: 1.445998181725487, 75: 1.9336824412386615, 76: 0.9312039429583976, 77: 1.9182384225024842, 78: 1.9026402407225744, 79: 0.4554324815318669, 80: 0.43142805067365897, 81: 1.429720844127151, 82: 0.8889924022538715, 83: 2.9320282647512412, 84: 5.4441868699211655, 85: 2.893556134855672, 86: 0.42643547864139464, 87: 0.40598313332619873, 88: 0.4050454605732803, 89: 0.41345409824385104, 90: 0.9395146166293808, 91: 0.4037777343208988, 92: 4.932995602675545, 93: 1.911495454487218, 94: 6.917603215753601, 95: 0.9405787339168987, 96: 0.44088276926186243, 97: 2.4388404968579414, 98: 2.9377220916845412, 99: 0.9388462936603579}
2025-01-28 06:06:57 - WARNING  - Sum of s_i: 220.85319676084268
2025-01-28 06:07:19 - WARNING  - Shapley share: {12: 0.15000000000000013, 71: 0.10000000000000009, 49: 0.30000000000000027, 7: 0.15000000000000013, 59: 0.30000000000000027, 54: 0.3500000000000003, 18: 0.6000000000000005, 70: 0.20000000000000018, 92: 0.30000000000000027, 32: 0.3500000000000003}
2025-01-28 06:07:24 - WARNING  - Epoch:   342. Accuracy: Top-1: 81.73 | Loss: value: 0.53
2025-01-28 06:07:24 - WARNING  - Epoch 342
2025-01-28 06:07:24 - WARNING  - s_i: {0: 3.4095373504960755, 1: 7.433785028033137, 2: 0.936915065467681, 3: 0.9165982590398585, 4: 0.9078407669724674, 5: 3.470265296221198, 6: 4.4473931462798975, 7: 1.905356040007363, 8: 3.4224615651070422, 9: 1.9288031898981925, 10: 0.9364384998469681, 11: 3.905063974369892, 12: 2.43197227711069, 13: 0.42198271388101466, 14: 2.421206027002315, 15: 5.935475373535048, 16: 0.4325229167712963, 17: 2.4156085169339523, 18: 6.934760827480472, 19: 0.41713464408979295, 20: 2.4180613381985014, 21: 5.9065879524905185, 22: 2.8766895675256103, 23: 0.8869602859413197, 24: 0.8815670308133527, 25: 0.890349995925936, 26: 1.4431522338329457, 27: 1.4224011655072601, 28: 0.41800320469339114, 29: 2.475491855794401, 30: 0.39336199429557617, 31: 0.8962586539577684, 32: 5.939669417206284, 33: 1.9359304451252362, 34: 0.43904492680458285, 35: 1.901156940092097, 36: 5.407051696173106, 37: 4.409956149482488, 38: 0.9090588222839253, 39: 2.419094154698043, 40: 2.894128750556777, 41: 1.4205762803322728, 42: 4.412096333477449, 43: 1.9142609517809999, 44: 0.9428268857565136, 45: 0.9171926224151854, 46: 0.9299254588961795, 47: 4.946322451979812, 48: 0.9365157090295222, 49: 4.439840226948963, 50: 0.4399414029349247, 51: 5.899899001548218, 52: 1.9330982294120318, 53: 1.385449040971353, 54: 5.4457278589611136, 55: 3.454705969243616, 56: 3.919765290816707, 57: 3.9144403473903573, 58: 5.920494287339761, 59: 7.892932437337817, 60: 0.44790818661025256, 61: 4.430599917814767, 62: 2.425246332216549, 63: 1.941639287814648, 64: 1.4128561585691313, 65: 1.9386308629323428, 66: 0.42320613272189433, 67: 0.9147335973892681, 68: 5.9316079664965855, 69: 0.9189713076007564, 70: 2.4360885581721647, 71: 3.3929775030281393, 72: 5.435369788588158, 73: 0.4448997676224662, 74: 1.445998181725487, 75: 1.9336824412386615, 76: 0.9312039429583976, 77: 1.9182384225024842, 78: 1.9026402407225744, 79: 0.4554324815318669, 80: 0.43142805067365897, 81: 1.429720844127151, 82: 0.8889924022538715, 83: 2.9320282647512412, 84: 5.4441868699211655, 85: 2.893556134855672, 86: 0.42643547864139464, 87: 0.40598313332619873, 88: 0.4050454605732803, 89: 0.41345409824385104, 90: 0.9395146166293808, 91: 0.4037777343208988, 92: 7.928528642853918, 93: 1.911495454487218, 94: 6.917603215753601, 95: 0.9405787339168987, 96: 0.44088276926186243, 97: 2.4388404968579414, 98: 2.9377220916845412, 99: 0.9388462936603579}
2025-01-28 06:07:24 - WARNING  - Sum of s_i: 245.81166071156696
2025-01-28 06:07:42 - WARNING  - Shapley share: {67: 0.2500000000000002, 39: 0.3500000000000003, 19: 0.3500000000000003, 65: 0.40000000000000036, 99: 0.30000000000000027, 58: 0.20000000000000018, 30: 0.15000000000000013, 88: 0.20000000000000018, 54: 0.20000000000000018, 95: 0.30000000000000027}
2025-01-28 06:07:46 - WARNING  - Epoch:   343. Accuracy: Top-1: 81.24 | Loss: value: 0.56
2025-01-28 06:07:46 - WARNING  - Epoch 343
2025-01-28 06:07:46 - WARNING  - s_i: {0: 3.4095373504960755, 1: 7.433785028033137, 2: 0.936915065467681, 3: 0.9165982590398585, 4: 0.9078407669724674, 5: 3.470265296221198, 6: 4.4473931462798975, 7: 1.905356040007363, 8: 3.4224615651070422, 9: 1.9288031898981925, 10: 0.9364384998469681, 11: 3.905063974369892, 12: 2.43197227711069, 13: 0.42198271388101466, 14: 2.421206027002315, 15: 5.935475373535048, 16: 0.4325229167712963, 17: 2.4156085169339523, 18: 6.934760827480472, 19: 3.9129913762942854, 20: 2.4180613381985014, 21: 5.9065879524905185, 22: 2.8766895675256103, 23: 0.8869602859413197, 24: 0.8815670308133527, 25: 0.890349995925936, 26: 1.4431522338329457, 27: 1.4224011655072601, 28: 0.41800320469339114, 29: 2.475491855794401, 30: 1.8887255592649501, 31: 0.8962586539577684, 32: 5.939669417206284, 33: 1.9359304451252362, 34: 0.43904492680458285, 35: 1.901156940092097, 36: 5.407051696173106, 37: 4.409956149482488, 38: 0.9090588222839253, 39: 5.914599385514604, 40: 2.894128750556777, 41: 1.4205762803322728, 42: 4.412096333477449, 43: 1.9142609517809999, 44: 0.9428268857565136, 45: 0.9171926224151854, 46: 0.9299254588961795, 47: 4.946322451979812, 48: 0.9365157090295222, 49: 4.439840226948963, 50: 0.4399414029349247, 51: 5.899899001548218, 52: 1.9330982294120318, 53: 1.385449040971353, 54: 7.4415530788812, 55: 3.454705969243616, 56: 3.919765290816707, 57: 3.9144403473903573, 58: 7.915525180298498, 59: 7.892932437337817, 60: 0.44790818661025256, 61: 4.430599917814767, 62: 2.425246332216549, 63: 1.941639287814648, 64: 1.4128561585691313, 65: 5.934247353141799, 66: 0.42320613272189433, 67: 3.410673292503045, 68: 5.9316079664965855, 69: 0.9189713076007564, 70: 2.4360885581721647, 71: 3.3929775030281393, 72: 5.435369788588158, 73: 0.4448997676224662, 74: 1.445998181725487, 75: 1.9336824412386615, 76: 0.9312039429583976, 77: 1.9182384225024842, 78: 1.9026402407225744, 79: 0.4554324815318669, 80: 0.43142805067365897, 81: 1.429720844127151, 82: 0.8889924022538715, 83: 2.9320282647512412, 84: 5.4441868699211655, 85: 2.893556134855672, 86: 0.42643547864139464, 87: 0.40598313332619873, 88: 2.4000478532350336, 89: 0.41345409824385104, 90: 0.9395146166293808, 91: 0.4037777343208988, 92: 7.928528642853918, 93: 1.911495454487218, 94: 6.917603215753601, 95: 3.936334357768109, 96: 0.44088276926186243, 97: 2.4388404968579414, 98: 2.9377220916845412, 99: 3.9341421624034654}
2025-01-28 06:07:46 - WARNING  - Sum of s_i: 272.7668524230155
2025-01-28 06:08:04 - WARNING  - Shapley share: {32: -0.050000000000000044, 53: 0.3500000000000003, 25: 0.10000000000000009, 92: -0.3500000000000003, 28: -0.050000000000000044, 1: -0.050000000000000044, 10: 0.050000000000000044, 45: 0.0, 20: -0.15000000000000013, 5: -0.20000000000000018}
2025-01-28 06:08:09 - WARNING  - Epoch:   344. Accuracy: Top-1: 81.72 | Loss: value: 0.54
2025-01-28 06:08:09 - WARNING  - Epoch 344
2025-01-28 06:08:09 - WARNING  - s_i: {0: 3.4095373504960755, 1: 6.9290553871783604, 2: 0.936915065467681, 3: 0.9165982590398585, 4: 0.9078407669724674, 5: 1.4653095122580626, 6: 4.4473931462798975, 7: 1.905356040007363, 8: 3.4224615651070422, 9: 1.9288031898981925, 10: 1.431898392693181, 11: 3.905063974369892, 12: 2.43197227711069, 13: 0.42198271388101466, 14: 2.421206027002315, 15: 5.935475373535048, 16: 0.4325229167712963, 17: 2.4156085169339523, 18: 6.934760827480472, 19: 3.9129913762942854, 20: 0.9135091903206396, 21: 5.9065879524905185, 22: 2.8766895675256103, 23: 0.8869602859413197, 24: 0.8815670308133527, 25: 1.8853659048316609, 26: 1.4431522338329457, 27: 1.4224011655072601, 28: 0.41800320469339114, 29: 2.475491855794401, 30: 1.8887255592649501, 31: 0.8962586539577684, 32: 5.435360089863876, 33: 1.9359304451252362, 34: 0.43904492680458285, 35: 1.901156940092097, 36: 5.407051696173106, 37: 4.409956149482488, 38: 0.9090588222839253, 39: 5.914599385514604, 40: 2.894128750556777, 41: 1.4205762803322728, 42: 4.412096333477449, 43: 1.9142609517809999, 44: 0.9428268857565136, 45: 0.9128343393844048, 46: 0.9299254588961795, 47: 4.946322451979812, 48: 0.9365157090295222, 49: 4.439840226948963, 50: 0.4399414029349247, 51: 5.899899001548218, 52: 1.9330982294120318, 53: 4.880468564491849, 54: 7.4415530788812, 55: 3.454705969243616, 56: 3.919765290816707, 57: 3.9144403473903573, 58: 7.915525180298498, 59: 7.892932437337817, 60: 0.44790818661025256, 61: 4.430599917814767, 62: 2.425246332216549, 63: 1.941639287814648, 64: 1.4128561585691313, 65: 5.934247353141799, 66: 0.42320613272189433, 67: 3.410673292503045, 68: 5.9316079664965855, 69: 0.9189713076007564, 70: 2.4360885581721647, 71: 3.3929775030281393, 72: 5.435369788588158, 73: 0.4448997676224662, 74: 1.445998181725487, 75: 1.9336824412386615, 76: 0.9312039429583976, 77: 1.9182384225024842, 78: 1.9026402407225744, 79: 0.4554324815318669, 80: 0.43142805067365897, 81: 1.429720844127151, 82: 0.8889924022538715, 83: 2.9320282647512412, 84: 5.4441868699211655, 85: 2.893556134855672, 86: 0.42643547864139464, 87: 0.40598313332619873, 88: 2.4000478532350336, 89: 0.41345409824385104, 90: 0.9395146166293808, 91: 0.4037777343208988, 92: 4.424061683032285, 93: 1.911495454487218, 94: 6.917603215753601, 95: 3.936334357768109, 96: 0.44088276926186243, 97: 2.4388404968579414, 98: 2.9377220916845412, 99: 3.9341421624034654}
2025-01-28 06:08:09 - WARNING  - Sum of s_i: 269.7249756053974
2025-01-28 06:08:28 - WARNING  - Shapley share: {9: 0.20000000000000018, 4: 0.20000000000000018, 11: -0.050000000000000044, 51: -0.40000000000000036, 18: 0.15000000000000013, 7: -0.15000000000000013, 77: -0.050000000000000044, 39: -0.4500000000000004, 64: -0.5000000000000004, 20: -0.5000000000000004}
2025-01-28 06:08:33 - WARNING  - Epoch:   345. Accuracy: Top-1: 82.27 | Loss: value: 0.53
2025-01-28 06:08:33 - WARNING  - Epoch 345
2025-01-28 06:08:33 - WARNING  - s_i: {0: 3.4095373504960755, 1: 6.9290553871783604, 2: 0.936915065467681, 3: 0.9165982590398585, 4: 2.902990281023652, 5: 1.4653095122580626, 6: 4.4473931462798975, 7: 0.40037477895511775, 8: 3.4224615651070422, 9: 3.9240567358914067, 10: 1.431898392693181, 11: 3.4005432112446488, 12: 2.43197227711069, 13: 0.42198271388101466, 14: 2.421206027002315, 15: 5.935475373535048, 16: 0.4325229167712963, 17: 2.4156085169339523, 18: 6.934760827480472, 19: 3.9129913762942854, 20: 0.9135091903206396, 21: 5.9065879524905185, 22: 2.8766895675256103, 23: 0.8869602859413197, 24: 0.8815670308133527, 25: 1.8853659048316609, 26: 1.4431522338329457, 27: 1.4224011655072601, 28: 0.41800320469339114, 29: 2.475491855794401, 30: 1.8887255592649501, 31: 0.8962586539577684, 32: 5.435360089863876, 33: 1.9359304451252362, 34: 0.43904492680458285, 35: 1.901156940092097, 36: 5.407051696173106, 37: 4.409956149482488, 38: 0.9090588222839253, 39: 1.4101046163311581, 40: 2.894128750556777, 41: 1.4205762803322728, 42: 4.412096333477449, 43: 1.9142609517809999, 44: 0.9428268857565136, 45: 0.9128343393844048, 46: 0.9299254588961795, 47: 4.946322451979812, 48: 0.9365157090295222, 49: 4.439840226948963, 50: 0.4399414029349247, 51: 1.895728126612724, 52: 1.9330982294120318, 53: 4.880468564491849, 54: 7.4415530788812, 55: 3.454705969243616, 56: 3.919765290816707, 57: 3.9144403473903573, 58: 7.915525180298498, 59: 7.892932437337817, 60: 0.44790818661025256, 61: 4.430599917814767, 62: 2.425246332216549, 63: 1.941639287814648, 64: 1.4128561585691313, 65: 5.934247353141799, 66: 0.42320613272189433, 67: 3.410673292503045, 68: 5.9316079664965855, 69: 0.9189713076007564, 70: 2.4360885581721647, 71: 3.3929775030281393, 72: 5.435369788588158, 73: 0.4448997676224662, 74: 1.445998181725487, 75: 1.9336824412386615, 76: 0.9312039429583976, 77: 1.4134289179438069, 78: 1.9026402407225744, 79: 0.4554324815318669, 80: 0.43142805067365897, 81: 1.429720844127151, 82: 0.8889924022538715, 83: 2.9320282647512412, 84: 5.4441868699211655, 85: 2.893556134855672, 86: 0.42643547864139464, 87: 0.40598313332619873, 88: 2.4000478532350336, 89: 0.41345409824385104, 90: 0.9395146166293808, 91: 0.4037777343208988, 92: 4.424061683032285, 93: 1.911495454487218, 94: 6.917603215753601, 95: 3.936334357768109, 96: 0.44088276926186243, 97: 2.4388404968579414, 98: 2.9377220916845412, 99: 3.9341421624034654}
2025-01-28 06:08:33 - WARNING  - Sum of s_i: 262.69240149258667
2025-01-28 06:08:50 - WARNING  - Shapley share: {88: 0.30000000000000027, 61: -0.2500000000000002, 24: 0.15000000000000013, 1: 0.2500000000000002, 66: 0.2500000000000002, 43: 0.10000000000000009, 45: 0.2500000000000002, 16: -0.050000000000000044, 37: -0.20000000000000018, 67: 0.0}
2025-01-28 06:08:54 - WARNING  - Epoch:   346. Accuracy: Top-1: 82.89 | Loss: value: 0.51
2025-01-28 06:08:54 - WARNING  - Epoch 346
2025-01-28 06:08:54 - WARNING  - s_i: {0: 3.4095373504960755, 1: 6.9290553871783604, 2: 0.936915065467681, 3: 0.9165982590398585, 4: 2.902990281023652, 5: 1.4653095122580626, 6: 4.4473931462798975, 7: 0.40037477895511775, 8: 3.4224615651070422, 9: 3.9240567358914067, 10: 1.431898392693181, 11: 3.4005432112446488, 12: 2.43197227711069, 13: 0.42198271388101466, 14: 2.421206027002315, 15: 5.935475373535048, 16: 0.4325229167712963, 17: 2.4156085169339523, 18: 6.934760827480472, 19: 3.9129913762942854, 20: 0.9135091903206396, 21: 5.9065879524905185, 22: 2.8766895675256103, 23: 0.8869602859413197, 24: 2.377180624547182, 25: 1.8853659048316609, 26: 1.4431522338329457, 27: 1.4224011655072601, 28: 0.41800320469339114, 29: 2.475491855794401, 30: 1.8887255592649501, 31: 0.8962586539577684, 32: 5.435360089863876, 33: 1.9359304451252362, 34: 0.43904492680458285, 35: 1.901156940092097, 36: 5.407051696173106, 37: 2.4054539569566105, 38: 0.9090588222839253, 39: 1.4101046163311581, 40: 2.894128750556777, 41: 1.4205762803322728, 42: 4.412096333477449, 43: 2.9099739993700506, 44: 0.9428268857565136, 45: 3.4084760563536265, 46: 0.9299254588961795, 47: 4.946322451979812, 48: 0.9365157090295222, 49: 4.439840226948963, 50: 0.4399414029349247, 51: 1.895728126612724, 52: 1.9330982294120318, 53: 4.880468564491849, 54: 7.4415530788812, 55: 3.454705969243616, 56: 3.919765290816707, 57: 3.9144403473903573, 58: 7.915525180298498, 59: 7.892932437337817, 60: 0.44790818661025256, 61: 1.925642769087248, 62: 2.425246332216549, 63: 1.941639287814648, 64: 1.4128561585691313, 65: 5.934247353141799, 66: 2.9191643502335745, 67: 3.40661298761682, 68: 5.9316079664965855, 69: 0.9189713076007564, 70: 2.4360885581721647, 71: 3.3929775030281393, 72: 5.435369788588158, 73: 0.4448997676224662, 74: 1.445998181725487, 75: 1.9336824412386615, 76: 0.9312039429583976, 77: 1.4134289179438069, 78: 1.9026402407225744, 79: 0.4554324815318669, 80: 0.43142805067365897, 81: 1.429720844127151, 82: 0.8889924022538715, 83: 2.9320282647512412, 84: 5.4441868699211655, 85: 2.893556134855672, 86: 0.42643547864139464, 87: 0.40598313332619873, 88: 5.395050245896788, 89: 0.41345409824385104, 90: 0.9395146166293808, 91: 0.4037777343208988, 92: 4.424061683032285, 93: 1.911495454487218, 94: 6.917603215753601, 95: 3.936334357768109, 96: 0.44088276926186243, 97: 2.4388404968579414, 98: 2.9377220916845412, 99: 3.9341421624034654}
2025-01-28 06:08:54 - WARNING  - Sum of s_i: 268.65681081491255
2025-01-28 06:09:13 - WARNING  - Shapley share: {20: -0.3500000000000003, 66: -0.20000000000000018, 44: -0.10000000000000009, 54: -0.5000000000000004, 8: -0.4500000000000004, 84: -0.30000000000000027, 17: -0.6500000000000006, 75: -0.10000000000000009, 63: -0.10000000000000009, 83: -0.30000000000000027}
2025-01-28 06:09:18 - WARNING  - Epoch:   347. Accuracy: Top-1: 81.79 | Loss: value: 0.55
2025-01-28 06:09:18 - WARNING  - Epoch 347
2025-01-28 06:09:18 - WARNING  - s_i: {0: 3.4095373504960755, 1: 6.9290553871783604, 2: 0.936915065467681, 3: 0.9165982590398585, 4: 2.902990281023652, 5: 1.4653095122580626, 6: 4.4473931462798975, 7: 0.40037477895511775, 8: 3.4224615651070422, 9: 3.9240567358914067, 10: 1.431898392693181, 11: 3.4005432112446488, 12: 2.43197227711069, 13: 0.42198271388101466, 14: 2.421206027002315, 15: 5.935475373535048, 16: 0.4325229167712963, 17: 2.4156085169339523, 18: 6.934760827480472, 19: 3.9129913762942854, 20: 0.9135091903206396, 21: 5.9065879524905185, 22: 2.8766895675256103, 23: 0.8869602859413197, 24: 2.377180624547182, 25: 1.8853659048316609, 26: 1.4431522338329457, 27: 1.4224011655072601, 28: 0.41800320469339114, 29: 2.475491855794401, 30: 1.8887255592649501, 31: 0.8962586539577684, 32: 5.435360089863876, 33: 1.9359304451252362, 34: 0.43904492680458285, 35: 1.901156940092097, 36: 5.407051696173106, 37: 2.4054539569566105, 38: 0.9090588222839253, 39: 1.4101046163311581, 40: 2.894128750556777, 41: 1.4205762803322728, 42: 4.412096333477449, 43: 2.9099739993700506, 44: 0.9428268857565136, 45: 3.4084760563536265, 46: 0.9299254588961795, 47: 4.946322451979812, 48: 0.9365157090295222, 49: 4.439840226948963, 50: 0.4399414029349247, 51: 1.895728126612724, 52: 1.9330982294120318, 53: 4.880468564491849, 54: 2.4373782988012804, 55: 3.454705969243616, 56: 3.919765290816707, 57: 3.9144403473903573, 58: 7.915525180298498, 59: 7.892932437337817, 60: 0.44790818661025256, 61: 1.925642769087248, 62: 2.425246332216549, 63: 0.9367758951325345, 64: 1.4128561585691313, 65: 5.934247353141799, 66: 0.9151225677452506, 67: 3.40661298761682, 68: 5.9316079664965855, 69: 0.9189713076007564, 70: 2.4360885581721647, 71: 3.3929775030281393, 72: 5.435369788588158, 73: 0.4448997676224662, 74: 1.445998181725487, 75: 0.9289454727557083, 76: 0.9312039429583976, 77: 1.4134289179438069, 78: 1.9026402407225744, 79: 0.4554324815318669, 80: 0.43142805067365897, 81: 1.429720844127151, 82: 0.8889924022538715, 83: 2.9320282647512412, 84: 2.439535775747927, 85: 2.893556134855672, 86: 0.42643547864139464, 87: 0.40598313332619873, 88: 5.395050245896788, 89: 0.41345409824385104, 90: 0.9395146166293808, 91: 0.4037777343208988, 92: 4.424061683032285, 93: 1.911495454487218, 94: 6.917603215753601, 95: 3.936334357768109, 96: 0.44088276926186243, 97: 2.4388404968579414, 98: 2.9377220916845412, 99: 3.9341421624034654}
2025-01-28 06:09:18 - WARNING  - Sum of s_i: 256.634342797006
2025-01-28 06:09:37 - WARNING  - Shapley share: {35: -0.40000000000000036, 40: 0.0, 22: 0.10000000000000009, 79: 0.3500000000000003, 1: -0.050000000000000044, 45: -0.15000000000000013, 47: 0.10000000000000009, 23: -0.050000000000000044, 49: -0.050000000000000044, 56: -0.2500000000000002}
2025-01-28 06:09:42 - WARNING  - Epoch:   348. Accuracy: Top-1: 82.08 | Loss: value: 0.52
2025-01-28 06:09:42 - WARNING  - Epoch 348
2025-01-28 06:09:42 - WARNING  - s_i: {0: 3.4095373504960755, 1: 6.424325746323584, 2: 0.936915065467681, 3: 0.9165982590398585, 4: 2.902990281023652, 5: 1.4653095122580626, 6: 4.4473931462798975, 7: 0.40037477895511775, 8: 3.4224615651070422, 9: 3.9240567358914067, 10: 1.431898392693181, 11: 3.4005432112446488, 12: 2.43197227711069, 13: 0.42198271388101466, 14: 2.421206027002315, 15: 5.935475373535048, 16: 0.4325229167712963, 17: 2.4156085169339523, 18: 6.934760827480472, 19: 3.9129913762942854, 20: 0.9135091903206396, 21: 5.9065879524905185, 22: 3.8717571502266352, 23: 0.3822502978555399, 24: 2.377180624547182, 25: 1.8853659048316609, 26: 1.4431522338329457, 27: 1.4224011655072601, 28: 0.41800320469339114, 29: 2.475491855794401, 30: 1.8887255592649501, 31: 0.8962586539577684, 32: 5.435360089863876, 33: 1.9359304451252362, 34: 0.43904492680458285, 35: 1.901156940092097, 36: 5.407051696173106, 37: 2.4054539569566105, 38: 0.9090588222839253, 39: 1.4101046163311581, 40: 2.8900567794243455, 41: 1.4205762803322728, 42: 4.412096333477449, 43: 2.9099739993700506, 44: 0.9428268857565136, 45: 1.9041177733228445, 46: 0.9299254588961795, 47: 5.941442674887068, 48: 0.9365157090295222, 49: 3.9352125520988817, 50: 0.4399414029349247, 51: 1.895728126612724, 52: 1.9330982294120318, 53: 4.880468564491849, 54: 2.4373782988012804, 55: 3.454705969243616, 56: 1.415753555357539, 57: 3.9144403473903573, 58: 7.915525180298498, 59: 7.892932437337817, 60: 0.44790818661025256, 61: 1.925642769087248, 62: 2.425246332216549, 63: 0.9367758951325345, 64: 1.4128561585691313, 65: 5.934247353141799, 66: 0.9151225677452506, 67: 3.40661298761682, 68: 5.9316079664965855, 69: 0.9189713076007564, 70: 2.4360885581721647, 71: 3.3929775030281393, 72: 5.435369788588158, 73: 0.4448997676224662, 74: 1.445998181725487, 75: 0.9289454727557083, 76: 0.9312039429583976, 77: 1.4134289179438069, 78: 1.9026402407225744, 79: 3.9513808889438575, 80: 0.43142805067365897, 81: 1.429720844127151, 82: 0.8889924022538715, 83: 2.9320282647512412, 84: 2.439535775747927, 85: 2.893556134855672, 86: 0.42643547864139464, 87: 0.40598313332619873, 88: 5.395050245896788, 89: 0.41345409824385104, 90: 0.9395146166293808, 91: 0.4037777343208988, 92: 4.424061683032285, 93: 1.911495454487218, 94: 6.917603215753601, 95: 3.936334357768109, 96: 0.44088276926186243, 97: 2.4388404968579414, 98: 2.9377220916845412, 99: 3.9341421624034654}
2025-01-28 06:09:42 - WARNING  - Sum of s_i: 256.5939697166133
2025-01-28 06:10:00 - WARNING  - Shapley share: {52: -0.10000000000000009, 15: -0.34999999999999976, 19: -0.15000000000000013, 66: -0.3500000000000003, 78: -0.2999999999999997, 47: -0.40000000000000036, 26: -0.5500000000000005, 65: -0.7500000000000007, 98: -0.6, 23: -0.6}
2025-01-28 06:10:04 - WARNING  - Epoch:   349. Accuracy: Top-1: 82.90 | Loss: value: 0.50
2025-01-28 06:10:04 - WARNING  - Epoch 349
2025-01-28 06:10:04 - WARNING  - s_i: {0: 3.4095373504960755, 1: 6.424325746323584, 2: 0.936915065467681, 3: 0.9165982590398585, 4: 2.902990281023652, 5: 1.4653095122580626, 6: 4.4473931462798975, 7: 0.40037477895511775, 8: 3.4224615651070422, 9: 3.9240567358914067, 10: 1.431898392693181, 11: 3.4005432112446488, 12: 2.43197227711069, 13: 0.42198271388101466, 14: 2.421206027002315, 15: 2.431173731770719, 16: 0.4325229167712963, 17: 2.4156085169339523, 18: 6.934760827480472, 19: 2.4088481084987734, 20: 0.9135091903206396, 21: 5.9065879524905185, 22: 3.8717571502266352, 23: 0.3822502978555399, 24: 2.377180624547182, 25: 1.8853659048316609, 26: 1.4431522338329457, 27: 1.4224011655072601, 28: 0.41800320469339114, 29: 2.475491855794401, 30: 1.8887255592649501, 31: 0.8962586539577684, 32: 5.435360089863876, 33: 1.9359304451252362, 34: 0.43904492680458285, 35: 1.901156940092097, 36: 5.407051696173106, 37: 2.4054539569566105, 38: 0.9090588222839253, 39: 1.4101046163311581, 40: 2.8900567794243455, 41: 1.4205762803322728, 42: 4.412096333477449, 43: 2.9099739993700506, 44: 0.9428268857565136, 45: 1.9041177733228445, 46: 0.9299254588961795, 47: 1.9365628977943201, 48: 0.9365157090295222, 49: 3.9352125520988817, 50: 0.4399414029349247, 51: 1.895728126612724, 52: 0.9283195315128909, 53: 4.880468564491849, 54: 2.4373782988012804, 55: 3.454705969243616, 56: 1.415753555357539, 57: 3.9144403473903573, 58: 7.915525180298498, 59: 7.892932437337817, 60: 0.44790818661025256, 61: 1.925642769087248, 62: 2.425246332216549, 63: 0.9367758951325345, 64: 1.4128561585691313, 65: 5.934247353141799, 66: 0.9151225677452506, 67: 3.40661298761682, 68: 5.9316079664965855, 69: 0.9189713076007564, 70: 2.4360885581721647, 71: 3.3929775030281393, 72: 5.435369788588158, 73: 0.4448997676224662, 74: 1.445998181725487, 75: 0.9289454727557083, 76: 0.9312039429583976, 77: 1.4134289179438069, 78: 1.9026402407225744, 79: 3.9513808889438575, 80: 0.43142805067365897, 81: 1.429720844127151, 82: 0.8889924022538715, 83: 2.9320282647512412, 84: 2.439535775747927, 85: 2.893556134855672, 86: 0.42643547864139464, 87: 0.40598313332619873, 88: 5.395050245896788, 89: 0.41345409824385104, 90: 0.9395146166293808, 91: 0.4037777343208988, 92: 4.424061683032285, 93: 1.911495454487218, 94: 6.917603215753601, 95: 3.936334357768109, 96: 0.44088276926186243, 97: 2.4388404968579414, 98: 2.9377220916845412, 99: 3.9341421624034654}
2025-01-28 06:10:04 - WARNING  - Sum of s_i: 246.57586633206154
2025-01-28 06:10:24 - WARNING  - Shapley share: {83: -0.050000000000000044, 32: -0.20000000000000018, 62: -0.20000000000000018, 59: 0.15000000000000013, 58: -0.050000000000000044, 27: 0.20000000000000018, 76: -0.10000000000000009, 5: -0.050000000000000044, 84: 0.10000000000000009, 94: -0.10000000000000009}
2025-01-28 06:10:29 - WARNING  - Epoch:   350. Accuracy: Top-1: 82.22 | Loss: value: 0.53
2025-01-28 06:10:29 - WARNING  - Epoch 350
2025-01-28 06:10:29 - WARNING  - s_i: {0: 3.4095373504960755, 1: 6.424325746323584, 2: 0.936915065467681, 3: 0.9165982590398585, 4: 2.902990281023652, 5: 0.9603537282949282, 6: 4.4473931462798975, 7: 0.40037477895511775, 8: 3.4224615651070422, 9: 3.9240567358914067, 10: 1.431898392693181, 11: 3.4005432112446488, 12: 2.43197227711069, 13: 0.42198271388101466, 14: 2.421206027002315, 15: 2.431173731770719, 16: 0.4325229167712963, 17: 2.4156085169339523, 18: 6.934760827480472, 19: 2.4088481084987734, 20: 0.9135091903206396, 21: 5.9065879524905185, 22: 3.8717571502266352, 23: 0.3822502978555399, 24: 2.377180624547182, 25: 1.8853659048316609, 26: 1.4431522338329457, 27: 3.4180901191465543, 28: 0.41800320469339114, 29: 2.475491855794401, 30: 1.8887255592649501, 31: 0.8962586539577684, 32: 3.4310507625214655, 33: 1.9359304451252362, 34: 0.43904492680458285, 35: 1.901156940092097, 36: 5.407051696173106, 37: 2.4054539569566105, 38: 0.9090588222839253, 39: 1.4101046163311581, 40: 2.8900567794243455, 41: 1.4205762803322728, 42: 4.412096333477449, 43: 2.9099739993700506, 44: 0.9428268857565136, 45: 1.9041177733228445, 46: 0.9299254588961795, 47: 1.9365628977943201, 48: 0.9365157090295222, 49: 3.9352125520988817, 50: 0.4399414029349247, 51: 1.895728126612724, 52: 0.9283195315128909, 53: 4.880468564491849, 54: 2.4373782988012804, 55: 3.454705969243616, 56: 1.415753555357539, 57: 3.9144403473903573, 58: 7.410556073257232, 59: 7.892932437337817, 60: 0.44790818661025256, 61: 1.925642769087248, 62: 0.4208490576410484, 63: 0.9367758951325345, 64: 1.4128561585691313, 65: 5.934247353141799, 66: 0.9151225677452506, 67: 3.40661298761682, 68: 5.9316079664965855, 69: 0.9189713076007564, 70: 2.4360885581721647, 71: 3.3929775030281393, 72: 5.435369788588158, 73: 0.4448997676224662, 74: 1.445998181725487, 75: 0.9289454727557083, 76: 0.9312039429583976, 77: 1.4134289179438069, 78: 1.9026402407225744, 79: 3.9513808889438575, 80: 0.43142805067365897, 81: 1.429720844127151, 82: 0.8889924022538715, 83: 2.4274968157346564, 84: 3.434884681574692, 85: 2.893556134855672, 86: 0.42643547864139464, 87: 0.40598313332619873, 88: 5.395050245896788, 89: 0.41345409824385104, 90: 0.9395146166293808, 91: 0.4037777343208988, 92: 4.424061683032285, 93: 1.911495454487218, 94: 5.913266542898525, 95: 3.936334357768109, 96: 0.44088276926186243, 97: 2.4388404968579414, 98: 2.9377220916845412, 99: 3.9341421624034654}
2025-01-28 06:10:29 - WARNING  - Sum of s_i: 243.03940457673363
2025-01-28 06:10:34 - WARNING  - The sum of accs: 77.0
2025-01-28 06:10:34 - WARNING  - The welfare is 76.88989449311364
CUDA avaiable? True
Files already downloaded and verified
Files already downloaded and verified
Sum of train  800
Sum of test  200
fl_total_participants:  100
Length of Loader 100
Length of Loader 100
Length of Loader 100
Length of Loader 100
Length of Loader 100
Length of Loader 100
Length of Loader 100
Length of Loader 100
Length of Loader 100
Length of Loader 100
Length of Loader 100
Length of Loader 100
Length of Loader 100
Length of Loader 100
Length of Loader 100
Length of Loader 100
Length of Loader 100
Length of Loader 100
Length of Loader 100
Length of Loader 100
Length of Loader 100
Length of Loader 100
Length of Loader 100
Length of Loader 100
Length of Loader 100
Length of Loader 100
Length of Loader 100
Length of Loader 100
Length of Loader 100
Length of Loader 100
Length of Loader 100
Length of Loader 100
Length of Loader 100
Length of Loader 100
Length of Loader 100
Length of Loader 100
Length of Loader 100
Length of Loader 100
Length of Loader 100
Length of Loader 100
Length of Loader 100
Length of Loader 100
Length of Loader 100
Length of Loader 100
Length of Loader 100
Length of Loader 100
Length of Loader 100
Length of Loader 100
Length of Loader 100
Length of Loader 100
Length of Loader 100
Length of Loader 100
Length of Loader 100
Length of Loader 100
Length of Loader 100
Length of Loader 100
Length of Loader 100
Length of Loader 100
Length of Loader 100
Length of Loader 100
Length of Loader 100
Length of Loader 100
Length of Loader 100
Length of Loader 100
Length of Loader 100
Length of Loader 100
Length of Loader 100
Length of Loader 100
Length of Loader 100
Length of Loader 100
Length of Loader 100
Length of Loader 100
Length of Loader 100
Length of Loader 100
Length of Loader 100
Length of Loader 100
Length of Loader 100
Length of Loader 100
Length of Loader 100
Length of Loader 100
Length of Loader 100
Length of Loader 100
Length of Loader 100
Length of Loader 100
Length of Loader 100
Length of Loader 100
Length of Loader 100
Length of Loader 100
Length of Loader 100
Length of Loader 100
Length of Loader 100
Length of Loader 100
Length of Loader 100
Length of Loader 100
Length of Loader 100
Length of Loader 100
Length of Loader 100
Length of Loader 100
Length of Loader 100
Length of Loader 100
Length of Loader 100
Length of Loader 100
Length of Loader 100
Length of Loader 100
Length of Loader 100
Length of Loader 100
Length of Loader 100
Length of Loader 100
Length of Loader 100
Length of Loader 100
Length of Loader 100
Length of Loader 100
Length of Loader 100
Length of Loader 100
Length of Loader 100
Length of Loader 100
Length of Loader 100
Length of Loader 100
Length of Loader 100
Length of Loader 100
Length of Loader 100
Length of Loader 100
Length of Loader 100
Length of Loader 100
Length of Loader 100
Length of Loader 100
Length of Loader 100
Length of Loader 100
Length of Loader 100
Length of Loader 100
Length of Loader 100
Length of Loader 100
Length of Loader 100
Length of Loader 100
Length of Loader 100
Length of Loader 100
Length of Loader 100
Length of Loader 100
Length of Loader 100
Length of Loader 100
Length of Loader 100
Length of Loader 100
Length of Loader 100
Length of Loader 100
Length of Loader 100
Length of Loader 100
Length of Loader 100
Length of Loader 100
Length of Loader 100
Length of Loader 100
Length of Loader 100
Length of Loader 100
Length of Loader 100
Length of Loader 100
Length of Loader 100
Length of Loader 100
Length of Loader 100
Length of Loader 100
Length of Loader 100
Length of Loader 100
Length of Loader 100
Length of Loader 100
Length of Loader 100
Length of Loader 100
Length of Loader 100
Length of Loader 100
Length of Loader 100
Length of Loader 100
Length of Loader 100
Length of Loader 100
Length of Loader 100
Length of Loader 100
Length of Loader 100
Length of Loader 100
Length of Loader 100
Length of Loader 100
Length of Loader 100
Length of Loader 100
Length of Loader 100
Length of Loader 100
Length of Loader 100
Length of Loader 100
Length of Loader 100
Length of Loader 100
Length of Loader 100
Length of Loader 100
Length of Loader 100
Length of Loader 100
Length of Loader 100
Length of Loader 100
Length of Loader 100
Length of Loader 100
Length of Loader 100
Length of Loader 100
Length of Loader 100
Length of Loader 100
Length of Loader 100
Length of Loader 100
Length of Loader 100
Length of Loader 100
Length of Loader 100
Length of Loader 100
Length of Loader 100
Length of Loader 100
Length of Loader 100
Length of Loader 100
Length of Loader 100
Length of Loader 100
Length of Loader 100
Length of Loader 100
Length of Loader 100
Length of Loader 100
Length of Loader 100
Length of Loader 100
Length of Loader 100
Length of Loader 100
Length of Loader 100
Length of Loader 100
Length of Loader 100
Length of Loader 100
Length of Loader 100
Length of Loader 100
Length of Loader 100
Length of Loader 100
Length of Loader 100
Length of Loader 100
Length of Loader 100
Length of Loader 100
Length of Loader 100
Length of Loader 100
Length of Loader 100
Length of Loader 100
Length of Loader 100
Length of Loader 100
Length of Loader 100
Length of Loader 100
Length of Loader 100
Length of Loader 100
Length of Loader 100
Length of Loader 100
Length of Loader 100
Length of Loader 100
Length of Loader 100
Length of Loader 100
Length of Loader 100
Length of Loader 100
Length of Loader 100
Length of Loader 100
Length of Loader 100
Length of Loader 100
Length of Loader 100
Length of Loader 100
Length of Loader 100
Length of Loader 100
Length of Loader 100
Length of Loader 100
Length of Loader 100
Length of Loader 100
Length of Loader 100
Length of Loader 100
Length of Loader 100
Length of Loader 100
Length of Loader 100
Length of Loader 100
Length of Loader 100
Length of Loader 100
Length of Loader 100
Length of Loader 100
Length of Loader 100
Length of Loader 100
Length of Loader 100
Length of Loader 100
Length of Loader 100
Length of Loader 100
Length of Loader 100
Length of Loader 100
Length of Loader 100
Length of Loader 100
Length of Loader 100
Length of Loader 100
Length of Loader 100
Length of Loader 100
Length of Loader 100
Length of Loader 100
Length of Loader 100
Length of Loader 100
Length of Loader 100
Length of Loader 100
Length of Loader 100
Length of Loader 100
Length of Loader 100
Length of Loader 100
Length of Loader 100
Length of Loader 100
Length of Loader 100
Length of Loader 100
Length of Loader 100
Length of Loader 100
Length of Loader 100
Length of Loader 100
Length of Loader 100
Length of Loader 100
Length of Loader 100
Length of Loader 100
Length of Loader 100
Length of Loader 100
Length of Loader 100
Length of Loader 100
Length of Loader 100
Length of Loader 100
Length of Loader 100
Length of Loader 100
Length of Loader 100
Length of Loader 100
Length of Loader 100
Length of Loader 100
Length of Loader 100
Length of Loader 100
Length of Loader 100
Length of Loader 100
Length of Loader 100
Length of Loader 100
Length of Loader 100
Length of Loader 100
Length of Loader 100
Length of Loader 100
Length of Loader 100
Length of Loader 100
Length of Loader 100
Length of Loader 100
Length of Loader 100
Length of Loader 100
Length of Loader 100
Length of Loader 100
Length of Loader 100
Length of Loader 100
Length of Loader 100
Length of Loader 100
Length of Loader 100
Length of Loader 100
Length of Loader 100
Length of Loader 100
Length of Loader 100
Length of Loader 100
Length of Loader 100
Length of Loader 100
Length of Loader 100
Length of Loader 100
Length of Loader 100
Length of Loader 100
