2025-01-27 08:01:16 - WARNING  - Logging to: saved_models/model_CifarFed_Jan.27_08.01.16_cifar
2025-01-27 08:01:16 - ERROR    - LINK: <a href="https://github.com/ebagdasa/backdoors/tree/None">https://github.com/ebagdasa/backdoors/tree/None</a>
2025-01-27 08:01:19 - WARNING  - Running vanilla FL, no attack.
2025-01-27 08:01:19 - WARNING  - | name | value | 
 |-----|-----|
| task | CifarFed |
| synthesizer | Pattern |
| batch_size | 64 |
| test_batch_size | 100 |
| lr | 0.1 |
| momentum | 0.9 |
| decay | 0.0005 |
| epochs | 350 |
| save_on_epochs | [] |
| optimizer | SGD |
| log_interval | 100 |
| pretrained | False |
| scheduler | False |
| poisoning_proportion | 0.5 |
| backdoor_label | 8 |
| loss_balance | MGDA |
| mgda_normalize | none |
| save_model | True |
| log | True |
| tb | True |
| report_train_loss | False |
| transform_train | True |
| fl | True |
| fl_no_models | 10 |
| fl_local_epochs | 2 |
| fl_total_participants | 100 |
| fl_eta | 10 |
| fl_sample_dirichlet | False |
| fl_dirichlet_alpha | None |
| fl_diff_privacy | False |
| fl_dp_clip | None |
| fl_dp_noise | None |
| fl_number_of_adversaries | 0 |
| fl_weight_scale | 100 |
| loss_tasks | ['backdoor', 'normal'] |
| current_time | Jan.27_08.01.16 |
| name | cifar |
| method | br-shap |
2025-01-27 08:01:19 - INFO     - Successfully union all testing data!
2025-01-27 08:01:41 - WARNING  - Epoch:     1. Accuracy: Top-1: 10.00 | Loss: value: 2.30
2025-01-27 08:01:41 - WARNING  - Epoch 1
2025-01-27 08:01:41 - WARNING  - s_i: {0: 1.0, 1: 1.0, 2: 1.0, 3: 1.0, 4: 1.0, 5: 1.0, 6: 1.0, 7: 1.0, 8: 1.0, 9: 1.0, 10: 1.0, 11: 1.0, 12: 1.0, 13: 1.0, 14: 1.0, 15: 1.0, 16: 1.0, 17: 1.0, 18: 3.495117448218519, 19: 3.995150161506608, 20: 1.0, 21: 1.0, 22: 1.0, 23: 1.0, 24: 1.0, 25: 1.0, 26: 1.0, 27: 1.0, 28: 1.0, 29: 2.495937258100359, 30: 1.0, 31: 1.0, 32: 1.0, 33: 1.0, 34: 1.0, 35: 1.0, 36: 1.0, 37: 1.0, 38: 1.0, 39: 1.0, 40: 1.0, 41: 1.0, 42: 1.0, 43: 1.0, 44: 1.0, 45: 1.0, 46: 1.0, 47: 1.0, 48: 1.0, 49: 1.0, 50: 1.0, 51: 1.0, 52: 1.0, 53: 1.0, 54: 1.0, 55: 1.0, 56: 1.0, 57: 1.9958349657093093, 58: 1.0, 59: 1.0, 60: 1.0, 61: 1.0, 62: 1.0, 63: 1.0, 64: 1.0, 65: 1.0, 66: 1.0, 67: 1.0, 68: 1.0, 69: 1.0, 70: 1.0, 71: 1.0, 72: 1.0, 73: 1.0, 74: 0.9956812944148304, 75: 1.0, 76: 1.0, 77: 1.0, 78: 1.0, 79: 1.0, 80: 1.0, 81: 1.0, 82: 1.0, 83: 1.0, 84: 1.0, 85: 1.0, 86: 1.0, 87: 1.0, 88: 0.9958152092834401, 89: 1.0, 90: 1.0, 91: 1.0, 92: 1.0, 93: 1.0, 94: 1.0, 95: 1.0, 96: 1.0, 97: 1.0, 98: 1.0, 99: 1.0}
2025-01-27 08:01:41 - WARNING  - Sum of s_i: 107.97353633723307
2025-01-27 08:02:04 - WARNING  - Epoch:     2. Accuracy: Top-1: 10.00 | Loss: value: 2.35
2025-01-27 08:02:04 - WARNING  - Epoch 2
2025-01-27 08:02:04 - WARNING  - s_i: {0: 1.0, 1: 1.0, 2: 1.0, 3: 1.0, 4: 1.0, 5: 1.0, 6: 1.0, 7: 1.0, 8: 1.0, 9: 1.0, 10: 1.0, 11: 1.0, 12: 1.0, 13: 3.4959836995331317, 14: 1.0, 15: 1.0, 16: 1.0, 17: 1.0, 18: 3.495117448218519, 19: 3.995150161506608, 20: 1.0, 21: 2.4954416293900064, 22: 1.0, 23: 1.0, 24: 1.0, 25: 1.0, 26: 1.0, 27: 1.0, 28: 1.0, 29: 2.495937258100359, 30: 1.0, 31: 1.0, 32: 1.0, 33: 1.0, 34: 1.0, 35: 1.0, 36: 1.0, 37: 1.0, 38: 1.0, 39: 1.0, 40: 1.0, 41: 5.995472387455696, 42: 1.0, 43: 1.0, 44: 1.0, 45: 1.0, 46: 1.0, 47: 1.0, 48: 1.0, 49: 1.0, 50: 1.0, 51: 1.0, 52: 1.0, 53: 1.0, 54: 1.0, 55: 1.0, 56: 1.0, 57: 1.9958349657093093, 58: 1.0, 59: 1.0, 60: 1.9951646421194948, 61: 1.0, 62: 1.0, 63: 1.0, 64: 1.0, 65: 1.0, 66: 1.0, 67: 1.0, 68: 1.0, 69: 1.9957234627471736, 70: 1.0, 71: 1.0, 72: 1.0, 73: 1.0, 74: 0.9956812944148304, 75: 1.0, 76: 1.0, 77: 1.0, 78: 1.0, 79: 1.0, 80: 1.0, 81: 1.0, 82: 1.0, 83: 1.0, 84: 1.0, 85: 1.9954493743134487, 86: 1.0, 87: 1.0, 88: 0.9958152092834401, 89: 1.0, 90: 1.0, 91: 1.0, 92: 1.0, 93: 1.0, 94: 2.9952488610131995, 95: 1.0, 96: 1.0, 97: 1.0, 98: 1.0, 99: 5.495984563406328}
2025-01-27 08:02:04 - WARNING  - Sum of s_i: 126.43800495721155
2025-01-27 08:02:25 - WARNING  - Epoch:     3. Accuracy: Top-1: 11.58 | Loss: value: 8.42
2025-01-27 08:02:25 - WARNING  - Epoch 3
2025-01-27 08:02:25 - WARNING  - s_i: {0: 1.0, 1: 1.0, 2: 1.0, 3: 1.0, 4: 1.0, 5: 1.0, 6: 2.49564646139744, 7: 1.0, 8: 1.0, 9: 1.0, 10: 2.9959403821796666, 11: 1.0, 12: 1.0, 13: 3.4959836995331317, 14: 1.0, 15: 1.0, 16: 1.0, 17: 1.0, 18: 3.495117448218519, 19: 3.995150161506608, 20: 1.0, 21: 2.4954416293900064, 22: 1.0, 23: 1.0, 24: 1.0, 25: 1.0, 26: 1.0, 27: 1.0, 28: 1.0, 29: 2.495937258100359, 30: 1.0, 31: 1.0, 32: 1.0, 33: 1.0, 34: 1.0, 35: 1.0, 36: 1.0, 37: 1.0, 38: 1.0, 39: 1.0, 40: 1.0, 41: 5.995472387455696, 42: 1.0, 43: 1.0, 44: 1.0, 45: 1.0, 46: 1.0, 47: 1.0, 48: 1.0, 49: 1.0, 50: 1.0, 51: 0.9957305159817237, 52: 1.0, 53: 1.0, 54: 1.0, 55: 1.0, 56: 1.0, 57: 1.9958349657093093, 58: 1.0, 59: 1.0, 60: 1.9951646421194948, 61: 1.0, 62: 1.0, 63: 1.0, 64: 1.0, 65: 1.0, 66: 1.0, 67: 1.0, 68: 1.0, 69: 1.9957234627471736, 70: 1.0, 71: 1.0, 72: 1.0, 73: 1.0, 74: 0.9956812944148304, 75: 1.0, 76: 1.0, 77: 1.0, 78: 1.0, 79: 1.995966052433651, 80: 1.0, 81: 1.0, 82: 1.0, 83: 1.0, 84: 1.0, 85: 1.9954493743134487, 86: 1.0, 87: 1.0, 88: 0.9958152092834401, 89: 1.0, 90: 1.0, 91: 1.0, 92: 1.0, 93: 1.0, 94: 2.9952488610131995, 95: 1.0, 96: 1.0, 97: 1.0, 98: 1.0, 99: 5.495984563406328}
2025-01-27 08:02:25 - WARNING  - Sum of s_i: 130.92128836920404
2025-01-27 08:02:47 - WARNING  - Epoch:     4. Accuracy: Top-1: 11.66 | Loss: value: 12.29
2025-01-27 08:02:47 - WARNING  - Epoch 4
2025-01-27 08:02:47 - WARNING  - s_i: {0: 1.0, 1: 1.0, 2: 1.0, 3: 1.0, 4: 1.0, 5: 1.9955247742933482, 6: 2.49564646139744, 7: 1.0, 8: 1.0, 9: 1.0, 10: 2.9959403821796666, 11: 1.0, 12: 1.0, 13: 3.4959836995331317, 14: 1.0, 15: 1.0, 16: 1.0, 17: 1.0, 18: 3.495117448218519, 19: 3.4903003230132157, 20: 1.0, 21: 2.4954416293900064, 22: 1.0, 23: 1.0, 24: 1.0, 25: 1.0, 26: 1.0, 27: 1.0, 28: 1.0, 29: 2.495937258100359, 30: 1.0, 31: 1.0, 32: 1.0, 33: 1.0, 34: 1.0, 35: 1.0, 36: 1.0, 37: 1.0, 38: 1.9957926465391742, 39: 1.0, 40: 1.0, 41: 5.995472387455696, 42: 1.0, 43: 1.0, 44: 1.0, 45: 1.0, 46: 1.0, 47: 1.0, 48: 1.0, 49: 1.0, 50: 2.995557991818608, 51: 0.9957305159817237, 52: 1.0, 53: 1.0, 54: 1.0, 55: 1.4950357444552866, 56: 1.0, 57: 1.9958349657093093, 58: 1.0, 59: 1.0, 60: 1.9951646421194948, 61: 1.0, 62: 1.0, 63: 1.0, 64: 1.495471493270208, 65: 1.0, 66: 1.0, 67: 1.0, 68: 1.0, 69: 1.9957234627471736, 70: 1.0, 71: 1.0, 72: 1.0, 73: 1.0, 74: 0.9956812944148304, 75: 1.0, 76: 1.0, 77: 1.0, 78: 1.0, 79: 1.995966052433651, 80: 1.0, 81: 1.4950059043984332, 82: 1.0, 83: 2.9953166766030175, 84: 1.0, 85: 1.9954493743134487, 86: 1.0, 87: 1.0, 88: 0.9958152092834401, 89: 1.0, 90: 1.0, 91: 1.0, 92: 1.0, 93: 1.0, 94: 2.9904977220264, 95: 1.0, 96: 1.0, 97: 0.9950227062840168, 98: 1.0, 99: 5.495984563406328}
2025-01-27 08:02:47 - WARNING  - Sum of s_i: 137.87441532938593
2025-01-27 08:03:08 - WARNING  - Epoch:     5. Accuracy: Top-1: 11.45 | Loss: value: 5.68
2025-01-27 08:03:08 - WARNING  - Epoch 5
2025-01-27 08:03:08 - WARNING  - s_i: {0: 1.0, 1: 1.0, 2: 1.0, 3: 1.4955391269153355, 4: 1.0, 5: 1.9955247742933482, 6: 2.49564646139744, 7: 1.0, 8: 1.0, 9: 1.0, 10: 2.9959403821796666, 11: 1.0, 12: 1.0, 13: 3.4959836995331317, 14: 1.0, 15: 1.0, 16: 1.0, 17: 1.0, 18: 3.495117448218519, 19: 3.4903003230132157, 20: 1.0, 21: 2.4954416293900064, 22: 1.0, 23: 1.0, 24: 1.0, 25: 1.0, 26: 3.995777377219553, 27: 1.0, 28: 1.0, 29: 2.495937258100359, 30: 1.0, 31: 1.0, 32: 1.0, 33: 1.0, 34: 1.0, 35: 1.0, 36: 1.0, 37: 4.495995596661886, 38: 1.9957926465391742, 39: 1.0, 40: 1.0, 41: 5.995472387455696, 42: 1.0, 43: 1.0, 44: 1.0, 45: 1.0, 46: 1.0, 47: 1.0, 48: 1.0, 49: 1.0, 50: 2.995557991818608, 51: 4.991461031963447, 52: 1.0, 53: 1.0, 54: 1.0, 55: 0.4900714889105735, 56: 4.995820387178899, 57: 1.9958349657093093, 58: 1.0, 59: 1.0, 60: 1.9951646421194948, 61: 1.0, 62: 1.0, 63: 1.0, 64: 1.495471493270208, 65: 1.0, 66: 1.0, 67: 1.0, 68: 1.0, 69: 1.9957234627471736, 70: 7.995102670946368, 71: 1.0, 72: 1.0, 73: 1.0, 74: 0.9956812944148304, 75: 1.0, 76: 1.0, 77: 1.0, 78: 1.0, 79: 6.991932104867302, 80: 1.0, 81: 1.4950059043984332, 82: 1.0, 83: 2.9953166766030175, 84: 7.995633141798717, 85: 1.9954493743134487, 86: 1.0, 87: 1.0, 88: 0.9958152092834401, 89: 1.0, 90: 1.0, 91: 1.0, 92: 1.0, 93: 1.0, 94: 2.9904977220264, 95: 1.0, 96: 1.0, 97: 0.9950227062840168, 98: 1.0, 99: 5.495984563406328}
2025-01-27 08:03:08 - WARNING  - Sum of s_i: 170.83501594297735
2025-01-27 08:03:31 - WARNING  - Epoch:     6. Accuracy: Top-1: 13.99 | Loss: value: 2.74
2025-01-27 08:03:31 - WARNING  - Epoch 6
2025-01-27 08:03:31 - WARNING  - s_i: {0: 1.0, 1: 1.0, 2: 1.0, 3: 1.4955391269153355, 4: 1.0, 5: 1.9955247742933482, 6: 2.49564646139744, 7: 1.0, 8: 1.0, 9: 1.0, 10: 2.9918807643593324, 11: 1.0, 12: 1.0, 13: 3.4959836995331317, 14: 1.0, 15: 1.0, 16: 1.0, 17: 1.0, 18: 3.495117448218519, 19: 3.4903003230132157, 20: 1.0, 21: 2.4954416293900064, 22: 1.0, 23: 1.0, 24: 1.0, 25: 1.0, 26: 3.995777377219553, 27: 0.4953003458067059, 28: 1.0, 29: 2.495937258100359, 30: 1.0, 31: 1.0, 32: 1.0, 33: 1.0, 34: 1.0, 35: 1.0, 36: 1.0, 37: 4.495995596661886, 38: 1.9957926465391742, 39: 1.0, 40: 1.0, 41: 5.995472387455696, 42: 1.0, 43: 1.0, 44: 1.0, 45: 1.0, 46: 1.0, 47: 1.0, 48: 1.0, 49: 1.0, 50: 5.491115983637215, 51: 4.991461031963447, 52: 1.0, 53: 1.0, 54: 1.0, 55: 0.4900714889105735, 56: 4.995820387178899, 57: 1.9958349657093093, 58: 1.0, 59: 1.0, 60: 1.9951646421194948, 61: 1.0, 62: 1.0, 63: 1.0, 64: 1.495471493270208, 65: 1.0, 66: 1.0, 67: 1.0, 68: 1.0, 69: 1.9957234627471736, 70: 7.995102670946368, 71: 1.0, 72: 1.0, 73: 1.0, 74: 0.9913625888296609, 75: 1.0, 76: 1.0, 77: 1.0, 78: 1.0, 79: 6.991932104867302, 80: 1.4952813199103712, 81: 1.4950059043984332, 82: 1.0, 83: 2.9953166766030175, 84: 7.995633141798717, 85: 1.9954493743134487, 86: 0.4958723895003708, 87: 0.9955164629447951, 88: 0.9958152092834401, 89: 1.0, 90: 1.0, 91: 1.0, 92: 1.0, 93: 1.0, 94: 2.9904977220264, 95: 1.0, 96: 1.0, 97: 0.9950227062840168, 98: 1.0, 99: 0.9919691268126556}
2025-01-27 08:03:31 - WARNING  - Sum of s_i: 168.30015069295902
2025-01-27 08:03:52 - WARNING  - Epoch:     7. Accuracy: Top-1: 15.03 | Loss: value: 2.28
2025-01-27 08:03:52 - WARNING  - Epoch 7
2025-01-27 08:03:52 - WARNING  - s_i: {0: 1.0, 1: 1.0, 2: 1.0, 3: 1.4955391269153355, 4: 3.4953547965489338, 5: 1.9955247742933482, 6: 2.49564646139744, 7: 1.0, 8: 1.0, 9: 1.0, 10: 2.9918807643593324, 11: 1.0, 12: 1.0, 13: 3.4959836995331317, 14: 1.0, 15: 1.0, 16: 1.0, 17: 1.0, 18: 3.495117448218519, 19: 3.4903003230132157, 20: 1.0, 21: 2.4954416293900064, 22: 1.0, 23: 1.9950609487172408, 24: 1.0, 25: 1.0, 26: 3.995777377219553, 27: 0.4953003458067059, 28: 1.0, 29: 2.495937258100359, 30: 1.0, 31: 1.0, 32: 1.0, 33: 3.995280709709027, 34: 1.0, 35: 1.0, 36: 1.0, 37: 4.495995596661886, 38: 1.9957926465391742, 39: 1.0, 40: 1.0, 41: 5.995472387455696, 42: 1.0, 43: 1.0, 44: 1.0, 45: 1.0, 46: 1.0, 47: 1.0, 48: 1.0, 49: 1.0, 50: 5.491115983637215, 51: 4.991461031963447, 52: 1.0, 53: 1.0, 54: 1.0, 55: 0.4900714889105735, 56: 4.995820387178899, 57: 1.9958349657093093, 58: 1.0, 59: 1.0, 60: 4.990329284238991, 61: 1.0, 62: 1.0, 63: 1.0, 64: 1.495471493270208, 65: 1.0, 66: 1.0, 67: 1.0, 68: 1.0, 69: 1.9957234627471736, 70: 7.995102670946368, 71: 1.0, 72: 1.0, 73: 1.0, 74: 0.9913625888296609, 75: 1.0, 76: 1.0, 77: 1.0, 78: 1.0, 79: 6.991932104867302, 80: 1.4952813199103712, 81: 1.4950059043984332, 82: 0.995433193774412, 83: 2.9953166766030175, 84: 7.995633141798717, 85: 1.9954493743134487, 86: 0.4958723895003708, 87: 0.9955164629447951, 88: 0.9958152092834401, 89: 1.0, 90: 1.0, 91: 1.0, 92: 1.0, 93: 1.0, 94: 2.9904977220264, 95: 1.0, 96: 1.0, 97: 0.9950227062840168, 98: 1.0, 99: 0.9919691268126556}
2025-01-27 08:03:52 - WARNING  - Sum of s_i: 177.77644498382813
2025-01-27 08:04:14 - WARNING  - Epoch:     8. Accuracy: Top-1: 13.22 | Loss: value: 2.40
2025-01-27 08:04:14 - WARNING  - Epoch 8
2025-01-27 08:04:14 - WARNING  - s_i: {0: 1.0, 1: 1.0, 2: 1.0, 3: 1.4955391269153355, 4: 3.4953547965489338, 5: 1.9955247742933482, 6: 2.49564646139744, 7: 1.0, 8: 1.0, 9: 1.0, 10: 2.9918807643593324, 11: 1.0, 12: 1.0, 13: 3.4959836995331317, 14: 1.0, 15: 7.995445829631671, 16: 1.0, 17: 1.0, 18: 3.495117448218519, 19: 3.4903003230132157, 20: 1.0, 21: 2.4954416293900064, 22: 1.0, 23: 1.9950609487172408, 24: 1.0, 25: 1.0, 26: 3.995777377219553, 27: 0.4953003458067059, 28: 1.0, 29: 2.495937258100359, 30: 1.0, 31: 1.0, 32: 1.0, 33: 3.995280709709027, 34: 1.0, 35: 1.0, 36: 1.0, 37: 4.495995596661886, 38: 1.9957926465391742, 39: 1.0, 40: 1.0, 41: 5.995472387455696, 42: 1.0, 43: 7.495506798815182, 44: 1.0, 45: 1.0, 46: 1.0, 47: 1.0, 48: 1.0, 49: 1.0, 50: 5.491115983637215, 51: 4.991461031963447, 52: 1.0, 53: 1.0, 54: 1.0, 55: 0.4900714889105735, 56: 4.995820387178899, 57: 1.9958349657093093, 58: 1.0, 59: 1.0, 60: 4.990329284238991, 61: 1.0, 62: 1.0, 63: 1.0, 64: 1.495471493270208, 65: 1.0, 66: 1.0, 67: 1.0, 68: 1.0, 69: 1.9957234627471736, 70: 7.995102670946368, 71: 1.0, 72: 1.0, 73: 1.0, 74: 0.9913625888296609, 75: 1.0, 76: 1.0, 77: 1.0, 78: 2.9955779547359302, 79: 6.991932104867302, 80: 1.4952813199103712, 81: 1.4950059043984332, 82: 0.995433193774412, 83: 2.9953166766030175, 84: 7.995633141798717, 85: 1.9954493743134487, 86: 0.4958723895003708, 87: 0.9955164629447951, 88: 0.9958152092834401, 89: 1.0, 90: 1.0, 91: 1.0, 92: 1.0, 93: 1.0, 94: 2.9904977220264, 95: 1.0, 96: 1.0, 97: 0.9950227062840168, 98: 1.0, 99: 0.9919691268126556}
2025-01-27 08:04:14 - WARNING  - Sum of s_i: 193.26297556701093
2025-01-27 08:04:39 - WARNING  - Epoch:     9. Accuracy: Top-1: 17.16 | Loss: value: 2.25
2025-01-27 08:04:39 - WARNING  - Epoch 9
2025-01-27 08:04:39 - WARNING  - s_i: {0: 1.0, 1: 1.0, 2: 1.0, 3: 1.4955391269153355, 4: 3.4953547965489338, 5: 1.9955247742933482, 6: 2.49564646139744, 7: 1.0, 8: 1.0, 9: 1.0, 10: 2.9918807643593324, 11: 1.0, 12: 1.0, 13: 3.4959836995331317, 14: 5.995895004685056, 15: 7.995445829631671, 16: 1.0, 17: 1.995877847187866, 18: 3.495117448218519, 19: 3.4903003230132157, 20: 1.0, 21: 2.4954416293900064, 22: 1.0, 23: 1.9950609487172408, 24: 1.0, 25: 1.0, 26: 3.995777377219553, 27: 0.4953003458067059, 28: 1.0, 29: 2.495937258100359, 30: 1.0, 31: 1.0, 32: 1.0, 33: 3.995280709709027, 34: 1.0, 35: 1.0, 36: 5.495278674997401, 37: 4.495995596661886, 38: 1.9957926465391742, 39: 1.0, 40: 1.0, 41: 5.4909447749113935, 42: 1.0, 43: 7.495506798815182, 44: 1.0, 45: 1.0, 46: 1.0, 47: 1.0, 48: 1.0, 49: 1.0, 50: 7.486673975455822, 51: 4.991461031963447, 52: 1.0, 53: 1.0, 54: 1.0, 55: 0.4900714889105735, 56: 4.995820387178899, 57: 1.9958349657093093, 58: 1.0, 59: 1.0, 60: 4.990329284238991, 61: 1.0, 62: 1.0, 63: 1.0, 64: 1.495471493270208, 65: 1.0, 66: 1.0, 67: 3.4954501696728473, 68: 7.495891038337723, 69: 1.9957234627471736, 70: 7.995102670946368, 71: 1.0, 72: 1.0, 73: 1.0, 74: 0.9913625888296609, 75: 1.0, 76: 1.0, 77: 1.0, 78: 2.9955779547359302, 79: 6.991932104867302, 80: 1.4952813199103712, 81: 1.4950059043984332, 82: 0.995433193774412, 83: 2.9953166766030175, 84: 7.995633141798717, 85: 1.9954493743134487, 86: 0.4958723895003708, 87: 0.9955164629447951, 88: 0.9958152092834401, 89: 1.0, 90: 1.0, 91: 1.0, 92: 1.0, 93: 1.0, 94: 2.9904977220264, 95: 1.0, 96: 1.0, 97: 0.9950227062840168, 98: 1.0, 99: 0.9919691268126556}
2025-01-27 08:04:39 - WARNING  - Sum of s_i: 214.2323986811661
2025-01-27 08:05:00 - WARNING  - Epoch:    10. Accuracy: Top-1: 22.63 | Loss: value: 2.05
2025-01-27 08:05:00 - WARNING  - Epoch 10
2025-01-27 08:05:00 - WARNING  - s_i: {0: 1.0, 1: 1.0, 2: 1.0, 3: 1.4955391269153355, 4: 3.4953547965489338, 5: 1.9955247742933482, 6: 2.49564646139744, 7: 1.0, 8: 1.0, 9: 1.0, 10: 2.9918807643593324, 11: 1.0, 12: 1.0, 13: 3.4959836995331317, 14: 5.995895004685056, 15: 7.995445829631671, 16: 1.0, 17: 1.995877847187866, 18: 3.495117448218519, 19: 3.4903003230132157, 20: 1.0, 21: 2.4954416293900064, 22: 1.0, 23: 1.9950609487172408, 24: 1.0, 25: 1.0, 26: 3.995777377219553, 27: 0.4953003458067059, 28: 1.0, 29: 2.495937258100359, 30: 1.0, 31: 1.0, 32: 1.0, 33: 3.995280709709027, 34: 1.0, 35: 1.0, 36: 4.4905573499948, 37: 4.495995596661886, 38: 1.9957926465391742, 39: 1.0, 40: 1.0, 41: 5.4909447749113935, 42: 1.0, 43: 7.495506798815182, 44: 1.0, 45: 1.0, 46: 1.0, 47: 1.0, 48: 1.0, 49: 1.0, 50: 7.486673975455822, 51: 4.991461031963447, 52: 1.0, 53: 1.0, 54: 1.0, 55: 0.4900714889105735, 56: 4.995820387178899, 57: 1.9958349657093093, 58: 1.0, 59: 1.0, 60: 4.990329284238991, 61: 1.0, 62: 1.0, 63: 1.0, 64: 1.495471493270208, 65: 1.0, 66: 1.0, 67: 3.4954501696728473, 68: 7.495891038337723, 69: 1.9957234627471736, 70: 7.995102670946368, 71: 1.0, 72: 1.0, 73: 1.0, 74: 0.9913625888296609, 75: 1.0, 76: 1.0, 77: 1.0, 78: 2.9955779547359302, 79: 6.991932104867302, 80: 1.4952813199103712, 81: 1.4950059043984332, 82: 0.995433193774412, 83: 2.9953166766030175, 84: 7.995633141798717, 85: 1.9954493743134487, 86: 0.4958723895003708, 87: 0.9955164629447951, 88: 0.9958152092834401, 89: 1.0, 90: 1.0, 91: 1.0, 92: 1.0, 93: 1.0, 94: 2.9904977220264, 95: 2.4957986727924757, 96: 1.0, 97: 0.9950227062840168, 98: 1.0, 99: 0.9919691268126556}
2025-01-27 08:05:00 - WARNING  - Sum of s_i: 214.723476028956
2025-01-27 08:05:05 - WARNING  - The sum of accs: 26.0
2025-01-27 08:05:05 - WARNING  - The welfare is 25.90432472290166
2025-01-27 08:05:27 - WARNING  - Epoch:    11. Accuracy: Top-1: 19.56 | Loss: value: 2.10
2025-01-27 08:05:27 - WARNING  - Epoch 11
2025-01-27 08:05:27 - WARNING  - s_i: {0: 1.0, 1: 1.0, 2: 1.0, 3: 1.4955391269153355, 4: 3.4953547965489338, 5: 1.9955247742933482, 6: 2.49564646139744, 7: 1.0, 8: 1.0, 9: 1.0, 10: 2.9918807643593324, 11: 1.0, 12: 1.0, 13: 3.4959836995331317, 14: 5.995895004685056, 15: 7.995445829631671, 16: 1.0, 17: 1.995877847187866, 18: 3.495117448218519, 19: 3.4903003230132157, 20: 1.0, 21: 2.4954416293900064, 22: 1.0, 23: 1.9950609487172408, 24: 1.0, 25: 1.0, 26: 3.995777377219553, 27: 0.4953003458067059, 28: 1.0, 29: 2.495937258100359, 30: 1.0, 31: 1.0, 32: 1.0, 33: 3.995280709709027, 34: 1.0, 35: 1.0, 36: 4.4905573499948, 37: 4.495995596661886, 38: 1.9957926465391742, 39: 1.0, 40: 1.0, 41: 5.4909447749113935, 42: 1.0, 43: 7.495506798815182, 44: 1.0, 45: 1.0, 46: 1.0, 47: 1.0, 48: 1.0, 49: 1.0, 50: 5.482231967274428, 51: 4.991461031963447, 52: 1.0, 53: 1.0, 54: 1.0, 55: 0.4900714889105735, 56: 4.995820387178899, 57: 1.9958349657093093, 58: 1.0, 59: 1.0, 60: 4.990329284238991, 61: 1.0, 62: 1.0, 63: 1.0, 64: 1.495471493270208, 65: 1.0, 66: 3.995257994201712, 67: 3.4954501696728473, 68: 7.495891038337723, 69: 1.9957234627471736, 70: 7.995102670946368, 71: 1.0, 72: 1.0, 73: 1.0, 74: 0.9913625888296609, 75: 1.0, 76: 1.0, 77: 1.0, 78: 2.9955779547359302, 79: 6.991932104867302, 80: 1.4952813199103712, 81: 1.4950059043984332, 82: 0.995433193774412, 83: 2.9953166766030175, 84: 7.995633141798717, 85: 1.9954493743134487, 86: 0.4958723895003708, 87: 0.9955164629447951, 88: 0.9958152092834401, 89: 1.0, 90: 1.0, 91: 1.0, 92: 1.0, 93: 1.0, 94: 2.9904977220264, 95: 2.4957986727924757, 96: 1.0, 97: 0.9950227062840168, 98: 1.0, 99: 0.9919691268126556}
2025-01-27 08:05:27 - WARNING  - Sum of s_i: 215.7142920149763
2025-01-27 08:05:52 - WARNING  - Epoch:    12. Accuracy: Top-1: 26.83 | Loss: value: 2.04
2025-01-27 08:05:52 - WARNING  - Epoch 12
2025-01-27 08:05:52 - WARNING  - s_i: {0: 1.0, 1: 1.0, 2: 1.0, 3: 4.991078253830674, 4: 3.4953547965489338, 5: 1.9955247742933482, 6: 2.49564646139744, 7: 1.0, 8: 1.0, 9: 1.0, 10: 2.9918807643593324, 11: 1.0, 12: 2.495040746243782, 13: 3.4959836995331317, 14: 5.995895004685056, 15: 7.995445829631671, 16: 1.0, 17: 1.995877847187866, 18: 3.495117448218519, 19: 3.4903003230132157, 20: 1.0, 21: 2.4954416293900064, 22: 1.0, 23: 1.9950609487172408, 24: 1.0, 25: 1.0, 26: 3.995777377219553, 27: 0.4953003458067059, 28: 1.0, 29: 2.495937258100359, 30: 1.0, 31: 1.0, 32: 1.0, 33: 3.995280709709027, 34: 1.0, 35: 1.4956912423131885, 36: 3.4858360249922, 37: 7.991991193323772, 38: 1.9957926465391742, 39: 1.0, 40: 1.0, 41: 5.4909447749113935, 42: 1.0, 43: 7.495506798815182, 44: 1.0, 45: 1.0, 46: 1.0, 47: 1.0, 48: 1.0, 49: 1.0, 50: 5.482231967274428, 51: 4.991461031963447, 52: 4.495571555015809, 53: 1.0, 54: 1.0, 55: 0.4900714889105735, 56: 4.995820387178899, 57: 1.9958349657093093, 58: 1.0, 59: 1.0, 60: 4.990329284238991, 61: 1.0, 62: 1.0, 63: 1.0, 64: 1.495471493270208, 65: 4.495092366986666, 66: 3.995257994201712, 67: 3.4954501696728473, 68: 7.495891038337723, 69: 1.9957234627471736, 70: 7.995102670946368, 71: 1.0, 72: 1.0, 73: 1.0, 74: 0.9913625888296609, 75: 1.0, 76: 1.0, 77: 1.0, 78: 2.9955779547359302, 79: 6.991932104867302, 80: 1.4952813199103712, 81: 1.4950059043984332, 82: 0.995433193774412, 83: 2.9953166766030175, 84: 7.995633141798717, 85: 1.9954493743134487, 86: 0.4958723895003708, 87: 0.9955164629447951, 88: 0.9958152092834401, 89: 1.0, 90: 1.0, 91: 1.0, 92: 1.0, 93: 1.0, 94: 2.9904977220264, 95: 2.4957986727924757, 96: 1.0, 97: 0.9950227062840168, 98: 1.0, 99: 0.9919691268126556}
2025-01-27 08:05:52 - WARNING  - Sum of s_i: 230.68250132411038
2025-01-27 08:06:14 - WARNING  - Epoch:    13. Accuracy: Top-1: 25.13 | Loss: value: 2.04
2025-01-27 08:06:14 - WARNING  - Epoch 13
2025-01-27 08:06:14 - WARNING  - s_i: {0: 1.0, 1: 1.0, 2: 1.0, 3: 4.991078253830674, 4: 3.4953547965489338, 5: 1.9955247742933482, 6: 2.49564646139744, 7: 1.0, 8: 1.0, 9: 1.0, 10: 2.9918807643593324, 11: 1.0, 12: 2.495040746243782, 13: 3.4959836995331317, 14: 5.995895004685056, 15: 7.995445829631671, 16: 1.0, 17: 1.995877847187866, 18: 3.495117448218519, 19: 3.4903003230132157, 20: 1.0, 21: 2.4954416293900064, 22: 1.0, 23: 1.9950609487172408, 24: 1.0, 25: 1.0, 26: 3.995777377219553, 27: 0.4953003458067059, 28: 1.0, 29: 2.495937258100359, 30: 1.0, 31: 1.0, 32: 1.0, 33: 3.995280709709027, 34: 1.0, 35: 1.4956912423131885, 36: 3.4858360249922, 37: 7.991991193323772, 38: 1.9957926465391742, 39: 1.0, 40: 1.0, 41: 5.4909447749113935, 42: 1.0, 43: 7.495506798815182, 44: 1.0, 45: 1.0, 46: 1.0, 47: 1.0, 48: 1.0, 49: 1.0, 50: 5.482231967274428, 51: 4.991461031963447, 52: 4.495571555015809, 53: 1.0, 54: 1.0, 55: 0.4900714889105735, 56: 4.995820387178899, 57: 1.9958349657093093, 58: 1.0, 59: 1.0, 60: 3.4854939263584854, 61: 1.0, 62: 1.0, 63: 1.0, 64: 1.495471493270208, 65: 4.495092366986666, 66: 3.995257994201712, 67: 3.4954501696728473, 68: 7.495891038337723, 69: 1.9957234627471736, 70: 7.995102670946368, 71: 1.0, 72: 1.0, 73: 1.0, 74: 0.9913625888296609, 75: 1.0, 76: 1.0, 77: 1.0, 78: 2.9955779547359302, 79: 6.991932104867302, 80: 1.4952813199103712, 81: 1.4950059043984332, 82: 0.995433193774412, 83: 2.9953166766030175, 84: 0.9912662835974357, 85: 1.9954493743134487, 86: 0.4958723895003708, 87: 0.9955164629447951, 88: 0.9958152092834401, 89: 1.0, 90: 1.0, 91: 1.0, 92: 1.0, 93: 1.0, 94: 2.9904977220264, 95: 2.4957986727924757, 96: 1.0, 97: 0.9950227062840168, 98: 1.0, 99: 0.9919691268126556}
2025-01-27 08:06:14 - WARNING  - Sum of s_i: 222.17329910802857
2025-01-27 08:06:37 - WARNING  - Epoch:    14. Accuracy: Top-1: 29.93 | Loss: value: 1.86
2025-01-27 08:06:37 - WARNING  - Epoch 14
2025-01-27 08:06:37 - WARNING  - s_i: {0: 1.0, 1: 1.0, 2: 1.0, 3: 4.991078253830674, 4: 3.4953547965489338, 5: 1.9955247742933482, 6: 2.49564646139744, 7: 1.0, 8: 1.0, 9: 3.4957559086591425, 10: 0.48782114653899944, 11: 1.0, 12: 2.495040746243782, 13: 3.4959836995331317, 14: 5.995895004685056, 15: 7.995445829631671, 16: 1.0, 17: 1.995877847187866, 18: 3.495117448218519, 19: 3.4903003230132157, 20: 1.0, 21: 2.4954416293900064, 22: 1.0, 23: 1.9950609487172408, 24: 1.0, 25: 1.0, 26: 4.491554754439106, 27: 0.4953003458067059, 28: 1.0, 29: 2.495937258100359, 30: 1.0, 31: 1.0, 32: 1.0, 33: 3.995280709709027, 34: 1.0, 35: 1.4956912423131885, 36: 3.4858360249922, 37: 7.991991193323772, 38: 1.9957926465391742, 39: 1.0, 40: 1.0, 41: 5.4909447749113935, 42: 1.0, 43: 7.495506798815182, 44: 0.49584020323965927, 45: 1.0, 46: 1.0, 47: 1.0, 48: 1.0, 49: 1.0, 50: 5.482231967274428, 51: 4.991461031963447, 52: 1.4911431100316195, 53: 1.0, 54: 1.0, 55: 0.4900714889105735, 56: 4.995820387178899, 57: 1.9958349657093093, 58: 1.0, 59: 1.0, 60: 3.4854939263584854, 61: 1.0, 62: 1.0, 63: 1.0, 64: 1.495471493270208, 65: 4.495092366986666, 66: 3.995257994201712, 67: 3.490900339345692, 68: 7.495891038337723, 69: 1.9957234627471736, 70: 7.995102670946368, 71: 1.0, 72: 1.0, 73: 1.0, 74: 0.9913625888296609, 75: 1.0, 76: 1.0, 77: 1.0, 78: 2.9955779547359302, 79: 6.991932104867302, 80: 1.4952813199103712, 81: 1.4950059043984332, 82: 0.995433193774412, 83: 2.9953166766030175, 84: 0.9912662835974357, 85: 1.9954493743134487, 86: 0.4958723895003708, 87: 0.9955164629447951, 88: 0.9958152092834401, 89: 1.0, 90: 1.0, 91: 1.0, 92: 1.0, 93: 1.0, 94: 2.9904977220264, 95: 3.4915973455849523, 96: 1.0, 97: 0.9950227062840168, 98: 1.0, 99: 0.9919691268126556}
2025-01-27 08:06:37 - WARNING  - Sum of s_i: 220.14343337680774
2025-01-27 08:07:00 - WARNING  - Epoch:    15. Accuracy: Top-1: 30.65 | Loss: value: 1.86
2025-01-27 08:07:00 - WARNING  - Epoch 15
2025-01-27 08:07:00 - WARNING  - s_i: {0: 1.0, 1: 1.0, 2: 1.0, 3: 4.991078253830674, 4: 3.4953547965489338, 5: 1.9955247742933482, 6: 2.49564646139744, 7: 1.0, 8: 1.0, 9: 3.4957559086591425, 10: 0.48782114653899944, 11: 1.0, 12: 2.495040746243782, 13: 3.4959836995331317, 14: 5.995895004685056, 15: 7.995445829631671, 16: 1.0, 17: 1.995877847187866, 18: 3.495117448218519, 19: 3.4903003230132157, 20: 1.0, 21: 2.4954416293900064, 22: 1.0, 23: 1.9950609487172408, 24: 1.0, 25: 1.0, 26: 4.491554754439106, 27: 0.4953003458067059, 28: 1.0, 29: 2.495937258100359, 30: 1.0, 31: 1.0, 32: 1.0, 33: 3.995280709709027, 34: 1.0, 35: 1.4956912423131885, 36: 3.4858360249922, 37: 7.991991193323772, 38: 1.9957926465391742, 39: 1.0, 40: 1.0, 41: 5.4909447749113935, 42: 1.0, 43: 7.495506798815182, 44: 0.49584020323965927, 45: 1.0, 46: 1.0, 47: 1.0, 48: 1.0, 49: 1.0, 50: 5.482231967274428, 51: 4.991461031963447, 52: 1.4911431100316195, 53: 1.0, 54: 1.0, 55: 0.4900714889105735, 56: 4.995820387178899, 57: 1.9958349657093093, 58: 1.0, 59: 1.0, 60: 3.4854939263584854, 61: 1.0, 62: 1.0, 63: 1.0, 64: 1.495471493270208, 65: 4.495092366986666, 66: 3.995257994201712, 67: 3.490900339345692, 68: 3.991782076675447, 69: 1.9957234627471736, 70: 7.995102670946368, 71: 1.0, 72: 0.4954485744047543, 73: 1.0, 74: 0.9913625888296609, 75: 1.0, 76: 1.0, 77: 1.0, 78: 2.9955779547359302, 79: 6.991932104867302, 80: 1.4952813199103712, 81: 1.4950059043984332, 82: 0.995433193774412, 83: 2.9953166766030175, 84: 0.9912662835974357, 85: 1.9954493743134487, 86: 0.4958723895003708, 87: 0.9955164629447951, 88: 0.9958152092834401, 89: 1.0, 90: 1.0, 91: 1.0, 92: 1.0, 93: 1.0, 94: 2.9904977220264, 95: 3.4915973455849523, 96: 1.0, 97: 0.9950227062840168, 98: 1.0, 99: 0.9919691268126556}
2025-01-27 08:07:00 - WARNING  - Sum of s_i: 216.1347729895502
2025-01-27 08:07:22 - WARNING  - Epoch:    16. Accuracy: Top-1: 31.55 | Loss: value: 1.81
2025-01-27 08:07:22 - WARNING  - Epoch 16
2025-01-27 08:07:22 - WARNING  - s_i: {0: 1.0, 1: 1.0, 2: 1.0, 3: 4.991078253830674, 4: 3.4953547965489338, 5: 1.9955247742933482, 6: 2.49564646139744, 7: 1.0, 8: 1.0, 9: 2.4915118173182846, 10: 0.48782114653899944, 11: 1.0, 12: 2.495040746243782, 13: 3.4959836995331317, 14: 5.995895004685056, 15: 7.995445829631671, 16: 1.0, 17: 1.995877847187866, 18: 3.495117448218519, 19: 3.4903003230132157, 20: 1.0, 21: 2.4954416293900064, 22: 1.0, 23: 1.9950609487172408, 24: 1.0, 25: 1.0, 26: 4.491554754439106, 27: 0.4953003458067059, 28: 0.4953291189122214, 29: 2.495937258100359, 30: 1.0, 31: 1.0, 32: 1.0, 33: 3.995280709709027, 34: 1.0, 35: 1.4956912423131885, 36: 3.4858360249922, 37: 7.991991193323772, 38: 1.9957926465391742, 39: 1.0, 40: 1.0, 41: 5.4909447749113935, 42: 1.0, 43: 7.495506798815182, 44: 0.49584020323965927, 45: 1.0, 46: 1.0, 47: 1.0, 48: 1.0, 49: 1.0, 50: 5.482231967274428, 51: 4.991461031963447, 52: 1.4911431100316195, 53: 1.0, 54: 1.0, 55: 0.4900714889105735, 56: 4.995820387178899, 57: 1.9958349657093093, 58: 1.0, 59: 1.0, 60: 3.4854939263584854, 61: 1.0, 62: 1.0, 63: 1.0, 64: 1.495471493270208, 65: 4.495092366986666, 66: 3.995257994201712, 67: 3.490900339345692, 68: 3.991782076675447, 69: 1.9957234627471736, 70: 7.995102670946368, 71: 1.0, 72: 0.4954485744047543, 73: 1.0, 74: 0.9913625888296609, 75: 0.4957616542438922, 76: 1.0, 77: 1.0, 78: 2.9955779547359302, 79: 6.991932104867302, 80: 1.4952813199103712, 81: 1.4950059043984332, 82: 0.995433193774412, 83: 2.9953166766030175, 84: 0.9912662835974357, 85: 1.9954493743134487, 86: 0.4958723895003708, 87: 0.9955164629447951, 88: 0.9958152092834401, 89: 1.0, 90: 1.0, 91: 1.0, 92: 1.0, 93: 1.0, 94: 2.9904977220264, 95: 3.4915973455849523, 96: 1.0, 97: 0.4900454125680339, 98: 1.0, 99: 0.9919691268126556}
2025-01-27 08:07:22 - WARNING  - Sum of s_i: 213.6166423776495
2025-01-27 08:07:47 - WARNING  - Epoch:    17. Accuracy: Top-1: 30.79 | Loss: value: 1.84
2025-01-27 08:07:47 - WARNING  - Epoch 17
2025-01-27 08:07:47 - WARNING  - s_i: {0: 1.0, 1: 1.0, 2: 1.0, 3: 1.9866173807460124, 4: 3.4953547965489338, 5: 1.9955247742933482, 6: 2.49564646139744, 7: 1.0, 8: 1.0, 9: 2.4915118173182846, 10: 0.48782114653899944, 11: 1.0, 12: 2.495040746243782, 13: 3.4959836995331317, 14: 5.995895004685056, 15: 7.995445829631671, 16: 1.0, 17: 1.995877847187866, 18: 3.495117448218519, 19: 3.4903003230132157, 20: 1.0, 21: 2.4954416293900064, 22: 1.0, 23: 1.9950609487172408, 24: 1.0, 25: 1.0, 26: 4.491554754439106, 27: 0.4953003458067059, 28: 0.4953291189122214, 29: 2.495937258100359, 30: 1.0, 31: 1.0, 32: 1.0, 33: 3.995280709709027, 34: 1.0, 35: 1.4956912423131885, 36: 3.4858360249922, 37: 7.991991193323772, 38: 1.9957926465391742, 39: 1.0, 40: 1.0, 41: 5.4909447749113935, 42: 1.0, 43: 7.495506798815182, 44: 0.49584020323965927, 45: 1.0, 46: 1.0, 47: 1.0, 48: 1.0, 49: 1.0, 50: 5.482231967274428, 51: 4.991461031963447, 52: 1.4911431100316195, 53: 1.0, 54: 1.0, 55: 0.4900714889105735, 56: 4.995820387178899, 57: 1.9958349657093093, 58: 1.0, 59: 1.0, 60: 3.4854939263584854, 61: 1.0, 62: 1.0, 63: 1.0, 64: 1.495471493270208, 65: 4.495092366986666, 66: 3.995257994201712, 67: 3.490900339345692, 68: 3.991782076675447, 69: 1.9957234627471736, 70: 7.995102670946368, 71: 1.0, 72: 0.4954485744047543, 73: 1.0, 74: 0.9913625888296609, 75: 0.4957616542438922, 76: 1.0, 77: 1.0, 78: 2.9955779547359302, 79: 6.991932104867302, 80: 1.4952813199103712, 81: 1.4950059043984332, 82: 0.995433193774412, 83: 2.9953166766030175, 84: 0.9912662835974357, 85: 1.9954493743134487, 86: 0.4958723895003708, 87: 0.9955164629447951, 88: 0.9958152092834401, 89: 1.0, 90: 1.0, 91: 1.0, 92: 1.0, 93: 1.0, 94: 2.9904977220264, 95: 3.4915973455849523, 96: 1.0, 97: 0.4900454125680339, 98: 1.0, 99: 0.9919691268126556}
2025-01-27 08:07:47 - WARNING  - Sum of s_i: 210.61218150456483
2025-01-27 08:08:11 - WARNING  - Epoch:    18. Accuracy: Top-1: 34.06 | Loss: value: 1.78
2025-01-27 08:08:11 - WARNING  - Epoch 18
2025-01-27 08:08:11 - WARNING  - s_i: {0: 1.0, 1: 1.0, 2: 1.0, 3: 1.9866173807460124, 4: 3.4953547965489338, 5: 1.9955247742933482, 6: 1.491292922794882, 7: 1.0, 8: 1.0, 9: 2.4915118173182846, 10: 0.48782114653899944, 11: 1.0, 12: 2.495040746243782, 13: 3.4959836995331317, 14: 5.995895004685056, 15: 7.995445829631671, 16: 1.0, 17: 1.995877847187866, 18: 2.990234896437041, 19: 3.4903003230132157, 20: 1.0, 21: 2.4954416293900064, 22: 1.0, 23: 1.9950609487172408, 24: 1.0, 25: 1.0, 26: 4.491554754439106, 27: 0.4953003458067059, 28: 0.4953291189122214, 29: 2.495937258100359, 30: 1.0, 31: 1.0, 32: 1.0, 33: 3.995280709709027, 34: 1.0, 35: 1.4956912423131885, 36: 3.4858360249922, 37: 7.991991193323772, 38: 1.9957926465391742, 39: 1.0, 40: 1.0, 41: 5.4909447749113935, 42: 1.0, 43: 7.495506798815182, 44: 0.49584020323965927, 45: 1.0, 46: 1.0, 47: 1.0, 48: 1.0, 49: 1.0, 50: 5.482231967274428, 51: 4.991461031963447, 52: 1.4911431100316195, 53: 0.4957403921732937, 54: 1.0, 55: 0.4900714889105735, 56: 4.995820387178899, 57: 1.9958349657093093, 58: 1.0, 59: 0.9956874638786276, 60: 3.4854939263584854, 61: 1.9955940845158884, 62: 1.0, 63: 1.0, 64: 1.495471493270208, 65: 4.495092366986666, 66: 3.995257994201712, 67: 3.490900339345692, 68: 6.987673115013166, 69: 1.9957234627471736, 70: 7.995102670946368, 71: 1.0, 72: 0.4954485744047543, 73: 1.0, 74: 0.9913625888296609, 75: 0.4957616542438922, 76: 1.0, 77: 1.0, 78: 2.9955779547359302, 79: 6.991932104867302, 80: 1.4952813199103712, 81: 1.4950059043984332, 82: 0.995433193774412, 83: 2.9953166766030175, 84: 0.9912662835974357, 85: 1.9954493743134487, 86: 0.4958723895003708, 87: 0.9955164629447951, 88: 0.9958152092834401, 89: 1.0, 90: 1.0, 91: 1.0, 92: 1.0, 93: 1.0, 94: 2.9904977220264, 95: 4.487396018377429, 96: 1.0, 97: 0.4900454125680339, 98: 1.0, 99: 0.9919691268126556}
2025-01-27 08:08:11 - WARNING  - Sum of s_i: 213.5816570658788
2025-01-27 08:08:34 - WARNING  - Epoch:    19. Accuracy: Top-1: 34.48 | Loss: value: 1.74
2025-01-27 08:08:34 - WARNING  - Epoch 19
2025-01-27 08:08:34 - WARNING  - s_i: {0: 1.0, 1: 1.0, 2: 1.0, 3: 1.9866173807460124, 4: 2.9907095930978675, 5: 1.9955247742933482, 6: 1.491292922794882, 7: 1.0, 8: 1.0, 9: 2.4915118173182846, 10: 0.48782114653899944, 11: 1.0, 12: 2.495040746243782, 13: 3.4959836995331317, 14: 5.995895004685056, 15: 7.995445829631671, 16: 1.0, 17: 1.995877847187866, 18: 2.990234896437041, 19: 3.4903003230132157, 20: 1.0, 21: 2.4954416293900064, 22: 1.0, 23: 1.9950609487172408, 24: 1.0, 25: 1.0, 26: 4.491554754439106, 27: 0.4953003458067059, 28: 0.4953291189122214, 29: 2.495937258100359, 30: 1.0, 31: 1.0, 32: 1.0, 33: 3.995280709709027, 34: 1.0, 35: 1.4956912423131885, 36: 3.4858360249922, 37: 7.991991193323772, 38: 1.9957926465391742, 39: 1.0, 40: 1.0, 41: 5.4909447749113935, 42: 2.9955714465743712, 43: 7.495506798815182, 44: 0.49584020323965927, 45: 1.0, 46: 1.0, 47: 1.0, 48: 1.0, 49: 1.0, 50: 5.482231967274428, 51: 4.991461031963447, 52: 1.4911431100316195, 53: 0.4957403921732937, 54: 1.0, 55: 0.4900714889105735, 56: 4.995820387178899, 57: 1.491669931418616, 58: 1.0, 59: 0.9956874638786276, 60: 3.4854939263584854, 61: 0.49118816903177454, 62: 1.0, 63: 1.0, 64: 1.495471493270208, 65: 4.495092366986666, 66: 3.995257994201712, 67: 3.490900339345692, 68: 6.987673115013166, 69: 1.9957234627471736, 70: 7.995102670946368, 71: 1.0, 72: 0.4954485744047543, 73: 1.0, 74: 0.9913625888296609, 75: 0.4957616542438922, 76: 1.0, 77: 1.0, 78: 2.9955779547359302, 79: 6.991932104867302, 80: 1.4952813199103712, 81: 1.4950059043984332, 82: 0.995433193774412, 83: 2.9953166766030175, 84: 0.9912662835974357, 85: 1.9954493743134487, 86: 0.4958723895003708, 87: 0.9955164629447951, 88: 0.9958152092834401, 89: 1.0, 90: 1.0, 91: 1.0, 92: 1.0, 93: 1.0, 94: 2.9904977220264, 95: 4.487396018377429, 96: 1.0, 97: 0.4900454125680339, 98: 1.0, 99: 0.9919691268126556}
2025-01-27 08:08:34 - WARNING  - Sum of s_i: 213.0640123592273
2025-01-27 08:08:57 - WARNING  - Epoch:    20. Accuracy: Top-1: 31.80 | Loss: value: 1.79
2025-01-27 08:08:57 - WARNING  - Epoch 20
2025-01-27 08:08:57 - WARNING  - s_i: {0: 1.0, 1: 1.0, 2: 1.0, 3: 1.9866173807460124, 4: 2.9907095930978675, 5: 1.9955247742933482, 6: 1.491292922794882, 7: 1.0, 8: 1.0, 9: 2.4915118173182846, 10: 0.48782114653899944, 11: 1.0, 12: 2.495040746243782, 13: 3.4959836995331317, 14: 5.995895004685056, 15: 7.995445829631671, 16: 1.0, 17: 1.995877847187866, 18: 2.990234896437041, 19: 3.4903003230132157, 20: 1.0, 21: 2.4954416293900064, 22: 1.0, 23: 1.9950609487172408, 24: 1.0, 25: 1.0, 26: 4.491554754439106, 27: 0.4953003458067059, 28: 0.4953291189122214, 29: 2.495937258100359, 30: 1.0, 31: 1.0, 32: 1.0, 33: 2.4905614194180545, 34: 1.0, 35: 1.4956912423131885, 36: 3.4858360249922, 37: 7.991991193323772, 38: 1.9957926465391742, 39: 1.0, 40: 1.0, 41: 5.4909447749113935, 42: 2.9955714465743712, 43: 7.495506798815182, 44: 0.49584020323965927, 45: 1.0, 46: 1.0, 47: 1.0, 48: 1.0, 49: 1.0, 50: 5.482231967274428, 51: 4.991461031963447, 52: 1.4911431100316195, 53: 0.4957403921732937, 54: 1.0, 55: 0.4900714889105735, 56: 4.995820387178899, 57: 1.491669931418616, 58: 1.0, 59: 0.9956874638786276, 60: 3.4854939263584854, 61: 0.49118816903177454, 62: 1.0, 63: 1.0, 64: 1.495471493270208, 65: 4.495092366986666, 66: 3.995257994201712, 67: 3.490900339345692, 68: 2.983564153350887, 69: 1.9957234627471736, 70: 7.995102670946368, 71: 1.0, 72: 0.4954485744047543, 73: 1.0, 74: 0.9913625888296609, 75: 0.4957616542438922, 76: 1.0, 77: 1.0, 78: 2.9955779547359302, 79: 6.991932104867302, 80: 1.4952813199103712, 81: 1.4950059043984332, 82: 0.995433193774412, 83: 2.9953166766030175, 84: 0.9912662835974357, 85: 1.9954493743134487, 86: 0.4958723895003708, 87: 0.9955164629447951, 88: 0.9958152092834401, 89: 1.0, 90: 1.0, 91: 1.0, 92: 1.0, 93: 1.0, 94: 2.9904977220264, 95: 4.487396018377429, 96: 1.0, 97: 0.4900454125680339, 98: 1.0, 99: 0.9919691268126556}
2025-01-27 08:08:57 - WARNING  - Sum of s_i: 207.55518410727404
2025-01-27 08:09:02 - WARNING  - The sum of accs: 37.0
2025-01-27 08:09:02 - WARNING  - The welfare is 36.90727782069695
2025-01-27 08:09:23 - WARNING  - Epoch:    21. Accuracy: Top-1: 37.18 | Loss: value: 1.70
2025-01-27 08:09:23 - WARNING  - Epoch 21
2025-01-27 08:09:23 - WARNING  - s_i: {0: 1.0, 1: 1.0, 2: 1.0, 3: 1.9866173807460124, 4: 2.9907095930978675, 5: 1.9955247742933482, 6: 1.491292922794882, 7: 1.0, 8: 1.0, 9: 2.4915118173182846, 10: 0.9837615287186663, 11: 1.0, 12: 2.495040746243782, 13: 3.4959836995331317, 14: 5.995895004685056, 15: 7.995445829631671, 16: 1.0, 17: 1.995877847187866, 18: 2.990234896437041, 19: 3.4903003230132157, 20: 1.0, 21: 2.4954416293900064, 22: 1.0, 23: 1.9950609487172408, 24: 1.0, 25: 1.0, 26: 4.491554754439106, 27: 0.4953003458067059, 28: 0.4953291189122214, 29: 2.495937258100359, 30: 1.0, 31: 1.0, 32: 1.0, 33: 2.4905614194180545, 34: 1.0, 35: 1.4956912423131885, 36: 1.9811146999895974, 37: 7.991991193323772, 38: 1.9957926465391742, 39: 1.0, 40: 1.0, 41: 5.4909447749113935, 42: 2.9955714465743712, 43: 7.495506798815182, 44: 0.49584020323965927, 45: 1.0, 46: 1.0, 47: 1.0, 48: 1.0, 49: 1.0, 50: 5.482231967274428, 51: 4.991461031963447, 52: 1.4911431100316195, 53: 0.4957403921732937, 54: 1.0, 55: 0.4900714889105735, 56: 4.995820387178899, 57: 1.491669931418616, 58: 1.0, 59: 0.9956874638786276, 60: 3.4854939263584854, 61: 0.49118816903177454, 62: 1.0, 63: 1.0, 64: 1.495471493270208, 65: 4.495092366986666, 66: 3.995257994201712, 67: 3.490900339345692, 68: 2.983564153350887, 69: 1.9957234627471736, 70: 7.995102670946368, 71: 1.0, 72: 0.4954485744047543, 73: 1.0, 74: 0.9913625888296609, 75: 0.4957616542438922, 76: 1.0, 77: 1.0, 78: 2.9955779547359302, 79: 6.991932104867302, 80: 1.4952813199103712, 81: 1.4950059043984332, 82: 0.995433193774412, 83: 2.9953166766030175, 84: 2.9868994253961523, 85: 1.9954493743134487, 86: 0.4958723895003708, 87: 0.9955164629447951, 88: 0.9958152092834401, 89: 1.0, 90: 1.0, 91: 1.0, 92: 1.0, 93: 1.0, 94: 2.9904977220264, 95: 4.487396018377429, 96: 1.0, 97: 0.4900454125680339, 98: 1.0, 99: 0.9919691268126556}
2025-01-27 08:09:23 - WARNING  - Sum of s_i: 208.54203630624983
2025-01-27 08:09:45 - WARNING  - Epoch:    22. Accuracy: Top-1: 33.73 | Loss: value: 1.74
2025-01-27 08:09:45 - WARNING  - Epoch 22
2025-01-27 08:09:45 - WARNING  - s_i: {0: 1.0, 1: 1.0, 2: 1.0, 3: 1.9866173807460124, 4: 7.9860643896468035, 5: 1.9955247742933482, 6: 1.491292922794882, 7: 1.0, 8: 1.0, 9: 2.4915118173182846, 10: 0.9797019108983327, 11: 1.0, 12: 2.495040746243782, 13: 3.4959836995331317, 14: 5.995895004685056, 15: 7.995445829631671, 16: 1.0, 17: 1.995877847187866, 18: 2.990234896437041, 19: 3.4903003230132157, 20: 1.0, 21: 2.4954416293900064, 22: 1.0, 23: 1.9950609487172408, 24: 1.0, 25: 1.0, 26: 4.491554754439106, 27: 0.4953003458067059, 28: 0.4953291189122214, 29: 7.4918745162007205, 30: 1.0, 31: 1.0, 32: 1.0, 33: 2.4905614194180545, 34: 1.0, 35: 1.4956912423131885, 36: 1.9811146999895974, 37: 7.991991193323772, 38: 2.9915852930783484, 39: 1.0, 40: 1.0, 41: 5.4909447749113935, 42: 2.9955714465743712, 43: 7.495506798815182, 44: 0.49584020323965927, 45: 1.0, 46: 1.0, 47: 1.0, 48: 1.0, 49: 1.0, 50: 5.482231967274428, 51: 4.991461031963447, 52: 1.4911431100316195, 53: 0.4957403921732937, 54: 1.0, 55: 0.4900714889105735, 56: 4.995820387178899, 57: 1.491669931418616, 58: 1.0, 59: 0.9956874638786276, 60: 3.4854939263584854, 61: 0.49118816903177454, 62: 1.0, 63: 1.0, 64: 1.495471493270208, 65: 4.495092366986666, 66: 3.995257994201712, 67: 3.490900339345692, 68: 2.983564153350887, 69: 1.9957234627471736, 70: 7.995102670946368, 71: 1.0, 72: 0.4954485744047543, 73: 1.0, 74: 0.9913625888296609, 75: 0.4957616542438922, 76: 3.995859192158652, 77: 1.0, 78: 2.9955779547359302, 79: 6.991932104867302, 80: 1.4905626398207419, 81: 1.4950059043984332, 82: 0.995433193774412, 83: 2.9953166766030175, 84: 2.9868994253961523, 85: 1.9954493743134487, 86: 0.4958723895003708, 87: 0.9955164629447951, 88: 0.9958152092834401, 89: 1.0, 90: 1.0, 91: 1.0, 92: 1.0, 93: 1.0, 94: 6.4857465830395995, 95: 4.487396018377429, 96: 1.0, 97: 0.4900454125680339, 98: 1.0, 99: 0.9919691268126556}
2025-01-27 08:09:45 - WARNING  - Sum of s_i: 226.01145076270018
2025-01-27 08:10:09 - WARNING  - Epoch:    23. Accuracy: Top-1: 34.76 | Loss: value: 1.77
2025-01-27 08:10:09 - WARNING  - Epoch 23
2025-01-27 08:10:09 - WARNING  - s_i: {0: 1.0, 1: 1.0, 2: 1.0, 3: 1.9866173807460124, 4: 7.9860643896468035, 5: 1.9955247742933482, 6: 1.491292922794882, 7: 1.0, 8: 1.0, 9: 2.4915118173182846, 10: 0.9797019108983327, 11: 1.0, 12: 2.490081492487564, 13: 3.4959836995331317, 14: 5.995895004685056, 15: 7.995445829631671, 16: 1.0, 17: 1.995877847187866, 18: 2.990234896437041, 19: 3.4903003230132157, 20: 1.0, 21: 2.4954416293900064, 22: 1.0, 23: 1.9950609487172408, 24: 1.0, 25: 1.0, 26: 2.487332131658659, 27: 0.4953003458067059, 28: 0.4953291189122214, 29: 7.4918745162007205, 30: 1.0, 31: 1.0, 32: 1.0, 33: 2.4905614194180545, 34: 1.0, 35: 5.491382484626379, 36: 1.9811146999895974, 37: 7.991991193323772, 38: 2.9915852930783484, 39: 1.0, 40: 1.0, 41: 5.4909447749113935, 42: 6.991142893148744, 43: 7.495506798815182, 44: 0.49584020323965927, 45: 1.0, 46: 1.0, 47: 4.995102294062459, 48: 2.495113796699819, 49: 1.0, 50: 5.482231967274428, 51: 4.991461031963447, 52: 1.4911431100316195, 53: 0.4957403921732937, 54: 1.0, 55: 0.4900714889105735, 56: 4.995820387178899, 57: 1.491669931418616, 58: 1.0, 59: 0.9956874638786276, 60: 3.4854939263584854, 61: 0.49118816903177454, 62: 1.0, 63: 1.0, 64: 1.495471493270208, 65: 4.495092366986666, 66: 0.9905159884034216, 67: 3.490900339345692, 68: 2.983564153350887, 69: 1.9957234627471736, 70: 7.995102670946368, 71: 1.0, 72: 0.4954485744047543, 73: 1.0, 74: 0.9913625888296609, 75: 0.4957616542438922, 76: 3.995859192158652, 77: 1.0, 78: 2.9955779547359302, 79: 6.991932104867302, 80: 1.4905626398207419, 81: 1.4950059043984332, 82: 0.995433193774412, 83: 2.9953166766030175, 84: 2.9868994253961523, 85: 1.9954493743134487, 86: 0.4958723895003708, 87: 0.9955164629447951, 88: 0.9958152092834401, 89: 1.0, 90: 1.0, 91: 1.0, 92: 1.0, 93: 1.0, 94: 6.4857465830395995, 95: 4.487396018377429, 96: 1.0, 97: 0.4900454125680339, 98: 1.0, 99: 0.9919691268126556}
2025-01-27 08:10:09 - WARNING  - Sum of s_i: 234.47900566001508
2025-01-27 08:10:30 - WARNING  - Epoch:    24. Accuracy: Top-1: 35.25 | Loss: value: 1.71
2025-01-27 08:10:30 - WARNING  - Epoch 24
2025-01-27 08:10:30 - WARNING  - s_i: {0: 2.4954057160058243, 1: 1.0, 2: 2.995152362269493, 3: 1.9866173807460124, 4: 7.9860643896468035, 5: 1.9955247742933482, 6: 2.486939384192323, 7: 1.0, 8: 1.0, 9: 2.4915118173182846, 10: 0.9797019108983327, 11: 1.0, 12: 2.490081492487564, 13: 3.4959836995331317, 14: 5.995895004685056, 15: 7.995445829631671, 16: 1.0, 17: 2.4917556943757315, 18: 2.990234896437041, 19: 3.4903003230132157, 20: 1.0, 21: 2.4954416293900064, 22: 1.0, 23: 1.9950609487172408, 24: 1.0, 25: 1.0, 26: 2.487332131658659, 27: 0.4953003458067059, 28: 0.4953291189122214, 29: 7.4918745162007205, 30: 1.0, 31: 1.0, 32: 0.49500606431394545, 33: 2.4905614194180545, 34: 1.0, 35: 5.491382484626379, 36: 1.9811146999895974, 37: 7.991991193323772, 38: 2.9915852930783484, 39: 1.0, 40: 1.0, 41: 5.4909447749113935, 42: 6.991142893148744, 43: 7.495506798815182, 44: 0.49584020323965927, 45: 1.0, 46: 1.0, 47: 4.995102294062459, 48: 2.495113796699819, 49: 1.0, 50: 5.482231967274428, 51: 4.991461031963447, 52: 1.4911431100316195, 53: 0.4957403921732937, 54: 1.0, 55: 0.4900714889105735, 56: 4.995820387178899, 57: 1.491669931418616, 58: 1.0, 59: 0.9956874638786276, 60: 3.4854939263584854, 61: 0.49118816903177454, 62: 1.0, 63: 1.0, 64: 1.495471493270208, 65: 4.495092366986666, 66: 5.98577398260513, 67: 3.490900339345692, 68: 2.983564153350887, 69: 1.9957234627471736, 70: 7.995102670946368, 71: 0.4952012036537238, 72: 0.4954485744047543, 73: 1.0, 74: 0.9913625888296609, 75: 0.4957616542438922, 76: 3.995859192158652, 77: 1.0, 78: 2.9955779547359302, 79: 6.991932104867302, 80: 1.4905626398207419, 81: 1.4950059043984332, 82: 0.995433193774412, 83: 2.9953166766030175, 84: 2.9868994253961523, 85: 1.9954493743134487, 86: 0.4958723895003708, 87: 0.9955164629447951, 88: 0.9958152092834401, 89: 1.0, 90: 1.0, 91: 1.0, 92: 1.0, 93: 1.0, 94: 6.4857465830395995, 95: 4.487396018377429, 96: 1.0, 97: 0.4900454125680339, 98: 1.0, 99: 0.9919691268126556}
2025-01-27 08:10:30 - WARNING  - Sum of s_i: 243.44655330904507
2025-01-27 08:10:54 - WARNING  - Epoch:    25. Accuracy: Top-1: 37.58 | Loss: value: 1.68
2025-01-27 08:10:54 - WARNING  - Epoch 25
2025-01-27 08:10:54 - WARNING  - s_i: {0: 2.4954057160058243, 1: 1.0, 2: 1.490304724538983, 3: 1.9866173807460124, 4: 7.9860643896468035, 5: 1.9955247742933482, 6: 2.486939384192323, 7: 1.0, 8: 1.0, 9: 2.4915118173182846, 10: 0.9797019108983327, 11: 1.0, 12: 2.490081492487564, 13: 3.4959836995331317, 14: 5.995895004685056, 15: 7.995445829631671, 16: 1.0, 17: 2.4917556943757315, 18: 2.990234896437041, 19: 3.4903003230132157, 20: 1.0, 21: 2.4954416293900064, 22: 1.0, 23: 1.9950609487172408, 24: 1.0, 25: 1.0, 26: 2.487332131658659, 27: 0.4953003458067059, 28: 0.4953291189122214, 29: 7.4918745162007205, 30: 1.0, 31: 1.0, 32: 0.49500606431394545, 33: 2.4905614194180545, 34: 1.0, 35: 5.491382484626379, 36: 1.9811146999895974, 37: 7.991991193323772, 38: 2.9915852930783484, 39: 1.0, 40: 1.0, 41: 5.4909447749113935, 42: 6.991142893148744, 43: 7.495506798815182, 44: 0.49584020323965927, 45: 1.0, 46: 1.0, 47: 4.995102294062459, 48: 2.495113796699819, 49: 1.0, 50: 5.482231967274428, 51: 4.991461031963447, 52: 1.4911431100316195, 53: 0.4957403921732937, 54: 1.0, 55: 0.4900714889105735, 56: 4.995820387178899, 57: 1.491669931418616, 58: 1.0, 59: 0.9956874638786276, 60: 3.4854939263584854, 61: 0.49118816903177454, 62: 1.0, 63: 1.0, 64: 1.495471493270208, 65: 4.495092366986666, 66: 5.98577398260513, 67: 3.490900339345692, 68: 2.983564153350887, 69: 1.9957234627471736, 70: 7.995102670946368, 71: 0.4952012036537238, 72: 0.4954485744047543, 73: 1.0, 74: 0.9913625888296609, 75: 0.4957616542438922, 76: 3.995859192158652, 77: 1.0, 78: 2.9955779547359302, 79: 6.991932104867302, 80: 1.4905626398207419, 81: 1.4950059043984332, 82: 0.995433193774412, 83: 2.9953166766030175, 84: 2.9868994253961523, 85: 1.9954493743134487, 86: 0.4958723895003708, 87: 0.9955164629447951, 88: 0.9958152092834401, 89: 1.0, 90: 1.0, 91: 1.0, 92: 1.0, 93: 1.0, 94: 6.4857465830395995, 95: 4.487396018377429, 96: 1.0, 97: 0.4900454125680339, 98: 1.0, 99: 0.9919691268126556}
2025-01-27 08:10:54 - WARNING  - Sum of s_i: 241.94170567131457
2025-01-27 08:11:17 - WARNING  - Epoch:    26. Accuracy: Top-1: 39.63 | Loss: value: 1.64
2025-01-27 08:11:17 - WARNING  - Epoch 26
2025-01-27 08:11:17 - WARNING  - s_i: {0: 2.4954057160058243, 1: 1.0, 2: 1.490304724538983, 3: 1.9866173807460124, 4: 7.9860643896468035, 5: 1.9955247742933482, 6: 2.486939384192323, 7: 1.0, 8: 1.0, 9: 2.4915118173182846, 10: 0.9797019108983327, 11: 0.4955500459456308, 12: 2.490081492487564, 13: 3.4959836995331317, 14: 5.995895004685056, 15: 7.995445829631671, 16: 1.0, 17: 2.4917556943757315, 18: 2.990234896437041, 19: 3.4903003230132157, 20: 1.0, 21: 2.4954416293900064, 22: 1.0, 23: 1.9950609487172408, 24: 1.0, 25: 1.0, 26: 2.483109508878211, 27: 0.4953003458067059, 28: 0.4953291189122214, 29: 7.4918745162007205, 30: 1.0, 31: 1.0, 32: 0.49500606431394545, 33: 2.4905614194180545, 34: 1.0, 35: 5.491382484626379, 36: 1.9811146999895974, 37: 7.991991193323772, 38: 2.9915852930783484, 39: 1.0, 40: 1.0, 41: 5.4909447749113935, 42: 6.991142893148744, 43: 7.495506798815182, 44: 0.49584020323965927, 45: 1.0, 46: 1.0, 47: 4.995102294062459, 48: 2.495113796699819, 49: 1.0, 50: 1.4777899590930375, 51: 4.991461031963447, 52: 1.4911431100316195, 53: 0.4957403921732937, 54: 1.0, 55: 0.4900714889105735, 56: 4.995820387178899, 57: 1.491669931418616, 58: 1.0, 59: 0.9956874638786276, 60: 3.4854939263584854, 61: 0.49118816903177454, 62: 1.0, 63: 1.0, 64: 1.495471493270208, 65: 4.495092366986666, 66: 5.98577398260513, 67: 3.490900339345692, 68: 2.983564153350887, 69: 1.9957234627471736, 70: 7.995102670946368, 71: 0.4952012036537238, 72: 0.4954485744047543, 73: 1.0, 74: 0.9913625888296609, 75: 0.4957616542438922, 76: 3.995859192158652, 77: 1.0, 78: 2.9955779547359302, 79: 6.991932104867302, 80: 1.4905626398207419, 81: 1.4950059043984332, 82: 0.995433193774412, 83: 2.9953166766030175, 84: 2.9868994253961523, 85: 1.9954493743134487, 86: 0.4958723895003708, 87: 0.9955164629447951, 88: 0.9958152092834401, 89: 1.0, 90: 1.0, 91: 1.0, 92: 1.0, 93: 0.9959338526294381, 94: 6.4857465830395995, 95: 4.487396018377429, 96: 1.0, 97: 0.4900454125680339, 98: 1.0, 99: 0.9919691268126556}
2025-01-27 08:11:17 - WARNING  - Sum of s_i: 237.4245249389278
2025-01-27 08:11:41 - WARNING  - Epoch:    27. Accuracy: Top-1: 35.47 | Loss: value: 1.70
2025-01-27 08:11:41 - WARNING  - Epoch 27
2025-01-27 08:11:41 - WARNING  - s_i: {0: 2.4954057160058243, 1: 1.0, 2: 1.490304724538983, 3: 1.9866173807460124, 4: 7.9860643896468035, 5: 1.9955247742933482, 6: 2.486939384192323, 7: 1.0, 8: 1.0, 9: 2.4915118173182846, 10: 0.9797019108983327, 11: 0.4955500459456308, 12: 3.485122238731347, 13: 3.4959836995331317, 14: 5.995895004685056, 15: 6.490891659263341, 16: 1.0, 17: 2.4917556943757315, 18: 2.990234896437041, 19: 3.4903003230132157, 20: 1.0, 21: 2.4954416293900064, 22: 1.0, 23: 1.9950609487172408, 24: 1.0, 25: 1.0, 26: 2.483109508878211, 27: 0.4953003458067059, 28: 0.49065823782444334, 29: 7.4918745162007205, 30: 1.4959378501451188, 31: 1.0, 32: 0.49500606431394545, 33: 2.4905614194180545, 34: 1.0, 35: 5.491382484626379, 36: 1.9811146999895974, 37: 7.991991193323772, 38: 2.9915852930783484, 39: 2.99581687607023, 40: 1.0, 41: 5.4909447749113935, 42: 6.991142893148744, 43: 7.495506798815182, 44: 0.49584020323965927, 45: 1.0, 46: 1.0, 47: 4.995102294062459, 48: 2.495113796699819, 49: 1.0, 50: 1.4777899590930375, 51: 4.991461031963447, 52: 1.4911431100316195, 53: 0.4957403921732937, 54: 1.0, 55: 0.4900714889105735, 56: 4.995820387178899, 57: 1.491669931418616, 58: 1.0, 59: 0.9956874638786276, 60: 3.4854939263584854, 61: 0.49118816903177454, 62: 1.0, 63: 1.0, 64: 1.495471493270208, 65: 4.495092366986666, 66: 5.98577398260513, 67: 3.490900339345692, 68: 2.983564153350887, 69: 1.9957234627471736, 70: 7.995102670946368, 71: 0.4952012036537238, 72: 0.4954485744047543, 73: 1.0, 74: 0.9913625888296609, 75: 0.4957616542438922, 76: 3.995859192158652, 77: 1.0, 78: 2.9955779547359302, 79: 6.991932104867302, 80: 1.4905626398207419, 81: 1.4950059043984332, 82: 0.995433193774412, 83: 2.9953166766030175, 84: 2.9868994253961523, 85: 1.9954493743134487, 86: 0.4958723895003708, 87: 0.9955164629447951, 88: 0.9958152092834401, 89: 1.0, 90: 1.0, 91: 1.0, 92: 1.0, 93: 0.9959338526294381, 94: 6.4857465830395995, 95: 4.487396018377429, 96: 1.0, 97: 0.4900454125680339, 98: 1.0, 99: 0.9919691268126556}
2025-01-27 08:11:41 - WARNING  - Sum of s_i: 239.40209535993083
2025-01-27 08:12:04 - WARNING  - Epoch:    28. Accuracy: Top-1: 39.38 | Loss: value: 1.63
2025-01-27 08:12:04 - WARNING  - Epoch 28
2025-01-27 08:12:04 - WARNING  - s_i: {0: 2.4908114320116472, 1: 1.0, 2: 0.4854570868084762, 3: 1.9866173807460124, 4: 7.9860643896468035, 5: 1.9955247742933482, 6: 2.486939384192323, 7: 1.0, 8: 1.0, 9: 2.4915118173182846, 10: 0.9797019108983327, 11: 0.4955500459456308, 12: 3.485122238731347, 13: 3.4959836995331317, 14: 5.995895004685056, 15: 6.490891659263341, 16: 1.0, 17: 2.4917556943757315, 18: 2.990234896437041, 19: 3.4903003230132157, 20: 1.0, 21: 2.4954416293900064, 22: 1.0, 23: 1.9950609487172408, 24: 1.0, 25: 1.0, 26: 2.483109508878211, 27: 0.4953003458067059, 28: 2.985987356736665, 29: 7.4918745162007205, 30: 1.4959378501451188, 31: 1.0, 32: 0.49500606431394545, 33: 4.9858421291270805, 34: 1.0, 35: 5.491382484626379, 36: 1.9811146999895974, 37: 7.991991193323772, 38: 2.9915852930783484, 39: 2.99581687607023, 40: 1.0, 41: 5.4909447749113935, 42: 6.991142893148744, 43: 7.495506798815182, 44: 0.49584020323965927, 45: 1.0, 46: 0.49553762029851833, 47: 4.995102294062459, 48: 2.495113796699819, 49: 1.0, 50: 1.4777899590930375, 51: 4.991461031963447, 52: 1.4911431100316195, 53: 2.491480784346587, 54: 1.0, 55: 0.4900714889105735, 56: 4.995820387178899, 57: 1.491669931418616, 58: 1.0, 59: 0.9956874638786276, 60: 7.980658568477983, 61: 0.49118816903177454, 62: 1.0, 63: 1.0, 64: 1.495471493270208, 65: 4.495092366986666, 66: 5.98577398260513, 67: 3.490900339345692, 68: 2.983564153350887, 69: 1.9957234627471736, 70: 7.995102670946368, 71: 0.4952012036537238, 72: 0.4954485744047543, 73: 1.0, 74: 0.9913625888296609, 75: 0.4957616542438922, 76: 3.995859192158652, 77: 1.0, 78: 2.9955779547359302, 79: 6.991932104867302, 80: 1.4905626398207419, 81: 1.4950059043984332, 82: 0.995433193774412, 83: 0.49063335320603585, 84: 2.9868994253961523, 85: 1.9954493743134487, 86: 0.4958723895003708, 87: 0.9955164629447951, 88: 0.9958152092834401, 89: 1.0, 90: 1.0, 91: 1.4951289210414123, 92: 1.0, 93: 0.9959338526294381, 94: 6.4857465830395995, 95: 4.487396018377429, 96: 1.0, 97: 0.4900454125680339, 98: 1.0, 99: 0.9919691268126556}
2025-01-27 08:12:04 - WARNING  - Sum of s_i: 247.36015151906312
2025-01-27 08:12:25 - WARNING  - Epoch:    29. Accuracy: Top-1: 38.09 | Loss: value: 1.64
2025-01-27 08:12:25 - WARNING  - Epoch 29
2025-01-27 08:12:25 - WARNING  - s_i: {0: 2.4908114320116472, 1: 1.0, 2: 0.4854570868084762, 3: 1.9866173807460124, 4: 7.9860643896468035, 5: 1.9955247742933482, 6: 2.486939384192323, 7: 1.0, 8: 1.0, 9: 2.4915118173182846, 10: 0.9797019108983327, 11: 0.4955500459456308, 12: 3.485122238731347, 13: 3.4959836995331317, 14: 5.995895004685056, 15: 6.490891659263341, 16: 1.0, 17: 2.4917556943757315, 18: 2.990234896437041, 19: 3.4903003230132157, 20: 1.9951554849997337, 21: 2.4954416293900064, 22: 1.0, 23: 1.9950609487172408, 24: 1.0, 25: 1.0, 26: 2.483109508878211, 27: 0.4953003458067059, 28: 2.985987356736665, 29: 7.4918745162007205, 30: 1.4959378501451188, 31: 1.0, 32: 6.990012128627895, 33: 4.9858421291270805, 34: 1.0, 35: 5.491382484626379, 36: 1.9811146999895974, 37: 7.991991193323772, 38: 2.9915852930783484, 39: 2.99581687607023, 40: 1.0, 41: 5.4909447749113935, 42: 6.991142893148744, 43: 7.495506798815182, 44: 0.49584020323965927, 45: 1.0, 46: 0.49553762029851833, 47: 4.995102294062459, 48: 2.495113796699819, 49: 1.0, 50: 1.4777899590930375, 51: 4.991461031963447, 52: 1.4911431100316195, 53: 2.491480784346587, 54: 1.0, 55: 0.4900714889105735, 56: 4.995820387178899, 57: 1.491669931418616, 58: 1.0, 59: 0.9956874638786276, 60: 7.980658568477983, 61: 0.49118816903177454, 62: 5.99540230330962, 63: 1.0, 64: 1.495471493270208, 65: 4.495092366986666, 66: 5.98577398260513, 67: 3.490900339345692, 68: 2.983564153350887, 69: 1.9957234627471736, 70: 7.995102670946368, 71: 4.490402407307449, 72: 0.4954485744047543, 73: 1.0, 74: 2.9870438832444934, 75: 1.9915233084877864, 76: 3.995859192158652, 77: 1.0, 78: 2.9955779547359302, 79: 6.991932104867302, 80: 1.4905626398207419, 81: 1.4950059043984332, 82: 0.995433193774412, 83: 0.49063335320603585, 84: 2.9868994253961523, 85: 6.4908987486269, 86: 0.4958723895003708, 87: 0.9955164629447951, 88: 0.9958152092834401, 89: 1.0, 90: 1.0, 91: 1.4951289210414123, 92: 1.0, 93: 6.991867705258876, 94: 6.4857465830395995, 95: 4.487396018377429, 96: 4.495329412893744, 97: 0.4900454125680339, 98: 1.0, 99: 0.9919691268126556}
2025-01-27 08:12:25 - WARNING  - Sum of s_i: 281.31907216383553
2025-01-27 08:12:47 - WARNING  - Epoch:    30. Accuracy: Top-1: 38.30 | Loss: value: 1.68
2025-01-27 08:12:47 - WARNING  - Epoch 30
2025-01-27 08:12:47 - WARNING  - s_i: {0: 2.4908114320116472, 1: 1.0, 2: 0.4854570868084762, 3: 1.9866173807460124, 4: 7.9860643896468035, 5: 0.9910495485866961, 6: 2.486939384192323, 7: 1.0, 8: 1.0, 9: 2.4915118173182846, 10: 0.9797019108983327, 11: 0.4955500459456308, 12: 3.485122238731347, 13: 3.4959836995331317, 14: 5.995895004685056, 15: 6.490891659263341, 16: 4.9958559023462366, 17: 2.4917556943757315, 18: 2.990234896437041, 19: 3.4903003230132157, 20: 1.9951554849997337, 21: 2.4954416293900064, 22: 1.0, 23: 1.9950609487172408, 24: 1.0, 25: 1.0, 26: 2.483109508878211, 27: 0.4953003458067059, 28: 2.985987356736665, 29: 7.4918745162007205, 30: 1.4959378501451188, 31: 1.0, 32: 6.990012128627895, 33: 4.9858421291270805, 34: 1.0, 35: 5.491382484626379, 36: 1.9811146999895974, 37: 7.991991193323772, 38: 2.9915852930783484, 39: 2.99581687607023, 40: 1.0, 41: 5.4909447749113935, 42: 6.991142893148744, 43: 7.495506798815182, 44: 0.49584020323965927, 45: 1.0, 46: 0.49553762029851833, 47: 4.995102294062459, 48: 2.495113796699819, 49: 1.0, 50: 1.4777899590930375, 51: 4.991461031963447, 52: 1.4911431100316195, 53: 2.491480784346587, 54: 1.0, 55: 0.4900714889105735, 56: 4.995820387178899, 57: 1.491669931418616, 58: 1.0, 59: 0.9956874638786276, 60: 7.980658568477983, 61: 0.49118816903177454, 62: 5.99540230330962, 63: 1.0, 64: 1.495471493270208, 65: 4.495092366986666, 66: 5.98577398260513, 67: 3.490900339345692, 68: 2.983564153350887, 69: 0.9914469254943472, 70: 7.995102670946368, 71: 4.490402407307449, 72: 0.4954485744047543, 73: 1.0, 74: 2.9870438832444934, 75: 1.9915233084877864, 76: 3.995859192158652, 77: 1.0, 78: 2.9955779547359302, 79: 6.991932104867302, 80: 1.4905626398207419, 81: 1.4950059043984332, 82: 0.995433193774412, 83: 0.49063335320603585, 84: 2.9868994253961523, 85: 6.4908987486269, 86: 0.4958723895003708, 87: 0.4910329258895897, 88: 0.9958152092834401, 89: 1.0, 90: 1.0, 91: 1.4951289210414123, 92: 1.0, 93: 6.991867705258876, 94: 6.4857465830395995, 95: 4.487396018377429, 96: 4.495329412893744, 97: 0.4900454125680339, 98: 1.0, 99: 0.9919691268126556}
2025-01-27 08:12:47 - WARNING  - Sum of s_i: 282.80169276616704
2025-01-27 08:12:52 - WARNING  - The sum of accs: 42.0
2025-01-27 08:12:52 - WARNING  - The welfare is 41.8732486000258
2025-01-27 08:13:17 - WARNING  - Epoch:    31. Accuracy: Top-1: 36.80 | Loss: value: 1.67
2025-01-27 08:13:17 - WARNING  - Epoch 31
2025-01-27 08:13:17 - WARNING  - s_i: {0: 2.4908114320116472, 1: 1.0, 2: 0.4854570868084762, 3: 1.9866173807460124, 4: 7.9860643896468035, 5: 0.9910495485866961, 6: 2.486939384192323, 7: 1.0, 8: 1.0, 9: 2.4915118173182846, 10: 0.9797019108983327, 11: 0.4955500459456308, 12: 3.485122238731347, 13: 3.4959836995331317, 14: 5.995895004685056, 15: 6.490891659263341, 16: 4.9958559023462366, 17: 2.4917556943757315, 18: 0.9853523446555612, 19: 3.4903003230132157, 20: 1.9951554849997337, 21: 2.4954416293900064, 22: 1.0, 23: 1.9950609487172408, 24: 1.0, 25: 1.0, 26: 2.483109508878211, 27: 0.4953003458067059, 28: 2.985987356736665, 29: 7.4918745162007205, 30: 1.4959378501451188, 31: 1.0, 32: 6.990012128627895, 33: 4.9858421291270805, 34: 1.0, 35: 5.491382484626379, 36: 1.9811146999895974, 37: 7.991991193323772, 38: 2.9915852930783484, 39: 2.99581687607023, 40: 1.0, 41: 5.4909447749113935, 42: 6.991142893148744, 43: 7.495506798815182, 44: 0.49584020323965927, 45: 1.0, 46: 0.49553762029851833, 47: 4.995102294062459, 48: 2.495113796699819, 49: 1.0, 50: 1.4777899590930375, 51: 5.987191547945169, 52: 1.4911431100316195, 53: 2.491480784346587, 54: 1.0, 55: 0.4900714889105735, 56: 4.995820387178899, 57: 1.491669931418616, 58: 1.0, 59: 0.9956874638786276, 60: 7.980658568477983, 61: 0.49118816903177454, 62: 5.99540230330962, 63: 1.0, 64: 1.495471493270208, 65: 4.495092366986666, 66: 5.98577398260513, 67: 3.490900339345692, 68: 2.983564153350887, 69: 0.9914469254943472, 70: 7.995102670946368, 71: 4.490402407307449, 72: 0.4954485744047543, 73: 1.0, 74: 2.9870438832444934, 75: 1.9915233084877864, 76: 3.995859192158652, 77: 1.0, 78: 2.9911559094718636, 79: 6.991932104867302, 80: 1.4905626398207419, 81: 1.4950059043984332, 82: 0.995433193774412, 83: 0.49063335320603585, 84: 2.9868994253961523, 85: 6.4908987486269, 86: 0.4958723895003708, 87: 0.4910329258895897, 88: 0.9958152092834401, 89: 1.0, 90: 1.0, 91: 1.4951289210414123, 92: 1.0, 93: 6.991867705258876, 94: 6.4857465830395995, 95: 4.487396018377429, 96: 4.495329412893744, 97: 0.4900454125680339, 98: 1.0, 99: 0.9919691268126556}
2025-01-27 08:13:17 - WARNING  - Sum of s_i: 281.78811868510326
2025-01-27 08:13:40 - WARNING  - Epoch:    32. Accuracy: Top-1: 41.16 | Loss: value: 1.61
2025-01-27 08:13:40 - WARNING  - Epoch 32
2025-01-27 08:13:40 - WARNING  - s_i: {0: 2.4908114320116472, 1: 1.0, 2: 0.4854570868084762, 3: 1.9866173807460124, 4: 7.9860643896468035, 5: 0.4865743228800473, 6: 2.486939384192323, 7: 1.0, 8: 1.0, 9: 2.4915118173182846, 10: 0.9797019108983327, 11: 0.4955500459456308, 12: 3.485122238731347, 13: 3.4959836995331317, 14: 5.995895004685056, 15: 6.986337488895013, 16: 4.9958559023462366, 17: 2.4917556943757315, 18: 0.9853523446555612, 19: 3.4903003230132157, 20: 1.9951554849997337, 21: 2.4954416293900064, 22: 1.0, 23: 1.9950609487172408, 24: 1.0, 25: 1.0, 26: 2.483109508878211, 27: 0.4953003458067059, 28: 2.985987356736665, 29: 7.4918745162007205, 30: 1.4959378501451188, 31: 1.0, 32: 6.990012128627895, 33: 4.9858421291270805, 34: 1.0, 35: 5.491382484626379, 36: 1.9811146999895974, 37: 7.991991193323772, 38: 2.9915852930783484, 39: 2.99581687607023, 40: 0.49510059135231665, 41: 5.4909447749113935, 42: 6.991142893148744, 43: 7.495506798815182, 44: 0.49584020323965927, 45: 1.0, 46: 0.49553762029851833, 47: 4.995102294062459, 48: 2.495113796699819, 49: 1.0, 50: 1.4777899590930375, 51: 5.987191547945169, 52: 1.4911431100316195, 53: 2.491480784346587, 54: 1.0, 55: 0.4900714889105735, 56: 4.995820387178899, 57: 1.491669931418616, 58: 1.0, 59: 0.9956874638786276, 60: 7.980658568477983, 61: 0.49118816903177454, 62: 5.99540230330962, 63: 1.0, 64: 1.495471493270208, 65: 4.495092366986666, 66: 5.98577398260513, 67: 3.490900339345692, 68: 2.983564153350887, 69: 0.9914469254943472, 70: 7.995102670946368, 71: 4.490402407307449, 72: 0.4954485744047543, 73: 1.0, 74: 2.9870438832444934, 75: 1.9915233084877864, 76: 3.995859192158652, 77: 1.0, 78: 2.9911559094718636, 79: 6.991932104867302, 80: 1.4905626398207419, 81: 1.4950059043984332, 82: 0.995433193774412, 83: 0.49063335320603585, 84: 2.9868994253961523, 85: 6.4908987486269, 86: 0.4958723895003708, 87: 0.4910329258895897, 88: 2.491630418566882, 89: 1.0, 90: 1.0, 91: 1.4951289210414123, 92: 1.0, 93: 4.987801557888313, 94: 6.4857465830395995, 95: 4.487396018377429, 96: 4.495329412893744, 97: 0.9850681188520518, 98: 1.0, 99: 0.9919691268126556}
2025-01-27 08:13:40 - WARNING  - Sum of s_i: 281.26096164857745
CUDA avaiable? True
Files already downloaded and verified
Files already downloaded and verified
Sum of train  800
Sum of test  200
fl_total_participants:  100
{88: 0.0, 74: 0.0, 25: -0.4, 32: -0.25, 57: 0.09999999999999995, 19: 0.30000000000000004, 29: 0.15, 12: -0.30000000000000004, 18: 0.25, 71: -0.20000000000000004}
Length of Loader 100
{68: -0.15000000000000008, 79: -0.15000000000000008, 21: 0.15, 85: 0.09999999999999992, 99: 0.44999999999999996, 13: 0.25, 94: 0.19999999999999996, 41: 0.49999999999999994, 69: 0.09999999999999992, 60: 0.09999999999999987}
Length of Loader 100
{46: -0.65, 25: -0.24999999999999997, 79: 0.10000000000000002, 10: 0.20000000000000004, 6: 0.15, 52: -0.5999999999999999, 90: -0.25, 51: 0.0, 31: -0.65, 69: -0.6}
Length of Loader 100
{97: -6.938893903907228e-17, 38: 0.10000000000000009, 19: -0.049999999999999975, 55: 0.049999999999999975, 94: 6.938893903907228e-17, 81: 0.050000000000000044, 64: 0.050000000000000044, 5: 0.09999999999999994, 50: 0.20000000000000004, 83: 0.19999999999999996}
Length of Loader 100
{56: 0.4, 55: -0.10000000000000002, 80: -0.55, 79: 0.49999999999999994, 3: 0.049999999999999975, 37: 0.35000000000000003, 70: 0.7, 26: 0.30000000000000004, 84: 0.7, 51: 0.39999999999999997}
Length of Loader 100
{24: -0.5, 74: 0.0, 33: -0.09999999999999995, 86: -0.050000000000000044, 27: -0.049999999999999975, 80: 0.050000000000000044, 50: 0.24999999999999994, 10: -6.938893903907228e-17, 87: 0.0, 99: -0.45}
Length of Loader 100
{76: -0.3, 46: -0.24999999999999994, 82: 6.938893903907228e-17, 27: -0.09999999999999995, 20: -0.19999999999999996, 4: 0.25, 33: 0.3, 37: 0.8500000000000001, 23: 0.10000000000000009, 60: 0.29999999999999993}
Length of Loader 100
{78: 0.19999999999999996, 81: 0.7499999999999999, 43: 0.65, 98: 0.9500000000000001, 71: 1.25, 75: 0.8999999999999999, 15: 0.7, 55: 1.35, 4: 1.0499999999999998, 54: 0.85}
Length of Loader 100
{50: 0.1999999999999999, 41: -0.04999999999999999, 68: 0.65, 36: 0.4500000000000001, 17: 0.10000000000000009, 34: 0.9000000000000001, 14: 0.5, 19: 1.15, 67: 0.2500000000000002, 22: 1.0}
Length of Loader 100
{32: -0.6, 81: -0.6000000000000001, 59: -0.75, 61: -0.5, 71: -0.10000000000000009, 95: 0.15, 72: -0.45000000000000007, 31: -0.4000000000000001, 47: -0.5000000000000002, 36: -0.09999999999999995}
Length of Loader 100
{11: -0.7000000000000004, 27: -0.6500000000000004, 66: 0.30000000000000027, 78: -0.5499999999999999, 10: -1.2, 50: -0.20000000000000004, 17: -0.3500000000000002, 62: -0.6000000000000001, 58: -0.95, 85: -0.8500000000000001}
Length of Loader 100
{3: 0.3500000000000002, 12: 0.15, 37: 0.35000000000000003, 97: -0.2500000000000001, 35: 0.049999999999999906, 52: 0.34999999999999987, 36: -0.09999999999999995, 4: -0.5, 63: -0.30000000000000016, 65: 0.34999999999999987}
Length of Loader 100
{20: -0.10000000000000009, 39: -0.5499999999999996, 9: -0.3500000000000002, 84: -0.7, 64: -0.7, 44: -0.15000000000000002, 21: -0.2500000000000002, 6: -0.2500000000000002, 97: -0.30000000000000027, 60: -0.15000000000000013}
Length of Loader 100
{44: -0.050000000000000044, 26: 0.050000000000000044, 67: 0.0, 9: 0.24999999999999994, 31: -0.10000000000000009, 74: -0.10000000000000009, 94: -0.5000000000000002, 52: -0.3, 10: -0.24999999999999994, 95: 0.10000000000000009}
Length of Loader 100
{35: -0.3999999999999998, 72: -0.050000000000000044, 64: -0.4500000000000001, 68: -0.34999999999999976, 42: -0.65, 87: -0.6500000000000001, 1: -0.9499999999999997, 21: -0.9499999999999997, 50: -1.25, 54: -0.7999999999999998}
Length of Loader 100
{32: -0.4000000000000001, 34: -0.44999999999999984, 52: -0.4999999999999999, 76: -0.5000000000000002, 27: -0.6, 81: -0.5499999999999999, 75: -0.050000000000000044, 28: -0.050000000000000044, 9: -0.10000000000000009, 97: -0.050000000000000044}
Length of Loader 100
{45: -0.2500000000000002, 7: -0.5000000000000002, 78: -1.15, 43: -1.2000000000000002, 26: -0.6499999999999997, 4: -0.6, 98: -0.5500000000000003, 3: -0.2999999999999997, 63: -1.0499999999999998, 61: -0.7499999999999998}
Length of Loader 100
{18: -0.04999999999999977, 49: -0.7000000000000001, 68: 0.2999999999999997, 53: -0.050000000000000044, 69: -0.2500000000000002, 6: -0.09999999999999981, 95: 0.10000000000000009, 61: 0.10000000000000009, 59: -2.7755575615628914e-16, 80: 1.1500000000000001}
Length of Loader 100
{73: -0.14999999999999986, 4: -0.050000000000000044, 82: -0.09999999999999981, 62: -0.15000000000000013, 72: -0.20000000000000018, 14: 0.3999999999999998, 57: -0.05000000000000032, 44: -0.2500000000000002, 61: -0.15000000000000013, 42: 0.20000000000000018}
Length of Loader 100
{62: -0.10000000000000009, 1: -0.34999999999999976, 32: -0.5499999999999999, 13: -0.4500000000000001, 33: -0.14999999999999986, 86: -0.20000000000000018, 20: -0.34999999999999976, 69: -0.35000000000000003, 68: -0.4000000000000001, 47: -0.35000000000000003}
Length of Loader 100
{84: 0.1999999999999999, 10: 0.050000000000000044, 28: -0.24999999999999994, 78: 0.6, 45: -0.8499999999999999, 81: -0.35000000000000003, 36: -0.15000000000000013, 16: -0.15000000000000013, 89: -0.35000000000000003, 76: -0.3999999999999998}
Length of Loader 100
{34: -0.3, 4: 0.5000000000000002, 38: 0.10000000000000009, 29: 0.5000000000000002, 10: 0.0, 76: 0.3, 28: -0.1999999999999999, 77: -0.24999999999999994, 94: 0.35000000000000003, 80: 0.0}
Length of Loader 100
{42: 0.40000000000000036, 66: -0.3, 44: -0.050000000000000044, 48: 0.14999999999999986, 26: -0.1999999999999999, 35: 0.4000000000000001, 29: 0.10000000000000009, 27: -0.04999999999999977, 12: 0.0, 47: 0.3999999999999998}
Length of Loader 100
{54: -0.35000000000000003, 6: 0.10000000000000009, 17: 0.050000000000000044, 94: 0.20000000000000018, 0: 0.15000000000000013, 32: -0.050000000000000044, 66: 0.4999999999999999, 2: 0.20000000000000018, 71: -0.050000000000000044, 18: -0.35000000000000003}
Length of Loader 100
{65: -0.6, 19: -0.44999999999999984, 66: -0.6500000000000001, 2: -0.15000000000000013, 3: -0.6999999999999997, 22: -0.24999999999999994, 93: -0.6499999999999997, 10: -0.4999999999999999, 87: -0.34999999999999976, 58: -0.4500000000000001}
Length of Loader 100
{26: 0.0, 72: -0.24999999999999994, 75: -0.3, 93: 2.7755575615628914e-16, 11: -0.050000000000000044, 5: -0.35000000000000003, 57: -0.7500000000000002, 48: -0.24999999999999994, 9: -0.3, 50: -0.3999999999999998}
Length of Loader 100
{39: 0.20000000000000018, 12: 0.10000000000000009, 15: -0.15000000000000013, 57: -0.20000000000000018, 33: -0.5499999999999999, 18: -0.5000000000000002, 30: 0.04999999999999977, 28: 0.0, 91: -0.4500000000000001, 81: -0.20000000000000018}
Length of Loader 100
{28: 0.24999999999999994, 0: 0.0, 53: 0.1999999999999999, 83: -0.24999999999999994, 33: 0.24999999999999994, 75: -0.3, 46: -0.050000000000000044, 91: 0.050000000000000044, 60: 0.4500000000000001, 2: -0.09999999999999981}
Length of Loader 100
{32: 0.6500000000000004, 93: 0.6000000000000003, 74: 0.20000000000000018, 94: 0.44999999999999984, 71: 0.4000000000000001, 62: 0.5000000000000002, 96: 0.35000000000000003, 85: 0.4500000000000001, 20: 0.10000000000000009, 75: 0.15000000000000013}
Length of Loader 100
{72: -0.050000000000000044, 79: 0.2500000000000002, 87: -0.050000000000000044, 69: -0.10000000000000009, 16: 0.3999999999999998, 28: -0.4500000000000001, 86: -0.4500000000000001, 5: -0.10000000000000009, 33: -0.5499999999999999, 40: -0.2999999999999997}
Length of Loader 100
{16: 0.3999999999999998, 78: 2.7755575615628914e-16, 18: -0.1999999999999999, 52: -0.15000000000000013, 80: -0.5000000000000002, 51: 0.09999999999999981, 32: -0.8999999999999997, 49: -0.4999999999999996, 10: -0.3999999999999998, 2: -0.44999999999999984}
Length of Loader 100
{61: -0.10000000000000009, 97: 0.050000000000000044, 15: 0.050000000000000044, 93: -0.1999999999999999, 5: -0.04999999999999977, 88: 0.15000000000000013, 49: -0.6000000000000003, 57: -0.7000000000000002, 40: -0.050000000000000044, 58: -0.4000000000000001}
Length of Loader 100
{47: -0.2500000000000002, 92: -0.7000000000000001, 11: -0.3999999999999998, 65: -0.7999999999999996, 61: -0.6999999999999997, 43: 0.050000000000000044, 37: -0.5000000000000002, 3: -0.3, 80: -0.65, 25: -0.4999999999999999}
2025-01-27 08:14:06 - WARNING  - Epoch:    33. Accuracy: Top-1: 39.10 | Loss: value: 1.64
2025-01-27 08:14:06 - WARNING  - Epoch 33
2025-01-27 08:14:06 - WARNING  - s_i: {0: 2.4908114320116472, 1: 1.0, 2: 0.4854570868084762, 3: 1.9866173807460124, 4: 7.9860643896468035, 5: 0.4865743228800473, 6: 2.486939384192323, 7: 1.0, 8: 1.0, 9: 2.4915118173182846, 10: 0.9797019108983327, 11: 0.4955500459456308, 12: 3.485122238731347, 13: 3.4959836995331317, 14: 5.995895004685056, 15: 6.986337488895013, 16: 4.9958559023462366, 17: 2.4917556943757315, 18: 0.9853523446555612, 19: 3.4903003230132157, 20: 1.9951554849997337, 21: 2.4954416293900064, 22: 1.0, 23: 1.9950609487172408, 24: 1.0, 25: 1.0, 26: 2.483109508878211, 27: 0.4953003458067059, 28: 2.985987356736665, 29: 7.4918745162007205, 30: 1.4959378501451188, 31: 1.0, 32: 6.990012128627895, 33: 4.9858421291270805, 34: 1.0, 35: 5.491382484626379, 36: 1.9811146999895974, 37: 2.987986789985656, 38: 2.9915852930783484, 39: 2.99581687607023, 40: 0.49510059135231665, 41: 5.4909447749113935, 42: 6.991142893148744, 43: 7.991013597630364, 44: 0.49584020323965927, 45: 1.0, 46: 0.49553762029851833, 47: 2.4902045881249175, 48: 2.495113796699819, 49: 1.0, 50: 1.4777899590930375, 51: 5.987191547945169, 52: 1.4911431100316195, 53: 2.491480784346587, 54: 1.0, 55: 0.4900714889105735, 56: 4.995820387178899, 57: 1.491669931418616, 58: 1.0, 59: 0.9956874638786276, 60: 7.980658568477983, 61: 0.49118816903177454, 62: 5.99540230330962, 63: 1.0, 64: 1.495471493270208, 65: 4.495092366986666, 66: 5.98577398260513, 67: 3.490900339345692, 68: 2.983564153350887, 69: 0.9914469254943472, 70: 7.995102670946368, 71: 4.490402407307449, 72: 0.4954485744047543, 73: 1.0, 74: 2.9870438832444934, 75: 1.9915233084877864, 76: 3.995859192158652, 77: 1.0, 78: 2.9911559094718636, 79: 6.991932104867302, 80: 1.4905626398207419, 81: 1.4950059043984332, 82: 0.995433193774412, 83: 0.49063335320603585, 84: 2.9868994253961523, 85: 6.4908987486269, 86: 0.4958723895003708, 87: 0.4910329258895897, 88: 2.491630418566882, 89: 1.0, 90: 1.0, 91: 1.4951289210414123, 92: 1.0, 93: 4.987801557888313, 94: 6.4857465830395995, 95: 4.487396018377429, 96: 4.495329412893744, 97: 0.9850681188520518, 98: 1.0, 99: 0.9919691268126556}
2025-01-27 08:14:06 - WARNING  - Sum of s_i: 274.247566338117
2025-01-27 08:14:29 - WARNING  - Epoch:    34. Accuracy: Top-1: 40.09 | Loss: value: 1.61
2025-01-27 08:14:29 - WARNING  - Epoch 34
2025-01-27 08:14:29 - WARNING  - s_i: {0: 4.986217148017472, 1: 1.0, 2: 0.4854570868084762, 3: 1.9866173807460124, 4: 7.9860643896468035, 5: 0.4865743228800473, 6: 4.482585845589762, 7: 1.0, 8: 1.0, 9: 2.4915118173182846, 10: 0.9797019108983327, 11: 0.4955500459456308, 12: 3.485122238731347, 13: 3.4959836995331317, 14: 5.995895004685056, 15: 6.986337488895013, 16: 4.9958559023462366, 17: 2.4917556943757315, 18: 0.9853523446555612, 19: 3.4903003230132157, 20: 1.9951554849997337, 21: 2.4954416293900064, 22: 1.0, 23: 1.9950609487172408, 24: 1.0, 25: 1.0, 26: 2.483109508878211, 27: 0.4953003458067059, 28: 1.981316475648886, 29: 7.4918745162007205, 30: 1.4959378501451188, 31: 1.0, 32: 6.990012128627895, 33: 4.9858421291270805, 34: 1.0, 35: 5.491382484626379, 36: 1.9811146999895974, 37: 2.987986789985656, 38: 2.9915852930783484, 39: 2.99581687607023, 40: 0.49510059135231665, 41: 5.4909447749113935, 42: 6.991142893148744, 43: 7.991013597630364, 44: 0.49584020323965927, 45: 1.0, 46: 0.49553762029851833, 47: 2.4902045881249175, 48: 3.9902275933996405, 49: 1.0, 50: 1.4777899590930375, 51: 5.987191547945169, 52: 1.4911431100316195, 53: 2.491480784346587, 54: 1.0, 55: 0.4900714889105735, 56: 4.995820387178899, 57: 1.491669931418616, 58: 1.0, 59: 0.9956874638786276, 60: 7.980658568477983, 61: 0.49118816903177454, 62: 5.99540230330962, 63: 1.0, 64: 1.495471493270208, 65: 4.495092366986666, 66: 5.98577398260513, 67: 3.490900339345692, 68: 2.983564153350887, 69: 0.9914469254943472, 70: 7.995102670946368, 71: 4.490402407307449, 72: 0.4954485744047543, 73: 1.0, 74: 2.9870438832444934, 75: 1.9915233084877864, 76: 3.995859192158652, 77: 1.0, 78: 2.4867338642077934, 79: 6.991932104867302, 80: 1.4905626398207419, 81: 2.9900118087968672, 82: 0.995433193774412, 83: 0.49063335320603585, 84: 2.9868994253961523, 85: 6.4908987486269, 86: 0.4958723895003708, 87: 0.4910329258895897, 88: 2.491630418566882, 89: 1.0, 90: 1.0, 91: 1.4951289210414123, 92: 1.0, 93: 4.987801557888313, 94: 6.4857465830395995, 95: 4.483194691169902, 96: 4.495329412893744, 97: 3.4800908251360685, 98: 1.0, 99: 0.9919691268126556}
2025-01-27 08:14:29 - WARNING  - Sum of s_i: 282.71046666934313
2025-01-27 08:14:54 - WARNING  - Epoch:    35. Accuracy: Top-1: 40.64 | Loss: value: 1.60
2025-01-27 08:14:54 - WARNING  - Epoch 35
2025-01-27 08:14:54 - WARNING  - s_i: {0: 4.986217148017472, 1: 1.0, 2: 0.4854570868084762, 3: 1.9866173807460124, 4: 7.9860643896468035, 5: 0.4865743228800473, 6: 4.482585845589762, 7: 1.0, 8: 1.0, 9: 2.4915118173182846, 10: 0.9797019108983327, 11: 0.4955500459456308, 12: 3.485122238731347, 13: 3.4959836995331317, 14: 5.995895004685056, 15: 0.48178331852668155, 16: 4.9958559023462366, 17: 2.4917556943757315, 18: 0.9853523446555612, 19: 3.4903003230132157, 20: 1.9951554849997337, 21: 2.4954416293900064, 22: 1.0, 23: 1.9950609487172408, 24: 1.0, 25: 1.0, 26: 2.483109508878211, 27: 0.4953003458067059, 28: 1.981316475648886, 29: 7.4918745162007205, 30: 1.4959378501451188, 31: 1.0, 32: 6.990012128627895, 33: 4.9858421291270805, 34: 1.0, 35: 5.491382484626379, 36: 1.9811146999895974, 37: 2.987986789985656, 38: 2.9915852930783484, 39: 2.99581687607023, 40: 0.49510059135231665, 41: 5.4909447749113935, 42: 6.991142893148744, 43: 7.991013597630364, 44: 0.49584020323965927, 45: 1.0, 46: 0.49553762029851833, 47: 2.4902045881249175, 48: 3.9902275933996405, 49: 1.0, 50: 1.4777899590930375, 51: 5.987191547945169, 52: 1.4911431100316195, 53: 2.491480784346587, 54: 1.0, 55: 0.4900714889105735, 56: 4.995820387178899, 57: 1.491669931418616, 58: 1.0, 59: 0.9956874638786276, 60: 7.980658568477983, 61: 0.49118816903177454, 62: 5.99540230330962, 63: 1.0, 64: 1.495471493270208, 65: 4.495092366986666, 66: 5.98577398260513, 67: 3.490900339345692, 68: 2.983564153350887, 69: 0.9914469254943472, 70: 7.995102670946368, 71: 4.490402407307449, 72: 0.4954485744047543, 73: 1.0, 74: 2.9870438832444934, 75: 1.9915233084877864, 76: 3.995859192158652, 77: 1.0, 78: 2.4867338642077934, 79: 6.991932104867302, 80: 1.4905626398207419, 81: 2.9900118087968672, 82: 0.995433193774412, 83: 0.49063335320603585, 84: 2.9868994253961523, 85: 6.4908987486269, 86: 0.4958723895003708, 87: 0.4910329258895897, 88: 2.491630418566882, 89: 1.0, 90: 1.0, 91: 1.4951289210414123, 92: 1.0, 93: 4.987801557888313, 94: 6.4857465830395995, 95: 4.483194691169902, 96: 4.495329412893744, 97: 3.4800908251360685, 98: 1.0, 99: 0.9919691268126556}
2025-01-27 08:14:54 - WARNING  - Sum of s_i: 276.20591249897484
2025-01-27 08:15:18 - WARNING  - Epoch:    36. Accuracy: Top-1: 41.78 | Loss: value: 1.57
2025-01-27 08:15:18 - WARNING  - Epoch 36
2025-01-27 08:15:18 - WARNING  - s_i: {0: 4.986217148017472, 1: 1.0, 2: 0.4854570868084762, 3: 1.9866173807460124, 4: 7.9860643896468035, 5: 0.4865743228800473, 6: 4.482585845589762, 7: 1.0, 8: 1.0, 9: 2.4915118173182846, 10: 0.9797019108983327, 11: 0.4955500459456308, 12: 3.485122238731347, 13: 3.4959836995331317, 14: 5.995895004685056, 15: 1.9772291481583517, 16: 4.9958559023462366, 17: 2.4917556943757315, 18: 0.9853523446555612, 19: 5.485450484519825, 20: 3.9903109699994683, 21: 2.4954416293900064, 22: 1.0, 23: 1.9950609487172408, 24: 1.0, 25: 1.0, 26: 2.483109508878211, 27: 0.4953003458067059, 28: 1.981316475648886, 29: 7.4918745162007205, 30: 1.4959378501451188, 31: 1.0, 32: 6.990012128627895, 33: 4.9858421291270805, 34: 1.0, 35: 5.491382484626379, 36: 1.9811146999895974, 37: 2.987986789985656, 38: 2.9915852930783484, 39: 2.99581687607023, 40: 0.49510059135231665, 41: 5.4909447749113935, 42: 6.991142893148744, 43: 7.991013597630364, 44: 0.49584020323965927, 45: 1.0, 46: 0.49553762029851833, 47: 2.4902045881249175, 48: 3.9902275933996405, 49: 1.0, 50: 2.473347950911646, 51: 5.987191547945169, 52: 1.4911431100316195, 53: 2.491480784346587, 54: 1.0, 55: 0.4900714889105735, 56: 4.995820387178899, 57: 1.491669931418616, 58: 1.0, 59: 0.9956874638786276, 60: 7.980658568477983, 61: 0.49118816903177454, 62: 5.99540230330962, 63: 1.0, 64: 1.495471493270208, 65: 4.495092366986666, 66: 5.98577398260513, 67: 5.486350509018536, 68: 2.983564153350887, 69: 4.98717038824152, 70: 7.995102670946368, 71: 4.490402407307449, 72: 0.4954485744047543, 73: 1.0, 74: 2.9870438832444934, 75: 1.4872849627316787, 76: 6.991718384317304, 77: 1.0, 78: 2.4867338642077934, 79: 6.991932104867302, 80: 1.4905626398207419, 81: 2.9900118087968672, 82: 0.995433193774412, 83: 0.49063335320603585, 84: 2.9868994253961523, 85: 6.4908987486269, 86: 0.4958723895003708, 87: 0.4910329258895897, 88: 2.491630418566882, 89: 1.0, 90: 1.0, 91: 1.490257842082824, 92: 1.0, 93: 4.987801557888313, 94: 6.4857465830395995, 95: 4.483194691169902, 96: 4.495329412893744, 97: 3.4800908251360685, 98: 1.0, 99: 0.9919691268126556}
2025-01-27 08:15:18 - WARNING  - Sum of s_i: 291.1651453667954
2025-01-27 08:15:45 - WARNING  - Epoch:    37. Accuracy: Top-1: 41.52 | Loss: value: 1.58
2025-01-27 08:15:45 - WARNING  - Epoch 37
2025-01-27 08:15:45 - WARNING  - s_i: {0: 4.986217148017472, 1: 1.0, 2: 0.4854570868084762, 3: 1.9866173807460124, 4: 7.9860643896468035, 5: 0.4865743228800473, 6: 4.482585845589762, 7: 1.0, 8: 1.0, 9: 2.4915118173182846, 10: 0.9797019108983327, 11: 0.4955500459456308, 12: 3.485122238731347, 13: 3.4959836995331317, 14: 5.995895004685056, 15: 1.9772291481583517, 16: 4.9958559023462366, 17: 2.4917556943757315, 18: 0.9853523446555612, 19: 5.485450484519825, 20: 3.9903109699994683, 21: 2.4954416293900064, 22: 1.0, 23: 1.9950609487172408, 24: 1.0, 25: 1.0, 26: 2.483109508878211, 27: 0.4953003458067059, 28: 1.981316475648886, 29: 7.4918745162007205, 30: 1.4959378501451188, 31: 1.0, 32: 6.990012128627895, 33: 4.9858421291270805, 34: 1.0, 35: 5.491382484626379, 36: 1.9811146999895974, 37: 2.987986789985656, 38: 0.4873779396175224, 39: 2.99581687607023, 40: 0.49510059135231665, 41: 5.4909447749113935, 42: 6.991142893148744, 43: 1.4865203964455445, 44: 0.49584020323965927, 45: 1.0, 46: 0.49553762029851833, 47: 2.4902045881249175, 48: 3.9902275933996405, 49: 1.0, 50: 2.473347950911646, 51: 5.987191547945169, 52: 1.4911431100316195, 53: 2.491480784346587, 54: 1.0, 55: 0.4900714889105735, 56: 4.995820387178899, 57: 1.491669931418616, 58: 1.0, 59: 0.9956874638786276, 60: 7.980658568477983, 61: 0.49118816903177454, 62: 5.99540230330962, 63: 1.0, 64: 1.495471493270208, 65: 4.495092366986666, 66: 5.98577398260513, 67: 5.486350509018536, 68: 2.983564153350887, 69: 6.9828938509886935, 70: 7.995102670946368, 71: 4.490402407307449, 72: 0.4954485744047543, 73: 1.0, 74: 2.9870438832444934, 75: 1.4872849627316787, 76: 1.4875775764759567, 77: 1.0, 78: 2.4867338642077934, 79: 6.991932104867302, 80: 1.4905626398207419, 81: 2.9900118087968672, 82: 0.995433193774412, 83: 0.49063335320603585, 84: 2.9868994253961523, 85: 6.4908987486269, 86: 0.4958723895003708, 87: 0.4910329258895897, 88: 2.491630418566882, 89: 1.0, 90: 1.0, 91: 1.490257842082824, 92: 1.0, 93: 4.987801557888313, 94: 6.4857465830395995, 95: 4.483194691169902, 96: 4.495329412893744, 97: 3.4800908251360685, 98: 1.0, 99: 0.9919691268126556}
2025-01-27 08:15:45 - WARNING  - Sum of s_i: 278.6480274670556
2025-01-27 08:16:09 - WARNING  - Epoch:    38. Accuracy: Top-1: 40.94 | Loss: value: 1.61
2025-01-27 08:16:09 - WARNING  - Epoch 38
2025-01-27 08:16:09 - WARNING  - s_i: {0: 4.986217148017472, 1: 1.0, 2: 0.4854570868084762, 3: 1.9866173807460124, 4: 7.9860643896468035, 5: 0.4865743228800473, 6: 4.482585845589762, 7: 1.0, 8: 1.0, 9: 2.4915118173182846, 10: 0.9797019108983327, 11: 0.4955500459456308, 12: 3.485122238731347, 13: 3.4959836995331317, 14: 5.995895004685056, 15: 1.9772291481583517, 16: 4.9958559023462366, 17: 2.4917556943757315, 18: 0.9853523446555612, 19: 5.485450484519825, 20: 3.9903109699994683, 21: 2.4954416293900064, 22: 1.0, 23: 1.9950609487172408, 24: 1.0, 25: 1.0, 26: 2.483109508878211, 27: 0.4953003458067059, 28: 1.981316475648886, 29: 7.4918745162007205, 30: 1.4959378501451188, 31: 1.0, 32: 6.990012128627895, 33: 4.9858421291270805, 34: 1.0, 35: 5.491382484626379, 36: 1.9811146999895974, 37: 2.987986789985656, 38: 0.4873779396175224, 39: 2.99581687607023, 40: 0.49510059135231665, 41: 5.4909447749113935, 42: 6.991142893148744, 43: 1.4865203964455445, 44: 0.49584020323965927, 45: 1.0, 46: 0.49553762029851833, 47: 2.4902045881249175, 48: 3.9902275933996405, 49: 1.0, 50: 2.473347950911646, 51: 5.987191547945169, 52: 1.4911431100316195, 53: 2.491480784346587, 54: 1.0, 55: 0.4900714889105735, 56: 4.995820387178899, 57: 1.491669931418616, 58: 1.0, 59: 0.9956874638786276, 60: 1.4758232105974827, 61: 0.49118816903177454, 62: 5.99540230330962, 63: 1.0, 64: 1.495471493270208, 65: 4.495092366986666, 66: 5.98577398260513, 67: 5.486350509018536, 68: 2.983564153350887, 69: 6.9828938509886935, 70: 7.995102670946368, 71: 4.490402407307449, 72: 0.4954485744047543, 73: 1.0, 74: 2.9870438832444934, 75: 1.4872849627316787, 76: 1.4875775764759567, 77: 1.0, 78: 2.4867338642077934, 79: 6.991932104867302, 80: 1.4905626398207419, 81: 2.9900118087968672, 82: 0.995433193774412, 83: 0.49063335320603585, 84: 2.9868994253961523, 85: 6.4908987486269, 86: 0.4958723895003708, 87: 0.4910329258895897, 88: 2.491630418566882, 89: 1.0, 90: 1.0, 91: 1.490257842082824, 92: 1.0, 93: 4.987801557888313, 94: 6.4857465830395995, 95: 4.483194691169902, 96: 4.495329412893744, 97: 3.4800908251360685, 98: 1.0, 99: 0.9919691268126556}
2025-01-27 08:16:09 - WARNING  - Sum of s_i: 272.1431921091751
2025-01-27 08:16:34 - WARNING  - Epoch:    39. Accuracy: Top-1: 43.15 | Loss: value: 1.52
2025-01-27 08:16:34 - WARNING  - Epoch 39
2025-01-27 08:16:34 - WARNING  - s_i: {0: 4.986217148017472, 1: 1.0, 2: 0.4854570868084762, 3: 1.9866173807460124, 4: 7.9860643896468035, 5: 0.4865743228800473, 6: 4.482585845589762, 7: 1.0, 8: 1.0, 9: 2.4915118173182846, 10: 0.9797019108983327, 11: 0.4955500459456308, 12: 5.480162984975128, 13: 3.4959836995331317, 14: 5.995895004685056, 15: 1.9772291481583517, 16: 4.9958559023462366, 17: 2.4917556943757315, 18: 0.9853523446555612, 19: 5.485450484519825, 20: 3.9903109699994683, 21: 2.4954416293900064, 22: 1.0, 23: 1.9950609487172408, 24: 1.0, 25: 0.9952456756046375, 26: 2.483109508878211, 27: 0.4953003458067059, 28: 1.981316475648886, 29: 7.4918745162007205, 30: 1.4959378501451188, 31: 1.0, 32: 6.990012128627895, 33: 4.9858421291270805, 34: 1.0, 35: 5.491382484626379, 36: 1.9811146999895974, 37: 2.987986789985656, 38: 0.4873779396175224, 39: 2.99581687607023, 40: 4.990201182704632, 41: 5.4909447749113935, 42: 6.991142893148744, 43: 1.4865203964455445, 44: 0.49584020323965927, 45: 1.0, 46: 0.49553762029851833, 47: 2.4902045881249175, 48: 3.9902275933996405, 49: 1.0, 50: 4.468905942730255, 51: 5.987191547945169, 52: 1.4911431100316195, 53: 2.491480784346587, 54: 1.0, 55: 0.4900714889105735, 56: 4.995820387178899, 57: 1.491669931418616, 58: 1.0, 59: 0.9956874638786276, 60: 1.4758232105974827, 61: 0.49118816903177454, 62: 5.99540230330962, 63: 1.0, 64: 1.495471493270208, 65: 4.495092366986666, 66: 5.98577398260513, 67: 5.486350509018536, 68: 2.983564153350887, 69: 6.9828938509886935, 70: 7.995102670946368, 71: 4.490402407307449, 72: 0.4954485744047543, 73: 1.0, 74: 6.482725177659321, 75: 1.4872849627316787, 76: 1.4875775764759567, 77: 1.0, 78: 2.4867338642077934, 79: 6.991932104867302, 80: 1.4905626398207419, 81: 2.9900118087968672, 82: 0.995433193774412, 83: 0.49063335320603585, 84: 2.9868994253961523, 85: 6.4908987486269, 86: 0.4958723895003708, 87: 0.4910329258895897, 88: 2.491630418566882, 89: 1.0, 90: 1.0, 91: 1.490257842082824, 92: 1.0, 93: 4.987801557888313, 94: 2.980995444052796, 95: 4.483194691169902, 96: 4.495329412893744, 97: 3.4800908251360685, 98: 1.0, 99: 0.9919691268126556}
2025-01-27 08:16:34 - WARNING  - Sum of s_i: 280.61506726962244
2025-01-27 08:16:57 - WARNING  - Epoch:    40. Accuracy: Top-1: 42.75 | Loss: value: 1.53
2025-01-27 08:16:57 - WARNING  - Epoch 40
2025-01-27 08:16:57 - WARNING  - s_i: {0: 4.986217148017472, 1: 1.0, 2: 0.4854570868084762, 3: 1.9866173807460124, 4: 7.9860643896468035, 5: 0.4865743228800473, 6: 4.482585845589762, 7: 1.0, 8: 1.0, 9: 2.4915118173182846, 10: 0.9797019108983327, 11: 0.4955500459456308, 12: 5.480162984975128, 13: 3.4959836995331317, 14: 5.995895004685056, 15: 1.9772291481583517, 16: 4.9958559023462366, 17: 2.4917556943757315, 18: 0.9853523446555612, 19: 5.485450484519825, 20: 3.9903109699994683, 21: 2.4954416293900064, 22: 1.0, 23: 1.9950609487172408, 24: 1.0, 25: 0.9952456756046375, 26: 2.483109508878211, 27: 0.4953003458067059, 28: 1.981316475648886, 29: 7.4918745162007205, 30: 1.4959378501451188, 31: 1.0, 32: 6.990012128627895, 33: 4.9858421291270805, 34: 1.0, 35: 5.491382484626379, 36: 1.9811146999895974, 37: 2.987986789985656, 38: 0.4873779396175224, 39: 2.99581687607023, 40: 4.990201182704632, 41: 5.4909447749113935, 42: 6.991142893148744, 43: 1.4865203964455445, 44: 0.49584020323965927, 45: 1.0, 46: 0.49553762029851833, 47: 2.4902045881249175, 48: 3.9902275933996405, 49: 1.0, 50: 4.468905942730255, 51: 5.987191547945169, 52: 1.4911431100316195, 53: 2.491480784346587, 54: 1.0, 55: 0.4900714889105735, 56: 4.995820387178899, 57: 1.491669931418616, 58: 1.0, 59: 0.9956874638786276, 60: 1.4758232105974827, 61: 0.49118816903177454, 62: 5.99540230330962, 63: 1.0, 64: 1.495471493270208, 65: 4.495092366986666, 66: 5.98577398260513, 67: 5.486350509018536, 68: 2.983564153350887, 69: 6.9828938509886935, 70: 7.995102670946368, 71: 4.490402407307449, 72: 0.4954485744047543, 73: 1.0, 74: 6.482725177659321, 75: 1.4872849627316787, 76: 1.4875775764759567, 77: 1.0, 78: 2.4867338642077934, 79: 6.991932104867302, 80: 1.4905626398207419, 81: 2.9900118087968672, 82: 0.995433193774412, 83: 0.49063335320603585, 84: 2.9868994253961523, 85: 6.4908987486269, 86: 0.4958723895003708, 87: 0.4910329258895897, 88: 2.491630418566882, 89: 1.0, 90: 1.0, 91: 1.490257842082824, 92: 1.0, 93: 4.987801557888313, 94: 2.980995444052796, 95: 4.483194691169902, 96: 4.495329412893744, 97: 3.4800908251360685, 98: 1.0, 99: 0.9919691268126556}
2025-01-27 08:16:57 - WARNING  - Sum of s_i: 280.61506726962244
2025-01-27 08:17:03 - WARNING  - The sum of accs: 49.0
2025-01-27 08:17:03 - WARNING  - The welfare is 48.87385265377967
2025-01-27 08:17:28 - WARNING  - Epoch:    41. Accuracy: Top-1: 41.30 | Loss: value: 1.59
2025-01-27 08:17:28 - WARNING  - Epoch 41
2025-01-27 08:17:28 - WARNING  - s_i: {0: 4.4816228640232945, 1: 1.0, 2: 0.4854570868084762, 3: 1.9866173807460124, 4: 7.9860643896468035, 5: 0.4865743228800473, 6: 4.482585845589762, 7: 2.495765304813423, 8: 1.0, 9: 2.4915118173182846, 10: 0.9797019108983327, 11: 0.4955500459456308, 12: 5.480162984975128, 13: 3.4959836995331317, 14: 4.4917900093701135, 15: 1.9772291481583517, 16: 4.9958559023462366, 17: 2.4917556943757315, 18: 0.9853523446555612, 19: 5.485450484519825, 20: 3.9903109699994683, 21: 2.4954416293900064, 22: 1.0, 23: 1.9950609487172408, 24: 1.0, 25: 0.9952456756046375, 26: 2.483109508878211, 27: 0.4953003458067059, 28: 1.981316475648886, 29: 7.4918745162007205, 30: 1.4959378501451188, 31: 1.0, 32: 6.990012128627895, 33: 4.9858421291270805, 34: 1.0, 35: 5.491382484626379, 36: 1.9811146999895974, 37: 2.987986789985656, 38: 0.4873779396175224, 39: 2.99581687607023, 40: 4.990201182704632, 41: 5.4909447749113935, 42: 6.991142893148744, 43: 1.4865203964455445, 44: 0.49584020323965927, 45: 1.0, 46: 0.49553762029851833, 47: 2.4902045881249175, 48: 3.9902275933996405, 49: 1.0, 50: 4.468905942730255, 51: 5.987191547945169, 52: 1.4911431100316195, 53: 2.491480784346587, 54: 1.0, 55: 0.4900714889105735, 56: 4.995820387178899, 57: 1.491669931418616, 58: 1.0, 59: 0.9956874638786276, 60: 1.4758232105974827, 61: 0.49118816903177454, 62: 5.99540230330962, 63: 1.0, 64: 1.495471493270208, 65: 4.495092366986666, 66: 2.9810319768068365, 67: 5.486350509018536, 68: 2.983564153350887, 69: 6.9828938509886935, 70: 7.995102670946368, 71: 4.490402407307449, 72: 0.4954485744047543, 73: 1.0, 74: 6.482725177659321, 75: 1.4872849627316787, 76: 1.4875775764759567, 77: 1.0, 78: 2.9823118189437214, 79: 6.991932104867302, 80: 1.4905626398207419, 81: 2.4850177131953024, 82: 0.995433193774412, 83: 1.4859500298090547, 84: 2.9868994253961523, 85: 6.4908987486269, 86: 0.4958723895003708, 87: 0.4910329258895897, 88: 2.491630418566882, 89: 1.0, 90: 1.0, 91: 1.490257842082824, 92: 1.0, 93: 4.987801557888313, 94: 2.980995444052796, 95: 4.483194691169902, 96: 3.490658825787486, 97: 3.4800908251360685, 98: 1.0, 99: 0.9919691268126556}
2025-01-27 08:17:28 - WARNING  - Sum of s_i: 277.0786212379596
2025-01-27 08:17:50 - WARNING  - Epoch:    42. Accuracy: Top-1: 42.65 | Loss: value: 1.55
2025-01-27 08:17:50 - WARNING  - Epoch 42
2025-01-27 08:17:50 - WARNING  - s_i: {0: 4.977028580029118, 1: 1.0, 2: 0.4854570868084762, 3: 0.9821565076613501, 4: 7.9860643896468035, 5: 0.4865743228800473, 6: 4.482585845589762, 7: 2.495765304813423, 8: 1.0, 9: 2.4915118173182846, 10: 0.9797019108983327, 11: 0.4955500459456308, 12: 5.480162984975128, 13: 3.4959836995331317, 14: 0.987685014055169, 15: 1.9772291481583517, 16: 4.9958559023462366, 17: 2.4917556943757315, 18: 0.9853523446555612, 19: 5.485450484519825, 20: 3.9903109699994683, 21: 2.4954416293900064, 22: 1.0, 23: 1.9950609487172408, 24: 1.0, 25: 0.9952456756046375, 26: 2.483109508878211, 27: 0.4953003458067059, 28: 1.981316475648886, 29: 7.4918745162007205, 30: 1.4959378501451188, 31: 1.0, 32: 6.990012128627895, 33: 4.9858421291270805, 34: 1.0, 35: 5.491382484626379, 36: 1.9811146999895974, 37: 2.987986789985656, 38: 0.4873779396175224, 39: 2.99581687607023, 40: 4.990201182704632, 41: 5.4909447749113935, 42: 6.991142893148744, 43: 1.4865203964455445, 44: 0.49584020323965927, 45: 1.0, 46: 0.49553762029851833, 47: 2.4902045881249175, 48: 3.9902275933996405, 49: 1.0, 50: 4.468905942730255, 51: 5.987191547945169, 52: 1.4911431100316195, 53: 2.491480784346587, 54: 1.0, 55: 0.4900714889105735, 56: 4.995820387178899, 57: 1.491669931418616, 58: 1.0, 59: 0.9956874638786276, 60: 1.4758232105974827, 61: 0.49118816903177454, 62: 5.99540230330962, 63: 1.0, 64: 1.495471493270208, 65: 4.495092366986666, 66: 2.9810319768068365, 67: 5.486350509018536, 68: 2.983564153350887, 69: 6.9828938509886935, 70: 7.995102670946368, 71: 4.490402407307449, 72: 0.4954485744047543, 73: 1.0, 74: 6.482725177659321, 75: 1.4872849627316787, 76: 1.4875775764759567, 77: 1.0, 78: 2.9823118189437214, 79: 6.991932104867302, 80: 1.4905626398207419, 81: 2.4850177131953024, 82: 0.995433193774412, 83: 1.4859500298090547, 84: 2.9868994253961523, 85: 6.4908987486269, 86: 0.4958723895003708, 87: 0.4910329258895897, 88: 2.491630418566882, 89: 1.0, 90: 1.0, 91: 1.490257842082824, 92: 1.0, 93: 4.987801557888313, 94: 2.980995444052796, 95: 4.483194691169902, 96: 3.490658825787486, 97: 3.4800908251360685, 98: 1.0, 99: 0.9919691268126556}
2025-01-27 08:17:50 - WARNING  - Sum of s_i: 273.0654610855658
2025-01-27 08:18:13 - WARNING  - Epoch:    43. Accuracy: Top-1: 44.67 | Loss: value: 1.47
2025-01-27 08:18:13 - WARNING  - Epoch 43
2025-01-27 08:18:13 - WARNING  - s_i: {0: 4.977028580029118, 1: 1.0, 2: 0.4854570868084762, 3: 0.9821565076613501, 4: 7.9860643896468035, 5: 0.4865743228800473, 6: 4.482585845589762, 7: 2.495765304813423, 8: 1.0, 9: 2.4915118173182846, 10: 0.9797019108983327, 11: 0.4955500459456308, 12: 5.480162984975128, 13: 3.4959836995331317, 14: 0.987685014055169, 15: 0.4726749777900221, 16: 4.9958559023462366, 17: 2.4917556943757315, 18: 0.9853523446555612, 19: 5.485450484519825, 20: 3.9903109699994683, 21: 2.4954416293900064, 22: 1.0, 23: 1.9950609487172408, 24: 1.0, 25: 0.9952456756046375, 26: 2.483109508878211, 27: 0.4953003458067059, 28: 1.981316475648886, 29: 7.4918745162007205, 30: 1.4959378501451188, 31: 1.0, 32: 6.990012128627895, 33: 4.9858421291270805, 34: 1.0, 35: 5.491382484626379, 36: 1.9811146999895974, 37: 2.987986789985656, 38: 0.4873779396175224, 39: 2.99581687607023, 40: 4.990201182704632, 41: 5.4909447749113935, 42: 6.991142893148744, 43: 1.4865203964455445, 44: 0.49584020323965927, 45: 1.0, 46: 0.49553762029851833, 47: 2.4902045881249175, 48: 3.9902275933996405, 49: 1.0, 50: 4.468905942730255, 51: 5.987191547945169, 52: 1.4911431100316195, 53: 2.491480784346587, 54: 1.0, 55: 0.4900714889105735, 56: 4.995820387178899, 57: 1.491669931418616, 58: 1.0, 59: 0.9956874638786276, 60: 1.4758232105974827, 61: 0.49118816903177454, 62: 5.99540230330962, 63: 1.0, 64: 2.9909429865404142, 65: 4.495092366986666, 66: 2.9810319768068365, 67: 5.486350509018536, 68: 2.983564153350887, 69: 6.9828938509886935, 70: 7.995102670946368, 71: 4.490402407307449, 72: 0.4954485744047543, 73: 1.0, 74: 6.482725177659321, 75: 1.4872849627316787, 76: 1.4875775764759567, 77: 1.0, 78: 2.9823118189437214, 79: 6.991932104867302, 80: 1.4905626398207419, 81: 2.4850177131953024, 82: 0.995433193774412, 83: 1.4859500298090547, 84: 2.9868994253961523, 85: 6.4908987486269, 86: 0.9917447790007398, 87: 0.4910329258895897, 88: 2.491630418566882, 89: 1.0, 90: 1.0, 91: 1.490257842082824, 92: 1.0, 93: 4.987801557888313, 94: 2.980995444052796, 95: 4.483194691169902, 96: 3.490658825787486, 97: 3.4800908251360685, 98: 1.0, 99: 0.9919691268126556}
2025-01-27 08:18:13 - WARNING  - Sum of s_i: 273.55225079796804
2025-01-27 08:18:38 - WARNING  - Epoch:    44. Accuracy: Top-1: 45.42 | Loss: value: 1.48
2025-01-27 08:18:38 - WARNING  - Epoch 44
2025-01-27 08:18:38 - WARNING  - s_i: {0: 4.977028580029118, 1: 1.0, 2: 0.4854570868084762, 3: 0.9821565076613501, 4: 7.9860643896468035, 5: 0.4865743228800473, 6: 4.482585845589762, 7: 0.4915306096268486, 8: 1.0, 9: 2.4915118173182846, 10: 0.9797019108983327, 11: 0.4955500459456308, 12: 5.480162984975128, 13: 0.9919673990662643, 14: 0.987685014055169, 15: 0.4726749777900221, 16: 4.9958559023462366, 17: 2.4917556943757315, 18: 0.9853523446555612, 19: 5.485450484519825, 20: 3.9903109699994683, 21: 2.4954416293900064, 22: 1.0, 23: 1.9950609487172408, 24: 1.0, 25: 0.9952456756046375, 26: 2.483109508878211, 27: 0.4953003458067059, 28: 1.981316475648886, 29: 7.4918745162007205, 30: 1.4959378501451188, 31: 1.0, 32: 6.990012128627895, 33: 4.9858421291270805, 34: 1.0, 35: 1.9870737269395677, 36: 1.9811146999895974, 37: 2.983982386647539, 38: 0.4873779396175224, 39: 2.99581687607023, 40: 4.990201182704632, 41: 5.4909447749113935, 42: 6.991142893148744, 43: 1.4865203964455445, 44: 0.49168040647931893, 45: 1.0, 46: 0.49553762029851833, 47: 2.4902045881249175, 48: 3.9902275933996405, 49: 1.0, 50: 4.468905942730255, 51: 5.987191547945169, 52: 1.4911431100316195, 53: 2.491480784346587, 54: 1.0, 55: 0.4900714889105735, 56: 4.995820387178899, 57: 1.491669931418616, 58: 1.0, 59: 0.9956874638786276, 60: 1.4758232105974827, 61: 0.49118816903177454, 62: 5.99540230330962, 63: 1.0, 64: 2.9909429865404142, 65: 4.495092366986666, 66: 2.9810319768068365, 67: 1.9818006786913802, 68: 2.983564153350887, 69: 6.9828938509886935, 70: 7.995102670946368, 71: 4.490402407307449, 72: 0.4954485744047543, 73: 1.0, 74: 6.482725177659321, 75: 1.4872849627316787, 76: 1.4875775764759567, 77: 1.0, 78: 2.9823118189437214, 79: 6.991932104867302, 80: 1.4905626398207419, 81: 2.4850177131953024, 82: 0.995433193774412, 83: 1.4859500298090547, 84: 2.9868994253961523, 85: 6.4908987486269, 86: 0.9917447790007398, 87: 0.4910329258895897, 88: 2.491630418566882, 89: 1.0, 90: 1.0, 91: 1.490257842082824, 92: 1.0, 93: 4.987801557888313, 94: 2.980995444052796, 95: 4.483194691169902, 96: 3.490658825787486, 97: 3.4800908251360685, 98: 1.0, 99: 0.9919691268126556}
2025-01-27 08:18:38 - WARNING  - Sum of s_i: 262.0269770142022
2025-01-27 08:19:05 - WARNING  - Epoch:    45. Accuracy: Top-1: 42.88 | Loss: value: 1.55
2025-01-27 08:19:05 - WARNING  - Epoch 45
2025-01-27 08:19:05 - WARNING  - s_i: {0: 4.977028580029118, 1: 1.0, 2: 0.4854570868084762, 3: 0.9821565076613501, 4: 7.9860643896468035, 5: 0.4865743228800473, 6: 4.482585845589762, 7: 0.4915306096268486, 8: 1.0, 9: 2.4915118173182846, 10: 0.9797019108983327, 11: 0.4955500459456308, 12: 3.975203731218909, 13: 0.9919673990662643, 14: 0.987685014055169, 15: 0.4726749777900221, 16: 4.9958559023462366, 17: 2.4917556943757315, 18: 0.9853523446555612, 19: 5.485450484519825, 20: 3.9903109699994683, 21: 2.4954416293900064, 22: 1.0, 23: 1.9950609487172408, 24: 1.0, 25: 0.9952456756046375, 26: 2.483109508878211, 27: 0.4953003458067059, 28: 1.981316475648886, 29: 7.4918745162007205, 30: 1.4959378501451188, 31: 1.0, 32: 6.990012128627895, 33: 4.9858421291270805, 34: 1.0, 35: 1.9870737269395677, 36: 1.9811146999895974, 37: 2.983982386647539, 38: 0.4873779396175224, 39: 2.99581687607023, 40: 4.990201182704632, 41: 5.4909447749113935, 42: 6.991142893148744, 43: 1.4865203964455445, 44: 0.49168040647931893, 45: 1.0, 46: 0.49553762029851833, 47: 0.9853068821873796, 48: 3.9902275933996405, 49: 1.0, 50: 4.468905942730255, 51: 5.987191547945169, 52: 1.4911431100316195, 53: 2.491480784346587, 54: 1.0, 55: 0.4900714889105735, 56: 4.995820387178899, 57: 1.491669931418616, 58: 1.0, 59: 0.9956874638786276, 60: 1.4758232105974827, 61: 0.49118816903177454, 62: 5.99540230330962, 63: 1.0, 64: 2.9909429865404142, 65: 3.4901847339733347, 66: 2.9810319768068365, 67: 1.9818006786913802, 68: 2.983564153350887, 69: 6.9828938509886935, 70: 7.995102670946368, 71: 2.485603610961174, 72: 0.4954485744047543, 73: 1.0, 74: 6.482725177659321, 75: 1.4872849627316787, 76: 1.4875775764759567, 77: 1.0, 78: 2.9823118189437214, 79: 6.991932104867302, 80: 1.4905626398207419, 81: 2.4850177131953024, 82: 0.995433193774412, 83: 1.4859500298090547, 84: 2.9868994253961523, 85: 6.4908987486269, 86: 0.9917447790007398, 87: 0.4910329258895897, 88: 2.491630418566882, 89: 1.0, 90: 1.0, 91: 1.490257842082824, 92: 1.0, 93: 4.987801557888313, 94: 2.980995444052796, 95: 4.483194691169902, 96: 3.490658825787486, 97: 3.4800908251360685, 98: 1.0, 99: 0.9919691268126556}
2025-01-27 08:19:05 - WARNING  - Sum of s_i: 256.00741362514884
2025-01-27 08:19:30 - WARNING  - Epoch:    46. Accuracy: Top-1: 45.36 | Loss: value: 1.48
2025-01-27 08:19:30 - WARNING  - Epoch 46
2025-01-27 08:19:30 - WARNING  - s_i: {0: 4.977028580029118, 1: 1.0, 2: 0.4854570868084762, 3: 0.9821565076613501, 4: 7.9860643896468035, 5: 0.4865743228800473, 6: 4.482585845589762, 7: 0.4915306096268486, 8: 0.995665628860522, 9: 2.4915118173182846, 10: 0.9797019108983327, 11: 0.4955500459456308, 12: 2.9702444774626904, 13: 0.48795109859939567, 14: 0.987685014055169, 15: 0.4726749777900221, 16: 4.9958559023462366, 17: 2.4917556943757315, 18: 0.9853523446555612, 19: 5.485450484519825, 20: 3.9903109699994683, 21: 2.4954416293900064, 22: 1.0, 23: 1.9950609487172408, 24: 1.0, 25: 0.9952456756046375, 26: 2.483109508878211, 27: 0.4953003458067059, 28: 1.981316475648886, 29: 7.4918745162007205, 30: 1.4959378501451188, 31: 1.0, 32: 2.485018192941843, 33: 4.9858421291270805, 34: 1.0, 35: 1.9870737269395677, 36: 1.9811146999895974, 37: 2.983982386647539, 38: 0.4873779396175224, 39: 2.99581687607023, 40: 4.990201182704632, 41: 5.4909447749113935, 42: 7.986714339723115, 43: 1.4865203964455445, 44: 0.49168040647931893, 45: 1.0, 46: 0.49553762029851833, 47: 0.9853068821873796, 48: 3.9902275933996405, 49: 1.0, 50: 2.9644639345488613, 51: 5.987191547945169, 52: 1.4911431100316195, 53: 2.491480784346587, 54: 1.0, 55: 0.4900714889105735, 56: 4.995820387178899, 57: 1.491669931418616, 58: 2.995430878723785, 59: 0.9956874638786276, 60: 1.4758232105974827, 61: 0.49118816903177454, 62: 5.99540230330962, 63: 1.0, 64: 2.9909429865404142, 65: 5.485277100960004, 66: 2.9810319768068365, 67: 1.9818006786913802, 68: 2.983564153350887, 69: 6.9828938509886935, 70: 7.995102670946368, 71: 2.485603610961174, 72: 0.4954485744047543, 73: 1.0, 74: 6.482725177659321, 75: 1.4872849627316787, 76: 1.4875775764759567, 77: 1.0, 78: 2.9823118189437214, 79: 6.991932104867302, 80: 1.4905626398207419, 81: 2.4850177131953024, 82: 0.995433193774412, 83: 1.4859500298090547, 84: 2.9868994253961523, 85: 6.4908987486269, 86: 0.9917447790007398, 87: 0.4910329258895897, 88: 2.491630418566882, 89: 1.0, 90: 1.0, 91: 1.490257842082824, 92: 4.4950838866764755, 93: 4.987801557888313, 94: 2.980995444052796, 95: 4.483194691169902, 96: 3.490658825787486, 97: 3.4800908251360685, 98: 1.0, 99: 0.9919691268126556}
2025-01-27 08:19:30 - WARNING  - Sum of s_i: 256.9658463348801
2025-01-27 08:19:53 - WARNING  - Epoch:    47. Accuracy: Top-1: 46.10 | Loss: value: 1.46
2025-01-27 08:19:53 - WARNING  - Epoch 47
2025-01-27 08:19:53 - WARNING  - s_i: {0: 4.977028580029118, 1: 1.0, 2: 0.4854570868084762, 3: 0.9821565076613501, 4: 7.9860643896468035, 5: 0.4865743228800473, 6: 1.478232306987202, 7: 0.4915306096268486, 8: 3.991331257721047, 9: 2.4915118173182846, 10: 0.9797019108983327, 11: 0.49110009189126197, 12: 2.9702444774626904, 13: 0.48795109859939567, 14: 0.987685014055169, 15: 0.4726749777900221, 16: 4.9958559023462366, 17: 2.4917556943757315, 18: 0.9853523446555612, 19: 5.485450484519825, 20: 3.9903109699994683, 21: 2.4954416293900064, 22: 1.0, 23: 1.9950609487172408, 24: 1.0, 25: 0.9952456756046375, 26: 2.483109508878211, 27: 0.4953003458067059, 28: 1.981316475648886, 29: 7.4918745162007205, 30: 1.4959378501451188, 31: 1.0, 32: 2.485018192941843, 33: 4.9858421291270805, 34: 1.0, 35: 1.9870737269395677, 36: 1.9811146999895974, 37: 2.983982386647539, 38: 0.4873779396175224, 39: 2.99581687607023, 40: 4.990201182704632, 41: 5.4909447749113935, 42: 7.986714339723115, 43: 1.4865203964455445, 44: 0.49168040647931893, 45: 1.0, 46: 0.49553762029851833, 47: 0.9853068821873796, 48: 3.9902275933996405, 49: 1.0, 50: 2.9644639345488613, 51: 5.987191547945169, 52: 1.4911431100316195, 53: 2.491480784346587, 54: 1.0, 55: 0.4900714889105735, 56: 4.995820387178899, 57: 1.491669931418616, 58: 4.490861757447567, 59: 0.9956874638786276, 60: 1.4758232105974827, 61: 0.49118816903177454, 62: 5.99540230330962, 63: 1.0, 64: 2.9909429865404142, 65: 3.480369467946675, 66: 2.9810319768068365, 67: 1.9818006786913802, 68: 2.983564153350887, 69: 6.9828938509886935, 70: 7.995102670946368, 71: 2.485603610961174, 72: 0.4954485744047543, 73: 1.0, 74: 6.482725177659321, 75: 1.4872849627316787, 76: 1.4875775764759567, 77: 1.0, 78: 2.9823118189437214, 79: 6.991932104867302, 80: 1.4905626398207419, 81: 2.4850177131953024, 82: 0.995433193774412, 83: 1.4859500298090547, 84: 2.9868994253961523, 85: 6.4908987486269, 86: 0.9917447790007398, 87: 0.4910329258895897, 88: 2.491630418566882, 89: 1.0, 90: 1.0, 91: 1.490257842082824, 92: 4.4950838866764755, 93: 4.987801557888313, 94: 2.980995444052796, 95: 4.483194691169902, 96: 3.490658825787486, 97: 3.4800908251360685, 98: 1.0, 99: 0.9919691268126556}
2025-01-27 08:19:53 - WARNING  - Sum of s_i: 256.4432317167942
2025-01-27 08:20:17 - WARNING  - Epoch:    48. Accuracy: Top-1: 45.80 | Loss: value: 1.46
2025-01-27 08:20:17 - WARNING  - Epoch 48
2025-01-27 08:20:17 - WARNING  - s_i: {0: 4.977028580029118, 1: 1.0, 2: 0.4854570868084762, 3: 0.9821565076613501, 4: 7.9860643896468035, 5: 0.4865743228800473, 6: 1.478232306987202, 7: 0.4915306096268486, 8: 3.991331257721047, 9: 2.4915118173182846, 10: 0.9797019108983327, 11: 0.49110009189126197, 12: 2.9702444774626904, 13: 0.48795109859939567, 14: 0.987685014055169, 15: 0.4726749777900221, 16: 4.9958559023462366, 17: 2.4917556943757315, 18: 0.9853523446555612, 19: 0.980600646026434, 20: 3.9903109699994683, 21: 2.4954416293900064, 22: 1.0, 23: 1.9950609487172408, 24: 1.0, 25: 0.9952456756046375, 26: 2.483109508878211, 27: 0.4953003458067059, 28: 1.981316475648886, 29: 7.4918745162007205, 30: 1.4959378501451188, 31: 1.0, 32: 2.485018192941843, 33: 4.9858421291270805, 34: 1.0, 35: 1.9870737269395677, 36: 1.9811146999895974, 37: 2.983982386647539, 38: 0.4873779396175224, 39: 2.99581687607023, 40: 4.990201182704632, 41: 5.4909447749113935, 42: 7.986714339723115, 43: 1.4865203964455445, 44: 0.49168040647931893, 45: 1.0, 46: 0.49553762029851833, 47: 0.9853068821873796, 48: 3.9902275933996405, 49: 1.0, 50: 2.9644639345488613, 51: 5.987191547945169, 52: 1.4911431100316195, 53: 2.491480784346587, 54: 1.0, 55: 0.4900714889105735, 56: 4.995820387178899, 57: 1.491669931418616, 58: 4.490861757447567, 59: 0.9956874638786276, 60: 1.4758232105974827, 61: 0.49118816903177454, 62: 5.99540230330962, 63: 1.0, 64: 2.9909429865404142, 65: 3.480369467946675, 66: 2.9810319768068365, 67: 1.9818006786913802, 68: 2.983564153350887, 69: 6.9828938509886935, 70: 7.995102670946368, 71: 2.485603610961174, 72: 0.4954485744047543, 73: 1.0, 74: 6.482725177659321, 75: 1.4872849627316787, 76: 1.4875775764759567, 77: 1.0, 78: 2.9823118189437214, 79: 6.991932104867302, 80: 1.4905626398207419, 81: 2.4850177131953024, 82: 0.995433193774412, 83: 1.4859500298090547, 84: 2.9868994253961523, 85: 4.486348122940351, 86: 0.9917447790007398, 87: 0.4910329258895897, 88: 2.491630418566882, 89: 1.0, 90: 1.0, 91: 1.490257842082824, 92: 4.4950838866764755, 93: 4.987801557888313, 94: 2.980995444052796, 95: 4.483194691169902, 96: 3.490658825787486, 97: 3.4800908251360685, 98: 1.0, 99: 0.9919691268126556}
2025-01-27 08:20:17 - WARNING  - Sum of s_i: 249.93383125261423
2025-01-27 08:20:39 - WARNING  - Epoch:    49. Accuracy: Top-1: 47.38 | Loss: value: 1.43
2025-01-27 08:20:39 - WARNING  - Epoch 49
2025-01-27 08:20:39 - WARNING  - s_i: {0: 4.977028580029118, 1: 1.0, 2: 0.4854570868084762, 3: 0.9821565076613501, 4: 7.9860643896468035, 5: 0.4865743228800473, 6: 1.478232306987202, 7: 0.4915306096268486, 8: 3.991331257721047, 9: 2.4915118173182846, 10: 0.9797019108983327, 11: 0.49110009189126197, 12: 2.9702444774626904, 13: 0.48795109859939567, 14: 0.987685014055169, 15: 0.4726749777900221, 16: 4.9958559023462366, 17: 2.4917556943757315, 18: 0.9804697928740806, 19: 0.980600646026434, 20: 3.9903109699994683, 21: 2.4954416293900064, 22: 1.0, 23: 1.9950609487172408, 24: 1.0, 25: 0.9952456756046375, 26: 2.483109508878211, 27: 0.4953003458067059, 28: 1.981316475648886, 29: 7.4918745162007205, 30: 1.4959378501451188, 31: 1.0, 32: 2.485018192941843, 33: 4.9858421291270805, 34: 1.0, 35: 1.9870737269395677, 36: 1.9811146999895974, 37: 2.983982386647539, 38: 0.4873779396175224, 39: 2.99581687607023, 40: 4.990201182704632, 41: 5.4909447749113935, 42: 7.986714339723115, 43: 1.4865203964455445, 44: 0.49168040647931893, 45: 1.0, 46: 0.49553762029851833, 47: 0.9853068821873796, 48: 3.9902275933996405, 49: 1.0, 50: 2.9644639345488613, 51: 5.987191547945169, 52: 1.4911431100316195, 53: 2.491480784346587, 54: 1.0, 55: 2.4851072333658624, 56: 4.995820387178899, 57: 1.491669931418616, 58: 4.490861757447567, 59: 0.9956874638786276, 60: 1.4758232105974827, 61: 0.49118816903177454, 62: 5.99540230330962, 63: 1.0, 64: 2.9909429865404142, 65: 3.480369467946675, 66: 2.9810319768068365, 67: 1.9818006786913802, 68: 2.983564153350887, 69: 6.9828938509886935, 70: 7.995102670946368, 71: 2.485603610961174, 72: 0.4954485744047543, 73: 1.0, 74: 6.482725177659321, 75: 1.4872849627316787, 76: 3.4834367686346104, 77: 1.0, 78: 2.9823118189437214, 79: 6.991932104867302, 80: 1.4905626398207419, 81: 2.4850177131953024, 82: 0.995433193774412, 83: 1.4859500298090547, 84: 2.9868994253961523, 85: 4.486348122940351, 86: 0.9917447790007398, 87: 0.4910329258895897, 88: 2.491630418566882, 89: 1.0, 90: 1.0, 91: 1.490257842082824, 92: 1.490167773352948, 93: 5.983735410517749, 94: 2.980995444052796, 95: 4.483194691169902, 96: 3.490658825787486, 97: 3.4800908251360685, 98: 1.0, 99: 0.9919691268126556}
2025-01-27 08:20:39 - WARNING  - Sum of s_i: 251.9108613767526
2025-01-27 08:21:02 - WARNING  - Epoch:    50. Accuracy: Top-1: 46.10 | Loss: value: 1.46
2025-01-27 08:21:02 - WARNING  - Epoch 50
2025-01-27 08:21:02 - WARNING  - s_i: {0: 4.977028580029118, 1: 1.0, 2: 0.4854570868084762, 3: 0.9821565076613501, 4: 7.9860643896468035, 5: 0.4865743228800473, 6: 1.478232306987202, 7: 0.4915306096268486, 8: 3.991331257721047, 9: 2.4915118173182846, 10: 0.9797019108983327, 11: 0.49110009189126197, 12: 2.9702444774626904, 13: 0.48795109859939567, 14: 0.987685014055169, 15: 0.4726749777900221, 16: 4.9958559023462366, 17: 2.487633541563597, 18: 0.9804697928740806, 19: 0.9757508075330416, 20: 3.9903109699994683, 21: 2.4954416293900064, 22: 1.0, 23: 1.9950609487172408, 24: 1.0, 25: 0.9952456756046375, 26: 2.483109508878211, 27: 0.4953003458067059, 28: 1.981316475648886, 29: 7.4918745162007205, 30: 1.4959378501451188, 31: 1.0, 32: 2.485018192941843, 33: 4.9858421291270805, 34: 1.0, 35: 1.9870737269395677, 36: 1.9811146999895974, 37: 2.983982386647539, 38: 0.4873779396175224, 39: 2.99581687607023, 40: 4.990201182704632, 41: 5.4909447749113935, 42: 7.986714339723115, 43: 1.4865203964455445, 44: 0.49168040647931893, 45: 1.0, 46: 0.49553762029851833, 47: 0.9853068821873796, 48: 1.4853413900994585, 49: 1.0, 50: 2.9644639345488613, 51: 5.987191547945169, 52: 1.4911431100316195, 53: 2.491480784346587, 54: 1.0, 55: 2.4851072333658624, 56: 4.995820387178899, 57: 1.491669931418616, 58: 4.490861757447567, 59: 0.9956874638786276, 60: 1.4758232105974827, 61: 0.486782253547662, 62: 4.490804606619241, 63: 1.0, 64: 2.9909429865404142, 65: 3.480369467946675, 66: 2.9810319768068365, 67: 1.9818006786913802, 68: 2.9794551916886087, 69: 6.9828938509886935, 70: 7.995102670946368, 71: 2.485603610961174, 72: 0.4954485744047543, 73: 1.0, 74: 6.482725177659321, 75: 1.4872849627316787, 76: 3.4834367686346104, 77: 1.0, 78: 2.9823118189437214, 79: 6.991932104867302, 80: 1.4905626398207419, 81: 2.4850177131953024, 82: 0.995433193774412, 83: 1.4859500298090547, 84: 2.9868994253961523, 85: 4.486348122940351, 86: 0.9917447790007398, 87: 0.4910329258895897, 88: 3.9874456278503203, 89: 1.0, 90: 1.0, 91: 1.490257842082824, 92: 1.490167773352948, 93: 5.983735410517749, 94: 2.980995444052796, 95: 4.483194691169902, 96: 3.490658825787486, 97: 4.475113531420087, 98: 1.0, 99: 0.9919691268126556}
2025-01-27 08:21:02 - WARNING  - Sum of s_i: 250.3747285238776
2025-01-27 08:21:07 - WARNING  - The sum of accs: 45.0
2025-01-27 08:21:07 - WARNING  - The welfare is 44.887932434946634
2025-01-27 08:21:31 - WARNING  - Epoch:    51. Accuracy: Top-1: 47.10 | Loss: value: 1.44
2025-01-27 08:21:31 - WARNING  - Epoch 51
2025-01-27 08:21:31 - WARNING  - s_i: {0: 4.977028580029118, 1: 1.0, 2: 0.4854570868084762, 3: 0.9821565076613501, 4: 7.9860643896468035, 5: 0.4865743228800473, 6: 1.478232306987202, 7: 0.4915306096268486, 8: 3.991331257721047, 9: 2.4915118173182846, 10: 0.9797019108983327, 11: 0.49110009189126197, 12: 2.9702444774626904, 13: 0.48795109859939567, 14: 0.987685014055169, 15: 0.4726749777900221, 16: 4.9958559023462366, 17: 2.487633541563597, 18: 0.9804697928740806, 19: 0.9757508075330416, 20: 3.9903109699994683, 21: 2.4954416293900064, 22: 1.0, 23: 1.9950609487172408, 24: 1.0, 25: 0.9952456756046375, 26: 2.483109508878211, 27: 0.4953003458067059, 28: 1.981316475648886, 29: 7.4918745162007205, 30: 1.4959378501451188, 31: 1.0, 32: 2.485018192941843, 33: 4.9858421291270805, 34: 1.0, 35: 1.9870737269395677, 36: 1.9811146999895974, 37: 2.983982386647539, 38: 0.4873779396175224, 39: 2.99581687607023, 40: 4.990201182704632, 41: 5.4909447749113935, 42: 7.986714339723115, 43: 1.4865203964455445, 44: 0.49168040647931893, 45: 1.0, 46: 0.49553762029851833, 47: 0.9853068821873796, 48: 1.4853413900994585, 49: 1.0, 50: 2.9644639345488613, 51: 2.9829220639268934, 52: 1.4911431100316195, 53: 2.491480784346587, 54: 1.0, 55: 2.4851072333658624, 56: 4.995820387178899, 57: 1.491669931418616, 58: 4.490861757447567, 59: 0.9956874638786276, 60: 1.4758232105974827, 61: 0.486782253547662, 62: 4.490804606619241, 63: 1.0, 64: 2.9909429865404142, 65: 3.480369467946675, 66: 2.9810319768068365, 67: 1.9818006786913802, 68: 3.475346230026331, 69: 6.9828938509886935, 70: 7.995102670946368, 71: 2.485603610961174, 72: 0.4954485744047543, 73: 1.0, 74: 6.482725177659321, 75: 1.4872849627316787, 76: 3.4834367686346104, 77: 1.0, 78: 2.9823118189437214, 79: 6.991932104867302, 80: 1.4905626398207419, 81: 2.4850177131953024, 82: 0.995433193774412, 83: 1.4859500298090547, 84: 2.9868994253961523, 85: 4.486348122940351, 86: 0.9917447790007398, 87: 0.4910329258895897, 88: 3.9874456278503203, 89: 1.0, 90: 1.0, 91: 1.490257842082824, 92: 1.490167773352948, 93: 5.983735410517749, 94: 2.980995444052796, 95: 4.483194691169902, 96: 3.490658825787486, 97: 4.475113531420087, 98: 1.0, 99: 0.9919691268126556}
2025-01-27 08:21:31 - WARNING  - Sum of s_i: 247.86635007819703
2025-01-27 08:21:54 - WARNING  - Epoch:    52. Accuracy: Top-1: 47.12 | Loss: value: 1.43
2025-01-27 08:21:54 - WARNING  - Epoch 52
2025-01-27 08:21:54 - WARNING  - s_i: {0: 4.977028580029118, 1: 1.0, 2: 0.4854570868084762, 3: 0.9821565076613501, 4: 7.9860643896468035, 5: 0.4865743228800473, 6: 1.478232306987202, 7: 0.4915306096268486, 8: 3.991331257721047, 9: 2.4915118173182846, 10: 0.9797019108983327, 11: 0.49110009189126197, 12: 2.9702444774626904, 13: 0.48795109859939567, 14: 1.4835800187402224, 15: 0.4726749777900221, 16: 4.9958559023462366, 17: 2.487633541563597, 18: 0.9804697928740806, 19: 0.9757508075330416, 20: 3.9903109699994683, 21: 2.4954416293900064, 22: 1.0, 23: 1.9950609487172408, 24: 1.0, 25: 0.9952456756046375, 26: 2.483109508878211, 27: 0.4953003458067059, 28: 1.981316475648886, 29: 7.4918745162007205, 30: 1.4959378501451188, 31: 1.0, 32: 2.485018192941843, 33: 3.9811228388361064, 34: 1.0, 35: 1.9870737269395677, 36: 1.9811146999895974, 37: 2.983982386647539, 38: 0.4873779396175224, 39: 2.99581687607023, 40: 4.990201182704632, 41: 5.4909447749113935, 42: 7.986714339723115, 43: 3.4820271952607253, 44: 0.49168040647931893, 45: 4.495489547011644, 46: 0.49553762029851833, 47: 0.9853068821873796, 48: 1.4853413900994585, 49: 1.0, 50: 2.9644639345488613, 51: 2.9829220639268934, 52: 1.4911431100316195, 53: 2.491480784346587, 54: 1.0, 55: 2.4851072333658624, 56: 4.995820387178899, 57: 1.491669931418616, 58: 4.490861757447567, 59: 0.9956874638786276, 60: 1.4758232105974827, 61: 0.486782253547662, 62: 4.490804606619241, 63: 1.0, 64: 2.9909429865404142, 65: 3.480369467946675, 66: 2.9810319768068365, 67: 1.9818006786913802, 68: 3.475346230026331, 69: 6.9828938509886935, 70: 7.995102670946368, 71: 2.485603610961174, 72: 0.4954485744047543, 73: 1.0, 74: 6.482725177659321, 75: 1.4872849627316787, 76: 3.4834367686346104, 77: 1.0, 78: 2.9823118189437214, 79: 6.991932104867302, 80: 1.4905626398207419, 81: 2.4850177131953024, 82: 1.9908663875488215, 83: 1.4859500298090547, 84: 2.9868994253961523, 85: 4.486348122940351, 86: 0.9917447790007398, 87: 0.4910329258895897, 88: 3.9874456278503203, 89: 1.0, 90: 1.0, 91: 1.485386763124236, 92: 3.9852516600294225, 93: 5.983735410517749, 94: 2.980995444052796, 95: 4.483194691169902, 96: 3.490658825787486, 97: 1.4701362377041018, 98: 1.0, 99: 0.9919691268126556}
2025-01-27 08:21:54 - WARNING  - Sum of s_i: 253.32919084619425
2025-01-27 08:22:17 - WARNING  - Epoch:    53. Accuracy: Top-1: 46.33 | Loss: value: 1.42
2025-01-27 08:22:17 - WARNING  - Epoch 53
2025-01-27 08:22:17 - WARNING  - s_i: {0: 4.977028580029118, 1: 1.0, 2: 0.4854570868084762, 3: 0.9821565076613501, 4: 7.9860643896468035, 5: 0.4865743228800473, 6: 1.478232306987202, 7: 0.4915306096268486, 8: 3.991331257721047, 9: 2.4915118173182846, 10: 0.9797019108983327, 11: 0.49110009189126197, 12: 2.9702444774626904, 13: 0.48795109859939567, 14: 1.4835800187402224, 15: 0.4726749777900221, 16: 4.9958559023462366, 17: 2.487633541563597, 18: 0.9804697928740806, 19: 0.9757508075330416, 20: 3.9903109699994683, 21: 2.4954416293900064, 22: 1.0, 23: 1.9950609487172408, 24: 1.0, 25: 0.9952456756046375, 26: 2.483109508878211, 27: 0.4953003458067059, 28: 1.981316475648886, 29: 7.4918745162007205, 30: 1.4959378501451188, 31: 1.0, 32: 2.485018192941843, 33: 3.9811228388361064, 34: 1.0, 35: 1.9870737269395677, 36: 1.9811146999895974, 37: 2.983982386647539, 38: 0.4873779396175224, 39: 2.99581687607023, 40: 4.990201182704632, 41: 5.4909447749113935, 42: 7.986714339723115, 43: 3.4820271952607253, 44: 0.49168040647931893, 45: 4.495489547011644, 46: 0.49553762029851833, 47: 0.9853068821873796, 48: 1.4853413900994585, 49: 1.0, 50: 2.9644639345488613, 51: 2.9829220639268934, 52: 1.4911431100316195, 53: 2.491480784346587, 54: 1.0, 55: 2.4851072333658624, 56: 4.995820387178899, 57: 1.491669931418616, 58: 4.490861757447567, 59: 0.9956874638786276, 60: 1.4758232105974827, 61: 0.486782253547662, 62: 4.490804606619241, 63: 1.0, 64: 2.9909429865404142, 65: 3.480369467946675, 66: 2.9810319768068365, 67: 1.9818006786913802, 68: 3.475346230026331, 69: 6.9828938509886935, 70: 7.995102670946368, 71: 2.485603610961174, 72: 0.4954485744047543, 73: 1.0, 74: 6.482725177659321, 75: 1.4872849627316787, 76: 3.4834367686346104, 77: 1.0, 78: 2.9823118189437214, 79: 6.991932104867302, 80: 1.4905626398207419, 81: 2.4850177131953024, 82: 1.9908663875488215, 83: 1.9812667064120701, 84: 2.9868994253961523, 85: 4.486348122940351, 86: 0.9917447790007398, 87: 0.4910329258895897, 88: 3.9874456278503203, 89: 1.0, 90: 1.0, 91: 1.485386763124236, 92: 3.9852516600294225, 93: 5.983735410517749, 94: 2.476244305065995, 95: 4.483194691169902, 96: 3.490658825787486, 97: 1.4701362377041018, 98: 1.0, 99: 0.9919691268126556}
2025-01-27 08:22:17 - WARNING  - Sum of s_i: 253.31975638381047
2025-01-27 08:22:40 - WARNING  - Epoch:    54. Accuracy: Top-1: 47.47 | Loss: value: 1.41
2025-01-27 08:22:40 - WARNING  - Epoch 54
2025-01-27 08:22:40 - WARNING  - s_i: {0: 4.977028580029118, 1: 1.0, 2: 0.4854570868084762, 3: 0.9821565076613501, 4: 7.9860643896468035, 5: 0.4865743228800473, 6: 1.478232306987202, 7: 0.4915306096268486, 8: 3.991331257721047, 9: 2.4915118173182846, 10: 0.9797019108983327, 11: 0.49110009189126197, 12: 2.9702444774626904, 13: 0.48795109859939567, 14: 1.4835800187402224, 15: 0.4726749777900221, 16: 4.9958559023462366, 17: 2.487633541563597, 18: 0.9804697928740806, 19: 0.9757508075330416, 20: 3.9903109699994683, 21: 2.4954416293900064, 22: 1.0, 23: 1.9950609487172408, 24: 1.0, 25: 0.9952456756046375, 26: 4.478886886097765, 27: 0.4953003458067059, 28: 1.981316475648886, 29: 7.4918745162007205, 30: 1.4959378501451188, 31: 1.0, 32: 2.485018192941843, 33: 3.9811228388361064, 34: 1.0, 35: 1.9870737269395677, 36: 1.9811146999895974, 37: 2.983982386647539, 38: 0.4873779396175224, 39: 2.99581687607023, 40: 4.990201182704632, 41: 5.4909447749113935, 42: 7.986714339723115, 43: 3.4820271952607253, 44: 0.49168040647931893, 45: 4.495489547011644, 46: 0.49553762029851833, 47: 0.9853068821873796, 48: 1.4853413900994585, 49: 1.0, 50: 2.9644639345488613, 51: 2.9829220639268934, 52: 1.4911431100316195, 53: 2.491480784346587, 54: 1.0, 55: 0.48014297782115056, 56: 4.995820387178899, 57: 1.491669931418616, 58: 4.490861757447567, 59: 0.9956874638786276, 60: 1.4758232105974827, 61: 0.486782253547662, 62: 4.490804606619241, 63: 1.0, 64: 2.9909429865404142, 65: 3.480369467946675, 66: 2.9810319768068365, 67: 1.9818006786913802, 68: 3.475346230026331, 69: 6.9828938509886935, 70: 7.995102670946368, 71: 2.485603610961174, 72: 0.4954485744047543, 73: 1.0, 74: 6.482725177659321, 75: 1.4872849627316787, 76: 3.4834367686346104, 77: 1.0, 78: 2.9823118189437214, 79: 6.991932104867302, 80: 1.4905626398207419, 81: 2.4850177131953024, 82: 1.9908663875488215, 83: 1.9812667064120701, 84: 2.9868994253961523, 85: 4.486348122940351, 86: 0.9917447790007398, 87: 0.4910329258895897, 88: 3.9874456278503203, 89: 1.0, 90: 1.0, 91: 1.485386763124236, 92: 3.9852516600294225, 93: 5.983735410517749, 94: 2.476244305065995, 95: 4.483194691169902, 96: 3.490658825787486, 97: 1.4701362377041018, 98: 1.0, 99: 0.9919691268126556}
2025-01-27 08:22:40 - WARNING  - Sum of s_i: 253.3105695054853
2025-01-27 08:23:04 - WARNING  - Epoch:    55. Accuracy: Top-1: 45.54 | Loss: value: 1.47
2025-01-27 08:23:04 - WARNING  - Epoch 55
2025-01-27 08:23:04 - WARNING  - s_i: {0: 4.977028580029118, 1: 1.0, 2: 0.4854570868084762, 3: 0.9821565076613501, 4: 7.9860643896468035, 5: 0.4865743228800473, 6: 1.478232306987202, 7: 0.4915306096268486, 8: 3.991331257721047, 9: 2.4915118173182846, 10: 0.9797019108983327, 11: 0.49110009189126197, 12: 2.9702444774626904, 13: 0.48795109859939567, 14: 1.4835800187402224, 15: 0.4726749777900221, 16: 4.9958559023462366, 17: 2.487633541563597, 18: 0.9804697928740806, 19: 0.9757508075330416, 20: 2.4854664549992, 21: 2.4954416293900064, 22: 1.0, 23: 1.9950609487172408, 24: 1.0, 25: 0.9952456756046375, 26: 4.478886886097765, 27: 0.4953003458067059, 28: 1.981316475648886, 29: 7.4918745162007205, 30: 1.4959378501451188, 31: 1.0, 32: 2.485018192941843, 33: 3.9811228388361064, 34: 1.0, 35: 1.9870737269395677, 36: 1.9811146999895974, 37: 2.983982386647539, 38: 0.4873779396175224, 39: 2.99581687607023, 40: 4.990201182704632, 41: 6.486417162367092, 42: 6.982285786297483, 43: 3.4820271952607253, 44: 0.49168040647931893, 45: 4.495489547011644, 46: 0.49553762029851833, 47: 0.9853068821873796, 48: 1.4853413900994585, 49: 1.0, 50: 2.9644639345488613, 51: 2.9829220639268934, 52: 1.4911431100316195, 53: 2.491480784346587, 54: 1.0, 55: 0.48014297782115056, 56: 4.995820387178899, 57: 1.987504897127926, 58: 4.490861757447567, 59: 0.9956874638786276, 60: 1.4758232105974827, 61: 0.486782253547662, 62: 4.490804606619241, 63: 1.0, 64: 2.9909429865404142, 65: 1.475461834933343, 66: 2.9810319768068365, 67: 1.9818006786913802, 68: 3.475346230026331, 69: 6.9828938509886935, 70: 7.995102670946368, 71: 2.485603610961174, 72: 0.4954485744047543, 73: 1.0, 74: 6.482725177659321, 75: 1.4872849627316787, 76: 3.4834367686346104, 77: 1.0, 78: 2.9823118189437214, 79: 5.987898157300955, 80: 1.4905626398207419, 81: 2.4800236175937354, 82: 1.9908663875488215, 83: 1.9812667064120701, 84: 2.9868994253961523, 85: 4.486348122940351, 86: 0.9917447790007398, 87: 0.4910329258895897, 88: 3.9874456278503203, 89: 1.0, 90: 1.0, 91: 1.485386763124236, 92: 3.9852516600294225, 93: 5.983735410517749, 94: 2.476244305065995, 95: 4.483194691169902, 96: 3.490658825787486, 97: 1.4701362377041018, 98: 1.0, 99: 0.9919691268126556}
2025-01-27 08:23:04 - WARNING  - Sum of s_i: 249.27866811404317
2025-01-27 08:23:26 - WARNING  - Epoch:    56. Accuracy: Top-1: 48.40 | Loss: value: 1.39
2025-01-27 08:23:26 - WARNING  - Epoch 56
2025-01-27 08:23:26 - WARNING  - s_i: {0: 4.977028580029118, 1: 1.0, 2: 2.980609449077967, 3: 0.9821565076613501, 4: 7.9860643896468035, 5: 0.4865743228800473, 6: 1.478232306987202, 7: 0.4915306096268486, 8: 3.991331257721047, 9: 2.4915118173182846, 10: 0.9797019108983327, 11: 0.49110009189126197, 12: 2.9702444774626904, 13: 0.48795109859939567, 14: 1.4835800187402224, 15: 0.4726749777900221, 16: 4.9958559023462366, 17: 2.487633541563597, 18: 0.9804697928740806, 19: 0.9757508075330416, 20: 2.4854664549992, 21: 2.4954416293900064, 22: 1.0, 23: 4.4901218974344825, 24: 1.0, 25: 0.9952456756046375, 26: 4.478886886097765, 27: 0.4953003458067059, 28: 1.981316475648886, 29: 7.4918745162007205, 30: 1.4959378501451188, 31: 1.0, 32: 2.485018192941843, 33: 3.9811228388361064, 34: 1.0, 35: 1.9870737269395677, 36: 1.9811146999895974, 37: 1.4799779833094262, 38: 0.4873779396175224, 39: 2.99581687607023, 40: 4.990201182704632, 41: 6.486417162367092, 42: 6.982285786297483, 43: 4.477533994075908, 44: 0.49168040647931893, 45: 4.495489547011644, 46: 0.49553762029851833, 47: 0.9853068821873796, 48: 1.4853413900994585, 49: 1.0, 50: 2.9644639345488613, 51: 2.9829220639268934, 52: 1.4911431100316195, 53: 2.491480784346587, 54: 3.4958710010620475, 55: 0.48014297782115056, 56: 4.995820387178899, 57: 1.987504897127926, 58: 4.490861757447567, 59: 0.9956874638786276, 60: 0.4709878527169782, 61: 0.486782253547662, 62: 4.490804606619241, 63: 1.0, 64: 2.9909429865404142, 65: 0.9705542019200099, 66: 2.9810319768068365, 67: 1.9818006786913802, 68: 3.475346230026331, 69: 6.9828938509886935, 70: 7.995102670946368, 71: 2.485603610961174, 72: 0.4954485744047543, 73: 1.0, 74: 6.482725177659321, 75: 1.4872849627316787, 76: 0.9792959607932601, 77: 1.0, 78: 2.9823118189437214, 79: 5.987898157300955, 80: 1.4905626398207419, 81: 2.4800236175937354, 82: 1.9908663875488215, 83: 1.9812667064120701, 84: 2.9868994253961523, 85: 4.486348122940351, 86: 0.9917447790007398, 87: 0.4910329258895897, 88: 3.9874456278503203, 89: 1.0, 90: 1.0, 91: 1.485386763124236, 92: 3.9852516600294225, 93: 5.983735410517749, 94: 2.476244305065995, 95: 4.483194691169902, 96: 3.490658825787486, 97: 1.4701362377041018, 98: 1.0, 99: 0.9919691268126556}
2025-01-27 08:23:26 - WARNING  - Sum of s_i: 252.24237102283382
2025-01-27 08:23:51 - WARNING  - Epoch:    57. Accuracy: Top-1: 46.89 | Loss: value: 1.43
2025-01-27 08:23:51 - WARNING  - Epoch 57
2025-01-27 08:23:51 - WARNING  - s_i: {0: 4.977028580029118, 1: 1.0, 2: 2.980609449077967, 3: 0.9821565076613501, 4: 7.9860643896468035, 5: 0.4865743228800473, 6: 1.478232306987202, 7: 0.4915306096268486, 8: 3.991331257721047, 9: 2.4915118173182846, 10: 0.9797019108983327, 11: 0.49110009189126197, 12: 3.965285223706471, 13: 0.48795109859939567, 14: 1.4835800187402224, 15: 0.4726749777900221, 16: 4.9958559023462366, 17: 1.4835113887514582, 18: 0.9755872410925972, 19: 0.9757508075330416, 20: 2.4854664549992, 21: 2.4954416293900064, 22: 1.0, 23: 4.4901218974344825, 24: 5.995768461641872, 25: 0.9952456756046375, 26: 4.478886886097765, 27: 0.4953003458067059, 28: 1.981316475648886, 29: 7.4918745162007205, 30: 1.4959378501451188, 31: 1.0, 32: 2.485018192941843, 33: 3.9811228388361064, 34: 1.0, 35: 2.9827649692527554, 36: 4.976393374986997, 37: 1.4799779833094262, 38: 0.4873779396175224, 39: 2.99581687607023, 40: 4.990201182704632, 41: 6.486417162367092, 42: 6.982285786297483, 43: 4.477533994075908, 44: 0.49168040647931893, 45: 4.495489547011644, 46: 0.49553762029851833, 47: 0.9853068821873796, 48: 1.4853413900994585, 49: 1.0, 50: 2.9644639345488613, 51: 2.9829220639268934, 52: 1.4911431100316195, 53: 2.491480784346587, 54: 3.4917420021240955, 55: 0.48014297782115056, 56: 4.995820387178899, 57: 1.987504897127926, 58: 4.490861757447567, 59: 0.9956874638786276, 60: 0.4709878527169782, 61: 0.486782253547662, 62: 2.4862069099288577, 63: 1.0, 64: 2.9909429865404142, 65: 0.9705542019200099, 66: 2.9810319768068365, 67: 1.9818006786913802, 68: 3.475346230026331, 69: 6.9828938509886935, 70: 7.995102670946368, 71: 2.485603610961174, 72: 0.4954485744047543, 73: 1.0, 74: 6.482725177659321, 75: 1.4872849627316787, 76: 0.9792959607932601, 77: 1.0, 78: 2.9823118189437214, 79: 5.987898157300955, 80: 1.4905626398207419, 81: 2.4800236175937354, 82: 1.9908663875488215, 83: 1.9812667064120701, 84: 2.9868994253961523, 85: 4.486348122940351, 86: 0.9917447790007398, 87: 0.4910329258895897, 88: 3.9874456278503203, 89: 1.0, 90: 1.0, 91: 1.485386763124236, 92: 3.9852516600294225, 93: 5.983735410517749, 94: 2.476244305065995, 95: 4.483194691169902, 96: 3.490658825787486, 97: 1.4701362377041018, 98: 1.0, 99: 3.9879536902189807}
2025-01-27 08:23:51 - WARNING  - Sum of s_i: 262.2024033112144
2025-01-27 08:24:17 - WARNING  - Epoch:    58. Accuracy: Top-1: 43.83 | Loss: value: 1.50
2025-01-27 08:24:17 - WARNING  - Epoch 58
2025-01-27 08:24:17 - WARNING  - s_i: {0: 4.977028580029118, 1: 1.0, 2: 2.980609449077967, 3: 0.9821565076613501, 4: 7.9860643896468035, 5: 0.4865743228800473, 6: 1.478232306987202, 7: 0.4915306096268486, 8: 3.991331257721047, 9: 2.4915118173182846, 10: 0.9797019108983327, 11: 0.49110009189126197, 12: 3.965285223706471, 13: 0.48795109859939567, 14: 1.4835800187402224, 15: 0.4726749777900221, 16: 4.9958559023462366, 17: 1.4835113887514582, 18: 0.9755872410925972, 19: 0.9757508075330416, 20: 2.4854664549992, 21: 2.4954416293900064, 22: 1.0, 23: 4.4901218974344825, 24: 5.995768461641872, 25: 0.9952456756046375, 26: 3.474664263317319, 27: 0.4953003458067059, 28: 1.981316475648886, 29: 7.4918745162007205, 30: 1.4959378501451188, 31: 1.0, 32: 2.485018192941843, 33: 3.9811228388361064, 34: 1.0, 35: 2.9827649692527554, 36: 4.976393374986997, 37: 1.4799779833094262, 38: 0.4873779396175224, 39: 2.99581687607023, 40: 4.990201182704632, 41: 6.486417162367092, 42: 3.9778572328718522, 43: 4.477533994075908, 44: 0.49168040647931893, 45: 4.495489547011644, 46: 0.49553762029851833, 47: 0.9853068821873796, 48: 1.4853413900994585, 49: 1.0, 50: 2.9644639345488613, 51: 2.9829220639268934, 52: 1.4911431100316195, 53: 2.491480784346587, 54: 3.4917420021240955, 55: 0.48014297782115056, 56: 4.995820387178899, 57: 1.987504897127926, 58: 4.490861757447567, 59: 0.9956874638786276, 60: 0.4709878527169782, 61: 0.486782253547662, 62: 2.4862069099288577, 63: 1.0, 64: 2.9909429865404142, 65: 0.9705542019200099, 66: 2.9810319768068365, 67: 1.9818006786913802, 68: 3.475346230026331, 69: 6.9828938509886935, 70: 2.9902053418927377, 71: 2.485603610961174, 72: 0.4954485744047543, 73: 1.0, 74: 4.97840647207415, 75: 1.4872849627316787, 76: 0.9792959607932601, 77: 1.0, 78: 2.9823118189437214, 79: 5.987898157300955, 80: 1.4905626398207419, 81: 2.4800236175937354, 82: 1.9908663875488215, 83: 1.9812667064120701, 84: 2.9868994253961523, 85: 4.486348122940351, 86: 0.9917447790007398, 87: 0.4910329258895897, 88: 3.9874456278503203, 89: 1.0, 90: 1.0, 91: 1.485386763124236, 92: 3.9852516600294225, 93: 5.983735410517749, 94: 2.476244305065995, 95: 4.483194691169902, 96: 3.490658825787486, 97: 1.4701362377041018, 98: 1.0, 99: 3.9879536902189807}
2025-01-27 08:24:17 - WARNING  - Sum of s_i: 251.68453610036954
2025-01-27 08:24:41 - WARNING  - Epoch:    59. Accuracy: Top-1: 47.99 | Loss: value: 1.40
2025-01-27 08:24:41 - WARNING  - Epoch 59
2025-01-27 08:24:41 - WARNING  - s_i: {0: 4.977028580029118, 1: 1.0, 2: 2.980609449077967, 3: 0.9821565076613501, 4: 7.9860643896468035, 5: 0.4865743228800473, 6: 1.478232306987202, 7: 0.4915306096268486, 8: 3.991331257721047, 9: 2.4915118173182846, 10: 0.9797019108983327, 11: 0.49110009189126197, 12: 6.960325969950253, 13: 0.48795109859939567, 14: 1.4835800187402224, 15: 0.4726749777900221, 16: 4.9958559023462366, 17: 1.4835113887514582, 18: 0.9755872410925972, 19: 0.9757508075330416, 20: 2.4854664549992, 21: 2.4954416293900064, 22: 1.0, 23: 4.4901218974344825, 24: 4.4915369232837445, 25: 0.9952456756046375, 26: 3.474664263317319, 27: 0.4953003458067059, 28: 1.981316475648886, 29: 7.4918745162007205, 30: 1.4959378501451188, 31: 1.0, 32: 2.485018192941843, 33: 3.9811228388361064, 34: 1.0, 35: 2.9827649692527554, 36: 4.976393374986997, 37: 1.4799779833094262, 38: 0.4873779396175224, 39: 2.99581687607023, 40: 4.990201182704632, 41: 6.486417162367092, 42: 3.9778572328718522, 43: 4.477533994075908, 44: 0.49168040647931893, 45: 4.495489547011644, 46: 0.49553762029851833, 47: 0.9853068821873796, 48: 1.4853413900994585, 49: 1.0, 50: 2.9644639345488613, 51: 2.9829220639268934, 52: 1.4911431100316195, 53: 2.491480784346587, 54: 3.4917420021240955, 55: 0.48014297782115056, 56: 4.995820387178899, 57: 1.987504897127926, 58: 4.490861757447567, 59: 0.9956874638786276, 60: 0.4709878527169782, 61: 0.486782253547662, 62: 2.4862069099288577, 63: 1.0, 64: 2.9909429865404142, 65: 0.9705542019200099, 66: 2.9810319768068365, 67: 1.9818006786913802, 68: 3.475346230026331, 69: 6.9828938509886935, 70: 2.9902053418927377, 71: 2.485603610961174, 72: 0.4954485744047543, 73: 1.0, 74: 2.4740877664889784, 75: 1.4872849627316787, 76: 0.9792959607932601, 77: 1.0, 78: 2.9823118189437214, 79: 5.987898157300955, 80: 1.4905626398207419, 81: 2.4800236175937354, 82: 1.9908663875488215, 83: 1.9812667064120701, 84: 2.9868994253961523, 85: 4.486348122940351, 86: 0.9917447790007398, 87: 0.4910329258895897, 88: 3.9874456278503203, 89: 1.0, 90: 1.0, 91: 1.485386763124236, 92: 3.9852516600294225, 93: 5.983735410517749, 94: 2.476244305065995, 95: 4.483194691169902, 96: 3.490658825787486, 97: 1.4701362377041018, 98: 1.0, 99: 3.483938253625311}
2025-01-27 08:24:41 - WARNING  - Sum of s_i: 250.16701116607638
2025-01-27 08:25:04 - WARNING  - Epoch:    60. Accuracy: Top-1: 48.45 | Loss: value: 1.40
2025-01-27 08:25:04 - WARNING  - Epoch 60
2025-01-27 08:25:04 - WARNING  - s_i: {0: 4.977028580029118, 1: 1.0, 2: 2.980609449077967, 3: 0.9821565076613501, 4: 7.9860643896468035, 5: 0.4865743228800473, 6: 1.478232306987202, 7: 0.4915306096268486, 8: 3.991331257721047, 9: 2.4915118173182846, 10: 0.9797019108983327, 11: 0.49110009189126197, 12: 6.960325969950253, 13: 0.48795109859939567, 14: 1.4835800187402224, 15: 0.4726749777900221, 16: 4.9958559023462366, 17: 1.4835113887514582, 18: 0.9755872410925972, 19: 0.9757508075330416, 20: 2.4854664549992, 21: 2.4954416293900064, 22: 1.0, 23: 4.4901218974344825, 24: 4.4915369232837445, 25: 0.9952456756046375, 26: 3.474664263317319, 27: 0.4953003458067059, 28: 1.981316475648886, 29: 7.4918745162007205, 30: 1.4959378501451188, 31: 1.0, 32: 2.485018192941843, 33: 3.9811228388361064, 34: 1.0, 35: 2.9827649692527554, 36: 4.976393374986997, 37: 1.4799779833094262, 38: 0.4873779396175224, 39: 2.99581687607023, 40: 4.990201182704632, 41: 6.486417162367092, 42: 3.9778572328718522, 43: 4.477533994075908, 44: 0.49168040647931893, 45: 4.495489547011644, 46: 0.49553762029851833, 47: 0.9853068821873796, 48: 1.4853413900994585, 49: 1.0, 50: 2.9644639345488613, 51: 2.9829220639268934, 52: 1.4911431100316195, 53: 2.491480784346587, 54: 3.4917420021240955, 55: 0.48014297782115056, 56: 4.995820387178899, 57: 1.987504897127926, 58: 4.490861757447567, 59: 0.9956874638786276, 60: 0.4709878527169782, 61: 0.486782253547662, 62: 2.4862069099288577, 63: 1.0, 64: 2.9909429865404142, 65: 0.9705542019200099, 66: 2.9810319768068365, 67: 1.9818006786913802, 68: 3.475346230026331, 69: 6.9828938509886935, 70: 2.9902053418927377, 71: 2.485603610961174, 72: 0.4954485744047543, 73: 1.0, 74: 2.4740877664889784, 75: 1.4872849627316787, 76: 0.9792959607932601, 77: 1.0, 78: 2.9823118189437214, 79: 5.987898157300955, 80: 1.4905626398207419, 81: 2.4800236175937354, 82: 1.9908663875488215, 83: 1.9812667064120701, 84: 2.9868994253961523, 85: 4.486348122940351, 86: 0.9917447790007398, 87: 0.4910329258895897, 88: 3.9874456278503203, 89: 1.0, 90: 1.0, 91: 1.485386763124236, 92: 3.9852516600294225, 93: 5.983735410517749, 94: 2.476244305065995, 95: 4.483194691169902, 96: 3.490658825787486, 97: 1.4701362377041018, 98: 1.0, 99: 3.483938253625311}
2025-01-27 08:25:04 - WARNING  - Sum of s_i: 250.16701116607638
2025-01-27 08:25:10 - WARNING  - The sum of accs: 50.0
2025-01-27 08:25:10 - WARNING  - The welfare is 49.888123558232365
2025-01-27 08:25:32 - WARNING  - Epoch:    61. Accuracy: Top-1: 48.96 | Loss: value: 1.38
2025-01-27 08:25:32 - WARNING  - Epoch 61
2025-01-27 08:25:32 - WARNING  - s_i: {0: 4.977028580029118, 1: 1.0, 2: 2.980609449077967, 3: 0.9821565076613501, 4: 7.9860643896468035, 5: 0.4865743228800473, 6: 4.473878768384645, 7: 0.4915306096268486, 8: 3.991331257721047, 9: 2.4915118173182846, 10: 0.9797019108983327, 11: 0.49110009189126197, 12: 6.960325969950253, 13: 0.48795109859939567, 14: 1.4835800187402224, 15: 0.4726749777900221, 16: 4.9958559023462366, 17: 0.9793892359393228, 18: 4.970704689311121, 19: 0.9757508075330416, 20: 2.4854664549992, 21: 2.4954416293900064, 22: 1.0, 23: 4.4901218974344825, 24: 4.4915369232837445, 25: 0.9952456756046375, 26: 3.474664263317319, 27: 0.4953003458067059, 28: 0.976645594561107, 29: 7.4918745162007205, 30: 1.4959378501451188, 31: 1.0, 32: 2.485018192941843, 33: 7.976403548545137, 34: 1.0, 35: 2.9827649692527554, 36: 4.976393374986997, 37: 1.4799779833094262, 38: 1.4831705861566966, 39: 2.99581687607023, 40: 4.990201182704632, 41: 6.486417162367092, 42: 3.9778572328718522, 43: 4.97304079289109, 44: 0.49168040647931893, 45: 4.495489547011644, 46: 0.49553762029851833, 47: 0.9853068821873796, 48: 1.4853413900994585, 49: 1.0, 50: 2.9644639345488613, 51: 2.978652579908617, 52: 1.4911431100316195, 53: 2.487221176519881, 54: 3.4917420021240955, 55: 0.48014297782115056, 56: 4.995820387178899, 57: 1.987504897127926, 58: 4.490861757447567, 59: 0.9956874638786276, 60: 0.4709878527169782, 61: 0.486782253547662, 62: 2.4862069099288577, 63: 1.0, 64: 2.9909429865404142, 65: 0.9705542019200099, 66: 2.9810319768068365, 67: 3.4772508483642266, 68: 3.475346230026331, 69: 6.9828938509886935, 70: 2.9902053418927377, 71: 2.485603610961174, 72: 0.4954485744047543, 73: 1.0, 74: 2.4740877664889784, 75: 1.4872849627316787, 76: 0.9792959607932601, 77: 1.0, 78: 2.9823118189437214, 79: 5.987898157300955, 80: 1.4905626398207419, 81: 2.4800236175937354, 82: 1.9908663875488215, 83: 1.9812667064120701, 84: 2.9868994253961523, 85: 4.486348122940351, 86: 0.9917447790007398, 87: 0.4910329258895897, 88: 3.9874456278503203, 89: 1.0, 90: 1.0, 91: 1.485386763124236, 92: 3.9852516600294225, 93: 5.983735410517749, 94: 2.476244305065995, 95: 4.483194691169902, 96: 3.490658825787486, 97: 1.4701362377041018, 98: 1.0, 99: 3.483938253625311}
2025-01-27 08:25:32 - WARNING  - Sum of s_i: 262.62248327468365
2025-01-27 08:25:55 - WARNING  - Epoch:    62. Accuracy: Top-1: 51.14 | Loss: value: 1.32
2025-01-27 08:25:55 - WARNING  - Epoch 62
2025-01-27 08:25:55 - WARNING  - s_i: {0: 4.977028580029118, 1: 1.0, 2: 2.980609449077967, 3: 0.9821565076613501, 4: 7.9860643896468035, 5: 0.4865743228800473, 6: 4.473878768384645, 7: 0.4915306096268486, 8: 3.991331257721047, 9: 2.4915118173182846, 10: 0.9797019108983327, 11: 0.49110009189126197, 12: 6.960325969950253, 13: 0.48795109859939567, 14: 1.4835800187402224, 15: 0.4726749777900221, 16: 4.9958559023462366, 17: 0.9793892359393228, 18: 4.970704689311121, 19: 0.9757508075330416, 20: 2.4854664549992, 21: 2.4954416293900064, 22: 1.0, 23: 4.4901218974344825, 24: 4.4915369232837445, 25: 0.9952456756046375, 26: 3.474664263317319, 27: 0.4953003458067059, 28: 0.976645594561107, 29: 7.4918745162007205, 30: 1.4959378501451188, 31: 1.0, 32: 2.485018192941843, 33: 7.976403548545137, 34: 1.0, 35: 2.9827649692527554, 36: 4.976393374986997, 37: 1.4799779833094262, 38: 1.4831705861566966, 39: 2.99581687607023, 40: 4.990201182704632, 41: 6.486417162367092, 42: 3.9778572328718522, 43: 4.97304079289109, 44: 0.49168040647931893, 45: 4.495489547011644, 46: 0.49553762029851833, 47: 0.9853068821873796, 48: 1.4853413900994585, 49: 1.0, 50: 2.9644639345488613, 51: 2.978652579908617, 52: 1.4911431100316195, 53: 2.487221176519881, 54: 3.4917420021240955, 55: 0.48014297782115056, 56: 4.995820387178899, 57: 3.483339862837237, 58: 4.490861757447567, 59: 0.9956874638786276, 60: 0.4709878527169782, 61: 0.486782253547662, 62: 5.481609213238479, 63: 1.0, 64: 2.9909429865404142, 65: 0.9705542019200099, 66: 2.476289971008546, 67: 2.4727010180370703, 68: 3.475346230026331, 69: 6.9828938509886935, 70: 2.9902053418927377, 71: 2.485603610961174, 72: 0.4954485744047543, 73: 1.0, 74: 2.4740877664889784, 75: 1.4872849627316787, 76: 0.9792959607932601, 77: 1.0, 78: 2.9823118189437214, 79: 5.987898157300955, 80: 1.4905626398207419, 81: 2.4800236175937354, 82: 1.9908663875488215, 83: 1.9812667064120701, 84: 2.9868994253961523, 85: 4.486348122940351, 86: 0.9917447790007398, 87: 0.4910329258895897, 88: 3.9874456278503203, 89: 1.0, 90: 1.0, 91: 1.485386763124236, 92: 3.9852516600294225, 93: 5.983735410517749, 94: 2.476244305065995, 95: 4.483194691169902, 96: 3.490658825787486, 97: 1.4701362377041018, 98: 1.0, 99: 3.483938253625311}
2025-01-27 08:25:55 - WARNING  - Sum of s_i: 265.60442870757714
2025-01-27 08:26:19 - WARNING  - Epoch:    63. Accuracy: Top-1: 48.68 | Loss: value: 1.37
2025-01-27 08:26:19 - WARNING  - Epoch 63
2025-01-27 08:26:19 - WARNING  - s_i: {0: 4.977028580029118, 1: 1.0, 2: 2.980609449077967, 3: 0.9821565076613501, 4: 7.9860643896468035, 5: 0.4865743228800473, 6: 4.473878768384645, 7: 0.4915306096268486, 8: 3.991331257721047, 9: 2.4915118173182846, 10: 0.9797019108983327, 11: 0.49110009189126197, 12: 6.960325969950253, 13: 0.48795109859939567, 14: 1.4835800187402224, 15: 0.4726749777900221, 16: 4.9958559023462366, 17: 0.9793892359393228, 18: 4.970704689311121, 19: 0.9757508075330416, 20: 2.4854664549992, 21: 2.4954416293900064, 22: 1.0, 23: 4.4901218974344825, 24: 4.4915369232837445, 25: 0.9952456756046375, 26: 3.474664263317319, 27: 0.4953003458067059, 28: 0.976645594561107, 29: 7.4918745162007205, 30: 1.4959378501451188, 31: 1.0, 32: 2.485018192941843, 33: 7.976403548545137, 34: 1.0, 35: 2.9827649692527554, 36: 4.976393374986997, 37: 1.4799779833094262, 38: 1.4831705861566966, 39: 2.99581687607023, 40: 4.990201182704632, 41: 6.486417162367092, 42: 3.9778572328718522, 43: 4.97304079289109, 44: 0.49168040647931893, 45: 3.4909790940232863, 46: 0.49553762029851833, 47: 0.9853068821873796, 48: 1.4853413900994585, 49: 1.0, 50: 2.9644639345488613, 51: 2.978652579908617, 52: 1.4911431100316195, 53: 2.487221176519881, 54: 3.4917420021240955, 55: 0.48014297782115056, 56: 4.995820387178899, 57: 3.483339862837237, 58: 4.490861757447567, 59: 0.9956874638786276, 60: 0.4709878527169782, 61: 0.486782253547662, 62: 5.481609213238479, 63: 1.0, 64: 2.9909429865404142, 65: 0.9705542019200099, 66: 2.476289971008546, 67: 2.4727010180370703, 68: 3.475346230026331, 69: 6.9828938509886935, 70: 2.9902053418927377, 71: 2.485603610961174, 72: 0.4954485744047543, 73: 1.0, 74: 2.4740877664889784, 75: 1.4872849627316787, 76: 0.9792959607932601, 77: 1.0, 78: 2.9823118189437214, 79: 5.987898157300955, 80: 1.4905626398207419, 81: 2.4800236175937354, 82: 1.9908663875488215, 83: 1.9812667064120701, 84: 2.9868994253961523, 85: 4.486348122940351, 86: 0.9917447790007398, 87: 0.4910329258895897, 88: 3.9874456278503203, 89: 1.0, 90: 1.0, 91: 1.485386763124236, 92: 3.9852516600294225, 93: 5.983735410517749, 94: 2.476244305065995, 95: 4.483194691169902, 96: 3.490658825787486, 97: 1.4701362377041018, 98: 1.0, 99: 3.483938253625311}
2025-01-27 08:26:19 - WARNING  - Sum of s_i: 264.5999182545888
2025-01-27 08:26:40 - WARNING  - Epoch:    64. Accuracy: Top-1: 50.36 | Loss: value: 1.34
2025-01-27 08:26:40 - WARNING  - Epoch 64
2025-01-27 08:26:40 - WARNING  - s_i: {0: 4.977028580029118, 1: 2.495248396607545, 2: 2.980609449077967, 3: 0.9821565076613501, 4: 7.9860643896468035, 5: 0.4865743228800473, 6: 4.473878768384645, 7: 0.4915306096268486, 8: 3.991331257721047, 9: 2.4915118173182846, 10: 0.9797019108983327, 11: 0.49110009189126197, 12: 6.960325969950253, 13: 0.48795109859939567, 14: 1.4835800187402224, 15: 0.4726749777900221, 16: 4.9958559023462366, 17: 0.9793892359393228, 18: 4.970704689311121, 19: 0.9757508075330416, 20: 2.4854664549992, 21: 2.4954416293900064, 22: 1.0, 23: 4.4901218974344825, 24: 4.4915369232837445, 25: 0.9952456756046375, 26: 2.4704416405368756, 27: 5.990600691613412, 28: 0.976645594561107, 29: 7.4918745162007205, 30: 1.4959378501451188, 31: 1.0, 32: 2.485018192941843, 33: 7.976403548545137, 34: 1.0, 35: 2.9827649692527554, 36: 4.976393374986997, 37: 1.4799779833094262, 38: 1.4831705861566966, 39: 2.99581687607023, 40: 4.990201182704632, 41: 6.486417162367092, 42: 3.9778572328718522, 43: 4.97304079289109, 44: 0.49168040647931893, 45: 3.4909790940232863, 46: 0.49553762029851833, 47: 0.9853068821873796, 48: 1.4853413900994585, 49: 1.0, 50: 2.9644639345488613, 51: 2.978652579908617, 52: 1.4911431100316195, 53: 2.487221176519881, 54: 3.4917420021240955, 55: 0.48014297782115056, 56: 4.995820387178899, 57: 3.483339862837237, 58: 4.490861757447567, 59: 0.9956874638786276, 60: 0.4709878527169782, 61: 0.486782253547662, 62: 5.481609213238479, 63: 1.0, 64: 2.9909429865404142, 65: 0.9705542019200099, 66: 2.476289971008546, 67: 2.4727010180370703, 68: 3.475346230026331, 69: 6.9828938509886935, 70: 2.9902053418927377, 71: 2.485603610961174, 72: 0.4954485744047543, 73: 1.0, 74: 2.4740877664889784, 75: 1.4872849627316787, 76: 0.9792959607932601, 77: 1.0, 78: 2.9823118189437214, 79: 5.987898157300955, 80: 1.4905626398207419, 81: 2.4800236175937354, 82: 1.9908663875488215, 83: 1.9812667064120701, 84: 2.9868994253961523, 85: 4.486348122940351, 86: 0.9917447790007398, 87: 0.4910329258895897, 88: 3.9874456278503203, 89: 1.0, 90: 1.0, 91: 1.485386763124236, 92: 3.9852516600294225, 93: 5.983735410517749, 94: 2.476244305065995, 95: 4.483194691169902, 96: 3.490658825787486, 97: 1.4701362377041018, 98: 1.0, 99: 3.483938253625311}
2025-01-27 08:26:40 - WARNING  - Sum of s_i: 270.5862443742226
2025-01-27 08:27:06 - WARNING  - Epoch:    65. Accuracy: Top-1: 50.62 | Loss: value: 1.35
2025-01-27 08:27:06 - WARNING  - Epoch 65
2025-01-27 08:27:06 - WARNING  - s_i: {0: 4.977028580029118, 1: 2.495248396607545, 2: 2.980609449077967, 3: 0.9821565076613501, 4: 7.9860643896468035, 5: 0.4865743228800473, 6: 4.473878768384645, 7: 0.4915306096268486, 8: 3.991331257721047, 9: 2.4915118173182846, 10: 0.9797019108983327, 11: 0.49110009189126197, 12: 6.960325969950253, 13: 0.48795109859939567, 14: 1.4835800187402224, 15: 0.4726749777900221, 16: 4.9958559023462366, 17: 0.9793892359393228, 18: 4.970704689311121, 19: 0.9757508075330416, 20: 3.980621939998934, 21: 2.4954416293900064, 22: 1.0, 23: 4.4901218974344825, 24: 4.4915369232837445, 25: 0.9952456756046375, 26: 2.4704416405368756, 27: 5.990600691613412, 28: 6.471974713473328, 29: 7.4918745162007205, 30: 1.4959378501451188, 31: 1.9955575719694414, 32: 2.485018192941843, 33: 7.976403548545137, 34: 1.0, 35: 2.9827649692527554, 36: 4.976393374986997, 37: 1.4799779833094262, 38: 1.4831705861566966, 39: 2.99581687607023, 40: 4.990201182704632, 41: 6.486417162367092, 42: 3.9778572328718522, 43: 6.968547591706267, 44: 0.49168040647931893, 45: 3.4909790940232863, 46: 0.49553762029851833, 47: 0.9853068821873796, 48: 1.4853413900994585, 49: 1.0, 50: 2.9644639345488613, 51: 2.978652579908617, 52: 1.4911431100316195, 53: 2.487221176519881, 54: 3.4917420021240955, 55: 0.48014297782115056, 56: 4.995820387178899, 57: 3.483339862837237, 58: 2.986292636171346, 59: 0.9956874638786276, 60: 0.4709878527169782, 61: 0.486782253547662, 62: 5.481609213238479, 63: 1.0, 64: 2.9909429865404142, 65: 0.9705542019200099, 66: 2.476289971008546, 67: 2.4727010180370703, 68: 3.475346230026331, 69: 2.9786173137358647, 70: 2.9902053418927377, 71: 2.485603610961174, 72: 0.4954485744047543, 73: 2.9959726308641965, 74: 2.4740877664889784, 75: 1.4872849627316787, 76: 0.9792959607932601, 77: 1.0, 78: 2.9823118189437214, 79: 5.987898157300955, 80: 1.4905626398207419, 81: 2.4800236175937354, 82: 1.9908663875488215, 83: 1.9812667064120701, 84: 2.9868994253961523, 85: 4.486348122940351, 86: 0.9917447790007398, 87: 0.4910329258895897, 88: 3.9874456278503203, 89: 1.0, 90: 1.0, 91: 1.485386763124236, 92: 6.980335546705895, 93: 5.983735410517749, 94: 2.476244305065995, 95: 4.483194691169902, 96: 3.490658825787486, 97: 1.4651589439881194, 98: 1.0, 99: 3.483938253625311}
2025-01-27 08:27:06 - WARNING  - Sum of s_i: 280.0450269142148
Length of Loader 100
{69: -0.10000000000000009, 81: 0.15000000000000013, 86: -0.4000000000000001, 28: -0.10000000000000009, 6: 0.1999999999999999, 48: 0.15000000000000013, 95: -2.7755575615628914e-16, 97: 0.24999999999999994, 0: 0.2500000000000002, 78: -0.050000000000000044}
Length of Loader 100
{22: -0.10000000000000009, 89: -0.6, 98: -0.6000000000000003, 91: -0.65, 86: -0.4000000000000001, 9: -0.4999999999999999, 87: -0.3, 36: -0.35000000000000003, 75: -0.8999999999999999, 15: -0.6500000000000004}
Length of Loader 100
{20: 0.20000000000000018, 91: 0.0, 19: 0.20000000000000018, 15: 0.14999999999999986, 76: 0.3, 69: 0.3999999999999998, 29: 0.24999999999999994, 67: 0.1999999999999999, 75: -0.050000000000000044, 50: 0.10000000000000009}
Length of Loader 100
{45: -0.1999999999999999, 38: -0.24999999999999994, 69: 0.1999999999999999, 35: -1.05, 76: -0.5499999999999999, 53: -0.7499999999999998, 43: -0.65, 22: -1.15, 10: -0.8999999999999997, 97: -0.9999999999999998}
Length of Loader 100
{26: -0.40000000000000036, 31: -1.1500000000000004, 16: -0.9000000000000004, 60: -0.6499999999999997, 9: -0.6500000000000004, 45: -0.6000000000000003, 54: -1.2500000000000002, 98: -1.35, 41: -1.35, 93: -0.8500000000000002}
Length of Loader 100
{25: 0.0, 40: 0.44999999999999984, 12: 0.1999999999999999, 50: 0.20000000000000018, 34: -0.14999999999999986, 35: 0.3999999999999998, 74: 0.34999999999999976, 22: 0.7499999999999998, 94: -0.3500000000000003, 46: -0.4000000000000001}
Length of Loader 100
{17: -1.25, 82: -0.5000000000000002, 40: -0.8000000000000002, 5: -1.2, 64: -0.7999999999999998, 53: -0.9499999999999997, 42: -0.95, 51: -1.9, 44: -1.5999999999999996, 80: -1.7999999999999998}
Length of Loader 100
{7: 0.14999999999999986, 38: -0.10000000000000009, 0: -0.050000000000000044, 66: -0.30000000000000027, 28: -0.30000000000000027, 14: -0.14999999999999986, 96: -0.10000000000000009, 83: 0.10000000000000009, 81: -0.04999999999999977, 78: 0.04999999999999977}
Length of Loader 100
{14: -0.35000000000000003, 73: -0.35000000000000003, 38: -0.15000000000000013, 3: -0.09999999999999981, 94: -0.5000000000000002, 87: -0.24999999999999967, 72: -0.3999999999999998, 45: -0.5499999999999996, 25: -0.09999999999999981, 0: 0.050000000000000044}
Length of Loader 100
{86: 0.04999999999999977, 64: 0.14999999999999986, 46: -0.24999999999999994, 65: -0.4999999999999999, 24: -0.6, 6: -0.5499999999999999, 39: -0.34999999999999976, 84: -0.65, 28: -0.6999999999999997, 15: -0.15000000000000013}
Length of Loader 100
{35: -0.35000000000000003, 44: 0.0, 7: -0.1999999999999999, 49: -0.10000000000000009, 13: -0.24999999999999994, 37: -2.7755575615628914e-16, 67: -0.35000000000000003, 39: -0.35000000000000003, 81: -0.4000000000000001, 27: -0.1999999999999999}
Length of Loader 100
{12: -0.15000000000000013, 71: -0.1999999999999999, 26: -0.24999999999999994, 4: 0.2500000000000002, 78: -0.4999999999999999, 46: -0.050000000000000044, 99: -0.5999999999999996, 47: -0.14999999999999986, 55: -0.3, 65: -0.09999999999999981}
Length of Loader 100
{12: -0.10000000000000009, 14: -0.10000000000000009, 65: 0.20000000000000018, 50: -0.15000000000000013, 58: 0.20000000000000046, 92: 0.35000000000000003, 32: -0.44999999999999984, 13: -0.050000000000000044, 8: 0.0, 42: 0.10000000000000009}
Length of Loader 100
{49: -0.30000000000000027, 11: 0.0, 8: 0.30000000000000027, 58: 0.15000000000000013, 65: -0.19999999999999962, 99: -0.35000000000000003, 59: -0.1999999999999999, 18: -0.3999999999999998, 71: -0.44999999999999984, 6: -0.3}
Length of Loader 100
{85: -0.1999999999999999, 94: -0.5000000000000002, 88: -0.35000000000000003, 36: -0.65, 76: -0.24999999999999994, 67: -0.5499999999999996, 89: -0.7499999999999998, 38: -0.44999999999999984, 19: -0.44999999999999984, 44: -0.34999999999999976}
Length of Loader 100
{76: 0.20000000000000018, 34: -0.10000000000000009, 99: -0.20000000000000018, 92: -0.30000000000000027, 43: -0.3500000000000003, 93: 0.10000000000000009, 55: 0.20000000000000018, 18: 0.0, 44: -0.050000000000000044, 19: -0.10000000000000009}
Length of Loader 100
{86: -0.10000000000000009, 68: 0.0, 97: 0.10000000000000009, 19: 0.0, 17: 0.0, 48: -0.2500000000000002, 31: -0.4000000000000001, 62: -0.14999999999999986, 88: 0.14999999999999986, 61: 0.0}
Length of Loader 100
{66: -0.6, 68: 0.050000000000000044, 7: -0.4999999999999999, 55: -0.6000000000000003, 51: -0.3, 16: -0.4999999999999999, 38: -1.1, 11: -0.4999999999999999, 73: -0.65, 44: -1.35}
Length of Loader 100
{91: 0.0, 33: -0.10000000000000009, 45: 0.35000000000000003, 82: 0.09999999999999981, 43: 0.1999999999999999, 14: 0.04999999999999977, 92: 0.24999999999999994, 22: -0.15000000000000013, 97: -0.30000000000000027, 47: -0.20000000000000018}
Length of Loader 100
{73: -0.3, 82: -0.2999999999999997, 22: -0.10000000000000009, 94: -0.050000000000000044, 83: 0.04999999999999977, 48: -0.3, 0: -0.4999999999999999, 53: -0.3, 28: -0.2500000000000002, 14: -0.40000000000000036}
Length of Loader 100
{28: -0.30000000000000027, 72: -0.05000000000000032, 26: 0.20000000000000018, 55: -0.1999999999999999, 12: -1.1500000000000004, 62: -0.44999999999999984, 21: -0.7000000000000001, 50: -0.6499999999999997, 34: -0.6, 59: -0.5499999999999999}
Length of Loader 100
{72: -0.10000000000000009, 81: 0.0, 41: 0.10000000000000009, 57: 0.050000000000000044, 98: -0.35000000000000003, 20: -0.15000000000000013, 83: -0.35000000000000003, 79: -0.09999999999999981, 65: -0.1999999999999999, 42: -0.10000000000000009}
Length of Loader 100
{2: 0.24999999999999994, 37: -0.14999999999999986, 60: -0.10000000000000009, 65: -0.050000000000000044, 10: -0.15000000000000013, 76: -0.2500000000000002, 48: -0.14999999999999986, 54: 0.24999999999999994, 23: 0.2500000000000002, 43: 0.10000000000000009}
Length of Loader 100
{12: 0.09999999999999981, 54: 0.0, 70: 0.09999999999999981, 35: 0.09999999999999981, 99: 0.2999999999999997, 36: 0.3, 24: 0.4999999999999999, 18: -2.7755575615628914e-16, 62: -0.20000000000000018, 17: -0.10000000000000037}
Length of Loader 100
{91: -0.4999999999999999, 74: -0.15000000000000013, 26: -0.09999999999999981, 42: -0.3, 61: -0.14999999999999986, 1: -0.5499999999999999, 66: -1.1500000000000001, 87: -0.65, 86: -0.65, 70: -0.4999999999999999}
Length of Loader 100
{24: -0.15000000000000013, 44: -0.050000000000000044, 12: 0.3, 46: -0.15000000000000013, 99: -0.04999999999999977, 74: -0.2500000000000002, 1: -0.7500000000000002, 98: -0.44999999999999984, 53: -0.5000000000000002, 10: -0.4999999999999999}
Length of Loader 100
{27: -0.4500000000000004, 53: -0.6000000000000005, 63: -0.6, 92: -0.4500000000000001, 89: -0.65, 38: -0.8999999999999999, 67: -0.4500000000000004, 34: -0.15000000000000013, 4: -0.8500000000000002, 2: -0.6499999999999997}
Length of Loader 100
{67: 0.15000000000000013, 17: -0.050000000000000044, 51: 0.0, 53: 0.0, 18: 0.40000000000000036, 43: 0.050000000000000044, 6: 0.30000000000000027, 33: 0.40000000000000036, 38: 0.10000000000000009, 28: -0.10000000000000009}
Length of Loader 100
{81: -0.40000000000000036, 57: 0.15000000000000013, 67: -0.10000000000000009, 97: -0.1999999999999999, 82: -0.30000000000000027, 66: -0.050000000000000044, 62: 0.30000000000000027, 70: -0.3500000000000003, 89: -0.40000000000000036, 83: -0.35000000000000003}
Length of Loader 100
{45: -0.10000000000000009, 95: -0.7500000000000007, 37: -0.7500000000000004, 12: -1.2500000000000004, 35: -1.1500000000000006, 3: -1.1500000000000006, 81: -1.1500000000000006, 66: -0.9500000000000004, 46: -1.3000000000000003, 22: -1.3000000000000003}
Length of Loader 100
{27: 0.5499999999999999, 1: 0.14999999999999958, 45: -0.5499999999999994, 13: -0.5499999999999994, 37: -0.24999999999999967, 46: -0.3499999999999992, 10: -0.39999999999999925, 11: -0.34999999999999976, 55: -0.49999999999999933, 26: -0.09999999999999953}
Length of Loader 100
{20: 0.15000000000000013, 58: -0.15000000000000013, 31: 0.09999999999999953, 43: 0.19999999999999962, 73: 0.19999999999999962, 28: 0.5499999999999999, 69: -0.40000000000000036, 92: 0.2999999999999997, 97: 0.0, 29: 0.19999999999999962}
Length of Loader 100
2025-01-27 08:27:30 - WARNING  - Epoch:    66. Accuracy: Top-1: 51.00 | Loss: value: 1.33
2025-01-27 08:27:30 - WARNING  - Epoch 66
2025-01-27 08:27:30 - WARNING  - s_i: {0: 4.977028580029118, 1: 2.495248396607545, 2: 2.980609449077967, 3: 0.9821565076613501, 4: 7.9860643896468035, 5: 0.4865743228800473, 6: 4.473878768384645, 7: 1.4872959144402687, 8: 3.991331257721047, 9: 2.4915118173182846, 10: 0.9797019108983327, 11: 0.49110009189126197, 12: 6.960325969950253, 13: 0.48795109859939567, 14: 1.4835800187402224, 15: 0.4726749777900221, 16: 4.9958559023462366, 17: 0.9793892359393228, 18: 4.970704689311121, 19: 0.9757508075330416, 20: 3.980621939998934, 21: 2.4954416293900064, 22: 1.0, 23: 4.4901218974344825, 24: 4.4915369232837445, 25: 0.9952456756046375, 26: 2.4704416405368756, 27: 5.990600691613412, 28: 5.967303832385549, 29: 7.4918745162007205, 30: 1.4959378501451188, 31: 1.9955575719694414, 32: 2.485018192941843, 33: 7.976403548545137, 34: 1.0, 35: 2.9827649692527554, 36: 4.976393374986997, 37: 1.4799779833094262, 38: 1.4831705861566966, 39: 2.99581687607023, 40: 4.990201182704632, 41: 6.486417162367092, 42: 3.9778572328718522, 43: 6.968547591706267, 44: 0.49168040647931893, 45: 3.4909790940232863, 46: 0.49553762029851833, 47: 0.9853068821873796, 48: 1.4853413900994585, 49: 1.0, 50: 2.9644639345488613, 51: 2.978652579908617, 52: 1.4911431100316195, 53: 2.487221176519881, 54: 3.4917420021240955, 55: 0.48014297782115056, 56: 4.995820387178899, 57: 3.483339862837237, 58: 2.986292636171346, 59: 0.9956874638786276, 60: 0.4709878527169782, 61: 0.486782253547662, 62: 5.481609213238479, 63: 1.0, 64: 2.9909429865404142, 65: 0.4656465689066822, 66: 2.476289971008546, 67: 2.4727010180370703, 68: 3.475346230026331, 69: 2.9786173137358647, 70: 2.9902053418927377, 71: 2.485603610961174, 72: 0.4954485744047543, 73: 2.9959726308641965, 74: 2.4740877664889784, 75: 1.4872849627316787, 76: 0.9792959607932601, 77: 1.0, 78: 2.9823118189437214, 79: 5.987898157300955, 80: 1.4905626398207419, 81: 2.4800236175937354, 82: 1.9908663875488215, 83: 1.9812667064120701, 84: 2.9868994253961523, 85: 0.48179749725380283, 86: 0.9917447790007398, 87: 0.4910329258895897, 88: 1.983260837133764, 89: 1.0, 90: 1.0, 91: 1.485386763124236, 92: 6.980335546705895, 93: 5.983735410517749, 94: 2.476244305065995, 95: 4.483194691169902, 96: 3.490658825787486, 97: 1.4651589439881194, 98: 1.0, 99: 3.483938253625311}
2025-01-27 08:27:30 - WARNING  - Sum of s_i: 274.02247828852404
2025-01-27 08:27:56 - WARNING  - Epoch:    67. Accuracy: Top-1: 51.63 | Loss: value: 1.32
2025-01-27 08:27:56 - WARNING  - Epoch 67
2025-01-27 08:27:56 - WARNING  - s_i: {0: 4.977028580029118, 1: 2.495248396607545, 2: 2.980609449077967, 3: 0.9821565076613501, 4: 7.9860643896468035, 5: 0.4865743228800473, 6: 4.473878768384645, 7: 1.4872959144402687, 8: 3.991331257721047, 9: 2.4915118173182846, 10: 0.9797019108983327, 11: 0.49110009189126197, 12: 6.960325969950253, 13: 0.48795109859939567, 14: 1.4835800187402224, 15: 0.4726749777900221, 16: 4.9958559023462366, 17: 0.9793892359393228, 18: 4.970704689311121, 19: 0.9757508075330416, 20: 3.980621939998934, 21: 2.4954416293900064, 22: 1.0, 23: 4.4901218974344825, 24: 4.4915369232837445, 25: 0.9952456756046375, 26: 2.4704416405368756, 27: 5.990600691613412, 28: 5.967303832385549, 29: 5.987811774301078, 30: 1.4959378501451188, 31: 1.9955575719694414, 32: 2.485018192941843, 33: 7.976403548545137, 34: 1.0, 35: 2.9827649692527554, 36: 4.976393374986997, 37: 1.4799779833094262, 38: 1.4831705861566966, 39: 2.99581687607023, 40: 4.990201182704632, 41: 6.486417162367092, 42: 3.9778572328718522, 43: 0.9640543905214489, 44: 0.49168040647931893, 45: 3.4909790940232863, 46: 0.49553762029851833, 47: 0.9853068821873796, 48: 1.4853413900994585, 49: 1.0, 50: 2.9644639345488613, 51: 2.978652579908617, 52: 1.4911431100316195, 53: 2.487221176519881, 54: 3.4917420021240955, 55: 0.48014297782115056, 56: 4.995820387178899, 57: 3.483339862837237, 58: 2.986292636171346, 59: 0.9956874638786276, 60: 0.4709878527169782, 61: 0.486782253547662, 62: 5.481609213238479, 63: 1.0, 64: 2.9909429865404142, 65: 0.4656465689066822, 66: 2.476289971008546, 67: 2.4727010180370703, 68: 3.475346230026331, 69: 2.9786173137358647, 70: 2.9902053418927377, 71: 2.485603610961174, 72: 0.4954485744047543, 73: 2.9959726308641965, 74: 2.4740877664889784, 75: 1.4872849627316787, 76: 0.9792959607932601, 77: 1.0, 78: 2.9823118189437214, 79: 5.987898157300955, 80: 1.4905626398207419, 81: 2.4800236175937354, 82: 1.9908663875488215, 83: 1.9812667064120701, 84: 2.9868994253961523, 85: 0.48179749725380283, 86: 0.9917447790007398, 87: 0.4910329258895897, 88: 1.479076046417204, 89: 1.0, 90: 2.9951332478072814, 91: 1.485386763124236, 92: 6.980335546705895, 93: 5.983735410517749, 94: 2.476244305065995, 95: 4.483194691169902, 96: 3.490658825787486, 97: 1.4651589439881194, 98: 1.0, 99: 3.483938253625311}
2025-01-27 08:27:56 - WARNING  - Sum of s_i: 268.00487080253026
2025-01-27 08:28:19 - WARNING  - Epoch:    68. Accuracy: Top-1: 49.25 | Loss: value: 1.38
2025-01-27 08:28:19 - WARNING  - Epoch 68
2025-01-27 08:28:19 - WARNING  - s_i: {0: 4.977028580029118, 1: 2.495248396607545, 2: 2.980609449077967, 3: 0.9821565076613501, 4: 5.981419186195741, 5: 0.4865743228800473, 6: 4.473878768384645, 7: 1.4872959144402687, 8: 3.991331257721047, 9: 2.4915118173182846, 10: 0.9797019108983327, 11: 0.49110009189126197, 12: 6.960325969950253, 13: 0.48795109859939567, 14: 1.4835800187402224, 15: 0.4726749777900221, 16: 4.9958559023462366, 17: 0.9793892359393228, 18: 4.970704689311121, 19: 0.9757508075330416, 20: 3.980621939998934, 21: 2.4954416293900064, 22: 2.995641485251184, 23: 4.4901218974344825, 24: 4.4915369232837445, 25: 2.990491351209271, 26: 2.4704416405368756, 27: 5.990600691613412, 28: 5.967303832385549, 29: 5.987811774301078, 30: 1.4959378501451188, 31: 1.9955575719694414, 32: 2.485018192941843, 33: 7.976403548545137, 34: 1.0, 35: 2.9827649692527554, 36: 4.976393374986997, 37: 1.4799779833094262, 38: 1.4831705861566966, 39: 2.99581687607023, 40: 4.990201182704632, 41: 6.486417162367092, 42: 3.9778572328718522, 43: 0.9640543905214489, 44: 0.48752060971897304, 45: 3.4909790940232863, 46: 0.49553762029851833, 47: 0.9853068821873796, 48: 1.4853413900994585, 49: 1.0, 50: 2.9644639345488613, 51: 2.978652579908617, 52: 1.4911431100316195, 53: 2.487221176519881, 54: 3.4917420021240955, 55: 0.48014297782115056, 56: 4.995820387178899, 57: 3.483339862837237, 58: 2.986292636171346, 59: 0.9956874638786276, 60: 0.4709878527169782, 61: 0.486782253547662, 62: 5.481609213238479, 63: 1.0, 64: 2.9909429865404142, 65: 0.4656465689066822, 66: 2.476289971008546, 67: 0.9681511877099138, 68: 3.475346230026331, 69: 2.9786173137358647, 70: 2.9902053418927377, 71: 2.485603610961174, 72: 0.4954485744047543, 73: 2.9959726308641965, 74: 2.4740877664889784, 75: 1.4872849627316787, 76: 0.9792959607932601, 77: 1.0, 78: 2.9823118189437214, 79: 5.987898157300955, 80: 1.4905626398207419, 81: 2.4800236175937354, 82: 1.9908663875488215, 83: 1.9812667064120701, 84: 2.9868994253961523, 85: 0.48179749725380283, 86: 0.9917447790007398, 87: 0.4910329258895897, 88: 1.479076046417204, 89: 1.0, 90: 2.9951332478072814, 91: 1.485386763124236, 92: 5.975419433382372, 93: 5.983735410517749, 94: 2.476244305065995, 95: 3.978993363962383, 96: 3.490658825787486, 97: 1.4651589439881194, 98: 1.0, 99: 3.483938253625311}
2025-01-27 08:28:19 - WARNING  - Sum of s_i: 266.9732856923165
2025-01-27 08:28:42 - WARNING  - Epoch:    69. Accuracy: Top-1: 52.09 | Loss: value: 1.32
2025-01-27 08:28:42 - WARNING  - Epoch 69
2025-01-27 08:28:42 - WARNING  - s_i: {0: 4.977028580029118, 1: 2.495248396607545, 2: 2.980609449077967, 3: 0.9821565076613501, 4: 5.981419186195741, 5: 0.4865743228800473, 6: 4.473878768384645, 7: 1.4872959144402687, 8: 3.991331257721047, 9: 2.4915118173182846, 10: 0.47564229307799866, 11: 0.49110009189126197, 12: 6.960325969950253, 13: 0.48795109859939567, 14: 1.4835800187402224, 15: 0.4726749777900221, 16: 4.9958559023462366, 17: 0.9793892359393228, 18: 4.970704689311121, 19: 0.9757508075330416, 20: 3.980621939998934, 21: 2.4954416293900064, 22: 2.995641485251184, 23: 4.4901218974344825, 24: 4.4915369232837445, 25: 2.990491351209271, 26: 2.4704416405368756, 27: 5.990600691613412, 28: 5.967303832385549, 29: 5.987811774301078, 30: 1.4959378501451188, 31: 1.9955575719694414, 32: 2.485018192941843, 33: 7.976403548545137, 34: 1.0, 35: 0.978456211565943, 36: 4.976393374986997, 37: 1.4799779833094262, 38: 1.4831705861566966, 39: 2.99581687607023, 40: 4.990201182704632, 41: 6.486417162367092, 42: 3.9778572328718522, 43: 0.9640543905214489, 44: 0.48752060971897304, 45: 3.4909790940232863, 46: 0.49553762029851833, 47: 0.9853068821873796, 48: 1.4853413900994585, 49: 1.0, 50: 2.9644639345488613, 51: 2.978652579908617, 52: 1.4911431100316195, 53: 2.487221176519881, 54: 3.4917420021240955, 55: 0.48014297782115056, 56: 4.995820387178899, 57: 4.479174828546547, 58: 2.986292636171346, 59: 0.9956874638786276, 60: 0.4709878527169782, 61: 0.486782253547662, 62: 5.481609213238479, 63: 1.0, 64: 3.4864144798106222, 65: 0.9607389358933499, 66: 2.476289971008546, 67: 0.9681511877099138, 68: 3.475346230026331, 69: 2.9786173137358647, 70: 2.9902053418927377, 71: 0.48080481461489644, 72: 0.4954485744047543, 73: 2.9959726308641965, 74: 2.4740877664889784, 75: 1.4872849627316787, 76: 1.4751551529519127, 77: 1.0, 78: 2.9823118189437214, 79: 5.987898157300955, 80: 1.4905626398207419, 81: 2.4800236175937354, 82: 1.9908663875488215, 83: 1.9812667064120701, 84: 2.9868994253961523, 85: 0.48179749725380283, 86: 0.9917447790007398, 87: 0.4910329258895897, 88: 1.479076046417204, 89: 1.0, 90: 2.9951332478072814, 91: 1.485386763124236, 92: 5.975419433382372, 93: 5.983735410517749, 94: 2.476244305065995, 95: 3.978993363962383, 96: 3.490658825787486, 97: 1.4651589439881194, 98: 1.0, 99: 1.4799228170316376}
2025-01-27 08:28:42 - WARNING  - Sum of s_i: 262.93836110199425
2025-01-27 08:29:05 - WARNING  - Epoch:    70. Accuracy: Top-1: 52.26 | Loss: value: 1.31
2025-01-27 08:29:05 - WARNING  - Epoch 70
2025-01-27 08:29:05 - WARNING  - s_i: {0: 4.977028580029118, 1: 2.495248396607545, 2: 2.980609449077967, 3: 0.9821565076613501, 4: 5.981419186195741, 5: 0.4865743228800473, 6: 4.473878768384645, 7: 1.4872959144402687, 8: 3.991331257721047, 9: 2.4915118173182846, 10: 1.9715826752576664, 11: 0.49110009189126197, 12: 6.960325969950253, 13: 0.48795109859939567, 14: 1.4835800187402224, 15: 0.4726749777900221, 16: 4.9958559023462366, 17: 0.9793892359393228, 18: 4.970704689311121, 19: 0.9757508075330416, 20: 3.980621939998934, 21: 2.4908832587800123, 22: 2.995641485251184, 23: 4.4901218974344825, 24: 4.4915369232837445, 25: 2.990491351209271, 26: 2.4704416405368756, 27: 5.990600691613412, 28: 5.967303832385549, 29: 5.987811774301078, 30: 1.4959378501451188, 31: 1.9955575719694414, 32: 2.485018192941843, 33: 7.976403548545137, 34: 1.0, 35: 0.978456211565943, 36: 4.976393374986997, 37: 1.4799779833094262, 38: 1.4831705861566966, 39: 2.99581687607023, 40: 4.990201182704632, 41: 6.486417162367092, 42: 3.9778572328718522, 43: 0.9640543905214489, 44: 0.48752060971897304, 45: 3.4909790940232863, 46: 0.49553762029851833, 47: 0.9853068821873796, 48: 1.4853413900994585, 49: 1.0, 50: 2.9644639345488613, 51: 2.978652579908617, 52: 1.4911431100316195, 53: 2.487221176519881, 54: 3.4917420021240955, 55: 0.48014297782115056, 56: 4.995820387178899, 57: 4.479174828546547, 58: 2.986292636171346, 59: 0.9956874638786276, 60: 0.4709878527169782, 61: 1.4823763380635504, 62: 5.481609213238479, 63: 1.0, 64: 3.4864144798106222, 65: 0.9607389358933499, 66: 2.476289971008546, 67: 0.9681511877099138, 68: 3.475346230026331, 69: 2.9786173137358647, 70: 0.9853080128391043, 71: 0.4760060182686207, 72: 0.4954485744047543, 73: 2.9959726308641965, 74: 2.4740877664889784, 75: 1.4872849627316787, 76: 1.4751551529519127, 77: 1.0, 78: 2.9823118189437214, 79: 5.987898157300955, 80: 0.9858439597311066, 81: 2.4800236175937354, 82: 1.9908663875488215, 83: 1.9812667064120701, 84: 2.9868994253961523, 85: 0.48179749725380283, 86: 0.987617168501111, 87: 0.4910329258895897, 88: 1.479076046417204, 89: 1.0, 90: 4.490266495614551, 91: 1.485386763124236, 92: 5.975419433382372, 93: 1.9796692631471808, 94: 2.476244305065995, 95: 3.978993363962383, 96: 3.490658825787486, 97: 1.4651589439881194, 98: 1.0, 99: 1.4799228170316376}
2025-01-27 08:29:05 - WARNING  - Sum of s_i: 260.3978618825273
2025-01-27 08:29:10 - WARNING  - The sum of accs: 51.0
2025-01-27 08:29:10 - WARNING  - The welfare is 50.88272327598488
2025-01-27 08:29:33 - WARNING  - Epoch:    71. Accuracy: Top-1: 51.31 | Loss: value: 1.31
2025-01-27 08:29:33 - WARNING  - Epoch 71
2025-01-27 08:29:33 - WARNING  - s_i: {0: 4.977028580029118, 1: 2.4904967932150943, 2: 2.980609449077967, 3: 0.9821565076613501, 4: 5.981419186195741, 5: 0.4865743228800473, 6: 4.473878768384645, 7: 1.4872959144402687, 8: 3.991331257721047, 9: 2.4915118173182846, 10: 1.9715826752576664, 11: 0.49110009189126197, 12: 6.960325969950253, 13: 0.48795109859939567, 14: 1.4835800187402224, 15: 0.4726749777900221, 16: 4.9958559023462366, 17: 0.9793892359393228, 18: 4.970704689311121, 19: 0.9757508075330416, 20: 3.980621939998934, 21: 2.4908832587800123, 22: 2.995641485251184, 23: 4.4901218974344825, 24: 4.4915369232837445, 25: 2.990491351209271, 26: 2.4704416405368756, 27: 5.990600691613412, 28: 5.967303832385549, 29: 5.987811774301078, 30: 1.4959378501451188, 31: 1.9955575719694414, 32: 2.485018192941843, 33: 3.97168425825416, 34: 1.0, 35: 0.978456211565943, 36: 4.976393374986997, 37: 1.4799779833094262, 38: 1.4831705861566966, 39: 2.99581687607023, 40: 4.990201182704632, 41: 6.486417162367092, 42: 3.9778572328718522, 43: 0.9640543905214489, 44: 0.48752060971897304, 45: 3.4909790940232863, 46: 0.49553762029851833, 47: 0.9853068821873796, 48: 1.4853413900994585, 49: 1.0, 50: 2.9644639345488613, 51: 2.978652579908617, 52: 1.4911431100316195, 53: 2.487221176519881, 54: 3.4917420021240955, 55: 0.48014297782115056, 56: 4.995820387178899, 57: 4.479174828546547, 58: 2.986292636171346, 59: 0.9956874638786276, 60: 0.4709878527169782, 61: 1.4823763380635504, 62: 5.481609213238479, 63: 1.0, 64: 3.4864144798106222, 65: 0.9607389358933499, 66: 2.476289971008546, 67: 3.4636013573827613, 68: 3.475346230026331, 69: 2.9786173137358647, 70: 0.9853080128391043, 71: 5.471207221922349, 72: 0.4954485744047543, 73: 2.9959726308641965, 74: 2.4740877664889784, 75: 1.4872849627316787, 76: 1.4751551529519127, 77: 1.0, 78: 2.9823118189437214, 79: 5.987898157300955, 80: 0.9858439597311066, 81: 2.4800236175937354, 82: 1.9908663875488215, 83: 1.9812667064120701, 84: 2.9868994253961523, 85: 0.48179749725380283, 86: 0.987617168501111, 87: 0.4910329258895897, 88: 1.479076046417204, 89: 1.0, 90: 5.985399743421832, 91: 1.485386763124236, 92: 5.975419433382372, 93: 1.9796692631471808, 94: 2.476244305065995, 95: 3.978993363962383, 96: 3.490658825787486, 97: 1.4651589439881194, 98: 1.0, 99: 1.4799228170316376}
2025-01-27 08:29:33 - WARNING  - Sum of s_i: 265.3741756099778
2025-01-27 08:30:01 - WARNING  - Epoch:    72. Accuracy: Top-1: 51.38 | Loss: value: 1.32
2025-01-27 08:30:01 - WARNING  - Epoch 72
2025-01-27 08:30:01 - WARNING  - s_i: {0: 4.977028580029118, 1: 2.4904967932150943, 2: 2.980609449077967, 3: 0.9821565076613501, 4: 5.981419186195741, 5: 0.4865743228800473, 6: 4.473878768384645, 7: 1.4872959144402687, 8: 3.991331257721047, 9: 2.4915118173182846, 10: 1.9715826752576664, 11: 0.49110009189126197, 12: 6.960325969950253, 13: 0.48795109859939567, 14: 1.4835800187402224, 15: 0.4726749777900221, 16: 3.9917118046924793, 17: 0.9793892359393228, 18: 4.970704689311121, 19: 0.9757508075330416, 20: 3.980621939998934, 21: 2.4908832587800123, 22: 2.995641485251184, 23: 4.4901218974344825, 24: 1.987305384925616, 25: 2.990491351209271, 26: 2.4704416405368756, 27: 5.990600691613412, 28: 5.967303832385549, 29: 5.987811774301078, 30: 1.4959378501451188, 31: 1.9955575719694414, 32: 2.485018192941843, 33: 3.97168425825416, 34: 1.0, 35: 0.978456211565943, 36: 4.976393374986997, 37: 1.4799779833094262, 38: 1.4831705861566966, 39: 2.99581687607023, 40: 4.990201182704632, 41: 6.486417162367092, 42: 3.9778572328718522, 43: 0.9640543905214489, 44: 0.48752060971897304, 45: 3.4909790940232863, 46: 0.49553762029851833, 47: 0.9853068821873796, 48: 1.4853413900994585, 49: 1.0, 50: 2.9644639345488613, 51: 2.978652579908617, 52: 1.4911431100316195, 53: 2.487221176519881, 54: 3.4917420021240955, 55: 0.48014297782115056, 56: 4.995820387178899, 57: 4.479174828546547, 58: 2.986292636171346, 59: 0.9956874638786276, 60: 0.4709878527169782, 61: 1.4823763380635504, 62: 5.477011516548098, 63: 1.0, 64: 3.4864144798106222, 65: 0.9607389358933499, 66: 2.476289971008546, 67: 3.4636013573827613, 68: 3.475346230026331, 69: 2.9786173137358647, 70: 0.9853080128391043, 71: 1.9664084255760752, 72: 0.4954485744047543, 73: 2.9959726308641965, 74: 2.4740877664889784, 75: 1.4872849627316787, 76: 1.4751551529519127, 77: 1.0, 78: 2.9823118189437214, 79: 5.987898157300955, 80: 0.9858439597311066, 81: 2.4800236175937354, 82: 1.9908663875488215, 83: 1.9812667064120701, 84: 2.9868994253961523, 85: 0.48179749725380283, 86: 0.987617168501111, 87: 0.4910329258895897, 88: 1.479076046417204, 89: 1.0, 90: 5.985399743421832, 91: 1.485386763124236, 92: 1.4705033200588487, 93: 1.9796692631471808, 94: 2.476244305065995, 95: 3.978993363962383, 96: 3.490658825787486, 97: 1.4651589439881194, 98: 1.0, 99: 1.4799228170316376}
2025-01-27 08:30:01 - WARNING  - Sum of s_i: 253.8514873676057
2025-01-27 08:30:25 - WARNING  - Epoch:    73. Accuracy: Top-1: 52.28 | Loss: value: 1.29
2025-01-27 08:30:25 - WARNING  - Epoch 73
2025-01-27 08:30:25 - WARNING  - s_i: {0: 4.977028580029118, 1: 2.4904967932150943, 2: 2.980609449077967, 3: 0.9821565076613501, 4: 5.981419186195741, 5: 0.4865743228800473, 6: 4.473878768384645, 7: 1.4872959144402687, 8: 0.9869968865815775, 9: 2.4915118173182846, 10: 1.9715826752576664, 11: 0.49110009189126197, 12: 6.960325969950253, 13: 0.48795109859939567, 14: 1.4835800187402224, 15: 0.4726749777900221, 16: 3.9917118046924793, 17: 0.9793892359393228, 18: 4.970704689311121, 19: 0.9757508075330416, 20: 3.980621939998934, 21: 2.4908832587800123, 22: 2.995641485251184, 23: 4.4901218974344825, 24: 1.987305384925616, 25: 2.990491351209271, 26: 2.4704416405368756, 27: 5.990600691613412, 28: 2.462632951297779, 29: 5.987811774301078, 30: 1.4959378501451188, 31: 1.9955575719694414, 32: 2.485018192941843, 33: 3.97168425825416, 34: 1.0, 35: 0.978456211565943, 36: 4.976393374986997, 37: 1.4799779833094262, 38: 1.4831705861566966, 39: 2.99581687607023, 40: 4.990201182704632, 41: 6.486417162367092, 42: 3.9778572328718522, 43: 0.9640543905214489, 44: 0.48752060971897304, 45: 3.4909790940232863, 46: 0.49553762029851833, 47: 0.9853068821873796, 48: 1.4853413900994585, 49: 1.0, 50: 2.9644639345488613, 51: 2.978652579908617, 52: 1.4911431100316195, 53: 2.487221176519881, 54: 3.4917420021240955, 55: 0.48014297782115056, 56: 4.995820387178899, 57: 4.479174828546547, 58: 2.986292636171346, 59: 0.9956874638786276, 60: 0.4709878527169782, 61: 1.4823763380635504, 62: 5.477011516548098, 63: 1.0, 64: 3.4864144798106222, 65: 0.9607389358933499, 66: 2.476289971008546, 67: 3.4636013573827613, 68: 3.475346230026331, 69: 2.9786173137358647, 70: 0.9853080128391043, 71: 1.9664084255760752, 72: 0.4954485744047543, 73: 2.9959726308641965, 74: 2.4740877664889784, 75: 1.4872849627316787, 76: 1.4751551529519127, 77: 1.0, 78: 0.47788977367964947, 79: 5.987898157300955, 80: 0.9858439597311066, 81: 2.4800236175937354, 82: 1.9908663875488215, 83: 1.9812667064120701, 84: 2.9868994253961523, 85: 0.48179749725380283, 86: 0.987617168501111, 87: 0.4910329258895897, 88: 1.479076046417204, 89: 1.0, 90: 5.985399743421832, 91: 1.485386763124236, 92: 1.4705033200588487, 93: 1.9796692631471808, 94: 2.476244305065995, 95: 3.978993363962383, 96: 3.490658825787486, 97: 1.4651589439881194, 98: 1.0, 99: 1.4799228170316376}
2025-01-27 08:30:25 - WARNING  - Sum of s_i: 244.83806007011438
2025-01-27 08:30:47 - WARNING  - Epoch:    74. Accuracy: Top-1: 54.74 | Loss: value: 1.23
2025-01-27 08:30:47 - WARNING  - Epoch 74
2025-01-27 08:30:47 - WARNING  - s_i: {0: 4.977028580029118, 1: 2.4904967932150943, 2: 2.980609449077967, 3: 0.9821565076613501, 4: 5.981419186195741, 5: 6.982099097173396, 6: 4.473878768384645, 7: 1.4872959144402687, 8: 0.9869968865815775, 9: 2.4915118173182846, 10: 1.9715826752576664, 11: 0.49110009189126197, 12: 6.960325969950253, 13: 0.48795109859939567, 14: 1.4835800187402224, 15: 0.4726749777900221, 16: 3.9917118046924793, 17: 0.9793892359393228, 18: 4.970704689311121, 19: 0.9757508075330416, 20: 3.980621939998934, 21: 2.4908832587800123, 22: 2.995641485251184, 23: 4.4901218974344825, 24: 1.987305384925616, 25: 2.990491351209271, 26: 2.4704416405368756, 27: 5.990600691613412, 28: 2.462632951297779, 29: 5.987811774301078, 30: 1.4959378501451188, 31: 1.9955575719694414, 32: 2.485018192941843, 33: 7.4669649679631895, 34: 1.0, 35: 4.97414745387913, 36: 5.971672049984392, 37: 1.4799779833094262, 38: 1.4831705861566966, 39: 2.99581687607023, 40: 4.990201182704632, 41: 6.486417162367092, 42: 3.9778572328718522, 43: 0.9640543905214489, 44: 0.48752060971897304, 45: 3.4909790940232863, 46: 1.4910752405970382, 47: 0.9853068821873796, 48: 1.4853413900994585, 49: 1.0, 50: 2.9644639345488613, 51: 2.978652579908617, 52: 1.4911431100316195, 53: 2.487221176519881, 54: 3.4917420021240955, 55: 0.48014297782115056, 56: 4.995820387178899, 57: 4.479174828546547, 58: 6.981723514895124, 59: 0.9956874638786276, 60: 0.4709878527169782, 61: 1.4823763380635504, 62: 5.477011516548098, 63: 1.0, 64: 3.4864144798106222, 65: 0.9607389358933499, 66: 2.476289971008546, 67: 3.4636013573827613, 68: 3.475346230026331, 69: 2.9786173137358647, 70: 0.9853080128391043, 71: 1.9664084255760752, 72: 0.4954485744047543, 73: 2.9959726308641965, 74: 2.4740877664889784, 75: 1.4872849627316787, 76: 1.4751551529519127, 77: 1.9952721579746207, 78: 0.47788977367964947, 79: 5.987898157300955, 80: 0.9858439597311066, 81: 2.4800236175937354, 82: 1.9908663875488215, 83: 1.9812667064120701, 84: 2.9868994253961523, 85: 0.48179749725380283, 86: 0.987617168501111, 87: 0.4910329258895897, 88: 1.479076046417204, 89: 1.0, 90: 5.985399743421832, 91: 5.980515684165646, 92: 1.4705033200588487, 93: 1.9796692631471808, 94: 2.476244305065995, 95: 3.978993363962383, 96: 7.485988238681221, 97: 1.4651589439881194, 98: 1.0, 99: 1.4799228170316376}
2025-01-27 08:30:47 - WARNING  - Sum of s_i: 274.29653446235943
2025-01-27 08:31:13 - WARNING  - Epoch:    75. Accuracy: Top-1: 54.14 | Loss: value: 1.27
2025-01-27 08:31:13 - WARNING  - Epoch 75
2025-01-27 08:31:13 - WARNING  - s_i: {0: 4.977028580029118, 1: 2.4904967932150943, 2: 2.980609449077967, 3: 0.9821565076613501, 4: 5.981419186195741, 5: 6.982099097173396, 6: 4.473878768384645, 7: 1.4872959144402687, 8: 0.9869968865815775, 9: 3.4872677259774285, 10: 1.9715826752576664, 11: 0.49110009189126197, 12: 6.960325969950253, 13: 0.48795109859939567, 14: 1.4835800187402224, 15: 0.4726749777900221, 16: 3.9917118046924793, 17: 0.9793892359393228, 18: 4.970704689311121, 19: 0.9757508075330416, 20: 3.980621939998934, 21: 2.4908832587800123, 22: 2.995641485251184, 23: 4.4901218974344825, 24: 1.987305384925616, 25: 2.990491351209271, 26: 2.4704416405368756, 27: 5.990600691613412, 28: 2.462632951297779, 29: 5.987811774301078, 30: 1.4959378501451188, 31: 1.9955575719694414, 32: 2.485018192941843, 33: 7.4669649679631895, 34: 1.0, 35: 4.97414745387913, 36: 5.971672049984392, 37: 1.4799779833094262, 38: 1.4831705861566966, 39: 2.99581687607023, 40: 2.4853017740569467, 41: 6.486417162367092, 42: 3.9778572328718522, 43: 0.9640543905214489, 44: 0.48752060971897304, 45: 3.4909790940232863, 46: 1.4910752405970382, 47: 0.9853068821873796, 48: 1.4853413900994585, 49: 1.0, 50: 2.9644639345488613, 51: 2.978652579908617, 52: 1.4911431100316195, 53: 2.487221176519881, 54: 3.4917420021240955, 55: 0.48014297782115056, 56: 4.995820387178899, 57: 4.479174828546547, 58: 2.9771543936189016, 59: 0.9956874638786276, 60: 0.4709878527169782, 61: 1.4823763380635504, 62: 5.477011516548098, 63: 1.0, 64: 3.4864144798106222, 65: 0.9607389358933499, 66: 2.476289971008546, 67: 3.4636013573827613, 68: 3.475346230026331, 69: 6.474340776483037, 70: 0.9853080128391043, 71: 1.9664084255760752, 72: 0.4954485744047543, 73: 2.9959726308641965, 74: 2.4740877664889784, 75: 1.4872849627316787, 76: 1.4751551529519127, 77: 1.9952721579746207, 78: 0.47788977367964947, 79: 5.987898157300955, 80: 0.9858439597311066, 81: 2.4800236175937354, 82: 1.9908663875488215, 83: 1.9812667064120701, 84: 2.9868994253961523, 85: 0.48179749725380283, 86: 0.987617168501111, 87: 0.4910329258895897, 88: 1.479076046417204, 89: 1.0, 90: 5.985399743421832, 91: 5.980515684165646, 92: 1.4705033200588487, 93: 1.9796692631471808, 94: 2.476244305065995, 95: 3.978993363962383, 96: 7.485988238681221, 97: 1.4651589439881194, 98: 1.0, 99: 1.4799228170316376}
2025-01-27 08:31:13 - WARNING  - Sum of s_i: 272.27854530384184
2025-01-27 08:31:40 - WARNING  - Epoch:    76. Accuracy: Top-1: 52.87 | Loss: value: 1.28
2025-01-27 08:31:40 - WARNING  - Epoch 76
2025-01-27 08:31:40 - WARNING  - s_i: {0: 4.977028580029118, 1: 2.4904967932150943, 2: 2.980609449077967, 3: 0.9821565076613501, 4: 3.9767739827446733, 5: 6.982099097173396, 6: 4.473878768384645, 7: 1.4872959144402687, 8: 0.9869968865815775, 9: 1.9830236346365757, 10: 1.9715826752576664, 11: 0.49110009189126197, 12: 6.960325969950253, 13: 0.48795109859939567, 14: 1.4835800187402224, 15: 0.4726749777900221, 16: 3.9917118046924793, 17: 0.9793892359393228, 18: 4.970704689311121, 19: 0.9757508075330416, 20: 3.980621939998934, 21: 2.4908832587800123, 22: 2.995641485251184, 23: 4.4901218974344825, 24: 1.987305384925616, 25: 2.990491351209271, 26: 2.4704416405368756, 27: 5.990600691613412, 28: 2.462632951297779, 29: 5.987811774301078, 30: 1.4959378501451188, 31: 1.9955575719694414, 32: 2.485018192941843, 33: 7.4669649679631895, 34: 1.0, 35: 4.97414745387913, 36: 5.971672049984392, 37: 1.4799779833094262, 38: 1.4831705861566966, 39: 2.99581687607023, 40: 2.4853017740569467, 41: 6.486417162367092, 42: 3.9778572328718522, 43: 0.9640543905214489, 44: 0.48752060971897304, 45: 3.4909790940232863, 46: 1.4910752405970382, 47: 0.9853068821873796, 48: 1.4853413900994585, 49: 1.0, 50: 2.9644639345488613, 51: 2.978652579908617, 52: 1.4911431100316195, 53: 2.487221176519881, 54: 3.4917420021240955, 55: 0.48014297782115056, 56: 0.49164077435779596, 57: 4.479174828546547, 58: 2.9771543936189016, 59: 0.9956874638786276, 60: 0.4709878527169782, 61: 1.4823763380635504, 62: 5.477011516548098, 63: 1.0, 64: 3.4864144798106222, 65: 0.9607389358933499, 66: 2.476289971008546, 67: 3.4636013573827613, 68: 3.475346230026331, 69: 6.474340776483037, 70: 0.9853080128391043, 71: 1.9664084255760752, 72: 0.4954485744047543, 73: 2.9959726308641965, 74: 2.4740877664889784, 75: 1.4872849627316787, 76: 1.4751551529519127, 77: 1.9952721579746207, 78: 0.47788977367964947, 79: 5.987898157300955, 80: 0.9858439597311066, 81: 2.4800236175937354, 82: 1.9908663875488215, 83: 1.9812667064120701, 84: 2.9868994253961523, 85: 0.48179749725380283, 86: 0.987617168501111, 87: 0.4910329258895897, 88: 1.479076046417204, 89: 1.0, 90: 5.985399743421832, 91: 5.980515684165646, 92: 1.4705033200588487, 93: 1.9796692631471808, 94: 2.476244305065995, 95: 3.978993363962383, 96: 7.485988238681221, 97: 1.4651589439881194, 98: 1.0, 99: 1.4799228170316376}
2025-01-27 08:31:40 - WARNING  - Sum of s_i: 264.2654763962288
2025-01-27 08:32:04 - WARNING  - Epoch:    77. Accuracy: Top-1: 52.22 | Loss: value: 1.29
2025-01-27 08:32:04 - WARNING  - Epoch 77
2025-01-27 08:32:04 - WARNING  - s_i: {0: 4.977028580029118, 1: 2.4904967932150943, 2: 2.980609449077967, 3: 0.9821565076613501, 4: 3.9767739827446733, 5: 6.982099097173396, 6: 4.473878768384645, 7: 1.4872959144402687, 8: 0.9869968865815775, 9: 1.9830236346365757, 10: 1.9715826752576664, 11: 0.49110009189126197, 12: 6.960325969950253, 13: 0.48795109859939567, 14: 1.4835800187402224, 15: 0.4726749777900221, 16: 0.9875677070387208, 17: 0.9793892359393228, 18: 4.970704689311121, 19: 0.9757508075330416, 20: 3.980621939998934, 21: 2.4908832587800123, 22: 2.995641485251184, 23: 4.4901218974344825, 24: 1.987305384925616, 25: 2.990491351209271, 26: 2.4704416405368756, 27: 5.990600691613412, 28: 2.462632951297779, 29: 0.9837490324014437, 30: 1.4959378501451188, 31: 1.9955575719694414, 32: 2.480024257255789, 33: 7.4669649679631895, 34: 1.0, 35: 4.97414745387913, 36: 5.971672049984392, 37: 1.4799779833094262, 38: 1.4831705861566966, 39: 2.99581687607023, 40: 2.4853017740569467, 41: 6.486417162367092, 42: 3.9778572328718522, 43: 0.9640543905214489, 44: 0.48752060971897304, 45: 3.4909790940232863, 46: 1.4910752405970382, 47: 0.9853068821873796, 48: 1.4853413900994585, 49: 1.0, 50: 2.9644639345488613, 51: 2.978652579908617, 52: 1.4911431100316195, 53: 2.487221176519881, 54: 3.4917420021240955, 55: 0.48014297782115056, 56: 0.49164077435779596, 57: 4.479174828546547, 58: 2.9771543936189016, 59: 0.9956874638786276, 60: 0.4709878527169782, 61: 1.4823763380635504, 62: 5.477011516548098, 63: 1.0, 64: 3.4864144798106222, 65: 0.9607389358933499, 66: 2.476289971008546, 67: 3.4636013573827613, 68: 3.475346230026331, 69: 6.474340776483037, 70: 0.9853080128391043, 71: 1.9664084255760752, 72: 0.4954485744047543, 73: 2.9959726308641965, 74: 2.4740877664889784, 75: 1.4872849627316787, 76: 1.4751551529519127, 77: 1.9952721579746207, 78: 0.47788977367964947, 79: 5.987898157300955, 80: 0.9858439597311066, 81: 2.4800236175937354, 82: 1.9908663875488215, 83: 1.9812667064120701, 84: 2.9868994253961523, 85: 0.48179749725380283, 86: 0.987617168501111, 87: 0.4910329258895897, 88: 1.479076046417204, 89: 1.0, 90: 5.985399743421832, 91: 5.980515684165646, 92: 1.4705033200588487, 93: 1.9796692631471808, 94: 2.476244305065995, 95: 3.974792036754859, 96: 7.485988238681221, 97: 1.4651589439881194, 98: 1.0, 99: 1.4799228170316376}
2025-01-27 08:32:04 - WARNING  - Sum of s_i: 256.2480742937818
2025-01-27 08:32:28 - WARNING  - Epoch:    78. Accuracy: Top-1: 54.91 | Loss: value: 1.24
2025-01-27 08:32:28 - WARNING  - Epoch 78
2025-01-27 08:32:28 - WARNING  - s_i: {0: 4.977028580029118, 1: 2.4904967932150943, 2: 2.980609449077967, 3: 0.9821565076613501, 4: 3.9767739827446733, 5: 6.982099097173396, 6: 4.473878768384645, 7: 1.4872959144402687, 8: 0.9869968865815775, 9: 1.9830236346365757, 10: 1.9715826752576664, 11: 0.49110009189126197, 12: 6.960325969950253, 13: 0.48795109859939567, 14: 1.4835800187402224, 15: 0.4726749777900221, 16: 0.9875677070387208, 17: 0.9793892359393228, 18: 4.970704689311121, 19: 3.9709009690396457, 20: 3.980621939998934, 21: 2.4908832587800123, 22: 2.995641485251184, 23: 4.485182846151722, 24: 1.987305384925616, 25: 2.990491351209271, 26: 2.4704416405368756, 27: 5.990600691613412, 28: 2.462632951297779, 29: 0.9837490324014437, 30: 1.4959378501451188, 31: 1.9955575719694414, 32: 2.480024257255789, 33: 7.4669649679631895, 34: 1.0, 35: 4.97414745387913, 36: 5.971672049984392, 37: 1.4799779833094262, 38: 1.4831705861566966, 39: 2.99581687607023, 40: 0.9804023654092626, 41: 6.486417162367092, 42: 3.9778572328718522, 43: 0.9640543905214489, 44: 0.48752060971897304, 45: 3.4909790940232863, 46: 1.4910752405970382, 47: 0.9853068821873796, 48: 1.4853413900994585, 49: 1.0, 50: 2.9644639345488613, 51: 2.978652579908617, 52: 1.4911431100316195, 53: 2.487221176519881, 54: 3.4917420021240955, 55: 0.48014297782115056, 56: 0.49164077435779596, 57: 4.479174828546547, 58: 2.9771543936189016, 59: 0.9956874638786276, 60: 0.4709878527169782, 61: 1.4823763380635504, 62: 5.477011516548098, 63: 1.0, 64: 3.4864144798106222, 65: 0.9607389358933499, 66: 2.476289971008546, 67: 3.4636013573827613, 68: 3.475346230026331, 69: 6.474340776483037, 70: 0.9853080128391043, 71: 1.9664084255760752, 72: 0.4954485744047543, 73: 2.9959726308641965, 74: 2.4740877664889784, 75: 1.4872849627316787, 76: 1.4751551529519127, 77: 1.9952721579746207, 78: 2.4734677284155815, 79: 4.983864209734605, 80: 0.9858439597311066, 81: 2.4800236175937354, 82: 1.9908663875488215, 83: 1.9812667064120701, 84: 2.9868994253961523, 85: 0.48179749725380283, 86: 0.987617168501111, 87: 1.9865493888343861, 88: 0.9748912557006436, 89: 1.0, 90: 5.985399743421832, 91: 5.980515684165646, 92: 1.4705033200588487, 93: 1.9796692631471808, 94: 0.9714931660791934, 95: 2.9705907095473343, 96: 7.485988238681221, 97: 1.4651589439881194, 98: 1.0, 99: 1.4799228170316376}
2025-01-27 08:32:28 - WARNING  - Sum of s_i: 257.20730920856147
2025-01-27 08:32:54 - WARNING  - Epoch:    79. Accuracy: Top-1: 53.92 | Loss: value: 1.28
2025-01-27 08:32:54 - WARNING  - Epoch 79
2025-01-27 08:32:54 - WARNING  - s_i: {0: 4.977028580029118, 1: 2.4904967932150943, 2: 2.980609449077967, 3: 0.9821565076613501, 4: 3.9767739827446733, 5: 6.982099097173396, 6: 4.473878768384645, 7: 1.4872959144402687, 8: 0.9869968865815775, 9: 1.9830236346365757, 10: 1.9715826752576664, 11: 0.49110009189126197, 12: 6.960325969950253, 13: 0.48795109859939567, 14: 1.4835800187402224, 15: 0.4726749777900221, 16: 0.9875677070387208, 17: 0.9793892359393228, 18: 4.970704689311121, 19: 3.9709009690396457, 20: 3.980621939998934, 21: 2.4908832587800123, 22: 2.995641485251184, 23: 4.485182846151722, 24: 1.987305384925616, 25: 2.990491351209271, 26: 2.4704416405368756, 27: 1.485901037420125, 28: 2.462632951297779, 29: 0.9837490324014437, 30: 1.4959378501451188, 31: 1.9955575719694414, 32: 2.480024257255789, 33: 7.4669649679631895, 34: 1.0, 35: 4.97414745387913, 36: 3.4669507249817886, 37: 1.4799779833094262, 38: 1.4831705861566966, 39: 2.99581687607023, 40: 0.9804023654092626, 41: 6.486417162367092, 42: 3.9778572328718522, 43: 0.9640543905214489, 44: 0.48752060971897304, 45: 3.4909790940232863, 46: 1.4910752405970382, 47: 0.9853068821873796, 48: 1.4853413900994585, 49: 1.0, 50: 2.9644639345488613, 51: 2.978652579908617, 52: 1.4911431100316195, 53: 2.487221176519881, 54: 3.4917420021240955, 55: 0.48014297782115056, 56: 0.49164077435779596, 57: 4.479174828546547, 58: 2.9771543936189016, 59: 0.9956874638786276, 60: 0.4709878527169782, 61: 1.4823763380635504, 62: 5.477011516548098, 63: 1.0, 64: 3.4864144798106222, 65: 0.9607389358933499, 66: 2.476289971008546, 67: 3.4636013573827613, 68: 3.475346230026331, 69: 6.474340776483037, 70: 0.9853080128391043, 71: 1.9664084255760752, 72: 0.4954485744047543, 73: 2.9959726308641965, 74: 2.4740877664889784, 75: 1.4872849627316787, 76: 1.4751551529519127, 77: 1.9952721579746207, 78: 2.4734677284155815, 79: 4.983864209734605, 80: 0.9858439597311066, 81: 2.4800236175937354, 82: 1.9908663875488215, 83: 1.9812667064120701, 84: 2.9868994253961523, 85: 0.48179749725380283, 86: 0.987617168501111, 87: 1.9865493888343861, 88: 0.9748912557006436, 89: 1.0, 90: 5.985399743421832, 91: 5.980515684165646, 92: 1.4705033200588487, 93: 1.9796692631471808, 94: 0.9714931660791934, 95: 2.9705907095473343, 96: 7.485988238681221, 97: 1.4651589439881194, 98: 1.0, 99: 1.4799228170316376}
2025-01-27 08:32:54 - WARNING  - Sum of s_i: 250.1978882293656
2025-01-27 08:33:18 - WARNING  - Epoch:    80. Accuracy: Top-1: 55.05 | Loss: value: 1.23
2025-01-27 08:33:18 - WARNING  - Epoch 80
2025-01-27 08:33:18 - WARNING  - s_i: {0: 4.977028580029118, 1: 2.4904967932150943, 2: 2.980609449077967, 3: 0.9821565076613501, 4: 5.472128779293609, 5: 6.982099097173396, 6: 4.473878768384645, 7: 1.4872959144402687, 8: 0.9869968865815775, 9: 1.9830236346365757, 10: 1.9715826752576664, 11: 0.49110009189126197, 12: 6.960325969950253, 13: 0.48795109859939567, 14: 1.4835800187402224, 15: 0.4726749777900221, 16: 0.9875677070387208, 17: 0.475267083127193, 18: 4.970704689311121, 19: 3.9709009690396457, 20: 3.980621939998934, 21: 2.4908832587800123, 22: 2.995641485251184, 23: 4.485182846151722, 24: 1.987305384925616, 25: 2.990491351209271, 26: 2.4704416405368756, 27: 1.485901037420125, 28: 2.462632951297779, 29: 0.9837490324014437, 30: 1.4959378501451188, 31: 1.9955575719694414, 32: 4.475030321569731, 33: 7.4669649679631895, 34: 1.0, 35: 4.97414745387913, 36: 3.4669507249817886, 37: 5.47597357997131, 38: 1.4831705861566966, 39: 2.99581687607023, 40: 0.9804023654092626, 41: 6.486417162367092, 42: 3.9778572328718522, 43: 0.9640543905214489, 44: 0.48752060971897304, 45: 3.4909790940232863, 46: 1.4910752405970382, 47: 0.9853068821873796, 48: 1.4853413900994585, 49: 1.0, 50: 2.9644639345488613, 51: 2.978652579908617, 52: 1.4911431100316195, 53: 2.487221176519881, 54: 3.4917420021240955, 55: 0.48014297782115056, 56: 1.987461161536696, 57: 4.479174828546547, 58: 2.9771543936189016, 59: 0.9956874638786276, 60: 0.4709878527169782, 61: 1.4823763380635504, 62: 5.477011516548098, 63: 1.0, 64: 3.4864144798106222, 65: 0.9607389358933499, 66: 2.476289971008546, 67: 3.4636013573827613, 68: 3.475346230026331, 69: 6.474340776483037, 70: 0.9853080128391043, 71: 1.9664084255760752, 72: 0.4954485744047543, 73: 2.9959726308641965, 74: 2.4740877664889784, 75: 1.4872849627316787, 76: 1.4751551529519127, 77: 3.9905443159492364, 78: 2.4734677284155815, 79: 4.479830262168261, 80: 0.9858439597311066, 81: 2.4800236175937354, 82: 1.9908663875488215, 83: 1.9812667064120701, 84: 2.9868994253961523, 85: 0.48179749725380283, 86: 0.987617168501111, 87: 1.9865493888343861, 88: 0.9748912557006436, 89: 1.0, 90: 5.985399743421832, 91: 5.980515684165646, 92: 5.4655872067353215, 93: 1.9796692631471808, 94: 0.9714931660791934, 95: 2.9705907095473343, 96: 7.485988238681221, 97: 2.460181650272138, 98: 1.0, 99: 1.4799228170316376}
2025-01-27 08:33:18 - WARNING  - Sum of s_i: 265.15728772462586
2025-01-27 08:33:24 - WARNING  - The sum of accs: 56.00000000000001
2025-01-27 08:33:24 - WARNING  - The welfare is 55.8799851854815
2025-01-27 08:33:47 - WARNING  - Epoch:    81. Accuracy: Top-1: 55.72 | Loss: value: 1.21
2025-01-27 08:33:47 - WARNING  - Epoch 81
2025-01-27 08:33:47 - WARNING  - s_i: {0: 4.977028580029118, 1: 2.4904967932150943, 2: 2.980609449077967, 3: 0.9821565076613501, 4: 5.472128779293609, 5: 6.982099097173396, 6: 4.473878768384645, 7: 1.4872959144402687, 8: 0.9869968865815775, 9: 1.9830236346365757, 10: 1.9715826752576664, 11: 0.49110009189126197, 12: 6.960325969950253, 13: 0.48795109859939567, 14: 1.4835800187402224, 15: 0.4726749777900221, 16: 0.9875677070387208, 17: 0.475267083127193, 18: 4.970704689311121, 19: 3.9709009690396457, 20: 3.980621939998934, 21: 2.4908832587800123, 22: 2.995641485251184, 23: 4.485182846151722, 24: 1.987305384925616, 25: 2.990491351209271, 26: 2.4704416405368756, 27: 1.485901037420125, 28: 2.462632951297779, 29: 0.9837490324014437, 30: 1.4959378501451188, 31: 1.9955575719694414, 32: 4.475030321569731, 33: 7.4669649679631895, 34: 1.0, 35: 4.97414745387913, 36: 3.4669507249817886, 37: 5.47597357997131, 38: 1.4831705861566966, 39: 2.99581687607023, 40: 0.9804023654092626, 41: 0.9818895498227951, 42: 3.9778572328718522, 43: 0.9640543905214489, 44: 0.48752060971897304, 45: 3.4909790940232863, 46: 1.4910752405970382, 47: 0.9853068821873796, 48: 1.4853413900994585, 49: 1.0, 50: 2.9644639345488613, 51: 2.978652579908617, 52: 1.4911431100316195, 53: 2.487221176519881, 54: 3.4917420021240955, 55: 0.48014297782115056, 56: 1.987461161536696, 57: 4.479174828546547, 58: 2.9771543936189016, 59: 0.491374927757252, 60: 0.4709878527169782, 61: 1.4823763380635504, 62: 5.477011516548098, 63: 1.0, 64: 3.4864144798106222, 65: 0.9607389358933499, 66: 2.476289971008546, 67: 3.4636013573827613, 68: 3.475346230026331, 69: 6.474340776483037, 70: 0.9853080128391043, 71: 1.9664084255760752, 72: 0.4954485744047543, 73: 2.9959726308641965, 74: 2.4740877664889784, 75: 1.4872849627316787, 76: 1.4751551529519127, 77: 3.9905443159492364, 78: 2.4734677284155815, 79: 4.479830262168261, 80: 0.9858439597311066, 81: 2.4800236175937354, 82: 1.9908663875488215, 83: 1.9812667064120701, 84: 2.9868994253961523, 85: 0.48179749725380283, 86: 0.987617168501111, 87: 1.9865493888343861, 88: 0.9748912557006436, 89: 1.0, 90: 5.985399743421832, 91: 5.980515684165646, 92: 5.4655872067353215, 93: 1.9796692631471808, 94: 0.9714931660791934, 95: 2.9705907095473343, 96: 7.485988238681221, 97: 2.460181650272138, 98: 1.0, 99: 1.4799228170316376}
2025-01-27 08:33:47 - WARNING  - Sum of s_i: 259.1484475759602
2025-01-27 08:34:12 - WARNING  - Epoch:    82. Accuracy: Top-1: 55.02 | Loss: value: 1.23
2025-01-27 08:34:12 - WARNING  - Epoch 82
2025-01-27 08:34:12 - WARNING  - s_i: {0: 4.977028580029118, 1: 2.4904967932150943, 2: 2.980609449077967, 3: 0.9821565076613501, 4: 3.9674835758425413, 5: 6.982099097173396, 6: 4.473878768384645, 7: 1.4872959144402687, 8: 0.9869968865815775, 9: 1.9830236346365757, 10: 1.9715826752576664, 11: 0.49110009189126197, 12: 6.960325969950253, 13: 0.48795109859939567, 14: 1.4835800187402224, 15: 0.4726749777900221, 16: 0.9875677070387208, 17: 0.475267083127193, 18: 4.970704689311121, 19: 3.9709009690396457, 20: 3.980621939998934, 21: 2.4908832587800123, 22: 2.995641485251184, 23: 4.485182846151722, 24: 1.987305384925616, 25: 1.4857370268139125, 26: 2.4704416405368756, 27: 1.485901037420125, 28: 2.462632951297779, 29: 0.9837490324014437, 30: 1.4959378501451188, 31: 1.9955575719694414, 32: 4.475030321569731, 33: 7.4669649679631895, 34: 1.0, 35: 4.97414745387913, 36: 3.4669507249817886, 37: 5.47597357997131, 38: 1.4831705861566966, 39: 2.99581687607023, 40: 0.4755029567615793, 41: 0.9818895498227951, 42: 3.9734286794462212, 43: 0.9640543905214489, 44: 0.48752060971897304, 45: 3.4909790940232863, 46: 1.4910752405970382, 47: 0.9853068821873796, 48: 1.4853413900994585, 49: 1.0, 50: 2.9644639345488613, 51: 2.9743830958903406, 52: 1.4911431100316195, 53: 2.487221176519881, 54: 3.4917420021240955, 55: 0.48014297782115056, 56: 1.987461161536696, 57: 4.479174828546547, 58: 2.9771543936189016, 59: 0.491374927757252, 60: 0.4709878527169782, 61: 1.4823763380635504, 62: 5.477011516548098, 63: 1.0, 64: 3.4864144798106222, 65: 0.9607389358933499, 66: 2.476289971008546, 67: 3.4636013573827613, 68: 3.475346230026331, 69: 5.470064239230216, 70: 0.9853080128391043, 71: 1.9664084255760752, 72: 0.4954485744047543, 73: 2.9959726308641965, 74: 2.4740877664889784, 75: 1.4872849627316787, 76: 1.4751551529519127, 77: 3.9905443159492364, 78: 3.4690456831515126, 79: 4.479830262168261, 80: 0.9858439597311066, 81: 3.475029521992169, 82: 1.9908663875488215, 83: 1.9812667064120701, 84: 2.9868994253961523, 85: 0.48179749725380283, 86: 0.987617168501111, 87: 1.9865493888343861, 88: 0.9748912557006436, 89: 1.0, 90: 5.985399743421832, 91: 5.980515684165646, 92: 5.4655872067353215, 93: 1.9796692631471808, 94: 0.9714931660791934, 95: 2.9705907095473343, 96: 7.485988238681221, 97: 2.460181650272138, 98: 1.0, 99: 1.4799228170316376}
2025-01-27 08:34:12 - WARNING  - Sum of s_i: 256.6117579239037
2025-01-27 08:34:36 - WARNING  - Epoch:    83. Accuracy: Top-1: 55.60 | Loss: value: 1.23
2025-01-27 08:34:36 - WARNING  - Epoch 83
2025-01-27 08:34:36 - WARNING  - s_i: {0: 5.472434296034941, 1: 2.4904967932150943, 2: 2.980609449077967, 3: 0.9821565076613501, 4: 3.9674835758425413, 5: 6.982099097173396, 6: 4.473878768384645, 7: 1.4872959144402687, 8: 0.9869968865815775, 9: 1.4787795432957183, 10: 1.9715826752576664, 11: 0.49110009189126197, 12: 6.960325969950253, 13: 0.48795109859939567, 14: 1.4835800187402224, 15: 0.4726749777900221, 16: 0.9875677070387208, 17: 0.475267083127193, 18: 4.970704689311121, 19: 1.4660511305462456, 20: 3.980621939998934, 21: 1.4863248881700175, 22: 2.995641485251184, 23: 4.485182846151722, 24: 0.9830738465674942, 25: 1.4857370268139125, 26: 2.4704416405368756, 27: 1.485901037420125, 28: 2.462632951297779, 29: 0.9837490324014437, 30: 1.4959378501451188, 31: 1.9955575719694414, 32: 4.475030321569731, 33: 7.4669649679631895, 34: 1.0, 35: 4.97414745387913, 36: 3.4669507249817886, 37: 2.971969176633199, 38: 1.4831705861566966, 39: 2.99581687607023, 40: 0.4755029567615793, 41: 0.9818895498227951, 42: 3.9734286794462212, 43: 0.9640543905214489, 44: 0.48752060971897304, 45: 3.4909790940232863, 46: 1.4910752405970382, 47: 0.9853068821873796, 48: 1.4853413900994585, 49: 1.0, 50: 2.9644639345488613, 51: 2.9743830958903406, 52: 1.4911431100316195, 53: 2.487221176519881, 54: 3.4917420021240955, 55: 0.48014297782115056, 56: 0.983281548715599, 57: 4.479174828546547, 58: 2.9771543936189016, 59: 0.491374927757252, 60: 0.4709878527169782, 61: 1.4823763380635504, 62: 5.477011516548098, 63: 1.0, 64: 3.4864144798106222, 65: 0.9607389358933499, 66: 2.476289971008546, 67: 3.4636013573827613, 68: 3.475346230026331, 69: 5.470064239230216, 70: 0.9853080128391043, 71: 1.9664084255760752, 72: 0.4954485744047543, 73: 2.9959726308641965, 74: 2.4740877664889784, 75: 1.4872849627316787, 76: 1.4751551529519127, 77: 3.9905443159492364, 78: 3.4690456831515126, 79: 4.479830262168261, 80: 0.9858439597311066, 81: 3.475029521992169, 82: 1.9908663875488215, 83: 1.9812667064120701, 84: 2.9868994253961523, 85: 0.48179749725380283, 86: 0.987617168501111, 87: 1.9865493888343861, 88: 0.9748912557006436, 89: 1.0, 90: 5.985399743421832, 91: 5.980515684165646, 92: 5.4655872067353215, 93: 1.9796692631471808, 94: 0.9714931660791934, 95: 2.9705907095473343, 96: 7.485988238681221, 97: 2.460181650272138, 98: 1.0, 99: 1.4799228170316376}
2025-01-27 08:34:36 - WARNING  - Sum of s_i: 248.58109578494796
2025-01-27 08:35:00 - WARNING  - Epoch:    84. Accuracy: Top-1: 57.00 | Loss: value: 1.20
2025-01-27 08:35:00 - WARNING  - Epoch 84
2025-01-27 08:35:00 - WARNING  - s_i: {0: 5.472434296034941, 1: 2.4904967932150943, 2: 2.980609449077967, 3: 0.9821565076613501, 4: 3.9674835758425413, 5: 6.982099097173396, 6: 4.473878768384645, 7: 1.4872959144402687, 8: 0.9869968865815775, 9: 1.4787795432957183, 10: 1.9715826752576664, 11: 0.49110009189126197, 12: 6.960325969950253, 13: 0.48795109859939567, 14: 1.4835800187402224, 15: 0.4726749777900221, 16: 0.9875677070387208, 17: 0.475267083127193, 18: 1.4658221375296425, 19: 1.4660511305462456, 20: 3.980621939998934, 21: 1.4863248881700175, 22: 2.995641485251184, 23: 4.485182846151722, 24: 0.9830738465674942, 25: 1.4857370268139125, 26: 2.4704416405368756, 27: 0.9812013832268357, 28: 2.462632951297779, 29: 0.9837490324014437, 30: 1.4959378501451188, 31: 1.9955575719694414, 32: 4.475030321569731, 33: 7.4669649679631895, 34: 1.0, 35: 4.97414745387913, 36: 3.4669507249817886, 37: 2.971969176633199, 38: 1.4831705861566966, 39: 2.99581687607023, 40: 0.4755029567615793, 41: 2.977361937278494, 42: 3.9734286794462212, 43: 0.9640543905214489, 44: 0.48752060971897304, 45: 3.4909790940232863, 46: 1.4910752405970382, 47: 0.9853068821873796, 48: 1.4853413900994585, 49: 1.0, 50: 2.9644639345488613, 51: 2.9743830958903406, 52: 1.4911431100316195, 53: 2.487221176519881, 54: 3.4917420021240955, 55: 0.48014297782115056, 56: 0.983281548715599, 57: 0.475009794255854, 58: 2.9771543936189016, 59: 0.491374927757252, 60: 0.4709878527169782, 61: 1.4823763380635504, 62: 5.477011516548098, 63: 1.0, 64: 3.4864144798106222, 65: 0.9607389358933499, 66: 2.476289971008546, 67: 3.4636013573827613, 68: 3.475346230026331, 69: 5.470064239230216, 70: 0.9853080128391043, 71: 1.9664084255760752, 72: 0.4954485744047543, 73: 2.9959726308641965, 74: 2.4740877664889784, 75: 1.4872849627316787, 76: 1.4751551529519127, 77: 3.9905443159492364, 78: 3.4690456831515126, 79: 4.479830262168261, 80: 0.9858439597311066, 81: 3.475029521992169, 82: 1.9908663875488215, 83: 1.9812667064120701, 84: 2.9868994253961523, 85: 0.48179749725380283, 86: 0.987617168501111, 87: 1.9865493888343861, 88: 0.9748912557006436, 89: 1.0, 90: 5.985399743421832, 91: 5.980515684165646, 92: 5.4655872067353215, 93: 1.9796692631471808, 94: 0.9714931660791934, 95: 2.9705907095473343, 96: 7.485988238681221, 97: 2.460181650272138, 98: 1.0, 99: 1.4799228170316376}
2025-01-27 08:35:00 - WARNING  - Sum of s_i: 242.5628209321382
2025-01-27 08:35:22 - WARNING  - Epoch:    85. Accuracy: Top-1: 58.44 | Loss: value: 1.16
2025-01-27 08:35:22 - WARNING  - Epoch 85
2025-01-27 08:35:22 - WARNING  - s_i: {0: 5.472434296034941, 1: 2.4904967932150943, 2: 2.980609449077967, 3: 0.9821565076613501, 4: 3.9674835758425413, 5: 6.982099097173396, 6: 4.473878768384645, 7: 1.4872959144402687, 8: 0.9869968865815775, 9: 1.4787795432957183, 10: 1.9715826752576664, 11: 0.49110009189126197, 12: 6.960325969950253, 13: 0.48795109859939567, 14: 1.4835800187402224, 15: 0.4726749777900221, 16: 0.9875677070387208, 17: 0.475267083127193, 18: 1.4658221375296425, 19: 1.4660511305462456, 20: 3.980621939998934, 21: 1.4863248881700175, 22: 2.995641485251184, 23: 4.485182846151722, 24: 0.9830738465674942, 25: 1.4857370268139125, 26: 2.4704416405368756, 27: 0.9812013832268357, 28: 2.462632951297779, 29: 0.9837490324014437, 30: 1.4959378501451188, 31: 1.9955575719694414, 32: 4.475030321569731, 33: 7.4669649679631895, 34: 1.0, 35: 4.97414745387913, 36: 3.4669507249817886, 37: 2.971969176633199, 38: 1.4831705861566966, 39: 2.99581687607023, 40: 0.4755029567615793, 41: 2.977361937278494, 42: 3.9734286794462212, 43: 0.9640543905214489, 44: 0.48752060971897304, 45: 3.4909790940232863, 46: 1.4910752405970382, 47: 0.9853068821873796, 48: 1.4853413900994585, 49: 1.0, 50: 2.9644639345488613, 51: 2.9743830958903406, 52: 1.4911431100316195, 53: 2.487221176519881, 54: 3.4917420021240955, 55: 0.48014297782115056, 56: 0.983281548715599, 57: 0.475009794255854, 58: 2.9771543936189016, 59: 0.491374927757252, 60: 0.4709878527169782, 61: 1.4823763380635504, 62: 5.477011516548098, 63: 1.0, 64: 3.4864144798106222, 65: 0.9607389358933499, 66: 2.476289971008546, 67: 3.4636013573827613, 68: 3.475346230026331, 69: 5.470064239230216, 70: 0.9853080128391043, 71: 1.9664084255760752, 72: 0.4954485744047543, 73: 2.9959726308641965, 74: 2.4740877664889784, 75: 1.4872849627316787, 76: 1.4751551529519127, 77: 3.9905443159492364, 78: 3.4690456831515126, 79: 4.479830262168261, 80: 0.9858439597311066, 81: 3.475029521992169, 82: 1.9908663875488215, 83: 1.9812667064120701, 84: 2.9868994253961523, 85: 0.48179749725380283, 86: 0.987617168501111, 87: 1.9865493888343861, 88: 0.9748912557006436, 89: 1.0, 90: 5.985399743421832, 91: 5.980515684165646, 92: 5.4655872067353215, 93: 1.9796692631471808, 94: 0.9714931660791934, 95: 2.9705907095473343, 96: 7.485988238681221, 97: 2.460181650272138, 98: 1.0, 99: 1.4799228170316376}
2025-01-27 08:35:22 - WARNING  - Sum of s_i: 242.5628209321382
2025-01-27 08:35:45 - WARNING  - Epoch:    86. Accuracy: Top-1: 58.72 | Loss: value: 1.14
2025-01-27 08:35:45 - WARNING  - Epoch 86
2025-01-27 08:35:45 - WARNING  - s_i: {0: 5.472434296034941, 1: 2.4904967932150943, 2: 2.980609449077967, 3: 0.9821565076613501, 4: 3.9674835758425413, 5: 6.982099097173396, 6: 4.473878768384645, 7: 1.4872959144402687, 8: 0.9869968865815775, 9: 1.4787795432957183, 10: 1.9715826752576664, 11: 0.49110009189126197, 12: 6.960325969950253, 13: 0.48795109859939567, 14: 1.4835800187402224, 15: 0.4726749777900221, 16: 0.9875677070387208, 17: 0.475267083127193, 18: 1.4658221375296425, 19: 1.4660511305462456, 20: 3.980621939998934, 21: 1.4863248881700175, 22: 2.995641485251184, 23: 4.485182846151722, 24: 0.47884230820936735, 25: 1.4857370268139125, 26: 2.4704416405368756, 27: 0.9812013832268357, 28: 2.462632951297779, 29: 0.9837490324014437, 30: 1.4959378501451188, 31: 1.9955575719694414, 32: 4.475030321569731, 33: 7.4669649679631895, 34: 1.0, 35: 4.97414745387913, 36: 3.4669507249817886, 37: 2.971969176633199, 38: 1.4831705861566966, 39: 2.99581687607023, 40: 0.4755029567615793, 41: 2.977361937278494, 42: 3.9734286794462212, 43: 0.9640543905214489, 44: 0.48752060971897304, 45: 3.4909790940232863, 46: 1.4910752405970382, 47: 0.9853068821873796, 48: 1.4853413900994585, 49: 1.0, 50: 2.9644639345488613, 51: 2.9743830958903406, 52: 1.4911431100316195, 53: 2.487221176519881, 54: 3.4917420021240955, 55: 0.48014297782115056, 56: 0.983281548715599, 57: 0.475009794255854, 58: 2.9771543936189016, 59: 1.9870623916358836, 60: 0.4709878527169782, 61: 1.4823763380635504, 62: 5.477011516548098, 63: 1.0, 64: 3.4864144798106222, 65: 0.9607389358933499, 66: 2.476289971008546, 67: 3.4636013573827613, 68: 3.475346230026331, 69: 5.470064239230216, 70: 0.9853080128391043, 71: 1.9664084255760752, 72: 0.4954485744047543, 73: 2.9959726308641965, 74: 3.46976906090381, 75: 1.4872849627316787, 76: 1.4751551529519127, 77: 3.9905443159492364, 78: 3.4690456831515126, 79: 4.479830262168261, 80: 0.9858439597311066, 81: 3.475029521992169, 82: 1.9908663875488215, 83: 1.9812667064120701, 84: 2.9868994253961523, 85: 0.48179749725380283, 86: 0.987617168501111, 87: 1.9865493888343861, 88: 0.9748912557006436, 89: 1.0, 90: 5.985399743421832, 91: 2.9756446052070613, 92: 5.4655872067353215, 93: 1.9796692631471808, 94: 0.9714931660791934, 95: 2.9705907095473343, 96: 7.485988238681221, 97: 2.460181650272138, 98: 1.0, 99: 1.4799228170316376}
2025-01-27 08:35:45 - WARNING  - Sum of s_i: 241.54508707311496
2025-01-27 08:36:09 - WARNING  - Epoch:    87. Accuracy: Top-1: 53.30 | Loss: value: 1.26
2025-01-27 08:36:09 - WARNING  - Epoch 87
2025-01-27 08:36:09 - WARNING  - s_i: {0: 5.472434296034941, 1: 2.4904967932150943, 2: 2.980609449077967, 3: 0.9821565076613501, 4: 3.9674835758425413, 5: 6.977623871466739, 6: 4.473878768384645, 7: 1.4872959144402687, 8: 0.9869968865815775, 9: 1.4787795432957183, 10: 1.9715826752576664, 11: 0.49110009189126197, 12: 6.960325969950253, 13: 0.48795109859939567, 14: 1.4835800187402224, 15: 0.4726749777900221, 16: 0.9875677070387208, 17: 0.475267083127193, 18: 1.4658221375296425, 19: 1.4660511305462456, 20: 3.980621939998934, 21: 1.4863248881700175, 22: 2.995641485251184, 23: 4.485182846151722, 24: 0.47884230820936735, 25: 1.4857370268139125, 26: 2.4704416405368756, 27: 0.9812013832268357, 28: 2.462632951297779, 29: 0.9837490324014437, 30: 1.4959378501451188, 31: 1.9955575719694414, 32: 4.475030321569731, 33: 7.4669649679631895, 34: 1.0, 35: 4.97414745387913, 36: 3.4669507249817886, 37: 2.971969176633199, 38: 1.4831705861566966, 39: 2.99581687607023, 40: 0.4755029567615793, 41: 2.977361937278494, 42: 3.9734286794462212, 43: 0.9640543905214489, 44: 0.48752060971897304, 45: 3.4909790940232863, 46: 1.4910752405970382, 47: 0.9853068821873796, 48: 1.4853413900994585, 49: 1.0, 50: 2.9644639345488613, 51: 2.9743830958903406, 52: 1.4911431100316195, 53: 2.487221176519881, 54: 3.4917420021240955, 55: 0.48014297782115056, 56: 0.983281548715599, 57: 0.475009794255854, 58: 2.9771543936189016, 59: 1.9870623916358836, 60: 0.4709878527169782, 61: 1.4823763380635504, 62: 1.4724138198577128, 63: 1.0, 64: 3.4864144798106222, 65: 0.9607389358933499, 66: 2.476289971008546, 67: 3.4636013573827613, 68: 3.475346230026331, 69: 5.470064239230216, 70: 0.9853080128391043, 71: 1.9664084255760752, 72: 0.4954485744047543, 73: 2.9959726308641965, 74: 3.46976906090381, 75: 1.4872849627316787, 76: 1.4751551529519127, 77: 3.9905443159492364, 78: 3.4690456831515126, 79: 4.479830262168261, 80: 0.9858439597311066, 81: 3.475029521992169, 82: 1.9908663875488215, 83: 1.9812667064120701, 84: 2.9868994253961523, 85: 0.48179749725380283, 86: 0.987617168501111, 87: 1.9865493888343861, 88: 0.9748912557006436, 89: 1.0, 90: 5.985399743421832, 91: 2.9756446052070613, 92: 5.4655872067353215, 93: 1.9796692631471808, 94: 0.9714931660791934, 95: 2.9705907095473343, 96: 7.485988238681221, 97: 2.460181650272138, 98: 1.0, 99: 1.4799228170316376}
2025-01-27 08:36:09 - WARNING  - Sum of s_i: 237.53601415071793
2025-01-27 08:36:32 - WARNING  - Epoch:    88. Accuracy: Top-1: 57.05 | Loss: value: 1.19
2025-01-27 08:36:32 - WARNING  - Epoch 88
2025-01-27 08:36:32 - WARNING  - s_i: {0: 5.472434296034941, 1: 2.4904967932150943, 2: 2.980609449077967, 3: 0.9821565076613501, 4: 3.9674835758425413, 5: 6.977623871466739, 6: 4.473878768384645, 7: 1.4872959144402687, 8: 0.9869968865815775, 9: 1.4787795432957183, 10: 1.9715826752576664, 11: 0.49110009189126197, 12: 6.960325969950253, 13: 0.48795109859939567, 14: 1.4835800187402224, 15: 0.4726749777900221, 16: 0.9875677070387208, 17: 0.475267083127193, 18: 1.4658221375296425, 19: 1.4660511305462456, 20: 3.980621939998934, 21: 1.4863248881700175, 22: 2.995641485251184, 23: 4.485182846151722, 24: 0.47884230820936735, 25: 1.4857370268139125, 26: 2.4704416405368756, 27: 0.9812013832268357, 28: 5.957962070209998, 29: 0.9837490324014437, 30: 1.4959378501451188, 31: 1.9955575719694414, 32: 4.475030321569731, 33: 7.4669649679631895, 34: 1.0, 35: 4.97414745387913, 36: 3.4669507249817886, 37: 2.971969176633199, 38: 1.4831705861566966, 39: 2.99581687607023, 40: 3.970603548113894, 41: 2.977361937278494, 42: 3.9734286794462212, 43: 0.9640543905214489, 44: 0.48752060971897304, 45: 3.4909790940232863, 46: 1.4910752405970382, 47: 0.9853068821873796, 48: 1.4853413900994585, 49: 1.0, 50: 2.9644639345488613, 51: 2.9743830958903406, 52: 1.4911431100316195, 53: 2.487221176519881, 54: 3.4917420021240955, 55: 0.48014297782115056, 56: 0.983281548715599, 57: 0.475009794255854, 58: 2.9771543936189016, 59: 2.4827498555145144, 60: 0.4709878527169782, 61: 1.4823763380635504, 62: 1.4724138198577128, 63: 1.9959294440130506, 64: 4.48188597308083, 65: 0.9607389358933499, 66: 2.476289971008546, 67: 3.4636013573827613, 68: 3.475346230026331, 69: 5.470064239230216, 70: 1.9804106837854736, 71: 1.9664084255760752, 72: 0.4954485744047543, 73: 2.9959726308641965, 74: 3.46976906090381, 75: 1.4872849627316787, 76: 1.4751551529519127, 77: 3.9905443159492364, 78: 3.4690456831515126, 79: 4.479830262168261, 80: 0.9858439597311066, 81: 3.475029521992169, 82: 1.9908663875488215, 83: 1.9812667064120701, 84: 2.9868994253961523, 85: 3.9772468715672504, 86: 0.987617168501111, 87: 1.9865493888343861, 88: 0.9748912557006436, 89: 1.0, 90: 5.985399743421832, 91: 2.9756446052070613, 92: 5.960671093411797, 93: 1.9796692631471808, 94: 0.9714931660791934, 95: 2.9705907095473343, 96: 7.485988238681221, 97: 2.460181650272138, 98: 1.0, 99: 0.4759073804379652}
2025-01-27 08:36:32 - WARNING  - Sum of s_i: 250.99515275748698
2025-01-27 08:36:56 - WARNING  - Epoch:    89. Accuracy: Top-1: 58.61 | Loss: value: 1.14
2025-01-27 08:36:56 - WARNING  - Epoch 89
2025-01-27 08:36:56 - WARNING  - s_i: {0: 5.472434296034941, 1: 2.4904967932150943, 2: 2.980609449077967, 3: 0.9821565076613501, 4: 3.9674835758425413, 5: 6.977623871466739, 6: 4.473878768384645, 7: 3.9830612192536954, 8: 0.9869968865815775, 9: 3.9745354519548632, 10: 1.9715826752576664, 11: 0.49110009189126197, 12: 6.960325969950253, 13: 0.9839347981325279, 14: 1.4835800187402224, 15: 0.4726749777900221, 16: 0.9875677070387208, 17: 0.475267083127193, 18: 1.4658221375296425, 19: 1.4660511305462456, 20: 3.980621939998934, 21: 1.4863248881700175, 22: 2.995641485251184, 23: 7.980243794868965, 24: 0.47884230820936735, 25: 1.4857370268139125, 26: 2.4704416405368756, 27: 0.9812013832268357, 28: 5.957962070209998, 29: 0.9837490324014437, 30: 1.4959378501451188, 31: 1.9955575719694414, 32: 4.475030321569731, 33: 7.4669649679631895, 34: 1.0, 35: 4.97414745387913, 36: 3.4669507249817886, 37: 2.971969176633199, 38: 1.4831705861566966, 39: 2.99581687607023, 40: 3.970603548113894, 41: 2.977361937278494, 42: 3.9734286794462212, 43: 2.9595611893366325, 44: 0.48752060971897304, 45: 3.4909790940232863, 46: 3.9866128608955593, 47: 0.9853068821873796, 48: 1.4853413900994585, 49: 1.9951943498094575, 50: 2.9644639345488613, 51: 2.9743830958903406, 52: 1.4911431100316195, 53: 2.487221176519881, 54: 3.4917420021240955, 55: 0.48014297782115056, 56: 0.983281548715599, 57: 0.475009794255854, 58: 2.9771543936189016, 59: 2.4827498555145144, 60: 0.4709878527169782, 61: 1.4823763380635504, 62: 1.4724138198577128, 63: 1.9959294440130506, 64: 4.48188597308083, 65: 0.9607389358933499, 66: 2.476289971008546, 67: 6.9590515270556095, 68: 3.475346230026331, 69: 5.470064239230216, 70: 5.975513354731846, 71: 1.9664084255760752, 72: 0.4954485744047543, 73: 2.9959726308641965, 74: 3.46976906090381, 75: 1.4872849627316787, 76: 1.4751551529519127, 77: 4.485816473923856, 78: 3.4690456831515126, 79: 4.479830262168261, 80: 0.9858439597311066, 81: 3.475029521992169, 82: 1.9908663875488215, 83: 1.9812667064120701, 84: 2.9868994253961523, 85: 3.9772468715672504, 86: 0.987617168501111, 87: 1.9865493888343861, 88: 0.9748912557006436, 89: 1.0, 90: 5.985399743421832, 91: 2.9756446052070613, 92: 5.960671093411797, 93: 1.9796692631471808, 94: 0.9714931660791934, 95: 2.9705907095473343, 96: 7.485988238681221, 97: 2.460181650272138, 98: 1.0, 99: 0.4759073804379652}
2025-01-27 08:36:56 - WARNING  - Sum of s_i: 273.4497823867269
2025-01-27 08:37:22 - WARNING  - Epoch:    90. Accuracy: Top-1: 56.52 | Loss: value: 1.18
2025-01-27 08:37:22 - WARNING  - Epoch 90
2025-01-27 08:37:22 - WARNING  - s_i: {0: 3.967840012040763, 1: 2.4904967932150943, 2: 2.980609449077967, 3: 0.9821565076613501, 4: 3.9674835758425413, 5: 6.977623871466739, 6: 4.473878768384645, 7: 3.9830612192536954, 8: 0.9869968865815775, 9: 3.9745354519548632, 10: 1.9715826752576664, 11: 0.49110009189126197, 12: 6.960325969950253, 13: 0.9839347981325279, 14: 1.4835800187402224, 15: 0.4726749777900221, 16: 0.9875677070387208, 17: 0.475267083127193, 18: 1.4658221375296425, 19: 1.4660511305462456, 20: 3.980621939998934, 21: 1.4863248881700175, 22: 2.995641485251184, 23: 5.975304743586209, 24: 0.47884230820936735, 25: 1.4857370268139125, 26: 2.4704416405368756, 27: 0.9812013832268357, 28: 5.957962070209998, 29: 0.9837490324014437, 30: 1.4959378501451188, 31: 1.9955575719694414, 32: 4.475030321569731, 33: 7.462245677672216, 34: 1.0, 35: 4.97414745387913, 36: 3.4669507249817886, 37: 2.971969176633199, 38: 1.4831705861566966, 39: 2.99581687607023, 40: 3.970603548113894, 41: 2.977361937278494, 42: 3.9734286794462212, 43: 2.9595611893366325, 44: 0.48752060971897304, 45: 3.4909790940232863, 46: 3.9866128608955593, 47: 0.9853068821873796, 48: 1.4853413900994585, 49: 1.9951943498094575, 50: 2.9644639345488613, 51: 2.9743830958903406, 52: 1.4911431100316195, 53: 2.487221176519881, 54: 3.4917420021240955, 55: 0.48014297782115056, 56: 0.983281548715599, 57: 0.475009794255854, 58: 2.9771543936189016, 59: 2.4827498555145144, 60: 0.4709878527169782, 61: 1.4823763380635504, 62: 1.4724138198577128, 63: 0.49185888802609923, 64: 4.48188597308083, 65: 0.9607389358933499, 66: 2.476289971008546, 67: 6.9590515270556095, 68: 3.475346230026331, 69: 5.470064239230216, 70: 5.975513354731846, 71: 0.46160962922980375, 72: 0.4954485744047543, 73: 2.9959726308641965, 74: 3.46976906090381, 75: 1.4872849627316787, 76: 1.4751551529519127, 77: 4.485816473923856, 78: 3.4690456831515126, 79: 4.479830262168261, 80: 0.9858439597311066, 81: 3.475029521992169, 82: 1.9908663875488215, 83: 1.9812667064120701, 84: 2.9868994253961523, 85: 3.9772468715672504, 86: 0.987617168501111, 87: 1.9865493888343861, 88: 0.9748912557006436, 89: 1.0, 90: 5.985399743421832, 91: 2.9756446052070613, 92: 5.960671093411797, 93: 1.9796692631471808, 94: 0.9714931660791934, 95: 2.9705907095473343, 96: 7.485988238681221, 97: 2.460181650272138, 98: 1.0, 99: 0.4759073804379652}
2025-01-27 08:37:22 - WARNING  - Sum of s_i: 266.9266604088258
2025-01-27 08:37:27 - WARNING  - The sum of accs: 56.00000000000001
2025-01-27 08:37:27 - WARNING  - The welfare is 55.87889101135363
2025-01-27 08:37:49 - WARNING  - Epoch:    91. Accuracy: Top-1: 58.08 | Loss: value: 1.15
2025-01-27 08:37:49 - WARNING  - Epoch 91
2025-01-27 08:37:49 - WARNING  - s_i: {0: 3.967840012040763, 1: 2.4904967932150943, 2: 2.980609449077967, 3: 0.9821565076613501, 4: 3.9674835758425413, 5: 6.977623871466739, 6: 4.473878768384645, 7: 3.9830612192536954, 8: 0.9869968865815775, 9: 3.9745354519548632, 10: 1.9715826752576664, 11: 0.49110009189126197, 12: 6.960325969950253, 13: 0.9839347981325279, 14: 1.4835800187402224, 15: 0.4726749777900221, 16: 0.9875677070387208, 17: 0.475267083127193, 18: 1.4658221375296425, 19: 1.4660511305462456, 20: 3.980621939998934, 21: 1.4863248881700175, 22: 2.995641485251184, 23: 5.975304743586209, 24: 0.9746107698512414, 25: 1.4857370268139125, 26: 2.4704416405368756, 27: 0.9812013832268357, 28: 5.957962070209998, 29: 6.979686290501797, 30: 1.4959378501451188, 31: 1.9955575719694414, 32: 4.475030321569731, 33: 7.462245677672216, 34: 1.0, 35: 4.97414745387913, 36: 3.4669507249817886, 37: 2.971969176633199, 38: 1.4831705861566966, 39: 2.99581687607023, 40: 3.970603548113894, 41: 2.977361937278494, 42: 3.9734286794462212, 43: 2.9595611893366325, 44: 0.48752060971897304, 45: 3.4909790940232863, 46: 3.9866128608955593, 47: 5.480409176249839, 48: 1.4853413900994585, 49: 1.9951943498094575, 50: 2.9644639345488613, 51: 2.9743830958903406, 52: 5.986714665047434, 53: 2.487221176519881, 54: 3.4917420021240955, 55: 0.48014297782115056, 56: 0.983281548715599, 57: 0.475009794255854, 58: 2.9771543936189016, 59: 2.4827498555145144, 60: 0.4709878527169782, 61: 1.4823763380635504, 62: 1.4724138198577128, 63: 0.49185888802609923, 64: 4.48188597308083, 65: 0.9607389358933499, 66: 2.476289971008546, 67: 6.9590515270556095, 68: 3.475346230026331, 69: 5.470064239230216, 70: 5.975513354731846, 71: 0.46160962922980375, 72: 0.4954485744047543, 73: 2.9959726308641965, 74: 3.46976906090381, 75: 1.4872849627316787, 76: 1.4751551529519127, 77: 4.485816473923856, 78: 3.4690456831515126, 79: 4.479830262168261, 80: 0.9858439597311066, 81: 3.475029521992169, 82: 1.9862995813232383, 83: 6.976583383015086, 84: 2.9868994253961523, 85: 3.9772468715672504, 86: 0.987617168501111, 87: 1.9865493888343861, 88: 0.9748912557006436, 89: 1.0, 90: 5.985399743421832, 91: 2.9756446052070613, 92: 5.960671093411797, 93: 3.475603115776617, 94: 0.9714931660791934, 95: 2.9705907095473343, 96: 7.485988238681221, 97: 5.455204356556158, 98: 1.0, 99: 0.4759073804379652}
2025-01-27 08:37:49 - WARNING  - Sum of s_i: 291.8907464069372
2025-01-27 08:38:16 - WARNING  - Epoch:    92. Accuracy: Top-1: 58.48 | Loss: value: 1.15
2025-01-27 08:38:16 - WARNING  - Epoch 92
2025-01-27 08:38:16 - WARNING  - s_i: {0: 3.967840012040763, 1: 2.4904967932150943, 2: 2.980609449077967, 3: 0.9821565076613501, 4: 3.9674835758425413, 5: 6.977623871466739, 6: 4.473878768384645, 7: 3.9830612192536954, 8: 0.9869968865815775, 9: 3.9745354519548632, 10: 1.9715826752576664, 11: 0.49110009189126197, 12: 6.960325969950253, 13: 4.979918497665658, 14: 1.4794750234252727, 15: 0.4726749777900221, 16: 0.9875677070387208, 17: 0.475267083127193, 18: 1.4658221375296425, 19: 1.4660511305462456, 20: 3.980621939998934, 21: 1.4863248881700175, 22: 2.995641485251184, 23: 5.975304743586209, 24: 0.9746107698512414, 25: 1.4857370268139125, 26: 2.4704416405368756, 27: 0.9812013832268357, 28: 5.957962070209998, 29: 6.979686290501797, 30: 1.4959378501451188, 31: 1.9955575719694414, 32: 4.475030321569731, 33: 7.462245677672216, 34: 1.0, 35: 4.97414745387913, 36: 3.4669507249817886, 37: 0.9679647732950829, 38: 3.4789632326958664, 39: 2.99581687607023, 40: 3.970603548113894, 41: 2.977361937278494, 42: 3.9734286794462212, 43: 2.9595611893366325, 44: 0.48752060971897304, 45: 3.98646864103493, 46: 3.9866128608955593, 47: 5.480409176249839, 48: 1.4853413900994585, 49: 1.9951943498094575, 50: 2.9644639345488613, 51: 2.9743830958903406, 52: 5.986714665047434, 53: 2.487221176519881, 54: 3.4917420021240955, 55: 0.48014297782115056, 56: 0.983281548715599, 57: 0.475009794255854, 58: 2.9771543936189016, 59: 2.4827498555145144, 60: 3.466152494836477, 61: 1.4823763380635504, 62: 0.9678161231673365, 63: 0.49185888802609923, 64: 4.48188597308083, 65: 0.9607389358933499, 66: 2.476289971008546, 67: 6.9590515270556095, 68: 3.475346230026331, 69: 5.470064239230216, 70: 5.975513354731846, 71: 0.46160962922980375, 72: 0.4954485744047543, 73: 2.9959726308641965, 74: 3.46976906090381, 75: 1.4872849627316787, 76: 1.4751551529519127, 77: 4.485816473923856, 78: 3.4690456831515126, 79: 4.479830262168261, 80: 0.9858439597311066, 81: 3.475029521992169, 82: 1.9862995813232383, 83: 6.976583383015086, 84: 2.9868994253961523, 85: 3.9772468715672504, 86: 0.987617168501111, 87: 1.9865493888343861, 88: 0.9748912557006436, 89: 1.0, 90: 6.980532991229106, 91: 2.9756446052070613, 92: 5.960671093411797, 93: 3.475603115776617, 94: 0.9714931660791934, 95: 2.9705907095473343, 96: 7.485988238681221, 97: 5.455204356556158, 98: 1.0, 99: 0.4759073804379652}
2025-01-27 08:38:16 - WARNING  - Sum of s_i: 299.8556030946044
2025-01-27 08:38:37 - WARNING  - Epoch:    93. Accuracy: Top-1: 59.08 | Loss: value: 1.13
2025-01-27 08:38:37 - WARNING  - Epoch 93
2025-01-27 08:38:37 - WARNING  - s_i: {0: 3.967840012040763, 1: 2.4904967932150943, 2: 2.980609449077967, 3: 1.977695634576687, 4: 3.9674835758425413, 5: 6.977623871466739, 6: 4.473878768384645, 7: 3.9830612192536954, 8: 0.9869968865815775, 9: 3.9745354519548632, 10: 1.9715826752576664, 11: 0.49110009189126197, 12: 6.960325969950253, 13: 4.979918497665658, 14: 1.4794750234252727, 15: 0.4726749777900221, 16: 0.9875677070387208, 17: 0.475267083127193, 18: 1.4658221375296425, 19: 1.4660511305462456, 20: 3.980621939998934, 21: 1.4863248881700175, 22: 2.995641485251184, 23: 5.975304743586209, 24: 0.9746107698512414, 25: 1.4857370268139125, 26: 2.4704416405368756, 27: 0.9812013832268357, 28: 5.957962070209998, 29: 6.979686290501797, 30: 1.4959378501451188, 31: 3.491115143938889, 32: 4.475030321569731, 33: 7.462245677672216, 34: 1.0, 35: 4.97414745387913, 36: 3.4669507249817886, 37: 0.9679647732950829, 38: 3.4789632326958664, 39: 2.99581687607023, 40: 3.970603548113894, 41: 2.977361937278494, 42: 3.9734286794462212, 43: 2.9595611893366325, 44: 0.48752060971897304, 45: 3.98646864103493, 46: 3.9866128608955593, 47: 5.480409176249839, 48: 1.4853413900994585, 49: 1.9951943498094575, 50: 3.9600219263674696, 51: 2.9743830958903406, 52: 5.986714665047434, 53: 2.487221176519881, 54: 3.4917420021240955, 55: 0.48014297782115056, 56: 0.983281548715599, 57: 0.9708447599651642, 58: 2.9771543936189016, 59: 2.4827498555145144, 60: 3.466152494836477, 61: 1.4823763380635504, 62: 0.9678161231673365, 63: 0.49185888802609923, 64: 4.48188597308083, 65: 0.45583130288002227, 66: 2.476289971008546, 67: 6.9590515270556095, 68: 3.475346230026331, 69: 5.470064239230216, 70: 5.975513354731846, 71: 0.46160962922980375, 72: 0.4954485744047543, 73: 2.9959726308641965, 74: 3.46976906090381, 75: 1.4872849627316787, 76: 1.4751551529519127, 77: 4.485816473923856, 78: 3.4690456831515126, 79: 4.479830262168261, 80: 0.9858439597311066, 81: 3.475029521992169, 82: 1.9862995813232383, 83: 6.976583383015086, 84: 2.9868994253961523, 85: 3.9772468715672504, 86: 0.987617168501111, 87: 1.9865493888343861, 88: 0.9748912557006436, 89: 1.0, 90: 6.980532991229106, 91: 2.9756446052070613, 92: 5.960671093411797, 93: 3.4715369684060526, 94: 0.9714931660791934, 95: 2.9705907095473343, 96: 7.485988238681221, 97: 5.455204356556158, 98: 1.0, 99: 2.9718919438442954}
2025-01-27 08:38:37 - WARNING  - Sum of s_i: 305.8251035340396
2025-01-27 08:39:03 - WARNING  - Epoch:    94. Accuracy: Top-1: 59.63 | Loss: value: 1.12
2025-01-27 08:39:03 - WARNING  - Epoch 94
2025-01-27 08:39:03 - WARNING  - s_i: {0: 3.967840012040763, 1: 2.4904967932150943, 2: 4.47576181134746, 3: 1.977695634576687, 4: 3.9674835758425413, 5: 6.977623871466739, 6: 4.473878768384645, 7: 0.478826524067117, 8: 0.9869968865815775, 9: 3.9745354519548632, 10: 1.9715826752576664, 11: 0.49110009189126197, 12: 6.960325969950253, 13: 4.979918497665658, 14: 1.4794750234252727, 15: 0.4726749777900221, 16: 0.9875677070387208, 17: 0.475267083127193, 18: 1.4658221375296425, 19: 1.4660511305462456, 20: 3.980621939998934, 21: 1.4863248881700175, 22: 2.995641485251184, 23: 5.975304743586209, 24: 0.9746107698512414, 25: 1.4857370268139125, 26: 2.4704416405368756, 27: 0.9812013832268357, 28: 5.957962070209998, 29: 6.979686290501797, 30: 1.4959378501451188, 31: 3.491115143938889, 32: 4.475030321569731, 33: 7.462245677672216, 34: 1.0, 35: 1.9698386961923169, 36: 3.4669507249817886, 37: 0.9679647732950829, 38: 3.4789632326958664, 39: 2.99581687607023, 40: 3.970603548113894, 41: 2.977361937278494, 42: 3.9734286794462212, 43: 2.9595611893366325, 44: 0.48752060971897304, 45: 3.98646864103493, 46: 3.9866128608955593, 47: 5.480409176249839, 48: 5.480455186799283, 49: 1.9951943498094575, 50: 3.9600219263674696, 51: 2.9743830958903406, 52: 5.986714665047434, 53: 2.487221176519881, 54: 3.4917420021240955, 55: 0.48014297782115056, 56: 0.983281548715599, 57: 0.9708447599651642, 58: 2.9771543936189016, 59: 2.4827498555145144, 60: 1.4613171369559712, 61: 1.4823763380635504, 62: 0.9678161231673365, 63: 0.49185888802609923, 64: 4.48188597308083, 65: 0.45583130288002227, 66: 2.476289971008546, 67: 6.9590515270556095, 68: 0.9712372683640562, 69: 5.470064239230216, 70: 5.975513354731846, 71: 0.46160962922980375, 72: 0.4954485744047543, 73: 2.9959726308641965, 74: 3.46976906090381, 75: 1.4872849627316787, 76: 1.4751551529519127, 77: 4.485816473923856, 78: 2.464623637887442, 79: 4.479830262168261, 80: 0.9858439597311066, 81: 3.475029521992169, 82: 1.9862995813232383, 83: 6.976583383015086, 84: 2.9868994253961523, 85: 4.472696245880701, 86: 0.987617168501111, 87: 1.9865493888343861, 88: 0.9748912557006436, 89: 1.0, 90: 6.980532991229106, 91: 2.9756446052070613, 92: 5.960671093411797, 93: 3.4715369684060526, 94: 0.9714931660791934, 95: 2.9705907095473343, 96: 7.485988238681221, 97: 5.455204356556158, 98: 1.0, 99: 2.9718919438442954}
2025-01-27 08:39:03 - WARNING  - Sum of s_i: 299.78890924964213
2025-01-27 08:39:28 - WARNING  - Epoch:    95. Accuracy: Top-1: 54.90 | Loss: value: 1.28
2025-01-27 08:39:28 - WARNING  - Epoch 95
2025-01-27 08:39:28 - WARNING  - s_i: {0: 3.967840012040763, 1: 2.4904967932150943, 2: 4.47576181134746, 3: 1.977695634576687, 4: 3.9674835758425413, 5: 6.977623871466739, 6: 4.473878768384645, 7: 0.478826524067117, 8: 0.9869968865815775, 9: 3.9745354519548632, 10: 1.9715826752576664, 11: 0.49110009189126197, 12: 6.960325969950253, 13: 4.979918497665658, 14: 1.4794750234252727, 15: 0.4726749777900221, 16: 0.9875677070387208, 17: 0.475267083127193, 18: 1.4658221375296425, 19: 1.4660511305462456, 20: 3.980621939998934, 21: 1.4863248881700175, 22: 2.995641485251184, 23: 5.975304743586209, 24: 0.9746107698512414, 25: 1.4857370268139125, 26: 2.4704416405368756, 27: 0.9812013832268357, 28: 5.957962070209998, 29: 6.979686290501797, 30: 1.4959378501451188, 31: 3.491115143938889, 32: 4.475030321569731, 33: 7.462245677672216, 34: 1.0, 35: 1.9698386961923169, 36: 3.4669507249817886, 37: 0.9679647732950829, 38: 3.4789632326958664, 39: 2.99581687607023, 40: 3.970603548113894, 41: 2.977361937278494, 42: 3.9734286794462212, 43: 2.9595611893366325, 44: 0.48752060971897304, 45: 3.98646864103493, 46: 3.9866128608955593, 47: 5.480409176249839, 48: 5.480455186799283, 49: 1.9951943498094575, 50: 3.9600219263674696, 51: 2.9743830958903406, 52: 5.986714665047434, 53: 2.487221176519881, 54: 3.4917420021240955, 55: 0.48014297782115056, 56: 0.983281548715599, 57: 0.9708447599651642, 58: 2.9771543936189016, 59: 2.4827498555145144, 60: 1.4613171369559712, 61: 1.4823763380635504, 62: 0.9678161231673365, 63: 0.49185888802609923, 64: 4.48188597308083, 65: 0.45583130288002227, 66: 2.476289971008546, 67: 6.9590515270556095, 68: 0.9712372683640562, 69: 5.470064239230216, 70: 5.975513354731846, 71: 0.46160962922980375, 72: 0.4954485744047543, 73: 2.9959726308641965, 74: 3.46976906090381, 75: 1.4872849627316787, 76: 1.4751551529519127, 77: 4.485816473923856, 78: 2.464623637887442, 79: 4.479830262168261, 80: 0.9858439597311066, 81: 3.475029521992169, 82: 1.9862995813232383, 83: 6.976583383015086, 84: 2.9868994253961523, 85: 4.472696245880701, 86: 0.987617168501111, 87: 1.9865493888343861, 88: 0.9748912557006436, 89: 1.0, 90: 6.980532991229106, 91: 2.9756446052070613, 92: 5.960671093411797, 93: 3.4715369684060526, 94: 0.9714931660791934, 95: 2.9705907095473343, 96: 7.485988238681221, 97: 5.455204356556158, 98: 1.0, 99: 2.9718919438442954}
2025-01-27 08:39:28 - WARNING  - Sum of s_i: 299.78890924964213
2025-01-27 08:39:54 - WARNING  - Epoch:    96. Accuracy: Top-1: 56.13 | Loss: value: 1.19
2025-01-27 08:39:54 - WARNING  - Epoch 96
2025-01-27 08:39:54 - WARNING  - s_i: {0: 3.967840012040763, 1: 2.4904967932150943, 2: 4.47576181134746, 3: 1.977695634576687, 4: 3.9674835758425413, 5: 6.977623871466739, 6: 4.473878768384645, 7: 0.478826524067117, 8: 0.9869968865815775, 9: 3.9745354519548632, 10: 0.46752305743733147, 11: 0.49110009189126197, 12: 6.960325969950253, 13: 4.979918497665658, 14: 1.4794750234252727, 15: 0.4726749777900221, 16: 0.9875677070387208, 17: 0.475267083127193, 18: 1.4658221375296425, 19: 1.4660511305462456, 20: 3.980621939998934, 21: 1.4863248881700175, 22: 2.995641485251184, 23: 5.975304743586209, 24: 0.9746107698512414, 25: 1.4857370268139125, 26: 2.4704416405368756, 27: 0.9812013832268357, 28: 5.957962070209998, 29: 6.475623548602155, 30: 1.4959378501451188, 31: 3.491115143938889, 32: 4.475030321569731, 33: 7.462245677672216, 34: 1.0, 35: 1.9698386961923169, 36: 3.4669507249817886, 37: 0.9679647732950829, 38: 3.4789632326958664, 39: 2.99581687607023, 40: 3.970603548113894, 41: 2.977361937278494, 42: 3.9734286794462212, 43: 2.9595611893366325, 44: 0.48752060971897304, 45: 3.98646864103493, 46: 3.9866128608955593, 47: 5.480409176249839, 48: 5.480455186799283, 49: 1.9951943498094575, 50: 3.9600219263674696, 51: 2.9743830958903406, 52: 5.986714665047434, 53: 2.487221176519881, 54: 3.4917420021240955, 55: 0.48014297782115056, 56: 0.983281548715599, 57: 0.9708447599651642, 58: 2.9771543936189016, 59: 2.4827498555145144, 60: 1.4613171369559712, 61: 1.4823763380635504, 62: 0.9678161231673365, 63: 0.49185888802609923, 64: 4.48188597308083, 65: 0.45583130288002227, 66: 2.476289971008546, 67: 6.9590515270556095, 68: 0.9712372683640562, 69: 5.470064239230216, 70: 5.975513354731846, 71: 0.46160962922980375, 72: 0.4954485744047543, 73: 2.9959726308641965, 74: 3.46976906090381, 75: 1.4872849627316787, 76: 1.4751551529519127, 77: 0.48108863189847284, 78: 2.464623637887442, 79: 4.479830262168261, 80: 0.9858439597311066, 81: 3.475029521992169, 82: 1.9862995813232383, 83: 6.976583383015086, 84: 2.9868994253961523, 85: 4.472696245880701, 86: 0.987617168501111, 87: 1.9865493888343861, 88: 0.9748912557006436, 89: 1.0, 90: 6.980532991229106, 91: 2.9756446052070613, 92: 2.955754980088275, 93: 3.4715369684060526, 94: 0.9714931660791934, 95: 2.9705907095473343, 96: 7.485988238681221, 97: 5.455204356556158, 98: 1.0, 99: 2.9718919438442954}
2025-01-27 08:39:54 - WARNING  - Sum of s_i: 290.7711429345732
{65: -0.04999999999999949, 85: -0.3999999999999998, 26: -0.2999999999999997, 51: -0.7999999999999996, 52: -0.6, 9: -0.24999999999999967, 28: -0.050000000000000044, 31: -0.6499999999999995, 88: -0.19999999999999962, 7: 0.09999999999999953}
Length of Loader 100
{91: -0.24999999999999967, 58: -0.5499999999999999, 88: -0.050000000000000044, 90: 0.20000000000000018, 85: -0.24999999999999967, 29: -0.15000000000000013, 56: -0.6, 96: -0.4999999999999999, 43: -0.6, 54: -0.44999999999999984}
Length of Loader 100
{44: -5.551115123125783e-16, 22: 0.19999999999999962, 67: -0.15000000000000013, 4: -0.19999999999999962, 92: -0.09999999999999981, 13: -0.15000000000000013, 95: -0.04999999999999949, 25: 0.19999999999999962, 1: -0.2500000000000002, 43: -0.4500000000000001}
Length of Loader 100
{57: 0.10000000000000009, 71: -0.20000000000000018, 99: -0.20000000000000018, 76: 0.050000000000000044, 13: -0.10000000000000009, 10: -0.050000000000000044, 1: -0.30000000000000027, 64: 0.050000000000000044, 65: 0.050000000000000044, 35: -0.20000000000000018}
Length of Loader 100
{86: 0.0, 90: 0.14999999999999902, 80: -0.0500000000000006, 70: -0.20000000000000018, 98: -0.10000000000000009, 93: -0.40000000000000036, 21: 0.0, 71: 0.0, 61: 0.10000000000000009, 10: 0.15000000000000013}
Length of Loader 100
{90: 0.15000000000000013, 98: -0.3500000000000003, 67: 0.2500000000000002, 71: 0.5000000000000004, 1: 0.0, 3: -0.2500000000000002, 55: -0.10000000000000009, 33: -0.40000000000000036, 13: -0.050000000000000044, 83: -0.3500000000000003}
Length of Loader 100
{92: -0.44999999999999984, 24: -0.2500000000000002, 71: -0.34999999999999976, 62: 0.0, 60: -0.20000000000000018, 39: -0.3999999999999998, 16: -0.09999999999999953, 2: -0.6500000000000006, 68: -0.5499999999999996, 82: -0.40000000000000036}
Length of Loader 100
{91: -0.49999999999999933, 54: -0.5499999999999994, 22: -0.5999999999999996, 28: -0.3499999999999992, 53: -0.7000000000000001, 8: -0.29999999999999916, 78: -0.2500000000000002, 83: -0.6, 37: -0.15000000000000013, 90: -1.0}
Length of Loader 100
{46: 0.10000000000000009, 85: -0.050000000000000044, 33: 0.3500000000000003, 5: 0.65, 96: 0.39999999999999925, 91: 0.44999999999999984, 35: 0.3999999999999998, 58: 0.3999999999999998, 36: 0.09999999999999953, 77: 0.10000000000000009}
Length of Loader 100
{94: -0.4499999999999993, 40: -0.2500000000000002, 69: 0.34999999999999976, 9: 0.10000000000000009, 58: -0.40000000000000036, 29: -0.7500000000000004, 28: -0.8499999999999996, 39: -0.30000000000000027, 95: -0.6500000000000006, 49: -0.34999999999999976}
Length of Loader 100
{18: -0.8000000000000005, 9: -0.14999999999999958, 62: -0.8000000000000005, 4: -0.20000000000000018, 13: -0.35000000000000003, 19: -0.6000000000000003, 64: -0.7000000000000001, 56: -0.4500000000000001, 32: -0.35000000000000003, 57: -1.3}
Length of Loader 100
{16: -0.2999999999999997, 32: 0.0, 90: -0.6999999999999995, 37: -0.3499999999999992, 29: -0.49999999999999933, 43: -0.49999999999999933, 49: -0.49999999999999933, 64: -0.49999999999999933, 95: 0.0, 17: -0.19999999999999962}
Length of Loader 100
{19: 0.2999999999999997, 79: -0.10000000000000009, 94: -0.15000000000000013, 87: 0.15000000000000013, 78: 0.20000000000000018, 15: -0.30000000000000027, 95: -0.10000000000000009, 88: -0.050000000000000044, 40: -0.15000000000000013, 23: 0.0}
Length of Loader 100
{67: -0.65, 36: -0.2500000000000002, 38: -0.4499999999999993, 40: -0.2999999999999997, 91: -0.6999999999999995, 27: -0.4499999999999993, 82: -0.9499999999999997, 10: -0.34999999999999976, 12: -0.9499999999999997, 71: -0.9999999999999998}
Length of Loader 100
{12: 0.3999999999999998, 79: -0.04999999999999949, 97: 0.10000000000000009, 4: 0.15000000000000013, 17: -0.04999999999999949, 37: 0.3999999999999998, 92: 0.3999999999999998, 56: 0.15000000000000013, 77: 0.19999999999999962, 32: 0.19999999999999962}
Length of Loader 100
{40: -0.6, 47: -0.15000000000000013, 59: -0.0500000000000006, 41: -0.5499999999999994, 18: -0.6999999999999995, 23: -0.7999999999999996, 43: -0.5499999999999994, 15: -0.9999999999999998, 74: -1.25, 16: -1.0999999999999999}
Length of Loader 100
{81: 0.10000000000000009, 40: -0.050000000000000044, 42: 0.0, 25: -0.14999999999999958, 34: -0.19999999999999962, 94: -0.19999999999999962, 51: 0.0, 78: 0.10000000000000009, 4: -0.15000000000000013, 69: -0.09999999999999953}
Length of Loader 100
{24: -0.09999999999999953, 0: 0.050000000000000044, 9: -0.050000000000000044, 19: -0.2500000000000008, 10: -0.2500000000000002, 56: -0.09999999999999953, 21: -0.10000000000000009, 37: -0.24999999999999967, 17: -0.20000000000000018, 93: -0.4500000000000004}
Length of Loader 100
{70: -0.09999999999999953, 41: 0.20000000000000018, 18: -0.34999999999999976, 57: -0.40000000000000036, 54: -0.44999999999999984, 51: -0.2999999999999997, 97: -0.44999999999999984, 85: -0.19999999999999962, 60: -0.2999999999999997, 27: -0.04999999999999949}
Length of Loader 100
{99: -0.3999999999999998, 64: -0.34999999999999976, 69: -0.7499999999999996, 86: -0.5999999999999994, 61: -0.5499999999999994, 25: -0.3999999999999998, 19: -0.24999999999999967, 7: -0.34999999999999976, 83: -0.44999999999999984, 94: -0.24999999999999967}
Length of Loader 100
{3: -0.3500000000000003, 59: 0.15000000000000013, 24: -0.050000000000000044, 74: 0.10000000000000009, 10: -0.20000000000000018, 91: -0.2999999999999997, 21: -0.30000000000000027, 81: -0.5000000000000004, 38: -0.20000000000000018, 56: -0.40000000000000036}
Length of Loader 100
{57: -0.10000000000000009, 50: -0.40000000000000036, 68: -0.7999999999999996, 47: -0.3500000000000003, 24: -0.5000000000000004, 52: -0.3999999999999998, 5: -5.551115123125783e-16, 33: 0.14999999999999958, 62: -0.40000000000000036, 94: -0.3999999999999998}
Length of Loader 100
{99: -0.10000000000000009, 70: 0.10000000000000009, 39: 0.5999999999999994, 28: 0.34999999999999976, 59: 0.050000000000000044, 85: 0.34999999999999976, 40: 0.34999999999999976, 92: 0.050000000000000044, 63: 0.10000000000000009, 64: 0.10000000000000009}
Length of Loader 100
{43: 0.20000000000000018, 23: 0.3500000000000003, 7: 0.2500000000000002, 46: 0.2500000000000002, 77: 0.050000000000000044, 9: 0.2500000000000002, 13: 0.050000000000000044, 70: 0.40000000000000036, 49: 0.10000000000000009, 67: 0.3500000000000003}
Length of Loader 100
{71: -0.14999999999999958, 23: -0.19999999999999962, 0: -0.15000000000000013, 63: -0.15000000000000013, 57: -0.15000000000000013, 46: -0.4500000000000004, 68: -0.4999999999999999, 33: 0.0, 44: -0.65, 6: -0.5000000000000004}
Length of Loader 100
{97: 0.30000000000000027, 29: 0.5999999999999994, 52: 0.4500000000000004, 93: 0.15000000000000013, 0: 0.7999999999999996, 47: 0.44999999999999984, 83: 0.4999999999999999, 82: 5.551115123125783e-16, 24: 0.050000000000000044, 91: 0.6499999999999995}
Length of Loader 100
{62: -0.04999999999999949, 69: 0.3999999999999998, 45: 0.050000000000000044, 14: -5.551115123125783e-16, 37: -0.20000000000000018, 90: 0.09999999999999953, 13: 0.3999999999999998, 38: 0.19999999999999962, 68: 0.5499999999999999, 60: 0.30000000000000027}
Length of Loader 100
{3: 0.10000000000000009, 65: -0.04999999999999949, 57: 0.050000000000000044, 99: 0.2500000000000002, 50: 0.10000000000000009, 93: 0.0, 31: 0.15000000000000013, 19: -0.3499999999999992, 56: -0.3500000000000003, 21: -0.2500000000000002}
Length of Loader 100
{55: -0.050000000000000044, 7: -0.3500000000000003, 35: -0.30000000000000027, 37: -0.44999999999999984, 48: 0.40000000000000036, 2: 0.15000000000000013, 78: -0.10000000000000009, 85: 0.050000000000000044, 60: -0.20000000000000018, 68: -0.24999999999999967}
Length of Loader 100
{76: -0.8500000000000002, 19: -1.3000000000000003, 27: -1.2000000000000002, 42: -0.7000000000000001, 65: -0.30000000000000027, 29: -1.1, 58: -1.2499999999999996, 45: -0.7500000000000001, 48: -1.4499999999999997, 85: -1.4000000000000004}
Length of Loader 100
{81: -0.44999999999999984, 53: -0.30000000000000027, 77: -0.40000000000000036, 76: -0.15000000000000013, 29: -0.050000000000000044, 13: -0.5499999999999999, 10: -0.15000000000000013, 72: -0.6, 93: -0.9999999999999998, 92: -0.2999999999999997}
Length of Loader 100
2025-01-27 08:40:17 - WARNING  - Epoch:    97. Accuracy: Top-1: 58.83 | Loss: value: 1.14
2025-01-27 08:40:17 - WARNING  - Epoch 97
2025-01-27 08:40:17 - WARNING  - s_i: {0: 3.967840012040763, 1: 2.4904967932150943, 2: 4.47576181134746, 3: 1.977695634576687, 4: 3.9674835758425413, 5: 6.977623871466739, 6: 4.473878768384645, 7: 0.478826524067117, 8: 0.9869968865815775, 9: 3.9745354519548632, 10: 0.46752305743733147, 11: 0.49110009189126197, 12: 6.960325969950253, 13: 4.979918497665658, 14: 1.4794750234252727, 15: 0.4726749777900221, 16: 0.9875677070387208, 17: 0.475267083127193, 18: 1.4658221375296425, 19: 1.4660511305462456, 20: 3.980621939998934, 21: 1.4863248881700175, 22: 2.995641485251184, 23: 5.975304743586209, 24: 0.9746107698512414, 25: 1.4857370268139125, 26: 2.4704416405368756, 27: 0.9812013832268357, 28: 5.957962070209998, 29: 6.475623548602155, 30: 1.4959378501451188, 31: 3.491115143938889, 32: 4.475030321569731, 33: 7.462245677672216, 34: 1.0, 35: 1.9698386961923169, 36: 3.4669507249817886, 37: 0.9679647732950829, 38: 3.4789632326958664, 39: 2.99581687607023, 40: 3.970603548113894, 41: 2.977361937278494, 42: 3.9734286794462212, 43: 2.9595611893366325, 44: 0.48752060971897304, 45: 3.98646864103493, 46: 3.9866128608955593, 47: 5.480409176249839, 48: 5.480455186799283, 49: 1.9951943498094575, 50: 3.9600219263674696, 51: 2.9743830958903406, 52: 5.986714665047434, 53: 2.487221176519881, 54: 3.4917420021240955, 55: 0.48014297782115056, 56: 0.983281548715599, 57: 0.9708447599651642, 58: 2.9771543936189016, 59: 2.4827498555145144, 60: 1.4613171369559712, 61: 1.4823763380635504, 62: 0.9678161231673365, 63: 0.49185888802609923, 64: 4.48188597308083, 65: 0.45583130288002227, 66: 2.476289971008546, 67: 6.9590515270556095, 68: 0.9712372683640562, 69: 5.470064239230216, 70: 5.975513354731846, 71: 0.46160962922980375, 72: 0.4954485744047543, 73: 2.9959726308641965, 74: 3.46976906090381, 75: 1.4872849627316787, 76: 1.4751551529519127, 77: 0.48108863189847284, 78: 2.464623637887442, 79: 4.479830262168261, 80: 0.9858439597311066, 81: 3.475029521992169, 82: 2.48173277509765, 83: 4.971900059618102, 84: 2.9868994253961523, 85: 4.472696245880701, 86: 0.987617168501111, 87: 0.48206585177918004, 88: 0.9748912557006436, 89: 1.0, 90: 6.980532991229106, 91: 2.9756446052070613, 92: 2.955754980088275, 93: 3.4715369684060526, 94: 0.9714931660791934, 95: 0.46638938233980776, 96: 7.485988238681221, 97: 5.455204356556158, 98: 1.0, 99: 2.9718919438442954}
2025-01-27 08:40:17 - WARNING  - Sum of s_i: 285.2532079406879
2025-01-27 08:40:42 - WARNING  - Epoch:    98. Accuracy: Top-1: 59.75 | Loss: value: 1.10
2025-01-27 08:40:42 - WARNING  - Epoch 98
2025-01-27 08:40:42 - WARNING  - s_i: {0: 3.967840012040763, 1: 2.4904967932150943, 2: 4.47576181134746, 3: 1.977695634576687, 4: 3.9674835758425413, 5: 6.977623871466739, 6: 4.473878768384645, 7: 0.478826524067117, 8: 0.9869968865815775, 9: 1.4702913606140093, 10: 0.46752305743733147, 11: 0.49110009189126197, 12: 6.960325969950253, 13: 4.979918497665658, 14: 1.4794750234252727, 15: 0.4726749777900221, 16: 0.9875677070387208, 17: 0.475267083127193, 18: 1.4658221375296425, 19: 1.4660511305462456, 20: 3.980621939998934, 21: 1.4863248881700175, 22: 2.995641485251184, 23: 5.975304743586209, 24: 0.9746107698512414, 25: 1.4857370268139125, 26: 2.4704416405368756, 27: 0.9812013832268357, 28: 5.957962070209998, 29: 6.475623548602155, 30: 1.4959378501451188, 31: 3.491115143938889, 32: 4.475030321569731, 33: 7.462245677672216, 34: 1.0, 35: 1.9698386961923169, 36: 3.4669507249817886, 37: 0.9679647732950829, 38: 3.4789632326958664, 39: 2.99581687607023, 40: 3.970603548113894, 41: 2.977361937278494, 42: 3.9734286794462212, 43: 2.9595611893366325, 44: 0.48752060971897304, 45: 3.98646864103493, 46: 3.9866128608955593, 47: 5.480409176249839, 48: 5.480455186799283, 49: 1.9951943498094575, 50: 3.9600219263674696, 51: 2.9743830958903406, 52: 5.986714665047434, 53: 2.487221176519881, 54: 3.4917420021240955, 55: 0.48014297782115056, 56: 0.983281548715599, 57: 0.9708447599651642, 58: 2.9771543936189016, 59: 2.4827498555145144, 60: 1.4613171369559712, 61: 1.4823763380635504, 62: 0.9678161231673365, 63: 0.49185888802609923, 64: 4.48188597308083, 65: 0.45583130288002227, 66: 2.476289971008546, 67: 6.9590515270556095, 68: 0.9712372683640562, 69: 5.470064239230216, 70: 0.9706160256782104, 71: 0.46160962922980375, 72: 0.4954485744047543, 73: 2.9959726308641965, 74: 3.46976906090381, 75: 1.4872849627316787, 76: 1.4751551529519127, 77: 0.48108863189847284, 78: 2.464623637887442, 79: 4.479830262168261, 80: 0.9858439597311066, 81: 3.475029521992169, 82: 2.48173277509765, 83: 4.971900059618102, 84: 1.4825325671948686, 85: 1.9681456201941483, 86: 0.987617168501111, 87: 0.48206585177918004, 88: 0.9748912557006436, 89: 1.0, 90: 6.980532991229106, 91: 2.9756446052070613, 92: 2.955754980088275, 93: 3.4715369684060526, 94: 0.9714931660791934, 95: 0.46638938233980776, 96: 7.485988238681221, 97: 5.455204356556158, 98: 1.0, 99: 1.467876507250628}
2025-01-27 08:40:42 - WARNING  - Sum of s_i: 272.2311335998119
2025-01-27 08:41:09 - WARNING  - Epoch:    99. Accuracy: Top-1: 57.48 | Loss: value: 1.19
2025-01-27 08:41:09 - WARNING  - Epoch 99
2025-01-27 08:41:09 - WARNING  - s_i: {0: 3.967840012040763, 1: 2.4904967932150943, 2: 4.47576181134746, 3: 1.977695634576687, 4: 3.9674835758425413, 5: 6.977623871466739, 6: 4.473878768384645, 7: 0.478826524067117, 8: 0.9869968865815775, 9: 1.4702913606140093, 10: 0.46752305743733147, 11: 0.49110009189126197, 12: 6.960325969950253, 13: 4.979918497665658, 14: 1.4794750234252727, 15: 0.4726749777900221, 16: 0.9875677070387208, 17: 0.475267083127193, 18: 1.4658221375296425, 19: 1.4660511305462456, 20: 3.980621939998934, 21: 1.4863248881700175, 22: 2.995641485251184, 23: 5.975304743586209, 24: 0.9746107698512414, 25: 2.980982702418551, 26: 2.4704416405368756, 27: 0.9812013832268357, 28: 5.957962070209998, 29: 6.971560806702515, 30: 1.4959378501451188, 31: 3.491115143938889, 32: 4.475030321569731, 33: 4.4575263873812405, 34: 1.0, 35: 1.9698386961923169, 36: 3.4669507249817886, 37: 0.9679647732950829, 38: 3.4789632326958664, 39: 2.99581687607023, 40: 3.970603548113894, 41: 2.977361937278494, 42: 3.9734286794462212, 43: 2.9595611893366325, 44: 0.48752060971897304, 45: 3.98646864103493, 46: 3.9866128608955593, 47: 5.480409176249839, 48: 5.480455186799283, 49: 1.9951943498094575, 50: 3.9600219263674696, 51: 2.9743830958903406, 52: 5.986714665047434, 53: 2.487221176519881, 54: 2.987613003186143, 55: 0.48014297782115056, 56: 0.983281548715599, 57: 0.9708447599651642, 58: 2.9771543936189016, 59: 2.4827498555145144, 60: 1.4613171369559712, 61: 1.4823763380635504, 62: 0.9678161231673365, 63: 0.49185888802609923, 64: 4.48188597308083, 65: 0.45583130288002227, 66: 2.476289971008546, 67: 6.9590515270556095, 68: 0.9712372683640562, 69: 2.4657877019773933, 70: 0.9706160256782104, 71: 0.46160962922980375, 72: 0.4954485744047543, 73: 2.9959726308641965, 74: 3.46976906090381, 75: 1.4872849627316787, 76: 1.4751551529519127, 77: 0.48108863189847284, 78: 2.464623637887442, 79: 4.479830262168261, 80: 0.9858439597311066, 81: 3.475029521992169, 82: 2.48173277509765, 83: 4.971900059618102, 84: 1.4825325671948686, 85: 1.9681456201941483, 86: 0.987617168501111, 87: 0.48206585177918004, 88: 0.9748912557006436, 89: 1.0, 90: 6.980532991229106, 91: 2.9756446052070613, 92: 2.955754980088275, 93: 3.4715369684060526, 94: 0.9714931660791934, 95: 0.46638938233980776, 96: 7.485988238681221, 97: 5.455204356556158, 98: 1.0, 99: 1.467876507250628}
2025-01-27 08:41:09 - WARNING  - Sum of s_i: 267.7091917070352
2025-01-27 08:41:33 - WARNING  - Epoch:   100. Accuracy: Top-1: 56.86 | Loss: value: 1.19
2025-01-27 08:41:33 - WARNING  - Epoch 100
2025-01-27 08:41:33 - WARNING  - s_i: {0: 3.967840012040763, 1: 2.4904967932150943, 2: 4.47576181134746, 3: 1.977695634576687, 4: 3.9674835758425413, 5: 6.977623871466739, 6: 4.473878768384645, 7: 0.478826524067117, 8: 0.9869968865815775, 9: 1.4702913606140093, 10: 0.46752305743733147, 11: 0.49110009189126197, 12: 2.4553667161940362, 13: 4.979918497665658, 14: 1.4794750234252727, 15: 0.4726749777900221, 16: 0.9875677070387208, 17: 0.475267083127193, 18: 1.4658221375296425, 19: 1.4660511305462456, 20: 3.980621939998934, 21: 1.4863248881700175, 22: 2.995641485251184, 23: 5.975304743586209, 24: 0.9746107698512414, 25: 2.980982702418551, 26: 2.4704416405368756, 27: 0.9812013832268357, 28: 4.453291189122224, 29: 6.971560806702515, 30: 1.4959378501451188, 31: 3.491115143938889, 32: 4.475030321569731, 33: 4.4575263873812405, 34: 1.0, 35: 1.9698386961923169, 36: 3.4669507249817886, 37: 0.9679647732950829, 38: 3.4789632326958664, 39: 2.99581687607023, 40: 3.970603548113894, 41: 2.977361937278494, 42: 3.9734286794462212, 43: 2.9595611893366325, 44: 0.48752060971897304, 45: 3.98646864103493, 46: 3.9866128608955593, 47: 5.480409176249839, 48: 5.480455186799283, 49: 1.9951943498094575, 50: 3.9600219263674696, 51: 2.9743830958903406, 52: 5.986714665047434, 53: 2.487221176519881, 54: 2.987613003186143, 55: 0.48014297782115056, 56: 0.983281548715599, 57: 0.9708447599651642, 58: 2.9771543936189016, 59: 2.4827498555145144, 60: 1.4613171369559712, 61: 1.4823763380635504, 62: 0.9678161231673365, 63: 0.49185888802609923, 64: 4.48188597308083, 65: 0.45583130288002227, 66: 2.476289971008546, 67: 6.9590515270556095, 68: 0.9712372683640562, 69: 2.4657877019773933, 70: 0.9706160256782104, 71: 0.9568108328835284, 72: 0.4954485744047543, 73: 2.9959726308641965, 74: 3.46976906090381, 75: 1.4872849627316787, 76: 1.4751551529519127, 77: 0.48108863189847284, 78: 2.464623637887442, 79: 4.479830262168261, 80: 0.9858439597311066, 81: 3.475029521992169, 82: 2.48173277509765, 83: 4.971900059618102, 84: 1.4825325671948686, 85: 1.9681456201941483, 86: 0.987617168501111, 87: 0.48206585177918004, 88: 0.9748912557006436, 89: 1.0, 90: 6.980532991229106, 91: 2.9756446052070613, 92: 2.955754980088275, 93: 3.4715369684060526, 94: 0.9714931660791934, 95: 0.46638938233980776, 96: 7.485988238681221, 97: 5.455204356556158, 98: 1.0, 99: 1.467876507250628}
2025-01-27 08:41:33 - WARNING  - Sum of s_i: 262.19476277584494
2025-01-27 08:41:39 - WARNING  - The sum of accs: 60.0
2025-01-27 08:41:39 - WARNING  - The welfare is 59.88109809397812
2025-01-27 08:42:03 - WARNING  - Epoch:   101. Accuracy: Top-1: 60.64 | Loss: value: 1.08
2025-01-27 08:42:03 - WARNING  - Epoch 101
2025-01-27 08:42:03 - WARNING  - s_i: {0: 3.967840012040763, 1: 2.4904967932150943, 2: 4.47576181134746, 3: 1.977695634576687, 4: 3.9674835758425413, 5: 6.977623871466739, 6: 4.473878768384645, 7: 0.478826524067117, 8: 0.9869968865815775, 9: 1.4702913606140093, 10: 0.46752305743733147, 11: 0.49110009189126197, 12: 2.4553667161940362, 13: 4.979918497665658, 14: 1.4794750234252727, 15: 0.4726749777900221, 16: 0.9875677070387208, 17: 0.475267083127193, 18: 1.4658221375296425, 19: 1.4660511305462456, 20: 3.980621939998934, 21: 1.4863248881700175, 22: 2.995641485251184, 23: 5.975304743586209, 24: 0.9746107698512414, 25: 2.980982702418551, 26: 2.4704416405368756, 27: 0.9812013832268357, 28: 4.453291189122224, 29: 6.971560806702515, 30: 1.4959378501451188, 31: 3.491115143938889, 32: 4.475030321569731, 33: 4.4575263873812405, 34: 1.0, 35: 1.9698386961923169, 36: 3.4669507249817886, 37: 0.9679647732950829, 38: 3.4789632326958664, 39: 2.99581687607023, 40: 3.970603548113894, 41: 2.977361937278494, 42: 3.9734286794462212, 43: 2.9595611893366325, 44: 0.48752060971897304, 45: 3.98646864103493, 46: 3.9866128608955593, 47: 5.480409176249839, 48: 5.480455186799283, 49: 1.9951943498094575, 50: 3.9600219263674696, 51: 0.47011361187206235, 52: 5.986714665047434, 53: 2.487221176519881, 54: 2.987613003186143, 55: 0.48014297782115056, 56: 0.983281548715599, 57: 0.9708447599651642, 58: 2.9771543936189016, 59: 2.4827498555145144, 60: 1.4613171369559712, 61: 1.4823763380635504, 62: 0.9678161231673365, 63: 0.49185888802609923, 64: 4.48188597308083, 65: 0.45583130288002227, 66: 2.476289971008546, 67: 6.9590515270556095, 68: 0.9712372683640562, 69: 2.4657877019773933, 70: 0.9706160256782104, 71: 0.9568108328835284, 72: 0.4954485744047543, 73: 2.9959726308641965, 74: 3.46976906090381, 75: 1.4872849627316787, 76: 1.4751551529519127, 77: 0.48108863189847284, 78: 2.464623637887442, 79: 4.479830262168261, 80: 0.9858439597311066, 81: 3.475029521992169, 82: 2.48173277509765, 83: 4.971900059618102, 84: 1.4825325671948686, 85: 1.9681456201941483, 86: 0.987617168501111, 87: 0.48206585177918004, 88: 0.9748912557006436, 89: 1.0, 90: 6.980532991229106, 91: 2.9756446052070613, 92: 2.955754980088275, 93: 3.4715369684060526, 94: 0.9714931660791934, 95: 0.46638938233980776, 96: 7.485988238681221, 97: 5.455204356556158, 98: 1.0, 99: 1.467876507250628}
2025-01-27 08:42:03 - WARNING  - Sum of s_i: 259.6904932918266
2025-01-27 08:42:25 - WARNING  - Epoch:   102. Accuracy: Top-1: 61.34 | Loss: value: 1.07
2025-01-27 08:42:25 - WARNING  - Epoch 102
2025-01-27 08:42:25 - WARNING  - s_i: {0: 3.967840012040763, 1: 2.4904967932150943, 2: 4.47576181134746, 3: 1.977695634576687, 4: 3.9674835758425413, 5: 6.977623871466739, 6: 4.473878768384645, 7: 0.478826524067117, 8: 0.9869968865815775, 9: 1.4702913606140093, 10: 0.46752305743733147, 11: 0.49110009189126197, 12: 2.4553667161940362, 13: 4.979918497665658, 14: 1.4794750234252727, 15: 0.4726749777900221, 16: 0.9875677070387208, 17: 0.475267083127193, 18: 1.4658221375296425, 19: 1.4660511305462456, 20: 3.980621939998934, 21: 1.4863248881700175, 22: 2.995641485251184, 23: 5.975304743586209, 24: 0.9746107698512414, 25: 2.980982702418551, 26: 2.4704416405368756, 27: 0.9812013832268357, 28: 4.453291189122224, 29: 6.971560806702515, 30: 1.4959378501451188, 31: 3.491115143938889, 32: 4.475030321569731, 33: 4.4575263873812405, 34: 1.0, 35: 1.9698386961923169, 36: 3.4669507249817886, 37: 0.9679647732950829, 38: 3.4789632326958664, 39: 2.99581687607023, 40: 3.970603548113894, 41: 2.977361937278494, 42: 3.9734286794462212, 43: 2.9595611893366325, 44: 0.48752060971897304, 45: 3.98646864103493, 46: 3.9866128608955593, 47: 5.480409176249839, 48: 5.480455186799283, 49: 1.9951943498094575, 50: 3.9600219263674696, 51: 0.47011361187206235, 52: 5.986714665047434, 53: 2.487221176519881, 54: 2.987613003186143, 55: 0.48014297782115056, 56: 0.983281548715599, 57: 0.9708447599651642, 58: 2.9771543936189016, 59: 2.4827498555145144, 60: 1.4613171369559712, 61: 1.4823763380635504, 62: 0.9678161231673365, 63: 0.49185888802609923, 64: 4.48188597308083, 65: 0.45583130288002227, 66: 2.476289971008546, 67: 6.9590515270556095, 68: 0.9712372683640562, 69: 2.4657877019773933, 70: 0.9706160256782104, 71: 0.9568108328835284, 72: 0.4954485744047543, 73: 2.9959726308641965, 74: 3.46976906090381, 75: 1.4872849627316787, 76: 1.4751551529519127, 77: 0.48108863189847284, 78: 2.464623637887442, 79: 4.479830262168261, 80: 0.9858439597311066, 81: 3.475029521992169, 82: 2.48173277509765, 83: 4.971900059618102, 84: 1.4825325671948686, 85: 1.9681456201941483, 86: 0.987617168501111, 87: 0.48206585177918004, 88: 0.9748912557006436, 89: 1.0, 90: 6.980532991229106, 91: 2.9756446052070613, 92: 2.955754980088275, 93: 3.4715369684060526, 94: 0.9714931660791934, 95: 0.46638938233980776, 96: 7.485988238681221, 97: 5.455204356556158, 98: 1.0, 99: 1.467876507250628}
2025-01-27 08:42:25 - WARNING  - Sum of s_i: 259.6904932918266
2025-01-27 08:42:50 - WARNING  - Epoch:   103. Accuracy: Top-1: 59.58 | Loss: value: 1.09
2025-01-27 08:42:50 - WARNING  - Epoch 103
2025-01-27 08:42:50 - WARNING  - s_i: {0: 3.967840012040763, 1: 2.4904967932150943, 2: 4.47576181134746, 3: 1.977695634576687, 4: 3.9674835758425413, 5: 6.977623871466739, 6: 4.473878768384645, 7: 0.478826524067117, 8: 0.9869968865815775, 9: 1.4702913606140093, 10: 0.46752305743733147, 11: 0.49110009189126197, 12: 2.4553667161940362, 13: 4.979918497665658, 14: 1.4794750234252727, 15: 0.4726749777900221, 16: 0.9875677070387208, 17: 0.475267083127193, 18: 1.4658221375296425, 19: 1.4660511305462456, 20: 3.4757774249986664, 21: 1.4863248881700175, 22: 2.995641485251184, 23: 5.975304743586209, 24: 0.9746107698512414, 25: 2.980982702418551, 26: 2.4704416405368756, 27: 0.9812013832268357, 28: 4.453291189122224, 29: 6.971560806702515, 30: 1.4959378501451188, 31: 3.491115143938889, 32: 4.475030321569731, 33: 4.4575263873812405, 34: 1.0, 35: 1.9698386961923169, 36: 3.4669507249817886, 37: 0.9679647732950829, 38: 3.4789632326958664, 39: 2.99581687607023, 40: 3.970603548113894, 41: 2.977361937278494, 42: 3.9734286794462212, 43: 2.9595611893366325, 44: 0.48752060971897304, 45: 3.98646864103493, 46: 3.9866128608955593, 47: 5.480409176249839, 48: 5.480455186799283, 49: 1.9951943498094575, 50: 3.9600219263674696, 51: 0.47011361187206235, 52: 5.986714665047434, 53: 2.487221176519881, 54: 2.987613003186143, 55: 0.48014297782115056, 56: 0.983281548715599, 57: 0.9708447599651642, 58: 2.9771543936189016, 59: 2.4827498555145144, 60: 1.4613171369559712, 61: 1.4823763380635504, 62: 0.9678161231673365, 63: 0.49185888802609923, 64: 4.48188597308083, 65: 0.45583130288002227, 66: 4.971547965210258, 67: 6.9590515270556095, 68: 0.9712372683640562, 69: 2.4657877019773933, 70: 0.9706160256782104, 71: 0.9568108328835284, 72: 0.4954485744047543, 73: 2.9959726308641965, 74: 3.46976906090381, 75: 1.4872849627316787, 76: 1.4751551529519127, 77: 0.48108863189847284, 78: 2.464623637887442, 79: 4.479830262168261, 80: 0.9858439597311066, 81: 3.475029521992169, 82: 2.48173277509765, 83: 4.971900059618102, 84: 1.4825325671948686, 85: 1.9681456201941483, 86: 0.987617168501111, 87: 0.48206585177918004, 88: 0.9748912557006436, 89: 1.0, 90: 6.980532991229106, 91: 2.9756446052070613, 92: 2.955754980088275, 93: 3.4715369684060526, 94: 0.9714931660791934, 95: 0.46638938233980776, 96: 7.485988238681221, 97: 5.455204356556158, 98: 1.0, 99: 1.467876507250628}
2025-01-27 08:42:50 - WARNING  - Sum of s_i: 261.6809067710281
2025-01-27 08:43:11 - WARNING  - Epoch:   104. Accuracy: Top-1: 63.01 | Loss: value: 1.03
2025-01-27 08:43:11 - WARNING  - Epoch 104
2025-01-27 08:43:11 - WARNING  - s_i: {0: 3.967840012040763, 1: 2.4904967932150943, 2: 4.47576181134746, 3: 1.977695634576687, 4: 3.9674835758425413, 5: 6.977623871466739, 6: 4.473878768384645, 7: 0.478826524067117, 8: 0.9869968865815775, 9: 1.4702913606140093, 10: 0.46752305743733147, 11: 0.49110009189126197, 12: 2.4553667161940362, 13: 4.979918497665658, 14: 1.4794750234252727, 15: 0.4726749777900221, 16: 1.98342360938496, 17: 0.475267083127193, 18: 1.4658221375296425, 19: 1.961201292052848, 20: 3.4757774249986664, 21: 1.4863248881700175, 22: 2.995641485251184, 23: 5.975304743586209, 24: 0.9746107698512414, 25: 2.980982702418551, 26: 2.4704416405368756, 27: 0.9812013832268357, 28: 4.453291189122224, 29: 6.971560806702515, 30: 1.4959378501451188, 31: 3.491115143938889, 32: 4.475030321569731, 33: 4.4575263873812405, 34: 1.0, 35: 1.9698386961923169, 36: 3.4669507249817886, 37: 0.9679647732950829, 38: 3.4789632326958664, 39: 2.99581687607023, 40: 3.970603548113894, 41: 2.977361937278494, 42: 3.9734286794462212, 43: 2.9595611893366325, 44: 0.48752060971897304, 45: 3.98646864103493, 46: 3.9866128608955593, 47: 5.480409176249839, 48: 5.480455186799283, 49: 4.9903886996189115, 50: 3.9600219263674696, 51: 0.47011361187206235, 52: 5.986714665047434, 53: 2.487221176519881, 54: 2.987613003186143, 55: 0.48014297782115056, 56: 3.979101935894495, 57: 0.9708447599651642, 58: 2.9771543936189016, 59: 2.4827498555145144, 60: 1.4613171369559712, 61: 1.4823763380635504, 62: 0.9678161231673365, 63: 0.49185888802609923, 64: 4.48188597308083, 65: 0.45583130288002227, 66: 4.971547965210258, 67: 6.9590515270556095, 68: 0.9712372683640562, 69: 2.4657877019773933, 70: 0.9706160256782104, 71: 0.9568108328835284, 72: 0.4954485744047543, 73: 2.9959726308641965, 74: 3.46976906090381, 75: 1.4872849627316787, 76: 1.4751551529519127, 77: 0.48108863189847284, 78: 2.464623637887442, 79: 4.479830262168261, 80: 0.9858439597311066, 81: 3.475029521992169, 82: 2.48173277509765, 83: 4.971900059618102, 84: 1.4825325671948686, 85: 1.9681456201941483, 86: 0.987617168501111, 87: 0.48206585177918004, 88: 0.9748912557006436, 89: 1.0, 90: 6.980532991229106, 91: 2.9756446052070613, 92: 2.955754980088275, 93: 3.4715369684060526, 94: 0.9714931660791934, 95: 0.46638938233980776, 96: 7.485988238681221, 97: 5.455204356556158, 98: 1.0, 99: 1.467876507250628}
2025-01-27 08:43:11 - WARNING  - Sum of s_i: 269.16292757186926
2025-01-27 08:43:36 - WARNING  - Epoch:   105. Accuracy: Top-1: 62.05 | Loss: value: 1.07
2025-01-27 08:43:36 - WARNING  - Epoch 105
2025-01-27 08:43:36 - WARNING  - s_i: {0: 3.967840012040763, 1: 2.4904967932150943, 2: 4.47576181134746, 3: 1.977695634576687, 4: 3.9674835758425413, 5: 6.977623871466739, 6: 4.473878768384645, 7: 0.478826524067117, 8: 0.9869968865815775, 9: 1.4702913606140093, 10: 0.46752305743733147, 11: 0.49110009189126197, 12: 2.4553667161940362, 13: 4.979918497665658, 14: 1.4794750234252727, 15: 0.4726749777900221, 16: 1.98342360938496, 17: 0.475267083127193, 18: 1.4658221375296425, 19: 1.961201292052848, 20: 3.4757774249986664, 21: 1.4863248881700175, 22: 2.995641485251184, 23: 2.9703656923034463, 24: 0.9746107698512414, 25: 2.980982702418551, 26: 2.4704416405368756, 27: 0.9812013832268357, 28: 4.453291189122224, 29: 6.971560806702515, 30: 1.4959378501451188, 31: 3.491115143938889, 32: 4.475030321569731, 33: 4.4575263873812405, 34: 1.0, 35: 1.9698386961923169, 36: 3.4669507249817886, 37: 0.9679647732950829, 38: 3.4789632326958664, 39: 2.99581687607023, 40: 3.970603548113894, 41: 2.977361937278494, 42: 3.9734286794462212, 43: 2.9595611893366325, 44: 0.48752060971897304, 45: 3.98646864103493, 46: 3.9866128608955593, 47: 5.480409176249839, 48: 5.480455186799283, 49: 4.9903886996189115, 50: 3.9600219263674696, 51: 0.47011361187206235, 52: 5.986714665047434, 53: 2.487221176519881, 54: 2.987613003186143, 55: 0.48014297782115056, 56: 0.9749223230733963, 57: 0.9708447599651642, 58: 2.9771543936189016, 59: 2.4827498555145144, 60: 1.4613171369559712, 61: 1.4823763380635504, 62: 0.9678161231673365, 63: 0.49185888802609923, 64: 4.48188597308083, 65: 0.45583130288002227, 66: 4.971547965210258, 67: 6.9590515270556095, 68: 0.9712372683640562, 69: 2.4657877019773933, 70: 0.9706160256782104, 71: 0.9568108328835284, 72: 0.4954485744047543, 73: 2.9959726308641965, 74: 3.46976906090381, 75: 1.4872849627316787, 76: 1.4751551529519127, 77: 0.48108863189847284, 78: 2.464623637887442, 79: 3.975796314601906, 80: 0.9858439597311066, 81: 3.475029521992169, 82: 2.48173277509765, 83: 4.971900059618102, 84: 1.4825325671948686, 85: 1.9681456201941483, 86: 0.987617168501111, 87: 0.48206585177918004, 88: 0.9748912557006436, 89: 1.0, 90: 6.980532991229106, 91: 5.47077352624847, 92: 2.955754980088275, 93: 3.4715369684060526, 94: 0.9714931660791934, 95: 0.46638938233980776, 96: 7.485988238681221, 97: 5.455204356556158, 98: 1.0, 99: 1.467876507250628}
2025-01-27 08:43:36 - WARNING  - Sum of s_i: 265.14490388124045
2025-01-27 08:44:00 - WARNING  - Epoch:   106. Accuracy: Top-1: 62.63 | Loss: value: 1.05
2025-01-27 08:44:00 - WARNING  - Epoch 106
2025-01-27 08:44:00 - WARNING  - s_i: {0: 3.967840012040763, 1: 2.4904967932150943, 2: 4.47576181134746, 3: 1.977695634576687, 4: 3.962838372391475, 5: 6.977623871466739, 6: 4.473878768384645, 7: 0.478826524067117, 8: 0.9869968865815775, 9: 1.4702913606140093, 10: 0.46752305743733147, 11: 0.49110009189126197, 12: 2.4553667161940362, 13: 4.979918497665658, 14: 1.4794750234252727, 15: 0.4726749777900221, 16: 1.98342360938496, 17: 0.475267083127193, 18: 1.4658221375296425, 19: 1.961201292052848, 20: 3.4757774249986664, 21: 1.4863248881700175, 22: 2.995641485251184, 23: 2.9703656923034463, 24: 0.9746107698512414, 25: 2.980982702418551, 26: 2.4704416405368756, 27: 0.9812013832268357, 28: 4.453291189122224, 29: 6.971560806702515, 30: 1.4959378501451188, 31: 3.491115143938889, 32: 4.475030321569731, 33: 4.4575263873812405, 34: 1.0, 35: 1.9698386961923169, 36: 3.4669507249817886, 37: 0.9639603699569688, 38: 3.4789632326958664, 39: 1.491633752140457, 40: 3.970603548113894, 41: 2.977361937278494, 42: 3.9734286794462212, 43: 2.9595611893366325, 44: 0.48752060971897304, 45: 3.98646864103493, 46: 3.9866128608955593, 47: 5.480409176249839, 48: 5.480455186799283, 49: 4.9903886996189115, 50: 3.9600219263674696, 51: 0.47011361187206235, 52: 5.986714665047434, 53: 2.487221176519881, 54: 2.987613003186143, 55: 0.48014297782115056, 56: 0.9749223230733963, 57: 0.9708447599651642, 58: 2.9771543936189016, 59: 2.4827498555145144, 60: 1.4613171369559712, 61: 1.4823763380635504, 62: 0.9678161231673365, 63: 0.49185888802609923, 64: 4.48188597308083, 65: 0.45583130288002227, 66: 4.971547965210258, 67: 6.9590515270556095, 68: 0.9712372683640562, 69: 2.4657877019773933, 70: 0.9706160256782104, 71: 0.9568108328835284, 72: 0.4954485744047543, 73: 2.9959726308641965, 74: 3.46976906090381, 75: 1.4872849627316787, 76: 1.4751551529519127, 77: 0.48108863189847284, 78: 2.464623637887442, 79: 3.975796314601906, 80: 0.9858439597311066, 81: 3.475029521992169, 82: 2.48173277509765, 83: 4.971900059618102, 84: 1.4825325671948686, 85: 1.9681456201941483, 86: 0.987617168501111, 87: 0.48206585177918004, 88: 0.9748912557006436, 89: 1.0, 90: 6.980532991229106, 91: 5.47077352624847, 92: 0.9508388667647485, 93: 3.4715369684060526, 94: 0.9714931660791934, 95: 0.46638938233980776, 96: 7.485988238681221, 97: 5.455204356556158, 98: 1.0, 99: 1.467876507250628}
2025-01-27 08:44:00 - WARNING  - Sum of s_i: 261.627155037198
2025-01-27 08:44:24 - WARNING  - Epoch:   107. Accuracy: Top-1: 61.51 | Loss: value: 1.07
2025-01-27 08:44:24 - WARNING  - Epoch 107
2025-01-27 08:44:24 - WARNING  - s_i: {0: 3.967840012040763, 1: 2.4904967932150943, 2: 4.47576181134746, 3: 1.977695634576687, 4: 3.962838372391475, 5: 6.977623871466739, 6: 4.473878768384645, 7: 0.478826524067117, 8: 0.9869968865815775, 9: 1.4702913606140093, 10: 0.46752305743733147, 11: 0.49110009189126197, 12: 2.4553667161940362, 13: 4.979918497665658, 14: 1.4794750234252727, 15: 0.4726749777900221, 16: 1.98342360938496, 17: 0.475267083127193, 18: 1.4658221375296425, 19: 1.961201292052848, 20: 3.4757774249986664, 21: 1.4863248881700175, 22: 2.995641485251184, 23: 2.9703656923034463, 24: 0.9746107698512414, 25: 2.980982702418551, 26: 2.4704416405368756, 27: 0.9812013832268357, 28: 4.453291189122224, 29: 6.971560806702515, 30: 1.4959378501451188, 31: 3.491115143938889, 32: 4.475030321569731, 33: 4.4575263873812405, 34: 1.0, 35: 1.9698386961923169, 36: 3.4669507249817886, 37: 0.9639603699569688, 38: 3.4789632326958664, 39: 1.491633752140457, 40: 3.970603548113894, 41: 2.977361937278494, 42: 3.9734286794462212, 43: 2.9595611893366325, 44: 0.48752060971897304, 45: 3.98646864103493, 46: 3.9866128608955593, 47: 5.480409176249839, 48: 5.480455186799283, 49: 4.9903886996189115, 50: 2.455579918186076, 51: 0.47011361187206235, 52: 5.986714665047434, 53: 2.487221176519881, 54: 2.987613003186143, 55: 0.48014297782115056, 56: 0.9749223230733963, 57: 0.9708447599651642, 58: 2.9771543936189016, 59: 2.4827498555145144, 60: 1.4613171369559712, 61: 1.4823763380635504, 62: 0.9678161231673365, 63: 0.49185888802609923, 64: 4.48188597308083, 65: 0.45583130288002227, 66: 4.971547965210258, 67: 6.9590515270556095, 68: 0.9712372683640562, 69: 2.4657877019773933, 70: 0.9706160256782104, 71: 0.9568108328835284, 72: 0.4954485744047543, 73: 2.9959726308641965, 74: 3.46976906090381, 75: 1.4872849627316787, 76: 1.4751551529519127, 77: 0.48108863189847284, 78: 2.464623637887442, 79: 3.975796314601906, 80: 0.9858439597311066, 81: 3.475029521992169, 82: 2.48173277509765, 83: 4.971900059618102, 84: 1.4825325671948686, 85: 1.9681456201941483, 86: 0.987617168501111, 87: 0.48206585177918004, 88: 0.9748912557006436, 89: 1.0, 90: 6.980532991229106, 91: 5.47077352624847, 92: 0.9508388667647485, 93: 3.4715369684060526, 94: 0.9714931660791934, 95: 0.46638938233980776, 96: 7.485988238681221, 97: 5.455204356556158, 98: 1.0, 99: 1.467876507250628}
2025-01-27 08:44:24 - WARNING  - Sum of s_i: 260.1227130290166
2025-01-27 08:44:47 - WARNING  - Epoch:   108. Accuracy: Top-1: 59.13 | Loss: value: 1.12
2025-01-27 08:44:47 - WARNING  - Epoch 108
2025-01-27 08:44:47 - WARNING  - s_i: {0: 3.967840012040763, 1: 2.4904967932150943, 2: 4.47576181134746, 3: 1.977695634576687, 4: 3.962838372391475, 5: 6.977623871466739, 6: 4.473878768384645, 7: 0.478826524067117, 8: 0.9869968865815775, 9: 1.4702913606140093, 10: 0.46752305743733147, 11: 0.49110009189126197, 12: 2.4553667161940362, 13: 4.979918497665658, 14: 1.4794750234252727, 15: 0.4726749777900221, 16: 1.98342360938496, 17: 0.475267083127193, 18: 1.4658221375296425, 19: 1.961201292052848, 20: 3.4757774249986664, 21: 1.4863248881700175, 22: 2.995641485251184, 23: 2.9703656923034463, 24: 0.9746107698512414, 25: 2.980982702418551, 26: 2.4704416405368756, 27: 0.9812013832268357, 28: 4.453291189122224, 29: 6.971560806702515, 30: 1.4959378501451188, 31: 3.491115143938889, 32: 4.475030321569731, 33: 4.4575263873812405, 34: 1.0, 35: 1.9698386961923169, 36: 3.4669507249817886, 37: 0.9639603699569688, 38: 3.4789632326958664, 39: 1.491633752140457, 40: 0.9657041394662085, 41: 2.977361937278494, 42: 3.9734286794462212, 43: 2.9595611893366325, 44: 0.48752060971897304, 45: 3.98646864103493, 46: 3.9866128608955593, 47: 5.480409176249839, 48: 5.480455186799283, 49: 4.9903886996189115, 50: 2.455579918186076, 51: 0.47011361187206235, 52: 5.986714665047434, 53: 2.487221176519881, 54: 2.987613003186143, 55: 0.48014297782115056, 56: 0.9749223230733963, 57: 0.9708447599651642, 58: 2.9771543936189016, 59: 2.4827498555145144, 60: 1.4613171369559712, 61: 1.4823763380635504, 62: 0.9678161231673365, 63: 0.49185888802609923, 64: 4.48188597308083, 65: 0.45583130288002227, 66: 4.971547965210258, 67: 6.9590515270556095, 68: 0.9712372683640562, 69: 2.4657877019773933, 70: 0.9706160256782104, 71: 0.9568108328835284, 72: 0.4954485744047543, 73: 2.9959726308641965, 74: 3.46976906090381, 75: 1.4872849627316787, 76: 1.4751551529519127, 77: 0.48108863189847284, 78: 2.464623637887442, 79: 3.975796314601906, 80: 0.9858439597311066, 81: 3.475029521992169, 82: 2.48173277509765, 83: 3.467216736221119, 84: 1.4825325671948686, 85: 1.9681456201941483, 86: 0.987617168501111, 87: 0.48206585177918004, 88: 0.9748912557006436, 89: 1.0, 90: 6.980532991229106, 91: 5.47077352624847, 92: 0.9508388667647485, 93: 3.4715369684060526, 94: 0.9714931660791934, 95: 0.46638938233980776, 96: 0.9813176515749644, 97: 5.455204356556158, 98: 1.0, 99: 1.467876507250628}
2025-01-27 08:44:47 - WARNING  - Sum of s_i: 249.10845970986566
2025-01-27 08:45:09 - WARNING  - Epoch:   109. Accuracy: Top-1: 62.45 | Loss: value: 1.05
2025-01-27 08:45:09 - WARNING  - Epoch 109
2025-01-27 08:45:09 - WARNING  - s_i: {0: 3.967840012040763, 1: 2.4904967932150943, 2: 4.47576181134746, 3: 1.973234761492023, 4: 3.962838372391475, 5: 6.977623871466739, 6: 4.473878768384645, 7: 0.478826524067117, 8: 0.9869968865815775, 9: 1.4702913606140093, 10: 0.46752305743733147, 11: 0.49110009189126197, 12: 2.4553667161940362, 13: 4.979918497665658, 14: 1.4794750234252727, 15: 1.4681208074216947, 16: 1.98342360938496, 17: 0.475267083127193, 18: 1.4658221375296425, 19: 1.9563514535594557, 20: 3.4757774249986664, 21: 1.4863248881700175, 22: 2.995641485251184, 23: 2.9703656923034463, 24: 0.9746107698512414, 25: 2.980982702418551, 26: 2.4704416405368756, 27: 0.9812013832268357, 28: 4.453291189122224, 29: 3.4674980648028764, 30: 3.491875700290242, 31: 3.491115143938889, 32: 4.475030321569731, 33: 4.4575263873812405, 34: 1.0, 35: 1.9698386961923169, 36: 3.4669507249817886, 37: 0.9639603699569688, 38: 3.4789632326958664, 39: 1.491633752140457, 40: 0.9657041394662085, 41: 2.977361937278494, 42: 3.9734286794462212, 43: 2.9595611893366325, 44: 0.48752060971897304, 45: 3.98646864103493, 46: 3.9866128608955593, 47: 5.480409176249839, 48: 5.480455186799283, 49: 4.9903886996189115, 50: 2.455579918186076, 51: 0.47011361187206235, 52: 5.986714665047434, 53: 2.487221176519881, 54: 2.4834840042481905, 55: 0.48014297782115056, 56: 0.9749223230733963, 57: 2.4666797256744752, 58: 2.9771543936189016, 59: 2.4827498555145144, 60: 1.4613171369559712, 61: 1.4823763380635504, 62: 0.9678161231673365, 63: 0.49185888802609923, 64: 4.48188597308083, 65: 0.45583130288002227, 66: 4.971547965210258, 67: 6.9590515270556095, 68: 0.9712372683640562, 69: 2.4657877019773933, 70: 0.9706160256782104, 71: 0.9568108328835284, 72: 0.4954485744047543, 73: 2.9959726308641965, 74: 3.46976906090381, 75: 1.4872849627316787, 76: 1.4751551529519127, 77: 0.48108863189847284, 78: 2.464623637887442, 79: 3.975796314601906, 80: 0.9858439597311066, 81: 3.475029521992169, 82: 2.48173277509765, 83: 3.467216736221119, 84: 1.4825325671948686, 85: 1.9681456201941483, 86: 0.987617168501111, 87: 0.48206585177918004, 88: 1.9707064649840846, 89: 1.0, 90: 6.980532991229106, 91: 5.47077352624847, 92: 0.9508388667647485, 93: 3.4715369684060526, 94: 0.9714931660791934, 95: 0.46638938233980776, 96: 0.9813176515749644, 97: 5.455204356556158, 98: 1.9957859888699265, 99: 1.467876507250628}
2025-01-27 08:45:09 - WARNING  - Sum of s_i: 251.5697771010895
2025-01-27 08:45:30 - WARNING  - Epoch:   110. Accuracy: Top-1: 63.08 | Loss: value: 1.03
2025-01-27 08:45:30 - WARNING  - Epoch 110
2025-01-27 08:45:30 - WARNING  - s_i: {0: 3.967840012040763, 1: 2.4904967932150943, 2: 4.47576181134746, 3: 1.973234761492023, 4: 3.962838372391475, 5: 6.977623871466739, 6: 4.473878768384645, 7: 0.478826524067117, 8: 0.9869968865815775, 9: 1.4702913606140093, 10: 0.46752305743733147, 11: 0.49110009189126197, 12: 2.4553667161940362, 13: 4.979918497665658, 14: 1.4794750234252727, 15: 1.4681208074216947, 16: 3.4792795117311996, 17: 0.475267083127193, 18: 3.960939585748164, 19: 1.9563514535594557, 20: 3.4757774249986664, 21: 1.4863248881700175, 22: 2.995641485251184, 23: 2.9703656923034463, 24: 0.9746107698512414, 25: 2.980982702418551, 26: 2.4704416405368756, 27: 0.9812013832268357, 28: 4.453291189122224, 29: 3.4674980648028764, 30: 3.491875700290242, 31: 3.491115143938889, 32: 3.9700363858836765, 33: 4.4575263873812405, 34: 1.0, 35: 1.9698386961923169, 36: 3.4669507249817886, 37: 0.9639603699569688, 38: 3.4789632326958664, 39: 1.491633752140457, 40: 0.9657041394662085, 41: 2.977361937278494, 42: 3.9734286794462212, 43: 2.9595611893366325, 44: 0.48752060971897304, 45: 3.98646864103493, 46: 3.9866128608955593, 47: 5.480409176249839, 48: 5.480455186799283, 49: 4.9903886996189115, 50: 2.455579918186076, 51: 0.47011361187206235, 52: 5.986714665047434, 53: 2.487221176519881, 54: 2.4834840042481905, 55: 0.48014297782115056, 56: 0.9749223230733963, 57: 2.4666797256744752, 58: 2.9771543936189016, 59: 2.4827498555145144, 60: 1.4613171369559712, 61: 1.4823763380635504, 62: 0.9678161231673365, 63: 0.49185888802609923, 64: 4.48188597308083, 65: 0.45583130288002227, 66: 4.971547965210258, 67: 6.9590515270556095, 68: 2.96712830670178, 69: 2.4657877019773933, 70: 3.965718696624582, 71: 0.9568108328835284, 72: 0.4954485744047543, 73: 2.9959726308641965, 74: 3.46976906090381, 75: 4.4830466169755745, 76: 1.4751551529519127, 77: 0.48108863189847284, 78: 2.464623637887442, 79: 3.975796314601906, 80: 0.9858439597311066, 81: 3.475029521992169, 82: 2.48173277509765, 83: 3.467216736221119, 84: 3.978165708993589, 85: 1.9681456201941483, 86: 0.987617168501111, 87: 2.9775823147239775, 88: 1.9707064649840846, 89: 1.0, 90: 6.980532991229106, 91: 5.47077352624847, 92: 0.9508388667647485, 93: 3.4715369684060526, 94: 0.46674202709239276, 95: 0.46638938233980776, 96: 0.9813176515749644, 97: 5.455204356556158, 98: 1.9957859888699265, 99: 1.4638610706569564}
2025-01-27 08:45:30 - WARNING  - Sum of s_i: 267.52489490865923
2025-01-27 08:45:36 - WARNING  - The sum of accs: 63.0
2025-01-27 08:45:36 - WARNING  - The welfare is 62.87891662112508
2025-01-27 08:45:59 - WARNING  - Epoch:   111. Accuracy: Top-1: 63.26 | Loss: value: 1.02
2025-01-27 08:45:59 - WARNING  - Epoch 111
2025-01-27 08:45:59 - WARNING  - s_i: {0: 3.967840012040763, 1: 2.4904967932150943, 2: 4.47576181134746, 3: 1.973234761492023, 4: 3.962838372391475, 5: 6.977623871466739, 6: 4.473878768384645, 7: 0.478826524067117, 8: 0.9869968865815775, 9: 1.4702913606140093, 10: 0.46752305743733147, 11: 0.49110009189126197, 12: 2.4553667161940362, 13: 4.979918497665658, 14: 1.4794750234252727, 15: 1.4681208074216947, 16: 3.4792795117311996, 17: 0.475267083127193, 18: 3.960939585748164, 19: 1.9563514535594557, 20: 3.4757774249986664, 21: 1.4863248881700175, 22: 2.9912829705023722, 23: 2.9703656923034463, 24: 3.4703792314931174, 25: 2.980982702418551, 26: 2.4704416405368756, 27: 0.9812013832268357, 28: 4.453291189122224, 29: 3.4674980648028764, 30: 0.48781355043536045, 31: 3.491115143938889, 32: 3.9700363858836765, 33: 4.4575263873812405, 34: 1.0, 35: 1.9698386961923169, 36: 3.4669507249817886, 37: 0.9639603699569688, 38: 3.4789632326958664, 39: 1.491633752140457, 40: 0.9657041394662085, 41: 2.977361937278494, 42: 3.9734286794462212, 43: 2.9595611893366325, 44: 0.48752060971897304, 45: 3.98646864103493, 46: 3.9866128608955593, 47: 5.480409176249839, 48: 5.480455186799283, 49: 4.9903886996189115, 50: 2.455579918186076, 51: 0.47011361187206235, 52: 5.986714665047434, 53: 2.487221176519881, 54: 2.4834840042481905, 55: 0.48014297782115056, 56: 0.9749223230733963, 57: 2.4666797256744752, 58: 2.9771543936189016, 59: 2.4827498555145144, 60: 1.4613171369559712, 61: 1.4823763380635504, 62: 0.9678161231673365, 63: 0.49185888802609923, 64: 4.48188597308083, 65: 0.45583130288002227, 66: 4.971547965210258, 67: 6.9590515270556095, 68: 2.96712830670178, 69: 2.4657877019773933, 70: 3.965718696624582, 71: 0.9568108328835284, 72: 0.4954485744047543, 73: 2.9959726308641965, 74: 3.46976906090381, 75: 4.478808271219467, 76: 1.4751551529519127, 77: 0.48108863189847284, 78: 2.464623637887442, 79: 3.975796314601906, 80: 0.9858439597311066, 81: 3.475029521992169, 82: 2.48173277509765, 83: 3.467216736221119, 84: 3.978165708993589, 85: 1.9681456201941483, 86: 0.987617168501111, 87: 2.9775823147239775, 88: 1.9707064649840846, 89: 1.0, 90: 6.980532991229106, 91: 5.47077352624847, 92: 0.9508388667647485, 93: 3.4715369684060526, 94: 0.46674202709239276, 95: 0.46638938233980776, 96: 0.9813176515749644, 97: 5.455204356556158, 98: 1.9957859888699265, 99: 1.4638610706569564}
2025-01-27 08:45:59 - WARNING  - Sum of s_i: 267.0080043599413
2025-01-27 08:46:23 - WARNING  - Epoch:   112. Accuracy: Top-1: 63.66 | Loss: value: 1.00
2025-01-27 08:46:23 - WARNING  - Epoch 112
2025-01-27 08:46:23 - WARNING  - s_i: {0: 3.967840012040763, 1: 2.4904967932150943, 2: 4.47576181134746, 3: 1.973234761492023, 4: 3.962838372391475, 5: 6.977623871466739, 6: 4.473878768384645, 7: 0.478826524067117, 8: 0.9869968865815775, 9: 1.4702913606140093, 10: 0.46752305743733147, 11: 0.49110009189126197, 12: 2.4553667161940362, 13: 4.979918497665658, 14: 1.4794750234252727, 15: 1.4681208074216947, 16: 3.4792795117311996, 17: 0.475267083127193, 18: 3.960939585748164, 19: 0.9515016150660625, 20: 3.4757774249986664, 21: 1.4863248881700175, 22: 2.9912829705023722, 23: 2.9703656923034463, 24: 3.4703792314931174, 25: 2.980982702418551, 26: 2.4704416405368756, 27: 0.9812013832268357, 28: 4.453291189122224, 29: 3.4674980648028764, 30: 0.48781355043536045, 31: 3.491115143938889, 32: 3.9700363858836765, 33: 4.4575263873812405, 34: 1.0, 35: 1.9698386961923169, 36: 3.4669507249817886, 37: 0.9639603699569688, 38: 3.4789632326958664, 39: 1.491633752140457, 40: 0.9657041394662085, 41: 2.977361937278494, 42: 3.9734286794462212, 43: 2.9595611893366325, 44: 0.48752060971897304, 45: 3.98646864103493, 46: 3.9866128608955593, 47: 5.480409176249839, 48: 5.480455186799283, 49: 4.9903886996189115, 50: 2.455579918186076, 51: 0.47011361187206235, 52: 5.986714665047434, 53: 2.487221176519881, 54: 2.4834840042481905, 55: 0.48014297782115056, 56: 0.9749223230733963, 57: 2.4666797256744752, 58: 2.9771543936189016, 59: 2.4827498555145144, 60: 1.4613171369559712, 61: 1.4823763380635504, 62: 0.9678161231673365, 63: 0.49185888802609923, 64: 4.48188597308083, 65: 0.45583130288002227, 66: 4.971547965210258, 67: 6.9590515270556095, 68: 2.96712830670178, 69: 2.4657877019773933, 70: 3.965718696624582, 71: 0.9568108328835284, 72: 0.4954485744047543, 73: 2.9959726308641965, 74: 3.46976906090381, 75: 4.478808271219467, 76: 1.4751551529519127, 77: 0.48108863189847284, 78: 2.464623637887442, 79: 3.975796314601906, 80: 0.9858439597311066, 81: 3.475029521992169, 82: 2.48173277509765, 83: 3.467216736221119, 84: 3.978165708993589, 85: 1.9681456201941483, 86: 0.987617168501111, 87: 2.9775823147239775, 88: 1.9707064649840846, 89: 1.0, 90: 6.980532991229106, 91: 5.47077352624847, 92: 0.9508388667647485, 93: 3.4715369684060526, 94: 0.46674202709239276, 95: 0.46638938233980776, 96: 0.9813176515749644, 97: 5.455204356556158, 98: 1.9957859888699265, 99: 1.4638610706569564}
2025-01-27 08:46:23 - WARNING  - Sum of s_i: 266.0031545214479
2025-01-27 08:46:49 - WARNING  - Epoch:   113. Accuracy: Top-1: 61.73 | Loss: value: 1.07
2025-01-27 08:46:49 - WARNING  - Epoch 113
2025-01-27 08:46:49 - WARNING  - s_i: {0: 3.967840012040763, 1: 2.4904967932150943, 2: 4.47576181134746, 3: 1.973234761492023, 4: 3.962838372391475, 5: 6.977623871466739, 6: 4.473878768384645, 7: 0.478826524067117, 8: 0.9869968865815775, 9: 1.4702913606140093, 10: 0.46752305743733147, 11: 0.49110009189126197, 12: 2.4553667161940362, 13: 4.979918497665658, 14: 1.4794750234252727, 15: 1.4681208074216947, 16: 3.4792795117311996, 17: 0.475267083127193, 18: 3.960939585748164, 19: 0.9515016150660625, 20: 3.4757774249986664, 21: 1.4863248881700175, 22: 2.9912829705023722, 23: 2.9703656923034463, 24: 3.4703792314931174, 25: 2.980982702418551, 26: 2.4704416405368756, 27: 0.9812013832268357, 28: 4.453291189122224, 29: 3.4674980648028764, 30: 0.48781355043536045, 31: 3.491115143938889, 32: 3.9700363858836765, 33: 4.4575263873812405, 34: 1.0, 35: 1.9655299385055063, 36: 3.4669507249817886, 37: 0.9639603699569688, 38: 3.4789632326958664, 39: 1.491633752140457, 40: 0.9657041394662085, 41: 2.977361937278494, 42: 3.9734286794462212, 43: 3.4550679881518143, 44: 0.48752060971897304, 45: 3.98646864103493, 46: 3.9866128608955593, 47: 5.480409176249839, 48: 5.480455186799283, 49: 4.9903886996189115, 50: 2.455579918186076, 51: 0.47011361187206235, 52: 5.986714665047434, 53: 2.487221176519881, 54: 2.4834840042481905, 55: 0.48014297782115056, 56: 0.9749223230733963, 57: 2.4666797256744752, 58: 2.9771543936189016, 59: 2.4827498555145144, 60: 1.4613171369559712, 61: 1.4823763380635504, 62: 0.9678161231673365, 63: 0.49185888802609923, 64: 4.48188597308083, 65: 0.45583130288002227, 66: 4.971547965210258, 67: 6.9590515270556095, 68: 2.96712830670178, 69: 2.4657877019773933, 70: 3.965718696624582, 71: 0.9568108328835284, 72: 0.4954485744047543, 73: 2.9959726308641965, 74: 3.46976906090381, 75: 4.478808271219467, 76: 1.4751551529519127, 77: 0.48108863189847284, 78: 2.464623637887442, 79: 3.975796314601906, 80: 0.9858439597311066, 81: 3.475029521992169, 82: 2.48173277509765, 83: 3.467216736221119, 84: 3.978165708993589, 85: 1.9681456201941483, 86: 0.987617168501111, 87: 2.9775823147239775, 88: 1.9707064649840846, 89: 1.0, 90: 6.980532991229106, 91: 5.47077352624847, 92: 0.9508388667647485, 93: 3.4715369684060526, 94: 0.46674202709239276, 95: 0.46638938233980776, 96: 0.9813176515749644, 97: 5.455204356556158, 98: 1.9957859888699265, 99: 1.4638610706569564}
2025-01-27 08:46:49 - WARNING  - Sum of s_i: 266.4943525625763
2025-01-27 08:47:12 - WARNING  - Epoch:   114. Accuracy: Top-1: 63.10 | Loss: value: 1.04
2025-01-27 08:47:12 - WARNING  - Epoch 114
2025-01-27 08:47:12 - WARNING  - s_i: {0: 3.967840012040763, 1: 2.4904967932150943, 2: 4.47576181134746, 3: 1.973234761492023, 4: 3.962838372391475, 5: 0.973148645760082, 6: 4.473878768384645, 7: 0.478826524067117, 8: 0.9869968865815775, 9: 1.4702913606140093, 10: 0.46752305743733147, 11: 0.49110009189126197, 12: 2.4553667161940362, 13: 4.979918497665658, 14: 1.4794750234252727, 15: 1.4681208074216947, 16: 3.4792795117311996, 17: 0.475267083127193, 18: 3.960939585748164, 19: 0.9515016150660625, 20: 3.4757774249986664, 21: 1.4863248881700175, 22: 2.9912829705023722, 23: 0.9654266410206844, 24: 3.4703792314931174, 25: 2.980982702418551, 26: 2.4704416405368756, 27: 0.9812013832268357, 28: 4.453291189122224, 29: 3.4674980648028764, 30: 0.48781355043536045, 31: 3.491115143938889, 32: 3.9700363858836765, 33: 4.4575263873812405, 34: 1.0, 35: 1.9655299385055063, 36: 3.4669507249817886, 37: 0.9639603699569688, 38: 3.4789632326958664, 39: 1.491633752140457, 40: 0.9657041394662085, 41: 2.977361937278494, 42: 3.9734286794462212, 43: 3.4550679881518143, 44: 0.48752060971897304, 45: 3.98646864103493, 46: 3.9866128608955593, 47: 5.480409176249839, 48: 5.480455186799283, 49: 4.9903886996189115, 50: 2.455579918186076, 51: 0.47011361187206235, 52: 5.986714665047434, 53: 2.487221176519881, 54: 2.4834840042481905, 55: 0.48014297782115056, 56: 0.9749223230733963, 57: 2.4666797256744752, 58: 2.9771543936189016, 59: 2.4827498555145144, 60: 1.4613171369559712, 61: 1.4823763380635504, 62: 0.9678161231673365, 63: 0.49185888802609923, 64: 4.48188597308083, 65: 0.45583130288002227, 66: 4.971547965210258, 67: 6.9590515270556095, 68: 0.9630193450395002, 69: 2.4657877019773933, 70: 1.460821367570948, 71: 0.9568108328835284, 72: 0.4954485744047543, 73: 2.9959726308641965, 74: 3.46976906090381, 75: 4.478808271219467, 76: 1.4751551529519127, 77: 0.48108863189847284, 78: 2.464623637887442, 79: 3.975796314601906, 80: 0.9858439597311066, 81: 3.475029521992169, 82: 2.48173277509765, 83: 3.467216736221119, 84: 3.978165708993589, 85: 1.9681456201941483, 86: 0.987617168501111, 87: 2.9775823147239775, 88: 1.9707064649840846, 89: 1.0, 90: 6.980532991229106, 91: 5.47077352624847, 92: 0.9508388667647485, 93: 3.4715369684060526, 94: 0.46674202709239276, 95: 0.46638938233980776, 96: 0.9813176515749644, 97: 5.455204356556158, 98: 1.9957859888699265, 99: 1.4638610706569564}
2025-01-27 08:47:12 - WARNING  - Sum of s_i: 253.97593199487096
2025-01-27 08:47:37 - WARNING  - Epoch:   115. Accuracy: Top-1: 63.63 | Loss: value: 1.01
2025-01-27 08:47:37 - WARNING  - Epoch 115
2025-01-27 08:47:37 - WARNING  - s_i: {0: 3.967840012040763, 1: 2.4904967932150943, 2: 4.47576181134746, 3: 1.973234761492023, 4: 3.962838372391475, 5: 0.973148645760082, 6: 4.473878768384645, 7: 0.478826524067117, 8: 0.9869968865815775, 9: 1.4702913606140093, 10: 0.46752305743733147, 11: 0.49110009189126197, 12: 2.4553667161940362, 13: 4.979918497665658, 14: 1.4794750234252727, 15: 1.4681208074216947, 16: 3.4792795117311996, 17: 0.475267083127193, 18: 3.960939585748164, 19: 0.9515016150660625, 20: 3.4757774249986664, 21: 1.4863248881700175, 22: 2.9912829705023722, 23: 0.9654266410206844, 24: 3.4703792314931174, 25: 2.980982702418551, 26: 2.4704416405368756, 27: 0.9812013832268357, 28: 4.453291189122224, 29: 3.4674980648028764, 30: 0.48781355043536045, 31: 3.491115143938889, 32: 2.9650424501976214, 33: 4.4575263873812405, 34: 1.0, 35: 1.9655299385055063, 36: 3.4669507249817886, 37: 0.9639603699569688, 38: 3.4789632326958664, 39: 1.491633752140457, 40: 0.9657041394662085, 41: 2.977361937278494, 42: 3.9734286794462212, 43: 3.4550679881518143, 44: 0.48752060971897304, 45: 3.98646864103493, 46: 3.9866128608955593, 47: 5.480409176249839, 48: 5.480455186799283, 49: 4.9903886996189115, 50: 2.455579918186076, 51: 0.47011361187206235, 52: 5.986714665047434, 53: 2.487221176519881, 54: 2.4834840042481905, 55: 0.48014297782115056, 56: 0.9749223230733963, 57: 2.4666797256744752, 58: 2.9771543936189016, 59: 2.4827498555145144, 60: 1.4613171369559712, 61: 1.4823763380635504, 62: 0.9678161231673365, 63: 0.49185888802609923, 64: 4.48188597308083, 65: 0.45583130288002227, 66: 4.971547965210258, 67: 6.9590515270556095, 68: 0.9630193450395002, 69: 2.4657877019773933, 70: 1.460821367570948, 71: 0.9568108328835284, 72: 0.4954485744047543, 73: 2.9959726308641965, 74: 3.46976906090381, 75: 4.478808271219467, 76: 1.4751551529519127, 77: 0.48108863189847284, 78: 2.464623637887442, 79: 3.975796314601906, 80: 0.9858439597311066, 81: 3.475029521992169, 82: 2.48173277509765, 83: 3.467216736221119, 84: 3.978165708993589, 85: 1.9681456201941483, 86: 0.987617168501111, 87: 2.9775823147239775, 88: 1.9707064649840846, 89: 1.0, 90: 6.980532991229106, 91: 5.47077352624847, 92: 0.9508388667647485, 93: 3.4715369684060526, 94: 0.46674202709239276, 95: 0.46638938233980776, 96: 0.9813176515749644, 97: 5.455204356556158, 98: 1.9957859888699265, 99: 1.4638610706569564}
2025-01-27 08:47:37 - WARNING  - Sum of s_i: 252.9709380591849
2025-01-27 08:48:02 - WARNING  - Epoch:   116. Accuracy: Top-1: 64.18 | Loss: value: 1.00
2025-01-27 08:48:02 - WARNING  - Epoch 116
2025-01-27 08:48:02 - WARNING  - s_i: {0: 3.967840012040763, 1: 2.4904967932150943, 2: 4.47576181134746, 3: 1.973234761492023, 4: 3.962838372391475, 5: 0.973148645760082, 6: 4.473878768384645, 7: 0.478826524067117, 8: 0.9869968865815775, 9: 1.4702913606140093, 10: 0.46752305743733147, 11: 0.49110009189126197, 12: 2.4553667161940362, 13: 4.979918497665658, 14: 1.4794750234252727, 15: 1.4681208074216947, 16: 3.4792795117311996, 17: 0.475267083127193, 18: 3.960939585748164, 19: 0.9515016150660625, 20: 3.4757774249986664, 21: 1.4863248881700175, 22: 2.9912829705023722, 23: 0.9654266410206844, 24: 3.4703792314931174, 25: 2.980982702418551, 26: 2.4704416405368756, 27: 0.9812013832268357, 28: 4.453291189122224, 29: 3.4674980648028764, 30: 0.48781355043536045, 31: 3.491115143938889, 32: 2.9650424501976214, 33: 4.4575263873812405, 34: 1.0, 35: 1.9655299385055063, 36: 3.4669507249817886, 37: 0.9639603699569688, 38: 3.4789632326958664, 39: 1.491633752140457, 40: 0.9657041394662085, 41: 2.977361937278494, 42: 3.9734286794462212, 43: 3.4550679881518143, 44: 0.48752060971897304, 45: 3.98646864103493, 46: 3.9866128608955593, 47: 5.480409176249839, 48: 5.480455186799283, 49: 4.9903886996189115, 50: 2.455579918186076, 51: 0.47011361187206235, 52: 5.986714665047434, 53: 2.487221176519881, 54: 2.4834840042481905, 55: 0.48014297782115056, 56: 0.9749223230733963, 57: 2.4666797256744752, 58: 2.9771543936189016, 59: 2.4827498555145144, 60: 1.4613171369559712, 61: 1.4823763380635504, 62: 0.9678161231673365, 63: 0.49185888802609923, 64: 4.48188597308083, 65: 0.45583130288002227, 66: 0.9668059594119693, 67: 6.9590515270556095, 68: 0.9630193450395002, 69: 2.4657877019773933, 70: 1.460821367570948, 71: 0.9568108328835284, 72: 0.4954485744047543, 73: 2.9959726308641965, 74: 3.46976906090381, 75: 4.478808271219467, 76: 1.4751551529519127, 77: 0.48108863189847284, 78: 2.464623637887442, 79: 3.975796314601906, 80: 0.9858439597311066, 81: 3.475029521992169, 82: 2.48173277509765, 83: 3.467216736221119, 84: 3.978165708993589, 85: 1.9681456201941483, 86: 0.987617168501111, 87: 2.9775823147239775, 88: 1.9707064649840846, 89: 1.0, 90: 6.980532991229106, 91: 5.47077352624847, 92: 0.9508388667647485, 93: 3.4715369684060526, 94: 0.46674202709239276, 95: 0.46638938233980776, 96: 0.9813176515749644, 97: 5.455204356556158, 98: 1.9957859888699265, 99: 1.4638610706569564}
2025-01-27 08:48:02 - WARNING  - Sum of s_i: 248.96619605338662
2025-01-27 08:48:26 - WARNING  - Epoch:   117. Accuracy: Top-1: 62.14 | Loss: value: 1.05
2025-01-27 08:48:26 - WARNING  - Epoch 117
2025-01-27 08:48:26 - WARNING  - s_i: {0: 3.967840012040763, 1: 2.4904967932150943, 2: 4.47576181134746, 3: 1.973234761492023, 4: 3.962838372391475, 5: 0.973148645760082, 6: 4.473878768384645, 7: 0.478826524067117, 8: 0.9869968865815775, 9: 1.4702913606140093, 10: 0.46752305743733147, 11: 0.49110009189126197, 12: 2.4553667161940362, 13: 2.475902197198793, 14: 1.4794750234252727, 15: 1.4681208074216947, 16: 3.4792795117311996, 17: 0.475267083127193, 18: 3.960939585748164, 19: 0.9515016150660625, 20: 3.4757774249986664, 21: 1.4863248881700175, 22: 2.9912829705023722, 23: 0.9654266410206844, 24: 3.4703792314931174, 25: 2.980982702418551, 26: 2.4704416405368756, 27: 0.9812013832268357, 28: 4.453291189122224, 29: 3.4674980648028764, 30: 0.48781355043536045, 31: 3.491115143938889, 32: 2.9650424501976214, 33: 4.4575263873812405, 34: 1.0, 35: 1.9655299385055063, 36: 3.4669507249817886, 37: 0.9639603699569688, 38: 3.4789632326958664, 39: 1.491633752140457, 40: 0.9657041394662085, 41: 2.977361937278494, 42: 3.9734286794462212, 43: 3.4550679881518143, 44: 0.48752060971897304, 45: 3.98646864103493, 46: 3.9866128608955593, 47: 5.480409176249839, 48: 5.480455186799283, 49: 4.9903886996189115, 50: 2.455579918186076, 51: 0.47011361187206235, 52: 5.986714665047434, 53: 2.487221176519881, 54: 2.4834840042481905, 55: 0.48014297782115056, 56: 0.9749223230733963, 57: 2.4666797256744752, 58: 2.9771543936189016, 59: 2.4827498555145144, 60: 1.4613171369559712, 61: 1.4823763380635504, 62: 0.9678161231673365, 63: 0.49185888802609923, 64: 4.48188597308083, 65: 0.45583130288002227, 66: 0.9668059594119693, 67: 6.9590515270556095, 68: 0.9630193450395002, 69: 2.4657877019773933, 70: 1.460821367570948, 71: 0.9568108328835284, 72: 0.4954485744047543, 73: 2.9959726308641965, 74: 2.96545035531864, 75: 4.478808271219467, 76: 1.4751551529519127, 77: 0.48108863189847284, 78: 2.464623637887442, 79: 3.975796314601906, 80: 0.9858439597311066, 81: 3.475029521992169, 82: 2.48173277509765, 83: 3.467216736221119, 84: 3.978165708993589, 85: 1.9681456201941483, 86: 0.987617168501111, 87: 2.9775823147239775, 88: 1.9707064649840846, 89: 1.0, 90: 6.980532991229106, 91: 5.47077352624847, 92: 0.9508388667647485, 93: 3.4715369684060526, 94: 0.46674202709239276, 95: 0.46638938233980776, 96: 0.9813176515749644, 97: 2.9502270628401734, 98: 1.9957859888699265, 99: 1.4638610706569564}
2025-01-27 08:48:26 - WARNING  - Sum of s_i: 243.45288375361858
2025-01-27 08:48:51 - WARNING  - Epoch:   118. Accuracy: Top-1: 63.97 | Loss: value: 1.00
2025-01-27 08:48:51 - WARNING  - Epoch 118
2025-01-27 08:48:51 - WARNING  - s_i: {0: 3.967840012040763, 1: 2.4904967932150943, 2: 4.47576181134746, 3: 1.973234761492023, 4: 3.962838372391475, 5: 0.973148645760082, 6: 4.473878768384645, 7: 0.478826524067117, 8: 0.9869968865815775, 9: 1.4702913606140093, 10: 0.46752305743733147, 11: 0.49110009189126197, 12: 2.4553667161940362, 13: 2.475902197198793, 14: 1.4794750234252727, 15: 1.4681208074216947, 16: 3.4792795117311996, 17: 0.475267083127193, 18: 3.960939585748164, 19: 0.9515016150660625, 20: 1.470932909998397, 21: 1.4863248881700175, 22: 2.9912829705023722, 23: 0.9654266410206844, 24: 3.4703792314931174, 25: 2.980982702418551, 26: 2.4704416405368756, 27: 0.9812013832268357, 28: 4.453291189122224, 29: 3.4674980648028764, 30: 0.48781355043536045, 31: 3.491115143938889, 32: 2.9650424501976214, 33: 4.4575263873812405, 34: 1.0, 35: 1.9655299385055063, 36: 3.4669507249817886, 37: 0.9639603699569688, 38: 3.4789632326958664, 39: 1.491633752140457, 40: 0.9657041394662085, 41: 2.977361937278494, 42: 3.9734286794462212, 43: 3.4550679881518143, 44: 0.48752060971897304, 45: 3.98646864103493, 46: 3.9866128608955593, 47: 5.480409176249839, 48: 5.480455186799283, 49: 4.9903886996189115, 50: 2.455579918186076, 51: 0.47011361187206235, 52: 5.986714665047434, 53: 2.487221176519881, 54: 2.4834840042481905, 55: 0.48014297782115056, 56: 0.9749223230733963, 57: 2.4666797256744752, 58: 2.9771543936189016, 59: 2.4827498555145144, 60: 1.4613171369559712, 61: 1.4823763380635504, 62: 0.9678161231673365, 63: 0.49185888802609923, 64: 4.48188597308083, 65: 0.45583130288002227, 66: 0.9668059594119693, 67: 6.9590515270556095, 68: 0.9630193450395002, 69: 2.4657877019773933, 70: 1.460821367570948, 71: 0.9568108328835284, 72: 0.4954485744047543, 73: 2.9959726308641965, 74: 2.96545035531864, 75: 4.478808271219467, 76: 1.4751551529519127, 77: 0.48108863189847284, 78: 2.464623637887442, 79: 3.975796314601906, 80: 0.9858439597311066, 81: 3.475029521992169, 82: 2.48173277509765, 83: 3.467216736221119, 84: 4.973798850792307, 85: 1.9681456201941483, 86: 0.987617168501111, 87: 2.9775823147239775, 88: 1.9707064649840846, 89: 1.0, 90: 6.980532991229106, 91: 5.47077352624847, 92: 0.9508388667647485, 93: 3.4715369684060526, 94: 0.46674202709239276, 95: 0.46638938233980776, 96: 0.9813176515749644, 97: 2.9502270628401734, 98: 1.9957859888699265, 99: 1.4638610706569564}
2025-01-27 08:48:51 - WARNING  - Sum of s_i: 242.44367238041704
2025-01-27 08:49:16 - WARNING  - Epoch:   119. Accuracy: Top-1: 64.93 | Loss: value: 0.97
2025-01-27 08:49:16 - WARNING  - Epoch 119
2025-01-27 08:49:16 - WARNING  - s_i: {0: 3.967840012040763, 1: 2.4904967932150943, 2: 4.47576181134746, 3: 1.973234761492023, 4: 3.962838372391475, 5: 0.973148645760082, 6: 4.473878768384645, 7: 0.478826524067117, 8: 0.9869968865815775, 9: 1.4702913606140093, 10: 0.46752305743733147, 11: 0.49110009189126197, 12: 2.4553667161940362, 13: 2.475902197198793, 14: 1.4794750234252727, 15: 1.4681208074216947, 16: 3.4792795117311996, 17: 0.475267083127193, 18: 3.960939585748164, 19: 0.9515016150660625, 20: 1.470932909998397, 21: 1.4863248881700175, 22: 2.9912829705023722, 23: 0.9654266410206844, 24: 3.4703792314931174, 25: 2.980982702418551, 26: 2.4704416405368756, 27: 0.9812013832268357, 28: 4.453291189122224, 29: 3.4674980648028764, 30: 0.48781355043536045, 31: 3.491115143938889, 32: 2.9650424501976214, 33: 4.4575263873812405, 34: 1.0, 35: 1.9655299385055063, 36: 3.4669507249817886, 37: 0.9639603699569688, 38: 3.4789632326958664, 39: 1.491633752140457, 40: 0.9657041394662085, 41: 2.977361937278494, 42: 3.9734286794462212, 43: 3.4550679881518143, 44: 0.48752060971897304, 45: 3.98646864103493, 46: 3.9866128608955593, 47: 5.480409176249839, 48: 5.480455186799283, 49: 4.9903886996189115, 50: 2.455579918186076, 51: 0.47011361187206235, 52: 5.986714665047434, 53: 2.487221176519881, 54: 2.4834840042481905, 55: 0.48014297782115056, 56: 0.9749223230733963, 57: 2.4666797256744752, 58: 2.9771543936189016, 59: 2.4827498555145144, 60: 1.4613171369559712, 61: 1.4823763380635504, 62: 0.9678161231673365, 63: 0.49185888802609923, 64: 4.48188597308083, 65: 0.45583130288002227, 66: 0.9668059594119693, 67: 6.9590515270556095, 68: 0.9630193450395002, 69: 2.4657877019773933, 70: 1.460821367570948, 71: 0.9568108328835284, 72: 0.4954485744047543, 73: 2.9959726308641965, 74: 2.96545035531864, 75: 4.478808271219467, 76: 1.4751551529519127, 77: 0.48108863189847284, 78: 2.464623637887442, 79: 3.975796314601906, 80: 0.9858439597311066, 81: 3.475029521992169, 82: 2.48173277509765, 83: 3.467216736221119, 84: 4.973798850792307, 85: 1.9681456201941483, 86: 0.987617168501111, 87: 2.9775823147239775, 88: 1.9707064649840846, 89: 1.0, 90: 6.980532991229106, 91: 5.47077352624847, 92: 0.9508388667647485, 93: 3.4715369684060526, 94: 0.46674202709239276, 95: 0.46638938233980776, 96: 0.9813176515749644, 97: 2.9502270628401734, 98: 1.9957859888699265, 99: 1.4638610706569564}
2025-01-27 08:49:16 - WARNING  - Sum of s_i: 242.44367238041704
2025-01-27 08:49:39 - WARNING  - Epoch:   120. Accuracy: Top-1: 64.71 | Loss: value: 0.99
2025-01-27 08:49:39 - WARNING  - Epoch 120
2025-01-27 08:49:39 - WARNING  - s_i: {0: 3.967840012040763, 1: 2.4904967932150943, 2: 4.47576181134746, 3: 1.973234761492023, 4: 3.962838372391475, 5: 0.973148645760082, 6: 4.473878768384645, 7: 0.478826524067117, 8: 0.9869968865815775, 9: 1.4702913606140093, 10: 0.46752305743733147, 11: 0.49110009189126197, 12: 2.4553667161940362, 13: 2.475902197198793, 14: 1.4794750234252727, 15: 1.4681208074216947, 16: 3.4792795117311996, 17: 0.475267083127193, 18: 3.960939585748164, 19: 0.9515016150660625, 20: 1.470932909998397, 21: 1.4863248881700175, 22: 2.9912829705023722, 23: 0.9654266410206844, 24: 3.4703792314931174, 25: 2.980982702418551, 26: 2.4704416405368756, 27: 0.9812013832268357, 28: 4.453291189122224, 29: 3.4674980648028764, 30: 0.48781355043536045, 31: 3.491115143938889, 32: 2.9650424501976214, 33: 4.4575263873812405, 34: 1.0, 35: 1.9655299385055063, 36: 3.4669507249817886, 37: 0.9639603699569688, 38: 3.4789632326958664, 39: 1.491633752140457, 40: 0.9657041394662085, 41: 2.977361937278494, 42: 3.9734286794462212, 43: 3.4550679881518143, 44: 0.48752060971897304, 45: 3.98646864103493, 46: 3.9866128608955593, 47: 5.480409176249839, 48: 5.480455186799283, 49: 4.9903886996189115, 50: 2.455579918186076, 51: 0.47011361187206235, 52: 5.986714665047434, 53: 2.487221176519881, 54: 2.4834840042481905, 55: 0.48014297782115056, 56: 0.9749223230733963, 57: 2.4666797256744752, 58: 2.9771543936189016, 59: 2.4827498555145144, 60: 1.4613171369559712, 61: 1.4823763380635504, 62: 0.9678161231673365, 63: 0.49185888802609923, 64: 4.48188597308083, 65: 0.45583130288002227, 66: 0.9668059594119693, 67: 6.9590515270556095, 68: 0.9630193450395002, 69: 2.4657877019773933, 70: 1.460821367570948, 71: 0.9568108328835284, 72: 0.4954485744047543, 73: 2.9959726308641965, 74: 2.96545035531864, 75: 4.478808271219467, 76: 1.4751551529519127, 77: 0.48108863189847284, 78: 2.464623637887442, 79: 3.975796314601906, 80: 0.9858439597311066, 81: 3.475029521992169, 82: 2.48173277509765, 83: 3.467216736221119, 84: 4.973798850792307, 85: 1.9681456201941483, 86: 0.987617168501111, 87: 2.9775823147239775, 88: 1.9707064649840846, 89: 1.0, 90: 6.980532991229106, 91: 5.47077352624847, 92: 0.9508388667647485, 93: 3.4715369684060526, 94: 0.46674202709239276, 95: 0.46638938233980776, 96: 0.9813176515749644, 97: 2.9502270628401734, 98: 1.9957859888699265, 99: 1.4638610706569564}
2025-01-27 08:49:39 - WARNING  - Sum of s_i: 242.44367238041704
2025-01-27 08:49:45 - WARNING  - The sum of accs: 65.0
2025-01-27 08:49:45 - WARNING  - The welfare is 64.89048636762996
2025-01-27 08:50:07 - WARNING  - Epoch:   121. Accuracy: Top-1: 66.39 | Loss: value: 0.95
2025-01-27 08:50:07 - WARNING  - Epoch 121
2025-01-27 08:50:07 - WARNING  - s_i: {0: 3.967840012040763, 1: 2.4904967932150943, 2: 4.47576181134746, 3: 1.973234761492023, 4: 3.962838372391475, 5: 2.4686734200534266, 6: 4.473878768384645, 7: 0.478826524067117, 8: 0.9869968865815775, 9: 1.4702913606140093, 10: 0.9634634396169928, 11: 0.49110009189126197, 12: 2.4553667161940362, 13: 2.475902197198793, 14: 1.4794750234252727, 15: 1.4681208074216947, 16: 3.4792795117311996, 17: 3.471144930315055, 18: 3.960939585748164, 19: 0.9515016150660625, 20: 1.470932909998397, 21: 1.4863248881700175, 22: 2.9912829705023722, 23: 0.9654266410206844, 24: 3.4703792314931174, 25: 2.980982702418551, 26: 2.4704416405368756, 27: 0.9812013832268357, 28: 4.453291189122224, 29: 3.4674980648028764, 30: 0.48781355043536045, 31: 1.4866727159083277, 32: 4.960048514511564, 33: 4.4575263873812405, 34: 1.0, 35: 1.9655299385055063, 36: 3.4669507249817886, 37: 0.9639603699569688, 38: 3.4789632326958664, 39: 1.491633752140457, 40: 0.9657041394662085, 41: 2.977361937278494, 42: 3.9734286794462212, 43: 3.4550679881518143, 44: 0.48752060971897304, 45: 3.98646864103493, 46: 3.9866128608955593, 47: 5.480409176249839, 48: 5.480455186799283, 49: 4.9903886996189115, 50: 2.455579918186076, 51: 0.47011361187206235, 52: 5.986714665047434, 53: 2.487221176519881, 54: 2.4834840042481905, 55: 0.48014297782115056, 56: 0.9749223230733963, 57: 2.4666797256744752, 58: 2.9771543936189016, 59: 2.4827498555145144, 60: 1.4613171369559712, 61: 1.4823763380635504, 62: 0.9678161231673365, 63: 0.49185888802609923, 64: 4.48188597308083, 65: 0.45583130288002227, 66: 0.9668059594119693, 67: 6.9590515270556095, 68: 0.9630193450395002, 69: 2.4657877019773933, 70: 1.460821367570948, 71: 0.9568108328835284, 72: 0.4954485744047543, 73: 2.9959726308641965, 74: 2.96545035531864, 75: 4.478808271219467, 76: 1.4751551529519127, 77: 0.48108863189847284, 78: 2.464623637887442, 79: 3.975796314601906, 80: 0.9858439597311066, 81: 3.475029521992169, 82: 2.48173277509765, 83: 3.467216736221119, 84: 4.973798850792307, 85: 1.9681456201941483, 86: 0.987617168501111, 87: 0.973098777668771, 88: 1.9707064649840846, 89: 1.0, 90: 6.980532991229106, 91: 5.47077352624847, 92: 0.9508388667647485, 93: 3.4715369684060526, 94: 0.46674202709239276, 95: 0.46638938233980776, 96: 1.4766470644687082, 97: 2.9502270628401734, 98: 1.9957859888699265, 99: 1.4638610706569564}
2025-01-27 08:50:07 - WARNING  - Sum of s_i: 245.91242489619984
2025-01-27 08:50:31 - WARNING  - Epoch:   122. Accuracy: Top-1: 62.11 | Loss: value: 1.06
2025-01-27 08:50:31 - WARNING  - Epoch 122
2025-01-27 08:50:31 - WARNING  - s_i: {0: 3.967840012040763, 1: 2.4904967932150943, 2: 3.47091417361695, 3: 1.973234761492023, 4: 3.962838372391475, 5: 2.4686734200534266, 6: 2.469525229782083, 7: 0.478826524067117, 8: 0.9869968865815775, 9: 1.4702913606140093, 10: 0.9634634396169928, 11: 0.49110009189126197, 12: 2.4553667161940362, 13: 2.475902197198793, 14: 1.4794750234252727, 15: 1.4681208074216947, 16: 3.4792795117311996, 17: 3.471144930315055, 18: 3.960939585748164, 19: 0.9515016150660625, 20: 1.470932909998397, 21: 1.4863248881700175, 22: 2.9912829705023722, 23: 0.9654266410206844, 24: 3.4703792314931174, 25: 2.980982702418551, 26: 2.4704416405368756, 27: 0.9812013832268357, 28: 4.453291189122224, 29: 3.4674980648028764, 30: 0.48781355043536045, 31: 1.4866727159083277, 32: 4.960048514511564, 33: 4.4575263873812405, 34: 1.0, 35: 1.9655299385055063, 36: 3.4669507249817886, 37: 1.95995596661885, 38: 3.4789632326958664, 39: 1.491633752140457, 40: 0.9657041394662085, 41: 2.977361937278494, 42: 3.9734286794462212, 43: 3.4550679881518143, 44: 0.48752060971897304, 45: 1.4819581880465713, 46: 3.9866128608955593, 47: 5.480409176249839, 48: 5.480455186799283, 49: 4.9903886996189115, 50: 2.455579918186076, 51: 0.47011361187206235, 52: 5.986714665047434, 53: 2.487221176519881, 54: 2.4834840042481905, 55: 0.48014297782115056, 56: 0.9749223230733963, 57: 2.4666797256744752, 58: 2.9771543936189016, 59: 2.4827498555145144, 60: 1.4613171369559712, 61: 1.4823763380635504, 62: 0.9678161231673365, 63: 0.49185888802609923, 64: 4.48188597308083, 65: 0.45583130288002227, 66: 0.9668059594119693, 67: 6.9590515270556095, 68: 0.9630193450395002, 69: 2.4657877019773933, 70: 1.460821367570948, 71: 0.9568108328835284, 72: 0.4954485744047543, 73: 2.9959726308641965, 74: 2.96545035531864, 75: 4.478808271219467, 76: 1.4751551529519127, 77: 0.48108863189847284, 78: 2.464623637887442, 79: 3.975796314601906, 80: 0.9858439597311066, 81: 3.475029521992169, 82: 2.48173277509765, 83: 0.46253341282413407, 84: 4.973798850792307, 85: 1.9681456201941483, 86: 0.987617168501111, 87: 0.973098777668771, 88: 1.9707064649840846, 89: 1.0, 90: 6.980532991229106, 91: 5.47077352624847, 92: 0.9508388667647485, 93: 3.4715369684060526, 94: 0.46674202709239276, 95: 0.46638938233980776, 96: 4.9719764773624435, 97: 2.9502270628401734, 98: 1.9957859888699265, 99: 1.4638610706569564}
2025-01-27 08:50:31 - WARNING  - Sum of s_i: 241.88535495303702
2025-01-27 08:50:54 - WARNING  - Epoch:   123. Accuracy: Top-1: 66.05 | Loss: value: 0.96
2025-01-27 08:50:54 - WARNING  - Epoch 123
2025-01-27 08:50:54 - WARNING  - s_i: {0: 3.967840012040763, 1: 2.4904967932150943, 2: 3.47091417361695, 3: 1.973234761492023, 4: 3.962838372391475, 5: 2.4686734200534266, 6: 2.469525229782083, 7: 0.478826524067117, 8: 0.9869968865815775, 9: 1.4702913606140093, 10: 0.9634634396169928, 11: 0.49110009189126197, 12: 2.4553667161940362, 13: 2.475902197198793, 14: 1.4794750234252727, 15: 1.4681208074216947, 16: 3.4792795117311996, 17: 3.471144930315055, 18: 3.960939585748164, 19: 0.9515016150660625, 20: 1.470932909998397, 21: 1.4863248881700175, 22: 2.9912829705023722, 23: 0.9654266410206844, 24: 3.4703792314931174, 25: 2.980982702418551, 26: 2.4704416405368756, 27: 0.9812013832268357, 28: 4.453291189122224, 29: 3.4674980648028764, 30: 0.48781355043536045, 31: 1.4866727159083277, 32: 4.960048514511564, 33: 4.4575263873812405, 34: 1.0, 35: 1.9655299385055063, 36: 3.4669507249817886, 37: 1.95995596661885, 38: 3.4789632326958664, 39: 1.491633752140457, 40: 0.9657041394662085, 41: 2.977361937278494, 42: 3.9734286794462212, 43: 3.4550679881518143, 44: 0.48752060971897304, 45: 1.4819581880465713, 46: 3.9866128608955593, 47: 5.480409176249839, 48: 5.480455186799283, 49: 4.9903886996189115, 50: 2.455579918186076, 51: 0.47011361187206235, 52: 5.986714665047434, 53: 2.487221176519881, 54: 2.4834840042481905, 55: 0.48014297782115056, 56: 0.9749223230733963, 57: 2.4666797256744752, 58: 2.9771543936189016, 59: 2.4827498555145144, 60: 1.4613171369559712, 61: 1.4823763380635504, 62: 0.9678161231673365, 63: 0.49185888802609923, 64: 4.48188597308083, 65: 0.45583130288002227, 66: 0.9668059594119693, 67: 6.9590515270556095, 68: 0.9630193450395002, 69: 2.4657877019773933, 70: 1.460821367570948, 71: 0.9568108328835284, 72: 0.4954485744047543, 73: 2.9959726308641965, 74: 2.96545035531864, 75: 4.478808271219467, 76: 1.4751551529519127, 77: 0.48108863189847284, 78: 2.464623637887442, 79: 3.975796314601906, 80: 0.9858439597311066, 81: 3.475029521992169, 82: 2.48173277509765, 83: 0.46253341282413407, 84: 2.969431992591023, 85: 1.9681456201941483, 86: 0.987617168501111, 87: 0.973098777668771, 88: 1.9707064649840846, 89: 1.0, 90: 6.980532991229106, 91: 5.47077352624847, 92: 0.9508388667647485, 93: 3.4715369684060526, 94: 0.46674202709239276, 95: 0.46638938233980776, 96: 4.9719764773624435, 97: 2.9502270628401734, 98: 1.9957859888699265, 99: 1.4638610706569564}
2025-01-27 08:50:54 - WARNING  - Sum of s_i: 239.88098809483574
2025-01-27 08:51:17 - WARNING  - Epoch:   124. Accuracy: Top-1: 65.62 | Loss: value: 0.96
2025-01-27 08:51:17 - WARNING  - Epoch 124
2025-01-27 08:51:17 - WARNING  - s_i: {0: 3.967840012040763, 1: 2.4904967932150943, 2: 3.47091417361695, 3: 1.973234761492023, 4: 3.962838372391475, 5: 2.4686734200534266, 6: 2.469525229782083, 7: 0.478826524067117, 8: 0.9869968865815775, 9: 1.4702913606140093, 10: 0.9634634396169928, 11: 0.49110009189126197, 12: 2.4553667161940362, 13: 2.475902197198793, 14: 1.4794750234252727, 15: 1.4681208074216947, 16: 3.4792795117311996, 17: 3.471144930315055, 18: 3.960939585748164, 19: 0.9515016150660625, 20: 1.470932909998397, 21: 1.4863248881700175, 22: 2.9912829705023722, 23: 0.9654266410206844, 24: 3.4703792314931174, 25: 2.980982702418551, 26: 2.4704416405368756, 27: 0.9812013832268357, 28: 4.453291189122224, 29: 3.4674980648028764, 30: 0.48781355043536045, 31: 1.4866727159083277, 32: 4.960048514511564, 33: 4.4575263873812405, 34: 1.0, 35: 1.9655299385055063, 36: 3.4669507249817886, 37: 1.95995596661885, 38: 3.4789632326958664, 39: 1.491633752140457, 40: 0.9657041394662085, 41: 2.977361937278494, 42: 3.9734286794462212, 43: 3.4550679881518143, 44: 0.48752060971897304, 45: 1.4819581880465713, 46: 3.9866128608955593, 47: 5.480409176249839, 48: 5.480455186799283, 49: 4.9903886996189115, 50: 2.455579918186076, 51: 0.47011361187206235, 52: 5.986714665047434, 53: 2.487221176519881, 54: 2.4834840042481905, 55: 0.48014297782115056, 56: 0.9749223230733963, 57: 2.4666797256744752, 58: 2.9771543936189016, 59: 2.4827498555145144, 60: 1.4613171369559712, 61: 1.4823763380635504, 62: 0.9678161231673365, 63: 0.49185888802609923, 64: 4.48188597308083, 65: 0.45583130288002227, 66: 0.9668059594119693, 67: 6.9590515270556095, 68: 0.9630193450395002, 69: 2.4657877019773933, 70: 1.460821367570948, 71: 0.9568108328835284, 72: 0.4954485744047543, 73: 2.9959726308641965, 74: 2.96545035531864, 75: 4.478808271219467, 76: 1.4751551529519127, 77: 0.48108863189847284, 78: 2.464623637887442, 79: 3.975796314601906, 80: 0.9858439597311066, 81: 3.475029521992169, 82: 2.48173277509765, 83: 0.46253341282413407, 84: 2.969431992591023, 85: 1.9681456201941483, 86: 0.987617168501111, 87: 0.973098777668771, 88: 1.9707064649840846, 89: 1.0, 90: 6.980532991229106, 91: 5.47077352624847, 92: 0.9508388667647485, 93: 3.4715369684060526, 94: 0.46674202709239276, 95: 0.46638938233980776, 96: 4.9719764773624435, 97: 2.9502270628401734, 98: 1.9957859888699265, 99: 1.4638610706569564}
2025-01-27 08:51:17 - WARNING  - Sum of s_i: 239.88098809483574
2025-01-27 08:51:42 - WARNING  - Epoch:   125. Accuracy: Top-1: 63.00 | Loss: value: 1.04
2025-01-27 08:51:42 - WARNING  - Epoch 125
2025-01-27 08:51:42 - WARNING  - s_i: {0: 3.967840012040763, 1: 2.4904967932150943, 2: 3.47091417361695, 3: 1.973234761492023, 4: 3.962838372391475, 5: 2.4686734200534266, 6: 2.469525229782083, 7: 0.478826524067117, 8: 0.9869968865815775, 9: 1.4702913606140093, 10: 0.9634634396169928, 11: 0.49110009189126197, 12: 2.4553667161940362, 13: 0.971885896731929, 14: 1.4794750234252727, 15: 1.4681208074216947, 16: 3.4792795117311996, 17: 3.471144930315055, 18: 3.960939585748164, 19: 0.9515016150660625, 20: 1.470932909998397, 21: 1.4863248881700175, 22: 2.9912829705023722, 23: 0.9654266410206844, 24: 3.4703792314931174, 25: 2.980982702418551, 26: 2.4704416405368756, 27: 0.9812013832268357, 28: 4.453291189122224, 29: 3.4674980648028764, 30: 0.48781355043536045, 31: 1.4866727159083277, 32: 4.960048514511564, 33: 4.4575263873812405, 34: 1.0, 35: 1.9655299385055063, 36: 3.4669507249817886, 37: 1.95995596661885, 38: 3.4789632326958664, 39: 1.491633752140457, 40: 0.9657041394662085, 41: 2.977361937278494, 42: 3.9734286794462212, 43: 3.4550679881518143, 44: 0.48752060971897304, 45: 1.4819581880465713, 46: 3.9866128608955593, 47: 5.480409176249839, 48: 5.480455186799283, 49: 4.9903886996189115, 50: 2.455579918186076, 51: 0.47011361187206235, 52: 5.986714665047434, 53: 2.487221176519881, 54: 2.4834840042481905, 55: 0.48014297782115056, 56: 0.9749223230733963, 57: 2.4666797256744752, 58: 2.9771543936189016, 59: 2.4827498555145144, 60: 1.4613171369559712, 61: 1.4823763380635504, 62: 0.9678161231673365, 63: 0.49185888802609923, 64: 4.48188597308083, 65: 0.45583130288002227, 66: 0.9668059594119693, 67: 6.9590515270556095, 68: 0.9630193450395002, 69: 2.4657877019773933, 70: 1.460821367570948, 71: 0.9568108328835284, 72: 0.4954485744047543, 73: 2.9959726308641965, 74: 2.96545035531864, 75: 4.478808271219467, 76: 1.4751551529519127, 77: 0.48108863189847284, 78: 2.464623637887442, 79: 3.975796314601906, 80: 0.9858439597311066, 81: 3.475029521992169, 82: 2.48173277509765, 83: 0.46253341282413407, 84: 2.969431992591023, 85: 1.9681456201941483, 86: 0.987617168501111, 87: 0.973098777668771, 88: 1.9707064649840846, 89: 1.0, 90: 6.980532991229106, 91: 5.47077352624847, 92: 0.9508388667647485, 93: 3.4715369684060526, 94: 0.46674202709239276, 95: 0.46638938233980776, 96: 4.9719764773624435, 97: 2.9502270628401734, 98: 1.9957859888699265, 99: 1.4638610706569564}
2025-01-27 08:51:42 - WARNING  - Sum of s_i: 238.37697179436887
2025-01-27 08:52:07 - WARNING  - Epoch:   126. Accuracy: Top-1: 64.12 | Loss: value: 1.02
2025-01-27 08:52:07 - WARNING  - Epoch 126
2025-01-27 08:52:07 - WARNING  - s_i: {0: 3.967840012040763, 1: 2.4904967932150943, 2: 3.47091417361695, 3: 1.973234761492023, 4: 3.962838372391475, 5: 2.4686734200534266, 6: 2.469525229782083, 7: 0.478826524067117, 8: 0.9869968865815775, 9: 1.4702913606140093, 10: 0.9634634396169928, 11: 0.49110009189126197, 12: 2.4553667161940362, 13: 0.971885896731929, 14: 1.4794750234252727, 15: 1.4681208074216947, 16: 3.4792795117311996, 17: 3.471144930315055, 18: 3.960939585748164, 19: 0.9515016150660625, 20: 1.470932909998397, 21: 1.4863248881700175, 22: 2.9912829705023722, 23: 0.9654266410206844, 24: 3.4703792314931174, 25: 2.980982702418551, 26: 2.4704416405368756, 27: 0.9812013832268357, 28: 4.453291189122224, 29: 3.4674980648028764, 30: 0.48781355043536045, 31: 1.4866727159083277, 32: 1.4550545788255063, 33: 4.4575263873812405, 34: 1.0, 35: 1.9655299385055063, 36: 3.4669507249817886, 37: 1.95995596661885, 38: 3.97475587923504, 39: 1.491633752140457, 40: 0.9657041394662085, 41: 2.977361937278494, 42: 3.9734286794462212, 43: 3.4550679881518143, 44: 0.48752060971897304, 45: 1.4819581880465713, 46: 3.9866128608955593, 47: 5.975511470312299, 48: 5.480455186799283, 49: 4.9903886996189115, 50: 2.455579918186076, 51: 0.47011361187206235, 52: 5.986714665047434, 53: 2.487221176519881, 54: 2.4834840042481905, 55: 0.48014297782115056, 56: 0.9749223230733963, 57: 2.4666797256744752, 58: 2.9771543936189016, 59: 2.4827498555145144, 60: 1.4613171369559712, 61: 1.4823763380635504, 62: 0.9678161231673365, 63: 0.49185888802609923, 64: 4.48188597308083, 65: 0.45583130288002227, 66: 0.9668059594119693, 67: 6.9590515270556095, 68: 0.9630193450395002, 69: 2.4657877019773933, 70: 1.460821367570948, 71: 0.9568108328835284, 72: 0.4954485744047543, 73: 2.9959726308641965, 74: 2.96545035531864, 75: 4.478808271219467, 76: 1.4751551529519127, 77: 0.48108863189847284, 78: 2.464623637887442, 79: 3.975796314601906, 80: 0.9858439597311066, 81: 3.475029521992169, 82: 2.48173277509765, 83: 0.46253341282413407, 84: 2.969431992591023, 85: 1.9681456201941483, 86: 0.987617168501111, 87: 0.973098777668771, 88: 1.9707064649840846, 89: 1.0, 90: 6.980532991229106, 91: 5.47077352624847, 92: 0.9508388667647485, 93: 3.4715369684060526, 94: 0.46674202709239276, 95: 0.46638938233980776, 96: 4.9719764773624435, 97: 2.9502270628401734, 98: 1.9957859888699265, 99: 1.4638610706569564}
2025-01-27 08:52:07 - WARNING  - Sum of s_i: 235.86287279928445
2025-01-27 08:52:32 - WARNING  - Epoch:   127. Accuracy: Top-1: 64.05 | Loss: value: 1.01
2025-01-27 08:52:32 - WARNING  - Epoch 127
2025-01-27 08:52:32 - WARNING  - s_i: {0: 3.967840012040763, 1: 2.4904967932150943, 2: 3.47091417361695, 3: 1.973234761492023, 4: 3.962838372391475, 5: 2.4686734200534266, 6: 2.469525229782083, 7: 0.478826524067117, 8: 0.9869968865815775, 9: 1.4702913606140093, 10: 0.9634634396169928, 11: 0.49110009189126197, 12: 2.4553667161940362, 13: 0.971885896731929, 14: 1.4794750234252727, 15: 1.4681208074216947, 16: 3.4792795117311996, 17: 3.471144930315055, 18: 3.960939585748164, 19: 0.9515016150660625, 20: 1.470932909998397, 21: 1.4863248881700175, 22: 2.9912829705023722, 23: 0.9654266410206844, 24: 3.4703792314931174, 25: 2.980982702418551, 26: 0.9662190177564265, 27: 0.9812013832268357, 28: 4.453291189122224, 29: 3.4674980648028764, 30: 0.48781355043536045, 31: 1.4866727159083277, 32: 1.4550545788255063, 33: 4.4575263873812405, 34: 1.0, 35: 1.9655299385055063, 36: 3.4669507249817886, 37: 1.95995596661885, 38: 3.97475587923504, 39: 1.491633752140457, 40: 0.9657041394662085, 41: 1.9728343247341906, 42: 3.9734286794462212, 43: 3.4550679881518143, 44: 0.48752060971897304, 45: 1.4819581880465713, 46: 3.9866128608955593, 47: 5.975511470312299, 48: 5.480455186799283, 49: 4.9903886996189115, 50: 2.455579918186076, 51: 0.47011361187206235, 52: 5.986714665047434, 53: 2.487221176519881, 54: 2.4834840042481905, 55: 0.48014297782115056, 56: 0.9749223230733963, 57: 2.4666797256744752, 58: 2.9771543936189016, 59: 2.4827498555145144, 60: 1.4613171369559712, 61: 1.4823763380635504, 62: 0.9678161231673365, 63: 0.49185888802609923, 64: 4.48188597308083, 65: 0.45583130288002227, 66: 0.9668059594119693, 67: 6.9590515270556095, 68: 0.9630193450395002, 69: 2.4657877019773933, 70: 1.460821367570948, 71: 0.9568108328835284, 72: 0.4954485744047543, 73: 2.9959726308641965, 74: 2.96545035531864, 75: 4.478808271219467, 76: 1.4751551529519127, 77: 0.48108863189847284, 78: 2.464623637887442, 79: 3.975796314601906, 80: 0.9858439597311066, 81: 3.475029521992169, 82: 2.48173277509765, 83: 0.46253341282413407, 84: 2.969431992591023, 85: 1.9681456201941483, 86: 0.987617168501111, 87: 0.973098777668771, 88: 1.9707064649840846, 89: 1.0, 90: 6.980532991229106, 91: 5.47077352624847, 92: 0.9508388667647485, 93: 3.4715369684060526, 94: 0.46674202709239276, 95: 0.46638938233980776, 96: 4.9719764773624435, 97: 2.9502270628401734, 98: 1.9957859888699265, 99: 1.4638610706569564}
2025-01-27 08:52:32 - WARNING  - Sum of s_i: 233.3541225639597
{82: 0.050000000000000044, 44: -0.15000000000000013, 60: -0.20000000000000018, 87: -0.15000000000000013, 13: -0.5000000000000004, 1: -0.40000000000000036, 89: -0.4500000000000004, 35: -0.2500000000000002, 95: -0.2500000000000002, 83: -0.20000000000000018}
Length of Loader 100
{98: -0.3999999999999998, 99: -0.14999999999999958, 84: -0.15000000000000013, 70: -0.5000000000000004, 9: -0.24999999999999967, 85: -0.2500000000000002, 26: -0.34999999999999976, 89: -0.10000000000000009, 1: -0.3500000000000003, 30: -0.3999999999999998}
Length of Loader 100
{25: 0.15000000000000013, 54: -0.050000000000000044, 69: -0.2999999999999997, 29: 0.050000000000000044, 70: -0.24999999999999967, 93: -0.5499999999999994, 60: -0.24999999999999967, 33: -0.30000000000000027, 91: -0.6, 38: -0.7999999999999996}
Length of Loader 100
{71: 0.050000000000000044, 12: -0.44999999999999984, 17: -0.15000000000000013, 21: -0.24999999999999967, 28: -0.14999999999999958, 95: -0.49999999999999933, 25: -0.7499999999999996, 3: -0.6499999999999995, 83: -0.7999999999999996, 13: -0.7499999999999996}
Length of Loader 100
{82: -0.3500000000000003, 80: -0.2500000000000002, 0: -0.5000000000000004, 85: -0.65, 22: -1.0499999999999998, 52: -0.6000000000000005, 51: -0.2500000000000002, 34: -0.3500000000000003, 35: -0.30000000000000027, 6: -0.7500000000000001}
Length of Loader 100
{59: -0.8000000000000002, 20: -0.7500000000000001, 88: -0.7000000000000001, 16: -0.3999999999999998, 10: -0.2500000000000002, 80: -0.5499999999999999, 79: -0.65, 95: -0.8000000000000002, 92: -0.8000000000000002, 15: -0.9000000000000002}
Length of Loader 100
{20: -0.050000000000000044, 66: 0.2500000000000002, 89: -0.4999999999999999, 39: -0.30000000000000027, 54: -1.0999999999999999, 47: -0.6, 75: -0.2999999999999997, 82: -0.2999999999999997, 94: -0.3999999999999998, 56: -0.3999999999999998}
Length of Loader 100
{18: -0.5499999999999999, 56: 0.2999999999999997, 19: 0.04999999999999949, 92: -0.8500000000000002, 49: 0.2999999999999997, 16: 0.10000000000000009, 41: -1.3999999999999995, 34: -0.7000000000000001, 26: -0.7499999999999996, 30: -0.6499999999999995}
Length of Loader 100
{91: 0.24999999999999967, 56: -0.2999999999999997, 94: -0.3999999999999998, 79: -0.0500000000000006, 26: -0.2500000000000002, 39: -0.30000000000000027, 53: -0.4500000000000004, 59: -0.2500000000000002, 11: -0.2500000000000002, 23: -0.30000000000000027}
Length of Loader 100
{39: -0.15000000000000013, 12: -0.30000000000000027, 92: -0.20000000000000018, 37: 0.0, 98: -0.14999999999999958, 30: -0.30000000000000027, 4: 0.0, 35: -0.2500000000000002, 9: -0.24999999999999967, 75: -0.6}
Length of Loader 100
{50: -0.15000000000000013, 27: -0.15000000000000013, 25: -1.0500000000000003, 59: -0.34999999999999976, 40: -0.9000000000000002, 26: -0.4999999999999999, 31: -1.1499999999999995, 49: -0.8999999999999997, 61: -0.8000000000000002, 73: -1.1000000000000005}
Length of Loader 100
{27: -0.30000000000000027, 80: -0.20000000000000018, 79: -0.5000000000000004, 77: -0.3999999999999998, 83: -0.15000000000000013, 82: -0.6500000000000006, 40: -0.30000000000000027, 37: -0.4500000000000004, 96: -0.65, 16: -0.65}
Length of Loader 100
{29: -0.34999999999999976, 61: -0.15000000000000013, 19: 0.0, 54: -0.050000000000000044, 30: 0.20000000000000018, 98: 0.10000000000000009, 88: 0.10000000000000009, 57: 0.15000000000000013, 15: 0.10000000000000009, 3: 0.0}
Length of Loader 100
{87: 0.2500000000000002, 94: -0.050000000000000044, 18: 0.2500000000000002, 84: 0.2500000000000002, 70: 0.30000000000000027, 68: 0.20000000000000018, 75: 0.30000000000000027, 32: -0.050000000000000044, 16: 0.15000000000000013, 99: 0.0}
Length of Loader 100
{75: 0.0, 44: -0.15000000000000013, 99: -0.40000000000000036, 22: 0.0, 11: -0.30000000000000027, 30: -0.30000000000000027, 14: -0.30000000000000027, 24: 0.2500000000000002, 58: -0.5000000000000004, 46: -0.7000000000000006}
Length of Loader 100
{25: -0.8000000000000002, 17: -0.9500000000000003, 59: -0.8000000000000002, 22: -0.4999999999999999, 23: -0.3999999999999998, 19: -0.10000000000000009, 52: -0.9000000000000002, 16: -0.8000000000000002, 82: -0.9500000000000003, 87: -1.5000000000000002}
Length of Loader 100
{35: 0.0, 43: 0.050000000000000044, 13: -0.65, 52: -1.2, 86: -0.6499999999999995, 46: -1.9000000000000004, 16: -0.9000000000000002, 58: -1.75, 96: -0.7000000000000001, 6: -1.3000000000000003}
Length of Loader 100
{83: -0.5500000000000005, 5: -0.6000000000000005, 85: -0.7500000000000001, 23: -0.20000000000000018, 71: -0.6500000000000006, 8: -0.5000000000000004, 68: -0.20000000000000018, 70: -0.2500000000000002, 81: -0.7000000000000006, 51: -0.7000000000000006}
Length of Loader 100
{8: -0.34999999999999976, 30: -0.2999999999999997, 29: -0.44999999999999984, 72: -0.5499999999999999, 32: -0.10000000000000009, 89: -0.7000000000000001, 42: -0.5499999999999999, 52: -0.9000000000000002, 75: -0.9999999999999998, 45: -0.7999999999999996}
Length of Loader 100
{66: -0.3999999999999998, 32: -0.5499999999999999, 45: -0.9000000000000002, 51: -0.9000000000000002, 72: -0.8500000000000002, 90: -0.8499999999999996, 7: -0.4999999999999999, 50: -0.44999999999999984, 84: -1.0999999999999999, 63: -1.25}
Length of Loader 100
{0: -0.6, 42: -0.7000000000000006, 98: -0.7000000000000001, 35: -0.8499999999999996, 40: -0.6, 7: -0.44999999999999984, 55: -0.7000000000000001, 13: -0.24999999999999967, 97: -0.2500000000000002, 74: -0.050000000000000044}
Length of Loader 100
{84: 0.10000000000000009, 96: -1.0, 20: -0.20000000000000018, 88: -0.5500000000000005, 36: -0.65, 75: -0.44999999999999984, 43: -1.7500000000000004, 38: -1.6, 16: -2.1000000000000005, 25: -1.6}
Length of Loader 100
{19: -0.5500000000000005, 28: -1.1500000000000004, 18: -0.7500000000000007, 22: -0.3500000000000003, 58: -0.8000000000000002, 73: -0.7999999999999996, 44: -0.7500000000000001, 69: -0.8999999999999997, 52: -0.8000000000000002, 14: -1.3}
Length of Loader 100
{3: -0.5500000000000005, 80: -0.35000000000000087, 76: -0.4999999999999999, 20: -0.8000000000000002, 17: -0.9999999999999998, 4: -0.8000000000000007, 48: -1.0499999999999998, 74: -1.5499999999999992, 54: -1.4500000000000002, 57: -0.8000000000000002}
Length of Loader 100
{96: 0.050000000000000044, 17: 0.2999999999999997, 7: -0.1500000000000007, 10: 0.04999999999999949, 5: 0.14999999999999958, 32: 0.19999999999999962, 31: -0.20000000000000073, 87: -0.20000000000000018, 6: -0.6000000000000005, 71: -0.6500000000000006}
Length of Loader 100
{45: -0.2500000000000002, 51: -0.24999999999999967, 21: -0.20000000000000018, 37: 0.09999999999999953, 96: 0.3499999999999992, 2: -0.10000000000000009, 83: -0.30000000000000027, 6: -0.20000000000000018, 25: -0.7000000000000001, 57: -0.65}
Length of Loader 100
{84: -0.20000000000000018, 97: -0.65, 26: -0.7000000000000006, 2: -0.7000000000000001, 73: -1.0500000000000003, 86: -1.1000000000000005, 60: -0.9500000000000003, 31: -0.8500000000000002, 23: -0.7000000000000001, 77: -0.8000000000000002}
Length of Loader 100
{52: -1.2999999999999994, 54: -0.7500000000000001, 90: -1.2500000000000004, 73: -1.4500000000000004, 53: -1.6500000000000004, 6: -0.9000000000000002, 80: -1.1, 65: -1.1000000000000005, 51: -1.1, 44: -1.2000000000000002}
Length of Loader 100
{17: -0.8000000000000002, 13: -0.14999999999999958, 10: -0.8500000000000002, 20: -0.9500000000000003, 54: -0.3999999999999998, 58: -0.6, 24: -0.5999999999999994, 12: -1.3000000000000007, 91: -1.4500000000000002, 99: -1.15}
Length of Loader 100
{38: 0.050000000000000044, 47: 0.050000000000000044, 31: -0.4500000000000004, 5: -0.30000000000000027, 98: -0.3500000000000003, 85: -0.40000000000000036, 54: -0.3500000000000003, 32: -0.3500000000000003, 73: -1.2, 69: -1.0000000000000004}
Length of Loader 100
{41: -0.10000000000000009, 18: -1.1500000000000001, 99: -0.7000000000000001, 65: -0.30000000000000027, 26: -0.15000000000000013, 29: -0.6, 67: -1.5000000000000002, 14: -0.5499999999999999, 4: -1.4999999999999996, 33: -1.2500000000000002}
Length of Loader 100
2025-01-27 08:52:55 - WARNING  - Epoch:   128. Accuracy: Top-1: 64.86 | Loss: value: 0.99
2025-01-27 08:52:55 - WARNING  - Epoch 128
2025-01-27 08:52:55 - WARNING  - s_i: {0: 3.967840012040763, 1: 2.4904967932150943, 2: 3.47091417361695, 3: 1.973234761492023, 4: 3.962838372391475, 5: 2.4686734200534266, 6: 2.469525229782083, 7: 0.478826524067117, 8: 0.9869968865815775, 9: 1.4702913606140093, 10: 0.9634634396169928, 11: 2.486650137836895, 12: 2.4553667161940362, 13: 0.971885896731929, 14: 1.4794750234252727, 15: 1.4681208074216947, 16: 3.4792795117311996, 17: 3.471144930315055, 18: 3.960939585748164, 19: 0.9515016150660625, 20: 1.470932909998397, 21: 1.4863248881700175, 22: 2.9912829705023722, 23: 0.9654266410206844, 24: 3.4703792314931174, 25: 2.980982702418551, 26: 0.9662190177564265, 27: 0.9812013832268357, 28: 4.948620308034446, 29: 3.4674980648028764, 30: 0.48781355043536045, 31: 1.4866727159083277, 32: 1.4550545788255063, 33: 5.452807097090268, 34: 1.0, 35: 1.9655299385055063, 36: 3.4669507249817886, 37: 1.95995596661885, 38: 3.97475587923504, 39: 1.491633752140457, 40: 0.9657041394662085, 41: 1.9728343247341906, 42: 3.9734286794462212, 43: 3.4550679881518143, 44: 0.48752060971897304, 45: 1.4819581880465713, 46: 3.9866128608955593, 47: 5.975511470312299, 48: 5.480455186799283, 49: 4.9903886996189115, 50: 2.455579918186076, 51: 0.47011361187206235, 52: 5.482286220063244, 53: 2.487221176519881, 54: 2.4834840042481905, 55: 0.48014297782115056, 56: 0.9749223230733963, 57: 2.4666797256744752, 58: 5.972585272342679, 59: 2.4827498555145144, 60: 1.4613171369559712, 61: 1.4823763380635504, 62: 0.9678161231673365, 63: 0.49185888802609923, 64: 4.48188597308083, 65: 0.45583130288002227, 66: 0.9668059594119693, 67: 6.9590515270556095, 68: 0.9630193450395002, 69: 2.4657877019773933, 70: 0.9559240385173216, 71: 0.9568108328835284, 72: 0.4954485744047543, 73: 2.9959726308641965, 74: 2.96545035531864, 75: 4.478808271219467, 76: 1.4751551529519127, 77: 0.48108863189847284, 78: 2.464623637887442, 79: 3.975796314601906, 80: 0.9858439597311066, 81: 3.475029521992169, 82: 2.48173277509765, 83: 2.457850089427148, 84: 2.969431992591023, 85: 1.463594994507603, 86: 0.987617168501111, 87: 0.973098777668771, 88: 1.9707064649840846, 89: 1.0, 90: 6.980532991229106, 91: 5.47077352624847, 92: 0.9508388667647485, 93: 3.4715369684060526, 94: 0.46674202709239276, 95: 0.46638938233980776, 96: 4.9719764773624435, 97: 2.9502270628401734, 98: 1.9957859888699265, 99: 4.959845634063282}
2025-01-27 08:52:55 - WARNING  - Sum of s_i: 243.81313815753535
2025-01-27 08:53:19 - WARNING  - Epoch:   129. Accuracy: Top-1: 65.90 | Loss: value: 0.97
2025-01-27 08:53:19 - WARNING  - Epoch 129
2025-01-27 08:53:19 - WARNING  - s_i: {0: 3.967840012040763, 1: 2.4904967932150943, 2: 3.47091417361695, 3: 1.973234761492023, 4: 3.962838372391475, 5: 2.4686734200534266, 6: 2.469525229782083, 7: 0.478826524067117, 8: 0.9869968865815775, 9: 1.4702913606140093, 10: 0.9634634396169928, 11: 2.486650137836895, 12: 2.4553667161940362, 13: 0.971885896731929, 14: 1.4794750234252727, 15: 1.4681208074216947, 16: 3.4792795117311996, 17: 3.471144930315055, 18: 3.960939585748164, 19: 0.9515016150660625, 20: 0.9660883949981293, 21: 1.4863248881700175, 22: 2.9912829705023722, 23: 0.9654266410206844, 24: 3.4703792314931174, 25: 2.980982702418551, 26: 0.9662190177564265, 27: 0.9812013832268357, 28: 4.948620308034446, 29: 3.4674980648028764, 30: 0.48781355043536045, 31: 1.4866727159083277, 32: 1.4550545788255063, 33: 5.452807097090268, 34: 1.0, 35: 1.9655299385055063, 36: 3.4669507249817886, 37: 1.95995596661885, 38: 3.97475587923504, 39: 1.491633752140457, 40: 0.9657041394662085, 41: 1.9728343247341906, 42: 3.9734286794462212, 43: 3.4550679881518143, 44: 0.48752060971897304, 45: 1.4819581880465713, 46: 3.9866128608955593, 47: 5.975511470312299, 48: 2.975568983499101, 49: 4.9903886996189115, 50: 2.455579918186076, 51: 0.47011361187206235, 52: 5.482286220063244, 53: 2.487221176519881, 54: 2.4834840042481905, 55: 0.48014297782115056, 56: 0.9749223230733963, 57: 2.4666797256744752, 58: 5.972585272342679, 59: 2.4827498555145144, 60: 1.4613171369559712, 61: 1.4823763380635504, 62: 0.9678161231673365, 63: 0.49185888802609923, 64: 4.48188597308083, 65: 0.45583130288002227, 66: 0.9668059594119693, 67: 6.9590515270556095, 68: 1.4589103833772226, 69: 2.4657877019773933, 70: 0.9559240385173216, 71: 0.9568108328835284, 72: 0.4954485744047543, 73: 2.9959726308641965, 74: 2.96545035531864, 75: 4.478808271219467, 76: 1.4751551529519127, 77: 0.48108863189847284, 78: 2.464623637887442, 79: 3.975796314601906, 80: 0.9858439597311066, 81: 3.475029521992169, 82: 2.48173277509765, 83: 2.457850089427148, 84: 2.969431992591023, 85: 1.463594994507603, 86: 0.987617168501111, 87: 0.973098777668771, 88: 3.9665216742675264, 89: 1.0, 90: 6.980532991229106, 91: 5.965902447289882, 92: 0.9508388667647485, 93: 3.4715369684060526, 94: 0.46674202709239276, 95: 0.46638938233980776, 96: 4.9719764773624435, 97: 1.9452497691241901, 98: 0.49157197773985084, 99: 4.959845634063282}
2025-01-27 08:53:19 - WARNING  - Sum of s_i: 241.2810513030514
2025-01-27 08:53:42 - WARNING  - Epoch:   130. Accuracy: Top-1: 67.25 | Loss: value: 0.93
2025-01-27 08:53:42 - WARNING  - Epoch 130
2025-01-27 08:53:42 - WARNING  - s_i: {0: 3.967840012040763, 1: 2.4904967932150943, 2: 3.47091417361695, 3: 1.973234761492023, 4: 3.962838372391475, 5: 2.4686734200534266, 6: 2.469525229782083, 7: 0.478826524067117, 8: 0.9869968865815775, 9: 1.4702913606140093, 10: 0.9634634396169928, 11: 2.486650137836895, 12: 2.4553667161940362, 13: 0.971885896731929, 14: 1.4794750234252727, 15: 1.4681208074216947, 16: 3.4792795117311996, 17: 3.471144930315055, 18: 3.960939585748164, 19: 0.9515016150660625, 20: 0.9660883949981293, 21: 1.4863248881700175, 22: 2.9912829705023722, 23: 0.9654266410206844, 24: 3.4703792314931174, 25: 2.980982702418551, 26: 0.9662190177564265, 27: 0.9812013832268357, 28: 4.948620308034446, 29: 3.4674980648028764, 30: 0.48781355043536045, 31: 1.4866727159083277, 32: 1.4550545788255063, 33: 5.452807097090268, 34: 1.0, 35: 1.9655299385055063, 36: 3.4669507249817886, 37: 1.95995596661885, 38: 3.97475587923504, 39: 1.491633752140457, 40: 0.9657041394662085, 41: 1.9728343247341906, 42: 3.9734286794462212, 43: 3.4550679881518143, 44: 0.48752060971897304, 45: 1.4819581880465713, 46: 3.9866128608955593, 47: 5.975511470312299, 48: 2.975568983499101, 49: 4.9903886996189115, 50: 2.455579918186076, 51: 0.47011361187206235, 52: 5.482286220063244, 53: 2.487221176519881, 54: 2.4834840042481905, 55: 0.48014297782115056, 56: 0.9749223230733963, 57: 2.4666797256744752, 58: 5.972585272342679, 59: 2.4827498555145144, 60: 1.4613171369559712, 61: 1.4823763380635504, 62: 0.9678161231673365, 63: 0.49185888802609923, 64: 4.48188597308083, 65: 0.45583130288002227, 66: 0.9668059594119693, 67: 6.9590515270556095, 68: 1.4589103833772226, 69: 1.9615111647245673, 70: 0.9559240385173216, 71: 0.9568108328835284, 72: 0.4954485744047543, 73: 2.9959726308641965, 74: 2.96545035531864, 75: 4.478808271219467, 76: 1.4751551529519127, 77: 0.48108863189847284, 78: 2.464623637887442, 79: 3.975796314601906, 80: 0.9858439597311066, 81: 3.475029521992169, 82: 2.48173277509765, 83: 2.457850089427148, 84: 2.969431992591023, 85: 1.463594994507603, 86: 0.987617168501111, 87: 0.973098777668771, 88: 3.9665216742675264, 89: 1.0, 90: 6.980532991229106, 91: 5.965902447289882, 92: 0.9508388667647485, 93: 3.4715369684060526, 94: 0.46674202709239276, 95: 0.46638938233980776, 96: 4.9719764773624435, 97: 1.9452497691241901, 98: 0.49157197773985084, 99: 4.959845634063282}
2025-01-27 08:53:42 - WARNING  - Sum of s_i: 240.7767747657986
2025-01-27 08:53:47 - WARNING  - The sum of accs: 68.0
2025-01-27 08:53:47 - WARNING  - The welfare is 67.89161851656095
2025-01-27 08:54:11 - WARNING  - Epoch:   131. Accuracy: Top-1: 65.59 | Loss: value: 0.95
2025-01-27 08:54:11 - WARNING  - Epoch 131
2025-01-27 08:54:11 - WARNING  - s_i: {0: 3.967840012040763, 1: 2.4904967932150943, 2: 3.47091417361695, 3: 1.973234761492023, 4: 3.962838372391475, 5: 2.4686734200534266, 6: 3.465171691179524, 7: 0.478826524067117, 8: 0.9869968865815775, 9: 1.4702913606140093, 10: 0.9634634396169928, 11: 2.486650137836895, 12: 2.4553667161940362, 13: 0.971885896731929, 14: 1.4794750234252727, 15: 1.4681208074216947, 16: 3.4792795117311996, 17: 3.471144930315055, 18: 3.960939585748164, 19: 0.9515016150660625, 20: 0.9660883949981293, 21: 1.4863248881700175, 22: 2.9912829705023722, 23: 0.9654266410206844, 24: 3.4703792314931174, 25: 2.980982702418551, 26: 0.9662190177564265, 27: 0.9812013832268357, 28: 4.948620308034446, 29: 3.4674980648028764, 30: 0.48781355043536045, 31: 1.4866727159083277, 32: 1.4550545788255063, 33: 5.452807097090268, 34: 1.0, 35: 1.9655299385055063, 36: 3.4669507249817886, 37: 1.95995596661885, 38: 3.97475587923504, 39: 1.491633752140457, 40: 0.9657041394662085, 41: 1.9728343247341906, 42: 3.9734286794462212, 43: 2.4505747869670005, 44: 0.48752060971897304, 45: 1.4819581880465713, 46: 3.9866128608955593, 47: 5.975511470312299, 48: 2.975568983499101, 49: 4.9903886996189115, 50: 2.455579918186076, 51: 0.47011361187206235, 52: 5.482286220063244, 53: 2.487221176519881, 54: 2.4834840042481905, 55: 0.48014297782115056, 56: 0.9749223230733963, 57: 2.4666797256744752, 58: 5.972585272342679, 59: 2.4827498555145144, 60: 1.4613171369559712, 61: 1.4823763380635504, 62: 0.9678161231673365, 63: 0.49185888802609923, 64: 4.48188597308083, 65: 0.45583130288002227, 66: 0.9668059594119693, 67: 6.9590515270556095, 68: 1.4589103833772226, 69: 1.9615111647245673, 70: 0.9559240385173216, 71: 0.9568108328835284, 72: 0.4954485744047543, 73: 2.9959726308641965, 74: 2.96545035531864, 75: 4.478808271219467, 76: 1.4751551529519127, 77: 0.48108863189847284, 78: 2.464623637887442, 79: 3.975796314601906, 80: 0.9858439597311066, 81: 3.475029521992169, 82: 2.48173277509765, 83: 2.457850089427148, 84: 2.969431992591023, 85: 1.463594994507603, 86: 2.9834895580014837, 87: 0.973098777668771, 88: 3.9665216742675264, 89: 1.0, 90: 6.980532991229106, 91: 5.965902447289882, 92: 0.9508388667647485, 93: 3.4715369684060526, 94: 0.46674202709239276, 95: 0.46638938233980776, 96: 4.9719764773624435, 97: 1.9452497691241901, 98: 0.49157197773985084, 99: 4.959845634063282}
2025-01-27 08:54:11 - WARNING  - Sum of s_i: 242.76380041551158
2025-01-27 08:54:33 - WARNING  - Epoch:   132. Accuracy: Top-1: 68.37 | Loss: value: 0.89
2025-01-27 08:54:33 - WARNING  - Epoch 132
2025-01-27 08:54:33 - WARNING  - s_i: {0: 3.967840012040763, 1: 2.4904967932150943, 2: 3.47091417361695, 3: 1.973234761492023, 4: 3.962838372391475, 5: 2.4686734200534266, 6: 3.465171691179524, 7: 0.478826524067117, 8: 0.9869968865815775, 9: 1.4702913606140093, 10: 0.9634634396169928, 11: 2.486650137836895, 12: 2.4553667161940362, 13: 0.971885896731929, 14: 1.4794750234252727, 15: 1.4681208074216947, 16: 3.4792795117311996, 17: 3.471144930315055, 18: 3.960939585748164, 19: 0.9515016150660625, 20: 0.9660883949981293, 21: 1.4863248881700175, 22: 2.9912829705023722, 23: 0.9654266410206844, 24: 3.4703792314931174, 25: 2.980982702418551, 26: 0.9662190177564265, 27: 0.9812013832268357, 28: 4.948620308034446, 29: 3.4674980648028764, 30: 0.48781355043536045, 31: 1.4866727159083277, 32: 1.4550545788255063, 33: 5.452807097090268, 34: 1.0, 35: 1.9655299385055063, 36: 3.4669507249817886, 37: 1.95995596661885, 38: 3.97475587923504, 39: 1.491633752140457, 40: 0.9657041394662085, 41: 1.9728343247341906, 42: 3.9734286794462212, 43: 2.4505747869670005, 44: 0.48752060971897304, 45: 1.4819581880465713, 46: 3.9866128608955593, 47: 5.975511470312299, 48: 2.975568983499101, 49: 4.9903886996189115, 50: 2.455579918186076, 51: 0.47011361187206235, 52: 5.482286220063244, 53: 2.487221176519881, 54: 2.4834840042481905, 55: 0.48014297782115056, 56: 0.9749223230733963, 57: 2.4666797256744752, 58: 5.972585272342679, 59: 2.4827498555145144, 60: 1.4613171369559712, 61: 1.4823763380635504, 62: 0.9678161231673365, 63: 0.49185888802609923, 64: 4.48188597308083, 65: 0.45583130288002227, 66: 0.9668059594119693, 67: 6.9590515270556095, 68: 1.4589103833772226, 69: 1.9615111647245673, 70: 0.9559240385173216, 71: 0.9568108328835284, 72: 0.4954485744047543, 73: 2.9959726308641965, 74: 2.96545035531864, 75: 4.478808271219467, 76: 1.4751551529519127, 77: 0.48108863189847284, 78: 2.464623637887442, 79: 3.975796314601906, 80: 0.9858439597311066, 81: 3.475029521992169, 82: 2.48173277509765, 83: 2.457850089427148, 84: 2.969431992591023, 85: 1.463594994507603, 86: 2.9834895580014837, 87: 0.973098777668771, 88: 3.9665216742675264, 89: 1.0, 90: 6.980532991229106, 91: 5.965902447289882, 92: 0.9508388667647485, 93: 3.4715369684060526, 94: 0.46674202709239276, 95: 0.46638938233980776, 96: 4.9719764773624435, 97: 1.9452497691241901, 98: 0.49157197773985084, 99: 4.959845634063282}
2025-01-27 08:54:33 - WARNING  - Sum of s_i: 242.76380041551158
2025-01-27 08:54:55 - WARNING  - Epoch:   133. Accuracy: Top-1: 68.01 | Loss: value: 0.90
2025-01-27 08:54:55 - WARNING  - Epoch 133
2025-01-27 08:54:55 - WARNING  - s_i: {0: 3.967840012040763, 1: 2.4904967932150943, 2: 3.47091417361695, 3: 1.973234761492023, 4: 3.962838372391475, 5: 3.4641981943467766, 6: 3.465171691179524, 7: 0.478826524067117, 8: 0.9869968865815775, 9: 1.4702913606140093, 10: 1.9594038217966545, 11: 2.486650137836895, 12: 2.4553667161940362, 13: 0.971885896731929, 14: 1.4794750234252727, 15: 1.4681208074216947, 16: 3.4792795117311996, 17: 3.471144930315055, 18: 3.960939585748164, 19: 0.9515016150660625, 20: 0.9660883949981293, 21: 1.4863248881700175, 22: 2.9912829705023722, 23: 0.9654266410206844, 24: 3.4703792314931174, 25: 2.980982702418551, 26: 0.9662190177564265, 27: 0.9812013832268357, 28: 4.948620308034446, 29: 3.4674980648028764, 30: 0.48781355043536045, 31: 1.4866727159083277, 32: 1.4550545788255063, 33: 5.452807097090268, 34: 1.0, 35: 1.9655299385055063, 36: 3.4669507249817886, 37: 1.95995596661885, 38: 3.97475587923504, 39: 1.491633752140457, 40: 0.9657041394662085, 41: 1.9728343247341906, 42: 3.9734286794462212, 43: 2.4505747869670005, 44: 0.48752060971897304, 45: 1.4819581880465713, 46: 3.9866128608955593, 47: 5.975511470312299, 48: 2.975568983499101, 49: 4.9903886996189115, 50: 2.455579918186076, 51: 0.47011361187206235, 52: 5.482286220063244, 53: 2.487221176519881, 54: 3.479355005310234, 55: 0.48014297782115056, 56: 0.9749223230733963, 57: 2.4666797256744752, 58: 5.972585272342679, 59: 2.4827498555145144, 60: 1.4613171369559712, 61: 1.4823763380635504, 62: 0.9678161231673365, 63: 0.49185888802609923, 64: 4.48188597308083, 65: 0.45583130288002227, 66: 0.4620639536136786, 67: 6.9590515270556095, 68: 1.4589103833772226, 69: 1.9615111647245673, 70: 0.9559240385173216, 71: 0.9568108328835284, 72: 0.4954485744047543, 73: 2.9959726308641965, 74: 2.96545035531864, 75: 4.478808271219467, 76: 1.4751551529519127, 77: 0.48108863189847284, 78: 2.464623637887442, 79: 3.975796314601906, 80: 0.9858439597311066, 81: 3.475029521992169, 82: 2.48173277509765, 83: 2.457850089427148, 84: 2.969431992591023, 85: 1.463594994507603, 86: 2.9834895580014837, 87: 0.4686152406135655, 88: 3.9665216742675264, 89: 1.0, 90: 6.980532991229106, 91: 5.965902447289882, 92: 0.9508388667647485, 93: 3.4715369684060526, 94: 0.46674202709239276, 95: 0.46638938233980776, 96: 4.9719764773624435, 97: 1.9452497691241901, 98: 0.49157197773985084, 99: 4.959845634063282}
2025-01-27 08:54:55 - WARNING  - Sum of s_i: 244.74191103019314
2025-01-27 08:55:18 - WARNING  - Epoch:   134. Accuracy: Top-1: 67.33 | Loss: value: 0.92
2025-01-27 08:55:18 - WARNING  - Epoch 134
2025-01-27 08:55:18 - WARNING  - s_i: {0: 3.967840012040763, 1: 2.4904967932150943, 2: 3.47091417361695, 3: 1.973234761492023, 4: 3.962838372391475, 5: 3.4641981943467766, 6: 3.465171691179524, 7: 0.478826524067117, 8: 0.9869968865815775, 9: 1.4702913606140093, 10: 1.9594038217966545, 11: 2.486650137836895, 12: 2.4553667161940362, 13: 0.971885896731929, 14: 1.4794750234252727, 15: 1.4681208074216947, 16: 3.4792795117311996, 17: 3.471144930315055, 18: 3.960939585748164, 19: 0.9515016150660625, 20: 0.9660883949981293, 21: 1.4863248881700175, 22: 2.9912829705023722, 23: 0.9654266410206844, 24: 3.4703792314931174, 25: 2.980982702418551, 26: 0.9662190177564265, 27: 0.9812013832268357, 28: 4.948620308034446, 29: 3.4674980648028764, 30: 0.48781355043536045, 31: 1.4866727159083277, 32: 1.4550545788255063, 33: 5.452807097090268, 34: 1.0, 35: 1.9655299385055063, 36: 3.4669507249817886, 37: 1.95995596661885, 38: 3.97475587923504, 39: 1.491633752140457, 40: 0.9657041394662085, 41: 1.9728343247341906, 42: 3.9734286794462212, 43: 2.4505747869670005, 44: 0.48752060971897304, 45: 1.4819581880465713, 46: 3.9866128608955593, 47: 5.975511470312299, 48: 2.975568983499101, 49: 4.9903886996189115, 50: 2.455579918186076, 51: 0.47011361187206235, 52: 5.482286220063244, 53: 0.48296156869317874, 54: 3.479355005310234, 55: 0.48014297782115056, 56: 0.9749223230733963, 57: 2.4666797256744752, 58: 5.972585272342679, 59: 2.4827498555145144, 60: 1.4613171369559712, 61: 1.4823763380635504, 62: 0.9678161231673365, 63: 0.49185888802609923, 64: 4.48188597308083, 65: 0.45583130288002227, 66: 0.4620639536136786, 67: 6.9590515270556095, 68: 1.4589103833772226, 69: 1.9615111647245673, 70: 0.9559240385173216, 71: 0.9568108328835284, 72: 0.4954485744047543, 73: 2.9959726308641965, 74: 2.96545035531864, 75: 4.478808271219467, 76: 1.4751551529519127, 77: 0.48108863189847284, 78: 2.464623637887442, 79: 3.975796314601906, 80: 0.9858439597311066, 81: 3.475029521992169, 82: 2.48173277509765, 83: 2.457850089427148, 84: 2.969431992591023, 85: 1.463594994507603, 86: 2.9834895580014837, 87: 0.4686152406135655, 88: 3.9665216742675264, 89: 1.0, 90: 6.980532991229106, 91: 5.965902447289882, 92: 0.9508388667647485, 93: 3.4715369684060526, 94: 0.46674202709239276, 95: 0.46638938233980776, 96: 4.9719764773624435, 97: 1.9452497691241901, 98: 0.49157197773985084, 99: 4.959845634063282}
2025-01-27 08:55:18 - WARNING  - Sum of s_i: 242.73765142236644
2025-01-27 08:55:41 - WARNING  - Epoch:   135. Accuracy: Top-1: 67.59 | Loss: value: 0.93
2025-01-27 08:55:41 - WARNING  - Epoch 135
2025-01-27 08:55:41 - WARNING  - s_i: {0: 3.967840012040763, 1: 2.4904967932150943, 2: 3.47091417361695, 3: 1.973234761492023, 4: 3.962838372391475, 5: 3.4641981943467766, 6: 3.465171691179524, 7: 0.478826524067117, 8: 0.9869968865815775, 9: 1.4702913606140093, 10: 1.9594038217966545, 11: 2.486650137836895, 12: 2.4553667161940362, 13: 0.971885896731929, 14: 1.4794750234252727, 15: 1.4681208074216947, 16: 3.4792795117311996, 17: 3.471144930315055, 18: 3.960939585748164, 19: 0.9515016150660625, 20: 0.9660883949981293, 21: 1.4863248881700175, 22: 2.9912829705023722, 23: 0.9654266410206844, 24: 3.4703792314931174, 25: 2.980982702418551, 26: 0.9662190177564265, 27: 0.9812013832268357, 28: 4.948620308034446, 29: 3.4674980648028764, 30: 0.48781355043536045, 31: 1.4866727159083277, 32: 1.4550545788255063, 33: 5.452807097090268, 34: 1.0, 35: 1.9655299385055063, 36: 3.4669507249817886, 37: 1.95995596661885, 38: 3.97475587923504, 39: 1.491633752140457, 40: 0.9657041394662085, 41: 1.9728343247341906, 42: 3.9734286794462212, 43: 2.4505747869670005, 44: 0.48752060971897304, 45: 1.4819581880465713, 46: 3.9866128608955593, 47: 5.975511470312299, 48: 2.975568983499101, 49: 4.9903886996189115, 50: 2.455579918186076, 51: 0.47011361187206235, 52: 5.482286220063244, 53: 0.48296156869317874, 54: 3.479355005310234, 55: 0.48014297782115056, 56: 0.9749223230733963, 57: 2.4666797256744752, 58: 5.972585272342679, 59: 2.4827498555145144, 60: 1.4613171369559712, 61: 1.4823763380635504, 62: 0.9678161231673365, 63: 0.49185888802609923, 64: 4.48188597308083, 65: 0.45583130288002227, 66: 0.4620639536136786, 67: 6.9590515270556095, 68: 1.4589103833772226, 69: 1.9615111647245673, 70: 0.9559240385173216, 71: 0.9568108328835284, 72: 0.4954485744047543, 73: 2.9959726308641965, 74: 2.96545035531864, 75: 4.478808271219467, 76: 1.4751551529519127, 77: 0.48108863189847284, 78: 2.464623637887442, 79: 3.975796314601906, 80: 0.9858439597311066, 81: 3.475029521992169, 82: 2.48173277509765, 83: 2.457850089427148, 84: 2.969431992591023, 85: 1.463594994507603, 86: 2.9834895580014837, 87: 0.4686152406135655, 88: 3.9665216742675264, 89: 1.0, 90: 6.980532991229106, 91: 0.9610313683313008, 92: 0.9508388667647485, 93: 3.4715369684060526, 94: 0.46674202709239276, 95: 0.46638938233980776, 96: 4.9719764773624435, 97: 1.9452497691241901, 98: 0.49157197773985084, 99: 4.959845634063282}
2025-01-27 08:55:41 - WARNING  - Sum of s_i: 237.73278034340785
2025-01-27 08:56:05 - WARNING  - Epoch:   136. Accuracy: Top-1: 65.45 | Loss: value: 0.97
2025-01-27 08:56:05 - WARNING  - Epoch 136
2025-01-27 08:56:05 - WARNING  - s_i: {0: 3.967840012040763, 1: 2.4904967932150943, 2: 3.47091417361695, 3: 1.973234761492023, 4: 3.962838372391475, 5: 3.4641981943467766, 6: 3.465171691179524, 7: 0.478826524067117, 8: 0.9869968865815775, 9: 1.4702913606140093, 10: 1.9594038217966545, 11: 2.486650137836895, 12: 2.4553667161940362, 13: 0.971885896731929, 14: 1.4794750234252727, 15: 1.4681208074216947, 16: 3.4792795117311996, 17: 3.471144930315055, 18: 3.960939585748164, 19: 0.9515016150660625, 20: 0.9660883949981293, 21: 1.4863248881700175, 22: 2.9912829705023722, 23: 0.9654266410206844, 24: 3.4703792314931174, 25: 2.980982702418551, 26: 0.9662190177564265, 27: 0.9812013832268357, 28: 4.948620308034446, 29: 3.4674980648028764, 30: 0.48781355043536045, 31: 1.4866727159083277, 32: 1.4550545788255063, 33: 5.452807097090268, 34: 1.0, 35: 1.9655299385055063, 36: 3.4669507249817886, 37: 1.95995596661885, 38: 3.97475587923504, 39: 1.491633752140457, 40: 0.9657041394662085, 41: 1.9728343247341906, 42: 3.9734286794462212, 43: 2.4505747869670005, 44: 0.48752060971897304, 45: 1.4819581880465713, 46: 3.9866128608955593, 47: 5.975511470312299, 48: 2.975568983499101, 49: 4.9903886996189115, 50: 2.455579918186076, 51: 0.47011361187206235, 52: 5.482286220063244, 53: 0.48296156869317874, 54: 3.479355005310234, 55: 0.48014297782115056, 56: 0.9749223230733963, 57: 2.4666797256744752, 58: 5.972585272342679, 59: 2.4827498555145144, 60: 1.4613171369559712, 61: 1.4823763380635504, 62: 0.9678161231673365, 63: 0.49185888802609923, 64: 4.48188597308083, 65: 0.45583130288002227, 66: 0.4620639536136786, 67: 6.9590515270556095, 68: 1.4589103833772226, 69: 1.9615111647245673, 70: 0.9559240385173216, 71: 0.9568108328835284, 72: 0.4954485744047543, 73: 2.9959726308641965, 74: 2.96545035531864, 75: 4.478808271219467, 76: 1.4751551529519127, 77: 0.48108863189847284, 78: 2.464623637887442, 79: 3.975796314601906, 80: 0.9858439597311066, 81: 3.475029521992169, 82: 2.48173277509765, 83: 2.457850089427148, 84: 2.969431992591023, 85: 1.463594994507603, 86: 2.9834895580014837, 87: 0.4686152406135655, 88: 3.9665216742675264, 89: 1.0, 90: 6.980532991229106, 91: 0.9610313683313008, 92: 0.9508388667647485, 93: 3.4715369684060526, 94: 0.46674202709239276, 95: 0.46638938233980776, 96: 4.9719764773624435, 97: 1.9452497691241901, 98: 0.49157197773985084, 99: 4.959845634063282}
2025-01-27 08:56:05 - WARNING  - Sum of s_i: 237.73278034340785
2025-01-27 08:56:29 - WARNING  - Epoch:   137. Accuracy: Top-1: 60.39 | Loss: value: 1.17
2025-01-27 08:56:29 - WARNING  - Epoch 137
2025-01-27 08:56:29 - WARNING  - s_i: {0: 3.967840012040763, 1: 2.4904967932150943, 2: 3.47091417361695, 3: 1.973234761492023, 4: 3.962838372391475, 5: 3.4641981943467766, 6: 3.465171691179524, 7: 0.478826524067117, 8: 0.9869968865815775, 9: 1.4702913606140093, 10: 1.9594038217966545, 11: 2.486650137836895, 12: 2.4553667161940362, 13: 0.971885896731929, 14: 1.4794750234252727, 15: 1.4681208074216947, 16: 3.4792795117311996, 17: 3.471144930315055, 18: 3.960939585748164, 19: 0.9515016150660625, 20: 0.9660883949981293, 21: 1.4863248881700175, 22: 2.9912829705023722, 23: 0.9654266410206844, 24: 3.4703792314931174, 25: 2.980982702418551, 26: 0.9662190177564265, 27: 0.9812013832268357, 28: 4.443949426946667, 29: 3.4674980648028764, 30: 0.48781355043536045, 31: 1.4866727159083277, 32: 1.4550545788255063, 33: 5.452807097090268, 34: 1.0, 35: 1.9655299385055063, 36: 3.4669507249817886, 37: 1.95995596661885, 38: 3.97475587923504, 39: 1.491633752140457, 40: 0.9657041394662085, 41: 1.9728343247341906, 42: 3.9734286794462212, 43: 2.4505747869670005, 44: 0.48752060971897304, 45: 1.4819581880465713, 46: 3.9866128608955593, 47: 5.975511470312299, 48: 2.975568983499101, 49: 1.4855830494283655, 50: 2.455579918186076, 51: 0.47011361187206235, 52: 5.482286220063244, 53: 0.48296156869317874, 54: 3.479355005310234, 55: 0.48014297782115056, 56: 0.9749223230733963, 57: 2.4666797256744752, 58: 5.972585272342679, 59: 2.4827498555145144, 60: 1.4613171369559712, 61: 1.4823763380635504, 62: 0.9678161231673365, 63: 0.49185888802609923, 64: 4.48188597308083, 65: 0.45583130288002227, 66: 0.4620639536136786, 67: 4.454501696728452, 68: 1.4589103833772226, 69: 1.9615111647245673, 70: 0.9559240385173216, 71: 0.9568108328835284, 72: 0.4954485744047543, 73: 2.9959726308641965, 74: 2.96545035531864, 75: 4.478808271219467, 76: 1.4751551529519127, 77: 0.48108863189847284, 78: 2.464623637887442, 79: 3.975796314601906, 80: 0.9858439597311066, 81: 3.475029521992169, 82: 2.48173277509765, 83: 2.457850089427148, 84: 2.969431992591023, 85: 1.463594994507603, 86: 2.9834895580014837, 87: 0.4686152406135655, 88: 3.9665216742675264, 89: 1.0, 90: 6.980532991229106, 91: 0.9610313683313008, 92: 0.9508388667647485, 93: 3.4715369684060526, 94: 0.46674202709239276, 95: 0.46638938233980776, 96: 4.9719764773624435, 97: 1.9452497691241901, 98: 0.49157197773985084, 99: 4.959845634063282}
2025-01-27 08:56:29 - WARNING  - Sum of s_i: 231.21875398180237
2025-01-27 08:56:52 - WARNING  - Epoch:   138. Accuracy: Top-1: 67.46 | Loss: value: 0.92
2025-01-27 08:56:52 - WARNING  - Epoch 138
2025-01-27 08:56:52 - WARNING  - s_i: {0: 4.463245728046586, 1: 2.4904967932150943, 2: 3.47091417361695, 3: 1.973234761492023, 4: 3.962838372391475, 5: 3.4641981943467766, 6: 3.465171691179524, 7: 0.478826524067117, 8: 0.9869968865815775, 9: 1.4702913606140093, 10: 1.9594038217966545, 11: 2.486650137836895, 12: 2.4553667161940362, 13: 0.971885896731929, 14: 1.4794750234252727, 15: 1.4681208074216947, 16: 3.4792795117311996, 17: 3.471144930315055, 18: 3.960939585748164, 19: 0.9515016150660625, 20: 0.9660883949981293, 21: 1.4863248881700175, 22: 2.9912829705023722, 23: 0.9654266410206844, 24: 3.4703792314931174, 25: 2.980982702418551, 26: 0.9662190177564265, 27: 0.9812013832268357, 28: 4.443949426946667, 29: 3.4674980648028764, 30: 0.48781355043536045, 31: 1.4866727159083277, 32: 1.4550545788255063, 33: 5.452807097090268, 34: 1.0, 35: 1.9655299385055063, 36: 3.4669507249817886, 37: 1.95995596661885, 38: 3.97475587923504, 39: 1.491633752140457, 40: 0.9657041394662085, 41: 1.9728343247341906, 42: 3.9734286794462212, 43: 2.4505747869670005, 44: 0.48752060971897304, 45: 1.4819581880465713, 46: 1.4821504811940813, 47: 5.975511470312299, 48: 2.975568983499101, 49: 1.4855830494283655, 50: 2.455579918186076, 51: 0.47011361187206235, 52: 5.482286220063244, 53: 0.48296156869317874, 54: 3.479355005310234, 55: 0.48014297782115056, 56: 0.9749223230733963, 57: 2.4666797256744752, 58: 5.972585272342679, 59: 2.4827498555145144, 60: 1.4613171369559712, 61: 1.4823763380635504, 62: 0.9678161231673365, 63: 0.49185888802609923, 64: 4.48188597308083, 65: 0.45583130288002227, 66: 0.4620639536136786, 67: 4.454501696728452, 68: 1.4589103833772226, 69: 1.9615111647245673, 70: 0.9559240385173216, 71: 0.9568108328835284, 72: 0.4954485744047543, 73: 2.9959726308641965, 74: 2.96545035531864, 75: 4.478808271219467, 76: 1.4751551529519127, 77: 0.48108863189847284, 78: 2.464623637887442, 79: 0.47176236703555396, 80: 0.9858439597311066, 81: 0.9700354263905999, 82: 0.97716596887206, 83: 2.457850089427148, 84: 2.969431992591023, 85: 1.463594994507603, 86: 2.9834895580014837, 87: 0.4686152406135655, 88: 3.9665216742675264, 89: 1.0, 90: 6.980532991229106, 91: 0.9610313683313008, 92: 0.9508388667647485, 93: 3.4715369684060526, 94: 0.46674202709239276, 95: 0.46638938233980776, 96: 3.467305890256191, 97: 1.9452497691241901, 98: 0.49157197773985084, 99: 4.959845634063282}
2025-01-27 08:56:52 - WARNING  - Sum of s_i: 220.19143188160697
2025-01-27 08:57:14 - WARNING  - Epoch:   139. Accuracy: Top-1: 66.02 | Loss: value: 0.96
2025-01-27 08:57:14 - WARNING  - Epoch 139
2025-01-27 08:57:14 - WARNING  - s_i: {0: 4.45865144405241, 1: 2.4904967932150943, 2: 3.47091417361695, 3: 1.973234761492023, 4: 3.962838372391475, 5: 3.4641981943467766, 6: 3.465171691179524, 7: 0.478826524067117, 8: 0.9869968865815775, 9: 1.4702913606140093, 10: 1.9594038217966545, 11: 2.486650137836895, 12: 2.4553667161940362, 13: 0.971885896731929, 14: 1.4794750234252727, 15: 1.4681208074216947, 16: 3.4792795117311996, 17: 3.471144930315055, 18: 3.960939585748164, 19: 0.9515016150660625, 20: 0.9660883949981293, 21: 1.4863248881700175, 22: 0.48692445575355814, 23: 0.9654266410206844, 24: 3.4703792314931174, 25: 2.980982702418551, 26: 0.9662190177564265, 27: 0.9812013832268357, 28: 4.443949426946667, 29: 3.4674980648028764, 30: 0.48781355043536045, 31: 1.4866727159083277, 32: 1.4550545788255063, 33: 5.448087806799295, 34: 1.0, 35: 1.9655299385055063, 36: 3.4669507249817886, 37: 1.95995596661885, 38: 3.97475587923504, 39: 1.491633752140457, 40: 0.9657041394662085, 41: 1.9728343247341906, 42: 3.9734286794462212, 43: 2.4505747869670005, 44: 0.48752060971897304, 45: 1.4819581880465713, 46: 1.4821504811940813, 47: 5.975511470312299, 48: 2.4706827801989206, 49: 1.4855830494283655, 50: 2.455579918186076, 51: 0.47011361187206235, 52: 5.482286220063244, 53: 0.48296156869317874, 54: 3.479355005310234, 55: 0.48014297782115056, 56: 0.9749223230733963, 57: 2.4666797256744752, 58: 5.972585272342679, 59: 2.4827498555145144, 60: 1.4613171369559712, 61: 0.477970422579437, 62: 0.9678161231673365, 63: 0.49185888802609923, 64: 4.48188597308083, 65: 0.45583130288002227, 66: 1.4573219478153892, 67: 4.454501696728452, 68: 1.4589103833772226, 69: 1.9615111647245673, 70: 0.9559240385173216, 71: 0.9568108328835284, 72: 0.4954485744047543, 73: 2.9959726308641965, 74: 2.96545035531864, 75: 4.478808271219467, 76: 1.4751551529519127, 77: 0.48108863189847284, 78: 2.464623637887442, 79: 0.47176236703555396, 80: 0.9858439597311066, 81: 0.9700354263905999, 82: 0.97716596887206, 83: 2.457850089427148, 84: 2.969431992591023, 85: 1.463594994507603, 86: 2.9834895580014837, 87: 0.4686152406135655, 88: 3.9665216742675264, 89: 1.0, 90: 6.980532991229106, 91: 0.9610313683313008, 92: 0.9508388667647485, 93: 3.4715369684060526, 94: 0.46674202709239276, 95: 0.46638938233980776, 96: 3.467305890256191, 97: 1.9452497691241901, 98: 0.49157197773985084, 99: 3.4558301974696093}
2025-01-27 08:57:14 - WARNING  - Sum of s_i: 215.65971023139673
2025-01-27 08:57:37 - WARNING  - Epoch:   140. Accuracy: Top-1: 67.78 | Loss: value: 0.90
2025-01-27 08:57:37 - WARNING  - Epoch 140
2025-01-27 08:57:37 - WARNING  - s_i: {0: 4.45865144405241, 1: 2.4904967932150943, 2: 3.47091417361695, 3: 1.4687738884073585, 4: 3.962838372391475, 5: 3.4641981943467766, 6: 3.465171691179524, 7: 0.478826524067117, 8: 0.9869968865815775, 9: 1.4702913606140093, 10: 1.9594038217966545, 11: 2.486650137836895, 12: 2.4553667161940362, 13: 0.971885896731929, 14: 1.4794750234252727, 15: 1.4681208074216947, 16: 3.4792795117311996, 17: 3.471144930315055, 18: 3.960939585748164, 19: 0.9515016150660625, 20: 0.9660883949981293, 21: 1.4863248881700175, 22: 0.48692445575355814, 23: 0.9654266410206844, 24: 3.4703792314931174, 25: 2.980982702418551, 26: 0.9662190177564265, 27: 0.9812013832268357, 28: 4.443949426946667, 29: 1.963435322903234, 30: 0.48781355043536045, 31: 1.4866727159083277, 32: 1.4550545788255063, 33: 6.443368516508323, 34: 1.0, 35: 1.9655299385055063, 36: 3.4669507249817886, 37: 1.95995596661885, 38: 3.97475587923504, 39: 1.491633752140457, 40: 0.9657041394662085, 41: 1.9728343247341906, 42: 3.9734286794462212, 43: 2.4505747869670005, 44: 0.48752060971897304, 45: 1.4819581880465713, 46: 1.4821504811940813, 47: 5.975511470312299, 48: 2.4706827801989206, 49: 1.4855830494283655, 50: 2.455579918186076, 51: 0.47011361187206235, 52: 5.482286220063244, 53: 0.48296156869317874, 54: 3.479355005310234, 55: 0.48014297782115056, 56: 0.9749223230733963, 57: 2.4666797256744752, 58: 5.972585272342679, 59: 2.4827498555145144, 60: 1.4613171369559712, 61: 0.477970422579437, 62: 2.9632184264769568, 63: 0.49185888802609923, 64: 4.48188597308083, 65: 0.45583130288002227, 66: 1.4573219478153892, 67: 4.454501696728452, 68: 1.4589103833772226, 69: 1.4572346274717414, 70: 0.9559240385173216, 71: 0.9568108328835284, 72: 0.4954485744047543, 73: 2.991945261728397, 74: 2.96545035531864, 75: 4.478808271219467, 76: 1.4751551529519127, 77: 0.48108863189847284, 78: 2.464623637887442, 79: 0.47176236703555396, 80: 0.9858439597311066, 81: 0.9700354263905999, 82: 0.97716596887206, 83: 2.457850089427148, 84: 2.969431992591023, 85: 1.463594994507603, 86: 2.9834895580014837, 87: 0.4686152406135655, 88: 3.9665216742675264, 89: 1.0, 90: 6.980532991229106, 91: 0.9610313683313008, 92: 0.9508388667647485, 93: 2.967470821035487, 94: 0.46674202709239276, 95: 0.46638938233980776, 96: 3.467305890256191, 97: 1.9452497691241901, 98: 0.49157197773985084, 99: 3.4558301974696093}
2025-01-27 08:57:37 - WARNING  - Sum of s_i: 215.6294995756719
2025-01-27 08:57:41 - WARNING  - The sum of accs: 62.0
2025-01-27 08:57:41 - WARNING  - The welfare is 61.90310093964799
2025-01-27 08:58:04 - WARNING  - Epoch:   141. Accuracy: Top-1: 66.68 | Loss: value: 0.93
2025-01-27 08:58:04 - WARNING  - Epoch 141
2025-01-27 08:58:04 - WARNING  - s_i: {0: 2.454057160058231, 1: 2.4904967932150943, 2: 3.47091417361695, 3: 1.4687738884073585, 4: 3.962838372391475, 5: 3.4641981943467766, 6: 3.465171691179524, 7: 1.9745918288805429, 8: 0.9869968865815775, 9: 1.4702913606140093, 10: 1.9594038217966545, 11: 2.486650137836895, 12: 2.4553667161940362, 13: 0.971885896731929, 14: 1.4794750234252727, 15: 1.4681208074216947, 16: 3.4792795117311996, 17: 3.471144930315055, 18: 5.456057033966685, 19: 0.9515016150660625, 20: 0.46124387999786154, 21: 1.4863248881700175, 22: 0.48692445575355814, 23: 0.9654266410206844, 24: 3.4703792314931174, 25: 2.980982702418551, 26: 0.9662190177564265, 27: 0.9812013832268357, 28: 4.443949426946667, 29: 1.963435322903234, 30: 0.48781355043536045, 31: 1.4866727159083277, 32: 1.4550545788255063, 33: 6.443368516508323, 34: 1.0, 35: 1.9655299385055063, 36: 3.4669507249817886, 37: 1.95995596661885, 38: 3.97475587923504, 39: 1.491633752140457, 40: 0.9657041394662085, 41: 1.9728343247341906, 42: 3.9734286794462212, 43: 2.4505747869670005, 44: 0.48752060971897304, 45: 1.4819581880465713, 46: 1.4821504811940813, 47: 5.975511470312299, 48: 2.4706827801989206, 49: 1.4855830494283655, 50: 2.455579918186076, 51: 0.47011361187206235, 52: 5.482286220063244, 53: 0.48296156869317874, 54: 3.479355005310234, 55: 0.48014297782115056, 56: 0.9749223230733963, 57: 2.4666797256744752, 58: 5.972585272342679, 59: 0.47843731939314305, 60: 1.4613171369559712, 61: 0.477970422579437, 62: 2.9632184264769568, 63: 0.49185888802609923, 64: 4.48188597308083, 65: 0.45583130288002227, 66: 1.4573219478153892, 67: 4.454501696728452, 68: 1.4589103833772226, 69: 1.4572346274717414, 70: 0.9559240385173216, 71: 0.9568108328835284, 72: 0.4954485744047543, 73: 2.991945261728397, 74: 2.96545035531864, 75: 4.478808271219467, 76: 1.4751551529519127, 77: 0.48108863189847284, 78: 2.464623637887442, 79: 0.47176236703555396, 80: 0.9858439597311066, 81: 0.9700354263905999, 82: 0.97716596887206, 83: 2.457850089427148, 84: 2.969431992591023, 85: 1.463594994507603, 86: 2.9834895580014837, 87: 0.4686152406135655, 88: 3.9665216742675264, 89: 1.0, 90: 6.980532991229106, 91: 0.9610313683313008, 92: 0.9508388667647485, 93: 2.967470821035487, 94: 0.46674202709239276, 95: 0.46638938233980776, 96: 3.467305890256191, 97: 1.9452497691241901, 98: 0.49157197773985084, 99: 3.4558301974696093}
2025-01-27 08:58:04 - WARNING  - Sum of s_i: 214.10663099358803
2025-01-27 08:58:26 - WARNING  - Epoch:   142. Accuracy: Top-1: 65.99 | Loss: value: 0.94
2025-01-27 08:58:26 - WARNING  - Epoch 142
2025-01-27 08:58:26 - WARNING  - s_i: {0: 2.454057160058231, 1: 2.4904967932150943, 2: 3.47091417361695, 3: 1.4687738884073585, 4: 3.962838372391475, 5: 3.4641981943467766, 6: 3.465171691179524, 7: 1.9745918288805429, 8: 0.9869968865815775, 9: 1.4702913606140093, 10: 1.9594038217966545, 11: 2.486650137836895, 12: 2.4553667161940362, 13: 0.971885896731929, 14: 1.4794750234252727, 15: 1.4681208074216947, 16: 3.4792795117311996, 17: 3.471144930315055, 18: 5.456057033966685, 19: 0.9515016150660625, 20: 0.46124387999786154, 21: 1.4863248881700175, 22: 0.48692445575355814, 23: 0.9654266410206844, 24: 3.4703792314931174, 25: 2.980982702418551, 26: 0.9662190177564265, 27: 0.9812013832268357, 28: 2.9392785458588877, 29: 1.963435322903234, 30: 0.48781355043536045, 31: 1.4866727159083277, 32: 1.4550545788255063, 33: 6.443368516508323, 34: 1.0, 35: 1.9655299385055063, 36: 3.4669507249817886, 37: 1.95995596661885, 38: 3.97475587923504, 39: 1.491633752140457, 40: 0.9657041394662085, 41: 1.9728343247341906, 42: 3.9734286794462212, 43: 2.4505747869670005, 44: 0.48752060971897304, 45: 1.4819581880465713, 46: 1.4821504811940813, 47: 5.975511470312299, 48: 2.4706827801989206, 49: 1.4855830494283655, 50: 2.455579918186076, 51: 0.47011361187206235, 52: 5.482286220063244, 53: 1.4787019608664735, 54: 3.479355005310234, 55: 0.48014297782115056, 56: 0.9749223230733963, 57: 2.4666797256744752, 58: 6.96801615106646, 59: 0.47843731939314305, 60: 1.4613171369559712, 61: 0.477970422579437, 62: 2.9632184264769568, 63: 0.49185888802609923, 64: 4.48188597308083, 65: 0.45583130288002227, 66: 1.4573219478153892, 67: 4.454501696728452, 68: 1.4589103833772226, 69: 1.4572346274717414, 70: 0.9559240385173216, 71: 0.9568108328835284, 72: 0.4954485744047543, 73: 2.991945261728397, 74: 2.96545035531864, 75: 4.478808271219467, 76: 1.4751551529519127, 77: 0.48108863189847284, 78: 2.464623637887442, 79: 1.4677284194692057, 80: 0.9811252796414773, 81: 0.9700354263905999, 82: 0.97716596887206, 83: 2.457850089427148, 84: 2.969431992591023, 85: 1.463594994507603, 86: 2.4793619475018547, 87: 0.4686152406135655, 88: 3.9665216742675264, 89: 1.0, 90: 5.975666239036385, 91: 0.9610313683313008, 92: 0.9508388667647485, 93: 2.967470821035487, 94: 0.46674202709239276, 95: 0.46638938233980776, 96: 3.467305890256191, 97: 1.9452497691241901, 98: 0.49157197773985084, 99: 3.4558301974696093}
2025-01-27 08:58:26 - WARNING  - Sum of s_i: 214.07538439304898
2025-01-27 08:58:49 - WARNING  - Epoch:   143. Accuracy: Top-1: 68.13 | Loss: value: 0.90
2025-01-27 08:58:49 - WARNING  - Epoch 143
2025-01-27 08:58:49 - WARNING  - s_i: {0: 2.454057160058231, 1: 2.4904967932150943, 2: 3.47091417361695, 3: 1.4687738884073585, 4: 3.962838372391475, 5: 3.4641981943467766, 6: 3.465171691179524, 7: 1.9745918288805429, 8: 0.9869968865815775, 9: 1.4702913606140093, 10: 1.9594038217966545, 11: 2.486650137836895, 12: 2.4553667161940362, 13: 0.971885896731929, 14: 1.4794750234252727, 15: 1.4681208074216947, 16: 3.4792795117311996, 17: 3.471144930315055, 18: 5.456057033966685, 19: 0.9515016150660625, 20: 0.46124387999786154, 21: 1.4863248881700175, 22: 0.48692445575355814, 23: 0.9654266410206844, 24: 3.4703792314931174, 25: 2.980982702418551, 26: 0.9662190177564265, 27: 0.9812013832268357, 28: 2.9392785458588877, 29: 1.963435322903234, 30: 0.48781355043536045, 31: 1.4866727159083277, 32: 1.4550545788255063, 33: 6.443368516508323, 34: 1.0, 35: 2.9612211808186966, 36: 3.4669507249817886, 37: 1.95995596661885, 38: 3.97475587923504, 39: 1.491633752140457, 40: 4.460804730818529, 41: 1.9728343247341906, 42: 3.9734286794462212, 43: 2.4460815857821876, 44: 0.48752060971897304, 45: 1.4819581880465713, 46: 1.4821504811940813, 47: 5.975511470312299, 48: 2.4706827801989206, 49: 1.4855830494283655, 50: 1.4511379100046824, 51: 0.47011361187206235, 52: 5.482286220063244, 53: 1.9744423530397681, 54: 3.479355005310234, 55: 0.48014297782115056, 56: 0.9749223230733963, 57: 2.4666797256744752, 58: 5.96344702979024, 59: 0.47843731939314305, 60: 1.4613171369559712, 61: 0.477970422579437, 62: 2.9632184264769568, 63: 0.49185888802609923, 64: 4.48188597308083, 65: 0.45583130288002227, 66: 1.4573219478153892, 67: 4.454501696728452, 68: 0.45480142171494364, 69: 1.4572346274717414, 70: 0.9559240385173216, 71: 0.9568108328835284, 72: 0.4954485744047543, 73: 2.991945261728397, 74: 2.96545035531864, 75: 4.478808271219467, 76: 1.4751551529519127, 77: 0.48108863189847284, 78: 2.464623637887442, 79: 1.4677284194692057, 80: 0.9811252796414773, 81: 0.9700354263905999, 82: 0.97716596887206, 83: 2.457850089427148, 84: 2.969431992591023, 85: 1.463594994507603, 86: 2.4793619475018547, 87: 0.4686152406135655, 88: 3.9665216742675264, 89: 1.0, 90: 5.975666239036385, 91: 0.9610313683313008, 92: 0.9508388667647485, 93: 2.967470821035487, 94: 0.46674202709239276, 95: 0.46638938233980776, 96: 3.467305890256191, 97: 1.9452497691241901, 98: 0.49157197773985084, 99: 0.45181476087593486}
2025-01-27 08:58:49 - WARNING  - Sum of s_i: 213.0402878899894
2025-01-27 08:59:09 - WARNING  - Epoch:   144. Accuracy: Top-1: 69.32 | Loss: value: 0.87
2025-01-27 08:59:09 - WARNING  - Epoch 144
2025-01-27 08:59:09 - WARNING  - s_i: {0: 2.454057160058231, 1: 2.4904967932150943, 2: 3.47091417361695, 3: 1.4687738884073585, 4: 3.962838372391475, 5: 3.4641981943467766, 6: 3.465171691179524, 7: 0.9703571336939667, 8: 0.9869968865815775, 9: 1.4702913606140093, 10: 1.9594038217966545, 11: 2.486650137836895, 12: 2.4553667161940362, 13: 0.971885896731929, 14: 1.4794750234252727, 15: 1.4681208074216947, 16: 3.4792795117311996, 17: 3.471144930315055, 18: 5.456057033966685, 19: 0.9515016150660625, 20: 0.46124387999786154, 21: 1.4863248881700175, 22: 0.48692445575355814, 23: 0.9654266410206844, 24: 3.4703792314931174, 25: 2.980982702418551, 26: 0.9662190177564265, 27: 0.9812013832268357, 28: 2.9392785458588877, 29: 1.963435322903234, 30: 0.48781355043536045, 31: 1.4866727159083277, 32: 1.4550545788255063, 33: 6.443368516508323, 34: 1.0, 35: 2.9612211808186966, 36: 3.4669507249817886, 37: 1.95995596661885, 38: 3.97475587923504, 39: 1.491633752140457, 40: 4.460804730818529, 41: 1.9728343247341906, 42: 3.9734286794462212, 43: 2.4460815857821876, 44: 0.48752060971897304, 45: 1.4819581880465713, 46: 1.4821504811940813, 47: 5.975511470312299, 48: 2.4706827801989206, 49: 1.4855830494283655, 50: 1.4511379100046824, 51: 0.47011361187206235, 52: 5.482286220063244, 53: 1.9744423530397681, 54: 4.475226006372272, 55: 0.48014297782115056, 56: 0.9749223230733963, 57: 2.4666797256744752, 58: 5.96344702979024, 59: 0.47843731939314305, 60: 1.4613171369559712, 61: 0.477970422579437, 62: 2.9632184264769568, 63: 0.987788332039144, 64: 4.48188597308083, 65: 0.45583130288002227, 66: 1.4573219478153892, 67: 4.454501696728452, 68: 0.45480142171494364, 69: 1.4572346274717414, 70: 1.4510267094636848, 71: 0.9568108328835284, 72: 0.4954485744047543, 73: 2.991945261728397, 74: 2.96545035531864, 75: 4.478808271219467, 76: 1.4751551529519127, 77: 0.48108863189847284, 78: 2.464623637887442, 79: 1.4677284194692057, 80: 0.9811252796414773, 81: 0.9700354263905999, 82: 0.97716596887206, 83: 2.457850089427148, 84: 2.969431992591023, 85: 1.463594994507603, 86: 2.4793619475018547, 87: 0.4686152406135655, 88: 0.9623368835509694, 89: 1.0, 90: 5.975666239036385, 91: 0.9610313683313008, 92: 0.9508388667647485, 93: 2.967470821035487, 94: 0.46674202709239276, 95: 0.46638938233980776, 96: 3.467305890256191, 97: 1.9452497691241901, 98: 0.49157197773985084, 99: 0.45181476087593486}
2025-01-27 08:59:09 - WARNING  - Sum of s_i: 211.01877152010772
2025-01-27 08:59:33 - WARNING  - Epoch:   145. Accuracy: Top-1: 67.64 | Loss: value: 0.91
2025-01-27 08:59:33 - WARNING  - Epoch 145
2025-01-27 08:59:33 - WARNING  - s_i: {0: 2.454057160058231, 1: 2.4904967932150943, 2: 3.47091417361695, 3: 1.4687738884073585, 4: 3.962838372391475, 5: 3.4641981943467766, 6: 3.465171691179524, 7: 0.9703571336939667, 8: 0.9869968865815775, 9: 1.4702913606140093, 10: 1.9594038217966545, 11: 2.486650137836895, 12: 2.4553667161940362, 13: 0.971885896731929, 14: 1.4794750234252727, 15: 1.4681208074216947, 16: 3.4792795117311996, 17: 3.471144930315055, 18: 5.456057033966685, 19: 0.9515016150660625, 20: 0.46124387999786154, 21: 1.4863248881700175, 22: 0.48692445575355814, 23: 0.9654266410206844, 24: 3.4703792314931174, 25: 2.980982702418551, 26: 0.9662190177564265, 27: 0.9812013832268357, 28: 2.9392785458588877, 29: 1.963435322903234, 30: 0.48781355043536045, 31: 1.4866727159083277, 32: 1.4550545788255063, 33: 6.443368516508323, 34: 1.0, 35: 2.9612211808186966, 36: 3.4669507249817886, 37: 1.95995596661885, 38: 3.97475587923504, 39: 1.491633752140457, 40: 4.460804730818529, 41: 1.9728343247341906, 42: 3.9734286794462212, 43: 2.4460815857821876, 44: 0.48752060971897304, 45: 1.4819581880465713, 46: 1.4821504811940813, 47: 5.975511470312299, 48: 2.4706827801989206, 49: 1.4855830494283655, 50: 1.4511379100046824, 51: 0.47011361187206235, 52: 5.482286220063244, 53: 1.9744423530397681, 54: 4.475226006372272, 55: 0.48014297782115056, 56: 0.9749223230733963, 57: 2.4666797256744752, 58: 5.96344702979024, 59: 0.47843731939314305, 60: 1.4613171369559712, 61: 0.477970422579437, 62: 2.9632184264769568, 63: 0.987788332039144, 64: 4.48188597308083, 65: 0.45583130288002227, 66: 1.4573219478153892, 67: 4.454501696728452, 68: 0.45480142171494364, 69: 1.4572346274717414, 70: 1.4510267094636848, 71: 0.9568108328835284, 72: 0.4954485744047543, 73: 2.991945261728397, 74: 2.96545035531864, 75: 4.478808271219467, 76: 1.4751551529519127, 77: 0.48108863189847284, 78: 2.464623637887442, 79: 1.4677284194692057, 80: 0.9811252796414773, 81: 0.9700354263905999, 82: 0.97716596887206, 83: 2.457850089427148, 84: 2.969431992591023, 85: 1.463594994507603, 86: 2.4793619475018547, 87: 0.4686152406135655, 88: 0.9623368835509694, 89: 1.0, 90: 5.975666239036385, 91: 0.9610313683313008, 92: 0.9508388667647485, 93: 2.967470821035487, 94: 0.46674202709239276, 95: 0.46638938233980776, 96: 0.46263530314993684, 97: 1.9452497691241901, 98: 0.49157197773985084, 99: 0.45181476087593486}
2025-01-27 08:59:33 - WARNING  - Sum of s_i: 208.01410093300146
2025-01-27 08:59:53 - WARNING  - Epoch:   146. Accuracy: Top-1: 68.27 | Loss: value: 0.90
2025-01-27 08:59:53 - WARNING  - Epoch 146
2025-01-27 08:59:53 - WARNING  - s_i: {0: 2.454057160058231, 1: 2.4904967932150943, 2: 0.9660665358864446, 3: 1.4687738884073585, 4: 3.962838372391475, 5: 3.4641981943467766, 6: 3.465171691179524, 7: 0.9703571336939667, 8: 0.9869968865815775, 9: 1.4702913606140093, 10: 1.9594038217966545, 11: 2.486650137836895, 12: 2.4553667161940362, 13: 0.971885896731929, 14: 1.4794750234252727, 15: 1.4681208074216947, 16: 3.4792795117311996, 17: 3.471144930315055, 18: 5.456057033966685, 19: 0.9515016150660625, 20: 0.46124387999786154, 21: 1.4863248881700175, 22: 0.48692445575355814, 23: 0.9654266410206844, 24: 3.4703792314931174, 25: 2.980982702418551, 26: 0.9662190177564265, 27: 0.9812013832268357, 28: 2.9392785458588877, 29: 1.963435322903234, 30: 0.48781355043536045, 31: 1.4866727159083277, 32: 1.4550545788255063, 33: 6.443368516508323, 34: 1.0, 35: 2.9612211808186966, 36: 3.4669507249817886, 37: 1.95995596661885, 38: 3.97475587923504, 39: 1.491633752140457, 40: 4.460804730818529, 41: 1.9728343247341906, 42: 2.469000126020589, 43: 2.4460815857821876, 44: 0.48752060971897304, 45: 1.4819581880465713, 46: 1.4821504811940813, 47: 5.975511470312299, 48: 2.4706827801989206, 49: 1.4855830494283655, 50: 1.4511379100046824, 51: 0.47011361187206235, 52: 5.482286220063244, 53: 1.9744423530397681, 54: 4.475226006372272, 55: 0.48014297782115056, 56: 0.9749223230733963, 57: 2.4666797256744752, 58: 5.96344702979024, 59: 0.47843731939314305, 60: 1.4613171369559712, 61: 0.477970422579437, 62: 2.9632184264769568, 63: 0.987788332039144, 64: 4.48188597308083, 65: 0.45583130288002227, 66: 1.4573219478153892, 67: 4.454501696728452, 68: 0.45480142171494364, 69: 1.4572346274717414, 70: 1.4510267094636848, 71: 0.9568108328835284, 72: 0.4954485744047543, 73: 2.991945261728397, 74: 2.96545035531864, 75: 4.478808271219467, 76: 1.4751551529519127, 77: 0.48108863189847284, 78: 2.464623637887442, 79: 1.4677284194692057, 80: 0.9811252796414773, 81: 0.4650413307890322, 82: 0.97716596887206, 83: 2.457850089427148, 84: 2.969431992591023, 85: 1.463594994507603, 86: 2.4793619475018547, 87: 0.4686152406135655, 88: 0.9623368835509694, 89: 1.0, 90: 5.975666239036385, 91: 0.9610313683313008, 92: 0.9508388667647485, 93: 2.967470821035487, 94: 0.46674202709239276, 95: 0.46638938233980776, 96: 0.46263530314993684, 97: 1.9452497691241901, 98: 0.49157197773985084, 99: 0.45181476087593486}
2025-01-27 08:59:53 - WARNING  - Sum of s_i: 203.49983064624377
2025-01-27 09:00:13 - WARNING  - Epoch:   147. Accuracy: Top-1: 66.76 | Loss: value: 0.94
2025-01-27 09:00:13 - WARNING  - Epoch 147
2025-01-27 09:00:13 - WARNING  - s_i: {0: 2.454057160058231, 1: 2.4904967932150943, 2: 0.9660665358864446, 3: 1.4687738884073585, 4: 1.9581931689404182, 5: 3.4641981943467766, 6: 3.465171691179524, 7: 0.9703571336939667, 8: 0.9869968865815775, 9: 1.4702913606140093, 10: 1.9594038217966545, 11: 2.486650137836895, 12: 2.4553667161940362, 13: 0.971885896731929, 14: 1.4794750234252727, 15: 1.4681208074216947, 16: 3.4792795117311996, 17: 3.471144930315055, 18: 5.456057033966685, 19: 0.9515016150660625, 20: 0.46124387999786154, 21: 1.4863248881700175, 22: 0.48692445575355814, 23: 0.9654266410206844, 24: 3.4703792314931174, 25: 2.980982702418551, 26: 0.9662190177564265, 27: 0.9812013832268357, 28: 2.9392785458588877, 29: 1.963435322903234, 30: 0.48781355043536045, 31: 1.4866727159083277, 32: 1.4550545788255063, 33: 6.443368516508323, 34: 1.0, 35: 2.9612211808186966, 36: 3.4669507249817886, 37: 1.95995596661885, 38: 3.97475587923504, 39: 1.491633752140457, 40: 4.460804730818529, 41: 1.9728343247341906, 42: 2.469000126020589, 43: 2.4460815857821876, 44: 0.48752060971897304, 45: 1.4819581880465713, 46: 1.4821504811940813, 47: 5.975511470312299, 48: 2.4706827801989206, 49: 1.4855830494283655, 50: 1.4511379100046824, 51: 0.47011361187206235, 52: 5.482286220063244, 53: 1.9744423530397681, 54: 4.475226006372272, 55: 0.48014297782115056, 56: 0.9749223230733963, 57: 2.4666797256744752, 58: 5.96344702979024, 59: 0.47843731939314305, 60: 1.4613171369559712, 61: 0.477970422579437, 62: 2.9632184264769568, 63: 0.987788332039144, 64: 4.48188597308083, 65: 0.45583130288002227, 66: 1.4573219478153892, 67: 4.454501696728452, 68: 0.45480142171494364, 69: 1.4572346274717414, 70: 1.4510267094636848, 71: 0.9568108328835284, 72: 0.4954485744047543, 73: 2.991945261728397, 74: 2.96545035531864, 75: 4.478808271219467, 76: 1.4751551529519127, 77: 0.48108863189847284, 78: 2.464623637887442, 79: 1.4677284194692057, 80: 0.9811252796414773, 81: 0.4650413307890322, 82: 0.97716596887206, 83: 2.457850089427148, 84: 2.969431992591023, 85: 1.463594994507603, 86: 2.4793619475018547, 87: 0.4686152406135655, 88: 0.9623368835509694, 89: 1.0, 90: 2.9707994868436614, 91: 0.9610313683313008, 92: 0.9508388667647485, 93: 2.967470821035487, 94: 0.46674202709239276, 95: 0.46638938233980776, 96: 0.46263530314993684, 97: 1.9452497691241901, 98: 0.49157197773985084, 99: 0.45181476087593486}
2025-01-27 09:00:13 - WARNING  - Sum of s_i: 198.4903186906
2025-01-27 09:00:36 - WARNING  - Epoch:   148. Accuracy: Top-1: 69.20 | Loss: value: 0.87
2025-01-27 09:00:36 - WARNING  - Epoch 148
2025-01-27 09:00:36 - WARNING  - s_i: {0: 2.454057160058231, 1: 2.4904967932150943, 2: 0.9660665358864446, 3: 1.4687738884073585, 4: 1.9581931689404182, 5: 3.4641981943467766, 6: 3.465171691179524, 7: 0.9703571336939667, 8: 0.9869968865815775, 9: 1.4702913606140093, 10: 1.9594038217966545, 11: 2.486650137836895, 12: 2.4553667161940362, 13: 0.971885896731929, 14: 1.4794750234252727, 15: 1.4681208074216947, 16: 3.4792795117311996, 17: 3.471144930315055, 18: 5.456057033966685, 19: 0.9515016150660625, 20: 0.46124387999786154, 21: 1.4863248881700175, 22: 0.48692445575355814, 23: 0.9654266410206844, 24: 3.4703792314931174, 25: 2.980982702418551, 26: 0.9662190177564265, 27: 0.9812013832268357, 28: 2.9392785458588877, 29: 1.963435322903234, 30: 0.48781355043536045, 31: 1.4866727159083277, 32: 1.4550545788255063, 33: 6.443368516508323, 34: 1.0, 35: 2.9612211808186966, 36: 3.4669507249817886, 37: 1.95995596661885, 38: 3.97475587923504, 39: 1.491633752140457, 40: 4.460804730818529, 41: 1.9728343247341906, 42: 2.469000126020589, 43: 2.4460815857821876, 44: 0.48752060971897304, 45: 1.4819581880465713, 46: 1.4821504811940813, 47: 5.975511470312299, 48: 2.4706827801989206, 49: 1.4855830494283655, 50: 1.4511379100046824, 51: 0.47011361187206235, 52: 5.482286220063244, 53: 1.9744423530397681, 54: 4.475226006372272, 55: 0.48014297782115056, 56: 0.9749223230733963, 57: 2.4666797256744752, 58: 5.96344702979024, 59: 0.47843731939314305, 60: 1.4613171369559712, 61: 0.477970422579437, 62: 2.9632184264769568, 63: 0.987788332039144, 64: 4.48188597308083, 65: 0.45583130288002227, 66: 1.4573219478153892, 67: 4.454501696728452, 68: 0.45480142171494364, 69: 1.4572346274717414, 70: 1.4510267094636848, 71: 0.9568108328835284, 72: 0.4954485744047543, 73: 2.991945261728397, 74: 2.96545035531864, 75: 4.478808271219467, 76: 1.4751551529519127, 77: 1.4763607898730935, 78: 2.464623637887442, 79: 1.4677284194692057, 80: 0.9811252796414773, 81: 0.4650413307890322, 82: 0.97716596887206, 83: 2.457850089427148, 84: 2.969431992591023, 85: 1.463594994507603, 86: 2.4793619475018547, 87: 0.4686152406135655, 88: 0.9623368835509694, 89: 1.0, 90: 2.9707994868436614, 91: 0.9610313683313008, 92: 0.9508388667647485, 93: 2.967470821035487, 94: 0.46674202709239276, 95: 0.46638938233980776, 96: 0.46263530314993684, 97: 1.9452497691241901, 98: 0.49157197773985084, 99: 0.45181476087593486}
2025-01-27 09:00:36 - WARNING  - Sum of s_i: 199.48559084857462
2025-01-27 09:00:58 - WARNING  - Epoch:   149. Accuracy: Top-1: 69.13 | Loss: value: 0.86
2025-01-27 09:00:58 - WARNING  - Epoch 149
2025-01-27 09:00:58 - WARNING  - s_i: {0: 2.454057160058231, 1: 2.4904967932150943, 2: 0.9660665358864446, 3: 1.4687738884073585, 4: 1.9581931689404182, 5: 3.4641981943467766, 6: 3.465171691179524, 7: 0.9703571336939667, 8: 0.9869968865815775, 9: 1.4702913606140093, 10: 1.9594038217966545, 11: 2.486650137836895, 12: 2.4553667161940362, 13: 0.971885896731929, 14: 1.4794750234252727, 15: 1.4681208074216947, 16: 3.4792795117311996, 17: 3.471144930315055, 18: 5.456057033966685, 19: 0.9515016150660625, 20: 0.46124387999786154, 21: 1.4863248881700175, 22: 0.48692445575355814, 23: 0.9654266410206844, 24: 3.4703792314931174, 25: 2.980982702418551, 26: 0.9662190177564265, 27: 0.9812013832268357, 28: 2.9392785458588877, 29: 1.963435322903234, 30: 0.48781355043536045, 31: 1.4866727159083277, 32: 1.4550545788255063, 33: 6.443368516508323, 34: 1.0, 35: 2.9612211808186966, 36: 3.4669507249817886, 37: 1.95995596661885, 38: 3.97475587923504, 39: 1.491633752140457, 40: 4.460804730818529, 41: 1.9728343247341906, 42: 2.469000126020589, 43: 2.4460815857821876, 44: 0.48752060971897304, 45: 1.4819581880465713, 46: 1.4821504811940813, 47: 5.975511470312299, 48: 2.4706827801989206, 49: 1.4855830494283655, 50: 1.4511379100046824, 51: 0.47011361187206235, 52: 5.482286220063244, 53: 1.9744423530397681, 54: 1.9710970074343233, 55: 0.48014297782115056, 56: 0.9749223230733963, 57: 2.4666797256744752, 58: 5.96344702979024, 59: 0.47843731939314305, 60: 1.4613171369559712, 61: 0.477970422579437, 62: 2.9632184264769568, 63: 0.987788332039144, 64: 4.48188597308083, 65: 0.45583130288002227, 66: 1.4573219478153892, 67: 4.454501696728452, 68: 0.45480142171494364, 69: 1.4572346274717414, 70: 1.4510267094636848, 71: 0.9568108328835284, 72: 0.4954485744047543, 73: 2.991945261728397, 74: 2.96545035531864, 75: 4.478808271219467, 76: 1.4751551529519127, 77: 1.4763607898730935, 78: 2.464623637887442, 79: 1.4677284194692057, 80: 0.9811252796414773, 81: 0.4650413307890322, 82: 0.97716596887206, 83: 2.457850089427148, 84: 2.969431992591023, 85: 1.463594994507603, 86: 2.4793619475018547, 87: 0.4686152406135655, 88: 0.9623368835509694, 89: 1.0, 90: 2.9707994868436614, 91: 0.9610313683313008, 92: 0.9508388667647485, 93: 2.967470821035487, 94: 0.46674202709239276, 95: 0.46638938233980776, 96: 0.46263530314993684, 97: 1.9452497691241901, 98: 0.49157197773985084, 99: 0.45181476087593486}
2025-01-27 09:00:58 - WARNING  - Sum of s_i: 196.98146184963664
2025-01-27 09:01:20 - WARNING  - Epoch:   150. Accuracy: Top-1: 68.98 | Loss: value: 0.88
2025-01-27 09:01:20 - WARNING  - Epoch 150
2025-01-27 09:01:20 - WARNING  - s_i: {0: 2.454057160058231, 1: 2.4904967932150943, 2: 0.9660665358864446, 3: 1.4687738884073585, 4: 1.9581931689404182, 5: 3.4641981943467766, 6: 3.465171691179524, 7: 0.9703571336939667, 8: 0.9869968865815775, 9: 1.4702913606140093, 10: 1.9594038217966545, 11: 2.486650137836895, 12: 2.4553667161940362, 13: 0.971885896731929, 14: 1.4794750234252727, 15: 1.4681208074216947, 16: 3.4792795117311996, 17: 3.471144930315055, 18: 5.456057033966685, 19: 0.9515016150660625, 20: 0.46124387999786154, 21: 1.4863248881700175, 22: 0.48692445575355814, 23: 0.9654266410206844, 24: 2.966147693134996, 25: 2.980982702418551, 26: 0.9662190177564265, 27: 0.9812013832268357, 28: 2.9392785458588877, 29: 1.963435322903234, 30: 0.48781355043536045, 31: 1.4866727159083277, 32: 1.4550545788255063, 33: 6.443368516508323, 34: 1.0, 35: 2.9612211808186966, 36: 3.4669507249817886, 37: 1.95995596661885, 38: 3.97475587923504, 39: 1.491633752140457, 40: 4.460804730818529, 41: 1.9728343247341906, 42: 2.469000126020589, 43: 2.4460815857821876, 44: 0.48752060971897304, 45: 1.4819581880465713, 46: 0.9776881014925997, 47: 5.975511470312299, 48: 2.4706827801989206, 49: 1.4855830494283655, 50: 1.4511379100046824, 51: 0.47011361187206235, 52: 5.482286220063244, 53: 1.9744423530397681, 54: 3.4669680084963668, 55: 0.48014297782115056, 56: 0.9749223230733963, 57: 2.4666797256744752, 58: 5.958877908514015, 59: 0.47843731939314305, 60: 1.4613171369559712, 61: 0.477970422579437, 62: 2.9632184264769568, 63: 0.987788332039144, 64: 4.48188597308083, 65: 0.45583130288002227, 66: 1.4573219478153892, 67: 4.454501696728452, 68: 0.45480142171494364, 69: 1.4572346274717414, 70: 1.4510267094636848, 71: 0.9568108328835284, 72: 0.4954485744047543, 73: 2.991945261728397, 74: 2.96545035531864, 75: 4.478808271219467, 76: 1.4751551529519127, 77: 1.4763607898730935, 78: 2.464623637887442, 79: 1.4677284194692057, 80: 0.9811252796414773, 81: 0.4650413307890322, 82: 0.97716596887206, 83: 2.457850089427148, 84: 2.969431992591023, 85: 1.463594994507603, 86: 2.4793619475018547, 87: 0.4686152406135655, 88: 0.9623368835509694, 89: 1.0, 90: 2.9707994868436614, 91: 0.9610313683313008, 92: 0.9508388667647485, 93: 2.967470821035487, 94: 0.46674202709239276, 95: 0.46638938233980776, 96: 3.9579647160436773, 97: 1.9452497691241901, 98: 0.49157197773985084, 99: 0.45181476087593486}
2025-01-27 09:01:20 - WARNING  - Sum of s_i: 200.9593992242566
2025-01-27 09:01:25 - WARNING  - The sum of accs: 67.0
2025-01-27 09:01:25 - WARNING  - The welfare is 66.90957268206077
2025-01-27 09:01:47 - WARNING  - Epoch:   151. Accuracy: Top-1: 68.18 | Loss: value: 0.90
2025-01-27 09:01:47 - WARNING  - Epoch 151
2025-01-27 09:01:47 - WARNING  - s_i: {0: 2.454057160058231, 1: 2.4904967932150943, 2: 0.9660665358864446, 3: 1.4687738884073585, 4: 1.9581931689404182, 5: 3.4641981943467766, 6: 3.465171691179524, 7: 0.9703571336939667, 8: 0.9869968865815775, 9: 1.4702913606140093, 10: 1.9594038217966545, 11: 2.486650137836895, 12: 2.4553667161940362, 13: 0.971885896731929, 14: 1.4794750234252727, 15: 1.4681208074216947, 16: 3.4792795117311996, 17: 3.471144930315055, 18: 5.456057033966685, 19: 0.9515016150660625, 20: 0.46124387999786154, 21: 1.4863248881700175, 22: 0.48692445575355814, 23: 0.9654266410206844, 24: 2.966147693134996, 25: 2.980982702418551, 26: 0.9662190177564265, 27: 0.9812013832268357, 28: 2.9392785458588877, 29: 1.963435322903234, 30: 0.48781355043536045, 31: 1.4866727159083277, 32: 1.4550545788255063, 33: 6.443368516508323, 34: 1.0, 35: 2.9612211808186966, 36: 3.4669507249817886, 37: 1.95995596661885, 38: 3.97475587923504, 39: 1.491633752140457, 40: 0.4559053221708478, 41: 1.9728343247341906, 42: 2.469000126020589, 43: 2.4460815857821876, 44: 0.48752060971897304, 45: 1.4819581880465713, 46: 0.9776881014925997, 47: 5.975511470312299, 48: 2.4706827801989206, 49: 1.4855830494283655, 50: 1.4511379100046824, 51: 0.47011361187206235, 52: 5.482286220063244, 53: 1.9744423530397681, 54: 3.4669680084963668, 55: 0.48014297782115056, 56: 0.9749223230733963, 57: 2.4666797256744752, 58: 0.45430878723779156, 59: 0.47843731939314305, 60: 1.4613171369559712, 61: 0.477970422579437, 62: 2.9632184264769568, 63: 0.987788332039144, 64: 4.48188597308083, 65: 0.45583130288002227, 66: 1.4573219478153892, 67: 4.454501696728452, 68: 0.45480142171494364, 69: 1.4572346274717414, 70: 1.4510267094636848, 71: 0.9568108328835284, 72: 0.4954485744047543, 73: 2.991945261728397, 74: 2.96545035531864, 75: 4.478808271219467, 76: 1.4751551529519127, 77: 1.4763607898730935, 78: 2.464623637887442, 79: 1.4677284194692057, 80: 0.9811252796414773, 81: 0.4650413307890322, 82: 0.97716596887206, 83: 2.457850089427148, 84: 2.969431992591023, 85: 1.463594994507603, 86: 2.4793619475018547, 87: 0.4686152406135655, 88: 0.9623368835509694, 89: 1.0, 90: 2.9707994868436614, 91: 0.9610313683313008, 92: 0.9508388667647485, 93: 2.967470821035487, 94: 0.46674202709239276, 95: 0.46638938233980776, 96: 3.9579647160436773, 97: 1.9452497691241901, 98: 0.49157197773985084, 99: 0.45181476087593486}
2025-01-27 09:01:47 - WARNING  - Sum of s_i: 191.44993069433272
2025-01-27 09:02:10 - WARNING  - Epoch:   152. Accuracy: Top-1: 69.68 | Loss: value: 0.85
2025-01-27 09:02:10 - WARNING  - Epoch 152
2025-01-27 09:02:10 - WARNING  - s_i: {0: 2.454057160058231, 1: 2.4904967932150943, 2: 0.9660665358864446, 3: 1.4687738884073585, 4: 1.9581931689404182, 5: 3.4641981943467766, 6: 3.465171691179524, 7: 0.9703571336939667, 8: 0.9869968865815775, 9: 1.4702913606140093, 10: 2.4553442039763214, 11: 2.486650137836895, 12: 2.4553667161940362, 13: 0.971885896731929, 14: 0.9753700281103336, 15: 1.4681208074216947, 16: 3.4792795117311996, 17: 3.471144930315055, 18: 5.456057033966685, 19: 0.9515016150660625, 20: 0.46124387999786154, 21: 1.4863248881700175, 22: 0.48692445575355814, 23: 0.9654266410206844, 24: 2.966147693134996, 25: 0.9762283780231922, 26: 1.461996394975979, 27: 0.9812013832268357, 28: 2.9392785458588877, 29: 1.963435322903234, 30: 0.48781355043536045, 31: 1.4866727159083277, 32: 1.4550545788255063, 33: 6.443368516508323, 34: 1.0, 35: 2.9612211808186966, 36: 3.4669507249817886, 37: 1.95995596661885, 38: 3.97475587923504, 39: 1.491633752140457, 40: 0.4559053221708478, 41: 1.9728343247341906, 42: 2.469000126020589, 43: 2.4460815857821876, 44: 0.48752060971897304, 45: 1.4819581880465713, 46: 0.9776881014925997, 47: 5.975511470312299, 48: 0.4657965768987449, 49: 0.48077739923782126, 50: 1.4511379100046824, 51: 0.47011361187206235, 52: 5.4778577750790545, 53: 1.9744423530397681, 54: 3.4669680084963668, 55: 0.48014297782115056, 56: 0.9749223230733963, 57: 2.4666797256744752, 58: 0.45430878723779156, 59: 0.47843731939314305, 60: 1.4613171369559712, 61: 0.477970422579437, 62: 2.9632184264769568, 63: 0.987788332039144, 64: 4.48188597308083, 65: 0.45583130288002227, 66: 1.4573219478153892, 67: 4.454501696728452, 68: 0.45480142171494364, 69: 1.4572346274717414, 70: 1.4510267094636848, 71: 0.9568108328835284, 72: 0.4954485744047543, 73: 2.991945261728397, 74: 2.96545035531864, 75: 4.478808271219467, 76: 1.4751551529519127, 77: 1.4763607898730935, 78: 2.464623637887442, 79: 1.4677284194692057, 80: 0.9811252796414773, 81: 0.4650413307890322, 82: 0.4725991626464764, 83: 2.457850089427148, 84: 2.969431992591023, 85: 1.463594994507603, 86: 2.4793619475018547, 87: 0.4686152406135655, 88: 0.9623368835509694, 89: 1.0, 90: 2.9707994868436614, 91: 0.9610313683313008, 92: 0.9508388667647485, 93: 2.967470821035487, 94: 0.46674202709239276, 95: 0.46638938233980776, 96: 3.9579647160436773, 97: 1.9452497691241901, 98: 0.49157197773985084, 99: 0.45181476087593486}
2025-01-27 09:02:10 - WARNING  - Sum of s_i: 186.41410202932113
2025-01-27 09:02:34 - WARNING  - Epoch:   153. Accuracy: Top-1: 68.80 | Loss: value: 0.89
2025-01-27 09:02:34 - WARNING  - Epoch 153
2025-01-27 09:02:34 - WARNING  - s_i: {0: 2.454057160058231, 1: 2.4904967932150943, 2: 0.9660665358864446, 3: 1.4687738884073585, 4: 1.9581931689404182, 5: 3.4641981943467766, 6: 3.465171691179524, 7: 0.9703571336939667, 8: 0.9869968865815775, 9: 1.4702913606140093, 10: 2.4553442039763214, 11: 2.486650137836895, 12: 2.4553667161940362, 13: 0.971885896731929, 14: 0.9753700281103336, 15: 1.4681208074216947, 16: 3.4792795117311996, 17: 3.471144930315055, 18: 5.456057033966685, 19: 0.9515016150660625, 20: 0.46124387999786154, 21: 1.4863248881700175, 22: 0.48692445575355814, 23: 0.9654266410206844, 24: 2.966147693134996, 25: 0.9762283780231922, 26: 1.461996394975979, 27: 0.9812013832268357, 28: 2.9392785458588877, 29: 1.963435322903234, 30: 0.48781355043536045, 31: 0.9822302878777734, 32: 1.4550545788255063, 33: 6.443368516508323, 34: 1.0, 35: 2.9612211808186966, 36: 3.4669507249817886, 37: 1.95995596661885, 38: 3.97475587923504, 39: 1.491633752140457, 40: 0.4559053221708478, 41: 1.9728343247341906, 42: 2.469000126020589, 43: 2.4460815857821876, 44: 0.48752060971897304, 45: 1.4819581880465713, 46: 0.9776881014925997, 47: 5.975511470312299, 48: 0.4657965768987449, 49: 0.48077739923782126, 50: 1.4511379100046824, 51: 0.47011361187206235, 52: 5.4778577750790545, 53: 1.4701827452130674, 54: 3.4669680084963668, 55: 0.48014297782115056, 56: 0.9749223230733963, 57: 2.4666797256744752, 58: 0.45430878723779156, 59: 0.47843731939314305, 60: 1.4613171369559712, 61: 0.477970422579437, 62: 2.9632184264769568, 63: 0.987788332039144, 64: 4.48188597308083, 65: 0.45583130288002227, 66: 1.4573219478153892, 67: 4.454501696728452, 68: 0.45480142171494364, 69: 1.4572346274717414, 70: 1.4510267094636848, 71: 0.9568108328835284, 72: 0.4954485744047543, 73: 2.991945261728397, 74: 2.96545035531864, 75: 2.974569925463364, 76: 1.4751551529519127, 77: 1.4763607898730935, 78: 2.464623637887442, 79: 1.4677284194692057, 80: 0.9811252796414773, 81: 0.4650413307890322, 82: 0.4725991626464764, 83: 2.457850089427148, 84: 2.969431992591023, 85: 1.463594994507603, 86: 2.4793619475018547, 87: 0.4686152406135655, 88: 0.4581520928344146, 89: 1.0, 90: 2.9707994868436614, 91: 0.9610313683313008, 92: 0.9508388667647485, 93: 2.967470821035487, 94: 0.46674202709239276, 95: 0.46638938233980776, 96: 3.9579647160436773, 97: 1.9452497691241901, 98: 0.49157197773985084, 99: 0.45181476087593486}
2025-01-27 09:02:34 - WARNING  - Sum of s_i: 183.39697685699122
2025-01-27 09:02:57 - WARNING  - Epoch:   154. Accuracy: Top-1: 69.39 | Loss: value: 0.87
2025-01-27 09:02:57 - WARNING  - Epoch 154
2025-01-27 09:02:57 - WARNING  - s_i: {0: 2.454057160058231, 1: 2.4904967932150943, 2: 0.9660665358864446, 3: 1.4687738884073585, 4: 1.9581931689404182, 5: 3.4641981943467766, 6: 3.465171691179524, 7: 0.9703571336939667, 8: 0.9869968865815775, 9: 1.4702913606140093, 10: 2.4553442039763214, 11: 2.486650137836895, 12: 2.4553667161940362, 13: 0.971885896731929, 14: 0.9753700281103336, 15: 1.4681208074216947, 16: 3.4792795117311996, 17: 3.471144930315055, 18: 5.456057033966685, 19: 0.9515016150660625, 20: 0.46124387999786154, 21: 1.4863248881700175, 22: 0.48692445575355814, 23: 0.9654266410206844, 24: 2.966147693134996, 25: 0.9762283780231922, 26: 1.461996394975979, 27: 0.9812013832268357, 28: 2.9392785458588877, 29: 1.963435322903234, 30: 0.48781355043536045, 31: 0.9822302878777734, 32: 1.4550545788255063, 33: 6.443368516508323, 34: 1.0, 35: 2.9612211808186966, 36: 3.4669507249817886, 37: 1.95995596661885, 38: 3.97475587923504, 39: 1.491633752140457, 40: 0.4559053221708478, 41: 1.9728343247341906, 42: 2.469000126020589, 43: 2.4460815857821876, 44: 0.48752060971897304, 45: 1.4819581880465713, 46: 0.9776881014925997, 47: 5.975511470312299, 48: 0.4657965768987449, 49: 0.48077739923782126, 50: 1.4511379100046824, 51: 0.47011361187206235, 52: 5.4778577750790545, 53: 1.4701827452130674, 54: 3.4669680084963668, 55: 0.48014297782115056, 56: 0.9749223230733963, 57: 2.4666797256744752, 58: 0.45430878723779156, 59: 0.47843731939314305, 60: 1.4613171369559712, 61: 0.477970422579437, 62: 2.9632184264769568, 63: 0.987788332039144, 64: 4.48188597308083, 65: 0.45583130288002227, 66: 1.4573219478153892, 67: 4.454501696728452, 68: 0.45480142171494364, 69: 1.4572346274717414, 70: 1.4510267094636848, 71: 0.9568108328835284, 72: 0.4954485744047543, 73: 2.991945261728397, 74: 2.96545035531864, 75: 2.974569925463364, 76: 1.4751551529519127, 77: 1.4763607898730935, 78: 2.464623637887442, 79: 1.4677284194692057, 80: 0.9811252796414773, 81: 0.4650413307890322, 82: 0.4725991626464764, 83: 2.457850089427148, 84: 2.969431992591023, 85: 1.463594994507603, 86: 2.4793619475018547, 87: 0.4686152406135655, 88: 0.4581520928344146, 89: 1.0, 90: 2.9707994868436614, 91: 0.9610313683313008, 92: 0.9508388667647485, 93: 2.967470821035487, 94: 0.46674202709239276, 95: 0.46638938233980776, 96: 3.9579647160436773, 97: 1.9452497691241901, 98: 0.49157197773985084, 99: 0.45181476087593486}
2025-01-27 09:02:57 - WARNING  - Sum of s_i: 183.39697685699122
2025-01-27 09:03:17 - WARNING  - Epoch:   155. Accuracy: Top-1: 69.73 | Loss: value: 0.85
2025-01-27 09:03:17 - WARNING  - Epoch 155
2025-01-27 09:03:17 - WARNING  - s_i: {0: 2.454057160058231, 1: 0.48574518982264747, 2: 0.9660665358864446, 3: 1.4687738884073585, 4: 1.9581931689404182, 5: 3.4641981943467766, 6: 3.465171691179524, 7: 0.9703571336939667, 8: 0.9869968865815775, 9: 1.4702913606140093, 10: 2.4553442039763214, 11: 2.486650137836895, 12: 2.4553667161940362, 13: 0.971885896731929, 14: 0.9753700281103336, 15: 1.4681208074216947, 16: 3.4792795117311996, 17: 3.471144930315055, 18: 5.456057033966685, 19: 0.9515016150660625, 20: 0.46124387999786154, 21: 1.4863248881700175, 22: 0.48692445575355814, 23: 0.9654266410206844, 24: 2.966147693134996, 25: 0.9762283780231922, 26: 1.461996394975979, 27: 0.9812013832268357, 28: 2.9392785458588877, 29: 1.963435322903234, 30: 0.48781355043536045, 31: 0.9822302878777734, 32: 1.4550545788255063, 33: 6.443368516508323, 34: 1.0, 35: 2.9612211808186966, 36: 3.4669507249817886, 37: 1.95995596661885, 38: 3.97475587923504, 39: 1.491633752140457, 40: 0.4559053221708478, 41: 1.9728343247341906, 42: 2.469000126020589, 43: 2.4460815857821876, 44: 0.48752060971897304, 45: 1.4819581880465713, 46: 0.9776881014925997, 47: 5.975511470312299, 48: 0.4657965768987449, 49: 0.48077739923782126, 50: 1.4511379100046824, 51: 0.47011361187206235, 52: 5.4778577750790545, 53: 1.4701827452130674, 54: 3.4669680084963668, 55: 0.48014297782115056, 56: 0.9749223230733963, 57: 2.4666797256744752, 58: 0.45430878723779156, 59: 0.47843731939314305, 60: 1.4613171369559712, 61: 0.477970422579437, 62: 2.9632184264769568, 63: 0.987788332039144, 64: 4.48188597308083, 65: 0.45583130288002227, 66: 1.4573219478153892, 67: 4.454501696728452, 68: 0.45480142171494364, 69: 1.4572346274717414, 70: 1.4510267094636848, 71: 0.9568108328835284, 72: 0.4954485744047543, 73: 3.487917892592598, 74: 2.96545035531864, 75: 2.974569925463364, 76: 1.4751551529519127, 77: 1.4763607898730935, 78: 2.464623637887442, 79: 1.4677284194692057, 80: 0.9811252796414773, 81: 0.4650413307890322, 82: 0.4725991626464764, 83: 2.457850089427148, 84: 2.969431992591023, 85: 1.463594994507603, 86: 2.4793619475018547, 87: 0.4686152406135655, 88: 0.4581520928344146, 89: 1.0, 90: 2.9707994868436614, 91: 0.9610313683313008, 92: 0.9508388667647485, 93: 2.967470821035487, 94: 0.46674202709239276, 95: 0.46638938233980776, 96: 3.9579647160436773, 97: 1.9452497691241901, 98: 0.49157197773985084, 99: 0.45181476087593486}
2025-01-27 09:03:17 - WARNING  - Sum of s_i: 181.88819788446298
2025-01-27 09:03:37 - WARNING  - Epoch:   156. Accuracy: Top-1: 71.06 | Loss: value: 0.82
2025-01-27 09:03:37 - WARNING  - Epoch 156
2025-01-27 09:03:37 - WARNING  - s_i: {0: 2.454057160058231, 1: 0.48574518982264747, 2: 0.9660665358864446, 3: 1.4687738884073585, 4: 1.9581931689404182, 5: 3.4641981943467766, 6: 3.465171691179524, 7: 0.9703571336939667, 8: 0.9869968865815775, 9: 1.4702913606140093, 10: 2.4553442039763214, 11: 2.486650137836895, 12: 2.4553667161940362, 13: 0.971885896731929, 14: 0.9753700281103336, 15: 1.4681208074216947, 16: 3.4792795117311996, 17: 3.471144930315055, 18: 5.456057033966685, 19: 0.9515016150660625, 20: 0.46124387999786154, 21: 1.4863248881700175, 22: 0.48692445575355814, 23: 0.9654266410206844, 24: 2.966147693134996, 25: 0.9762283780231922, 26: 1.461996394975979, 27: 0.9812013832268357, 28: 0.43460766477111834, 29: 1.963435322903234, 30: 0.48781355043536045, 31: 0.9822302878777734, 32: 1.4550545788255063, 33: 6.443368516508323, 34: 1.0, 35: 2.9612211808186966, 36: 3.4669507249817886, 37: 1.95995596661885, 38: 3.97475587923504, 39: 1.491633752140457, 40: 0.4559053221708478, 41: 1.9728343247341906, 42: 2.469000126020589, 43: 2.4460815857821876, 44: 0.48752060971897304, 45: 1.4819581880465713, 46: 0.9776881014925997, 47: 5.975511470312299, 48: 0.4657965768987449, 49: 0.48077739923782126, 50: 1.4511379100046824, 51: 0.47011361187206235, 52: 5.4778577750790545, 53: 1.4701827452130674, 54: 3.4669680084963668, 55: 0.48014297782115056, 56: 0.9749223230733963, 57: 2.4666797256744752, 58: 0.45430878723779156, 59: 0.47843731939314305, 60: 1.4613171369559712, 61: 0.477970422579437, 62: 2.9632184264769568, 63: 0.987788332039144, 64: 4.48188597308083, 65: 0.45583130288002227, 66: 1.4573219478153892, 67: 4.454501696728452, 68: 0.45480142171494364, 69: 1.4572346274717414, 70: 1.4510267094636848, 71: 0.9568108328835284, 72: 0.4954485744047543, 73: 3.487917892592598, 74: 2.96545035531864, 75: 2.974569925463364, 76: 1.4751551529519127, 77: 1.4763607898730935, 78: 2.464623637887442, 79: 1.4677284194692057, 80: 0.9811252796414773, 81: 0.4650413307890322, 82: 0.4725991626464764, 83: 2.457850089427148, 84: 2.969431992591023, 85: 1.463594994507603, 86: 2.4793619475018547, 87: 0.4686152406135655, 88: 0.4581520928344146, 89: 1.0, 90: 2.9707994868436614, 91: 0.9610313683313008, 92: 0.9508388667647485, 93: 2.967470821035487, 94: 0.46674202709239276, 95: 0.46638938233980776, 96: 3.9579647160436773, 97: 1.9452497691241901, 98: 0.49157197773985084, 99: 0.45181476087593486}
2025-01-27 09:03:37 - WARNING  - Sum of s_i: 179.3835270033752
2025-01-27 09:03:59 - WARNING  - Epoch:   157. Accuracy: Top-1: 69.41 | Loss: value: 0.87
2025-01-27 09:03:59 - WARNING  - Epoch 157
2025-01-27 09:03:59 - WARNING  - s_i: {0: 2.454057160058231, 1: 0.48574518982264747, 2: 0.9660665358864446, 3: 1.4687738884073585, 4: 1.9581931689404182, 5: 3.4641981943467766, 6: 3.465171691179524, 7: 0.9703571336939667, 8: 0.9869968865815775, 9: 1.4702913606140093, 10: 2.4553442039763214, 11: 2.486650137836895, 12: 2.4553667161940362, 13: 0.971885896731929, 14: 0.9753700281103336, 15: 1.4681208074216947, 16: 2.4751354140774424, 17: 3.471144930315055, 18: 5.456057033966685, 19: 0.9515016150660625, 20: 0.46124387999786154, 21: 1.4863248881700175, 22: 0.48692445575355814, 23: 0.9654266410206844, 24: 2.966147693134996, 25: 0.9762283780231922, 26: 1.461996394975979, 27: 0.9812013832268357, 28: 0.43460766477111834, 29: 1.963435322903234, 30: 0.48781355043536045, 31: 0.9822302878777734, 32: 1.4550545788255063, 33: 6.443368516508323, 34: 1.0, 35: 2.9612211808186966, 36: 3.4669507249817886, 37: 1.95995596661885, 38: 3.97475587923504, 39: 1.491633752140457, 40: 0.4559053221708478, 41: 1.9728343247341906, 42: 2.469000126020589, 43: 2.4460815857821876, 44: 0.48752060971897304, 45: 1.4819581880465713, 46: 0.9776881014925997, 47: 5.975511470312299, 48: 0.4657965768987449, 49: 0.48077739923782126, 50: 1.4511379100046824, 51: 0.47011361187206235, 52: 5.4778577750790545, 53: 1.4701827452130674, 54: 3.4669680084963668, 55: 0.48014297782115056, 56: 0.9749223230733963, 57: 2.4666797256744752, 58: 0.45430878723779156, 59: 0.47843731939314305, 60: 1.4613171369559712, 61: 0.477970422579437, 62: 2.9632184264769568, 63: 0.987788332039144, 64: 4.48188597308083, 65: 0.45583130288002227, 66: 1.4573219478153892, 67: 2.449951866401295, 68: 0.45480142171494364, 69: 1.4572346274717414, 70: 1.4510267094636848, 71: 0.9568108328835284, 72: 0.4954485744047543, 73: 3.487917892592598, 74: 2.96545035531864, 75: 2.974569925463364, 76: 1.4751551529519127, 77: 1.4763607898730935, 78: 2.464623637887442, 79: 1.4677284194692057, 80: 0.9811252796414773, 81: 0.4650413307890322, 82: 0.4725991626464764, 83: 2.457850089427148, 84: 2.969431992591023, 85: 1.463594994507603, 86: 2.4793619475018547, 87: 0.4686152406135655, 88: 0.4581520928344146, 89: 1.0, 90: 2.9707994868436614, 91: 0.9610313683313008, 92: 0.9508388667647485, 93: 2.967470821035487, 94: 0.46674202709239276, 95: 0.46638938233980776, 96: 3.9579647160436773, 97: 1.9452497691241901, 98: 0.49157197773985084, 99: 0.45181476087593486}
2025-01-27 09:03:59 - WARNING  - Sum of s_i: 176.3748330753943
{33: 0.10000000000000009, 52: -0.050000000000000044, 83: 0.19999999999999962, 50: -0.34999999999999976, 99: 0.34999999999999976, 11: 0.20000000000000018, 70: -0.04999999999999949, 58: 0.2999999999999997, 28: 0.050000000000000044, 85: -0.04999999999999949}
Length of Loader 100
{91: 0.050000000000000044, 16: -0.3999999999999998, 68: 0.050000000000000044, 97: -0.10000000000000009, 20: -0.050000000000000044, 51: -0.10000000000000009, 88: 0.20000000000000018, 48: -0.2500000000000002, 98: -0.15000000000000013, 92: -0.40000000000000036}
Length of Loader 100
{69: -0.050000000000000044, 27: -0.4999999999999999, 87: -0.3999999999999998, 5: -0.24999999999999967, 9: -0.2999999999999997, 78: -0.7500000000000001, 93: -0.7999999999999996, 23: -0.4999999999999999, 75: -0.5499999999999999, 26: -0.1500000000000007}
Length of Loader 100
{6: 0.10000000000000009, 86: 0.20000000000000018, 1: -0.5499999999999999, 43: -0.09999999999999953, 56: -0.6499999999999995, 31: -0.7999999999999996, 49: -0.49999999999999933, 4: -0.6, 82: -0.6499999999999995, 92: -0.34999999999999976}
Length of Loader 100
{68: -0.34999999999999976, 30: -0.34999999999999976, 77: -0.24999999999999967, 50: -0.39999999999999925, 98: -0.4999999999999999, 88: -0.5499999999999994, 3: -0.6999999999999995, 93: -0.7499999999999996, 40: -0.6499999999999995, 57: -0.4999999999999999}
Length of Loader 100
{5: 0.10000000000000009, 92: -0.44999999999999984, 54: 0.09999999999999953, 66: -0.050000000000000044, 87: -0.050000000000000044, 10: 0.09999999999999953, 93: -0.49999999999999933, 23: -0.7499999999999996, 13: -0.2999999999999997, 29: -0.7999999999999996}
Length of Loader 100
{41: -0.5499999999999999, 43: -0.34999999999999976, 53: -0.19999999999999962, 19: -0.39999999999999925, 7: -0.39999999999999925, 30: -0.6999999999999995, 79: -0.8999999999999997, 89: -0.5499999999999999, 33: -1.1499999999999995, 37: -1.15}
Length of Loader 100
{4: -0.65, 95: -0.4499999999999993, 3: -0.3499999999999992, 55: -0.49999999999999933, 91: -0.49999999999999933, 53: -1.0499999999999994, 92: -0.2999999999999997, 52: -1.0999999999999992, 62: -0.5499999999999999, 94: -0.6499999999999995}
Length of Loader 100
{75: -0.6, 57: -0.44999999999999984, 29: -0.3999999999999998, 56: -0.2999999999999997, 92: -0.8499999999999996, 41: -0.19999999999999962, 58: -1.1000000000000005, 18: -1.0000000000000009, 28: -0.65, 39: -1.6000000000000003}
Length of Loader 100
{67: -0.2500000000000002, 28: -0.050000000000000044, 49: -0.3500000000000003, 13: -0.2500000000000002, 55: -0.7500000000000007, 77: -0.30000000000000027, 92: -0.2500000000000002, 99: -0.7499999999999996, 61: -0.4999999999999999, 60: -0.3999999999999998}
Length of Loader 100
{46: -0.24999999999999967, 71: -0.15000000000000013, 79: -0.3500000000000003, 81: -0.2500000000000002, 82: -0.15000000000000013, 0: 0.050000000000000044, 96: -0.14999999999999958, 30: -0.14999999999999958, 23: -0.09999999999999953, 1: -0.30000000000000027}
Length of Loader 100
{33: 0.0, 89: -0.3500000000000003, 48: -0.050000000000000044, 66: 0.10000000000000009, 99: -0.15000000000000013, 21: -0.20000000000000018, 0: 0.0, 61: -0.10000000000000009, 22: -0.2500000000000002, 26: -0.3500000000000003}
Length of Loader 100
{94: -0.20000000000000018, 69: -0.050000000000000044, 73: 0.0, 93: -0.050000000000000044, 70: -0.15000000000000013, 29: -0.15000000000000013, 33: 0.10000000000000009, 62: 0.20000000000000018, 3: -0.050000000000000044, 90: 0.30000000000000027}
Length of Loader 100
{99: -0.40000000000000036, 59: -0.20000000000000018, 88: -0.4500000000000004, 20: -0.050000000000000044, 24: -0.40000000000000036, 0: -0.20000000000000018, 18: 0.15000000000000013, 83: -0.3500000000000003, 7: 0.15000000000000013, 48: -0.30000000000000027}
Length of Loader 100
{86: -0.050000000000000044, 65: -0.15000000000000013, 28: -0.15000000000000013, 98: -0.10000000000000009, 80: 0.0, 89: -0.10000000000000009, 58: 0.10000000000000009, 53: 0.10000000000000009, 79: 0.10000000000000009, 90: -0.10000000000000009}
Length of Loader 100
{40: 0.3500000000000003, 43: 5.551115123125783e-16, 58: -0.10000000000000009, 68: -0.10000000000000009, 50: -0.10000000000000009, 95: -0.2500000000000002, 35: 0.10000000000000009, 53: 0.050000000000000044, 0: -0.3500000000000003, 99: -0.30000000000000027}
Length of Loader 100
{54: 0.09999999999999898, 70: 0.04999999999999949, 63: 0.04999999999999949, 88: -0.2999999999999997, 7: -0.10000000000000009, 69: -0.4999999999999999, 71: -0.15000000000000013, 36: -0.6999999999999995, 85: -0.39999999999999925, 27: -0.5499999999999999}
Length of Loader 100
{96: -0.2999999999999997, 9: -0.19999999999999962, 51: -0.34999999999999976, 70: -0.6999999999999995, 2: -0.7999999999999996, 10: -0.7499999999999996, 71: -0.44999999999999984, 94: -0.4999999999999999, 12: -0.5999999999999994, 54: -0.7499999999999996}
Length of Loader 100
{65: -0.15000000000000013, 7: -0.4999999999999999, 8: -0.30000000000000027, 81: -0.050000000000000044, 2: -0.24999999999999967, 42: -0.15000000000000013, 72: -0.44999999999999984, 56: -0.15000000000000013, 30: -0.10000000000000009, 0: -0.6000000000000005}
Length of Loader 100
{59: -0.4000000000000009, 4: -0.19999999999999907, 56: -0.14999999999999958, 1: -0.6499999999999995, 51: -0.9499999999999997, 79: -0.6999999999999995, 92: -0.24999999999999967, 90: -0.30000000000000027, 82: -0.8000000000000007, 40: -1.15}
Length of Loader 100
{77: 0.10000000000000009, 74: -0.2999999999999997, 83: -0.7500000000000001, 56: -0.5499999999999994, 67: -0.49999999999999933, 30: -0.9499999999999997, 4: -0.8499999999999996, 62: -0.6499999999999995, 29: -1.4999999999999996, 34: -1.5999999999999996}
Length of Loader 100
{54: -0.24999999999999967, 16: -0.6, 11: -0.7500000000000001, 70: -0.7499999999999996, 15: -0.5999999999999994, 43: -0.6, 32: -0.40000000000000036, 40: -1.0999999999999999, 25: -0.9999999999999998, 59: -0.9999999999999998}
Length of Loader 100
{96: 0.34999999999999976, 24: -0.04999999999999949, 46: -0.050000000000000044, 54: 0.14999999999999958, 30: -0.34999999999999976, 41: -0.5499999999999999, 34: -0.2999999999999997, 10: -0.44999999999999984, 85: -0.30000000000000027, 58: -5.551115123125783e-16}
Length of Loader 100
{32: -0.5999999999999994, 31: -0.5000000000000004, 30: -0.7000000000000006, 9: -0.49999999999999933, 23: -0.65, 65: -0.5499999999999999, 40: -0.3999999999999998, 79: -0.8999999999999997, 99: -0.8500000000000002, 58: -0.5500000000000005}
Length of Loader 100
{52: 0.0, 82: -0.04999999999999949, 26: 0.050000000000000044, 31: -0.14999999999999958, 10: 0.050000000000000044, 48: -0.19999999999999962, 49: -0.10000000000000009, 25: -0.19999999999999962, 20: -0.34999999999999976, 14: -0.04999999999999949}
Length of Loader 100
{88: -0.04999999999999949, 31: -0.050000000000000044, 53: -0.04999999999999949, 34: -0.20000000000000018, 13: -0.15000000000000013, 75: -0.14999999999999958, 47: -0.8499999999999996, 77: -0.7000000000000001, 11: -0.7499999999999996, 41: -0.5499999999999999}
Length of Loader 100
{57: -0.65, 75: -0.44999999999999984, 12: -0.2999999999999997, 85: -1.0499999999999998, 39: -0.49999999999999933, 42: -1.0999999999999999, 64: -1.25, 31: -0.7500000000000001, 46: -1.35, 18: -1.15}
Length of Loader 100
{31: -0.30000000000000027, 28: -0.34999999999999976, 30: -0.09999999999999953, 73: 0.050000000000000044, 50: -0.5499999999999999, 1: -0.19999999999999962, 2: -0.6999999999999995, 37: -0.3999999999999998, 86: -0.44999999999999984, 9: -0.6499999999999995}
Length of Loader 100
{22: -0.4499999999999993, 28: -0.2499999999999991, 55: -0.20000000000000018, 13: -0.2999999999999997, 89: -0.24999999999999967, 90: -0.44999999999999984, 65: -0.15000000000000013, 23: -0.5499999999999999, 81: -0.5499999999999994, 68: -0.4499999999999993}
Length of Loader 100
{70: -0.20000000000000018, 67: -0.20000000000000018, 25: -0.44999999999999984, 72: -0.24999999999999967, 90: -0.44999999999999984, 30: -0.7000000000000001, 16: -0.09999999999999953, 7: -0.24999999999999967, 3: -0.5999999999999994, 6: -0.65}
Length of Loader 100
2025-01-27 09:04:19 - WARNING  - Epoch:   158. Accuracy: Top-1: 70.31 | Loss: value: 0.84
2025-01-27 09:04:19 - WARNING  - Epoch 158
2025-01-27 09:04:19 - WARNING  - s_i: {0: 2.454057160058231, 1: 0.48574518982264747, 2: 1.4612188981559306, 3: 1.4687738884073585, 4: 1.9581931689404182, 5: 3.4641981943467766, 6: 3.465171691179524, 7: 0.9703571336939667, 8: 0.9869968865815775, 9: 1.4702913606140093, 10: 2.4553442039763214, 11: 2.486650137836895, 12: 2.4553667161940362, 13: 0.971885896731929, 14: 0.9753700281103336, 15: 1.4681208074216947, 16: 3.4709913164236816, 17: 3.471144930315055, 18: 5.456057033966685, 19: 0.9515016150660625, 20: 0.46124387999786154, 21: 1.4863248881700175, 22: 0.9825659410047523, 23: 0.9654266410206844, 24: 2.966147693134996, 25: 0.9762283780231922, 26: 1.461996394975979, 27: 0.9812013832268357, 28: 0.43460766477111834, 29: 1.963435322903234, 30: 0.48781355043536045, 31: 0.9822302878777734, 32: 1.4550545788255063, 33: 6.443368516508323, 34: 1.0, 35: 2.9612211808186966, 36: 3.4669507249817886, 37: 1.95995596661885, 38: 3.97475587923504, 39: 1.491633752140457, 40: 0.4559053221708478, 41: 1.9728343247341906, 42: 2.469000126020589, 43: 2.4460815857821876, 44: 0.48752060971897304, 45: 1.4819581880465713, 46: 0.9776881014925997, 47: 5.975511470312299, 48: 0.4657965768987449, 49: 0.48077739923782126, 50: 0.9466959018232896, 51: 0.47011361187206235, 52: 5.4778577750790545, 53: 1.4701827452130674, 54: 3.4669680084963668, 55: 0.48014297782115056, 56: 0.9749223230733963, 57: 2.4666797256744752, 58: 0.45430878723779156, 59: 0.47843731939314305, 60: 1.4613171369559712, 61: 0.477970422579437, 62: 2.9632184264769568, 63: 0.987788332039144, 64: 4.48188597308083, 65: 0.45583130288002227, 66: 1.4573219478153892, 67: 2.449951866401295, 68: 0.45480142171494364, 69: 1.4572346274717414, 70: 1.4510267094636848, 71: 0.9568108328835284, 72: 0.4954485744047543, 73: 3.487917892592598, 74: 2.96545035531864, 75: 2.974569925463364, 76: 1.4751551529519127, 77: 1.4763607898730935, 78: 2.464623637887442, 79: 1.4677284194692057, 80: 0.9811252796414773, 81: 0.4650413307890322, 82: 0.4725991626464764, 83: 2.9531667660301664, 84: 2.969431992591023, 85: 1.463594994507603, 86: 2.4793619475018547, 87: 0.4686152406135655, 88: 0.4581520928344146, 89: 1.0, 90: 2.9707994868436614, 91: 0.9610313683313008, 92: 0.9508388667647485, 93: 2.967470821035487, 94: 0.46674202709239276, 95: 0.46638938233980776, 96: 3.9579647160436773, 97: 1.9452497691241901, 98: 0.49157197773985084, 99: 0.45181476087593486}
2025-01-27 09:04:19 - WARNING  - Sum of s_i: 178.35235749368283
2025-01-27 09:04:42 - WARNING  - Epoch:   159. Accuracy: Top-1: 71.10 | Loss: value: 0.81
2025-01-27 09:04:42 - WARNING  - Epoch 159
2025-01-27 09:04:42 - WARNING  - s_i: {0: 2.454057160058231, 1: 0.48574518982264747, 2: 1.4612188981559306, 3: 1.4687738884073585, 4: 1.9581931689404182, 5: 3.4641981943467766, 6: 3.465171691179524, 7: 0.9703571336939667, 8: 0.9869968865815775, 9: 1.4702913606140093, 10: 2.4553442039763214, 11: 2.486650137836895, 12: 2.4553667161940362, 13: 0.971885896731929, 14: 0.9753700281103336, 15: 1.4681208074216947, 16: 3.4709913164236816, 17: 3.471144930315055, 18: 3.4511744821852024, 19: 0.9515016150660625, 20: 0.46124387999786154, 21: 1.4863248881700175, 22: 0.9825659410047523, 23: 0.9654266410206844, 24: 2.966147693134996, 25: 0.9762283780231922, 26: 1.461996394975979, 27: 0.9812013832268357, 28: 0.43460766477111834, 29: 1.963435322903234, 30: 0.48781355043536045, 31: 0.9822302878777734, 32: 1.4550545788255063, 33: 6.443368516508323, 34: 1.0, 35: 2.9612211808186966, 36: 3.4669507249817886, 37: 1.95995596661885, 38: 3.97475587923504, 39: 1.491633752140457, 40: 0.4559053221708478, 41: 1.9728343247341906, 42: 2.469000126020589, 43: 2.4460815857821876, 44: 0.48752060971897304, 45: 1.4819581880465713, 46: 0.9776881014925997, 47: 5.975511470312299, 48: 0.4657965768987449, 49: 0.48077739923782126, 50: 0.9466959018232896, 51: 0.47011361187206235, 52: 5.4778577750790545, 53: 1.4701827452130674, 54: 3.4669680084963668, 55: 0.48014297782115056, 56: 0.9749223230733963, 57: 2.4666797256744752, 58: 0.45430878723779156, 59: 0.47843731939314305, 60: 1.4613171369559712, 61: 0.477970422579437, 62: 2.9632184264769568, 63: 0.987788332039144, 64: 4.48188597308083, 65: 0.45583130288002227, 66: 1.4573219478153892, 67: 2.449951866401295, 68: 0.45480142171494364, 69: 1.4572346274717414, 70: 1.4510267094636848, 71: 0.9568108328835284, 72: 0.4954485744047543, 73: 3.487917892592598, 74: 0.9611316497334688, 75: 2.974569925463364, 76: 1.4751551529519127, 77: 1.4763607898730935, 78: 2.464623637887442, 79: 1.4677284194692057, 80: 0.9811252796414773, 81: 0.4650413307890322, 82: 0.4725991626464764, 83: 2.9531667660301664, 84: 2.969431992591023, 85: 1.463594994507603, 86: 2.4793619475018547, 87: 0.4686152406135655, 88: 0.4581520928344146, 89: 1.0, 90: 2.9707994868436614, 91: 0.9610313683313008, 92: 0.9508388667647485, 93: 2.967470821035487, 94: 0.46674202709239276, 95: 0.46638938233980776, 96: 3.9579647160436773, 97: 1.9452497691241901, 98: 0.49157197773985084, 99: 0.45181476087593486}
2025-01-27 09:04:42 - WARNING  - Sum of s_i: 174.3431562363162
2025-01-27 09:05:03 - WARNING  - Epoch:   160. Accuracy: Top-1: 70.76 | Loss: value: 0.82
2025-01-27 09:05:03 - WARNING  - Epoch 160
2025-01-27 09:05:03 - WARNING  - s_i: {0: 2.454057160058231, 1: 0.48574518982264747, 2: 1.4612188981559306, 3: 1.4687738884073585, 4: 1.9581931689404182, 5: 3.4641981943467766, 6: 3.465171691179524, 7: 0.9703571336939667, 8: 0.9869968865815775, 9: 1.4702913606140093, 10: 2.4553442039763214, 11: 2.486650137836895, 12: 2.4553667161940362, 13: 0.971885896731929, 14: 0.9753700281103336, 15: 1.4681208074216947, 16: 3.4709913164236816, 17: 3.471144930315055, 18: 3.4511744821852024, 19: 0.9515016150660625, 20: 0.46124387999786154, 21: 1.4863248881700175, 22: 0.9825659410047523, 23: 0.9654266410206844, 24: 2.966147693134996, 25: 0.9762283780231922, 26: 1.461996394975979, 27: 0.9812013832268357, 28: 0.43460766477111834, 29: 1.963435322903234, 30: 0.48781355043536045, 31: 0.9822302878777734, 32: 1.4550545788255063, 33: 6.443368516508323, 34: 1.0, 35: 2.9612211808186966, 36: 3.4669507249817886, 37: 1.95995596661885, 38: 3.97475587923504, 39: 1.491633752140457, 40: 0.4559053221708478, 41: 1.9728343247341906, 42: 2.469000126020589, 43: 2.4460815857821876, 44: 0.48752060971897304, 45: 1.4819581880465713, 46: 0.9776881014925997, 47: 5.975511470312299, 48: 0.4657965768987449, 49: 0.48077739923782126, 50: 0.9466959018232896, 51: 0.47011361187206235, 52: 5.4778577750790545, 53: 1.4701827452130674, 54: 3.4669680084963668, 55: 0.48014297782115056, 56: 0.9749223230733963, 57: 2.4666797256744752, 58: 0.45430878723779156, 59: 0.47843731939314305, 60: 1.4613171369559712, 61: 0.477970422579437, 62: 2.9632184264769568, 63: 0.987788332039144, 64: 4.48188597308083, 65: 0.45583130288002227, 66: 1.4573219478153892, 67: 2.449951866401295, 68: 0.45480142171494364, 69: 1.4572346274717414, 70: 1.4510267094636848, 71: 0.9568108328835284, 72: 0.4954485744047543, 73: 3.487917892592598, 74: 0.9611316497334688, 75: 2.974569925463364, 76: 1.4751551529519127, 77: 1.4763607898730935, 78: 2.464623637887442, 79: 1.4677284194692057, 80: 0.9811252796414773, 81: 0.4650413307890322, 82: 0.4725991626464764, 83: 2.9531667660301664, 84: 2.969431992591023, 85: 1.463594994507603, 86: 2.4793619475018547, 87: 0.4686152406135655, 88: 0.4581520928344146, 89: 1.0, 90: 2.9707994868436614, 91: 0.9610313683313008, 92: 0.9508388667647485, 93: 2.967470821035487, 94: 0.46674202709239276, 95: 0.46638938233980776, 96: 3.9579647160436773, 97: 1.9452497691241901, 98: 0.49157197773985084, 99: 0.45181476087593486}
2025-01-27 09:05:03 - WARNING  - Sum of s_i: 174.3431562363162
2025-01-27 09:05:08 - WARNING  - The sum of accs: 72.0
2025-01-27 09:05:08 - WARNING  - The welfare is 71.92200039592831
2025-01-27 09:05:29 - WARNING  - Epoch:   161. Accuracy: Top-1: 70.76 | Loss: value: 0.83
2025-01-27 09:05:29 - WARNING  - Epoch 161
2025-01-27 09:05:29 - WARNING  - s_i: {0: 2.454057160058231, 1: 0.48574518982264747, 2: 1.4612188981559306, 3: 1.4687738884073585, 4: 1.9581931689404182, 5: 3.4641981943467766, 6: 3.465171691179524, 7: 0.9703571336939667, 8: 0.9869968865815775, 9: 1.4702913606140093, 10: 2.4553442039763214, 11: 2.486650137836895, 12: 2.4553667161940362, 13: 0.971885896731929, 14: 0.9753700281103336, 15: 1.4681208074216947, 16: 3.4709913164236816, 17: 3.471144930315055, 18: 3.4511744821852024, 19: 0.9515016150660625, 20: 0.46124387999786154, 21: 1.4863248881700175, 22: 0.9825659410047523, 23: 0.9654266410206844, 24: 2.966147693134996, 25: 0.9762283780231922, 26: 1.461996394975979, 27: 0.9812013832268357, 28: 0.43460766477111834, 29: 1.963435322903234, 30: 0.48781355043536045, 31: 0.9822302878777734, 32: 1.4550545788255063, 33: 6.443368516508323, 34: 1.0, 35: 2.9612211808186966, 36: 3.4669507249817886, 37: 1.95995596661885, 38: 3.97475587923504, 39: 1.491633752140457, 40: 0.4559053221708478, 41: 1.9728343247341906, 42: 2.469000126020589, 43: 2.4460815857821876, 44: 0.48752060971897304, 45: 1.4819581880465713, 46: 0.9776881014925997, 47: 5.975511470312299, 48: 0.4657965768987449, 49: 0.48077739923782126, 50: 0.9466959018232896, 51: 0.47011361187206235, 52: 5.4778577750790545, 53: 1.4701827452130674, 54: 3.4669680084963668, 55: 0.48014297782115056, 56: 0.9749223230733963, 57: 0.962514691383789, 58: 0.45430878723779156, 59: 0.47843731939314305, 60: 1.4613171369559712, 61: 0.477970422579437, 62: 2.9632184264769568, 63: 0.987788332039144, 64: 4.48188597308083, 65: 0.45583130288002227, 66: 1.4573219478153892, 67: 2.449951866401295, 68: 0.45480142171494364, 69: 1.4572346274717414, 70: 1.4510267094636848, 71: 0.9568108328835284, 72: 0.4954485744047543, 73: 1.9838905234567972, 74: 0.9611316497334688, 75: 2.974569925463364, 76: 1.4751551529519127, 77: 1.4763607898730935, 78: 2.464623637887442, 79: 1.4677284194692057, 80: 0.9811252796414773, 81: 0.4650413307890322, 82: 0.4725991626464764, 83: 2.9531667660301664, 84: 2.969431992591023, 85: 1.463594994507603, 86: 2.4793619475018547, 87: 0.4686152406135655, 88: 0.4581520928344146, 89: 1.0, 90: 2.9707994868436614, 91: 0.9610313683313008, 92: 0.9508388667647485, 93: 2.967470821035487, 94: 0.46674202709239276, 95: 0.46638938233980776, 96: 3.9579647160436773, 97: 1.9452497691241901, 98: 0.49157197773985084, 99: 0.45181476087593486}
2025-01-27 09:05:29 - WARNING  - Sum of s_i: 171.3349638328897
2025-01-27 09:05:49 - WARNING  - Epoch:   162. Accuracy: Top-1: 71.59 | Loss: value: 0.80
2025-01-27 09:05:49 - WARNING  - Epoch 162
2025-01-27 09:05:49 - WARNING  - s_i: {0: 2.454057160058231, 1: 0.48574518982264747, 2: 1.4612188981559306, 3: 1.4687738884073585, 4: 1.9581931689404182, 5: 3.4641981943467766, 6: 3.465171691179524, 7: 0.9703571336939667, 8: 0.9869968865815775, 9: 1.4702913606140093, 10: 2.4553442039763214, 11: 2.486650137836895, 12: 2.4553667161940362, 13: 0.971885896731929, 14: 0.9753700281103336, 15: 1.4681208074216947, 16: 3.4709913164236816, 17: 3.471144930315055, 18: 3.4511744821852024, 19: 0.9515016150660625, 20: 0.46124387999786154, 21: 1.4863248881700175, 22: 0.9825659410047523, 23: 0.9654266410206844, 24: 2.966147693134996, 25: 0.9762283780231922, 26: 1.461996394975979, 27: 0.9812013832268357, 28: 0.43460766477111834, 29: 1.963435322903234, 30: 0.48781355043536045, 31: 0.9822302878777734, 32: 1.4550545788255063, 33: 6.443368516508323, 34: 1.0, 35: 2.9612211808186966, 36: 3.4669507249817886, 37: 1.95995596661885, 38: 3.97475587923504, 39: 1.491633752140457, 40: 0.4559053221708478, 41: 1.9728343247341906, 42: 6.46457157259495, 43: 2.4460815857821876, 44: 0.48752060971897304, 45: 1.4819581880465713, 46: 0.9776881014925997, 47: 5.975511470312299, 48: 0.4657965768987449, 49: 0.48077739923782126, 50: 0.9466959018232896, 51: 0.47011361187206235, 52: 5.4778577750790545, 53: 1.4701827452130674, 54: 3.4669680084963668, 55: 0.48014297782115056, 56: 0.9749223230733963, 57: 0.962514691383789, 58: 0.45430878723779156, 59: 0.47843731939314305, 60: 1.4613171369559712, 61: 0.477970422579437, 62: 2.9632184264769568, 63: 0.987788332039144, 64: 4.48188597308083, 65: 0.9509236698666844, 66: 1.4573219478153892, 67: 2.449951866401295, 68: 0.45480142171494364, 69: 0.9529580902189099, 70: 1.4510267094636848, 71: 0.9568108328835284, 72: 0.4954485744047543, 73: 1.9838905234567972, 74: 0.9611316497334688, 75: 2.974569925463364, 76: 1.4751551529519127, 77: 1.4763607898730935, 78: 2.464623637887442, 79: 1.4677284194692057, 80: 0.9811252796414773, 81: 0.4650413307890322, 82: 0.4725991626464764, 83: 2.9531667660301664, 84: 2.969431992591023, 85: 1.463594994507603, 86: 2.4793619475018547, 87: 0.4686152406135655, 88: 0.4581520928344146, 89: 1.0, 90: 2.9707994868436614, 91: 0.9610313683313008, 92: 0.9508388667647485, 93: 2.967470821035487, 94: 0.46674202709239276, 95: 0.46638938233980776, 96: 3.9579647160436773, 97: 1.9452497691241901, 98: 0.49157197773985084, 99: 0.45181476087593486}
2025-01-27 09:05:49 - WARNING  - Sum of s_i: 175.32135110919788
2025-01-27 09:06:08 - WARNING  - Epoch:   163. Accuracy: Top-1: 72.06 | Loss: value: 0.79
2025-01-27 09:06:08 - WARNING  - Epoch 163
2025-01-27 09:06:08 - WARNING  - s_i: {0: 2.454057160058231, 1: 0.48574518982264747, 2: 1.4612188981559306, 3: 1.4687738884073585, 4: 1.9581931689404182, 5: 3.4641981943467766, 6: 3.465171691179524, 7: 0.9703571336939667, 8: 0.9869968865815775, 9: 1.4702913606140093, 10: 2.4553442039763214, 11: 2.486650137836895, 12: 2.4553667161940362, 13: 0.971885896731929, 14: 0.9753700281103336, 15: 1.4681208074216947, 16: 3.4709913164236816, 17: 3.471144930315055, 18: 3.4511744821852024, 19: 0.9515016150660625, 20: 0.46124387999786154, 21: 1.4863248881700175, 22: 0.9825659410047523, 23: 0.9654266410206844, 24: 2.966147693134996, 25: 0.9762283780231922, 26: 1.461996394975979, 27: 0.9812013832268357, 28: 0.43460766477111834, 29: 1.963435322903234, 30: 0.48781355043536045, 31: 0.9822302878777734, 32: 1.4550545788255063, 33: 6.443368516508323, 34: 1.0, 35: 2.9612211808186966, 36: 3.4669507249817886, 37: 1.95995596661885, 38: 3.97475587923504, 39: 1.491633752140457, 40: 0.4559053221708478, 41: 1.9728343247341906, 42: 6.46457157259495, 43: 2.4460815857821876, 44: 0.48752060971897304, 45: 1.4819581880465713, 46: 0.9776881014925997, 47: 5.975511470312299, 48: 0.4657965768987449, 49: 0.48077739923782126, 50: 0.9466959018232896, 51: 0.47011361187206235, 52: 5.4778577750790545, 53: 1.4701827452130674, 54: 3.4669680084963668, 55: 0.48014297782115056, 56: 0.9749223230733963, 57: 0.962514691383789, 58: 0.45430878723779156, 59: 0.47843731939314305, 60: 1.4613171369559712, 61: 0.477970422579437, 62: 2.9632184264769568, 63: 0.987788332039144, 64: 4.48188597308083, 65: 0.9509236698666844, 66: 1.4573219478153892, 67: 2.449951866401295, 68: 0.45480142171494364, 69: 0.9529580902189099, 70: 1.4510267094636848, 71: 0.9568108328835284, 72: 0.4954485744047543, 73: 1.9838905234567972, 74: 0.9611316497334688, 75: 2.974569925463364, 76: 1.4751551529519127, 77: 1.4763607898730935, 78: 2.464623637887442, 79: 1.4677284194692057, 80: 0.9811252796414773, 81: 0.4650413307890322, 82: 0.4725991626464764, 83: 2.9531667660301664, 84: 2.969431992591023, 85: 1.463594994507603, 86: 2.4793619475018547, 87: 0.4686152406135655, 88: 0.4581520928344146, 89: 0.9954549531806861, 90: 2.9707994868436614, 91: 0.9610313683313008, 92: 0.9508388667647485, 93: 2.967470821035487, 94: 0.46674202709239276, 95: 0.46638938233980776, 96: 3.9579647160436773, 97: 1.9452497691241901, 98: 0.49157197773985084, 99: 0.45181476087593486}
2025-01-27 09:06:08 - WARNING  - Sum of s_i: 175.3168060623786
2025-01-27 09:06:29 - WARNING  - Epoch:   164. Accuracy: Top-1: 71.92 | Loss: value: 0.80
2025-01-27 09:06:29 - WARNING  - Epoch 164
2025-01-27 09:06:29 - WARNING  - s_i: {0: 2.454057160058231, 1: 0.48574518982264747, 2: 1.4612188981559306, 3: 1.4687738884073585, 4: 1.9581931689404182, 5: 3.4641981943467766, 6: 3.465171691179524, 7: 0.9703571336939667, 8: 0.9869968865815775, 9: 1.4702913606140093, 10: 2.4553442039763214, 11: 2.486650137836895, 12: 2.4553667161940362, 13: 0.971885896731929, 14: 1.4712650327953898, 15: 1.4681208074216947, 16: 3.4709913164236816, 17: 3.471144930315055, 18: 3.4511744821852024, 19: 0.9515016150660625, 20: 0.46124387999786154, 21: 1.4863248881700175, 22: 0.9825659410047523, 23: 0.9654266410206844, 24: 2.966147693134996, 25: 0.9762283780231922, 26: 1.461996394975979, 27: 0.9812013832268357, 28: 0.43460766477111834, 29: 1.963435322903234, 30: 0.48781355043536045, 31: 0.9822302878777734, 32: 1.4550545788255063, 33: 6.443368516508323, 34: 1.0, 35: 2.9612211808186966, 36: 3.4669507249817886, 37: 1.95995596661885, 38: 3.97475587923504, 39: 1.491633752140457, 40: 0.4559053221708478, 41: 1.9728343247341906, 42: 6.46457157259495, 43: 2.4460815857821876, 44: 0.48752060971897304, 45: 1.4819581880465713, 46: 0.9776881014925997, 47: 5.975511470312299, 48: 0.4657965768987449, 49: 0.48077739923782126, 50: 0.9466959018232896, 51: 0.47011361187206235, 52: 5.4778577750790545, 53: 1.4701827452130674, 54: 3.4669680084963668, 55: 0.48014297782115056, 56: 0.9749223230733963, 57: 0.962514691383789, 58: 0.45430878723779156, 59: 0.47843731939314305, 60: 1.4613171369559712, 61: 0.477970422579437, 62: 2.9632184264769568, 63: 0.987788332039144, 64: 4.48188597308083, 65: 0.9509236698666844, 66: 1.4573219478153892, 67: 2.449951866401295, 68: 0.45480142171494364, 69: 0.9529580902189099, 70: 1.4510267094636848, 71: 0.9568108328835284, 72: 0.4954485744047543, 73: 1.9838905234567972, 74: 0.9611316497334688, 75: 2.974569925463364, 76: 1.4751551529519127, 77: 1.4763607898730935, 78: 2.464623637887442, 79: 1.4677284194692057, 80: 0.9811252796414773, 81: 0.4650413307890322, 82: 0.4725991626464764, 83: 2.9531667660301664, 84: 2.969431992591023, 85: 1.463594994507603, 86: 2.4793619475018547, 87: 0.4686152406135655, 88: 0.4581520928344146, 89: 0.9954549531806861, 90: 2.9707994868436614, 91: 0.9610313683313008, 92: 0.9508388667647485, 93: 2.967470821035487, 94: 0.46674202709239276, 95: 0.46638938233980776, 96: 3.9579647160436773, 97: 1.9452497691241901, 98: 0.49157197773985084, 99: 0.45181476087593486}
2025-01-27 09:06:29 - WARNING  - Sum of s_i: 175.81270106706364
2025-01-27 09:06:50 - WARNING  - Epoch:   165. Accuracy: Top-1: 70.03 | Loss: value: 0.85
2025-01-27 09:06:50 - WARNING  - Epoch 165
2025-01-27 09:06:50 - WARNING  - s_i: {0: 2.454057160058231, 1: 0.48574518982264747, 2: 1.4612188981559306, 3: 1.4687738884073585, 4: 1.9581931689404182, 5: 3.4641981943467766, 6: 3.465171691179524, 7: 0.9703571336939667, 8: 0.9869968865815775, 9: 1.4702913606140093, 10: 2.4553442039763214, 11: 2.486650137836895, 12: 2.4553667161940362, 13: 0.971885896731929, 14: 1.4712650327953898, 15: 1.4681208074216947, 16: 3.4709913164236816, 17: 3.471144930315055, 18: 3.4511744821852024, 19: 0.9515016150660625, 20: 0.46124387999786154, 21: 1.4863248881700175, 22: 0.9825659410047523, 23: 0.9654266410206844, 24: 2.966147693134996, 25: 0.9762283780231922, 26: 1.461996394975979, 27: 0.9812013832268357, 28: 0.43460766477111834, 29: 1.963435322903234, 30: 0.48781355043536045, 31: 0.9822302878777734, 32: 1.4550545788255063, 33: 6.443368516508323, 34: 1.0, 35: 2.9612211808186966, 36: 3.4669507249817886, 37: 1.95995596661885, 38: 3.97475587923504, 39: 1.491633752140457, 40: 0.4559053221708478, 41: 1.9728343247341906, 42: 6.46457157259495, 43: 2.4460815857821876, 44: 0.48752060971897304, 45: 1.4819581880465713, 46: 0.9776881014925997, 47: 5.975511470312299, 48: 0.4657965768987449, 49: 0.48077739923782126, 50: 0.9466959018232896, 51: 0.47011361187206235, 52: 5.4778577750790545, 53: 1.4701827452130674, 54: 3.4669680084963668, 55: 0.48014297782115056, 56: 0.9749223230733963, 57: 0.962514691383789, 58: 0.45430878723779156, 59: 0.47843731939314305, 60: 1.4613171369559712, 61: 0.477970422579437, 62: 2.9632184264769568, 63: 0.987788332039144, 64: 4.48188597308083, 65: 0.9509236698666844, 66: 1.4573219478153892, 67: 2.449951866401295, 68: 0.45480142171494364, 69: 0.9529580902189099, 70: 1.4510267094636848, 71: 0.9568108328835284, 72: 0.4954485744047543, 73: 1.9838905234567972, 74: 0.9611316497334688, 75: 2.974569925463364, 76: 1.4751551529519127, 77: 1.4763607898730935, 78: 2.464623637887442, 79: 1.4677284194692057, 80: 0.9811252796414773, 81: 0.4650413307890322, 82: 0.4725991626464764, 83: 2.9531667660301664, 84: 2.969431992591023, 85: 1.463594994507603, 86: 2.4793619475018547, 87: 0.4686152406135655, 88: 0.4581520928344146, 89: 0.9954549531806861, 90: 2.9707994868436614, 91: 0.9610313683313008, 92: 0.9508388667647485, 93: 2.967470821035487, 94: 0.46674202709239276, 95: 0.46638938233980776, 96: 3.9579647160436773, 97: 1.9452497691241901, 98: 0.49157197773985084, 99: 0.45181476087593486}
2025-01-27 09:06:50 - WARNING  - Sum of s_i: 175.81270106706364
2025-01-27 09:07:10 - WARNING  - Epoch:   166. Accuracy: Top-1: 69.13 | Loss: value: 0.88
2025-01-27 09:07:10 - WARNING  - Epoch 166
2025-01-27 09:07:10 - WARNING  - s_i: {0: 2.454057160058231, 1: 0.48574518982264747, 2: 1.4612188981559306, 3: 1.4687738884073585, 4: 0.9535479654893513, 5: 3.4641981943467766, 6: 3.465171691179524, 7: 0.9703571336939667, 8: 0.9869968865815775, 9: 1.4702913606140093, 10: 2.4553442039763214, 11: 2.486650137836895, 12: 2.4553667161940362, 13: 0.971885896731929, 14: 1.4712650327953898, 15: 1.4681208074216947, 16: 3.4709913164236816, 17: 3.471144930315055, 18: 3.4511744821852024, 19: 0.9515016150660625, 20: 0.46124387999786154, 21: 1.4863248881700175, 22: 0.9825659410047523, 23: 0.9654266410206844, 24: 2.966147693134996, 25: 0.9762283780231922, 26: 1.461996394975979, 27: 0.9812013832268357, 28: 0.43460766477111834, 29: 1.963435322903234, 30: 0.48781355043536045, 31: 0.9822302878777734, 32: 1.4550545788255063, 33: 6.443368516508323, 34: 1.0, 35: 2.9612211808186966, 36: 3.4669507249817886, 37: 1.95995596661885, 38: 3.97475587923504, 39: 1.491633752140457, 40: 0.4559053221708478, 41: 1.9728343247341906, 42: 6.46457157259495, 43: 2.4460815857821876, 44: 0.48752060971897304, 45: 1.4819581880465713, 46: 0.9776881014925997, 47: 4.970613764374759, 48: 0.4657965768987449, 49: 0.48077739923782126, 50: 0.9466959018232896, 51: 0.47011361187206235, 52: 5.4778577750790545, 53: 1.4701827452130674, 54: 3.4669680084963668, 55: 0.48014297782115056, 56: 0.9749223230733963, 57: 0.962514691383789, 58: 0.45430878723779156, 59: 0.47843731939314305, 60: 1.4613171369559712, 61: 0.477970422579437, 62: 2.9632184264769568, 63: 0.987788332039144, 64: 4.48188597308083, 65: 0.9509236698666844, 66: 1.4573219478153892, 67: 2.449951866401295, 68: 0.45480142171494364, 69: 0.9529580902189099, 70: 1.4510267094636848, 71: 0.9568108328835284, 72: 0.4954485744047543, 73: 1.9838905234567972, 74: 1.4568129441482942, 75: 2.974569925463364, 76: 1.4751551529519127, 77: 1.4763607898730935, 78: 2.960201592623373, 79: 1.4677284194692057, 80: 0.9811252796414773, 81: 0.4650413307890322, 82: 0.4725991626464764, 83: 2.9531667660301664, 84: 2.969431992591023, 85: 1.463594994507603, 86: 2.4793619475018547, 87: 0.4686152406135655, 88: 0.4581520928344146, 89: 0.9954549531806861, 90: 2.9707994868436614, 91: 0.9610313683313008, 92: 0.9508388667647485, 93: 2.967470821035487, 94: 0.46674202709239276, 95: 0.46638938233980776, 96: 3.9579647160436773, 97: 1.9452497691241901, 98: 0.49157197773985084, 99: 0.45181476087593486}
2025-01-27 09:07:10 - WARNING  - Sum of s_i: 174.79441740682577
2025-01-27 09:07:30 - WARNING  - Epoch:   167. Accuracy: Top-1: 69.30 | Loss: value: 0.87
2025-01-27 09:07:30 - WARNING  - Epoch 167
2025-01-27 09:07:30 - WARNING  - s_i: {0: 2.454057160058231, 1: 0.48574518982264747, 2: 2.956371260425418, 3: 1.4687738884073585, 4: 2.448902762038281, 5: 3.4641981943467766, 6: 3.465171691179524, 7: 0.9703571336939667, 8: 0.9869968865815775, 9: 1.4702913606140093, 10: 2.4553442039763214, 11: 2.486650137836895, 12: 2.4553667161940362, 13: 0.971885896731929, 14: 1.4712650327953898, 15: 4.963566637053359, 16: 3.4709913164236816, 17: 3.471144930315055, 18: 4.446291930403717, 19: 0.9515016150660625, 20: 0.46124387999786154, 21: 1.4863248881700175, 22: 0.9825659410047523, 23: 0.9654266410206844, 24: 2.966147693134996, 25: 0.9762283780231922, 26: 1.461996394975979, 27: 0.9812013832268357, 28: 0.43460766477111834, 29: 1.963435322903234, 30: 0.48781355043536045, 31: 0.9822302878777734, 32: 1.4550545788255063, 33: 6.443368516508323, 34: 1.0, 35: 2.9612211808186966, 36: 3.4669507249817886, 37: 1.95995596661885, 38: 3.97475587923504, 39: 1.491633752140457, 40: 0.4559053221708478, 41: 1.9728343247341906, 42: 6.46457157259495, 43: 2.4460815857821876, 44: 0.48752060971897304, 45: 1.4819581880465713, 46: 0.9776881014925997, 47: 4.970613764374759, 48: 0.4657965768987449, 49: 0.48077739923782126, 50: 0.9466959018232896, 51: 0.47011361187206235, 52: 5.4778577750790545, 53: 1.4701827452130674, 54: 3.4669680084963668, 55: 0.48014297782115056, 56: 0.9749223230733963, 57: 0.962514691383789, 58: 0.45430878723779156, 59: 0.47843731939314305, 60: 1.4613171369559712, 61: 0.477970422579437, 62: 2.9632184264769568, 63: 0.987788332039144, 64: 4.48188597308083, 65: 0.9509236698666844, 66: 1.4573219478153892, 67: 2.449951866401295, 68: 2.450692460052662, 69: 0.9529580902189099, 70: 1.4510267094636848, 71: 0.9568108328835284, 72: 3.4908971488095055, 73: 1.9838905234567972, 74: 1.4568129441482942, 75: 2.974569925463364, 76: 1.4751551529519127, 77: 1.4763607898730935, 78: 2.960201592623373, 79: 1.4677284194692057, 80: 0.9811252796414773, 81: 0.4650413307890322, 82: 1.468032356420883, 83: 2.9531667660301664, 84: 2.969431992591023, 85: 1.463594994507603, 86: 2.4793619475018547, 87: 0.4686152406135655, 88: 0.4581520928344146, 89: 0.9954549531806861, 90: 2.9707994868436614, 91: 0.9610313683313008, 92: 0.9508388667647485, 93: 2.967470821035487, 94: 0.46674202709239276, 95: 0.46638938233980776, 96: 3.9579647160436773, 97: 1.9452497691241901, 98: 1.487357966609772, 99: 0.45181476087593486}
2025-01-27 09:07:30 - WARNING  - Sum of s_i: 189.25804663888118
2025-01-27 09:07:51 - WARNING  - Epoch:   168. Accuracy: Top-1: 70.11 | Loss: value: 0.83
2025-01-27 09:07:51 - WARNING  - Epoch 168
2025-01-27 09:07:51 - WARNING  - s_i: {0: 2.454057160058231, 1: 0.48574518982264747, 2: 2.956371260425418, 3: 1.4687738884073585, 4: 2.448902762038281, 5: 3.4641981943467766, 6: 3.465171691179524, 7: 0.9703571336939667, 8: 0.9869968865815775, 9: 1.4702913606140093, 10: 2.4553442039763214, 11: 2.486650137836895, 12: 2.4553667161940362, 13: 0.971885896731929, 14: 1.4712650327953898, 15: 4.963566637053359, 16: 3.4709913164236816, 17: 3.471144930315055, 18: 4.446291930403717, 19: 0.9515016150660625, 20: 0.46124387999786154, 21: 1.4863248881700175, 22: 0.9825659410047523, 23: 0.9654266410206844, 24: 2.966147693134996, 25: 0.9762283780231922, 26: 1.461996394975979, 27: 0.9812013832268357, 28: 0.43460766477111834, 29: 1.963435322903234, 30: 0.48781355043536045, 31: 0.9822302878777734, 32: 1.4550545788255063, 33: 6.443368516508323, 34: 1.0, 35: 2.9612211808186966, 36: 3.4669507249817886, 37: 1.95995596661885, 38: 3.97475587923504, 39: 1.491633752140457, 40: 0.4559053221708478, 41: 1.9728343247341906, 42: 6.46457157259495, 43: 2.4460815857821876, 44: 0.48752060971897304, 45: 1.4819581880465713, 46: 0.9776881014925997, 47: 4.970613764374759, 48: 0.4657965768987449, 49: 0.48077739923782126, 50: 0.9466959018232896, 51: 0.47011361187206235, 52: 5.4778577750790545, 53: 1.4701827452130674, 54: 3.4669680084963668, 55: 0.48014297782115056, 56: 0.9749223230733963, 57: 0.962514691383789, 58: 0.45430878723779156, 59: 0.47843731939314305, 60: 1.4613171369559712, 61: 0.477970422579437, 62: 2.9632184264769568, 63: 0.987788332039144, 64: 4.48188597308083, 65: 0.9509236698666844, 66: 1.4573219478153892, 67: 2.449951866401295, 68: 2.450692460052662, 69: 0.9529580902189099, 70: 1.4510267094636848, 71: 0.9568108328835284, 72: 3.4908971488095055, 73: 1.9838905234567972, 74: 1.4568129441482942, 75: 2.974569925463364, 76: 1.4751551529519127, 77: 1.4763607898730935, 78: 2.960201592623373, 79: 1.4677284194692057, 80: 0.9811252796414773, 81: 0.4650413307890322, 82: 1.468032356420883, 83: 2.9531667660301664, 84: 0.9650651343897385, 85: 1.463594994507603, 86: 2.4793619475018547, 87: 0.4686152406135655, 88: 0.4581520928344146, 89: 0.9954549531806861, 90: 2.9707994868436614, 91: 0.9610313683313008, 92: 0.9508388667647485, 93: 2.967470821035487, 94: 0.46674202709239276, 95: 0.46638938233980776, 96: 3.9579647160436773, 97: 1.9452497691241901, 98: 1.487357966609772, 99: 0.45181476087593486}
2025-01-27 09:07:51 - WARNING  - Sum of s_i: 187.2536797806799
2025-01-27 09:08:12 - WARNING  - Epoch:   169. Accuracy: Top-1: 70.44 | Loss: value: 0.83
2025-01-27 09:08:12 - WARNING  - Epoch 169
2025-01-27 09:08:12 - WARNING  - s_i: {0: 2.454057160058231, 1: 0.48574518982264747, 2: 2.956371260425418, 3: 1.4687738884073585, 4: 2.448902762038281, 5: 3.4641981943467766, 6: 3.465171691179524, 7: 0.9703571336939667, 8: 0.9869968865815775, 9: 1.4702913606140093, 10: 2.4553442039763214, 11: 2.486650137836895, 12: 2.4553667161940362, 13: 0.971885896731929, 14: 1.4712650327953898, 15: 4.963566637053359, 16: 1.4668472187699182, 17: 3.471144930315055, 18: 4.446291930403717, 19: 0.9515016150660625, 20: 0.46124387999786154, 21: 1.4863248881700175, 22: 0.9825659410047523, 23: 0.9654266410206844, 24: 2.966147693134996, 25: 0.9762283780231922, 26: 1.461996394975979, 27: 0.9812013832268357, 28: 0.43460766477111834, 29: 1.963435322903234, 30: 0.48781355043536045, 31: 0.9822302878777734, 32: 1.4550545788255063, 33: 6.443368516508323, 34: 1.0, 35: 2.9612211808186966, 36: 3.4669507249817886, 37: 1.95995596661885, 38: 3.97475587923504, 39: 1.491633752140457, 40: 0.4559053221708478, 41: 1.9728343247341906, 42: 6.46457157259495, 43: 2.4460815857821876, 44: 0.48752060971897304, 45: 1.4819581880465713, 46: 0.9776881014925997, 47: 4.970613764374759, 48: 0.4657965768987449, 49: 0.48077739923782126, 50: 0.9466959018232896, 51: 0.47011361187206235, 52: 5.4778577750790545, 53: 1.4701827452130674, 54: 3.4669680084963668, 55: 0.48014297782115056, 56: 0.9749223230733963, 57: 0.962514691383789, 58: 0.45430878723779156, 59: 0.47843731939314305, 60: 1.4613171369559712, 61: 0.477970422579437, 62: 2.9632184264769568, 63: 0.987788332039144, 64: 4.48188597308083, 65: 0.9509236698666844, 66: 1.4573219478153892, 67: 2.449951866401295, 68: 2.450692460052662, 69: 0.9529580902189099, 70: 1.4510267094636848, 71: 0.9568108328835284, 72: 3.4908971488095055, 73: 1.9838905234567972, 74: 1.4568129441482942, 75: 2.974569925463364, 76: 1.4751551529519127, 77: 1.4763607898730935, 78: 2.960201592623373, 79: 1.4677284194692057, 80: 0.9811252796414773, 81: 0.4650413307890322, 82: 1.468032356420883, 83: 2.9531667660301664, 84: 0.9650651343897385, 85: 1.463594994507603, 86: 2.4793619475018547, 87: 0.4686152406135655, 88: 0.4581520928344146, 89: 0.9954549531806861, 90: 2.9707994868436614, 91: 0.9610313683313008, 92: 0.9508388667647485, 93: 2.967470821035487, 94: 0.46674202709239276, 95: 0.46638938233980776, 96: 3.9579647160436773, 97: 1.9452497691241901, 98: 1.487357966609772, 99: 0.45181476087593486}
2025-01-27 09:08:12 - WARNING  - Sum of s_i: 185.24953568302612
2025-01-27 09:08:31 - WARNING  - Epoch:   170. Accuracy: Top-1: 71.49 | Loss: value: 0.80
2025-01-27 09:08:31 - WARNING  - Epoch 170
2025-01-27 09:08:31 - WARNING  - s_i: {0: 2.454057160058231, 1: 0.48574518982264747, 2: 2.956371260425418, 3: 1.4687738884073585, 4: 2.448902762038281, 5: 3.4641981943467766, 6: 3.465171691179524, 7: 0.9703571336939667, 8: 0.9869968865815775, 9: 1.4702913606140093, 10: 2.4553442039763214, 11: 2.486650137836895, 12: 2.4553667161940362, 13: 0.971885896731929, 14: 1.4712650327953898, 15: 4.963566637053359, 16: 1.4668472187699182, 17: 3.471144930315055, 18: 4.446291930403717, 19: 0.9515016150660625, 20: 0.46124387999786154, 21: 1.4863248881700175, 22: 0.9825659410047523, 23: 0.9654266410206844, 24: 2.966147693134996, 25: 0.9762283780231922, 26: 1.461996394975979, 27: 0.9812013832268357, 28: 0.43460766477111834, 29: 1.963435322903234, 30: 0.48781355043536045, 31: 0.9822302878777734, 32: 1.4550545788255063, 33: 6.443368516508323, 34: 1.0, 35: 2.9612211808186966, 36: 3.4669507249817886, 37: 1.95995596661885, 38: 3.97475587923504, 39: 1.491633752140457, 40: 0.4559053221708478, 41: 1.9728343247341906, 42: 6.46457157259495, 43: 2.4460815857821876, 44: 0.48752060971897304, 45: 1.4819581880465713, 46: 0.9776881014925997, 47: 4.970613764374759, 48: 0.4657965768987449, 49: 0.48077739923782126, 50: 0.9466959018232896, 51: 0.47011361187206235, 52: 5.4778577750790545, 53: 1.4701827452130674, 54: 3.4669680084963668, 55: 0.48014297782115056, 56: 0.9749223230733963, 57: 0.962514691383789, 58: 0.45430878723779156, 59: 0.47843731939314305, 60: 1.4613171369559712, 61: 0.477970422579437, 62: 2.9632184264769568, 63: 0.987788332039144, 64: 4.48188597308083, 65: 0.9509236698666844, 66: 1.4573219478153892, 67: 2.449951866401295, 68: 2.450692460052662, 69: 0.9529580902189099, 70: 1.4510267094636848, 71: 0.9568108328835284, 72: 3.4908971488095055, 73: 1.9838905234567972, 74: 1.4568129441482942, 75: 2.974569925463364, 76: 1.4751551529519127, 77: 1.4763607898730935, 78: 2.960201592623373, 79: 1.4677284194692057, 80: 0.9811252796414773, 81: 0.4650413307890322, 82: 1.468032356420883, 83: 2.9531667660301664, 84: 0.9650651343897385, 85: 1.463594994507603, 86: 2.4793619475018547, 87: 0.4686152406135655, 88: 0.4581520928344146, 89: 0.9954549531806861, 90: 2.9707994868436614, 91: 0.9610313683313008, 92: 0.9508388667647485, 93: 2.967470821035487, 94: 0.46674202709239276, 95: 0.46638938233980776, 96: 3.9579647160436773, 97: 1.9452497691241901, 98: 1.487357966609772, 99: 0.45181476087593486}
2025-01-27 09:08:31 - WARNING  - Sum of s_i: 185.24953568302612
2025-01-27 09:08:36 - WARNING  - The sum of accs: 69.0
2025-01-27 09:08:36 - WARNING  - The welfare is 68.91691092689885
2025-01-27 09:08:56 - WARNING  - Epoch:   171. Accuracy: Top-1: 71.79 | Loss: value: 0.80
2025-01-27 09:08:56 - WARNING  - Epoch 171
2025-01-27 09:08:56 - WARNING  - s_i: {0: 2.454057160058231, 1: 0.48574518982264747, 2: 2.956371260425418, 3: 1.4687738884073585, 4: 2.448902762038281, 5: 3.4641981943467766, 6: 3.465171691179524, 7: 0.9703571336939667, 8: 0.9869968865815775, 9: 1.4702913606140093, 10: 2.4553442039763214, 11: 2.486650137836895, 12: 2.4553667161940362, 13: 0.971885896731929, 14: 1.4712650327953898, 15: 4.963566637053359, 16: 1.4668472187699182, 17: 3.471144930315055, 18: 4.446291930403717, 19: 0.9515016150660625, 20: 0.46124387999786154, 21: 1.4863248881700175, 22: 0.9825659410047523, 23: 0.9654266410206844, 24: 2.966147693134996, 25: 0.9762283780231922, 26: 1.461996394975979, 27: 0.9812013832268357, 28: 0.43460766477111834, 29: 1.963435322903234, 30: 0.48781355043536045, 31: 0.9822302878777734, 32: 1.4550545788255063, 33: 6.443368516508323, 34: 1.0, 35: 2.9612211808186966, 36: 3.4669507249817886, 37: 1.95995596661885, 38: 3.97475587923504, 39: 1.491633752140457, 40: 0.4559053221708478, 41: 1.9728343247341906, 42: 6.46457157259495, 43: 2.4460815857821876, 44: 0.48752060971897304, 45: 1.4819581880465713, 46: 0.9776881014925997, 47: 4.970613764374759, 48: 0.4657965768987449, 49: 0.48077739923782126, 50: 0.9466959018232896, 51: 0.47011361187206235, 52: 5.4778577750790545, 53: 1.4701827452130674, 54: 3.4669680084963668, 55: 0.48014297782115056, 56: 0.9749223230733963, 57: 0.962514691383789, 58: 0.45430878723779156, 59: 0.47843731939314305, 60: 1.4613171369559712, 61: 0.477970422579437, 62: 2.9632184264769568, 63: 0.4837177760521989, 64: 4.48188597308083, 65: 0.9509236698666844, 66: 1.4573219478153892, 67: 2.449951866401295, 68: 0.9465834983903769, 69: 0.9529580902189099, 70: 1.4510267094636848, 71: 0.9568108328835284, 72: 3.4908971488095055, 73: 1.9838905234567972, 74: 1.4568129441482942, 75: 2.974569925463364, 76: 1.4751551529519127, 77: 1.4763607898730935, 78: 2.960201592623373, 79: 1.4677284194692057, 80: 0.9811252796414773, 81: 0.4650413307890322, 82: 1.468032356420883, 83: 2.9531667660301664, 84: 0.9650651343897385, 85: 1.463594994507603, 86: 2.4793619475018547, 87: 0.4686152406135655, 88: 0.4581520928344146, 89: 0.9954549531806861, 90: 2.9707994868436614, 91: 0.9610313683313008, 92: 0.9508388667647485, 93: 2.967470821035487, 94: 0.46674202709239276, 95: 0.46638938233980776, 96: 3.9579647160436773, 97: 1.9452497691241901, 98: 1.487357966609772, 99: 0.45181476087593486}
2025-01-27 09:08:56 - WARNING  - Sum of s_i: 183.24135616537689
2025-01-27 09:09:18 - WARNING  - Epoch:   172. Accuracy: Top-1: 71.58 | Loss: value: 0.80
2025-01-27 09:09:18 - WARNING  - Epoch 172
2025-01-27 09:09:18 - WARNING  - s_i: {0: 2.454057160058231, 1: 0.48574518982264747, 2: 2.956371260425418, 3: 1.4687738884073585, 4: 2.448902762038281, 5: 3.4641981943467766, 6: 0.9608181525769672, 7: 0.9703571336939667, 8: 0.9869968865815775, 9: 1.4702913606140093, 10: 2.4553442039763214, 11: 2.486650137836895, 12: 2.4553667161940362, 13: 0.971885896731929, 14: 1.4712650327953898, 15: 4.963566637053359, 16: 1.4668472187699182, 17: 3.471144930315055, 18: 4.446291930403717, 19: 0.9515016150660625, 20: 0.46124387999786154, 21: 1.4863248881700175, 22: 0.9825659410047523, 23: 0.9654266410206844, 24: 2.966147693134996, 25: 0.9762283780231922, 26: 1.461996394975979, 27: 0.9812013832268357, 28: 0.43460766477111834, 29: 1.963435322903234, 30: 0.48781355043536045, 31: 0.9822302878777734, 32: 1.4550545788255063, 33: 6.443368516508323, 34: 1.0, 35: 2.9612211808186966, 36: 3.4669507249817886, 37: 1.95995596661885, 38: 3.97475587923504, 39: 1.491633752140457, 40: 0.4559053221708478, 41: 1.9728343247341906, 42: 6.46457157259495, 43: 2.4460815857821876, 44: 0.48752060971897304, 45: 1.4819581880465713, 46: 0.9776881014925997, 47: 0.4657160584372271, 48: 0.4657965768987449, 49: 0.48077739923782126, 50: 0.9466959018232896, 51: 0.47011361187206235, 52: 5.4778577750790545, 53: 1.4701827452130674, 54: 3.4669680084963668, 55: 0.48014297782115056, 56: 0.9749223230733963, 57: 0.962514691383789, 58: 0.45430878723779156, 59: 0.47843731939314305, 60: 1.4613171369559712, 61: 0.477970422579437, 62: 2.9632184264769568, 63: 0.4837177760521989, 64: 4.48188597308083, 65: 0.9509236698666844, 66: 1.4573219478153892, 67: 2.449951866401295, 68: 0.9465834983903769, 69: 0.9529580902189099, 70: 1.4510267094636848, 71: 0.9568108328835284, 72: 3.4908971488095055, 73: 1.9838905234567972, 74: 1.4568129441482942, 75: 2.974569925463364, 76: 1.4751551529519127, 77: 1.4763607898730935, 78: 2.960201592623373, 79: 1.4677284194692057, 80: 0.9811252796414773, 81: 0.4650413307890322, 82: 1.468032356420883, 83: 2.9531667660301664, 84: 0.9650651343897385, 85: 1.463594994507603, 86: 2.4793619475018547, 87: 0.4686152406135655, 88: 0.4581520928344146, 89: 0.9954549531806861, 90: 2.9707994868436614, 91: 0.9610313683313008, 92: 0.9508388667647485, 93: 2.967470821035487, 94: 0.46674202709239276, 95: 0.46638938233980776, 96: 3.9579647160436773, 97: 1.9452497691241901, 98: 1.487357966609772, 99: 0.45181476087593486}
2025-01-27 09:09:18 - WARNING  - Sum of s_i: 176.2321049208368
2025-01-27 09:09:40 - WARNING  - Epoch:   173. Accuracy: Top-1: 71.05 | Loss: value: 0.81
2025-01-27 09:09:40 - WARNING  - Epoch 173
2025-01-27 09:09:40 - WARNING  - s_i: {0: 2.454057160058231, 1: 0.48574518982264747, 2: 2.956371260425418, 3: 1.4687738884073585, 4: 2.448902762038281, 5: 3.4641981943467766, 6: 0.9608181525769672, 7: 0.9703571336939667, 8: 0.9869968865815775, 9: 1.4702913606140093, 10: 2.4553442039763214, 11: 2.486650137836895, 12: 2.4553667161940362, 13: 0.971885896731929, 14: 1.4712650327953898, 15: 4.963566637053359, 16: 1.4668472187699182, 17: 3.471144930315055, 18: 4.446291930403717, 19: 0.9515016150660625, 20: 0.46124387999786154, 21: 1.4863248881700175, 22: 0.9825659410047523, 23: 0.9654266410206844, 24: 2.966147693134996, 25: 0.9762283780231922, 26: 1.461996394975979, 27: 0.9812013832268357, 28: 0.43460766477111834, 29: 1.963435322903234, 30: 0.48781355043536045, 31: 0.9822302878777734, 32: 1.4550545788255063, 33: 6.443368516508323, 34: 1.0, 35: 2.9612211808186966, 36: 3.4669507249817886, 37: 1.95995596661885, 38: 3.9705485257742077, 39: 1.491633752140457, 40: 0.4559053221708478, 41: 1.9728343247341906, 42: 6.46457157259495, 43: 2.4460815857821876, 44: 0.48752060971897304, 45: 1.4819581880465713, 46: 0.9776881014925997, 47: 0.4657160584372271, 48: 0.4657965768987449, 49: 0.48077739923782126, 50: 0.9466959018232896, 51: 0.47011361187206235, 52: 5.4778577750790545, 53: 1.4701827452130674, 54: 2.4628390095584143, 55: 0.48014297782115056, 56: 0.9749223230733963, 57: 0.962514691383789, 58: 0.45430878723779156, 59: 0.47843731939314305, 60: 1.4613171369559712, 61: 0.477970422579437, 62: 2.9632184264769568, 63: 0.4837177760521989, 64: 4.48188597308083, 65: 0.9509236698666844, 66: 1.4573219478153892, 67: 2.449951866401295, 68: 0.9465834983903769, 69: 0.9529580902189099, 70: 1.4510267094636848, 71: 0.9568108328835284, 72: 3.4908971488095055, 73: 1.9838905234567972, 74: 1.4568129441482942, 75: 2.974569925463364, 76: 1.4751551529519127, 77: 1.4763607898730935, 78: 2.960201592623373, 79: 1.4677284194692057, 80: 0.9811252796414773, 81: 0.4650413307890322, 82: 1.468032356420883, 83: 2.9531667660301664, 84: 0.9650651343897385, 85: 1.463594994507603, 86: 2.4793619475018547, 87: 0.4686152406135655, 88: 0.4581520928344146, 89: 0.9954549531806861, 90: 2.9707994868436614, 91: 0.9610313683313008, 92: 0.9508388667647485, 93: 2.967470821035487, 94: 0.46674202709239276, 95: 0.46638938233980776, 96: 3.9579647160436773, 97: 1.9452497691241901, 98: 1.487357966609772, 99: 0.45181476087593486}
2025-01-27 09:09:40 - WARNING  - Sum of s_i: 175.22376856843803
2025-01-27 09:10:02 - WARNING  - Epoch:   174. Accuracy: Top-1: 70.99 | Loss: value: 0.82
2025-01-27 09:10:02 - WARNING  - Epoch 174
2025-01-27 09:10:02 - WARNING  - s_i: {0: 2.454057160058231, 1: 0.48574518982264747, 2: 2.956371260425418, 3: 1.4687738884073585, 4: 2.448902762038281, 5: 3.4641981943467766, 6: 0.9608181525769672, 7: 0.9703571336939667, 8: 0.9869968865815775, 9: 1.4702913606140093, 10: 2.4553442039763214, 11: 2.486650137836895, 12: 2.4553667161940362, 13: 1.9678695962650563, 14: 1.4712650327953898, 15: 4.963566637053359, 16: 1.4668472187699182, 17: 3.471144930315055, 18: 4.446291930403717, 19: 0.9515016150660625, 20: 0.46124387999786154, 21: 3.4817665175600254, 22: 0.9825659410047523, 23: 0.9654266410206844, 24: 2.966147693134996, 25: 0.9762283780231922, 26: 1.461996394975979, 27: 0.9812013832268357, 28: 0.43460766477111834, 29: 1.963435322903234, 30: 0.48781355043536045, 31: 0.9822302878777734, 32: 1.4550545788255063, 33: 6.443368516508323, 34: 1.0, 35: 2.9612211808186966, 36: 3.4669507249817886, 37: 1.95995596661885, 38: 1.966341172313379, 39: 1.491633752140457, 40: 0.4559053221708478, 41: 1.9728343247341906, 42: 6.46457157259495, 43: 2.4460815857821876, 44: 0.48752060971897304, 45: 1.4819581880465713, 46: 0.9776881014925997, 47: 0.4657160584372271, 48: 0.4657965768987449, 49: 0.48077739923782126, 50: 0.9466959018232896, 51: 0.47011361187206235, 52: 5.473429330094865, 53: 1.4701827452130674, 54: 2.4628390095584143, 55: 0.48014297782115056, 56: 0.9749223230733963, 57: 0.962514691383789, 58: 0.45430878723779156, 59: 0.47843731939314305, 60: 1.4613171369559712, 61: 0.4735645070953245, 62: 2.9632184264769568, 63: 0.4837177760521989, 64: 4.48188597308083, 65: 0.9509236698666844, 66: 1.4573219478153892, 67: 2.449951866401295, 68: 0.9465834983903769, 69: 0.9529580902189099, 70: 1.4510267094636848, 71: 0.9568108328835284, 72: 3.4908971488095055, 73: 1.9838905234567972, 74: 1.4524942385631248, 75: 2.974569925463364, 76: 1.4751551529519127, 77: 1.4763607898730935, 78: 2.960201592623373, 79: 1.4677284194692057, 80: 0.9811252796414773, 81: 0.4650413307890322, 82: 1.468032356420883, 83: 2.9531667660301664, 84: 0.9650651343897385, 85: 1.463594994507603, 86: 2.4793619475018547, 87: 0.4686152406135655, 88: 0.4581520928344146, 89: 0.9954549531806861, 90: 2.9707994868436614, 91: 0.9610313683313008, 92: 0.9508388667647485, 93: 2.967470821035487, 94: 0.46674202709239276, 95: 0.46638938233980776, 96: 3.9579647160436773, 97: 1.9452497691241901, 98: 1.4831439554796977, 99: 0.45181476087593486}
2025-01-27 09:10:02 - WARNING  - Sum of s_i: 176.1936194667168
2025-01-27 09:10:24 - WARNING  - Epoch:   175. Accuracy: Top-1: 72.33 | Loss: value: 0.78
2025-01-27 09:10:24 - WARNING  - Epoch 175
2025-01-27 09:10:24 - WARNING  - s_i: {0: 2.454057160058231, 1: 0.48574518982264747, 2: 2.956371260425418, 3: 1.4687738884073585, 4: 1.9442575585872088, 5: 3.4641981943467766, 6: 0.9608181525769672, 7: 0.9703571336939667, 8: 0.9869968865815775, 9: 1.4702913606140093, 10: 2.4553442039763214, 11: 2.486650137836895, 12: 2.4553667161940362, 13: 1.9678695962650563, 14: 1.4712650327953898, 15: 4.963566637053359, 16: 1.4668472187699182, 17: 3.471144930315055, 18: 4.446291930403717, 19: 0.9515016150660625, 20: 0.46124387999786154, 21: 3.4817665175600254, 22: 0.9825659410047523, 23: 0.9654266410206844, 24: 2.966147693134996, 25: 0.9762283780231922, 26: 1.461996394975979, 27: 0.9812013832268357, 28: 0.43460766477111834, 29: 1.963435322903234, 30: 0.48781355043536045, 31: 0.9822302878777734, 32: 1.4550545788255063, 33: 6.443368516508323, 34: 1.0, 35: 2.9612211808186966, 36: 3.4669507249817886, 37: 1.95995596661885, 38: 1.966341172313379, 39: 1.491633752140457, 40: 0.4559053221708478, 41: 1.9728343247341906, 42: 6.46457157259495, 43: 2.4460815857821876, 44: 0.48752060971897304, 45: 1.4819581880465713, 46: 0.9776881014925997, 47: 0.4657160584372271, 48: 0.4657965768987449, 49: 0.48077739923782126, 50: 0.9466959018232896, 51: 0.47011361187206235, 52: 5.473429330094865, 53: 1.4701827452130674, 54: 2.4628390095584143, 55: 0.48014297782115056, 56: 0.9749223230733963, 57: 0.962514691383789, 58: 0.45430878723779156, 59: 0.47843731939314305, 60: 1.4613171369559712, 61: 0.4735645070953245, 62: 2.9632184264769568, 63: 0.4837177760521989, 64: 4.48188597308083, 65: 0.9509236698666844, 66: 1.4573219478153892, 67: 0.9454020360741386, 68: 0.9465834983903769, 69: 0.9529580902189099, 70: 1.4510267094636848, 71: 0.9568108328835284, 72: 3.4908971488095055, 73: 1.9838905234567972, 74: 1.4524942385631248, 75: 2.974569925463364, 76: 1.4751551529519127, 77: 1.4763607898730935, 78: 2.960201592623373, 79: 1.4677284194692057, 80: 0.9811252796414773, 81: 0.4650413307890322, 82: 1.468032356420883, 83: 0.44848344263318163, 84: 0.9650651343897385, 85: 1.463594994507603, 86: 2.4793619475018547, 87: 0.4686152406135655, 88: 0.4581520928344146, 89: 0.9954549531806861, 90: 2.9707994868436614, 91: 0.9610313683313008, 92: 0.9508388667647485, 93: 2.967470821035487, 94: 0.46674202709239276, 95: 0.46638938233980776, 96: 3.9579647160436773, 97: 1.9452497691241901, 98: 1.4831439554796977, 99: 0.45181476087593486}
2025-01-27 09:10:24 - WARNING  - Sum of s_i: 171.67974110954157
2025-01-27 09:10:45 - WARNING  - Epoch:   176. Accuracy: Top-1: 71.36 | Loss: value: 0.81
2025-01-27 09:10:45 - WARNING  - Epoch 176
2025-01-27 09:10:45 - WARNING  - s_i: {0: 2.454057160058231, 1: 0.48574518982264747, 2: 2.956371260425418, 3: 1.4687738884073585, 4: 1.9442575585872088, 5: 3.4641981943467766, 6: 0.9608181525769672, 7: 0.9703571336939667, 8: 0.9869968865815775, 9: 1.4702913606140093, 10: 2.4553442039763214, 11: 2.486650137836895, 12: 2.4553667161940362, 13: 1.9678695962650563, 14: 1.4712650327953898, 15: 4.963566637053359, 16: 1.4668472187699182, 17: 3.471144930315055, 18: 4.446291930403717, 19: 0.9515016150660625, 20: 0.46124387999786154, 21: 3.4817665175600254, 22: 0.9825659410047523, 23: 0.9654266410206844, 24: 2.966147693134996, 25: 0.9762283780231922, 26: 1.461996394975979, 27: 0.9812013832268357, 28: 0.43460766477111834, 29: 1.963435322903234, 30: 0.48781355043536045, 31: 0.9822302878777734, 32: 1.4550545788255063, 33: 6.443368516508323, 34: 1.0, 35: 2.9612211808186966, 36: 3.4669507249817886, 37: 1.95995596661885, 38: 1.966341172313379, 39: 1.491633752140457, 40: 0.4559053221708478, 41: 1.9728343247341906, 42: 6.46457157259495, 43: 2.4460815857821876, 44: 0.48752060971897304, 45: 1.4819581880465713, 46: 0.9776881014925997, 47: 0.4657160584372271, 48: 0.4657965768987449, 49: 0.48077739923782126, 50: 0.9466959018232896, 51: 0.47011361187206235, 52: 5.473429330094865, 53: 1.4701827452130674, 54: 2.4628390095584143, 55: 0.48014297782115056, 56: 0.9749223230733963, 57: 0.962514691383789, 58: 0.45430878723779156, 59: 0.47843731939314305, 60: 1.4613171369559712, 61: 0.4735645070953245, 62: 2.9632184264769568, 63: 0.4837177760521989, 64: 4.48188597308083, 65: 0.9509236698666844, 66: 1.4573219478153892, 67: 0.9454020360741386, 68: 0.9465834983903769, 69: 0.9529580902189099, 70: 1.4510267094636848, 71: 0.9568108328835284, 72: 3.4908971488095055, 73: 1.9838905234567972, 74: 1.4524942385631248, 75: 2.974569925463364, 76: 1.4751551529519127, 77: 1.4763607898730935, 78: 2.960201592623373, 79: 1.4677284194692057, 80: 0.9811252796414773, 81: 0.4650413307890322, 82: 1.468032356420883, 83: 0.44848344263318163, 84: 0.9650651343897385, 85: 1.463594994507603, 86: 2.4793619475018547, 87: 0.4686152406135655, 88: 0.4581520928344146, 89: 0.9954549531806861, 90: 2.9707994868436614, 91: 0.9610313683313008, 92: 0.9508388667647485, 93: 2.967470821035487, 94: 0.46674202709239276, 95: 0.46638938233980776, 96: 3.9579647160436773, 97: 1.9452497691241901, 98: 1.4831439554796977, 99: 0.45181476087593486}
2025-01-27 09:10:45 - WARNING  - Sum of s_i: 171.67974110954157
2025-01-27 09:11:07 - WARNING  - Epoch:   177. Accuracy: Top-1: 71.53 | Loss: value: 0.81
2025-01-27 09:11:07 - WARNING  - Epoch 177
2025-01-27 09:11:07 - WARNING  - s_i: {0: 2.454057160058231, 1: 0.48574518982264747, 2: 2.956371260425418, 3: 1.4687738884073585, 4: 1.9442575585872088, 5: 3.4641981943467766, 6: 0.9608181525769672, 7: 0.9703571336939667, 8: 0.9869968865815775, 9: 1.4702913606140093, 10: 2.4553442039763214, 11: 2.486650137836895, 12: 2.4553667161940362, 13: 1.9678695962650563, 14: 3.4671600374804474, 15: 4.963566637053359, 16: 1.4668472187699182, 17: 3.471144930315055, 18: 5.441409378622238, 19: 0.9515016150660625, 20: 0.46124387999786154, 21: 0.9772081469500349, 22: 0.9825659410047523, 23: 0.9654266410206844, 24: 2.966147693134996, 25: 0.9762283780231922, 26: 1.461996394975979, 27: 0.9812013832268357, 28: 0.43460766477111834, 29: 1.963435322903234, 30: 0.48781355043536045, 31: 0.9822302878777734, 32: 1.4550545788255063, 33: 6.443368516508323, 34: 1.0, 35: 2.9612211808186966, 36: 3.4669507249817886, 37: 1.95995596661885, 38: 1.966341172313379, 39: 1.491633752140457, 40: 0.4559053221708478, 41: 1.9728343247341906, 42: 6.46457157259495, 43: 2.4460815857821876, 44: 0.48752060971897304, 45: 1.4819581880465713, 46: 0.9776881014925997, 47: 0.4657160584372271, 48: 0.4657965768987449, 49: 0.48077739923782126, 50: 0.9466959018232896, 51: 0.47011361187206235, 52: 5.473429330094865, 53: 1.4701827452130674, 54: 2.4628390095584143, 55: 0.48014297782115056, 56: 0.9749223230733963, 57: 0.962514691383789, 58: 0.45430878723779156, 59: 0.47843731939314305, 60: 1.4613171369559712, 61: 0.969158591611218, 62: 2.9632184264769568, 63: 0.4837177760521989, 64: 4.48188597308083, 65: 0.9509236698666844, 66: 1.4573219478153892, 67: 0.9454020360741386, 68: 0.9465834983903769, 69: 0.9529580902189099, 70: 1.4510267094636848, 71: 0.9568108328835284, 72: 3.4908971488095055, 73: 1.9838905234567972, 74: 1.4524942385631248, 75: 2.974569925463364, 76: 1.4751551529519127, 77: 1.4763607898730935, 78: 2.960201592623373, 79: 1.4677284194692057, 80: 0.9811252796414773, 81: 0.4650413307890322, 82: 1.468032356420883, 83: 0.44848344263318163, 84: 0.9650651343897385, 85: 1.463594994507603, 86: 2.4793619475018547, 87: 0.4686152406135655, 88: 0.4581520928344146, 89: 0.9954549531806861, 90: 2.9707994868436614, 91: 0.9610313683313008, 92: 0.9508388667647485, 93: 2.967470821035487, 94: 0.46674202709239276, 95: 0.46638938233980776, 96: 3.9579647160436773, 97: 1.9452497691241901, 98: 1.4831439554796977, 99: 2.447799324282265}
2025-01-27 09:11:07 - WARNING  - Sum of s_i: 174.6577738397574
2025-01-27 09:11:28 - WARNING  - Epoch:   178. Accuracy: Top-1: 71.03 | Loss: value: 0.83
2025-01-27 09:11:28 - WARNING  - Epoch 178
2025-01-27 09:11:28 - WARNING  - s_i: {0: 2.454057160058231, 1: 0.48574518982264747, 2: 2.956371260425418, 3: 1.4687738884073585, 4: 1.9442575585872088, 5: 3.4641981943467766, 6: 1.4564646139744077, 7: 0.9703571336939667, 8: 0.9869968865815775, 9: 1.4702913606140093, 10: 2.4553442039763214, 11: 2.486650137836895, 12: 2.4553667161940362, 13: 1.9678695962650563, 14: 3.4671600374804474, 15: 4.963566637053359, 16: 1.4668472187699182, 17: 3.4670227775029145, 18: 5.441409378622238, 19: 0.9515016150660625, 20: 0.46124387999786154, 21: 0.9772081469500349, 22: 0.9825659410047523, 23: 0.9654266410206844, 24: 2.966147693134996, 25: 0.9762283780231922, 26: 1.461996394975979, 27: 0.9812013832268357, 28: 0.43460766477111834, 29: 1.963435322903234, 30: 0.48781355043536045, 31: 0.9822302878777734, 32: 1.4550545788255063, 33: 6.443368516508323, 34: 1.0, 35: 2.9612211808186966, 36: 3.4669507249817886, 37: 1.95995596661885, 38: 1.966341172313379, 39: 1.491633752140457, 40: 0.4559053221708478, 41: 1.9728343247341906, 42: 2.4601430191693154, 43: 2.4460815857821876, 44: 0.48752060971897304, 45: 1.4819581880465713, 46: 0.9776881014925997, 47: 0.4657160584372271, 48: 0.4657965768987449, 49: 0.48077739923782126, 50: 0.9466959018232896, 51: 0.47011361187206235, 52: 5.473429330094865, 53: 1.4701827452130674, 54: 2.4628390095584143, 55: 0.48014297782115056, 56: 0.9749223230733963, 57: 0.962514691383789, 58: 0.45430878723779156, 59: 0.47843731939314305, 60: 1.4613171369559712, 61: 0.969158591611218, 62: 2.9632184264769568, 63: 0.4837177760521989, 64: 4.48188597308083, 65: 0.9509236698666844, 66: 1.4573219478153892, 67: 0.9454020360741386, 68: 0.9465834983903769, 69: 0.9529580902189099, 70: 1.4510267094636848, 71: 0.9568108328835284, 72: 3.4908971488095055, 73: 1.9838905234567972, 74: 1.4524942385631248, 75: 2.974569925463364, 76: 1.4751551529519127, 77: 1.4763607898730935, 78: 0.9557795473593074, 79: 1.4677284194692057, 80: 0.9811252796414773, 81: 0.4650413307890322, 82: 1.468032356420883, 83: 0.44848344263318163, 84: 0.9650651343897385, 85: 1.463594994507603, 86: 2.4793619475018547, 87: 0.4686152406135655, 88: 0.4581520928344146, 89: 0.9954549531806861, 90: 2.9707994868436614, 91: 0.9610313683313008, 92: 0.9508388667647485, 93: 2.967470821035487, 94: 0.46674202709239276, 95: 0.46638938233980776, 96: 3.9579647160436773, 97: 1.9452497691241901, 98: 1.4831439554796977, 99: 2.447799324282265}
2025-01-27 09:11:28 - WARNING  - Sum of s_i: 169.14044754965298
2025-01-27 09:11:48 - WARNING  - Epoch:   179. Accuracy: Top-1: 71.61 | Loss: value: 0.80
2025-01-27 09:11:48 - WARNING  - Epoch 179
2025-01-27 09:11:48 - WARNING  - s_i: {0: 2.454057160058231, 1: 0.48574518982264747, 2: 2.956371260425418, 3: 1.4687738884073585, 4: 1.9442575585872088, 5: 3.4641981943467766, 6: 1.4564646139744077, 7: 1.9661224385073923, 8: 0.9869968865815775, 9: 1.4702913606140093, 10: 2.4553442039763214, 11: 2.486650137836895, 12: 2.4553667161940362, 13: 1.9678695962650563, 14: 0.9630550421655122, 15: 4.963566637053359, 16: 1.4668472187699182, 17: 3.4670227775029145, 18: 5.441409378622238, 19: 0.9515016150660625, 20: 0.46124387999786154, 21: 0.9772081469500349, 22: 0.9782074262559404, 23: 0.9654266410206844, 24: 2.966147693134996, 25: 0.9762283780231922, 26: 1.461996394975979, 27: 0.9812013832268357, 28: 0.43460766477111834, 29: 1.963435322903234, 30: 0.48781355043536045, 31: 0.9822302878777734, 32: 1.4550545788255063, 33: 6.443368516508323, 34: 1.4950876629778216, 35: 2.9612211808186966, 36: 3.4669507249817886, 37: 1.95995596661885, 38: 1.966341172313379, 39: 1.491633752140457, 40: 0.4559053221708478, 41: 1.9728343247341906, 42: 2.4601430191693154, 43: 2.4460815857821876, 44: 0.48752060971897304, 45: 1.4819581880465713, 46: 0.9776881014925997, 47: 0.4657160584372271, 48: 0.4657965768987449, 49: 0.48077739923782126, 50: 0.9466959018232896, 51: 0.47011361187206235, 52: 5.473429330094865, 53: 1.4701827452130674, 54: 2.4628390095584143, 55: 0.48014297782115056, 56: 0.9749223230733963, 57: 0.962514691383789, 58: 0.45430878723779156, 59: 0.47843731939314305, 60: 1.4613171369559712, 61: 2.464752676127107, 62: 2.9632184264769568, 63: 0.4837177760521989, 64: 4.48188597308083, 65: 0.9509236698666844, 66: 1.4573219478153892, 67: 0.9454020360741386, 68: 0.9465834983903769, 69: 0.9529580902189099, 70: 1.4510267094636848, 71: 0.9568108328835284, 72: 3.4908971488095055, 73: 0.9798631543210021, 74: 0.44817553297795976, 75: 2.974569925463364, 76: 1.4751551529519127, 77: 1.4763607898730935, 78: 0.9557795473593074, 79: 1.4677284194692057, 80: 2.9764065995518445, 81: 0.4650413307890322, 82: 1.468032356420883, 83: 0.44848344263318163, 84: 0.9650651343897385, 85: 1.463594994507603, 86: 2.4793619475018547, 87: 0.4686152406135655, 88: 0.4581520928344146, 89: 0.9954549531806861, 90: 2.9707994868436614, 91: 0.9610313683313008, 92: 0.9508388667647485, 93: 2.967470821035487, 94: 0.46674202709239276, 95: 0.46638938233980776, 96: 3.9579647160436773, 97: 1.9452497691241901, 98: 1.4831439554796977, 99: 2.447799324282265}
2025-01-27 09:11:48 - WARNING  - Sum of s_i: 169.60536633708577
2025-01-27 09:12:08 - WARNING  - Epoch:   180. Accuracy: Top-1: 71.63 | Loss: value: 0.80
2025-01-27 09:12:08 - WARNING  - Epoch 180
2025-01-27 09:12:08 - WARNING  - s_i: {0: 2.454057160058231, 1: 0.48574518982264747, 2: 2.956371260425418, 3: 1.4687738884073585, 4: 1.9442575585872088, 5: 3.4641981943467766, 6: 1.4564646139744077, 7: 1.9661224385073923, 8: 0.9869968865815775, 9: 1.4702913606140093, 10: 2.4553442039763214, 11: 2.486650137836895, 12: 2.4553667161940362, 13: 1.9678695962650563, 14: 0.9630550421655122, 15: 4.963566637053359, 16: 1.4668472187699182, 17: 3.4670227775029145, 18: 5.441409378622238, 19: 0.9515016150660625, 20: 0.46124387999786154, 21: 0.9772081469500349, 22: 0.9782074262559404, 23: 0.9654266410206844, 24: 2.966147693134996, 25: 0.9762283780231922, 26: 1.461996394975979, 27: 0.9812013832268357, 28: 0.43460766477111834, 29: 1.963435322903234, 30: 0.48781355043536045, 31: 0.9822302878777734, 32: 1.4550545788255063, 33: 6.443368516508323, 34: 1.4950876629778216, 35: 2.9612211808186966, 36: 3.4669507249817886, 37: 1.95995596661885, 38: 1.966341172313379, 39: 1.491633752140457, 40: 0.4559053221708478, 41: 1.9728343247341906, 42: 2.4601430191693154, 43: 2.4460815857821876, 44: 0.48752060971897304, 45: 1.4819581880465713, 46: 0.9776881014925997, 47: 0.4657160584372271, 48: 0.4657965768987449, 49: 0.48077739923782126, 50: 0.9466959018232896, 51: 0.47011361187206235, 52: 5.473429330094865, 53: 1.4701827452130674, 54: 2.4628390095584143, 55: 0.48014297782115056, 56: 0.9749223230733963, 57: 0.962514691383789, 58: 0.45430878723779156, 59: 0.47843731939314305, 60: 1.4613171369559712, 61: 2.464752676127107, 62: 2.9632184264769568, 63: 0.4837177760521989, 64: 4.48188597308083, 65: 0.9509236698666844, 66: 1.4573219478153892, 67: 0.9454020360741386, 68: 0.9465834983903769, 69: 0.9529580902189099, 70: 1.4510267094636848, 71: 0.9568108328835284, 72: 3.4908971488095055, 73: 0.9798631543210021, 74: 0.44817553297795976, 75: 2.974569925463364, 76: 1.4751551529519127, 77: 1.4763607898730935, 78: 0.9557795473593074, 79: 1.4677284194692057, 80: 2.9764065995518445, 81: 0.4650413307890322, 82: 1.468032356420883, 83: 0.44848344263318163, 84: 0.9650651343897385, 85: 1.463594994507603, 86: 2.4793619475018547, 87: 0.4686152406135655, 88: 0.4581520928344146, 89: 0.9954549531806861, 90: 2.9707994868436614, 91: 0.9610313683313008, 92: 0.9508388667647485, 93: 2.967470821035487, 94: 0.46674202709239276, 95: 0.46638938233980776, 96: 3.9579647160436773, 97: 1.9452497691241901, 98: 1.4831439554796977, 99: 2.447799324282265}
2025-01-27 09:12:08 - WARNING  - Sum of s_i: 169.60536633708577
2025-01-27 09:12:13 - WARNING  - The sum of accs: 69.0
2025-01-27 09:12:13 - WARNING  - The welfare is 68.92394523639827
2025-01-27 09:12:33 - WARNING  - Epoch:   181. Accuracy: Top-1: 72.44 | Loss: value: 0.77
2025-01-27 09:12:33 - WARNING  - Epoch 181
2025-01-27 09:12:33 - WARNING  - s_i: {0: 2.454057160058231, 1: 0.48574518982264747, 2: 2.956371260425418, 3: 0.9643130153226939, 4: 1.9442575585872088, 5: 3.4641981943467766, 6: 1.4564646139744077, 7: 1.9661224385073923, 8: 0.9869968865815775, 9: 1.4702913606140093, 10: 2.4553442039763214, 11: 2.486650137836895, 12: 2.4553667161940362, 13: 1.9678695962650563, 14: 0.9630550421655122, 15: 4.963566637053359, 16: 1.4668472187699182, 17: 3.4670227775029145, 18: 5.441409378622238, 19: 0.9515016150660625, 20: 0.46124387999786154, 21: 0.9772081469500349, 22: 0.9782074262559404, 23: 0.9654266410206844, 24: 2.966147693134996, 25: 0.9762283780231922, 26: 1.461996394975979, 27: 0.9812013832268357, 28: 0.43460766477111834, 29: 1.963435322903234, 30: 0.48781355043536045, 31: 0.9822302878777734, 32: 1.4550545788255063, 33: 6.443368516508323, 34: 1.4950876629778216, 35: 2.9612211808186966, 36: 3.4669507249817886, 37: 1.95995596661885, 38: 1.966341172313379, 39: 1.491633752140457, 40: 0.4559053221708478, 41: 1.9728343247341906, 42: 2.4601430191693154, 43: 2.4460815857821876, 44: 0.48752060971897304, 45: 1.4819581880465713, 46: 0.9776881014925997, 47: 0.4657160584372271, 48: 0.4657965768987449, 49: 0.48077739923782126, 50: 0.9466959018232896, 51: 0.47011361187206235, 52: 5.473429330094865, 53: 1.4701827452130674, 54: 2.4628390095584143, 55: 0.48014297782115056, 56: 0.9749223230733963, 57: 0.962514691383789, 58: 0.45430878723779156, 59: 0.47843731939314305, 60: 1.4613171369559712, 61: 2.464752676127107, 62: 2.9632184264769568, 63: 0.4837177760521989, 64: 4.48188597308083, 65: 0.9509236698666844, 66: 2.4525799420171, 67: 0.9454020360741386, 68: 2.4424745367281, 69: 0.9529580902189099, 70: 1.4510267094636848, 71: 0.9568108328835284, 72: 3.4908971488095055, 73: 0.9798631543210021, 74: 0.44817553297795976, 75: 2.974569925463364, 76: 1.4751551529519127, 77: 1.4763607898730935, 78: 0.9557795473593074, 79: 1.4677284194692057, 80: 2.9764065995518445, 81: 0.4650413307890322, 82: 1.468032356420883, 83: 0.44848344263318163, 84: 0.9650651343897385, 85: 1.463594994507603, 86: 2.4793619475018547, 87: 0.4686152406135655, 88: 0.4581520928344146, 89: 0.9954549531806861, 90: 1.9659327346509454, 91: 0.9610313683313008, 92: 0.9508388667647485, 93: 2.967470821035487, 94: 0.46674202709239276, 95: 0.46638938233980776, 96: 3.9579647160436773, 97: 1.9452497691241901, 98: 1.4831439554796977, 99: 2.447799324282265}
2025-01-27 09:12:33 - WARNING  - Sum of s_i: 170.58718774434783
2025-01-27 09:12:56 - WARNING  - Epoch:   182. Accuracy: Top-1: 71.08 | Loss: value: 0.81
2025-01-27 09:12:56 - WARNING  - Epoch 182
2025-01-27 09:12:56 - WARNING  - s_i: {0: 2.454057160058231, 1: 0.48574518982264747, 2: 2.956371260425418, 3: 0.9643130153226939, 4: 1.9442575585872088, 5: 3.4641981943467766, 6: 1.4564646139744077, 7: 1.9661224385073923, 8: 0.9869968865815775, 9: 1.4702913606140093, 10: 2.4553442039763214, 11: 2.486650137836895, 12: 2.4553667161940362, 13: 1.9678695962650563, 14: 0.9630550421655122, 15: 4.963566637053359, 16: 1.4668472187699182, 17: 3.4670227775029145, 18: 5.441409378622238, 19: 0.9515016150660625, 20: 0.46124387999786154, 21: 0.9772081469500349, 22: 0.9782074262559404, 23: 0.9654266410206844, 24: 2.966147693134996, 25: 0.9762283780231922, 26: 1.461996394975979, 27: 0.9812013832268357, 28: 0.43460766477111834, 29: 1.963435322903234, 30: 0.48781355043536045, 31: 0.9822302878777734, 32: 1.4550545788255063, 33: 6.443368516508323, 34: 1.4950876629778216, 35: 2.9612211808186966, 36: 3.4669507249817886, 37: 1.95995596661885, 38: 1.966341172313379, 39: 1.491633752140457, 40: 0.4559053221708478, 41: 1.9728343247341906, 42: 2.4601430191693154, 43: 2.4460815857821876, 44: 0.48752060971897304, 45: 1.4819581880465713, 46: 0.9776881014925997, 47: 0.4657160584372271, 48: 0.4657965768987449, 49: 0.48077739923782126, 50: 0.9466959018232896, 51: 0.47011361187206235, 52: 5.473429330094865, 53: 1.4701827452130674, 54: 2.4628390095584143, 55: 0.48014297782115056, 56: 0.9749223230733963, 57: 0.962514691383789, 58: 0.45430878723779156, 59: 0.47843731939314305, 60: 1.4613171369559712, 61: 2.464752676127107, 62: 2.9632184264769568, 63: 0.4837177760521989, 64: 4.48188597308083, 65: 0.9509236698666844, 66: 2.4525799420171, 67: 0.9454020360741386, 68: 2.4424745367281, 69: 0.9529580902189099, 70: 1.4510267094636848, 71: 0.9568108328835284, 72: 3.4908971488095055, 73: 0.9798631543210021, 74: 0.44817553297795976, 75: 2.974569925463364, 76: 1.4751551529519127, 77: 1.4763607898730935, 78: 0.9557795473593074, 79: 1.4677284194692057, 80: 2.9764065995518445, 81: 0.4650413307890322, 82: 1.468032356420883, 83: 0.44848344263318163, 84: 0.9650651343897385, 85: 1.463594994507603, 86: 2.4793619475018547, 87: 0.4686152406135655, 88: 0.4581520928344146, 89: 0.9954549531806861, 90: 1.9659327346509454, 91: 0.9610313683313008, 92: 0.9508388667647485, 93: 2.967470821035487, 94: 0.46674202709239276, 95: 0.46638938233980776, 96: 3.9579647160436773, 97: 1.9452497691241901, 98: 1.4831439554796977, 99: 2.447799324282265}
2025-01-27 09:12:56 - WARNING  - Sum of s_i: 170.58718774434783
2025-01-27 09:13:16 - WARNING  - Epoch:   183. Accuracy: Top-1: 72.54 | Loss: value: 0.78
2025-01-27 09:13:16 - WARNING  - Epoch 183
2025-01-27 09:13:16 - WARNING  - s_i: {0: 2.454057160058231, 1: 0.48574518982264747, 2: 2.956371260425418, 3: 0.9643130153226939, 4: 1.9442575585872088, 5: 3.4641981943467766, 6: 1.4564646139744077, 7: 1.9661224385073923, 8: 0.9869968865815775, 9: 1.4702913606140093, 10: 2.4553442039763214, 11: 2.486650137836895, 12: 2.4553667161940362, 13: 1.9678695962650563, 14: 0.9630550421655122, 15: 4.963566637053359, 16: 1.4668472187699182, 17: 3.4670227775029145, 18: 5.441409378622238, 19: 0.9515016150660625, 20: 0.46124387999786154, 21: 0.9772081469500349, 22: 0.47384891150712805, 23: 0.9654266410206844, 24: 2.966147693134996, 25: 0.9762283780231922, 26: 1.461996394975979, 27: 0.9812013832268357, 28: 0.43460766477111834, 29: 1.963435322903234, 30: 0.48781355043536045, 31: 0.9822302878777734, 32: 1.4550545788255063, 33: 6.443368516508323, 34: 1.4950876629778216, 35: 2.9612211808186966, 36: 3.4669507249817886, 37: 1.95995596661885, 38: 1.966341172313379, 39: 1.491633752140457, 40: 0.4559053221708478, 41: 1.9728343247341906, 42: 2.4601430191693154, 43: 2.4460815857821876, 44: 0.48752060971897304, 45: 1.4819581880465713, 46: 0.9776881014925997, 47: 0.4657160584372271, 48: 0.4657965768987449, 49: 0.48077739923782126, 50: 0.9466959018232896, 51: 0.47011361187206235, 52: 5.473429330094865, 53: 1.4701827452130674, 54: 2.4628390095584143, 55: 0.48014297782115056, 56: 0.9749223230733963, 57: 0.962514691383789, 58: 0.45430878723779156, 59: 0.47843731939314305, 60: 1.4613171369559712, 61: 2.464752676127107, 62: 2.9632184264769568, 63: 0.4837177760521989, 64: 4.48188597308083, 65: 0.9509236698666844, 66: 2.4525799420171, 67: 0.9454020360741386, 68: 2.4424745367281, 69: 0.9529580902189099, 70: 1.4510267094636848, 71: 0.9568108328835284, 72: 3.4908971488095055, 73: 0.9798631543210021, 74: 0.44817553297795976, 75: 2.974569925463364, 76: 1.4751551529519127, 77: 1.4763607898730935, 78: 0.9557795473593074, 79: 1.4677284194692057, 80: 2.9764065995518445, 81: 0.4650413307890322, 82: 1.468032356420883, 83: 0.44848344263318163, 84: 0.9650651343897385, 85: 1.463594994507603, 86: 2.4793619475018547, 87: 0.4686152406135655, 88: 0.4581520928344146, 89: 0.9954549531806861, 90: 1.9659327346509454, 91: 0.9610313683313008, 92: 0.9508388667647485, 93: 2.967470821035487, 94: 0.46674202709239276, 95: 0.46638938233980776, 96: 3.9579647160436773, 97: 1.9452497691241901, 98: 1.4831439554796977, 99: 2.447799324282265}
2025-01-27 09:13:16 - WARNING  - Sum of s_i: 170.082829229599
2025-01-27 09:13:36 - WARNING  - Epoch:   184. Accuracy: Top-1: 72.63 | Loss: value: 0.78
2025-01-27 09:13:36 - WARNING  - Epoch 184
2025-01-27 09:13:36 - WARNING  - s_i: {0: 2.454057160058231, 1: 0.48574518982264747, 2: 2.956371260425418, 3: 0.9643130153226939, 4: 1.9442575585872088, 5: 3.4641981943467766, 6: 1.4564646139744077, 7: 1.9661224385073923, 8: 0.9869968865815775, 9: 1.4702913606140093, 10: 2.4553442039763214, 11: 2.486650137836895, 12: 2.4553667161940362, 13: 1.9678695962650563, 14: 0.9630550421655122, 15: 4.963566637053359, 16: 1.4668472187699182, 17: 3.4670227775029145, 18: 5.441409378622238, 19: 0.9515016150660625, 20: 0.46124387999786154, 21: 0.9772081469500349, 22: 0.47384891150712805, 23: 0.9654266410206844, 24: 2.966147693134996, 25: 0.9762283780231922, 26: 1.461996394975979, 27: 0.9812013832268357, 28: 0.43460766477111834, 29: 1.963435322903234, 30: 0.48781355043536045, 31: 0.9822302878777734, 32: 1.4550545788255063, 33: 6.443368516508323, 34: 1.4950876629778216, 35: 2.9612211808186966, 36: 3.4669507249817886, 37: 1.95995596661885, 38: 1.966341172313379, 39: 1.491633752140457, 40: 0.4559053221708478, 41: 1.9728343247341906, 42: 2.4601430191693154, 43: 2.4460815857821876, 44: 0.48752060971897304, 45: 1.4819581880465713, 46: 0.9776881014925997, 47: 0.4657160584372271, 48: 0.4657965768987449, 49: 0.48077739923782126, 50: 0.9466959018232896, 51: 0.47011361187206235, 52: 5.473429330094865, 53: 1.4701827452130674, 54: 2.4628390095584143, 55: 0.48014297782115056, 56: 0.9749223230733963, 57: 0.962514691383789, 58: 0.45430878723779156, 59: 0.47843731939314305, 60: 1.4613171369559712, 61: 2.464752676127107, 62: 2.9632184264769568, 63: 0.4837177760521989, 64: 4.48188597308083, 65: 0.9509236698666844, 66: 2.4525799420171, 67: 0.9454020360741386, 68: 2.4424745367281, 69: 0.9529580902189099, 70: 1.4510267094636848, 71: 0.9568108328835284, 72: 3.4908971488095055, 73: 0.9798631543210021, 74: 0.44817553297795976, 75: 2.974569925463364, 76: 1.4751551529519127, 77: 1.4763607898730935, 78: 0.9557795473593074, 79: 1.4677284194692057, 80: 2.9764065995518445, 81: 0.4650413307890322, 82: 1.468032356420883, 83: 0.44848344263318163, 84: 0.9650651343897385, 85: 1.463594994507603, 86: 2.4793619475018547, 87: 0.4686152406135655, 88: 0.4581520928344146, 89: 0.9954549531806861, 90: 1.9659327346509454, 91: 0.9610313683313008, 92: 0.9508388667647485, 93: 2.967470821035487, 94: 0.46674202709239276, 95: 0.46638938233980776, 96: 2.453294128937425, 97: 1.9452497691241901, 98: 1.4831439554796977, 99: 2.447799324282265}
2025-01-27 09:13:36 - WARNING  - Sum of s_i: 168.57815864249275
2025-01-27 09:13:56 - WARNING  - Epoch:   185. Accuracy: Top-1: 73.10 | Loss: value: 0.76
2025-01-27 09:13:56 - WARNING  - Epoch 185
2025-01-27 09:13:56 - WARNING  - s_i: {0: 2.454057160058231, 1: 0.48574518982264747, 2: 2.956371260425418, 3: 0.9643130153226939, 4: 1.9442575585872088, 5: 3.4641981943467766, 6: 1.4564646139744077, 7: 1.9661224385073923, 8: 0.9869968865815775, 9: 1.4702913606140093, 10: 2.4553442039763214, 11: 2.486650137836895, 12: 2.4553667161940362, 13: 1.9678695962650563, 14: 0.9630550421655122, 15: 4.963566637053359, 16: 1.4668472187699182, 17: 3.4670227775029145, 18: 5.441409378622238, 19: 0.9515016150660625, 20: 0.46124387999786154, 21: 0.9772081469500349, 22: 0.47384891150712805, 23: 0.9654266410206844, 24: 2.966147693134996, 25: 0.9762283780231922, 26: 1.461996394975979, 27: 0.9812013832268357, 28: 0.43460766477111834, 29: 1.963435322903234, 30: 0.48781355043536045, 31: 0.9822302878777734, 32: 1.4550545788255063, 33: 6.443368516508323, 34: 1.4950876629778216, 35: 2.9612211808186966, 36: 3.4669507249817886, 37: 1.95995596661885, 38: 1.966341172313379, 39: 1.491633752140457, 40: 0.4559053221708478, 41: 1.9728343247341906, 42: 2.4601430191693154, 43: 2.4460815857821876, 44: 0.48752060971897304, 45: 1.4819581880465713, 46: 1.9732257217911195, 47: 0.4657160584372271, 48: 0.4657965768987449, 49: 0.48077739923782126, 50: 0.9466959018232896, 51: 0.47011361187206235, 52: 5.473429330094865, 53: 1.4701827452130674, 54: 2.4628390095584143, 55: 0.48014297782115056, 56: 0.9749223230733963, 57: 0.962514691383789, 58: 0.45430878723779156, 59: 0.47843731939314305, 60: 1.4613171369559712, 61: 2.464752676127107, 62: 2.9632184264769568, 63: 0.4837177760521989, 64: 4.48188597308083, 65: 0.9509236698666844, 66: 2.4525799420171, 67: 0.9454020360741386, 68: 2.4424745367281, 69: 0.9529580902189099, 70: 1.4510267094636848, 71: 0.9568108328835284, 72: 3.4908971488095055, 73: 0.9798631543210021, 74: 0.44817553297795976, 75: 2.974569925463364, 76: 1.4751551529519127, 77: 1.4763607898730935, 78: 0.9557795473593074, 79: 1.4677284194692057, 80: 2.9764065995518445, 81: 0.4650413307890322, 82: 1.468032356420883, 83: 0.44848344263318163, 84: 0.9650651343897385, 85: 1.463594994507603, 86: 2.4793619475018547, 87: 0.4686152406135655, 88: 0.4581520928344146, 89: 0.9954549531806861, 90: 1.9659327346509454, 91: 0.9610313683313008, 92: 0.9508388667647485, 93: 2.967470821035487, 94: 0.46674202709239276, 95: 0.46638938233980776, 96: 2.453294128937425, 97: 1.9452497691241901, 98: 1.4831439554796977, 99: 2.447799324282265}
2025-01-27 09:13:56 - WARNING  - Sum of s_i: 169.5736962627913
2025-01-27 09:14:15 - WARNING  - Epoch:   186. Accuracy: Top-1: 73.12 | Loss: value: 0.75
2025-01-27 09:14:15 - WARNING  - Epoch 186
2025-01-27 09:14:15 - WARNING  - s_i: {0: 2.454057160058231, 1: 0.48574518982264747, 2: 2.956371260425418, 3: 0.9643130153226939, 4: 1.9442575585872088, 5: 3.4641981943467766, 6: 1.4564646139744077, 7: 1.9661224385073923, 8: 0.9869968865815775, 9: 1.4702913606140093, 10: 2.4553442039763214, 11: 2.486650137836895, 12: 2.4553667161940362, 13: 1.9678695962650563, 14: 0.9630550421655122, 15: 4.963566637053359, 16: 1.4668472187699182, 17: 3.4670227775029145, 18: 5.441409378622238, 19: 0.9515016150660625, 20: 0.46124387999786154, 21: 0.9772081469500349, 22: 0.47384891150712805, 23: 0.9654266410206844, 24: 2.966147693134996, 25: 0.9762283780231922, 26: 1.461996394975979, 27: 0.9812013832268357, 28: 2.9299367836833428, 29: 1.963435322903234, 30: 0.48781355043536045, 31: 0.9822302878777734, 32: 1.4550545788255063, 33: 6.443368516508323, 34: 1.4950876629778216, 35: 2.9612211808186966, 36: 3.4669507249817886, 37: 1.95995596661885, 38: 1.966341172313379, 39: 1.491633752140457, 40: 0.4559053221708478, 41: 1.9728343247341906, 42: 2.4601430191693154, 43: 2.4460815857821876, 44: 0.48752060971897304, 45: 1.4819581880465713, 46: 1.9732257217911195, 47: 0.4657160584372271, 48: 0.4657965768987449, 49: 0.48077739923782126, 50: 0.9466959018232896, 51: 0.47011361187206235, 52: 5.473429330094865, 53: 1.4701827452130674, 54: 2.4628390095584143, 55: 0.48014297782115056, 56: 0.9749223230733963, 57: 0.962514691383789, 58: 0.45430878723779156, 59: 0.47843731939314305, 60: 1.4613171369559712, 61: 2.464752676127107, 62: 2.9632184264769568, 63: 0.4837177760521989, 64: 4.48188597308083, 65: 0.9509236698666844, 66: 2.4525799420171, 67: 0.9454020360741386, 68: 2.4424745367281, 69: 0.9529580902189099, 70: 1.4510267094636848, 71: 0.9568108328835284, 72: 3.4908971488095055, 73: 0.9798631543210021, 74: 0.44817553297795976, 75: 2.974569925463364, 76: 1.4751551529519127, 77: 1.4763607898730935, 78: 0.9557795473593074, 79: 1.4677284194692057, 80: 2.9764065995518445, 81: 0.4650413307890322, 82: 1.468032356420883, 83: 0.44848344263318163, 84: 0.9650651343897385, 85: 1.463594994507603, 86: 2.4793619475018547, 87: 0.4686152406135655, 88: 0.4581520928344146, 89: 0.9954549531806861, 90: 1.9659327346509454, 91: 0.9610313683313008, 92: 0.9508388667647485, 93: 2.967470821035487, 94: 0.46674202709239276, 95: 0.46638938233980776, 96: 2.453294128937425, 97: 1.9452497691241901, 98: 1.4831439554796977, 99: 2.447799324282265}
2025-01-27 09:14:15 - WARNING  - Sum of s_i: 172.0690253817035
2025-01-27 09:14:36 - WARNING  - Epoch:   187. Accuracy: Top-1: 72.13 | Loss: value: 0.79
2025-01-27 09:14:36 - WARNING  - Epoch 187
2025-01-27 09:14:36 - WARNING  - s_i: {0: 2.454057160058231, 1: 0.48574518982264747, 2: 2.956371260425418, 3: 0.9643130153226939, 4: 1.9442575585872088, 5: 3.4641981943467766, 6: 1.4564646139744077, 7: 1.9661224385073923, 8: 0.9869968865815775, 9: 1.4702913606140093, 10: 2.4553442039763214, 11: 2.486650137836895, 12: 1.4504074624378231, 13: 1.9678695962650563, 14: 0.9630550421655122, 15: 4.963566637053359, 16: 1.4668472187699182, 17: 3.4670227775029145, 18: 5.441409378622238, 19: 0.9515016150660625, 20: 0.46124387999786154, 21: 0.9772081469500349, 22: 0.47384891150712805, 23: 0.9654266410206844, 24: 2.966147693134996, 25: 0.9762283780231922, 26: 1.461996394975979, 27: 0.9812013832268357, 28: 2.9299367836833428, 29: 1.963435322903234, 30: 0.48781355043536045, 31: 0.9822302878777734, 32: 1.4550545788255063, 33: 6.443368516508323, 34: 1.4950876629778216, 35: 2.9612211808186966, 36: 3.4669507249817886, 37: 1.95995596661885, 38: 1.966341172313379, 39: 1.491633752140457, 40: 0.4559053221708478, 41: 1.9728343247341906, 42: 2.4601430191693154, 43: 2.4460815857821876, 44: 0.48752060971897304, 45: 0.9774477350582141, 46: 1.9732257217911195, 47: 0.4657160584372271, 48: 0.4657965768987449, 49: 0.48077739923782126, 50: 0.9466959018232896, 51: 0.47011361187206235, 52: 5.473429330094865, 53: 1.4701827452130674, 54: 2.4628390095584143, 55: 0.48014297782115056, 56: 0.9749223230733963, 57: 0.962514691383789, 58: 0.45430878723779156, 59: 0.47843731939314305, 60: 0.45648177907547227, 61: 2.464752676127107, 62: 2.9632184264769568, 63: 0.4837177760521989, 64: 4.48188597308083, 65: 0.9509236698666844, 66: 2.4525799420171, 67: 0.9454020360741386, 68: 2.4424745367281, 69: 0.9529580902189099, 70: 1.4510267094636848, 71: 0.9568108328835284, 72: 3.4908971488095055, 73: 0.9798631543210021, 74: 0.44817553297795976, 75: 2.974569925463364, 76: 1.4751551529519127, 77: 1.4763607898730935, 78: 0.9557795473593074, 79: 1.4677284194692057, 80: 2.9764065995518445, 81: 0.4650413307890322, 82: 1.468032356420883, 83: 0.44848344263318163, 84: 0.9650651343897385, 85: 1.463594994507603, 86: 2.4793619475018547, 87: 0.4686152406135655, 88: 0.4581520928344146, 89: 0.9954549531806861, 90: 1.9659327346509454, 91: 0.9610313683313008, 92: 0.9508388667647485, 93: 2.967470821035487, 94: 0.46674202709239276, 95: 0.46638938233980776, 96: 2.453294128937425, 97: 1.9452497691241901, 98: 1.4831439554796977, 99: 2.447799324282265}
2025-01-27 09:14:36 - WARNING  - Sum of s_i: 169.55472031707845
{50: -0.050000000000000044, 92: -0.34999999999999976, 59: -0.2999999999999997, 31: -0.3999999999999998, 8: -0.4999999999999999, 16: 0.10000000000000009, 2: 0.04999999999999949, 22: 0.0500000000000006, 83: 0.050000000000000044, 73: -0.34999999999999976}
Length of Loader 100
{18: -0.20000000000000018, 74: -0.20000000000000018, 89: -0.7499999999999996, 17: -0.7499999999999996, 95: -0.0500000000000006, 80: -0.24999999999999967, 1: -0.44999999999999984, 57: -0.5999999999999994, 68: -0.5499999999999999, 93: -0.7499999999999996}
Length of Loader 100
{31: -0.24999999999999967, 53: -0.6499999999999995, 46: -0.5999999999999994, 96: -0.7499999999999996, 40: -0.39999999999999925, 61: -0.49999999999999933, 5: -0.49999999999999933, 89: -0.9499999999999997, 42: -0.6999999999999995, 49: -0.5999999999999994}
Length of Loader 100
{92: -0.19999999999999962, 28: -0.44999999999999984, 57: -0.14999999999999958, 88: -0.34999999999999976, 70: -0.6, 26: -0.34999999999999976, 30: -0.6499999999999995, 19: -0.44999999999999984, 73: -0.15000000000000013, 74: -0.10000000000000009}
Length of Loader 100
{22: -0.5499999999999999, 42: 0.39999999999999925, 65: 0.04999999999999949, 99: -0.2500000000000002, 2: -0.14999999999999958, 69: -0.0500000000000006, 91: -0.30000000000000027, 59: -0.44999999999999984, 97: -0.49999999999999933, 78: -0.7000000000000001}
Length of Loader 100
{89: 5.551115123125783e-16, 62: -0.4499999999999993, 74: -0.2999999999999997, 48: -0.3499999999999992, 31: -0.29999999999999916, 7: -0.49999999999999933, 95: -0.3499999999999992, 35: -0.5999999999999994, 37: -0.6499999999999995, 66: -0.3999999999999998}
Length of Loader 100
{45: -0.19999999999999962, 80: -0.34999999999999976, 14: 0.050000000000000044, 88: -0.24999999999999967, 40: -0.14999999999999958, 11: -0.4499999999999993, 78: -0.49999999999999933, 58: -0.6499999999999995, 89: -0.39999999999999925, 67: -0.6999999999999995}
Length of Loader 100
{21: -0.8999999999999991, 19: -0.2499999999999991, 54: -0.5499999999999994, 85: -0.3499999999999992, 60: -0.2500000000000002, 17: -0.5499999999999994, 72: -0.7999999999999996, 77: -0.9999999999999998, 68: -1.3, 38: -1.15}
Length of Loader 100
{7: -0.19999999999999962, 44: -0.24999999999999967, 78: 0.050000000000000044, 92: -0.3500000000000003, 4: -0.10000000000000009, 50: -0.10000000000000009, 74: 0.04999999999999949, 47: -0.10000000000000009, 85: -0.7500000000000007, 90: -0.5500000000000005}
Length of Loader 100
{98: 0.09999999999999953, 15: 0.3499999999999992, 72: 0.2999999999999997, 68: 0.19999999999999962, 4: 0.14999999999999958, 2: 0.14999999999999958, 82: 0.09999999999999953, 18: 0.09999999999999953, 94: -0.15000000000000013, 51: -0.15000000000000013}
Length of Loader 100
{42: -0.6500000000000006, 26: -0.20000000000000018, 84: -0.20000000000000018, 99: -0.2500000000000002, 89: -0.20000000000000018, 78: -0.4999999999999999, 0: -0.5000000000000004, 96: -0.9500000000000003, 83: -1.0000000000000004, 10: -0.65}
Length of Loader 100
{16: -0.20000000000000018, 13: -0.2500000000000002, 80: -0.3500000000000003, 44: -0.15000000000000013, 47: -0.5499999999999999, 79: -0.2500000000000002, 29: -0.7000000000000006, 55: -0.5500000000000005, 21: -0.9000000000000008, 45: -0.6000000000000005}
Length of Loader 100
{95: -0.1500000000000007, 92: -0.30000000000000027, 29: -0.2999999999999997, 27: -0.30000000000000027, 99: -0.34999999999999976, 39: -0.30000000000000027, 82: -0.5499999999999994, 30: -0.44999999999999984, 61: -0.14999999999999958, 60: -0.14999999999999958}
Length of Loader 100
{26: -0.5999999999999994, 98: -0.49999999999999933, 29: -0.44999999999999984, 17: -0.44999999999999984, 94: -0.65, 63: -0.04999999999999949, 53: -0.4500000000000004, 71: -0.2999999999999997, 68: -0.1500000000000007, 72: -0.4500000000000004}
Length of Loader 100
{66: -0.35000000000000087, 89: -0.5500000000000005, 57: -0.2999999999999997, 6: -0.24999999999999967, 47: -0.4499999999999993, 11: -0.44999999999999984, 50: -0.8500000000000002, 87: -0.7500000000000001, 98: -0.65, 21: -1.0999999999999999}
Length of Loader 100
{54: -0.10000000000000009, 38: -5.551115123125783e-16, 89: -0.6000000000000005, 13: -0.3500000000000003, 44: -0.4500000000000004, 26: -0.6, 60: -0.45000000000000095, 99: -0.3500000000000003, 74: -0.6000000000000005, 6: -0.2500000000000008}
Length of Loader 100
{98: 0.0, 52: 0.0, 21: 0.20000000000000018, 13: 0.09999999999999953, 38: -0.20000000000000018, 11: -0.40000000000000036, 82: -0.40000000000000036, 44: -0.3500000000000003, 61: 0.0, 74: 0.0}
Length of Loader 100
{67: -0.15000000000000013, 83: -0.2500000000000002, 47: -0.2500000000000002, 4: -0.0500000000000006, 94: -0.34999999999999976, 0: -0.4999999999999999, 62: -0.3999999999999998, 78: -0.9999999999999998, 97: -0.7000000000000001, 34: -0.9999999999999998}
Length of Loader 100
{29: -0.19999999999999962, 92: -0.5999999999999994, 42: -0.6499999999999995, 70: -1.0499999999999998, 38: -0.6999999999999995, 23: -1.0999999999999999, 9: -0.49999999999999933, 30: -1.0999999999999999, 96: -1.0999999999999992, 93: -0.5499999999999999}
Length of Loader 100
{18: 0.10000000000000009, 19: -0.24999999999999967, 99: 0.20000000000000018, 14: 0.20000000000000018, 11: -0.39999999999999925, 31: -0.09999999999999953, 61: 0.0500000000000006, 65: -0.14999999999999958, 21: -0.24999999999999967, 84: -0.19999999999999962}
Length of Loader 100
{23: -0.2999999999999997, 46: -0.14999999999999958, 6: 0.050000000000000044, 17: -5.551115123125783e-16, 67: -0.20000000000000073, 78: -0.19999999999999962, 42: -0.40000000000000036, 26: -0.30000000000000027, 82: -0.44999999999999984, 35: -0.40000000000000036}
Length of Loader 100
{74: -0.09999999999999953, 61: 0.15000000000000013, 7: 0.10000000000000009, 14: -0.2499999999999991, 22: 0.0, 95: -0.19999999999999962, 73: -0.09999999999999953, 84: -0.19999999999999962, 34: 0.050000000000000044, 80: 0.19999999999999962}
Length of Loader 100
{31: -0.39999999999999925, 41: -0.4999999999999999, 7: -0.3999999999999998, 57: -0.44999999999999984, 55: -0.4999999999999999, 97: -0.29999999999999916, 9: -0.2499999999999991, 32: -0.29999999999999916, 24: -0.5999999999999994, 63: -0.5999999999999994}
Length of Loader 100
{63: -0.04999999999999949, 1: -0.09999999999999953, 66: 0.10000000000000009, 68: 0.15000000000000013, 39: -0.19999999999999962, 79: -0.24999999999999967, 3: -0.050000000000000044, 90: -0.09999999999999953, 38: -0.2499999999999991, 9: -0.39999999999999925}
Length of Loader 100
{98: -0.5499999999999999, 62: -0.34999999999999976, 53: -0.3499999999999992, 44: -0.8999999999999997, 52: -0.9999999999999998, 0: -0.7000000000000001, 22: -0.5499999999999999, 21: -0.24999999999999967, 69: -0.8499999999999996, 17: -0.7000000000000001}
Length of Loader 100
{22: -0.050000000000000044, 86: -0.24999999999999967, 96: -0.5499999999999994, 44: -0.34999999999999976, 95: -0.19999999999999962, 11: -0.49999999999999933, 83: -0.3499999999999992, 57: -0.14999999999999958, 93: -0.7499999999999996, 76: -0.4999999999999999}
Length of Loader 100
{78: -0.14999999999999958, 67: -0.15000000000000013, 19: -0.10000000000000009, 12: -0.44999999999999984, 45: -0.6499999999999995, 10: -0.4499999999999993, 20: -0.3500000000000003, 96: -0.14999999999999958, 76: -0.49999999999999933, 73: -0.49999999999999933}
Length of Loader 100
{46: 0.10000000000000009, 10: -0.4999999999999999, 79: -0.15000000000000013, 83: -0.6499999999999995, 49: -0.24999999999999967, 41: -0.7999999999999996, 74: -0.8499999999999996, 89: -0.7499999999999996, 22: -0.7499999999999996, 3: -0.6499999999999995}
Length of Loader 100
{77: -0.14999999999999958, 28: 0.2500000000000002, 2: -0.2999999999999997, 26: -0.19999999999999962, 22: -0.5499999999999999, 97: -0.2999999999999997, 91: -0.6999999999999995, 25: -0.2999999999999997, 73: -0.7499999999999996, 69: -0.7499999999999996}
Length of Loader 100
{92: -0.24999999999999967, 45: -0.050000000000000044, 12: -0.09999999999999953, 60: -0.09999999999999953, 87: -0.5499999999999999, 94: -0.5499999999999999, 36: -0.4500000000000004, 56: -0.5499999999999999, 65: -0.6500000000000006, 16: -0.40000000000000036}
Length of Loader 100
2025-01-27 09:14:55 - WARNING  - Epoch:   188. Accuracy: Top-1: 72.74 | Loss: value: 0.77
2025-01-27 09:14:55 - WARNING  - Epoch 188
2025-01-27 09:14:55 - WARNING  - s_i: {0: 2.454057160058231, 1: 0.48574518982264747, 2: 2.956371260425418, 3: 0.9643130153226939, 4: 1.9442575585872088, 5: 3.4641981943467766, 6: 1.4564646139744077, 7: 1.9661224385073923, 8: 0.9869968865815775, 9: 1.4702913606140093, 10: 2.4553442039763214, 11: 2.486650137836895, 12: 1.4504074624378231, 13: 1.9678695962650563, 14: 0.9630550421655122, 15: 4.963566637053359, 16: 1.4668472187699182, 17: 3.4670227775029145, 18: 5.441409378622238, 19: 0.9515016150660625, 20: 0.46124387999786154, 21: 0.9772081469500349, 22: 0.47384891150712805, 23: 0.9654266410206844, 24: 2.966147693134996, 25: 0.9762283780231922, 26: 1.461996394975979, 27: 0.9812013832268357, 28: 2.9299367836833428, 29: 1.963435322903234, 30: 0.48781355043536045, 31: 0.9822302878777734, 32: 1.4550545788255063, 33: 6.443368516508323, 34: 1.4950876629778216, 35: 2.9612211808186966, 36: 3.4669507249817886, 37: 1.95995596661885, 38: 1.966341172313379, 39: 1.491633752140457, 40: 1.9510059135231608, 41: 1.9728343247341906, 42: 2.4601430191693154, 43: 2.4460815857821876, 44: 0.48752060971897304, 45: 0.9774477350582141, 46: 1.9732257217911195, 47: 0.4657160584372271, 48: 0.4657965768987449, 49: 0.48077739923782126, 50: 0.9466959018232896, 51: 0.47011361187206235, 52: 5.473429330094865, 53: 1.4701827452130674, 54: 2.4628390095584143, 55: 0.48014297782115056, 56: 0.9749223230733963, 57: 0.962514691383789, 58: 0.45430878723779156, 59: 0.47843731939314305, 60: 0.45648177907547227, 61: 2.464752676127107, 62: 2.9632184264769568, 63: 0.4837177760521989, 64: 4.48188597308083, 65: 1.9460160368533468, 66: 2.4525799420171, 67: 0.9454020360741386, 68: 2.4424745367281, 69: 0.9529580902189099, 70: 1.4510267094636848, 71: 0.9568108328835284, 72: 3.4908971488095055, 73: 0.9798631543210021, 74: 0.44817553297795976, 75: 2.974569925463364, 76: 1.4751551529519127, 77: 1.4763607898730935, 78: 0.9557795473593074, 79: 1.4677284194692057, 80: 2.9764065995518445, 81: 0.4650413307890322, 82: 1.468032356420883, 83: 0.44848344263318163, 84: 0.9650651343897385, 85: 1.463594994507603, 86: 2.4793619475018547, 87: 0.4686152406135655, 88: 0.45396730211785474, 89: 0.9954549531806861, 90: 1.9659327346509454, 91: 0.9610313683313008, 92: 0.9508388667647485, 93: 2.967470821035487, 94: 0.46674202709239276, 95: 0.46638938233980776, 96: 2.453294128937425, 97: 1.9452497691241901, 98: 1.4831439554796977, 99: 2.447799324282265}
2025-01-27 09:14:55 - WARNING  - Sum of s_i: 172.04072848470085
2025-01-27 09:15:15 - WARNING  - Epoch:   189. Accuracy: Top-1: 72.85 | Loss: value: 0.77
2025-01-27 09:15:15 - WARNING  - Epoch 189
2025-01-27 09:15:15 - WARNING  - s_i: {0: 2.454057160058231, 1: 0.48574518982264747, 2: 2.956371260425418, 3: 0.9643130153226939, 4: 1.9442575585872088, 5: 3.4641981943467766, 6: 1.4564646139744077, 7: 1.9661224385073923, 8: 1.9826625154421003, 9: 1.4702913606140093, 10: 2.4553442039763214, 11: 2.486650137836895, 12: 1.4504074624378231, 13: 1.9678695962650563, 14: 2.4589500468505694, 15: 4.963566637053359, 16: 1.4668472187699182, 17: 3.4670227775029145, 18: 5.441409378622238, 19: 0.9515016150660625, 20: 0.46124387999786154, 21: 0.9772081469500349, 22: 0.47384891150712805, 23: 0.9654266410206844, 24: 2.966147693134996, 25: 0.9762283780231922, 26: 1.461996394975979, 27: 0.9812013832268357, 28: 2.9299367836833428, 29: 1.963435322903234, 30: 0.48781355043536045, 31: 0.9822302878777734, 32: 1.4550545788255063, 33: 6.443368516508323, 34: 1.4950876629778216, 35: 2.9612211808186966, 36: 3.4669507249817886, 37: 1.95995596661885, 38: 1.966341172313379, 39: 1.491633752140457, 40: 1.9510059135231608, 41: 1.9728343247341906, 42: 2.4601430191693154, 43: 2.4460815857821876, 44: 0.48752060971897304, 45: 0.9774477350582141, 46: 1.9732257217911195, 47: 0.4657160584372271, 48: 0.4657965768987449, 49: 0.48077739923782126, 50: 0.9466959018232896, 51: 0.47011361187206235, 52: 5.473429330094865, 53: 1.4701827452130674, 54: 2.4628390095584143, 55: 0.48014297782115056, 56: 0.9749223230733963, 57: 0.962514691383789, 58: 0.45430878723779156, 59: 0.47843731939314305, 60: 0.45648177907547227, 61: 2.464752676127107, 62: 2.9632184264769568, 63: 0.4837177760521989, 64: 4.48188597308083, 65: 1.9460160368533468, 66: 2.4525799420171, 67: 0.9454020360741386, 68: 2.4424745367281, 69: 0.9529580902189099, 70: 1.4510267094636848, 71: 0.9568108328835284, 72: 3.4908971488095055, 73: 0.9798631543210021, 74: 0.44817553297795976, 75: 2.974569925463364, 76: 1.4751551529519127, 77: 1.4763607898730935, 78: 0.9557795473593074, 79: 1.4677284194692057, 80: 2.9764065995518445, 81: 0.4650413307890322, 82: 1.468032356420883, 83: 0.44848344263318163, 84: 0.9650651343897385, 85: 1.463594994507603, 86: 2.4793619475018547, 87: 0.4686152406135655, 88: 0.45396730211785474, 89: 0.9954549531806861, 90: 1.9659327346509454, 91: 0.9610313683313008, 92: 0.9508388667647485, 93: 2.967470821035487, 94: 0.46674202709239276, 95: 0.46638938233980776, 96: 2.453294128937425, 97: 1.9452497691241901, 98: 1.4831439554796977, 99: 2.447799324282265}
2025-01-27 09:15:15 - WARNING  - Sum of s_i: 174.53228911824644
2025-01-27 09:15:38 - WARNING  - Epoch:   190. Accuracy: Top-1: 72.73 | Loss: value: 0.77
2025-01-27 09:15:38 - WARNING  - Epoch 190
2025-01-27 09:15:38 - WARNING  - s_i: {0: 2.454057160058231, 1: 0.48574518982264747, 2: 2.956371260425418, 3: 0.9643130153226939, 4: 1.9442575585872088, 5: 3.4641981943467766, 6: 1.4564646139744077, 7: 1.9661224385073923, 8: 1.9826625154421003, 9: 1.4702913606140093, 10: 2.4553442039763214, 11: 2.486650137836895, 12: 1.4504074624378231, 13: 1.9678695962650563, 14: 2.4589500468505694, 15: 4.963566637053359, 16: 1.4668472187699182, 17: 3.4670227775029145, 18: 5.441409378622238, 19: 0.9515016150660625, 20: 0.46124387999786154, 21: 0.9772081469500349, 22: 0.47384891150712805, 23: 0.9654266410206844, 24: 2.966147693134996, 25: 0.9762283780231922, 26: 1.461996394975979, 27: 0.9812013832268357, 28: 2.9299367836833428, 29: 1.963435322903234, 30: 0.48781355043536045, 31: 0.9822302878777734, 32: 1.4550545788255063, 33: 6.443368516508323, 34: 1.4950876629778216, 35: 2.9612211808186966, 36: 3.4669507249817886, 37: 1.95995596661885, 38: 1.966341172313379, 39: 1.491633752140457, 40: 1.9510059135231608, 41: 1.9728343247341906, 42: 2.4601430191693154, 43: 2.4460815857821876, 44: 0.48752060971897304, 45: 0.9774477350582141, 46: 1.9732257217911195, 47: 0.4657160584372271, 48: 0.4657965768987449, 49: 0.48077739923782126, 50: 0.9466959018232896, 51: 0.47011361187206235, 52: 5.473429330094865, 53: 1.4701827452130674, 54: 2.4628390095584143, 55: 0.48014297782115056, 56: 0.9749223230733963, 57: 0.962514691383789, 58: 0.45430878723779156, 59: 0.47843731939314305, 60: 0.45648177907547227, 61: 2.464752676127107, 62: 2.9632184264769568, 63: 0.4837177760521989, 64: 4.48188597308083, 65: 1.9460160368533468, 66: 2.4525799420171, 67: 0.9454020360741386, 68: 2.4424745367281, 69: 0.9529580902189099, 70: 1.4510267094636848, 71: 0.9568108328835284, 72: 3.4908971488095055, 73: 0.9798631543210021, 74: 0.44817553297795976, 75: 2.974569925463364, 76: 1.4751551529519127, 77: 1.4763607898730935, 78: 0.9557795473593074, 79: 1.4677284194692057, 80: 2.9764065995518445, 81: 0.4650413307890322, 82: 1.468032356420883, 83: 0.44848344263318163, 84: 0.9650651343897385, 85: 1.463594994507603, 86: 2.4793619475018547, 87: 0.4686152406135655, 88: 0.45396730211785474, 89: 0.9954549531806861, 90: 1.9659327346509454, 91: 0.9610313683313008, 92: 0.9508388667647485, 93: 2.967470821035487, 94: 0.46674202709239276, 95: 0.46638938233980776, 96: 2.453294128937425, 97: 1.9452497691241901, 98: 1.4831439554796977, 99: 2.447799324282265}
2025-01-27 09:15:38 - WARNING  - Sum of s_i: 174.53228911824644
2025-01-27 09:15:43 - WARNING  - The sum of accs: 74.0
2025-01-27 09:15:43 - WARNING  - The welfare is 73.92183259422907
2025-01-27 09:16:03 - WARNING  - Epoch:   191. Accuracy: Top-1: 73.06 | Loss: value: 0.76
2025-01-27 09:16:03 - WARNING  - Epoch 191
2025-01-27 09:16:03 - WARNING  - s_i: {0: 2.454057160058231, 1: 0.48574518982264747, 2: 2.956371260425418, 3: 0.9643130153226939, 4: 1.9442575585872088, 5: 3.4641981943467766, 6: 1.4564646139744077, 7: 1.9661224385073923, 8: 1.9826625154421003, 9: 1.4702913606140093, 10: 2.4553442039763214, 11: 2.486650137836895, 12: 1.4504074624378231, 13: 1.9678695962650563, 14: 2.4589500468505694, 15: 4.963566637053359, 16: 1.4668472187699182, 17: 3.4670227775029145, 18: 5.441409378622238, 19: 0.9515016150660625, 20: 0.46124387999786154, 21: 0.9772081469500349, 22: 0.47384891150712805, 23: 0.9654266410206844, 24: 2.966147693134996, 25: 0.9762283780231922, 26: 1.461996394975979, 27: 0.9812013832268357, 28: 2.9299367836833428, 29: 1.963435322903234, 30: 0.48781355043536045, 31: 0.9822302878777734, 32: 1.4550545788255063, 33: 6.443368516508323, 34: 1.4950876629778216, 35: 2.9612211808186966, 36: 3.4669507249817886, 37: 1.95995596661885, 38: 1.966341172313379, 39: 1.491633752140457, 40: 1.9510059135231608, 41: 1.9728343247341906, 42: 2.4601430191693154, 43: 2.4460815857821876, 44: 0.48752060971897304, 45: 0.9774477350582141, 46: 1.9732257217911195, 47: 0.4657160584372271, 48: 0.4657965768987449, 49: 0.48077739923782126, 50: 0.9466959018232896, 51: 0.47011361187206235, 52: 5.473429330094865, 53: 1.4701827452130674, 54: 2.4628390095584143, 55: 0.48014297782115056, 56: 0.9749223230733963, 57: 0.962514691383789, 58: 0.45430878723779156, 59: 0.47843731939314305, 60: 0.45648177907547227, 61: 2.464752676127107, 62: 2.9632184264769568, 63: 0.4837177760521989, 64: 4.48188597308083, 65: 1.9460160368533468, 66: 2.4525799420171, 67: 0.9454020360741386, 68: 2.4424745367281, 69: 0.9529580902189099, 70: 1.4510267094636848, 71: 0.9568108328835284, 72: 3.4908971488095055, 73: 0.9798631543210021, 74: 0.44817553297795976, 75: 2.974569925463364, 76: 1.4751551529519127, 77: 1.4763607898730935, 78: 0.9557795473593074, 79: 1.4677284194692057, 80: 2.9764065995518445, 81: 0.4650413307890322, 82: 1.468032356420883, 83: 0.44848344263318163, 84: 0.9650651343897385, 85: 1.463594994507603, 86: 2.4793619475018547, 87: 0.4686152406135655, 88: 0.45396730211785474, 89: 0.9954549531806861, 90: 1.9659327346509454, 91: 0.9610313683313008, 92: 0.9508388667647485, 93: 2.967470821035487, 94: 0.46674202709239276, 95: 0.46638938233980776, 96: 2.453294128937425, 97: 1.9452497691241901, 98: 1.4831439554796977, 99: 2.447799324282265}
2025-01-27 09:16:03 - WARNING  - Sum of s_i: 174.53228911824644
2025-01-27 09:16:26 - WARNING  - Epoch:   192. Accuracy: Top-1: 71.61 | Loss: value: 0.82
2025-01-27 09:16:26 - WARNING  - Epoch 192
2025-01-27 09:16:26 - WARNING  - s_i: {0: 2.454057160058231, 1: 0.48574518982264747, 2: 2.956371260425418, 3: 0.9643130153226939, 4: 1.9442575585872088, 5: 3.4641981943467766, 6: 1.4564646139744077, 7: 1.9661224385073923, 8: 1.9826625154421003, 9: 1.4702913606140093, 10: 2.4553442039763214, 11: 2.486650137836895, 12: 1.4504074624378231, 13: 1.9678695962650563, 14: 2.4589500468505694, 15: 4.963566637053359, 16: 1.4668472187699182, 17: 3.4670227775029145, 18: 5.441409378622238, 19: 0.9515016150660625, 20: 0.46124387999786154, 21: 0.9772081469500349, 22: 0.47384891150712805, 23: 0.9654266410206844, 24: 2.966147693134996, 25: 0.9762283780231922, 26: 1.461996394975979, 27: 0.9812013832268357, 28: 2.9299367836833428, 29: 1.963435322903234, 30: 0.48781355043536045, 31: 0.9822302878777734, 32: 1.4550545788255063, 33: 6.443368516508323, 34: 1.4950876629778216, 35: 2.9612211808186966, 36: 3.4669507249817886, 37: 1.95995596661885, 38: 1.966341172313379, 39: 1.491633752140457, 40: 1.9510059135231608, 41: 1.9728343247341906, 42: 2.4601430191693154, 43: 2.4460815857821876, 44: 0.48752060971897304, 45: 0.9774477350582141, 46: 1.9732257217911195, 47: 0.4657160584372271, 48: 0.4657965768987449, 49: 0.48077739923782126, 50: 0.9466959018232896, 51: 0.47011361187206235, 52: 5.473429330094865, 53: 1.4701827452130674, 54: 2.4628390095584143, 55: 0.48014297782115056, 56: 0.9749223230733963, 57: 0.962514691383789, 58: 0.45430878723779156, 59: 0.47843731939314305, 60: 0.45648177907547227, 61: 2.464752676127107, 62: 2.9632184264769568, 63: 0.4837177760521989, 64: 4.48188597308083, 65: 1.9460160368533468, 66: 2.4525799420171, 67: 0.9454020360741386, 68: 2.4424745367281, 69: 0.9529580902189099, 70: 1.4510267094636848, 71: 0.9568108328835284, 72: 3.4908971488095055, 73: 0.9798631543210021, 74: 0.44817553297795976, 75: 2.974569925463364, 76: 1.4751551529519127, 77: 1.4763607898730935, 78: 0.9557795473593074, 79: 1.4677284194692057, 80: 2.9764065995518445, 81: 0.4650413307890322, 82: 1.468032356420883, 83: 0.44848344263318163, 84: 0.9650651343897385, 85: 1.463594994507603, 86: 2.4793619475018547, 87: 0.4686152406135655, 88: 0.45396730211785474, 89: 0.9954549531806861, 90: 1.9659327346509454, 91: 0.9610313683313008, 92: 0.9508388667647485, 93: 2.967470821035487, 94: 0.46674202709239276, 95: 0.46638938233980776, 96: 2.453294128937425, 97: 1.9452497691241901, 98: 1.4831439554796977, 99: 2.447799324282265}
2025-01-27 09:16:26 - WARNING  - Sum of s_i: 174.53228911824644
2025-01-27 09:16:48 - WARNING  - Epoch:   193. Accuracy: Top-1: 72.72 | Loss: value: 0.77
2025-01-27 09:16:48 - WARNING  - Epoch 193
2025-01-27 09:16:48 - WARNING  - s_i: {0: 2.454057160058231, 1: 0.48574518982264747, 2: 2.956371260425418, 3: 0.9643130153226939, 4: 1.9442575585872088, 5: 3.4641981943467766, 6: 1.4564646139744077, 7: 1.9661224385073923, 8: 1.9826625154421003, 9: 1.4702913606140093, 10: 2.4553442039763214, 11: 2.486650137836895, 12: 1.4504074624378231, 13: 1.9678695962650563, 14: 2.4589500468505694, 15: 4.963566637053359, 16: 1.4668472187699182, 17: 4.462900624690775, 18: 5.441409378622238, 19: 0.9515016150660625, 20: 0.46124387999786154, 21: 0.9772081469500349, 22: 0.47384891150712805, 23: 0.9654266410206844, 24: 2.966147693134996, 25: 0.9762283780231922, 26: 1.461996394975979, 27: 0.9812013832268357, 28: 2.9299367836833428, 29: 1.963435322903234, 30: 0.48781355043536045, 31: 0.9822302878777734, 32: 1.4550545788255063, 33: 6.443368516508323, 34: 1.4950876629778216, 35: 2.9612211808186966, 36: 3.4669507249817886, 37: 1.95995596661885, 38: 1.966341172313379, 39: 1.491633752140457, 40: 1.9510059135231608, 41: 1.9728343247341906, 42: 2.4601430191693154, 43: 2.4460815857821876, 44: 0.48752060971897304, 45: 0.9774477350582141, 46: 1.9732257217911195, 47: 0.4657160584372271, 48: 0.4657965768987449, 49: 0.48077739923782126, 50: 0.9466959018232896, 51: 0.47011361187206235, 52: 5.473429330094865, 53: 1.4701827452130674, 54: 2.4628390095584143, 55: 0.48014297782115056, 56: 0.9749223230733963, 57: 0.962514691383789, 58: 0.45430878723779156, 59: 0.47843731939314305, 60: 0.45648177907547227, 61: 2.464752676127107, 62: 2.9632184264769568, 63: 0.4837177760521989, 64: 4.48188597308083, 65: 1.9460160368533468, 66: 2.4525799420171, 67: 0.9454020360741386, 68: 2.4424745367281, 69: 0.9529580902189099, 70: 1.4510267094636848, 71: 0.9568108328835284, 72: 3.4908971488095055, 73: 0.9798631543210021, 74: 0.44817553297795976, 75: 2.974569925463364, 76: 1.4751551529519127, 77: 1.4763607898730935, 78: 0.9557795473593074, 79: 1.4677284194692057, 80: 2.9764065995518445, 81: 0.4650413307890322, 82: 1.468032356420883, 83: 0.44848344263318163, 84: 0.9650651343897385, 85: 1.463594994507603, 86: 2.4793619475018547, 87: 0.4686152406135655, 88: 0.45396730211785474, 89: 0.9954549531806861, 90: 1.9659327346509454, 91: 0.9610313683313008, 92: 0.9508388667647485, 93: 2.967470821035487, 94: 0.46674202709239276, 95: 0.46638938233980776, 96: 2.453294128937425, 97: 1.9452497691241901, 98: 1.4831439554796977, 99: 2.447799324282265}
2025-01-27 09:16:48 - WARNING  - Sum of s_i: 175.5281669654343
2025-01-27 09:17:08 - WARNING  - Epoch:   194. Accuracy: Top-1: 73.22 | Loss: value: 0.76
2025-01-27 09:17:08 - WARNING  - Epoch 194
2025-01-27 09:17:08 - WARNING  - s_i: {0: 2.454057160058231, 1: 0.48574518982264747, 2: 2.956371260425418, 3: 0.9643130153226939, 4: 1.9442575585872088, 5: 3.4641981943467766, 6: 1.4564646139744077, 7: 1.9661224385073923, 8: 1.9826625154421003, 9: 1.4702913606140093, 10: 2.4553442039763214, 11: 2.486650137836895, 12: 1.4504074624378231, 13: 1.9678695962650563, 14: 2.4589500468505694, 15: 4.963566637053359, 16: 1.4668472187699182, 17: 4.462900624690775, 18: 5.441409378622238, 19: 0.9515016150660625, 20: 0.46124387999786154, 21: 0.9772081469500349, 22: 0.47384891150712805, 23: 0.9654266410206844, 24: 2.966147693134996, 25: 0.9762283780231922, 26: 1.461996394975979, 27: 0.9812013832268357, 28: 2.9299367836833428, 29: 1.963435322903234, 30: 0.48781355043536045, 31: 0.9822302878777734, 32: 1.4550545788255063, 33: 6.443368516508323, 34: 1.4950876629778216, 35: 2.9612211808186966, 36: 3.4669507249817886, 37: 1.95995596661885, 38: 1.966341172313379, 39: 1.491633752140457, 40: 1.9510059135231608, 41: 1.9728343247341906, 42: 2.4601430191693154, 43: 2.4460815857821876, 44: 0.48752060971897304, 45: 0.9774477350582141, 46: 1.9732257217911195, 47: 0.4657160584372271, 48: 0.4657965768987449, 49: 0.48077739923782126, 50: 0.9466959018232896, 51: 0.47011361187206235, 52: 5.473429330094865, 53: 1.4701827452130674, 54: 2.4628390095584143, 55: 0.48014297782115056, 56: 0.9749223230733963, 57: 0.962514691383789, 58: 0.45430878723779156, 59: 0.47843731939314305, 60: 0.45648177907547227, 61: 2.464752676127107, 62: 2.9632184264769568, 63: 0.4837177760521989, 64: 4.48188597308083, 65: 1.9460160368533468, 66: 2.4525799420171, 67: 0.9454020360741386, 68: 2.4424745367281, 69: 0.9529580902189099, 70: 1.4510267094636848, 71: 0.9568108328835284, 72: 3.4908971488095055, 73: 0.9798631543210021, 74: 0.44817553297795976, 75: 2.974569925463364, 76: 1.4751551529519127, 77: 1.4763607898730935, 78: 0.9557795473593074, 79: 1.4677284194692057, 80: 2.9764065995518445, 81: 0.4650413307890322, 82: 1.468032356420883, 83: 0.44848344263318163, 84: 0.9650651343897385, 85: 1.463594994507603, 86: 2.4793619475018547, 87: 0.4686152406135655, 88: 0.45396730211785474, 89: 0.9954549531806861, 90: 1.9659327346509454, 91: 0.9610313683313008, 92: 0.9508388667647485, 93: 2.967470821035487, 94: 0.46674202709239276, 95: 0.46638938233980776, 96: 2.453294128937425, 97: 1.9452497691241901, 98: 1.4831439554796977, 99: 2.447799324282265}
2025-01-27 09:17:08 - WARNING  - Sum of s_i: 175.5281669654343
2025-01-27 09:17:31 - WARNING  - Epoch:   195. Accuracy: Top-1: 70.47 | Loss: value: 0.85
2025-01-27 09:17:31 - WARNING  - Epoch 195
2025-01-27 09:17:31 - WARNING  - s_i: {0: 2.454057160058231, 1: 0.48574518982264747, 2: 2.956371260425418, 3: 0.9643130153226939, 4: 1.9442575585872088, 5: 3.4641981943467766, 6: 1.4564646139744077, 7: 1.9661224385073923, 8: 1.9826625154421003, 9: 1.4702913606140093, 10: 2.4553442039763214, 11: 2.486650137836895, 12: 1.4504074624378231, 13: 1.9678695962650563, 14: 2.4589500468505694, 15: 4.963566637053359, 16: 1.4668472187699182, 17: 4.462900624690775, 18: 5.441409378622238, 19: 0.9515016150660625, 20: 0.46124387999786154, 21: 0.9772081469500349, 22: 0.47384891150712805, 23: 0.9654266410206844, 24: 2.966147693134996, 25: 0.9762283780231922, 26: 1.461996394975979, 27: 0.9812013832268357, 28: 2.9299367836833428, 29: 1.963435322903234, 30: 0.48781355043536045, 31: 0.9822302878777734, 32: 1.4550545788255063, 33: 4.4386492262173585, 34: 1.4950876629778216, 35: 2.9612211808186966, 36: 3.4669507249817886, 37: 1.95995596661885, 38: 1.966341172313379, 39: 1.491633752140457, 40: 1.9510059135231608, 41: 1.9728343247341906, 42: 2.4601430191693154, 43: 2.4460815857821876, 44: 0.48752060971897304, 45: 0.9774477350582141, 46: 1.9732257217911195, 47: 0.4657160584372271, 48: 0.4657965768987449, 49: 0.48077739923782126, 50: 0.9466959018232896, 51: 0.47011361187206235, 52: 5.473429330094865, 53: 1.4701827452130674, 54: 2.4628390095584143, 55: 0.48014297782115056, 56: 0.9749223230733963, 57: 0.962514691383789, 58: 0.45430878723779156, 59: 0.47843731939314305, 60: 0.45648177907547227, 61: 2.464752676127107, 62: 2.9632184264769568, 63: 0.4837177760521989, 64: 4.48188597308083, 65: 1.9460160368533468, 66: 2.4525799420171, 67: 0.9454020360741386, 68: 2.4424745367281, 69: 0.9529580902189099, 70: 1.4510267094636848, 71: 0.9568108328835284, 72: 3.4908971488095055, 73: 0.9798631543210021, 74: 0.44817553297795976, 75: 2.974569925463364, 76: 1.4751551529519127, 77: 1.4763607898730935, 78: 0.9557795473593074, 79: 1.4677284194692057, 80: 2.9764065995518445, 81: 0.4650413307890322, 82: 1.468032356420883, 83: 0.44848344263318163, 84: 0.9650651343897385, 85: 1.463594994507603, 86: 2.4793619475018547, 87: 0.4686152406135655, 88: 0.45396730211785474, 89: 0.9954549531806861, 90: 1.9659327346509454, 91: 0.9610313683313008, 92: 0.9508388667647485, 93: 2.967470821035487, 94: 0.46674202709239276, 95: 0.46638938233980776, 96: 2.453294128937425, 97: 1.9452497691241901, 98: 1.4831439554796977, 99: 2.447799324282265}
2025-01-27 09:17:31 - WARNING  - Sum of s_i: 173.52344767514333
2025-01-27 09:17:53 - WARNING  - Epoch:   196. Accuracy: Top-1: 72.21 | Loss: value: 0.79
2025-01-27 09:17:53 - WARNING  - Epoch 196
2025-01-27 09:17:53 - WARNING  - s_i: {0: 2.454057160058231, 1: 0.48574518982264747, 2: 0.4515236226949124, 3: 0.9643130153226939, 4: 1.9442575585872088, 5: 1.9597229686401294, 6: 1.4564646139744077, 7: 1.9661224385073923, 8: 1.9826625154421003, 9: 1.4702913606140093, 10: 2.4553442039763214, 11: 2.486650137836895, 12: 1.4504074624378231, 13: 1.9678695962650563, 14: 2.4589500468505694, 15: 4.963566637053359, 16: 0.46270312111615564, 17: 1.9587784718786487, 18: 5.441409378622238, 19: 0.9515016150660625, 20: 0.46124387999786154, 21: 0.9772081469500349, 22: 0.47384891150712805, 23: 0.9654266410206844, 24: 0.9619161547768678, 25: 0.9762283780231922, 26: 1.461996394975979, 27: 0.9812013832268357, 28: 2.9299367836833428, 29: 1.963435322903234, 30: 0.48781355043536045, 31: 0.9822302878777734, 32: 1.4550545788255063, 33: 4.4386492262173585, 34: 1.4950876629778216, 35: 2.9612211808186966, 36: 3.4669507249817886, 37: 1.95995596661885, 38: 1.966341172313379, 39: 1.491633752140457, 40: 1.9510059135231608, 41: 1.9728343247341906, 42: 2.4601430191693154, 43: 2.4460815857821876, 44: 0.48752060971897304, 45: 0.9774477350582141, 46: 1.9732257217911195, 47: 0.4657160584372271, 48: 0.4657965768987449, 49: 0.48077739923782126, 50: 0.9466959018232896, 51: 0.47011361187206235, 52: 5.473429330094865, 53: 1.4701827452130674, 54: 2.4628390095584143, 55: 0.48014297782115056, 56: 0.9749223230733963, 57: 0.962514691383789, 58: 0.45430878723779156, 59: 0.47843731939314305, 60: 0.45648177907547227, 61: 2.464752676127107, 62: 2.9632184264769568, 63: 0.4837177760521989, 64: 4.48188597308083, 65: 1.9460160368533468, 66: 2.4525799420171, 67: 0.9454020360741386, 68: 2.4424745367281, 69: 0.9529580902189099, 70: 1.4510267094636848, 71: 0.9568108328835284, 72: 3.4908971488095055, 73: 0.9798631543210021, 74: 0.44817553297795976, 75: 2.974569925463364, 76: 1.4751551529519127, 77: 1.4763607898730935, 78: 0.9557795473593074, 79: 1.4677284194692057, 80: 2.9764065995518445, 81: 0.4650413307890322, 82: 1.468032356420883, 83: 0.44848344263318163, 84: 0.9650651343897385, 85: 1.463594994507603, 86: 2.4793619475018547, 87: 0.4686152406135655, 88: 0.45396730211785474, 89: 0.9954549531806861, 90: 1.9659327346509454, 91: 0.9610313683313008, 92: 0.9508388667647485, 93: 2.967470821035487, 94: 0.46674202709239276, 95: 0.46638938233980776, 96: 2.453294128937425, 97: 1.9452497691241901, 98: 1.4831439554796977, 99: 2.447799324282265}
2025-01-27 09:17:53 - WARNING  - Sum of s_i: 164.00162702288216
2025-01-27 09:18:15 - WARNING  - Epoch:   197. Accuracy: Top-1: 72.09 | Loss: value: 0.82
2025-01-27 09:18:15 - WARNING  - Epoch 197
2025-01-27 09:18:15 - WARNING  - s_i: {0: 2.454057160058231, 1: 0.48574518982264747, 2: 0.4515236226949124, 3: 0.9643130153226939, 4: 1.9442575585872088, 5: 1.9597229686401294, 6: 1.4564646139744077, 7: 1.9661224385073923, 8: 1.9826625154421003, 9: 1.4702913606140093, 10: 2.4553442039763214, 11: 2.486650137836895, 12: 1.4504074624378231, 13: 1.9678695962650563, 14: 2.4589500468505694, 15: 4.963566637053359, 16: 0.46270312111615564, 17: 1.9587784718786487, 18: 5.441409378622238, 19: 0.9515016150660625, 20: 0.46124387999786154, 21: 0.9772081469500349, 22: 0.47384891150712805, 23: 0.9654266410206844, 24: 0.9619161547768678, 25: 0.9762283780231922, 26: 1.461996394975979, 27: 0.9812013832268357, 28: 2.9299367836833428, 29: 1.963435322903234, 30: 0.48781355043536045, 31: 0.9822302878777734, 32: 1.4550545788255063, 33: 4.4386492262173585, 34: 1.4950876629778216, 35: 2.9612211808186966, 36: 3.4669507249817886, 37: 1.95995596661885, 38: 1.966341172313379, 39: 1.4874506282106852, 40: 1.9510059135231608, 41: 1.9728343247341906, 42: 2.4601430191693154, 43: 2.4460815857821876, 44: 0.48752060971897304, 45: 0.9774477350582141, 46: 1.9732257217911195, 47: 0.4657160584372271, 48: 0.4657965768987449, 49: 0.48077739923782126, 50: 0.9466959018232896, 51: 0.47011361187206235, 52: 5.473429330094865, 53: 1.4701827452130674, 54: 2.4628390095584143, 55: 0.48014297782115056, 56: 0.9749223230733963, 57: 0.962514691383789, 58: 0.45430878723779156, 59: 0.47843731939314305, 60: 0.45648177907547227, 61: 2.464752676127107, 62: 0.45862072978657853, 63: 0.4837177760521989, 64: 4.48188597308083, 65: 1.9460160368533468, 66: 2.4525799420171, 67: 0.9454020360741386, 68: 2.4424745367281, 69: 0.9529580902189099, 70: 0.9461293804100528, 71: 0.9568108328835284, 72: 3.4908971488095055, 73: 0.9798631543210021, 74: 0.44817553297795976, 75: 2.974569925463364, 76: 1.4751551529519127, 77: 1.4763607898730935, 78: 0.9557795473593074, 79: 1.4677284194692057, 80: 2.9764065995518445, 81: 0.4650413307890322, 82: 1.468032356420883, 83: 0.44848344263318163, 84: 0.9606982761884562, 85: 1.463594994507603, 86: 2.4793619475018547, 87: 0.4686152406135655, 88: 0.45396730211785474, 89: 0.9954549531806861, 90: 1.9659327346509454, 91: 0.9610313683313008, 92: 0.9508388667647485, 93: 2.967470821035487, 94: 0.46674202709239276, 95: 0.46638938233980776, 96: 2.453294128937425, 97: 1.9452497691241901, 98: 1.4831439554796977, 99: 2.447799324282265}
2025-01-27 09:18:15 - WARNING  - Sum of s_i: 160.9835820150071
2025-01-27 09:18:37 - WARNING  - Epoch:   198. Accuracy: Top-1: 73.14 | Loss: value: 0.77
2025-01-27 09:18:37 - WARNING  - Epoch 198
2025-01-27 09:18:37 - WARNING  - s_i: {0: 2.454057160058231, 1: 0.48574518982264747, 2: 0.4515236226949124, 3: 0.9643130153226939, 4: 1.9442575585872088, 5: 1.9597229686401294, 6: 1.4564646139744077, 7: 1.9661224385073923, 8: 1.9826625154421003, 9: 1.4702913606140093, 10: 2.4553442039763214, 11: 2.486650137836895, 12: 1.4504074624378231, 13: 1.9678695962650563, 14: 2.4589500468505694, 15: 4.963566637053359, 16: 0.46270312111615564, 17: 1.9587784718786487, 18: 5.441409378622238, 19: 0.9515016150660625, 20: 0.46124387999786154, 21: 0.9772081469500349, 22: 0.47384891150712805, 23: 0.9654266410206844, 24: 0.9619161547768678, 25: 0.9762283780231922, 26: 1.461996394975979, 27: 0.9812013832268357, 28: 2.9299367836833428, 29: 1.963435322903234, 30: 0.48781355043536045, 31: 0.9822302878777734, 32: 1.4550545788255063, 33: 4.4386492262173585, 34: 1.4950876629778216, 35: 2.9612211808186966, 36: 3.4669507249817886, 37: 1.95995596661885, 38: 1.966341172313379, 39: 1.4874506282106852, 40: 1.9510059135231608, 41: 1.9728343247341906, 42: 2.4601430191693154, 43: 2.4460815857821876, 44: 0.48752060971897304, 45: 0.9774477350582141, 46: 1.9732257217911195, 47: 0.4657160584372271, 48: 0.4657965768987449, 49: 0.48077739923782126, 50: 0.9466959018232896, 51: 0.47011361187206235, 52: 5.473429330094865, 53: 1.4701827452130674, 54: 2.4628390095584143, 55: 0.48014297782115056, 56: 0.9749223230733963, 57: 0.962514691383789, 58: 0.45430878723779156, 59: 0.47843731939314305, 60: 0.45648177907547227, 61: 2.464752676127107, 62: 0.45862072978657853, 63: 0.4837177760521989, 64: 4.48188597308083, 65: 1.9460160368533468, 66: 2.4525799420171, 67: 0.9454020360741386, 68: 2.4424745367281, 69: 0.9529580902189099, 70: 0.9461293804100528, 71: 0.9568108328835284, 72: 3.4908971488095055, 73: 0.9798631543210021, 74: 0.44817553297795976, 75: 2.974569925463364, 76: 1.4751551529519127, 77: 1.4763607898730935, 78: 0.9557795473593074, 79: 1.4677284194692057, 80: 2.9764065995518445, 81: 0.4650413307890322, 82: 1.468032356420883, 83: 0.44848344263318163, 84: 0.9606982761884562, 85: 1.463594994507603, 86: 2.4793619475018547, 87: 0.4686152406135655, 88: 0.45396730211785474, 89: 0.9954549531806861, 90: 1.9659327346509454, 91: 0.9610313683313008, 92: 0.9508388667647485, 93: 2.967470821035487, 94: 0.46674202709239276, 95: 0.46638938233980776, 96: 2.453294128937425, 97: 1.9452497691241901, 98: 1.4831439554796977, 99: 1.9437838876885927}
2025-01-27 09:18:37 - WARNING  - Sum of s_i: 160.47956657841343
2025-01-27 09:18:59 - WARNING  - Epoch:   199. Accuracy: Top-1: 73.16 | Loss: value: 0.75
2025-01-27 09:18:59 - WARNING  - Epoch 199
2025-01-27 09:18:59 - WARNING  - s_i: {0: 2.454057160058231, 1: 0.48574518982264747, 2: 0.4515236226949124, 3: 0.9643130153226939, 4: 1.9442575585872088, 5: 1.9597229686401294, 6: 1.4564646139744077, 7: 1.9661224385073923, 8: 1.9826625154421003, 9: 1.4702913606140093, 10: 2.4553442039763214, 11: 2.486650137836895, 12: 1.4504074624378231, 13: 1.9678695962650563, 14: 2.4589500468505694, 15: 4.963566637053359, 16: 0.46270312111615564, 17: 1.9587784718786487, 18: 5.441409378622238, 19: 0.9515016150660625, 20: 0.46124387999786154, 21: 0.9772081469500349, 22: 0.47384891150712805, 23: 0.9654266410206844, 24: 0.9619161547768678, 25: 0.9762283780231922, 26: 1.461996394975979, 27: 0.9812013832268357, 28: 2.9299367836833428, 29: 1.963435322903234, 30: 0.48781355043536045, 31: 0.9822302878777734, 32: 1.4550545788255063, 33: 4.4386492262173585, 34: 1.4950876629778216, 35: 2.9612211808186966, 36: 3.4669507249817886, 37: 1.95995596661885, 38: 1.966341172313379, 39: 1.4874506282106852, 40: 1.9510059135231608, 41: 1.9728343247341906, 42: 2.4601430191693154, 43: 2.4460815857821876, 44: 0.48752060971897304, 45: 0.9774477350582141, 46: 1.9732257217911195, 47: 0.4657160584372271, 48: 0.4657965768987449, 49: 0.48077739923782126, 50: 0.9466959018232896, 51: 0.47011361187206235, 52: 5.473429330094865, 53: 1.4701827452130674, 54: 2.4628390095584143, 55: 0.48014297782115056, 56: 0.9749223230733963, 57: 0.962514691383789, 58: 0.45430878723779156, 59: 0.47843731939314305, 60: 0.45648177907547227, 61: 2.464752676127107, 62: 0.45862072978657853, 63: 0.4837177760521989, 64: 4.48188597308083, 65: 1.9460160368533468, 66: 2.4525799420171, 67: 0.9454020360741386, 68: 2.4424745367281, 69: 0.9529580902189099, 70: 0.9461293804100528, 71: 0.9568108328835284, 72: 3.4908971488095055, 73: 0.9798631543210021, 74: 0.44817553297795976, 75: 2.974569925463364, 76: 1.4751551529519127, 77: 1.4763607898730935, 78: 0.9557795473593074, 79: 1.4677284194692057, 80: 2.9764065995518445, 81: 0.4650413307890322, 82: 1.468032356420883, 83: 0.44848344263318163, 84: 0.9606982761884562, 85: 1.463594994507603, 86: 2.4793619475018547, 87: 0.4686152406135655, 88: 0.45396730211785474, 89: 0.9954549531806861, 90: 1.9659327346509454, 91: 0.9610313683313008, 92: 0.9508388667647485, 93: 2.967470821035487, 94: 0.46674202709239276, 95: 0.46638938233980776, 96: 2.453294128937425, 97: 1.9452497691241901, 98: 1.4831439554796977, 99: 1.9437838876885927}
2025-01-27 09:18:59 - WARNING  - Sum of s_i: 160.47956657841343
2025-01-27 09:19:17 - WARNING  - Epoch:   200. Accuracy: Top-1: 73.79 | Loss: value: 0.74
2025-01-27 09:19:17 - WARNING  - Epoch 200
2025-01-27 09:19:17 - WARNING  - s_i: {0: 2.454057160058231, 1: 0.48574518982264747, 2: 0.4515236226949124, 3: 0.9643130153226939, 4: 1.9442575585872088, 5: 1.9597229686401294, 6: 1.4564646139744077, 7: 1.9661224385073923, 8: 1.9826625154421003, 9: 1.4702913606140093, 10: 2.4553442039763214, 11: 2.486650137836895, 12: 1.4504074624378231, 13: 1.9678695962650563, 14: 2.4589500468505694, 15: 4.963566637053359, 16: 0.46270312111615564, 17: 1.9587784718786487, 18: 5.441409378622238, 19: 0.9515016150660625, 20: 0.46124387999786154, 21: 0.9772081469500349, 22: 0.47384891150712805, 23: 0.9654266410206844, 24: 0.9619161547768678, 25: 0.9762283780231922, 26: 1.461996394975979, 27: 0.9812013832268357, 28: 2.9299367836833428, 29: 1.963435322903234, 30: 0.48781355043536045, 31: 0.9822302878777734, 32: 1.4550545788255063, 33: 4.4386492262173585, 34: 1.4950876629778216, 35: 2.9612211808186966, 36: 3.4669507249817886, 37: 1.95995596661885, 38: 1.966341172313379, 39: 1.4874506282106852, 40: 1.9510059135231608, 41: 1.9728343247341906, 42: 2.4601430191693154, 43: 2.4460815857821876, 44: 0.48752060971897304, 45: 0.9774477350582141, 46: 1.9732257217911195, 47: 0.4657160584372271, 48: 0.4657965768987449, 49: 0.48077739923782126, 50: 0.9466959018232896, 51: 0.47011361187206235, 52: 5.473429330094865, 53: 1.4701827452130674, 54: 2.4628390095584143, 55: 0.48014297782115056, 56: 0.9749223230733963, 57: 0.962514691383789, 58: 0.45430878723779156, 59: 0.47843731939314305, 60: 0.45648177907547227, 61: 2.464752676127107, 62: 0.45862072978657853, 63: 0.4837177760521989, 64: 4.48188597308083, 65: 1.9460160368533468, 66: 2.4525799420171, 67: 0.9454020360741386, 68: 2.4424745367281, 69: 0.9529580902189099, 70: 0.9461293804100528, 71: 0.9568108328835284, 72: 3.4908971488095055, 73: 0.9798631543210021, 74: 0.44817553297795976, 75: 2.974569925463364, 76: 1.9710143451105653, 77: 1.4763607898730935, 78: 0.9557795473593074, 79: 1.4677284194692057, 80: 2.9764065995518445, 81: 0.4650413307890322, 82: 1.468032356420883, 83: 0.44848344263318163, 84: 0.9606982761884562, 85: 1.463594994507603, 86: 2.4793619475018547, 87: 0.4686152406135655, 88: 0.45396730211785474, 89: 0.9954549531806861, 90: 1.9659327346509454, 91: 0.9610313683313008, 92: 0.9508388667647485, 93: 2.967470821035487, 94: 0.46674202709239276, 95: 0.46638938233980776, 96: 2.453294128937425, 97: 1.9452497691241901, 98: 1.4831439554796977, 99: 1.9437838876885927}
2025-01-27 09:19:17 - WARNING  - Sum of s_i: 160.9754257705721
2025-01-27 09:19:22 - WARNING  - The sum of accs: 72.0
2025-01-27 09:19:22 - WARNING  - The welfare is 71.92795169033072
2025-01-27 09:19:43 - WARNING  - Epoch:   201. Accuracy: Top-1: 74.28 | Loss: value: 0.73
2025-01-27 09:19:43 - WARNING  - Epoch 201
2025-01-27 09:19:43 - WARNING  - s_i: {0: 2.454057160058231, 1: 0.48574518982264747, 2: 0.4515236226949124, 3: 0.9643130153226939, 4: 1.9442575585872088, 5: 1.9597229686401294, 6: 1.4564646139744077, 7: 1.9661224385073923, 8: 1.9826625154421003, 9: 1.4702913606140093, 10: 2.4553442039763214, 11: 2.486650137836895, 12: 1.4504074624378231, 13: 1.9678695962650563, 14: 2.4589500468505694, 15: 4.963566637053359, 16: 0.46270312111615564, 17: 1.9587784718786487, 18: 5.441409378622238, 19: 0.9515016150660625, 20: 0.46124387999786154, 21: 0.9772081469500349, 22: 0.47384891150712805, 23: 0.9654266410206844, 24: 0.9619161547768678, 25: 0.9762283780231922, 26: 1.461996394975979, 27: 0.9812013832268357, 28: 2.9299367836833428, 29: 1.963435322903234, 30: 0.48781355043536045, 31: 0.9822302878777734, 32: 1.4550545788255063, 33: 4.4386492262173585, 34: 1.4950876629778216, 35: 2.9612211808186966, 36: 3.4669507249817886, 37: 1.95995596661885, 38: 1.966341172313379, 39: 1.4874506282106852, 40: 1.9510059135231608, 41: 1.9728343247341906, 42: 2.4601430191693154, 43: 2.4460815857821876, 44: 0.48752060971897304, 45: 0.9774477350582141, 46: 1.9732257217911195, 47: 0.4657160584372271, 48: 0.4657965768987449, 49: 0.48077739923782126, 50: 0.9466959018232896, 51: 0.47011361187206235, 52: 5.473429330094865, 53: 1.4701827452130674, 54: 2.4628390095584143, 55: 0.48014297782115056, 56: 0.9749223230733963, 57: 0.962514691383789, 58: 0.45430878723779156, 59: 0.47843731939314305, 60: 0.45648177907547227, 61: 2.464752676127107, 62: 0.45862072978657853, 63: 0.4837177760521989, 64: 4.48188597308083, 65: 1.9460160368533468, 66: 2.4525799420171, 67: 0.9454020360741386, 68: 2.4424745367281, 69: 0.9529580902189099, 70: 0.9461293804100528, 71: 0.9568108328835284, 72: 3.4908971488095055, 73: 0.9798631543210021, 74: 0.44817553297795976, 75: 2.974569925463364, 76: 1.9710143451105653, 77: 1.4763607898730935, 78: 0.9557795473593074, 79: 1.4677284194692057, 80: 2.9764065995518445, 81: 0.4650413307890322, 82: 1.468032356420883, 83: 0.44848344263318163, 84: 0.9606982761884562, 85: 1.463594994507603, 86: 2.4793619475018547, 87: 0.4686152406135655, 88: 0.45396730211785474, 89: 0.9954549531806861, 90: 1.9659327346509454, 91: 0.9610313683313008, 92: 0.9508388667647485, 93: 2.967470821035487, 94: 0.46674202709239276, 95: 0.46638938233980776, 96: 2.453294128937425, 97: 1.9452497691241901, 98: 1.4831439554796977, 99: 1.9437838876885927}
2025-01-27 09:19:43 - WARNING  - Sum of s_i: 160.9754257705721
2025-01-27 09:20:03 - WARNING  - Epoch:   202. Accuracy: Top-1: 74.11 | Loss: value: 0.73
2025-01-27 09:20:03 - WARNING  - Epoch 202
2025-01-27 09:20:03 - WARNING  - s_i: {0: 2.454057160058231, 1: 3.9809935864301997, 2: 0.4515236226949124, 3: 0.9643130153226939, 4: 1.9442575585872088, 5: 1.9597229686401294, 6: 1.4564646139744077, 7: 1.9661224385073923, 8: 1.9826625154421003, 9: 1.4702913606140093, 10: 2.4553442039763214, 11: 2.486650137836895, 12: 1.4504074624378231, 13: 1.9678695962650563, 14: 2.4589500468505694, 15: 4.963566637053359, 16: 0.46270312111615564, 17: 2.9546563190665203, 18: 5.441409378622238, 19: 0.9515016150660625, 20: 0.46124387999786154, 21: 0.9772081469500349, 22: 0.9694903967583166, 23: 0.9654266410206844, 24: 0.9619161547768678, 25: 0.9762283780231922, 26: 1.461996394975979, 27: 0.9812013832268357, 28: 2.9299367836833428, 29: 1.963435322903234, 30: 0.48781355043536045, 31: 0.9822302878777734, 32: 1.4550545788255063, 33: 4.4386492262173585, 34: 1.4950876629778216, 35: 2.9612211808186966, 36: 3.4669507249817886, 37: 1.95995596661885, 38: 1.9621338188525523, 39: 1.4874506282106852, 40: 1.9510059135231608, 41: 1.4683067121898876, 42: 2.4601430191693154, 43: 2.4460815857821876, 44: 0.48752060971897304, 45: 0.9729372820698573, 46: 1.9732257217911195, 47: 0.4657160584372271, 48: 0.4657965768987449, 49: 0.48077739923782126, 50: 0.9466959018232896, 51: 0.47011361187206235, 52: 5.473429330094865, 53: 1.4701827452130674, 54: 2.4628390095584143, 55: 0.48014297782115056, 56: 0.9749223230733963, 57: 0.962514691383789, 58: 0.45430878723779156, 59: 0.47843731939314305, 60: 0.45648177907547227, 61: 2.464752676127107, 62: 0.45862072978657853, 63: 0.4837177760521989, 64: 4.48188597308083, 65: 1.9460160368533468, 66: 2.4525799420171, 67: 0.9454020360741386, 68: 2.4424745367281, 69: 0.9529580902189099, 70: 0.9461293804100528, 71: 0.9568108328835284, 72: 3.4908971488095055, 73: 0.9798631543210021, 74: 0.44817553297795976, 75: 2.974569925463364, 76: 1.9710143451105653, 77: 1.4763607898730935, 78: 0.9557795473593074, 79: 1.4677284194692057, 80: 2.9764065995518445, 81: 0.4650413307890322, 82: 1.468032356420883, 83: 0.44848344263318163, 84: 0.9606982761884562, 85: 1.463594994507603, 86: 2.4793619475018547, 87: 0.4686152406135655, 88: 0.45396730211785474, 89: 0.9954549531806861, 90: 1.9659327346509454, 91: 0.9610313683313008, 92: 0.9508388667647485, 93: 2.967470821035487, 94: 0.46674202709239276, 95: 0.46638938233980776, 96: 2.453294128937425, 97: 1.9452497691241901, 98: 1.4831439554796977, 99: 1.9437838876885927}
2025-01-27 09:20:03 - WARNING  - Sum of s_i: 165.4489480806252
2025-01-27 09:20:23 - WARNING  - Epoch:   203. Accuracy: Top-1: 69.54 | Loss: value: 0.87
2025-01-27 09:20:23 - WARNING  - Epoch 203
2025-01-27 09:20:23 - WARNING  - s_i: {0: 2.454057160058231, 1: 3.9809935864301997, 2: 0.4515236226949124, 3: 0.9643130153226939, 4: 1.9442575585872088, 5: 1.9597229686401294, 6: 1.4564646139744077, 7: 1.9661224385073923, 8: 1.9826625154421003, 9: 1.4702913606140093, 10: 2.4553442039763214, 11: 2.486650137836895, 12: 1.4504074624378231, 13: 1.9678695962650563, 14: 2.4589500468505694, 15: 2.959012466685029, 16: 0.46270312111615564, 17: 2.9546563190665203, 18: 2.936526826840755, 19: 0.9515016150660625, 20: 0.46124387999786154, 21: 0.9772081469500349, 22: 0.9694903967583166, 23: 0.9654266410206844, 24: 0.9619161547768678, 25: 0.9762283780231922, 26: 1.461996394975979, 27: 0.9812013832268357, 28: 2.9299367836833428, 29: 1.963435322903234, 30: 0.48781355043536045, 31: 0.9822302878777734, 32: 1.4550545788255063, 33: 4.4386492262173585, 34: 1.4950876629778216, 35: 1.4569124231318846, 36: 3.4669507249817886, 37: 1.95995596661885, 38: 1.9621338188525523, 39: 1.4874506282106852, 40: 1.9510059135231608, 41: 1.4683067121898876, 42: 2.4601430191693154, 43: 2.4460815857821876, 44: 0.48752060971897304, 45: 0.9729372820698573, 46: 1.9732257217911195, 47: 0.4657160584372271, 48: 0.4657965768987449, 49: 0.48077739923782126, 50: 0.9466959018232896, 51: 0.47011361187206235, 52: 5.473429330094865, 53: 1.4701827452130674, 54: 2.4628390095584143, 55: 0.48014297782115056, 56: 0.9749223230733963, 57: 0.962514691383789, 58: 0.45430878723779156, 59: 0.47843731939314305, 60: 0.45648177907547227, 61: 2.464752676127107, 62: 0.45862072978657853, 63: 0.4837177760521989, 64: 4.48188597308083, 65: 1.9460160368533468, 66: 2.4525799420171, 67: 0.9454020360741386, 68: 2.4424745367281, 69: 0.9529580902189099, 70: 0.9461293804100528, 71: 0.9568108328835284, 72: 3.4908971488095055, 73: 0.9798631543210021, 74: 0.44817553297795976, 75: 2.974569925463364, 76: 1.9710143451105653, 77: 1.4763607898730935, 78: 0.9513575020952378, 79: 1.4677284194692057, 80: 2.9764065995518445, 81: 0.4650413307890322, 82: 1.468032356420883, 83: 0.44848344263318163, 84: 0.9606982761884562, 85: 1.463594994507603, 86: 2.4793619475018547, 87: 0.4686152406135655, 88: 0.45396730211785474, 89: 0.9954549531806861, 90: 1.9659327346509454, 91: 0.9610313683313008, 92: 0.9508388667647485, 93: 2.967470821035487, 94: 0.46674202709239276, 95: 0.46638938233980776, 96: 2.453294128937425, 97: 1.9452497691241901, 98: 1.4831439554796977, 99: 1.9437838876885927}
2025-01-27 09:20:23 - WARNING  - Sum of s_i: 159.4307805555245
2025-01-27 09:20:43 - WARNING  - Epoch:   204. Accuracy: Top-1: 73.80 | Loss: value: 0.75
2025-01-27 09:20:43 - WARNING  - Epoch 204
2025-01-27 09:20:43 - WARNING  - s_i: {0: 2.454057160058231, 1: 3.9809935864301997, 2: 0.4515236226949124, 3: 0.9643130153226939, 4: 1.9442575585872088, 5: 1.9597229686401294, 6: 1.4564646139744077, 7: 1.9661224385073923, 8: 1.9826625154421003, 9: 1.4702913606140093, 10: 2.4553442039763214, 11: 2.486650137836895, 12: 1.4504074624378231, 13: 1.9678695962650563, 14: 2.4589500468505694, 15: 2.959012466685029, 16: 0.46270312111615564, 17: 2.9546563190665203, 18: 2.936526826840755, 19: 0.9515016150660625, 20: 0.46124387999786154, 21: 0.9772081469500349, 22: 0.9694903967583166, 23: 0.9654266410206844, 24: 0.9619161547768678, 25: 0.9762283780231922, 26: 1.461996394975979, 27: 0.9812013832268357, 28: 2.9299367836833428, 29: 1.963435322903234, 30: 0.48781355043536045, 31: 0.9822302878777734, 32: 1.4550545788255063, 33: 4.4386492262173585, 34: 1.4950876629778216, 35: 1.4569124231318846, 36: 3.4622293999791878, 37: 1.4559515632807298, 38: 1.9621338188525523, 39: 1.4874506282106852, 40: 1.9510059135231608, 41: 1.4683067121898876, 42: 2.4601430191693154, 43: 2.4460815857821876, 44: 0.48752060971897304, 45: 0.9729372820698573, 46: 1.9732257217911195, 47: 0.4657160584372271, 48: 0.4657965768987449, 49: 0.48077739923782126, 50: 0.9466959018232896, 51: 0.47011361187206235, 52: 5.473429330094865, 53: 1.4701827452130674, 54: 2.4628390095584143, 55: 0.48014297782115056, 56: 0.9749223230733963, 57: 0.962514691383789, 58: 0.45430878723779156, 59: 0.47843731939314305, 60: 0.45648177907547227, 61: 0.4603467606429925, 62: 0.45862072978657853, 63: 0.4837177760521989, 64: 4.48188597308083, 65: 1.9460160368533468, 66: 2.4525799420171, 67: 0.9454020360741386, 68: 2.4424745367281, 69: 0.9529580902189099, 70: 0.9461293804100528, 71: 0.9568108328835284, 72: 3.4908971488095055, 73: 0.9798631543210021, 74: 0.44817553297795976, 75: 2.974569925463364, 76: 1.9710143451105653, 77: 1.4763607898730935, 78: 0.9513575020952378, 79: 1.4677284194692057, 80: 2.9764065995518445, 81: 0.4650413307890322, 82: 1.468032356420883, 83: 0.44848344263318163, 84: 0.9606982761884562, 85: 1.463594994507603, 86: 2.4793619475018547, 87: 0.4686152406135655, 88: 0.45396730211785474, 89: 0.9954549531806861, 90: 1.9659327346509454, 91: 0.9561602893727126, 92: 0.9508388667647485, 93: 2.967470821035487, 94: 0.46674202709239276, 95: 0.46638938233980776, 96: 2.453294128937425, 97: 1.9452497691241901, 98: 1.4831439554796977, 99: 1.9437838876885927}
2025-01-27 09:20:43 - WARNING  - Sum of s_i: 156.91277783274109
2025-01-27 09:21:04 - WARNING  - Epoch:   205. Accuracy: Top-1: 73.68 | Loss: value: 0.75
2025-01-27 09:21:04 - WARNING  - Epoch 205
2025-01-27 09:21:04 - WARNING  - s_i: {0: 2.454057160058231, 1: 3.9809935864301997, 2: 0.4515236226949124, 3: 0.9643130153226939, 4: 1.9442575585872088, 5: 1.9597229686401294, 6: 1.4564646139744077, 7: 1.9661224385073923, 8: 1.9826625154421003, 9: 1.4702913606140093, 10: 2.4553442039763214, 11: 2.486650137836895, 12: 1.4504074624378231, 13: 1.9678695962650563, 14: 2.4589500468505694, 15: 2.959012466685029, 16: 0.46270312111615564, 17: 2.9546563190665203, 18: 0.9316442750592784, 19: 0.9515016150660625, 20: 0.46124387999786154, 21: 0.9772081469500349, 22: 0.9694903967583166, 23: 0.9654266410206844, 24: 0.9619161547768678, 25: 0.9762283780231922, 26: 1.9577737721955317, 27: 0.9812013832268357, 28: 2.9299367836833428, 29: 1.963435322903234, 30: 0.48781355043536045, 31: 0.9822302878777734, 32: 1.4550545788255063, 33: 4.4386492262173585, 34: 1.4950876629778216, 35: 1.4569124231318846, 36: 3.4622293999791878, 37: 1.4559515632807298, 38: 1.9621338188525523, 39: 1.4874506282106852, 40: 1.9510059135231608, 41: 1.4683067121898876, 42: 2.4601430191693154, 43: 2.4460815857821876, 44: 0.48752060971897304, 45: 0.9729372820698573, 46: 1.9732257217911195, 47: 0.4657160584372271, 48: 0.4657965768987449, 49: 0.48077739923782126, 50: 0.9466959018232896, 51: 0.47011361187206235, 52: 5.473429330094865, 53: 1.965923137386362, 54: 2.4628390095584143, 55: 0.48014297782115056, 56: 0.9749223230733963, 57: 0.962514691383789, 58: 0.45430878723779156, 59: 0.47843731939314305, 60: 0.45648177907547227, 61: 0.4603467606429925, 62: 0.45862072978657853, 63: 0.4837177760521989, 64: 4.48188597308083, 65: 1.9460160368533468, 66: 2.4525799420171, 67: 0.9454020360741386, 68: 2.4424745367281, 69: 0.9529580902189099, 70: 2.941232051356423, 71: 0.9568108328835284, 72: 3.4908971488095055, 73: 0.9798631543210021, 74: 0.44817553297795976, 75: 2.974569925463364, 76: 1.9710143451105653, 77: 1.4763607898730935, 78: 0.9513575020952378, 79: 1.4677284194692057, 80: 2.9764065995518445, 81: 0.4650413307890322, 82: 1.468032356420883, 83: 0.44848344263318163, 84: 0.9606982761884562, 85: 4.959044368821056, 86: 2.4793619475018547, 87: 0.4686152406135655, 88: 0.45396730211785474, 89: 1.9909099063613676, 90: 1.9659327346509454, 91: 0.9561602893727126, 92: 0.9508388667647485, 93: 2.967470821035487, 94: 0.46674202709239276, 95: 0.46638938233980776, 96: 2.453294128937425, 97: 1.9452497691241901, 98: 1.4831439554796977, 99: 1.9437838876885927}
2025-01-27 09:21:04 - WARNING  - Sum of s_i: 162.38542004879295
2025-01-27 09:21:24 - WARNING  - Epoch:   206. Accuracy: Top-1: 73.77 | Loss: value: 0.74
2025-01-27 09:21:24 - WARNING  - Epoch 206
2025-01-27 09:21:24 - WARNING  - s_i: {0: 2.454057160058231, 1: 3.9809935864301997, 2: 0.4515236226949124, 3: 0.9643130153226939, 4: 1.9442575585872088, 5: 1.9597229686401294, 6: 1.4564646139744077, 7: 1.9661224385073923, 8: 2.4783281443026284, 9: 1.4702913606140093, 10: 2.4553442039763214, 11: 2.486650137836895, 12: 1.4504074624378231, 13: 1.9678695962650563, 14: 2.4589500468505694, 15: 2.959012466685029, 16: 0.46270312111615564, 17: 2.9546563190665203, 18: 0.9316442750592784, 19: 0.9515016150660625, 20: 0.46124387999786154, 21: 0.9772081469500349, 22: 0.9694903967583166, 23: 0.9654266410206844, 24: 0.9619161547768678, 25: 0.9762283780231922, 26: 1.9577737721955317, 27: 0.9812013832268357, 28: 2.9299367836833428, 29: 1.963435322903234, 30: 0.48781355043536045, 31: 0.9822302878777734, 32: 1.4550545788255063, 33: 4.4386492262173585, 34: 1.4950876629778216, 35: 1.4569124231318846, 36: 3.4622293999791878, 37: 1.4559515632807298, 38: 1.9621338188525523, 39: 1.4874506282106852, 40: 1.9510059135231608, 41: 1.4683067121898876, 42: 2.4601430191693154, 43: 2.4460815857821876, 44: 0.48752060971897304, 45: 0.9729372820698573, 46: 1.9732257217911195, 47: 0.4657160584372271, 48: 0.4657965768987449, 49: 0.48077739923782126, 50: 0.9466959018232896, 51: 0.47011361187206235, 52: 5.473429330094865, 53: 1.965923137386362, 54: 2.4628390095584143, 55: 0.975178722276438, 56: 0.9749223230733963, 57: 0.962514691383789, 58: 0.45430878723779156, 59: 0.47843731939314305, 60: 0.45648177907547227, 61: 0.4603467606429925, 62: 0.45862072978657853, 63: 0.4837177760521989, 64: 4.48188597308083, 65: 1.9460160368533468, 66: 2.4525799420171, 67: 0.9454020360741386, 68: 2.4424745367281, 69: 0.4486815529660839, 70: 2.941232051356423, 71: 0.4520120365372522, 72: 3.4908971488095055, 73: 0.9798631543210021, 74: 0.44817553297795976, 75: 2.974569925463364, 76: 1.9710143451105653, 77: 1.4763607898730935, 78: 0.9513575020952378, 79: 1.4677284194692057, 80: 2.9764065995518445, 81: 0.4650413307890322, 82: 1.468032356420883, 83: 0.44848344263318163, 84: 0.9606982761884562, 85: 4.959044368821056, 86: 2.4793619475018547, 87: 0.4686152406135655, 88: 0.45396730211785474, 89: 1.9909099063613676, 90: 1.9659327346509454, 91: 0.9561602893727126, 92: 0.9508388667647485, 93: 2.967470821035487, 94: 0.46674202709239276, 95: 0.46638938233980776, 96: 2.453294128937425, 97: 1.9452497691241901, 98: 1.4831439554796977, 99: 1.9437838876885927}
2025-01-27 09:21:24 - WARNING  - Sum of s_i: 162.36704608850968
2025-01-27 09:21:47 - WARNING  - Epoch:   207. Accuracy: Top-1: 74.29 | Loss: value: 0.73
2025-01-27 09:21:47 - WARNING  - Epoch 207
2025-01-27 09:21:47 - WARNING  - s_i: {0: 2.454057160058231, 1: 3.9809935864301997, 2: 0.4515236226949124, 3: 0.9643130153226939, 4: 1.9442575585872088, 5: 1.9597229686401294, 6: 1.4564646139744077, 7: 1.9661224385073923, 8: 2.4783281443026284, 9: 1.4702913606140093, 10: 2.4553442039763214, 11: 2.486650137836895, 12: 1.4504074624378231, 13: 1.9678695962650563, 14: 2.4589500468505694, 15: 2.959012466685029, 16: 0.46270312111615564, 17: 2.9546563190665203, 18: 0.9316442750592784, 19: 0.9515016150660625, 20: 0.46124387999786154, 21: 0.9772081469500349, 22: 0.9694903967583166, 23: 0.9654266410206844, 24: 0.9619161547768678, 25: 0.9762283780231922, 26: 1.9577737721955317, 27: 0.9812013832268357, 28: 2.9299367836833428, 29: 1.963435322903234, 30: 0.48781355043536045, 31: 0.9822302878777734, 32: 1.4550545788255063, 33: 4.4386492262173585, 34: 1.4950876629778216, 35: 1.4569124231318846, 36: 3.4622293999791878, 37: 1.4559515632807298, 38: 1.9621338188525523, 39: 1.4874506282106852, 40: 1.9510059135231608, 41: 1.4683067121898876, 42: 2.4601430191693154, 43: 0.4415883845973676, 44: 0.48752060971897304, 45: 0.9729372820698573, 46: 1.9732257217911195, 47: 0.4657160584372271, 48: 0.4657965768987449, 49: 0.48077739923782126, 50: 0.9466959018232896, 51: 0.47011361187206235, 52: 5.473429330094865, 53: 1.965923137386362, 54: 2.4628390095584143, 55: 0.975178722276438, 56: 0.9749223230733963, 57: 0.962514691383789, 58: 0.45430878723779156, 59: 0.47843731939314305, 60: 0.45648177907547227, 61: 0.4603467606429925, 62: 0.45862072978657853, 63: 0.4837177760521989, 64: 4.48188597308083, 65: 1.9460160368533468, 66: 2.4525799420171, 67: 0.9454020360741386, 68: 2.4424745367281, 69: 0.4486815529660839, 70: 2.941232051356423, 71: 0.4520120365372522, 72: 3.4908971488095055, 73: 0.9798631543210021, 74: 0.44817553297795976, 75: 2.974569925463364, 76: 1.9710143451105653, 77: 1.4763607898730935, 78: 0.9513575020952378, 79: 1.4677284194692057, 80: 2.9764065995518445, 81: 0.4650413307890322, 82: 1.468032356420883, 83: 0.44848344263318163, 84: 0.9606982761884562, 85: 4.959044368821056, 86: 2.4793619475018547, 87: 0.4686152406135655, 88: 0.45396730211785474, 89: 1.9909099063613676, 90: 1.9659327346509454, 91: 0.9561602893727126, 92: 0.9508388667647485, 93: 2.967470821035487, 94: 0.46674202709239276, 95: 0.46638938233980776, 96: 2.453294128937425, 97: 1.9452497691241901, 98: 1.4831439554796977, 99: 1.9437838876885927}
2025-01-27 09:21:47 - WARNING  - Sum of s_i: 160.36255288732485
2025-01-27 09:22:09 - WARNING  - Epoch:   208. Accuracy: Top-1: 72.47 | Loss: value: 0.79
2025-01-27 09:22:09 - WARNING  - Epoch 208
2025-01-27 09:22:09 - WARNING  - s_i: {0: 2.454057160058231, 1: 3.9809935864301997, 2: 0.4515236226949124, 3: 0.9643130153226939, 4: 1.9442575585872088, 5: 1.9597229686401294, 6: 1.4564646139744077, 7: 1.9661224385073923, 8: 2.4783281443026284, 9: 1.4702913606140093, 10: 2.4553442039763214, 11: 2.486650137836895, 12: 1.4504074624378231, 13: 1.9678695962650563, 14: 2.4589500468505694, 15: 2.959012466685029, 16: 0.46270312111615564, 17: 2.9546563190665203, 18: 0.9316442750592784, 19: 0.9515016150660625, 20: 0.46124387999786154, 21: 0.9772081469500349, 22: 0.9694903967583166, 23: 0.9654266410206844, 24: 0.9619161547768678, 25: 0.9762283780231922, 26: 1.9577737721955317, 27: 0.9812013832268357, 28: 2.9299367836833428, 29: 1.963435322903234, 30: 0.48781355043536045, 31: 0.9822302878777734, 32: 1.4550545788255063, 33: 4.4386492262173585, 34: 1.4950876629778216, 35: 1.4569124231318846, 36: 3.4622293999791878, 37: 1.4559515632807298, 38: 1.9621338188525523, 39: 1.4874506282106852, 40: 1.9510059135231608, 41: 1.4683067121898876, 42: 2.4601430191693154, 43: 0.4415883845973676, 44: 0.48752060971897304, 45: 0.9729372820698573, 46: 1.9732257217911195, 47: 0.4657160584372271, 48: 0.4657965768987449, 49: 0.48077739923782126, 50: 0.9466959018232896, 51: 0.47011361187206235, 52: 5.473429330094865, 53: 1.965923137386362, 54: 2.4628390095584143, 55: 0.975178722276438, 56: 0.9749223230733963, 57: 0.962514691383789, 58: 0.45430878723779156, 59: 0.47843731939314305, 60: 0.45648177907547227, 61: 0.4603467606429925, 62: 0.45862072978657853, 63: 0.4837177760521989, 64: 4.48188597308083, 65: 1.9460160368533468, 66: 2.4525799420171, 67: 0.9454020360741386, 68: 2.4424745367281, 69: 0.4486815529660839, 70: 2.941232051356423, 71: 0.4520120365372522, 72: 3.4908971488095055, 73: 0.9798631543210021, 74: 0.44817553297795976, 75: 2.974569925463364, 76: 1.9710143451105653, 77: 1.4763607898730935, 78: 0.9513575020952378, 79: 1.4677284194692057, 80: 2.9764065995518445, 81: 0.4650413307890322, 82: 1.468032356420883, 83: 0.44848344263318163, 84: 0.9606982761884562, 85: 4.959044368821056, 86: 2.4793619475018547, 87: 0.4686152406135655, 88: 0.45396730211785474, 89: 1.9909099063613676, 90: 1.9659327346509454, 91: 0.9561602893727126, 92: 0.9508388667647485, 93: 2.967470821035487, 94: 0.46674202709239276, 95: 0.46638938233980776, 96: 2.453294128937425, 97: 1.9452497691241901, 98: 1.4831439554796977, 99: 1.9437838876885927}
2025-01-27 09:22:09 - WARNING  - Sum of s_i: 160.36255288732485
2025-01-27 09:22:30 - WARNING  - Epoch:   209. Accuracy: Top-1: 74.13 | Loss: value: 0.74
2025-01-27 09:22:30 - WARNING  - Epoch 209
2025-01-27 09:22:30 - WARNING  - s_i: {0: 2.454057160058231, 1: 3.9809935864301997, 2: 0.4515236226949124, 3: 0.9643130153226939, 4: 1.9442575585872088, 5: 1.9597229686401294, 6: 1.4564646139744077, 7: 1.9661224385073923, 8: 2.4783281443026284, 9: 1.4702913606140093, 10: 2.4553442039763214, 11: 2.486650137836895, 12: 1.4504074624378231, 13: 1.9678695962650563, 14: 2.4589500468505694, 15: 2.959012466685029, 16: 0.46270312111615564, 17: 2.9546563190665203, 18: 0.9316442750592784, 19: 0.9515016150660625, 20: 0.46124387999786154, 21: 0.9772081469500349, 22: 0.9694903967583166, 23: 0.9654266410206844, 24: 0.9619161547768678, 25: 0.9762283780231922, 26: 1.9577737721955317, 27: 0.9812013832268357, 28: 2.9299367836833428, 29: 1.963435322903234, 30: 0.48781355043536045, 31: 0.9822302878777734, 32: 1.4550545788255063, 33: 4.4386492262173585, 34: 1.4950876629778216, 35: 1.4569124231318846, 36: 3.4622293999791878, 37: 1.4559515632807298, 38: 1.9621338188525523, 39: 1.4874506282106852, 40: 1.9510059135231608, 41: 1.4683067121898876, 42: 2.4601430191693154, 43: 0.4415883845973676, 44: 0.48752060971897304, 45: 0.9729372820698573, 46: 1.9732257217911195, 47: 0.4657160584372271, 48: 0.4657965768987449, 49: 0.48077739923782126, 50: 0.9466959018232896, 51: 0.47011361187206235, 52: 5.473429330094865, 53: 1.965923137386362, 54: 2.4628390095584143, 55: 0.975178722276438, 56: 0.9749223230733963, 57: 0.962514691383789, 58: 0.45430878723779156, 59: 0.47843731939314305, 60: 0.45648177907547227, 61: 0.4603467606429925, 62: 0.45862072978657853, 63: 0.4837177760521989, 64: 4.48188597308083, 65: 1.9460160368533468, 66: 2.4525799420171, 67: 0.9454020360741386, 68: 2.4424745367281, 69: 0.4486815529660839, 70: 2.941232051356423, 71: 0.4520120365372522, 72: 3.4908971488095055, 73: 0.9798631543210021, 74: 0.44817553297795976, 75: 2.974569925463364, 76: 1.9710143451105653, 77: 1.4763607898730935, 78: 0.9513575020952378, 79: 1.4677284194692057, 80: 2.9764065995518445, 81: 0.4650413307890322, 82: 1.468032356420883, 83: 0.44848344263318163, 84: 0.9606982761884562, 85: 4.959044368821056, 86: 2.4793619475018547, 87: 0.4686152406135655, 88: 0.45396730211785474, 89: 1.9909099063613676, 90: 1.9659327346509454, 91: 0.9561602893727126, 92: 0.9508388667647485, 93: 2.967470821035487, 94: 0.46674202709239276, 95: 0.46638938233980776, 96: 2.453294128937425, 97: 1.9452497691241901, 98: 1.4831439554796977, 99: 1.9437838876885927}
2025-01-27 09:22:30 - WARNING  - Sum of s_i: 160.36255288732485
2025-01-27 09:22:54 - WARNING  - Epoch:   210. Accuracy: Top-1: 74.08 | Loss: value: 0.73
2025-01-27 09:22:54 - WARNING  - Epoch 210
2025-01-27 09:22:54 - WARNING  - s_i: {0: 2.454057160058231, 1: 3.9809935864301997, 2: 0.4515236226949124, 3: 0.9643130153226939, 4: 1.9442575585872088, 5: 1.9597229686401294, 6: 1.4564646139744077, 7: 1.9661224385073923, 8: 2.4783281443026284, 9: 1.4702913606140093, 10: 2.4553442039763214, 11: 2.486650137836895, 12: 1.4504074624378231, 13: 1.9678695962650563, 14: 2.4589500468505694, 15: 2.959012466685029, 16: 0.46270312111615564, 17: 2.9546563190665203, 18: 0.9316442750592784, 19: 0.9515016150660625, 20: 0.46124387999786154, 21: 0.9772081469500349, 22: 0.9694903967583166, 23: 0.9654266410206844, 24: 0.9619161547768678, 25: 0.9762283780231922, 26: 1.9577737721955317, 27: 0.9812013832268357, 28: 2.9299367836833428, 29: 1.963435322903234, 30: 0.48781355043536045, 31: 0.9822302878777734, 32: 1.4550545788255063, 33: 4.4386492262173585, 34: 1.4950876629778216, 35: 1.4569124231318846, 36: 3.4622293999791878, 37: 1.4559515632807298, 38: 1.9621338188525523, 39: 1.4874506282106852, 40: 4.94610650487548, 41: 1.4683067121898876, 42: 2.4601430191693154, 43: 0.4415883845973676, 44: 0.48752060971897304, 45: 0.9729372820698573, 46: 1.9732257217911195, 47: 0.4657160584372271, 48: 0.4657965768987449, 49: 0.48077739923782126, 50: 0.9466959018232896, 51: 0.47011361187206235, 52: 5.473429330094865, 53: 1.965923137386362, 54: 2.4628390095584143, 55: 0.975178722276438, 56: 0.9749223230733963, 57: 0.962514691383789, 58: 0.45430878723779156, 59: 0.47843731939314305, 60: 0.45648177907547227, 61: 0.4603467606429925, 62: 0.45862072978657853, 63: 0.4837177760521989, 64: 4.48188597308083, 65: 1.9460160368533468, 66: 2.4525799420171, 67: 0.9454020360741386, 68: 2.4424745367281, 69: 0.4486815529660839, 70: 2.941232051356423, 71: 0.4520120365372522, 72: 3.4908971488095055, 73: 0.9798631543210021, 74: 0.44817553297795976, 75: 2.974569925463364, 76: 1.9710143451105653, 77: 1.4763607898730935, 78: 0.9513575020952378, 79: 1.4677284194692057, 80: 2.9764065995518445, 81: 0.4650413307890322, 82: 1.468032356420883, 83: 0.44848344263318163, 84: 0.9606982761884562, 85: 4.959044368821056, 86: 2.4793619475018547, 87: 0.4686152406135655, 88: 0.45396730211785474, 89: 1.9909099063613676, 90: 1.9659327346509454, 91: 0.9561602893727126, 92: 0.9508388667647485, 93: 2.967470821035487, 94: 0.46674202709239276, 95: 0.46638938233980776, 96: 2.453294128937425, 97: 1.9452497691241901, 98: 1.4831439554796977, 99: 1.9437838876885927}
2025-01-27 09:22:54 - WARNING  - Sum of s_i: 163.35765347867718
2025-01-27 09:22:59 - WARNING  - The sum of accs: 72.0
2025-01-27 09:22:59 - WARNING  - The welfare is 71.92674095817952
2025-01-27 09:23:18 - WARNING  - Epoch:   211. Accuracy: Top-1: 74.29 | Loss: value: 0.73
2025-01-27 09:23:18 - WARNING  - Epoch 211
2025-01-27 09:23:18 - WARNING  - s_i: {0: 2.454057160058231, 1: 3.9809935864301997, 2: 0.4515236226949124, 3: 0.9643130153226939, 4: 1.9442575585872088, 5: 1.9597229686401294, 6: 1.4564646139744077, 7: 1.9661224385073923, 8: 2.4783281443026284, 9: 1.4660472692731523, 10: 2.4553442039763214, 11: 2.486650137836895, 12: 2.445448208681606, 13: 1.9678695962650563, 14: 2.4589500468505694, 15: 2.959012466685029, 16: 0.46270312111615564, 17: 2.9546563190665203, 18: 0.9316442750592784, 19: 0.9515016150660625, 20: 0.46124387999786154, 21: 0.9772081469500349, 22: 0.9694903967583166, 23: 0.9654266410206844, 24: 0.9619161547768678, 25: 0.9762283780231922, 26: 1.9577737721955317, 27: 0.9812013832268357, 28: 2.9299367836833428, 29: 1.963435322903234, 30: 0.48781355043536045, 31: 0.9822302878777734, 32: 1.4550545788255063, 33: 4.4386492262173585, 34: 1.4950876629778216, 35: 1.4569124231318846, 36: 3.4622293999791878, 37: 1.4559515632807298, 38: 1.9621338188525523, 39: 1.4874506282106852, 40: 4.94610650487548, 41: 1.4683067121898876, 42: 2.4601430191693154, 43: 0.4415883845973676, 44: 0.48752060971897304, 45: 0.9729372820698573, 46: 1.9732257217911195, 47: 0.4657160584372271, 48: 0.4657965768987449, 49: 0.48077739923782126, 50: 0.9466959018232896, 51: 0.47011361187206235, 52: 5.473429330094865, 53: 1.965923137386362, 54: 2.4628390095584143, 55: 0.975178722276438, 56: 0.9749223230733963, 57: 0.962514691383789, 58: 0.45430878723779156, 59: 0.47843731939314305, 60: 0.45648177907547227, 61: 0.4603467606429925, 62: 0.45862072978657853, 63: 0.4837177760521989, 64: 4.48188597308083, 65: 1.9460160368533468, 66: 2.4525799420171, 67: 0.9454020360741386, 68: 2.4424745367281, 69: 0.4486815529660839, 70: 2.941232051356423, 71: 0.4520120365372522, 72: 3.4908971488095055, 73: 0.9798631543210021, 74: 0.44817553297795976, 75: 2.974569925463364, 76: 1.9710143451105653, 77: 1.4763607898730935, 78: 0.9513575020952378, 79: 1.4677284194692057, 80: 2.9764065995518445, 81: 0.4650413307890322, 82: 1.468032356420883, 83: 0.44848344263318163, 84: 0.9606982761884562, 85: 4.959044368821056, 86: 2.4793619475018547, 87: 0.4686152406135655, 88: 0.45396730211785474, 89: 1.9909099063613676, 90: 1.9659327346509454, 91: 0.9561602893727126, 92: 0.9508388667647485, 93: 2.967470821035487, 94: 0.46674202709239276, 95: 0.46638938233980776, 96: 2.453294128937425, 97: 1.9452497691241901, 98: 1.4831439554796977, 99: 1.9437838876885927}
2025-01-27 09:23:18 - WARNING  - Sum of s_i: 164.34845013358012
2025-01-27 09:23:40 - WARNING  - Epoch:   212. Accuracy: Top-1: 72.91 | Loss: value: 0.78
2025-01-27 09:23:40 - WARNING  - Epoch 212
2025-01-27 09:23:40 - WARNING  - s_i: {0: 2.454057160058231, 1: 3.9809935864301997, 2: 0.4515236226949124, 3: 0.9643130153226939, 4: 1.9442575585872088, 5: 1.9597229686401294, 6: 1.4564646139744077, 7: 1.9661224385073923, 8: 2.4783281443026284, 9: 1.4660472692731523, 10: 2.4553442039763214, 11: 2.486650137836895, 12: 2.445448208681606, 13: 1.9678695962650563, 14: 2.4589500468505694, 15: 2.959012466685029, 16: 0.46270312111615564, 17: 2.9546563190665203, 18: 0.9316442750592784, 19: 0.9515016150660625, 20: 0.46124387999786154, 21: 0.9772081469500349, 22: 0.9694903967583166, 23: 0.9654266410206844, 24: 0.9619161547768678, 25: 0.9762283780231922, 26: 1.9577737721955317, 27: 0.9812013832268357, 28: 2.9299367836833428, 29: 1.963435322903234, 30: 0.48781355043536045, 31: 0.9822302878777734, 32: 1.4550545788255063, 33: 4.4386492262173585, 34: 1.4950876629778216, 35: 1.4569124231318846, 36: 3.4622293999791878, 37: 1.4559515632807298, 38: 1.9621338188525523, 39: 1.4874506282106852, 40: 4.94610650487548, 41: 1.4683067121898876, 42: 2.4601430191693154, 43: 0.4415883845973676, 44: 0.48752060971897304, 45: 0.9729372820698573, 46: 1.9732257217911195, 47: 0.4657160584372271, 48: 0.4657965768987449, 49: 0.48077739923782126, 50: 0.9466959018232896, 51: 0.47011361187206235, 52: 5.473429330094865, 53: 1.965923137386362, 54: 2.4628390095584143, 55: 0.975178722276438, 56: 0.9749223230733963, 57: 0.962514691383789, 58: 0.45430878723779156, 59: 0.47843731939314305, 60: 0.45648177907547227, 61: 0.4603467606429925, 62: 0.45862072978657853, 63: 0.4837177760521989, 64: 4.48188597308083, 65: 1.9460160368533468, 66: 2.4525799420171, 67: 0.9454020360741386, 68: 2.4424745367281, 69: 0.4486815529660839, 70: 2.941232051356423, 71: 0.4520120365372522, 72: 3.4908971488095055, 73: 0.9798631543210021, 74: 0.44817553297795976, 75: 2.974569925463364, 76: 1.9710143451105653, 77: 1.4763607898730935, 78: 0.9513575020952378, 79: 1.4677284194692057, 80: 2.9764065995518445, 81: 0.4650413307890322, 82: 1.468032356420883, 83: 0.44848344263318163, 84: 0.9606982761884562, 85: 4.959044368821056, 86: 2.4793619475018547, 87: 0.4686152406135655, 88: 0.45396730211785474, 89: 1.9909099063613676, 90: 1.9659327346509454, 91: 0.9561602893727126, 92: 0.9508388667647485, 93: 2.967470821035487, 94: 0.46674202709239276, 95: 0.46638938233980776, 96: 2.453294128937425, 97: 1.9452497691241901, 98: 1.4831439554796977, 99: 1.9437838876885927}
2025-01-27 09:23:40 - WARNING  - Sum of s_i: 164.34845013358012
2025-01-27 09:23:59 - WARNING  - Epoch:   213. Accuracy: Top-1: 73.38 | Loss: value: 0.76
2025-01-27 09:23:59 - WARNING  - Epoch 213
2025-01-27 09:23:59 - WARNING  - s_i: {0: 2.454057160058231, 1: 3.9809935864301997, 2: 0.4515236226949124, 3: 0.9643130153226939, 4: 1.9442575585872088, 5: 1.9597229686401294, 6: 1.4564646139744077, 7: 1.9661224385073923, 8: 2.4783281443026284, 9: 1.4660472692731523, 10: 2.4553442039763214, 11: 2.486650137836895, 12: 2.445448208681606, 13: 1.9678695962650563, 14: 2.4589500468505694, 15: 2.959012466685029, 16: 0.46270312111615564, 17: 2.9546563190665203, 18: 0.9316442750592784, 19: 0.9515016150660625, 20: 0.46124387999786154, 21: 0.9772081469500349, 22: 0.9694903967583166, 23: 0.9654266410206844, 24: 0.9619161547768678, 25: 0.9762283780231922, 26: 1.9577737721955317, 27: 0.9812013832268357, 28: 2.9299367836833428, 29: 1.963435322903234, 30: 0.48781355043536045, 31: 0.9822302878777734, 32: 1.4550545788255063, 33: 4.4386492262173585, 34: 1.4950876629778216, 35: 1.4569124231318846, 36: 3.4622293999791878, 37: 1.4559515632807298, 38: 1.9621338188525523, 39: 1.4874506282106852, 40: 4.94610650487548, 41: 1.4683067121898876, 42: 2.4601430191693154, 43: 0.4415883845973676, 44: 0.48752060971897304, 45: 0.9729372820698573, 46: 1.9732257217911195, 47: 0.4657160584372271, 48: 0.4657965768987449, 49: 0.48077739923782126, 50: 0.9466959018232896, 51: 0.47011361187206235, 52: 5.473429330094865, 53: 1.965923137386362, 54: 2.4628390095584143, 55: 0.975178722276438, 56: 0.9749223230733963, 57: 0.962514691383789, 58: 0.45430878723779156, 59: 0.47843731939314305, 60: 0.45648177907547227, 61: 0.4603467606429925, 62: 0.45862072978657853, 63: 0.4837177760521989, 64: 4.48188597308083, 65: 1.9460160368533468, 66: 2.4525799420171, 67: 0.9454020360741386, 68: 2.4424745367281, 69: 0.4486815529660839, 70: 2.941232051356423, 71: 0.4520120365372522, 72: 3.4908971488095055, 73: 0.9798631543210021, 74: 0.44817553297795976, 75: 2.974569925463364, 76: 1.9710143451105653, 77: 1.4763607898730935, 78: 0.9513575020952378, 79: 1.4677284194692057, 80: 2.9764065995518445, 81: 0.4650413307890322, 82: 1.468032356420883, 83: 0.44848344263318163, 84: 0.9606982761884562, 85: 4.959044368821056, 86: 2.4793619475018547, 87: 0.4686152406135655, 88: 0.45396730211785474, 89: 1.9909099063613676, 90: 1.9659327346509454, 91: 0.9561602893727126, 92: 0.9508388667647485, 93: 2.967470821035487, 94: 0.46674202709239276, 95: 0.46638938233980776, 96: 2.453294128937425, 97: 1.9452497691241901, 98: 1.4831439554796977, 99: 1.9437838876885927}
2025-01-27 09:23:59 - WARNING  - Sum of s_i: 164.34845013358012
2025-01-27 09:24:21 - WARNING  - Epoch:   214. Accuracy: Top-1: 71.78 | Loss: value: 0.80
2025-01-27 09:24:21 - WARNING  - Epoch 214
2025-01-27 09:24:21 - WARNING  - s_i: {0: 2.454057160058231, 1: 3.9809935864301997, 2: 0.4515236226949124, 3: 0.9643130153226939, 4: 1.9442575585872088, 5: 1.9597229686401294, 6: 1.4564646139744077, 7: 1.9661224385073923, 8: 2.4783281443026284, 9: 1.4660472692731523, 10: 2.4553442039763214, 11: 2.486650137836895, 12: 2.445448208681606, 13: 1.9678695962650563, 14: 2.4589500468505694, 15: 2.959012466685029, 16: 0.46270312111615564, 17: 2.9546563190665203, 18: 0.9316442750592784, 19: 0.9515016150660625, 20: 0.46124387999786154, 21: 0.9772081469500349, 22: 0.9694903967583166, 23: 0.9654266410206844, 24: 0.9619161547768678, 25: 0.9762283780231922, 26: 1.9577737721955317, 27: 0.9812013832268357, 28: 2.9299367836833428, 29: 1.963435322903234, 30: 0.48781355043536045, 31: 0.9822302878777734, 32: 1.4550545788255063, 33: 4.4386492262173585, 34: 1.4950876629778216, 35: 1.4569124231318846, 36: 3.4622293999791878, 37: 1.4559515632807298, 38: 1.9621338188525523, 39: 1.4874506282106852, 40: 4.94610650487548, 41: 1.4683067121898876, 42: 2.4601430191693154, 43: 0.4415883845973676, 44: 0.48752060971897304, 45: 0.9729372820698573, 46: 1.9732257217911195, 47: 0.4657160584372271, 48: 0.4657965768987449, 49: 0.48077739923782126, 50: 0.9466959018232896, 51: 0.47011361187206235, 52: 1.9690008851106717, 53: 1.965923137386362, 54: 2.4628390095584143, 55: 0.975178722276438, 56: 0.9749223230733963, 57: 0.962514691383789, 58: 0.45430878723779156, 59: 0.47843731939314305, 60: 0.45648177907547227, 61: 0.4603467606429925, 62: 0.45862072978657853, 63: 0.4837177760521989, 64: 4.48188597308083, 65: 1.9460160368533468, 66: 2.4525799420171, 67: 0.9454020360741386, 68: 2.4424745367281, 69: 0.4486815529660839, 70: 2.941232051356423, 71: 0.4520120365372522, 72: 3.4908971488095055, 73: 0.9798631543210021, 74: 0.44817553297795976, 75: 2.974569925463364, 76: 1.9710143451105653, 77: 1.4763607898730935, 78: 0.9513575020952378, 79: 1.4677284194692057, 80: 2.9764065995518445, 81: 0.4650413307890322, 82: 1.468032356420883, 83: 0.44848344263318163, 84: 0.9606982761884562, 85: 4.959044368821056, 86: 2.4793619475018547, 87: 0.4686152406135655, 88: 0.45396730211785474, 89: 1.9909099063613676, 90: 1.9659327346509454, 91: 0.9561602893727126, 92: 0.9508388667647485, 93: 2.967470821035487, 94: 0.46674202709239276, 95: 0.46638938233980776, 96: 2.453294128937425, 97: 1.9452497691241901, 98: 1.4831439554796977, 99: 1.9437838876885927}
2025-01-27 09:24:21 - WARNING  - Sum of s_i: 160.84402168859592
2025-01-27 09:24:41 - WARNING  - Epoch:   215. Accuracy: Top-1: 74.61 | Loss: value: 0.72
2025-01-27 09:24:41 - WARNING  - Epoch 215
2025-01-27 09:24:41 - WARNING  - s_i: {0: 2.454057160058231, 1: 3.9809935864301997, 2: 0.4515236226949124, 3: 0.9643130153226939, 4: 1.9442575585872088, 5: 1.9597229686401294, 6: 1.4564646139744077, 7: 1.9661224385073923, 8: 2.4783281443026284, 9: 1.4660472692731523, 10: 2.4553442039763214, 11: 2.486650137836895, 12: 2.445448208681606, 13: 1.9678695962650563, 14: 2.4589500468505694, 15: 2.959012466685029, 16: 0.46270312111615564, 17: 2.9546563190665203, 18: 3.4267617232777945, 19: 0.9515016150660625, 20: 0.46124387999786154, 21: 0.9772081469500349, 22: 0.9694903967583166, 23: 0.9654266410206844, 24: 0.9576846164187469, 25: 0.9762283780231922, 26: 1.9577737721955317, 27: 0.9812013832268357, 28: 2.9299367836833428, 29: 2.459372581003588, 30: 0.48781355043536045, 31: 0.9822302878777734, 32: 1.4550545788255063, 33: 4.4386492262173585, 34: 1.4950876629778216, 35: 1.4569124231318846, 36: 3.4622293999791878, 37: 1.4559515632807298, 38: 0.9579264653917303, 39: 1.4874506282106852, 40: 4.94610650487548, 41: 1.4683067121898876, 42: 2.4601430191693154, 43: 0.4415883845973676, 44: 0.48752060971897304, 45: 0.9729372820698573, 46: 1.9732257217911195, 47: 0.4657160584372271, 48: 0.4657965768987449, 49: 0.48077739923782126, 50: 0.9466959018232896, 51: 0.47011361187206235, 52: 1.9690008851106717, 53: 1.965923137386362, 54: 2.4628390095584143, 55: 0.975178722276438, 56: 0.9749223230733963, 57: 0.962514691383789, 58: 0.45430878723779156, 59: 0.47843731939314305, 60: 0.45648177907547227, 61: 0.4603467606429925, 62: 0.45862072978657853, 63: 0.4837177760521989, 64: 4.48188597308083, 65: 1.9460160368533468, 66: 3.447837936218805, 67: 0.9454020360741386, 68: 2.4424745367281, 69: 0.4486815529660839, 70: 2.941232051356423, 71: 0.4520120365372522, 72: 3.4908971488095055, 73: 0.9798631543210021, 74: 0.44817553297795976, 75: 2.974569925463364, 76: 1.9710143451105653, 77: 1.4763607898730935, 78: 0.9513575020952378, 79: 1.4677284194692057, 80: 2.9764065995518445, 81: 0.4650413307890322, 82: 1.468032356420883, 83: 0.44848344263318163, 84: 0.9606982761884562, 85: 4.959044368821056, 86: 2.4793619475018547, 87: 0.4686152406135655, 88: 0.45396730211785474, 89: 2.9863648595420433, 90: 1.9659327346509454, 91: 0.9561602893727126, 92: 0.9508388667647485, 93: 2.967470821035487, 94: 0.46674202709239276, 95: 0.46638938233980776, 96: 2.453294128937425, 97: 1.9452497691241901, 98: 1.4831439554796977, 99: 1.9437838876885927}
2025-01-27 09:24:41 - WARNING  - Sum of s_i: 164.81735045047822
2025-01-27 09:25:03 - WARNING  - Epoch:   216. Accuracy: Top-1: 74.60 | Loss: value: 0.72
2025-01-27 09:25:03 - WARNING  - Epoch 216
2025-01-27 09:25:03 - WARNING  - s_i: {0: 2.454057160058231, 1: 3.9809935864301997, 2: 0.4515236226949124, 3: 0.9643130153226939, 4: 1.9442575585872088, 5: 1.9597229686401294, 6: 1.4564646139744077, 7: 1.9661224385073923, 8: 2.4783281443026284, 9: 1.4660472692731523, 10: 2.4553442039763214, 11: 2.486650137836895, 12: 2.445448208681606, 13: 1.9678695962650563, 14: 2.4589500468505694, 15: 2.959012466685029, 16: 0.46270312111615564, 17: 2.9546563190665203, 18: 3.4267617232777945, 19: 0.9515016150660625, 20: 0.46124387999786154, 21: 0.9772081469500349, 22: 0.9694903967583166, 23: 0.9654266410206844, 24: 0.9576846164187469, 25: 0.9762283780231922, 26: 1.9577737721955317, 27: 0.9812013832268357, 28: 2.9299367836833428, 29: 2.459372581003588, 30: 0.48781355043536045, 31: 0.9822302878777734, 32: 1.4550545788255063, 33: 4.4386492262173585, 34: 1.4950876629778216, 35: 1.4569124231318846, 36: 3.4622293999791878, 37: 1.4559515632807298, 38: 0.9579264653917303, 39: 1.4874506282106852, 40: 4.94610650487548, 41: 1.4683067121898876, 42: 2.4601430191693154, 43: 0.4415883845973676, 44: 0.48752060971897304, 45: 0.9729372820698573, 46: 1.9732257217911195, 47: 0.4657160584372271, 48: 0.4657965768987449, 49: 0.48077739923782126, 50: 0.9466959018232896, 51: 0.47011361187206235, 52: 1.9690008851106717, 53: 1.965923137386362, 54: 2.4628390095584143, 55: 0.975178722276438, 56: 0.9749223230733963, 57: 0.962514691383789, 58: 0.45430878723779156, 59: 0.47843731939314305, 60: 0.45648177907547227, 61: 0.4603467606429925, 62: 0.45862072978657853, 63: 0.4837177760521989, 64: 4.48188597308083, 65: 1.9460160368533468, 66: 3.447837936218805, 67: 0.9454020360741386, 68: 2.4424745367281, 69: 0.4486815529660839, 70: 2.941232051356423, 71: 0.4520120365372522, 72: 3.4908971488095055, 73: 0.9758357851852081, 74: 0.44817553297795976, 75: 2.974569925463364, 76: 1.9710143451105653, 77: 1.4763607898730935, 78: 0.9513575020952378, 79: 1.4677284194692057, 80: 2.9764065995518445, 81: 0.4650413307890322, 82: 1.468032356420883, 83: 0.44848344263318163, 84: 0.9606982761884562, 85: 4.959044368821056, 86: 2.4793619475018547, 87: 0.4686152406135655, 88: 0.45396730211785474, 89: 2.9863648595420433, 90: 1.9659327346509454, 91: 0.9561602893727126, 92: 0.9508388667647485, 93: 2.967470821035487, 94: 0.46674202709239276, 95: 0.46638938233980776, 96: 2.453294128937425, 97: 1.9452497691241901, 98: 1.4831439554796977, 99: 1.9437838876885927}
2025-01-27 09:25:03 - WARNING  - Sum of s_i: 164.81332308134242
2025-01-27 09:25:25 - WARNING  - Epoch:   217. Accuracy: Top-1: 74.68 | Loss: value: 0.71
2025-01-27 09:25:25 - WARNING  - Epoch 217
2025-01-27 09:25:25 - WARNING  - s_i: {0: 2.454057160058231, 1: 3.9809935864301997, 2: 0.4515236226949124, 3: 0.9643130153226939, 4: 1.9442575585872088, 5: 1.9597229686401294, 6: 1.4564646139744077, 7: 1.9661224385073923, 8: 2.4783281443026284, 9: 1.4660472692731523, 10: 2.4553442039763214, 11: 2.486650137836895, 12: 2.445448208681606, 13: 1.9678695962650563, 14: 2.4589500468505694, 15: 2.959012466685029, 16: 0.46270312111615564, 17: 2.9546563190665203, 18: 3.4267617232777945, 19: 0.9515016150660625, 20: 0.46124387999786154, 21: 0.9772081469500349, 22: 0.9694903967583166, 23: 0.9654266410206844, 24: 4.453453078060623, 25: 0.9762283780231922, 26: 1.9577737721955317, 27: 0.9812013832268357, 28: 2.9299367836833428, 29: 2.459372581003588, 30: 0.48781355043536045, 31: 0.9822302878777734, 32: 1.4550545788255063, 33: 4.4386492262173585, 34: 1.4950876629778216, 35: 1.4569124231318846, 36: 3.4622293999791878, 37: 1.4559515632807298, 38: 0.9579264653917303, 39: 1.4874506282106852, 40: 4.94610650487548, 41: 1.4683067121898876, 42: 2.4601430191693154, 43: 0.4415883845973676, 44: 0.48752060971897304, 45: 0.9729372820698573, 46: 6.968763342089643, 47: 0.4657160584372271, 48: 0.4657965768987449, 49: 0.48077739923782126, 50: 0.9466959018232896, 51: 0.47011361187206235, 52: 1.9690008851106717, 53: 1.965923137386362, 54: 2.4628390095584143, 55: 0.975178722276438, 56: 0.9749223230733963, 57: 0.962514691383789, 58: 0.45430878723779156, 59: 0.47843731939314305, 60: 0.45648177907547227, 61: 0.4603467606429925, 62: 0.45862072978657853, 63: 0.4837177760521989, 64: 4.48188597308083, 65: 1.9460160368533468, 66: 3.447837936218805, 67: 0.9454020360741386, 68: 2.4424745367281, 69: 0.4486815529660839, 70: 2.941232051356423, 71: 0.4520120365372522, 72: 3.4908971488095055, 73: 0.9758357851852081, 74: 0.44817553297795976, 75: 2.974569925463364, 76: 1.9710143451105653, 77: 1.4763607898730935, 78: 0.9513575020952378, 79: 1.4677284194692057, 80: 2.9764065995518445, 81: 0.4650413307890322, 82: 1.468032356420883, 83: 0.44848344263318163, 84: 0.9606982761884562, 85: 4.959044368821056, 86: 2.4793619475018547, 87: 0.4686152406135655, 88: 0.45396730211785474, 89: 2.9863648595420433, 90: 1.9659327346509454, 91: 0.9561602893727126, 92: 0.9508388667647485, 93: 2.967470821035487, 94: 0.46674202709239276, 95: 0.46638938233980776, 96: 2.453294128937425, 97: 1.9452497691241901, 98: 1.4831439554796977, 99: 1.9437838876885927}
2025-01-27 09:25:25 - WARNING  - Sum of s_i: 173.3046291632828
2025-01-27 09:25:45 - WARNING  - Epoch:   218. Accuracy: Top-1: 74.82 | Loss: value: 0.71
2025-01-27 09:25:45 - WARNING  - Epoch 218
2025-01-27 09:25:45 - WARNING  - s_i: {0: 2.454057160058231, 1: 3.9809935864301997, 2: 0.4515236226949124, 3: 0.9643130153226939, 4: 1.9442575585872088, 5: 1.9597229686401294, 6: 1.4564646139744077, 7: 1.9661224385073923, 8: 2.4783281443026284, 9: 1.4660472692731523, 10: 2.4553442039763214, 11: 2.486650137836895, 12: 2.445448208681606, 13: 1.9678695962650563, 14: 2.4589500468505694, 15: 2.959012466685029, 16: 0.46270312111615564, 17: 2.9546563190665203, 18: 3.4267617232777945, 19: 0.94665177657267, 20: 0.46124387999786154, 21: 0.9772081469500349, 22: 0.9694903967583166, 23: 0.4604875897379238, 24: 4.453453078060623, 25: 0.9762283780231922, 26: 1.9577737721955317, 27: 0.9812013832268357, 28: 2.9299367836833428, 29: 2.459372581003588, 30: 0.48781355043536045, 31: 0.9822302878777734, 32: 1.4550545788255063, 33: 4.4386492262173585, 34: 1.4950876629778216, 35: 1.4569124231318846, 36: 3.4622293999791878, 37: 1.4559515632807298, 38: 0.9579264653917303, 39: 1.4874506282106852, 40: 4.94610650487548, 41: 1.4683067121898876, 42: 2.4601430191693154, 43: 0.4415883845973676, 44: 0.48752060971897304, 45: 0.9729372820698573, 46: 6.968763342089643, 47: 0.4657160584372271, 48: 0.4657965768987449, 49: 0.48077739923782126, 50: 0.9466959018232896, 51: 0.47011361187206235, 52: 1.9690008851106717, 53: 1.965923137386362, 54: 2.4628390095584143, 55: 0.975178722276438, 56: 0.9749223230733963, 57: 0.962514691383789, 58: 0.45430878723779156, 59: 0.47843731939314305, 60: 0.45648177907547227, 61: 0.4603467606429925, 62: 0.45862072978657853, 63: 0.4837177760521989, 64: 4.48188597308083, 65: 1.9460160368533468, 66: 3.447837936218805, 67: 0.9454020360741386, 68: 2.4424745367281, 69: 0.4486815529660839, 70: 2.941232051356423, 71: 1.4472132401909774, 72: 0.4863457232142627, 73: 0.9758357851852081, 74: 0.44817553297795976, 75: 2.974569925463364, 76: 1.9710143451105653, 77: 1.4763607898730935, 78: 0.9513575020952378, 79: 1.4677284194692057, 80: 2.9764065995518445, 81: 0.4650413307890322, 82: 1.468032356420883, 83: 0.44848344263318163, 84: 0.9606982761884562, 85: 4.959044368821056, 86: 2.4793619475018547, 87: 0.4686152406135655, 88: 0.45396730211785474, 89: 2.9863648595420433, 90: 1.9659327346509454, 91: 0.9561602893727126, 92: 0.9508388667647485, 93: 2.967470821035487, 94: 0.46674202709239276, 95: 0.46638938233980776, 96: 2.453294128937425, 97: 1.9452497691241901, 98: 1.4831439554796977, 99: 1.9437838876885927}
2025-01-27 09:25:45 - WARNING  - Sum of s_i: 170.78549005156515
2025-01-27 09:26:04 - WARNING  - Epoch:   219. Accuracy: Top-1: 73.26 | Loss: value: 0.75
2025-01-27 09:26:04 - WARNING  - Epoch 219
2025-01-27 09:26:04 - WARNING  - s_i: {0: 2.454057160058231, 1: 3.9809935864301997, 2: 0.4515236226949124, 3: 0.9643130153226939, 4: 1.9442575585872088, 5: 1.9597229686401294, 6: 1.4564646139744077, 7: 1.9661224385073923, 8: 2.4783281443026284, 9: 1.4660472692731523, 10: 2.4553442039763214, 11: 2.486650137836895, 12: 2.445448208681606, 13: 1.9678695962650563, 14: 3.454845051535626, 15: 2.959012466685029, 16: 0.46270312111615564, 17: 2.9546563190665203, 18: 3.4267617232777945, 19: 0.94665177657267, 20: 0.46124387999786154, 21: 0.9772081469500349, 22: 0.9694903967583166, 23: 0.4604875897379238, 24: 4.453453078060623, 25: 0.9762283780231922, 26: 1.9577737721955317, 27: 0.9812013832268357, 28: 2.9299367836833428, 29: 2.459372581003588, 30: 0.48781355043536045, 31: 0.9822302878777734, 32: 1.4550545788255063, 33: 4.4386492262173585, 34: 1.4950876629778216, 35: 1.4569124231318846, 36: 3.4622293999791878, 37: 1.4559515632807298, 38: 0.9579264653917303, 39: 1.4874506282106852, 40: 4.94610650487548, 41: 1.4683067121898876, 42: 2.4601430191693154, 43: 0.4415883845973676, 44: 0.48752060971897304, 45: 0.9729372820698573, 46: 6.968763342089643, 47: 0.4657160584372271, 48: 0.4657965768987449, 49: 0.48077739923782126, 50: 0.9466959018232896, 51: 0.47011361187206235, 52: 1.9690008851106717, 53: 1.965923137386362, 54: 2.4628390095584143, 55: 0.975178722276438, 56: 0.9749223230733963, 57: 0.962514691383789, 58: 0.45430878723779156, 59: 0.47843731939314305, 60: 0.45648177907547227, 61: 0.4603467606429925, 62: 0.45862072978657853, 63: 0.4837177760521989, 64: 4.48188597308083, 65: 1.9460160368533468, 66: 3.447837936218805, 67: 0.9454020360741386, 68: 2.4424745367281, 69: 0.4486815529660839, 70: 2.941232051356423, 71: 1.4472132401909774, 72: 0.4863457232142627, 73: 0.9758357851852081, 74: 0.44817553297795976, 75: 2.974569925463364, 76: 1.9710143451105653, 77: 1.4763607898730935, 78: 0.9513575020952378, 79: 1.4677284194692057, 80: 2.9764065995518445, 81: 0.4650413307890322, 82: 1.468032356420883, 83: 0.44848344263318163, 84: 0.9606982761884562, 85: 4.959044368821056, 86: 2.4793619475018547, 87: 0.4686152406135655, 88: 0.45396730211785474, 89: 2.9863648595420433, 90: 1.9659327346509454, 91: 0.9561602893727126, 92: 0.9508388667647485, 93: 2.967470821035487, 94: 0.46674202709239276, 95: 0.46638938233980776, 96: 2.453294128937425, 97: 1.9452497691241901, 98: 1.4831439554796977, 99: 1.9437838876885927}
2025-01-27 09:26:04 - WARNING  - Sum of s_i: 171.7813850562502
{40: 0.14999999999999958, 64: -0.44999999999999984, 91: -0.30000000000000027, 65: 0.09999999999999953, 88: 0.0, 30: -0.20000000000000018, 2: -0.4999999999999999, 59: -0.3999999999999998, 21: -0.8499999999999996, 94: -0.44999999999999984}
Length of Loader 100
{51: -0.09999999999999898, 71: -0.6, 97: -0.4999999999999999, 14: 0.15000000000000013, 8: 0.10000000000000009, 90: -0.5499999999999999, 80: -0.3999999999999998, 68: -0.49999999999999933, 28: -0.8499999999999996, 84: -0.8499999999999996}
Length of Loader 100
{88: -0.65, 3: -1.15, 80: -0.44999999999999984, 35: -0.9499999999999992, 65: -0.19999999999999962, 19: -0.6999999999999995, 54: -1.75, 72: -0.9000000000000002, 94: -1.3999999999999995, 38: -2.25}
Length of Loader 100
{73: -0.40000000000000036, 19: -1.0000000000000004, 64: -0.7999999999999996, 90: -1.1999999999999993, 14: -0.7500000000000001, 47: -0.65, 70: -1.9, 46: -0.9999999999999998, 3: -1.5500000000000003, 75: -1.0999999999999999}
Length of Loader 100
{69: -0.7499999999999996, 31: -0.30000000000000027, 62: -0.8499999999999996, 96: -0.44999999999999984, 89: -0.7999999999999996, 78: -0.7500000000000001, 18: -0.65, 32: -0.5499999999999999, 14: -0.44999999999999984, 5: -1.0499999999999994}
Length of Loader 100
{17: 0.09999999999999953, 10: -0.34999999999999976, 74: -0.20000000000000018, 23: -0.7500000000000007, 44: -0.40000000000000036, 16: -0.8000000000000007, 67: -0.5000000000000004, 38: -0.9499999999999992, 52: -1.4000000000000001, 61: -0.9000000000000002}
Length of Loader 100
{54: -0.6, 80: -0.7500000000000001, 3: -0.7000000000000001, 1: -0.30000000000000027, 83: -0.5499999999999999, 76: -0.7499999999999996, 75: -1.25, 14: -0.8999999999999997, 63: -0.8999999999999997, 50: -0.5499999999999999}
Length of Loader 100
{80: -0.3999999999999998, 33: -0.19999999999999907, 34: -0.19999999999999962, 8: -0.3999999999999998, 43: -1.0999999999999999, 98: -0.6, 55: -1.75, 18: -0.9999999999999992, 14: -1.5999999999999992, 83: -1.0999999999999992}
Length of Loader 100
{50: -0.29999999999999916, 5: -0.14999999999999958, 16: -0.10000000000000009, 24: -0.20000000000000018, 17: -0.2499999999999991, 46: -0.20000000000000018, 2: -0.24999999999999967, 30: -0.5499999999999999, 1: -0.6499999999999995, 37: -0.2999999999999997}
Length of Loader 100
{62: -0.24999999999999967, 84: 0.0, 39: 0.0, 77: -0.3999999999999998, 2: -0.44999999999999984, 70: -0.050000000000000044, 56: -0.2999999999999997, 45: -0.44999999999999984, 18: -0.8499999999999996, 91: -0.6}
Length of Loader 100
{99: -0.050000000000000044, 38: -0.6, 39: -0.20000000000000018, 86: -1.25, 28: -0.5499999999999999, 25: -1.2, 13: -0.9999999999999998, 17: -1.35, 46: -1.15, 82: -1.75}
Length of Loader 100
{0: -0.4499999999999993, 84: -0.14999999999999958, 41: -0.4999999999999999, 33: -1.0999999999999992, 37: -0.39999999999999925, 72: -1.25, 38: -0.8999999999999997, 16: -1.7499999999999993, 91: -1.2999999999999994, 60: -1.4499999999999997}
Length of Loader 100
{1: -0.2999999999999997, 41: -0.24999999999999967, 99: -0.2500000000000002, 70: -0.2999999999999997, 76: 0.050000000000000044, 94: -0.5999999999999994, 78: -0.6499999999999995, 91: -0.24999999999999967, 83: -0.44999999999999984, 63: -0.7999999999999996}
Length of Loader 100
{30: -1.0499999999999998, 94: -0.7499999999999996, 42: -0.5499999999999999, 60: -1.1499999999999995, 64: -0.9499999999999997, 34: -0.5999999999999994, 9: -1.2499999999999996, 96: -0.9499999999999997, 11: -1.6499999999999992, 17: -1.2499999999999996}
Length of Loader 100
{1: 0.3500000000000003, 41: -0.050000000000000044, 22: 0.050000000000000044, 45: 0.0, 38: 0.0, 62: -0.14999999999999958, 25: -0.2999999999999997, 95: -0.19999999999999962, 17: 0.10000000000000064, 34: -0.29999999999999916}
Length of Loader 100
{78: 0.0, 35: -0.15000000000000013, 94: -0.3500000000000003, 15: -0.20000000000000018, 8: -0.3999999999999998, 18: -0.2500000000000002, 19: -0.2500000000000002, 91: -0.3500000000000003, 97: -0.5000000000000004, 17: -1.0999999999999999}
Length of Loader 100
{61: -0.20000000000000018, 41: -0.20000000000000018, 37: -0.0500000000000006, 27: -0.15000000000000013, 91: 0.0, 36: 0.0, 53: -0.15000000000000013, 47: -0.10000000000000009, 19: -0.10000000000000009, 40: -0.49999999999999933}
Length of Loader 100
{70: 0.20000000000000018, 53: 0.050000000000000044, 26: 0.050000000000000044, 85: 0.3500000000000003, 89: 0.10000000000000009, 18: -0.19999999999999962, 14: -0.3499999999999992, 28: -0.3999999999999998, 38: -0.29999999999999916, 99: -0.34999999999999976}
Length of Loader 100
{99: -0.44999999999999984, 71: -0.050000000000000044, 8: 0.0500000000000006, 55: 0.050000000000000044, 69: -0.050000000000000044, 72: -0.5999999999999994, 58: -0.19999999999999962, 63: -0.2999999999999997, 12: -0.2999999999999997, 57: -0.34999999999999976}
Length of Loader 100
{43: -0.20000000000000018, 36: -0.7000000000000001, 41: -0.4999999999999999, 7: -0.3999999999999998, 14: -1.2, 79: -0.7499999999999996, 99: -1.3, 13: -0.7000000000000001, 92: -1.15, 40: -1.15}
Length of Loader 100
{0: -0.65, 76: -0.8000000000000002, 29: -0.4999999999999999, 98: -1.3499999999999996, 89: -0.44999999999999984, 65: -0.20000000000000018, 46: -0.4999999999999999, 72: -1.4499999999999997, 13: -1.2499999999999996, 40: -1.65}
Length of Loader 100
{25: -0.3999999999999998, 93: -0.5999999999999994, 80: -0.49999999999999933, 71: -0.2999999999999997, 10: -0.44999999999999984, 56: -0.9499999999999997, 67: -0.3999999999999998, 34: -0.2999999999999997, 6: -0.5499999999999994, 66: -1.0999999999999999}
Length of Loader 100
{40: 0.30000000000000027, 23: -0.14999999999999958, 96: -0.8999999999999997, 45: -0.5999999999999994, 68: -0.7999999999999996, 99: -0.34999999999999976, 0: -1.25, 52: -1.0499999999999998, 12: -0.7500000000000001, 16: -1.0499999999999998}
Length of Loader 100
{78: -0.20000000000000018, 55: -0.6, 46: -0.39999999999999925, 73: -0.7500000000000001, 12: 0.10000000000000009, 1: -0.9500000000000003, 9: 0.0, 4: -0.9999999999999998, 81: -0.5999999999999994, 53: -1.2}
Length of Loader 100
{94: -0.65, 22: -0.20000000000000018, 64: -0.7999999999999996, 55: -0.9999999999999998, 12: -0.7999999999999996, 37: -0.8999999999999991, 93: -0.5999999999999994, 82: -1.25, 74: -0.6, 29: -1.25}
Length of Loader 100
{76: -0.4499999999999993, 18: -0.34999999999999976, 58: -0.20000000000000018, 55: -0.34999999999999976, 87: -0.7999999999999996, 78: -0.6999999999999995, 98: -0.4499999999999993, 1: -1.0499999999999998, 69: -0.6, 35: -0.7500000000000001}
Length of Loader 100
{89: -0.2500000000000002, 54: -0.5499999999999999, 31: -0.44999999999999984, 41: -0.3500000000000003, 53: -0.3500000000000003, 72: -0.5499999999999999, 16: -0.4999999999999999, 66: -0.34999999999999976, 52: -0.3500000000000003, 18: -0.3500000000000003}
Length of Loader 100
{92: -0.15000000000000013, 18: 0.24999999999999967, 89: 0.09999999999999953, 57: -0.20000000000000018, 29: 0.04999999999999949, 66: 0.09999999999999953, 24: 5.551115123125783e-16, 0: -0.2499999999999991, 38: -0.09999999999999953, 13: -0.34999999999999976}
Length of Loader 100
{39: -0.7000000000000001, 32: -0.6499999999999995, 73: 5.551115123125783e-16, 38: -0.34999999999999976, 14: -0.34999999999999976, 42: -0.4499999999999993, 93: -0.34999999999999976, 81: -0.9999999999999998, 41: -1.15, 17: -0.7999999999999996}
Length of Loader 100
{36: 0.5500000000000005, 46: 0.5000000000000004, 4: -0.44999999999999984, 24: 0.3500000000000003, 76: -1.2999999999999994, 99: -0.39999999999999925, 47: -0.8499999999999996, 58: -0.6999999999999995, 70: -0.3999999999999998, 86: -1.2499999999999996}
Length of Loader 100
{72: -0.2999999999999997, 25: -0.10000000000000009, 71: 0.10000000000000009, 19: 0.0, 23: -0.050000000000000044, 7: -0.5499999999999999, 0: -0.7499999999999996, 94: -0.24999999999999967, 48: -0.6999999999999995, 95: -0.44999999999999984}
Length of Loader 100
{50: -0.2999999999999997, 14: 0.10000000000000009, 20: -0.19999999999999962, 88: -0.2999999999999997, 98: -0.34999999999999976, 27: -0.2999999999999997, 72: -0.49999999999999933, 32: -0.14999999999999958, 53: -0.34999999999999976, 10: -0.7999999999999996}
Length of Loader 100
2025-01-27 09:26:24 - WARNING  - Epoch:   220. Accuracy: Top-1: 74.79 | Loss: value: 0.71
2025-01-27 09:26:24 - WARNING  - Epoch 220
2025-01-27 09:26:24 - WARNING  - s_i: {0: 2.454057160058231, 1: 3.9809935864301997, 2: 0.4515236226949124, 3: 0.9643130153226939, 4: 1.9442575585872088, 5: 1.9597229686401294, 6: 1.4564646139744077, 7: 1.9661224385073923, 8: 2.4783281443026284, 9: 1.4660472692731523, 10: 2.4553442039763214, 11: 2.486650137836895, 12: 2.445448208681606, 13: 1.9678695962650563, 14: 3.454845051535626, 15: 2.959012466685029, 16: 0.46270312111615564, 17: 2.9546563190665203, 18: 3.4267617232777945, 19: 0.94665177657267, 20: 0.46124387999786154, 21: 0.9772081469500349, 22: 0.9694903967583166, 23: 0.4604875897379238, 24: 4.453453078060623, 25: 0.9762283780231922, 26: 1.9577737721955317, 27: 0.9812013832268357, 28: 2.9299367836833428, 29: 3.455309839103948, 30: 0.48781355043536045, 31: 0.9822302878777734, 32: 1.4550545788255063, 33: 4.4386492262173585, 34: 1.4950876629778216, 35: 1.4569124231318846, 36: 3.4622293999791878, 37: 1.4559515632807298, 38: 0.9579264653917303, 39: 1.4874506282106852, 40: 4.94610650487548, 41: 1.4683067121898876, 42: 1.4557144657436893, 43: 0.4415883845973676, 44: 0.48752060971897304, 45: 0.968426829081506, 46: 6.968763342089643, 47: 0.4657160584372271, 48: 0.4657965768987449, 49: 0.48077739923782126, 50: 0.9466959018232896, 51: 0.47011361187206235, 52: 1.9690008851106717, 53: 1.965923137386362, 54: 2.4628390095584143, 55: 0.975178722276438, 56: 0.9749223230733963, 57: 0.962514691383789, 58: 0.45430878723779156, 59: 0.47843731939314305, 60: 0.45648177907547227, 61: 0.4603467606429925, 62: 0.45862072978657853, 63: 0.4837177760521989, 64: 4.48188597308083, 65: 1.9460160368533468, 66: 3.447837936218805, 67: 1.440852205746984, 68: 2.4424745367281, 69: 0.4486815529660839, 70: 2.941232051356423, 71: 1.4472132401909774, 72: 0.4863457232142627, 73: 0.9758357851852081, 74: 0.44817553297795976, 75: 2.974569925463364, 76: 1.9710143451105653, 77: 1.4763607898730935, 78: 0.9513575020952378, 79: 1.4677284194692057, 80: 2.9764065995518445, 81: 0.4650413307890322, 82: 1.468032356420883, 83: 0.44848344263318163, 84: 0.9606982761884562, 85: 4.959044368821056, 86: 2.4793619475018547, 87: 0.4686152406135655, 88: 0.45396730211785474, 89: 2.9863648595420433, 90: 1.9659327346509454, 91: 0.9561602893727126, 92: 0.9508388667647485, 93: 2.967470821035487, 94: 0.46674202709239276, 95: 0.46638938233980776, 96: 2.453294128937425, 97: 1.9452497691241901, 98: 1.4831439554796977, 99: 1.9437838876885927}
2025-01-27 09:26:24 - WARNING  - Sum of s_i: 172.26383347760944
2025-01-27 09:26:29 - WARNING  - The sum of accs: 69.0
2025-01-27 09:26:29 - WARNING  - The welfare is 68.92272420865379
2025-01-27 09:26:50 - WARNING  - Epoch:   221. Accuracy: Top-1: 73.90 | Loss: value: 0.75
2025-01-27 09:26:50 - WARNING  - Epoch 221
2025-01-27 09:26:50 - WARNING  - s_i: {0: 2.454057160058231, 1: 3.9809935864301997, 2: 0.4515236226949124, 3: 0.9643130153226939, 4: 1.9442575585872088, 5: 1.9597229686401294, 6: 1.4564646139744077, 7: 1.9661224385073923, 8: 2.4783281443026284, 9: 1.4660472692731523, 10: 2.4553442039763214, 11: 2.486650137836895, 12: 2.445448208681606, 13: 1.9678695962650563, 14: 3.454845051535626, 15: 2.959012466685029, 16: 0.46270312111615564, 17: 2.9546563190665203, 18: 3.4267617232777945, 19: 0.94665177657267, 20: 0.46124387999786154, 21: 0.9772081469500349, 22: 0.9694903967583166, 23: 0.4604875897379238, 24: 4.453453078060623, 25: 0.9762283780231922, 26: 1.9577737721955317, 27: 0.9812013832268357, 28: 2.9299367836833428, 29: 3.455309839103948, 30: 0.48781355043536045, 31: 0.9822302878777734, 32: 1.4550545788255063, 33: 4.4386492262173585, 34: 1.4950876629778216, 35: 1.4569124231318846, 36: 3.4622293999791878, 37: 1.4559515632807298, 38: 0.9579264653917303, 39: 1.4874506282106852, 40: 4.94610650487548, 41: 1.4683067121898876, 42: 1.4557144657436893, 43: 0.4415883845973676, 44: 0.48752060971897304, 45: 0.968426829081506, 46: 6.968763342089643, 47: 0.4657160584372271, 48: 0.4657965768987449, 49: 0.48077739923782126, 50: 0.9466959018232896, 51: 0.47011361187206235, 52: 1.9690008851106717, 53: 1.965923137386362, 54: 2.4628390095584143, 55: 0.975178722276438, 56: 0.9749223230733963, 57: 0.962514691383789, 58: 0.45430878723779156, 59: 0.47843731939314305, 60: 0.45648177907547227, 61: 0.4603467606429925, 62: 0.45862072978657853, 63: 0.4837177760521989, 64: 4.48188597308083, 65: 1.9460160368533468, 66: 3.447837936218805, 67: 1.440852205746984, 68: 2.4424745367281, 69: 0.4486815529660839, 70: 2.941232051356423, 71: 1.4472132401909774, 72: 0.4863457232142627, 73: 0.9758357851852081, 74: 0.44817553297795976, 75: 2.974569925463364, 76: 1.9710143451105653, 77: 1.4763607898730935, 78: 0.9513575020952378, 79: 1.4677284194692057, 80: 2.9764065995518445, 81: 0.4650413307890322, 82: 1.468032356420883, 83: 0.44848344263318163, 84: 0.9606982761884562, 85: 4.959044368821056, 86: 2.4793619475018547, 87: 0.4686152406135655, 88: 0.45396730211785474, 89: 2.9863648595420433, 90: 1.9659327346509454, 91: 0.9561602893727126, 92: 0.9508388667647485, 93: 0.9634046736649209, 94: 0.46674202709239276, 95: 0.46638938233980776, 96: 2.453294128937425, 97: 1.9452497691241901, 98: 1.4831439554796977, 99: 1.9437838876885927}
2025-01-27 09:26:50 - WARNING  - Sum of s_i: 170.25976733023887
2025-01-27 09:27:10 - WARNING  - Epoch:   222. Accuracy: Top-1: 74.21 | Loss: value: 0.73
2025-01-27 09:27:10 - WARNING  - Epoch 222
2025-01-27 09:27:10 - WARNING  - s_i: {0: 2.454057160058231, 1: 3.9809935864301997, 2: 0.4515236226949124, 3: 0.9643130153226939, 4: 1.9442575585872088, 5: 1.9597229686401294, 6: 1.4564646139744077, 7: 1.9661224385073923, 8: 2.4783281443026284, 9: 1.4660472692731523, 10: 2.4553442039763214, 11: 2.486650137836895, 12: 2.445448208681606, 13: 1.9678695962650563, 14: 3.454845051535626, 15: 2.959012466685029, 16: 0.46270312111615564, 17: 2.9546563190665203, 18: 3.4267617232777945, 19: 0.94665177657267, 20: 0.46124387999786154, 21: 0.9772081469500349, 22: 0.9694903967583166, 23: 0.4604875897379238, 24: 4.453453078060623, 25: 0.9762283780231922, 26: 1.9577737721955317, 27: 0.9812013832268357, 28: 2.9299367836833428, 29: 3.455309839103948, 30: 0.48781355043536045, 31: 0.9822302878777734, 32: 1.4550545788255063, 33: 4.4386492262173585, 34: 1.4950876629778216, 35: 1.4569124231318846, 36: 3.4622293999791878, 37: 1.4559515632807298, 38: 0.9579264653917303, 39: 1.4874506282106852, 40: 4.94610650487548, 41: 1.4683067121898876, 42: 1.4557144657436893, 43: 0.4415883845973676, 44: 0.48752060971897304, 45: 0.968426829081506, 46: 6.968763342089643, 47: 0.4657160584372271, 48: 0.4657965768987449, 49: 0.48077739923782126, 50: 0.9466959018232896, 51: 0.47011361187206235, 52: 1.9690008851106717, 53: 1.965923137386362, 54: 2.4628390095584143, 55: 0.975178722276438, 56: 0.9749223230733963, 57: 0.962514691383789, 58: 0.45430878723779156, 59: 0.47843731939314305, 60: 0.45648177907547227, 61: 0.4603467606429925, 62: 0.45862072978657853, 63: 0.4837177760521989, 64: 4.48188597308083, 65: 1.9460160368533468, 66: 3.447837936218805, 67: 1.440852205746984, 68: 2.4424745367281, 69: 0.4486815529660839, 70: 2.941232051356423, 71: 1.4472132401909774, 72: 0.4863457232142627, 73: 0.9758357851852081, 74: 0.44817553297795976, 75: 2.974569925463364, 76: 1.9710143451105653, 77: 1.4763607898730935, 78: 0.9513575020952378, 79: 1.4677284194692057, 80: 2.9764065995518445, 81: 0.4650413307890322, 82: 1.468032356420883, 83: 0.44848344263318163, 84: 0.9606982761884562, 85: 4.959044368821056, 86: 2.4793619475018547, 87: 0.4686152406135655, 88: 0.45396730211785474, 89: 2.9863648595420433, 90: 1.9659327346509454, 91: 0.9561602893727126, 92: 0.9508388667647485, 93: 0.9634046736649209, 94: 0.46674202709239276, 95: 0.46638938233980776, 96: 2.453294128937425, 97: 1.9452497691241901, 98: 1.4831439554796977, 99: 1.9437838876885927}
2025-01-27 09:27:10 - WARNING  - Sum of s_i: 170.25976733023887
2025-01-27 09:27:31 - WARNING  - Epoch:   223. Accuracy: Top-1: 74.09 | Loss: value: 0.74
2025-01-27 09:27:31 - WARNING  - Epoch 223
2025-01-27 09:27:31 - WARNING  - s_i: {0: 2.454057160058231, 1: 3.9809935864301997, 2: 0.4515236226949124, 3: 0.9643130153226939, 4: 1.9442575585872088, 5: 1.9597229686401294, 6: 1.4564646139744077, 7: 1.9661224385073923, 8: 2.4783281443026284, 9: 1.4660472692731523, 10: 2.4553442039763214, 11: 2.486650137836895, 12: 2.445448208681606, 13: 1.9678695962650563, 14: 3.454845051535626, 15: 2.959012466685029, 16: 0.46270312111615564, 17: 2.9546563190665203, 18: 3.4267617232777945, 19: 0.94665177657267, 20: 0.46124387999786154, 21: 0.9772081469500349, 22: 0.9694903967583166, 23: 0.4604875897379238, 24: 4.453453078060623, 25: 0.9762283780231922, 26: 1.9577737721955317, 27: 0.9812013832268357, 28: 2.9299367836833428, 29: 3.455309839103948, 30: 0.48781355043536045, 31: 0.9822302878777734, 32: 1.4550545788255063, 33: 4.4386492262173585, 34: 1.4950876629778216, 35: 1.4569124231318846, 36: 3.4622293999791878, 37: 1.4559515632807298, 38: 0.9579264653917303, 39: 1.4874506282106852, 40: 4.94610650487548, 41: 1.4683067121898876, 42: 1.4557144657436893, 43: 0.4415883845973676, 44: 0.48752060971897304, 45: 0.968426829081506, 46: 6.968763342089643, 47: 0.4657160584372271, 48: 0.4657965768987449, 49: 0.48077739923782126, 50: 0.9466959018232896, 51: 0.47011361187206235, 52: 1.9690008851106717, 53: 1.965923137386362, 54: 2.4628390095584143, 55: 0.975178722276438, 56: 0.9749223230733963, 57: 0.962514691383789, 58: 0.45430878723779156, 59: 0.47843731939314305, 60: 0.45648177907547227, 61: 0.4603467606429925, 62: 0.45862072978657853, 63: 0.4837177760521989, 64: 4.48188597308083, 65: 1.9460160368533468, 66: 3.447837936218805, 67: 1.440852205746984, 68: 0.9383655750658262, 69: 0.4486815529660839, 70: 2.941232051356423, 71: 1.4472132401909774, 72: 0.4863457232142627, 73: 0.9758357851852081, 74: 0.44817553297795976, 75: 2.974569925463364, 76: 1.9710143451105653, 77: 1.4763607898730935, 78: 0.9513575020952378, 79: 1.4677284194692057, 80: 2.9764065995518445, 81: 0.4650413307890322, 82: 1.468032356420883, 83: 0.44848344263318163, 84: 0.9606982761884562, 85: 4.959044368821056, 86: 2.4793619475018547, 87: 0.4686152406135655, 88: 0.45396730211785474, 89: 2.9863648595420433, 90: 1.9659327346509454, 91: 0.9561602893727126, 92: 0.9508388667647485, 93: 0.9634046736649209, 94: 0.46674202709239276, 95: 0.46638938233980776, 96: 2.453294128937425, 97: 1.9452497691241901, 98: 1.4831439554796977, 99: 1.9437838876885927}
2025-01-27 09:27:31 - WARNING  - Sum of s_i: 168.7556583685766
2025-01-27 09:27:54 - WARNING  - Epoch:   224. Accuracy: Top-1: 74.09 | Loss: value: 0.75
2025-01-27 09:27:54 - WARNING  - Epoch 224
2025-01-27 09:27:54 - WARNING  - s_i: {0: 2.454057160058231, 1: 3.9809935864301997, 2: 0.4515236226949124, 3: 0.9643130153226939, 4: 1.9442575585872088, 5: 1.9597229686401294, 6: 1.4564646139744077, 7: 1.9661224385073923, 8: 2.4783281443026284, 9: 1.4660472692731523, 10: 2.4553442039763214, 11: 2.486650137836895, 12: 2.445448208681606, 13: 1.9678695962650563, 14: 3.454845051535626, 15: 2.959012466685029, 16: 0.46270312111615564, 17: 2.9546563190665203, 18: 3.4267617232777945, 19: 0.94665177657267, 20: 0.46124387999786154, 21: 0.9772081469500349, 22: 0.9694903967583166, 23: 0.4604875897379238, 24: 4.453453078060623, 25: 0.9762283780231922, 26: 1.9577737721955317, 27: 0.9812013832268357, 28: 2.9299367836833428, 29: 3.455309839103948, 30: 0.48781355043536045, 31: 0.9822302878777734, 32: 1.4550545788255063, 33: 4.4386492262173585, 34: 1.4950876629778216, 35: 1.4569124231318846, 36: 3.4622293999791878, 37: 1.4559515632807298, 38: 0.9579264653917303, 39: 1.4874506282106852, 40: 1.941207096227795, 41: 1.4683067121898876, 42: 1.4557144657436893, 43: 0.4415883845973676, 44: 0.48752060971897304, 45: 0.968426829081506, 46: 6.968763342089643, 47: 0.4657160584372271, 48: 0.4657965768987449, 49: 0.48077739923782126, 50: 0.9466959018232896, 51: 0.47011361187206235, 52: 1.9690008851106717, 53: 1.965923137386362, 54: 2.4628390095584143, 55: 0.975178722276438, 56: 0.9749223230733963, 57: 0.962514691383789, 58: 0.45430878723779156, 59: 0.47843731939314305, 60: 0.45648177907547227, 61: 0.4603467606429925, 62: 0.45862072978657853, 63: 0.4837177760521989, 64: 4.48188597308083, 65: 1.9460160368533468, 66: 3.447837936218805, 67: 1.440852205746984, 68: 0.9383655750658262, 69: 0.4486815529660839, 70: 2.941232051356423, 71: 1.4472132401909774, 72: 0.4863457232142627, 73: 0.9758357851852081, 74: 0.44817553297795976, 75: 2.974569925463364, 76: 1.9710143451105653, 77: 1.4763607898730935, 78: 0.9513575020952378, 79: 1.4677284194692057, 80: 2.9764065995518445, 81: 0.4650413307890322, 82: 1.468032356420883, 83: 0.44848344263318163, 84: 0.9606982761884562, 85: 4.959044368821056, 86: 2.4793619475018547, 87: 0.4686152406135655, 88: 0.45396730211785474, 89: 2.9863648595420433, 90: 1.9659327346509454, 91: 0.9561602893727126, 92: 0.9508388667647485, 93: 0.9634046736649209, 94: 0.46674202709239276, 95: 0.46638938233980776, 96: 2.453294128937425, 97: 1.9452497691241901, 98: 1.4831439554796977, 99: 1.9437838876885927}
2025-01-27 09:27:54 - WARNING  - Sum of s_i: 165.7507589599289
2025-01-27 09:28:14 - WARNING  - Epoch:   225. Accuracy: Top-1: 74.06 | Loss: value: 0.74
2025-01-27 09:28:14 - WARNING  - Epoch 225
2025-01-27 09:28:14 - WARNING  - s_i: {0: 2.454057160058231, 1: 3.9809935864301997, 2: 0.4515236226949124, 3: 0.9643130153226939, 4: 1.9442575585872088, 5: 1.9597229686401294, 6: 1.4564646139744077, 7: 1.9661224385073923, 8: 2.4783281443026284, 9: 1.4660472692731523, 10: 2.4553442039763214, 11: 2.486650137836895, 12: 2.445448208681606, 13: 1.9678695962650563, 14: 1.4507400562206856, 15: 2.959012466685029, 16: 0.46270312111615564, 17: 2.9546563190665203, 18: 3.4267617232777945, 19: 0.94665177657267, 20: 0.46124387999786154, 21: 0.9772081469500349, 22: 0.9694903967583166, 23: 0.4604875897379238, 24: 4.453453078060623, 25: 0.9762283780231922, 26: 1.9577737721955317, 27: 0.9812013832268357, 28: 2.9299367836833428, 29: 3.455309839103948, 30: 0.48781355043536045, 31: 0.9822302878777734, 32: 1.4550545788255063, 33: 4.4386492262173585, 34: 1.4950876629778216, 35: 1.4569124231318846, 36: 3.4622293999791878, 37: 1.4559515632807298, 38: 0.9579264653917303, 39: 1.4874506282106852, 40: 5.936307687580116, 41: 1.4683067121898876, 42: 1.4557144657436893, 43: 0.4415883845973676, 44: 0.48752060971897304, 45: 0.968426829081506, 46: 6.968763342089643, 47: 0.4657160584372271, 48: 0.4657965768987449, 49: 1.4759717490472788, 50: 0.9466959018232896, 51: 0.47011361187206235, 52: 1.9690008851106717, 53: 1.965923137386362, 54: 2.4628390095584143, 55: 0.975178722276438, 56: 0.9749223230733963, 57: 0.962514691383789, 58: 0.45430878723779156, 59: 0.47843731939314305, 60: 0.45648177907547227, 61: 0.4603467606429925, 62: 0.45862072978657853, 63: 0.4837177760521989, 64: 4.48188597308083, 65: 1.9460160368533468, 66: 3.447837936218805, 67: 1.440852205746984, 68: 0.9383655750658262, 69: 0.4486815529660839, 70: 2.941232051356423, 71: 1.4472132401909774, 72: 0.4863457232142627, 73: 0.9758357851852081, 74: 0.44817553297795976, 75: 2.974569925463364, 76: 1.9710143451105653, 77: 1.4763607898730935, 78: 0.9513575020952378, 79: 1.4677284194692057, 80: 2.9764065995518445, 81: 0.4650413307890322, 82: 1.468032356420883, 83: 0.44848344263318163, 84: 0.9606982761884562, 85: 4.959044368821056, 86: 2.4793619475018547, 87: 0.4686152406135655, 88: 0.45396730211785474, 89: 2.9863648595420433, 90: 1.9659327346509454, 91: 0.9561602893727126, 92: 0.9508388667647485, 93: 0.9634046736649209, 94: 0.46674202709239276, 95: 0.46638938233980776, 96: 2.453294128937425, 97: 1.9452497691241901, 98: 1.4831439554796977, 99: 1.9437838876885927}
2025-01-27 09:28:14 - WARNING  - Sum of s_i: 168.73694890577576
2025-01-27 09:28:36 - WARNING  - Epoch:   226. Accuracy: Top-1: 73.69 | Loss: value: 0.75
2025-01-27 09:28:36 - WARNING  - Epoch 226
2025-01-27 09:28:36 - WARNING  - s_i: {0: 2.454057160058231, 1: 3.9809935864301997, 2: 0.4515236226949124, 3: 0.9643130153226939, 4: 1.9442575585872088, 5: 1.9597229686401294, 6: 1.4564646139744077, 7: 1.9661224385073923, 8: 2.4783281443026284, 9: 1.4660472692731523, 10: 2.4553442039763214, 11: 2.486650137836895, 12: 2.445448208681606, 13: 1.9678695962650563, 14: 1.4507400562206856, 15: 2.959012466685029, 16: 0.46270312111615564, 17: 2.9546563190665203, 18: 3.4267617232777945, 19: 0.94665177657267, 20: 0.46124387999786154, 21: 0.9772081469500349, 22: 0.9694903967583166, 23: 0.4604875897379238, 24: 4.453453078060623, 25: 0.9762283780231922, 26: 1.9577737721955317, 27: 0.9812013832268357, 28: 2.9299367836833428, 29: 3.455309839103948, 30: 0.48781355043536045, 31: 0.9822302878777734, 32: 1.4550545788255063, 33: 4.4386492262173585, 34: 1.4950876629778216, 35: 1.4569124231318846, 36: 3.4622293999791878, 37: 1.4559515632807298, 38: 0.9579264653917303, 39: 1.4874506282106852, 40: 1.4314082789324347, 41: 1.4683067121898876, 42: 1.4557144657436893, 43: 0.4415883845973676, 44: 0.48752060971897304, 45: 0.968426829081506, 46: 6.968763342089643, 47: 0.4657160584372271, 48: 0.4657965768987449, 49: 1.4759717490472788, 50: 0.9466959018232896, 51: 0.47011361187206235, 52: 1.9690008851106717, 53: 1.965923137386362, 54: 2.4628390095584143, 55: 0.975178722276438, 56: 0.9749223230733963, 57: 0.962514691383789, 58: 0.45430878723779156, 59: 0.47843731939314305, 60: 0.45648177907547227, 61: 0.4603467606429925, 62: 0.45862072978657853, 63: 0.4837177760521989, 64: 4.48188597308083, 65: 1.9460160368533468, 66: 3.447837936218805, 67: 1.440852205746984, 68: 0.9383655750658262, 69: 0.4486815529660839, 70: 2.941232051356423, 71: 1.4472132401909774, 72: 0.4863457232142627, 73: 0.9758357851852081, 74: 0.44817553297795976, 75: 2.974569925463364, 76: 1.9710143451105653, 77: 1.4763607898730935, 78: 0.9513575020952378, 79: 1.4677284194692057, 80: 2.9764065995518445, 81: 0.4650413307890322, 82: 1.468032356420883, 83: 0.44848344263318163, 84: 0.9606982761884562, 85: 4.959044368821056, 86: 2.4793619475018547, 87: 0.4686152406135655, 88: 0.45396730211785474, 89: 2.9863648595420433, 90: 1.9659327346509454, 91: 0.9561602893727126, 92: 0.9508388667647485, 93: 0.9634046736649209, 94: 0.46674202709239276, 95: 0.46638938233980776, 96: 2.453294128937425, 97: 1.9452497691241901, 98: 1.4831439554796977, 99: 1.9437838876885927}
2025-01-27 09:28:36 - WARNING  - Sum of s_i: 164.23204949712806
2025-01-27 09:28:58 - WARNING  - Epoch:   227. Accuracy: Top-1: 74.24 | Loss: value: 0.74
2025-01-27 09:28:58 - WARNING  - Epoch 227
2025-01-27 09:28:58 - WARNING  - s_i: {0: 2.454057160058231, 1: 3.9809935864301997, 2: 0.4515236226949124, 3: 0.9643130153226939, 4: 1.9442575585872088, 5: 1.9597229686401294, 6: 1.4564646139744077, 7: 1.9661224385073923, 8: 2.4783281443026284, 9: 1.4660472692731523, 10: 2.4553442039763214, 11: 2.486650137836895, 12: 2.445448208681606, 13: 1.9678695962650563, 14: 1.4507400562206856, 15: 2.959012466685029, 16: 0.46270312111615564, 17: 1.4505341662543896, 18: 3.4267617232777945, 19: 0.94665177657267, 20: 0.46124387999786154, 21: 0.9772081469500349, 22: 0.9694903967583166, 23: 0.4604875897379238, 24: 4.453453078060623, 25: 0.9762283780231922, 26: 1.9577737721955317, 27: 0.9812013832268357, 28: 2.9299367836833428, 29: 3.455309839103948, 30: 0.48781355043536045, 31: 0.9822302878777734, 32: 1.4550545788255063, 33: 4.4386492262173585, 34: 1.4950876629778216, 35: 1.4569124231318846, 36: 3.4622293999791878, 37: 1.4559515632807298, 38: 0.9579264653917303, 39: 1.4874506282106852, 40: 1.4314082789324347, 41: 1.4683067121898876, 42: 1.4557144657436893, 43: 0.4415883845973676, 44: 0.4833608129586327, 45: 0.968426829081506, 46: 6.968763342089643, 47: 0.4657160584372271, 48: 0.4657965768987449, 49: 1.4759717490472788, 50: 0.9466959018232896, 51: 0.47011361187206235, 52: 1.9690008851106717, 53: 1.965923137386362, 54: 2.4628390095584143, 55: 0.975178722276438, 56: 0.9749223230733963, 57: 0.962514691383789, 58: 0.45430878723779156, 59: 0.47843731939314305, 60: 0.45648177907547227, 61: 0.4603467606429925, 62: 0.45862072978657853, 63: 0.4837177760521989, 64: 4.48188597308083, 65: 1.9460160368533468, 66: 3.447837936218805, 67: 1.440852205746984, 68: 0.9383655750658262, 69: 0.4486815529660839, 70: 2.941232051356423, 71: 1.4472132401909774, 72: 0.4863457232142627, 73: 0.9758357851852081, 74: 0.44817553297795976, 75: 2.974569925463364, 76: 1.9710143451105653, 77: 1.4763607898730935, 78: 0.9513575020952378, 79: 1.4677284194692057, 80: 2.9764065995518445, 81: 0.4650413307890322, 82: 1.468032356420883, 83: 0.44848344263318163, 84: 0.9606982761884562, 85: 4.959044368821056, 86: 2.4793619475018547, 87: 0.4686152406135655, 88: 0.45396730211785474, 89: 2.9863648595420433, 90: 1.9659327346509454, 91: 0.9561602893727126, 92: 0.9508388667647485, 93: 0.9634046736649209, 94: 0.46674202709239276, 95: 0.46638938233980776, 96: 2.453294128937425, 97: 1.9452497691241901, 98: 1.4831439554796977, 99: 1.9437838876885927}
2025-01-27 09:28:58 - WARNING  - Sum of s_i: 162.7237675475556
2025-01-27 09:29:20 - WARNING  - Epoch:   228. Accuracy: Top-1: 73.24 | Loss: value: 0.76
2025-01-27 09:29:20 - WARNING  - Epoch 228
2025-01-27 09:29:20 - WARNING  - s_i: {0: 2.454057160058231, 1: 3.9809935864301997, 2: 0.4515236226949124, 3: 0.9643130153226939, 4: 1.9442575585872088, 5: 1.9597229686401294, 6: 1.4564646139744077, 7: 1.9661224385073923, 8: 2.4783281443026284, 9: 1.4660472692731523, 10: 2.4553442039763214, 11: 2.486650137836895, 12: 2.445448208681606, 13: 1.9678695962650563, 14: 1.4507400562206856, 15: 2.959012466685029, 16: 0.46270312111615564, 17: 1.4505341662543896, 18: 3.4267617232777945, 19: 0.94665177657267, 20: 0.46124387999786154, 21: 0.9772081469500349, 22: 0.9694903967583166, 23: 0.4604875897379238, 24: 4.453453078060623, 25: 0.9762283780231922, 26: 1.9577737721955317, 27: 0.9812013832268357, 28: 2.9299367836833428, 29: 3.455309839103948, 30: 0.48781355043536045, 31: 0.9822302878777734, 32: 1.4550545788255063, 33: 4.4386492262173585, 34: 1.4950876629778216, 35: 1.4569124231318846, 36: 1.9575080749765854, 37: 1.4559515632807298, 38: 0.9579264653917303, 39: 1.4874506282106852, 40: 1.4314082789324347, 41: 1.4683067121898876, 42: 1.4557144657436893, 43: 0.4415883845973676, 44: 0.4833608129586327, 45: 0.968426829081506, 46: 0.964300962388168, 47: 0.4657160584372271, 48: 0.4657965768987449, 49: 1.4759717490472788, 50: 0.9466959018232896, 51: 0.47011361187206235, 52: 1.9690008851106717, 53: 1.965923137386362, 54: 2.4628390095584143, 55: 0.975178722276438, 56: 0.9749223230733963, 57: 0.962514691383789, 58: 0.45430878723779156, 59: 0.47843731939314305, 60: 0.45648177907547227, 61: 0.4603467606429925, 62: 0.45862072978657853, 63: 0.4837177760521989, 64: 4.48188597308083, 65: 1.9460160368533468, 66: 3.447837936218805, 67: 1.440852205746984, 68: 0.9383655750658262, 69: 0.4486815529660839, 70: 2.941232051356423, 71: 1.4472132401909774, 72: 0.4863457232142627, 73: 0.9758357851852081, 74: 0.44817553297795976, 75: 2.974569925463364, 76: 1.9710143451105653, 77: 1.4763607898730935, 78: 0.9513575020952378, 79: 1.4677284194692057, 80: 2.9764065995518445, 81: 0.4650413307890322, 82: 1.468032356420883, 83: 0.44848344263318163, 84: 0.9606982761884562, 85: 4.959044368821056, 86: 2.4793619475018547, 87: 1.4641317035583614, 88: 0.45396730211785474, 89: 2.9863648595420433, 90: 1.9659327346509454, 91: 0.9561602893727126, 92: 0.9508388667647485, 93: 0.9634046736649209, 94: 0.46674202709239276, 95: 0.46638938233980776, 96: 2.453294128937425, 97: 1.9452497691241901, 98: 1.4831439554796977, 99: 1.9437838876885927}
2025-01-27 09:29:20 - WARNING  - Sum of s_i: 156.21010030579632
2025-01-27 09:29:41 - WARNING  - Epoch:   229. Accuracy: Top-1: 73.12 | Loss: value: 0.76
2025-01-27 09:29:41 - WARNING  - Epoch 229
2025-01-27 09:29:41 - WARNING  - s_i: {0: 2.454057160058231, 1: 3.9809935864301997, 2: 0.4515236226949124, 3: 0.9643130153226939, 4: 1.9442575585872088, 5: 1.9597229686401294, 6: 1.4564646139744077, 7: 1.9661224385073923, 8: 2.4783281443026284, 9: 1.4660472692731523, 10: 2.4553442039763214, 11: 2.486650137836895, 12: 2.445448208681606, 13: 1.9678695962650563, 14: 1.4507400562206856, 15: 2.959012466685029, 16: 0.46270312111615564, 17: 1.4505341662543896, 18: 3.4267617232777945, 19: 0.94665177657267, 20: 0.46124387999786154, 21: 0.9772081469500349, 22: 0.9694903967583166, 23: 0.4604875897379238, 24: 4.453453078060623, 25: 0.9762283780231922, 26: 1.9577737721955317, 27: 0.47650172903354093, 28: 2.9299367836833428, 29: 3.455309839103948, 30: 0.48781355043536045, 31: 0.9822302878777734, 32: 1.4550545788255063, 33: 4.4386492262173585, 34: 1.4950876629778216, 35: 1.4569124231318846, 36: 1.9575080749765854, 37: 1.4559515632807298, 38: 0.9579264653917303, 39: 1.4874506282106852, 40: 1.4314082789324347, 41: 1.4683067121898876, 42: 1.4557144657436893, 43: 0.4415883845973676, 44: 0.4833608129586327, 45: 0.968426829081506, 46: 0.964300962388168, 47: 0.4608183524996876, 48: 0.4657965768987449, 49: 1.4759717490472788, 50: 0.9466959018232896, 51: 0.47011361187206235, 52: 1.9690008851106717, 53: 1.965923137386362, 54: 2.4628390095584143, 55: 0.975178722276438, 56: 0.9749223230733963, 57: 0.962514691383789, 58: 0.45430878723779156, 59: 0.47843731939314305, 60: 0.45648177907547227, 61: 0.4603467606429925, 62: 0.45862072978657853, 63: 0.4837177760521989, 64: 4.477357466351037, 65: 1.9460160368533468, 66: 3.447837936218805, 67: 1.440852205746984, 68: 0.9383655750658262, 69: 0.4486815529660839, 70: 2.941232051356423, 71: 1.4472132401909774, 72: 0.4863457232142627, 73: 0.9758357851852081, 74: 0.44817553297795976, 75: 2.974569925463364, 76: 1.9710143451105653, 77: 1.4763607898730935, 78: 0.9513575020952378, 79: 1.4677284194692057, 80: 0.9716879194622132, 81: 0.4650413307890322, 82: 1.468032356420883, 83: 0.44848344263318163, 84: 0.9606982761884562, 85: 4.959044368821056, 86: 2.4793619475018547, 87: 3.959648166503153, 88: 0.45396730211785474, 89: 2.9863648595420433, 90: 1.9659327346509454, 91: 0.9561602893727126, 92: 0.9508388667647485, 93: 0.9634046736649209, 94: 0.46674202709239276, 95: 0.46638938233980776, 96: 2.453294128937425, 97: 1.9452497691241901, 98: 1.4831439554796977, 99: 1.9437838876885927}
2025-01-27 09:29:41 - WARNING  - Sum of s_i: 156.18677222179085
2025-01-27 09:30:02 - WARNING  - Epoch:   230. Accuracy: Top-1: 74.40 | Loss: value: 0.72
2025-01-27 09:30:02 - WARNING  - Epoch 230
2025-01-27 09:30:02 - WARNING  - s_i: {0: 2.454057160058231, 1: 3.9809935864301997, 2: 0.4515236226949124, 3: 0.9643130153226939, 4: 1.9442575585872088, 5: 1.9597229686401294, 6: 1.4564646139744077, 7: 1.9661224385073923, 8: 2.4783281443026284, 9: 1.4660472692731523, 10: 2.4553442039763214, 11: 2.486650137836895, 12: 2.445448208681606, 13: 1.9678695962650563, 14: 1.4507400562206856, 15: 2.959012466685029, 16: 0.46270312111615564, 17: 1.4505341662543896, 18: 3.4267617232777945, 19: 0.94665177657267, 20: 0.46124387999786154, 21: 0.9772081469500349, 22: 0.9694903967583166, 23: 0.4604875897379238, 24: 4.453453078060623, 25: 0.9762283780231922, 26: 1.9577737721955317, 27: 0.47650172903354093, 28: 2.9299367836833428, 29: 3.455309839103948, 30: 0.48781355043536045, 31: 0.9822302878777734, 32: 1.4550545788255063, 33: 4.4386492262173585, 34: 1.4950876629778216, 35: 1.4569124231318846, 36: 1.9575080749765854, 37: 1.4559515632807298, 38: 0.9579264653917303, 39: 1.4874506282106852, 40: 1.4314082789324347, 41: 1.4683067121898876, 42: 1.4557144657436893, 43: 0.4415883845973676, 44: 0.4833608129586327, 45: 0.968426829081506, 46: 0.964300962388168, 47: 0.4608183524996876, 48: 0.4657965768987449, 49: 1.4759717490472788, 50: 0.9466959018232896, 51: 0.47011361187206235, 52: 1.9690008851106717, 53: 1.965923137386362, 54: 2.4628390095584143, 55: 0.975178722276438, 56: 0.9749223230733963, 57: 0.962514691383789, 58: 0.45430878723779156, 59: 0.47843731939314305, 60: 0.45648177907547227, 61: 0.4603467606429925, 62: 0.45862072978657853, 63: 0.4837177760521989, 64: 4.477357466351037, 65: 1.9460160368533468, 66: 3.447837936218805, 67: 1.440852205746984, 68: 0.9383655750658262, 69: 0.4486815529660839, 70: 2.941232051356423, 71: 1.4472132401909774, 72: 0.4863457232142627, 73: 0.9758357851852081, 74: 0.44817553297795976, 75: 2.974569925463364, 76: 1.9710143451105653, 77: 1.4763607898730935, 78: 0.9513575020952378, 79: 1.4677284194692057, 80: 0.9716879194622132, 81: 0.4650413307890322, 82: 1.468032356420883, 83: 0.44848344263318163, 84: 0.9606982761884562, 85: 4.959044368821056, 86: 2.4793619475018547, 87: 3.959648166503153, 88: 0.45396730211785474, 89: 2.9863648595420433, 90: 1.9659327346509454, 91: 0.9561602893727126, 92: 0.9508388667647485, 93: 0.9634046736649209, 94: 0.46674202709239276, 95: 0.46638938233980776, 96: 2.453294128937425, 97: 1.9452497691241901, 98: 1.4831439554796977, 99: 1.9437838876885927}
2025-01-27 09:30:02 - WARNING  - Sum of s_i: 156.18677222179085
2025-01-27 09:30:07 - WARNING  - The sum of accs: 72.0
2025-01-27 09:30:07 - WARNING  - The welfare is 71.92985753235807
2025-01-27 09:30:29 - WARNING  - Epoch:   231. Accuracy: Top-1: 74.56 | Loss: value: 0.73
2025-01-27 09:30:29 - WARNING  - Epoch 231
2025-01-27 09:30:29 - WARNING  - s_i: {0: 2.454057160058231, 1: 3.9809935864301997, 2: 0.4515236226949124, 3: 0.9643130153226939, 4: 1.9442575585872088, 5: 1.9597229686401294, 6: 1.4564646139744077, 7: 1.9661224385073923, 8: 2.4783281443026284, 9: 1.4660472692731523, 10: 2.4553442039763214, 11: 2.486650137836895, 12: 2.445448208681606, 13: 1.9678695962650563, 14: 1.4507400562206856, 15: 2.959012466685029, 16: 0.46270312111615564, 17: 1.4505341662543896, 18: 3.4267617232777945, 19: 0.94665177657267, 20: 0.46124387999786154, 21: 0.9772081469500349, 22: 0.9694903967583166, 23: 0.4604875897379238, 24: 4.453453078060623, 25: 0.9762283780231922, 26: 1.9577737721955317, 27: 0.47650172903354093, 28: 2.9299367836833428, 29: 3.455309839103948, 30: 0.48781355043536045, 31: 0.9822302878777734, 32: 1.4550545788255063, 33: 4.4386492262173585, 34: 1.4950876629778216, 35: 1.4569124231318846, 36: 1.9575080749765854, 37: 1.4559515632807298, 38: 0.9579264653917303, 39: 1.4874506282106852, 40: 1.4314082789324347, 41: 1.4683067121898876, 42: 1.4557144657436893, 43: 0.4415883845973676, 44: 0.4833608129586327, 45: 0.968426829081506, 46: 0.964300962388168, 47: 0.4608183524996876, 48: 0.4657965768987449, 49: 1.4759717490472788, 50: 0.9466959018232896, 51: 0.47011361187206235, 52: 1.9690008851106717, 53: 1.965923137386362, 54: 2.4628390095584143, 55: 0.975178722276438, 56: 0.9749223230733963, 57: 0.962514691383789, 58: 0.45430878723779156, 59: 0.47843731939314305, 60: 0.45648177907547227, 61: 0.4603467606429925, 62: 0.45862072978657853, 63: 0.4837177760521989, 64: 1.4728289596212423, 65: 1.9460160368533468, 66: 3.447837936218805, 67: 1.440852205746984, 68: 0.9383655750658262, 69: 0.4486815529660839, 70: 2.941232051356423, 71: 1.4472132401909774, 72: 0.4863457232142627, 73: 0.9758357851852081, 74: 0.44817553297795976, 75: 2.974569925463364, 76: 1.9710143451105653, 77: 1.4763607898730935, 78: 0.9513575020952378, 79: 1.4677284194692057, 80: 0.9716879194622132, 81: 0.4650413307890322, 82: 1.468032356420883, 83: 0.44848344263318163, 84: 0.9606982761884562, 85: 1.9544937431345089, 86: 2.4793619475018547, 87: 3.959648166503153, 88: 0.45396730211785474, 89: 2.9863648595420433, 90: 1.9659327346509454, 91: 0.9561602893727126, 92: 0.9508388667647485, 93: 0.9634046736649209, 94: 0.46674202709239276, 95: 0.46638938233980776, 96: 2.453294128937425, 97: 1.9452497691241901, 98: 1.4831439554796977, 99: 1.9437838876885927}
2025-01-27 09:30:29 - WARNING  - Sum of s_i: 150.17769308937451
2025-01-27 09:30:51 - WARNING  - Epoch:   232. Accuracy: Top-1: 74.80 | Loss: value: 0.73
2025-01-27 09:30:51 - WARNING  - Epoch 232
2025-01-27 09:30:51 - WARNING  - s_i: {0: 2.454057160058231, 1: 3.9809935864301997, 2: 0.4515236226949124, 3: 0.9643130153226939, 4: 1.9442575585872088, 5: 1.9597229686401294, 6: 1.4564646139744077, 7: 1.9661224385073923, 8: 2.4783281443026284, 9: 1.4660472692731523, 10: 2.4553442039763214, 11: 2.486650137836895, 12: 2.445448208681606, 13: 1.9678695962650563, 14: 1.4507400562206856, 15: 2.959012466685029, 16: 0.46270312111615564, 17: 1.4505341662543896, 18: 3.4267617232777945, 19: 0.94665177657267, 20: 0.46124387999786154, 21: 0.9772081469500349, 22: 0.9694903967583166, 23: 0.4604875897379238, 24: 0.9492215397024992, 25: 0.9762283780231922, 26: 1.9577737721955317, 27: 0.47650172903354093, 28: 2.9299367836833428, 29: 3.455309839103948, 30: 0.48781355043536045, 31: 0.9822302878777734, 32: 1.4550545788255063, 33: 4.4386492262173585, 34: 1.4950876629778216, 35: 1.4569124231318846, 36: 1.9575080749765854, 37: 1.4559515632807298, 38: 0.9579264653917303, 39: 1.4874506282106852, 40: 1.4314082789324347, 41: 1.4683067121898876, 42: 1.4557144657436893, 43: 0.4415883845973676, 44: 0.4833608129586327, 45: 0.968426829081506, 46: 0.964300962388168, 47: 0.4608183524996876, 48: 0.4657965768987449, 49: 1.4759717490472788, 50: 0.9466959018232896, 51: 0.47011361187206235, 52: 1.9690008851106717, 53: 1.965923137386362, 54: 2.4628390095584143, 55: 0.975178722276438, 56: 0.9749223230733963, 57: 0.962514691383789, 58: 0.45430878723779156, 59: 0.47843731939314305, 60: 0.45648177907547227, 61: 0.4603467606429925, 62: 0.45862072978657853, 63: 0.4837177760521989, 64: 1.4728289596212423, 65: 1.9460160368533468, 66: 3.447837936218805, 67: 1.440852205746984, 68: 0.9383655750658262, 69: 0.4486815529660839, 70: 2.941232051356423, 71: 1.4472132401909774, 72: 0.4863457232142627, 73: 0.9758357851852081, 74: 0.44817553297795976, 75: 2.974569925463364, 76: 1.9710143451105653, 77: 1.4763607898730935, 78: 0.9513575020952378, 79: 1.4677284194692057, 80: 0.9716879194622132, 81: 0.4650413307890322, 82: 1.468032356420883, 83: 0.44848344263318163, 84: 0.9606982761884562, 85: 1.9544937431345089, 86: 2.4793619475018547, 87: 3.959648166503153, 88: 0.45396730211785474, 89: 2.9863648595420433, 90: 1.9659327346509454, 91: 0.9561602893727126, 92: 0.9508388667647485, 93: 0.9634046736649209, 94: 0.46674202709239276, 95: 0.46638938233980776, 96: 2.453294128937425, 97: 1.9452497691241901, 98: 1.4831439554796977, 99: 1.9437838876885927}
2025-01-27 09:30:51 - WARNING  - Sum of s_i: 146.67346155101637
2025-01-27 09:31:13 - WARNING  - Epoch:   233. Accuracy: Top-1: 74.65 | Loss: value: 0.73
2025-01-27 09:31:13 - WARNING  - Epoch 233
2025-01-27 09:31:13 - WARNING  - s_i: {0: 2.454057160058231, 1: 3.9809935864301997, 2: 0.4515236226949124, 3: 0.9643130153226939, 4: 1.9442575585872088, 5: 1.9597229686401294, 6: 1.4564646139744077, 7: 1.9661224385073923, 8: 2.4783281443026284, 9: 1.4660472692731523, 10: 2.4553442039763214, 11: 2.486650137836895, 12: 2.445448208681606, 13: 1.9678695962650563, 14: 1.4507400562206856, 15: 2.959012466685029, 16: 0.46270312111615564, 17: 1.4505341662543896, 18: 3.4267617232777945, 19: 0.94665177657267, 20: 0.46124387999786154, 21: 0.9772081469500349, 22: 0.9694903967583166, 23: 0.4604875897379238, 24: 0.9492215397024992, 25: 0.9762283780231922, 26: 1.9577737721955317, 27: 0.47650172903354093, 28: 2.9299367836833428, 29: 3.455309839103948, 30: 0.48781355043536045, 31: 0.9822302878777734, 32: 1.4550545788255063, 33: 4.4386492262173585, 34: 1.4950876629778216, 35: 1.4569124231318846, 36: 1.9575080749765854, 37: 1.4559515632807298, 38: 0.9579264653917303, 39: 1.4874506282106852, 40: 1.4314082789324347, 41: 1.4683067121898876, 42: 1.4557144657436893, 43: 0.4415883845973676, 44: 0.4833608129586327, 45: 0.968426829081506, 46: 0.964300962388168, 47: 0.4608183524996876, 48: 0.4657965768987449, 49: 1.4759717490472788, 50: 0.9466959018232896, 51: 0.47011361187206235, 52: 1.9690008851106717, 53: 1.965923137386362, 54: 2.4628390095584143, 55: 0.975178722276438, 56: 0.9749223230733963, 57: 0.962514691383789, 58: 0.45430878723779156, 59: 0.47843731939314305, 60: 0.45648177907547227, 61: 0.4603467606429925, 62: 0.45862072978657853, 63: 0.4837177760521989, 64: 1.4728289596212423, 65: 1.9460160368533468, 66: 3.447837936218805, 67: 1.440852205746984, 68: 0.9383655750658262, 69: 0.4486815529660839, 70: 2.941232051356423, 71: 1.4472132401909774, 72: 0.4863457232142627, 73: 0.9758357851852081, 74: 0.44817553297795976, 75: 2.974569925463364, 76: 1.9710143451105653, 77: 1.4763607898730935, 78: 0.9513575020952378, 79: 1.4677284194692057, 80: 0.9716879194622132, 81: 0.4650413307890322, 82: 1.468032356420883, 83: 0.44848344263318163, 84: 0.9606982761884562, 85: 1.9544937431345089, 86: 2.4793619475018547, 87: 3.959648166503153, 88: 0.45396730211785474, 89: 2.9863648595420433, 90: 1.9659327346509454, 91: 0.9561602893727126, 92: 0.9508388667647485, 93: 0.9634046736649209, 94: 0.46674202709239276, 95: 0.46638938233980776, 96: 2.453294128937425, 97: 1.9452497691241901, 98: 1.4831439554796977, 99: 1.9437838876885927}
2025-01-27 09:31:13 - WARNING  - Sum of s_i: 146.67346155101637
2025-01-27 09:31:34 - WARNING  - Epoch:   234. Accuracy: Top-1: 75.52 | Loss: value: 0.70
2025-01-27 09:31:34 - WARNING  - Epoch 234
2025-01-27 09:31:34 - WARNING  - s_i: {0: 2.454057160058231, 1: 3.9809935864301997, 2: 0.4515236226949124, 3: 0.9643130153226939, 4: 1.9442575585872088, 5: 1.9597229686401294, 6: 1.4564646139744077, 7: 1.9661224385073923, 8: 2.4783281443026284, 9: 1.4660472692731523, 10: 2.4553442039763214, 11: 2.486650137836895, 12: 2.445448208681606, 13: 1.9678695962650563, 14: 1.4507400562206856, 15: 2.959012466685029, 16: 0.46270312111615564, 17: 1.4505341662543896, 18: 3.4267617232777945, 19: 0.94665177657267, 20: 0.46124387999786154, 21: 0.9772081469500349, 22: 0.9694903967583166, 23: 0.4604875897379238, 24: 0.9492215397024992, 25: 0.9762283780231922, 26: 1.9577737721955317, 27: 0.47650172903354093, 28: 2.9299367836833428, 29: 3.455309839103948, 30: 0.48781355043536045, 31: 0.9822302878777734, 32: 1.4550545788255063, 33: 4.4386492262173585, 34: 1.4950876629778216, 35: 1.4569124231318846, 36: 1.9575080749765854, 37: 1.4559515632807298, 38: 0.9579264653917303, 39: 1.4874506282106852, 40: 1.4314082789324347, 41: 1.4683067121898876, 42: 1.4557144657436893, 43: 0.4415883845973676, 44: 0.4833608129586327, 45: 0.968426829081506, 46: 0.964300962388168, 47: 0.4608183524996876, 48: 0.4657965768987449, 49: 1.4759717490472788, 50: 0.9466959018232896, 51: 0.47011361187206235, 52: 1.9690008851106717, 53: 1.965923137386362, 54: 2.4628390095584143, 55: 0.975178722276438, 56: 0.9749223230733963, 57: 0.962514691383789, 58: 0.45430878723779156, 59: 0.47843731939314305, 60: 0.45648177907547227, 61: 0.4603467606429925, 62: 0.45862072978657853, 63: 0.4837177760521989, 64: 1.4728289596212423, 65: 1.9460160368533468, 66: 3.447837936218805, 67: 1.440852205746984, 68: 0.9383655750658262, 69: 0.4486815529660839, 70: 0.43633472230278914, 71: 1.4472132401909774, 72: 0.4863457232142627, 73: 0.9758357851852081, 74: 0.44817553297795976, 75: 2.974569925463364, 76: 1.9710143451105653, 77: 1.4763607898730935, 78: 0.9513575020952378, 79: 1.4677284194692057, 80: 0.9716879194622132, 81: 0.4650413307890322, 82: 1.468032356420883, 83: 0.44848344263318163, 84: 0.9606982761884562, 85: 1.9544937431345089, 86: 2.4793619475018547, 87: 3.959648166503153, 88: 0.45396730211785474, 89: 2.9863648595420433, 90: 1.9659327346509454, 91: 0.9561602893727126, 92: 0.9508388667647485, 93: 0.9634046736649209, 94: 0.46674202709239276, 95: 0.46638938233980776, 96: 0.9486235418311668, 97: 1.9452497691241901, 98: 1.4831439554796977, 99: 1.9437838876885927}
2025-01-27 09:31:34 - WARNING  - Sum of s_i: 142.6638936348565
2025-01-27 09:31:55 - WARNING  - Epoch:   235. Accuracy: Top-1: 75.58 | Loss: value: 0.70
2025-01-27 09:31:55 - WARNING  - Epoch 235
2025-01-27 09:31:55 - WARNING  - s_i: {0: 2.454057160058231, 1: 3.9809935864301997, 2: 0.4515236226949124, 3: 0.9643130153226939, 4: 1.9442575585872088, 5: 1.9597229686401294, 6: 1.4564646139744077, 7: 1.9661224385073923, 8: 2.4783281443026284, 9: 1.4660472692731523, 10: 2.4553442039763214, 11: 2.486650137836895, 12: 2.445448208681606, 13: 1.9678695962650563, 14: 1.4507400562206856, 15: 2.959012466685029, 16: 0.46270312111615564, 17: 1.4505341662543896, 18: 3.4267617232777945, 19: 0.94665177657267, 20: 0.46124387999786154, 21: 0.9772081469500349, 22: 0.9694903967583166, 23: 0.4604875897379238, 24: 0.9492215397024992, 25: 0.9762283780231922, 26: 1.9577737721955317, 27: 0.47650172903354093, 28: 2.9299367836833428, 29: 3.455309839103948, 30: 0.48781355043536045, 31: 0.9822302878777734, 32: 1.4550545788255063, 33: 4.4386492262173585, 34: 1.4950876629778216, 35: 1.4569124231318846, 36: 1.9575080749765854, 37: 1.4559515632807298, 38: 0.9579264653917303, 39: 1.4874506282106852, 40: 1.4314082789324347, 41: 1.4683067121898876, 42: 1.4557144657436893, 43: 0.4415883845973676, 44: 0.4833608129586327, 45: 0.968426829081506, 46: 0.964300962388168, 47: 0.4608183524996876, 48: 0.4657965768987449, 49: 1.4759717490472788, 50: 0.9466959018232896, 51: 0.47011361187206235, 52: 1.9690008851106717, 53: 1.965923137386362, 54: 2.4628390095584143, 55: 0.975178722276438, 56: 0.9749223230733963, 57: 0.962514691383789, 58: 0.45430878723779156, 59: 0.47843731939314305, 60: 0.45648177907547227, 61: 0.4603467606429925, 62: 0.45862072978657853, 63: 0.4837177760521989, 64: 1.4728289596212423, 65: 1.9460160368533468, 66: 3.447837936218805, 67: 1.440852205746984, 68: 0.9383655750658262, 69: 0.4486815529660839, 70: 1.4314373932491584, 71: 1.4472132401909774, 72: 0.4863457232142627, 73: 0.9758357851852081, 74: 0.44817553297795976, 75: 2.974569925463364, 76: 1.9710143451105653, 77: 1.4763607898730935, 78: 0.9513575020952378, 79: 1.4677284194692057, 80: 0.9716879194622132, 81: 0.4650413307890322, 82: 1.468032356420883, 83: 0.44848344263318163, 84: 0.9606982761884562, 85: 1.9544937431345089, 86: 2.4793619475018547, 87: 3.959648166503153, 88: 0.45396730211785474, 89: 2.9863648595420433, 90: 1.9659327346509454, 91: 0.9561602893727126, 92: 0.9508388667647485, 93: 0.9634046736649209, 94: 0.46674202709239276, 95: 0.46638938233980776, 96: 0.9486235418311668, 97: 1.9452497691241901, 98: 1.4831439554796977, 99: 1.9437838876885927}
2025-01-27 09:31:55 - WARNING  - Sum of s_i: 143.65899630580287
2025-01-27 09:32:16 - WARNING  - Epoch:   236. Accuracy: Top-1: 76.22 | Loss: value: 0.68
2025-01-27 09:32:16 - WARNING  - Epoch 236
2025-01-27 09:32:16 - WARNING  - s_i: {0: 2.454057160058231, 1: 3.9809935864301997, 2: 0.4515236226949124, 3: 0.9643130153226939, 4: 1.9442575585872088, 5: 1.9597229686401294, 6: 1.4564646139744077, 7: 1.9661224385073923, 8: 2.4783281443026284, 9: 1.4660472692731523, 10: 2.4553442039763214, 11: 2.486650137836895, 12: 2.445448208681606, 13: 1.9678695962650563, 14: 1.4507400562206856, 15: 2.959012466685029, 16: 0.46270312111615564, 17: 1.4505341662543896, 18: 3.4267617232777945, 19: 0.94665177657267, 20: 0.46124387999786154, 21: 0.9772081469500349, 22: 0.9694903967583166, 23: 0.4604875897379238, 24: 0.4449900013443724, 25: 0.9762283780231922, 26: 1.9577737721955317, 27: 0.47650172903354093, 28: 2.9299367836833428, 29: 3.455309839103948, 30: 0.48781355043536045, 31: 0.9822302878777734, 32: 1.4550545788255063, 33: 4.4386492262173585, 34: 1.4950876629778216, 35: 1.4569124231318846, 36: 1.9575080749765854, 37: 1.4559515632807298, 38: 0.9579264653917303, 39: 1.4874506282106852, 40: 1.4314082789324347, 41: 1.4683067121898876, 42: 1.4557144657436893, 43: 0.4415883845973676, 44: 0.4833608129586327, 45: 0.968426829081506, 46: 0.964300962388168, 47: 0.4608183524996876, 48: 0.4657965768987449, 49: 1.4759717490472788, 50: 0.9466959018232896, 51: 0.47011361187206235, 52: 1.9690008851106717, 53: 1.965923137386362, 54: 2.4628390095584143, 55: 0.975178722276438, 56: 0.9749223230733963, 57: 0.962514691383789, 58: 0.45430878723779156, 59: 0.47843731939314305, 60: 0.45648177907547227, 61: 0.4603467606429925, 62: 0.45862072978657853, 63: 0.4837177760521989, 64: 1.4728289596212423, 65: 1.9460160368533468, 66: 3.447837936218805, 67: 1.440852205746984, 68: 0.9383655750658262, 69: 0.4486815529660839, 70: 1.4314373932491584, 71: 1.4472132401909774, 72: 0.4863457232142627, 73: 0.9758357851852081, 74: 0.44817553297795976, 75: 2.974569925463364, 76: 1.9710143451105653, 77: 1.4763607898730935, 78: 0.9513575020952378, 79: 1.4677284194692057, 80: 0.9716879194622132, 81: 0.4650413307890322, 82: 1.468032356420883, 83: 0.44848344263318163, 84: 0.9606982761884562, 85: 1.9544937431345089, 86: 2.4793619475018547, 87: 3.959648166503153, 88: 0.45396730211785474, 89: 2.9863648595420433, 90: 1.9659327346509454, 91: 0.9561602893727126, 92: 0.9508388667647485, 93: 0.9634046736649209, 94: 0.46674202709239276, 95: 0.46638938233980776, 96: 0.9486235418311668, 97: 1.9452497691241901, 98: 1.4831439554796977, 99: 1.9437838876885927}
2025-01-27 09:32:16 - WARNING  - Sum of s_i: 143.15476476744473
2025-01-27 09:32:36 - WARNING  - Epoch:   237. Accuracy: Top-1: 75.90 | Loss: value: 0.69
2025-01-27 09:32:36 - WARNING  - Epoch 237
2025-01-27 09:32:36 - WARNING  - s_i: {0: 2.454057160058231, 1: 3.9809935864301997, 2: 0.4515236226949124, 3: 0.9643130153226939, 4: 1.9442575585872088, 5: 1.9597229686401294, 6: 1.4564646139744077, 7: 1.9661224385073923, 8: 2.4783281443026284, 9: 1.4660472692731523, 10: 2.4553442039763214, 11: 2.486650137836895, 12: 2.445448208681606, 13: 1.9678695962650563, 14: 1.4507400562206856, 15: 2.959012466685029, 16: 0.46270312111615564, 17: 1.4505341662543896, 18: 3.4267617232777945, 19: 0.94665177657267, 20: 0.46124387999786154, 21: 0.9772081469500349, 22: 0.9694903967583166, 23: 0.4604875897379238, 24: 0.4449900013443724, 25: 0.9762283780231922, 26: 1.9577737721955317, 27: 0.47650172903354093, 28: 2.9299367836833428, 29: 3.455309839103948, 30: 0.48781355043536045, 31: 0.9822302878777734, 32: 1.4550545788255063, 33: 1.9339299359263888, 34: 1.4950876629778216, 35: 1.4569124231318846, 36: 1.9575080749765854, 37: 1.4559515632807298, 38: 0.9579264653917303, 39: 1.4874506282106852, 40: 1.4314082789324347, 41: 1.4683067121898876, 42: 1.4557144657436893, 43: 0.4415883845973676, 44: 0.4833608129586327, 45: 0.968426829081506, 46: 0.964300962388168, 47: 0.4608183524996876, 48: 0.4657965768987449, 49: 1.4759717490472788, 50: 0.9466959018232896, 51: 0.47011361187206235, 52: 1.9690008851106717, 53: 1.965923137386362, 54: 2.4628390095584143, 55: 0.975178722276438, 56: 0.9749223230733963, 57: 0.962514691383789, 58: 0.45430878723779156, 59: 0.47843731939314305, 60: 1.4516464211949693, 61: 0.4603467606429925, 62: 0.45862072978657853, 63: 0.4837177760521989, 64: 1.4728289596212423, 65: 1.9460160368533468, 66: 3.447837936218805, 67: 1.440852205746984, 68: 0.9383655750658262, 69: 0.4486815529660839, 70: 1.4265400641955268, 71: 1.4472132401909774, 72: 0.4863457232142627, 73: 0.9758357851852081, 74: 0.44385682739279025, 75: 2.974569925463364, 76: 1.9710143451105653, 77: 1.4763607898730935, 78: 0.9513575020952378, 79: 1.4677284194692057, 80: 0.9716879194622132, 81: 0.4650413307890322, 82: 1.468032356420883, 83: 0.44848344263318163, 84: 0.9606982761884562, 85: 1.9544937431345089, 86: 2.4793619475018547, 87: 3.959648166503153, 88: 0.45396730211785474, 89: 2.9863648595420433, 90: 1.9659327346509454, 91: 0.9561602893727126, 92: 0.9508388667647485, 93: 0.9634046736649209, 94: 0.961990888105593, 95: 0.46638938233980776, 96: 0.9486235418311668, 97: 1.9452497691241901, 98: 1.4831439554796977, 99: 1.9437838876885927}
2025-01-27 09:32:36 - WARNING  - Sum of s_i: 142.13124294564767
2025-01-27 09:32:56 - WARNING  - Epoch:   238. Accuracy: Top-1: 76.61 | Loss: value: 0.66
2025-01-27 09:32:56 - WARNING  - Epoch 238
2025-01-27 09:32:56 - WARNING  - s_i: {0: 2.454057160058231, 1: 3.9809935864301997, 2: 0.4515236226949124, 3: 0.9643130153226939, 4: 1.9442575585872088, 5: 1.9597229686401294, 6: 1.4564646139744077, 7: 1.9661224385073923, 8: 2.4783281443026284, 9: 1.4660472692731523, 10: 2.4553442039763214, 11: 2.486650137836895, 12: 2.445448208681606, 13: 1.9678695962650563, 14: 1.4507400562206856, 15: 2.959012466685029, 16: 0.46270312111615564, 17: 1.4505341662543896, 18: 3.4267617232777945, 19: 0.94665177657267, 20: 0.46124387999786154, 21: 1.972649776340042, 22: 0.9694903967583166, 23: 0.4604875897379238, 24: 0.4449900013443724, 25: 0.9762283780231922, 26: 1.9577737721955317, 27: 0.47650172903354093, 28: 2.9299367836833428, 29: 3.455309839103948, 30: 0.48781355043536045, 31: 0.9822302878777734, 32: 1.4550545788255063, 33: 1.9339299359263888, 34: 1.4950876629778216, 35: 1.4569124231318846, 36: 1.9575080749765854, 37: 1.4559515632807298, 38: 0.9579264653917303, 39: 1.4874506282106852, 40: 1.4314082789324347, 41: 3.9637790996455875, 42: 1.4557144657436893, 43: 0.4415883845973676, 44: 0.4833608129586327, 45: 0.968426829081506, 46: 0.964300962388168, 47: 0.4608183524996876, 48: 0.4657965768987449, 49: 1.4759717490472788, 50: 0.9466959018232896, 51: 0.47011361187206235, 52: 1.9690008851106717, 53: 1.965923137386362, 54: 2.4628390095584143, 55: 0.975178722276438, 56: 0.9749223230733963, 57: 0.962514691383789, 58: 0.45430878723779156, 59: 0.47843731939314305, 60: 1.4516464211949693, 61: 0.4603467606429925, 62: 0.45862072978657853, 63: 0.4837177760521989, 64: 1.4728289596212423, 65: 1.9460160368533468, 66: 3.447837936218805, 67: 1.440852205746984, 68: 0.9383655750658262, 69: 0.4486815529660839, 70: 1.4265400641955268, 71: 1.4472132401909774, 72: 0.4863457232142627, 73: 0.9758357851852081, 74: 0.44385682739279025, 75: 2.974569925463364, 76: 0.9668735372692165, 77: 1.4763607898730935, 78: 0.9513575020952378, 79: 1.4677284194692057, 80: 0.4669692393725835, 81: 0.4650413307890322, 82: 1.468032356420883, 83: 0.44848344263318163, 84: 0.9606982761884562, 85: 1.9544937431345089, 86: 2.4793619475018547, 87: 3.959648166503153, 88: 0.45396730211785474, 89: 2.9863648595420433, 90: 1.9659327346509454, 91: 0.9561602893727126, 92: 0.9508388667647485, 93: 0.9634046736649209, 94: 0.961990888105593, 95: 2.4621880551322852, 96: 0.9486235418311668, 97: 2.9402724754082086, 98: 1.4831439554796977, 99: 1.9437838876885927}
2025-01-27 09:32:56 - WARNING  - Sum of s_i: 147.10411885363888
2025-01-27 09:33:15 - WARNING  - Epoch:   239. Accuracy: Top-1: 76.83 | Loss: value: 0.66
2025-01-27 09:33:15 - WARNING  - Epoch 239
2025-01-27 09:33:15 - WARNING  - s_i: {0: 2.454057160058231, 1: 3.9809935864301997, 2: 0.4515236226949124, 3: 0.9643130153226939, 4: 1.9442575585872088, 5: 1.9597229686401294, 6: 1.4564646139744077, 7: 1.9661224385073923, 8: 2.4783281443026284, 9: 1.4660472692731523, 10: 2.4553442039763214, 11: 2.486650137836895, 12: 2.445448208681606, 13: 1.9678695962650563, 14: 1.4507400562206856, 15: 2.959012466685029, 16: 0.46270312111615564, 17: 1.4505341662543896, 18: 3.4267617232777945, 19: 0.94665177657267, 20: 0.46124387999786154, 21: 1.972649776340042, 22: 0.9694903967583166, 23: 0.4604875897379238, 24: 0.4449900013443724, 25: 0.9762283780231922, 26: 1.9577737721955317, 27: 0.47650172903354093, 28: 2.9299367836833428, 29: 3.455309839103948, 30: 0.48781355043536045, 31: 0.9822302878777734, 32: 1.4550545788255063, 33: 1.9339299359263888, 34: 1.4950876629778216, 35: 1.4569124231318846, 36: 1.9575080749765854, 37: 1.4559515632807298, 38: 0.9579264653917303, 39: 1.4874506282106852, 40: 1.4314082789324347, 41: 3.9637790996455875, 42: 1.4557144657436893, 43: 0.4415883845973676, 44: 0.4833608129586327, 45: 0.968426829081506, 46: 0.964300962388168, 47: 0.4608183524996876, 48: 0.4657965768987449, 49: 1.4759717490472788, 50: 0.9466959018232896, 51: 0.47011361187206235, 52: 1.9690008851106717, 53: 1.965923137386362, 54: 2.4628390095584143, 55: 0.975178722276438, 56: 0.9749223230733963, 57: 0.962514691383789, 58: 0.45430878723779156, 59: 0.47843731939314305, 60: 1.4516464211949693, 61: 0.4603467606429925, 62: 0.45862072978657853, 63: 0.4837177760521989, 64: 1.4728289596212423, 65: 1.9460160368533468, 66: 3.447837936218805, 67: 1.440852205746984, 68: 0.9383655750658262, 69: 0.4486815529660839, 70: 1.4265400641955268, 71: 1.4472132401909774, 72: 0.4863457232142627, 73: 0.9758357851852081, 74: 0.44385682739279025, 75: 2.974569925463364, 76: 0.9668735372692165, 77: 1.4763607898730935, 78: 0.9513575020952378, 79: 1.4677284194692057, 80: 0.4669692393725835, 81: 0.4650413307890322, 82: 1.468032356420883, 83: 0.44848344263318163, 84: 0.9606982761884562, 85: 1.9544937431345089, 86: 2.4793619475018547, 87: 3.959648166503153, 88: 0.45396730211785474, 89: 2.9863648595420433, 90: 1.9659327346509454, 91: 0.9561602893727126, 92: 0.9508388667647485, 93: 0.9634046736649209, 94: 0.961990888105593, 95: 2.4621880551322852, 96: 0.9486235418311668, 97: 2.9402724754082086, 98: 1.4831439554796977, 99: 1.9437838876885927}
2025-01-27 09:33:15 - WARNING  - Sum of s_i: 147.10411885363888
2025-01-27 09:33:34 - WARNING  - Epoch:   240. Accuracy: Top-1: 76.55 | Loss: value: 0.68
2025-01-27 09:33:34 - WARNING  - Epoch 240
2025-01-27 09:33:34 - WARNING  - s_i: {0: 2.454057160058231, 1: 3.9809935864301997, 2: 0.4515236226949124, 3: 0.9643130153226939, 4: 1.9442575585872088, 5: 1.9597229686401294, 6: 1.4564646139744077, 7: 1.9661224385073923, 8: 2.4783281443026284, 9: 1.4660472692731523, 10: 2.4553442039763214, 11: 2.486650137836895, 12: 2.445448208681606, 13: 1.9678695962650563, 14: 1.4507400562206856, 15: 0.954458296316699, 16: 0.46270312111615564, 17: 1.4505341662543896, 18: 3.4267617232777945, 19: 0.94665177657267, 20: 0.46124387999786154, 21: 1.972649776340042, 22: 0.9694903967583166, 23: 0.4604875897379238, 24: 0.4449900013443724, 25: 0.9762283780231922, 26: 1.9577737721955317, 27: 0.47650172903354093, 28: 2.9299367836833428, 29: 3.455309839103948, 30: 0.48781355043536045, 31: 0.9822302878777734, 32: 1.4550545788255063, 33: 1.9339299359263888, 34: 1.4950876629778216, 35: 1.4569124231318846, 36: 1.9575080749765854, 37: 1.4559515632807298, 38: 0.9579264653917303, 39: 1.4874506282106852, 40: 0.42650887028475104, 41: 3.9637790996455875, 42: 1.4557144657436893, 43: 0.4415883845973676, 44: 0.4833608129586327, 45: 0.968426829081506, 46: 0.964300962388168, 47: 0.4608183524996876, 48: 0.4657965768987449, 49: 1.4759717490472788, 50: 0.9466959018232896, 51: 0.47011361187206235, 52: 1.9690008851106717, 53: 1.965923137386362, 54: 2.4628390095584143, 55: 0.975178722276438, 56: 0.9749223230733963, 57: 0.962514691383789, 58: 0.45430878723779156, 59: 0.47843731939314305, 60: 1.4468110633144655, 61: 0.4603467606429925, 62: 0.45862072978657853, 63: 0.4837177760521989, 64: 1.4728289596212423, 65: 1.9460160368533468, 66: 3.447837936218805, 67: 1.440852205746984, 68: 0.9383655750658262, 69: 0.4486815529660839, 70: 1.4265400641955268, 71: 1.4472132401909774, 72: 0.4863457232142627, 73: 0.9758357851852081, 74: 0.44385682739279025, 75: 2.974569925463364, 76: 0.9668735372692165, 77: 1.4763607898730935, 78: 0.9513575020952378, 79: 1.4677284194692057, 80: 0.4669692393725835, 81: 0.4650413307890322, 82: 1.468032356420883, 83: 0.44848344263318163, 84: 0.9606982761884562, 85: 1.9544937431345089, 86: 2.4793619475018547, 87: 3.959648166503153, 88: 0.45396730211785474, 89: 2.9863648595420433, 90: 1.9659327346509454, 91: 0.9561602893727126, 92: 0.9508388667647485, 93: 0.9634046736649209, 94: 0.961990888105593, 95: 2.4621880551322852, 96: 0.9486235418311668, 97: 2.9402724754082086, 98: 1.4831439554796977, 99: 1.9437838876885927}
2025-01-27 09:33:34 - WARNING  - Sum of s_i: 144.08982991674236
2025-01-27 09:33:39 - WARNING  - The sum of accs: 74.0
2025-01-27 09:33:39 - WARNING  - The welfare is 73.93533775044422
2025-01-27 09:33:58 - WARNING  - Epoch:   241. Accuracy: Top-1: 76.10 | Loss: value: 0.68
2025-01-27 09:33:58 - WARNING  - Epoch 241
2025-01-27 09:33:58 - WARNING  - s_i: {0: 2.454057160058231, 1: 3.9809935864301997, 2: 0.4515236226949124, 3: 0.9643130153226939, 4: 1.9442575585872088, 5: 1.9597229686401294, 6: 1.4564646139744077, 7: 1.9661224385073923, 8: 2.4783281443026284, 9: 1.4660472692731523, 10: 2.4553442039763214, 11: 2.486650137836895, 12: 2.445448208681606, 13: 1.9678695962650563, 14: 1.4507400562206856, 15: 0.954458296316699, 16: 0.46270312111615564, 17: 1.4505341662543896, 18: 3.4267617232777945, 19: 0.94665177657267, 20: 0.46124387999786154, 21: 1.972649776340042, 22: 0.9694903967583166, 23: 0.4604875897379238, 24: 0.4449900013443724, 25: 0.9762283780231922, 26: 1.9577737721955317, 27: 0.47650172903354093, 28: 2.9299367836833428, 29: 3.455309839103948, 30: 0.48781355043536045, 31: 0.9822302878777734, 32: 1.4550545788255063, 33: 1.9339299359263888, 34: 1.4950876629778216, 35: 1.4569124231318846, 36: 1.9575080749765854, 37: 1.4559515632807298, 38: 0.9579264653917303, 39: 1.4874506282106852, 40: 0.42650887028475104, 41: 3.9637790996455875, 42: 1.4557144657436893, 43: 0.4415883845973676, 44: 0.4833608129586327, 45: 0.968426829081506, 46: 0.964300962388168, 47: 0.4608183524996876, 48: 0.46091037359856535, 49: 1.4759717490472788, 50: 0.9466959018232896, 51: 0.47011361187206235, 52: 1.9690008851106717, 53: 1.965923137386362, 54: 2.4628390095584143, 55: 0.975178722276438, 56: 0.9749223230733963, 57: 0.962514691383789, 58: 0.44973966596157217, 59: 0.47843731939314305, 60: 1.4468110633144655, 61: 0.4603467606429925, 62: 0.45862072978657853, 63: 0.4837177760521989, 64: 0.46830045289144895, 65: 1.9460160368533468, 66: 3.447837936218805, 67: 1.440852205746984, 68: 0.9383655750658262, 69: 0.4486815529660839, 70: 1.4265400641955268, 71: 1.4472132401909774, 72: 0.4863457232142627, 73: 0.9758357851852081, 74: 0.44385682739279025, 75: 2.974569925463364, 76: 0.9668735372692165, 77: 1.4763607898730935, 78: 0.9513575020952378, 79: 1.4677284194692057, 80: 0.4669692393725835, 81: 0.4650413307890322, 82: 1.468032356420883, 83: 0.44848344263318163, 84: 0.9606982761884562, 85: 1.9544937431345089, 86: 2.4793619475018547, 87: 3.959648166503153, 88: 0.45396730211785474, 89: 2.9863648595420433, 90: 0.9610659824582295, 91: 0.9561602893727126, 92: 0.9508388667647485, 93: 0.9634046736649209, 94: 0.961990888105593, 95: 2.4621880551322852, 96: 0.9486235418311668, 97: 3.935295181692227, 98: 1.4831439554796977, 99: 1.9437838876885927}
2025-01-27 09:33:58 - WARNING  - Sum of s_i: 143.0660020395275
2025-01-27 09:34:19 - WARNING  - Epoch:   242. Accuracy: Top-1: 76.14 | Loss: value: 0.68
2025-01-27 09:34:19 - WARNING  - Epoch 242
2025-01-27 09:34:19 - WARNING  - s_i: {0: 2.454057160058231, 1: 3.9809935864301997, 2: 0.4515236226949124, 3: 0.9643130153226939, 4: 1.9442575585872088, 5: 1.9597229686401294, 6: 1.4564646139744077, 7: 1.9661224385073923, 8: 2.4783281443026284, 9: 1.4660472692731523, 10: 2.4553442039763214, 11: 2.486650137836895, 12: 2.445448208681606, 13: 1.9678695962650563, 14: 1.4507400562206856, 15: 0.954458296316699, 16: 0.46270312111615564, 17: 1.4505341662543896, 18: 3.4267617232777945, 19: 1.9418019380792784, 20: 0.46124387999786154, 21: 1.972649776340042, 22: 0.9694903967583166, 23: 0.4604875897379238, 24: 0.4449900013443724, 25: 0.9762283780231922, 26: 1.9577737721955317, 27: 0.47650172903354093, 28: 2.9299367836833428, 29: 3.455309839103948, 30: 0.48781355043536045, 31: 0.9822302878777734, 32: 1.4550545788255063, 33: 1.9339299359263888, 34: 1.4950876629778216, 35: 1.4569124231318846, 36: 1.9575080749765854, 37: 1.4559515632807298, 38: 0.9579264653917303, 39: 1.4874506282106852, 40: 0.42650887028475104, 41: 3.9637790996455875, 42: 1.4557144657436893, 43: 0.4415883845973676, 44: 0.4833608129586327, 45: 0.968426829081506, 46: 0.964300962388168, 47: 0.4608183524996876, 48: 0.46091037359856535, 49: 1.4759717490472788, 50: 0.9466959018232896, 51: 0.47011361187206235, 52: 1.9690008851106717, 53: 1.965923137386362, 54: 2.4628390095584143, 55: 0.975178722276438, 56: 0.9749223230733963, 57: 0.962514691383789, 58: 0.44973966596157217, 59: 0.47843731939314305, 60: 1.4468110633144655, 61: 0.4603467606429925, 62: 0.45862072978657853, 63: 0.4837177760521989, 64: 0.46830045289144895, 65: 1.9460160368533468, 66: 3.447837936218805, 67: 1.440852205746984, 68: 0.9383655750658262, 69: 0.4486815529660839, 70: 1.4265400641955268, 71: 1.4472132401909774, 72: 0.4863457232142627, 73: 0.9758357851852081, 74: 0.44385682739279025, 75: 2.974569925463364, 76: 0.9668735372692165, 77: 1.4763607898730935, 78: 0.9513575020952378, 79: 1.4677284194692057, 80: 0.4669692393725835, 81: 0.4650413307890322, 82: 1.468032356420883, 83: 0.44848344263318163, 84: 0.9606982761884562, 85: 1.9544937431345089, 86: 2.4793619475018547, 87: 3.959648166503153, 88: 0.45396730211785474, 89: 2.9863648595420433, 90: 0.9610659824582295, 91: 0.9561602893727126, 92: 0.9508388667647485, 93: 2.9593385262943523, 94: 0.961990888105593, 95: 2.4621880551322852, 96: 0.9486235418311668, 97: 3.935295181692227, 98: 1.4831439554796977, 99: 1.9437838876885927}
2025-01-27 09:34:19 - WARNING  - Sum of s_i: 146.0570860536635
2025-01-27 09:34:39 - WARNING  - Epoch:   243. Accuracy: Top-1: 75.07 | Loss: value: 0.71
2025-01-27 09:34:39 - WARNING  - Epoch 243
2025-01-27 09:34:39 - WARNING  - s_i: {0: 2.454057160058231, 1: 3.9809935864301997, 2: 0.4515236226949124, 3: 0.9643130153226939, 4: 1.9442575585872088, 5: 1.9597229686401294, 6: 1.4564646139744077, 7: 1.9661224385073923, 8: 2.4783281443026284, 9: 1.4660472692731523, 10: 2.4553442039763214, 11: 2.486650137836895, 12: 2.445448208681606, 13: 1.9678695962650563, 14: 1.4507400562206856, 15: 0.954458296316699, 16: 0.46270312111615564, 17: 1.4505341662543896, 18: 4.421879171496315, 19: 1.9418019380792784, 20: 0.46124387999786154, 21: 1.972649776340042, 22: 0.9694903967583166, 23: 0.4604875897379238, 24: 0.4449900013443724, 25: 0.9762283780231922, 26: 1.9577737721955317, 27: 0.47650172903354093, 28: 2.9299367836833428, 29: 3.455309839103948, 30: 0.48781355043536045, 31: 0.9822302878777734, 32: 1.4550545788255063, 33: 1.9339299359263888, 34: 1.4950876629778216, 35: 1.4569124231318846, 36: 1.9575080749765854, 37: 1.4559515632807298, 38: 0.9579264653917303, 39: 1.4874506282106852, 40: 0.42650887028475104, 41: 3.9637790996455875, 42: 1.4557144657436893, 43: 0.4415883845973676, 44: 0.4833608129586327, 45: 0.968426829081506, 46: 0.964300962388168, 47: 0.4608183524996876, 48: 1.4560241702983867, 49: 0.47116609885673455, 50: 0.9466959018232896, 51: 0.47011361187206235, 52: 1.9690008851106717, 53: 1.965923137386362, 54: 2.4628390095584143, 55: 0.975178722276438, 56: 0.9749223230733963, 57: 0.962514691383789, 58: 0.44973966596157217, 59: 0.47843731939314305, 60: 1.4468110633144655, 61: 0.4603467606429925, 62: 0.45862072978657853, 63: 0.4837177760521989, 64: 0.46830045289144895, 65: 1.9460160368533468, 66: 3.447837936218805, 67: 1.440852205746984, 68: 0.9383655750658262, 69: 0.4486815529660839, 70: 1.4265400641955268, 71: 1.4472132401909774, 72: 3.48179429761902, 73: 0.47180841604940804, 74: 0.44385682739279025, 75: 2.974569925463364, 76: 0.9668735372692165, 77: 1.4763607898730935, 78: 0.9513575020952378, 79: 1.4677284194692057, 80: 0.4669692393725835, 81: 0.4650413307890322, 82: 1.468032356420883, 83: 0.44848344263318163, 84: 0.9606982761884562, 85: 1.9544937431345089, 86: 2.4793619475018547, 87: 3.959648166503153, 88: 0.45396730211785474, 89: 2.9863648595420433, 90: 0.9610659824582295, 91: 0.9561602893727126, 92: 0.9508388667647485, 93: 2.9593385262943523, 94: 0.961990888105593, 95: 2.4621880551322852, 96: 2.4439529547249115, 97: 3.935295181692227, 98: 1.4831439554796977, 99: 1.9437838876885927}
2025-01-27 09:34:39 - WARNING  - Sum of s_i: 151.029262266554
2025-01-27 09:34:58 - WARNING  - Epoch:   244. Accuracy: Top-1: 75.93 | Loss: value: 0.69
2025-01-27 09:34:58 - WARNING  - Epoch 244
2025-01-27 09:34:58 - WARNING  - s_i: {0: 2.454057160058231, 1: 3.9809935864301997, 2: 0.4515236226949124, 3: 0.9643130153226939, 4: 1.9442575585872088, 5: 1.9597229686401294, 6: 1.4564646139744077, 7: 1.9661224385073923, 8: 2.4783281443026284, 9: 1.4660472692731523, 10: 2.4553442039763214, 11: 2.486650137836895, 12: 2.445448208681606, 13: 1.9678695962650563, 14: 1.4507400562206856, 15: 0.954458296316699, 16: 0.46270312111615564, 17: 1.4505341662543896, 18: 4.421879171496315, 19: 1.9418019380792784, 20: 0.46124387999786154, 21: 1.972649776340042, 22: 0.9694903967583166, 23: 0.4604875897379238, 24: 0.4449900013443724, 25: 0.9762283780231922, 26: 1.9577737721955317, 27: 0.47650172903354093, 28: 2.9299367836833428, 29: 3.455309839103948, 30: 0.48781355043536045, 31: 0.9822302878777734, 32: 1.4550545788255063, 33: 1.9339299359263888, 34: 1.4950876629778216, 35: 1.4569124231318846, 36: 1.9575080749765854, 37: 1.4559515632807298, 38: 0.9579264653917303, 39: 1.4874506282106852, 40: 0.42650887028475104, 41: 3.9637790996455875, 42: 1.4557144657436893, 43: 0.4415883845973676, 44: 0.4833608129586327, 45: 0.968426829081506, 46: 0.964300962388168, 47: 0.4608183524996876, 48: 1.4560241702983867, 49: 0.47116609885673455, 50: 0.9466959018232896, 51: 0.47011361187206235, 52: 1.9690008851106717, 53: 1.965923137386362, 54: 2.4628390095584143, 55: 0.975178722276438, 56: 0.9749223230733963, 57: 0.962514691383789, 58: 0.44973966596157217, 59: 0.47843731939314305, 60: 1.4468110633144655, 61: 0.4603467606429925, 62: 0.45862072978657853, 63: 0.4837177760521989, 64: 0.46830045289144895, 65: 1.9460160368533468, 66: 3.447837936218805, 67: 1.440852205746984, 68: 0.9383655750658262, 69: 0.4486815529660839, 70: 1.4265400641955268, 71: 1.4472132401909774, 72: 3.48179429761902, 73: 0.47180841604940804, 74: 0.44385682739279025, 75: 2.974569925463364, 76: 0.9668735372692165, 77: 1.4763607898730935, 78: 0.9513575020952378, 79: 1.4677284194692057, 80: 0.4669692393725835, 81: 0.4650413307890322, 82: 1.468032356420883, 83: 0.44848344263318163, 84: 0.9606982761884562, 85: 1.9544937431345089, 86: 2.4793619475018547, 87: 3.959648166503153, 88: 0.45396730211785474, 89: 2.9863648595420433, 90: 0.9610659824582295, 91: 0.9561602893727126, 92: 0.9508388667647485, 93: 2.9593385262943523, 94: 0.961990888105593, 95: 2.4621880551322852, 96: 2.4439529547249115, 97: 3.935295181692227, 98: 1.4831439554796977, 99: 1.9437838876885927}
2025-01-27 09:34:58 - WARNING  - Sum of s_i: 151.029262266554
2025-01-27 09:35:17 - WARNING  - Epoch:   245. Accuracy: Top-1: 76.14 | Loss: value: 0.68
2025-01-27 09:35:17 - WARNING  - Epoch 245
2025-01-27 09:35:17 - WARNING  - s_i: {0: 2.454057160058231, 1: 3.9809935864301997, 2: 0.4515236226949124, 3: 0.9643130153226939, 4: 1.9442575585872088, 5: 1.9597229686401294, 6: 1.4564646139744077, 7: 1.9661224385073923, 8: 2.4783281443026284, 9: 1.4660472692731523, 10: 2.4553442039763214, 11: 2.486650137836895, 12: 2.445448208681606, 13: 1.9678695962650563, 14: 1.4507400562206856, 15: 0.954458296316699, 16: 0.46270312111615564, 17: 1.4505341662543896, 18: 4.421879171496315, 19: 1.9418019380792784, 20: 0.46124387999786154, 21: 1.972649776340042, 22: 0.9694903967583166, 23: 0.4604875897379238, 24: 0.4449900013443724, 25: 0.9762283780231922, 26: 1.9577737721955317, 27: 0.47650172903354093, 28: 2.9299367836833428, 29: 3.455309839103948, 30: 0.48781355043536045, 31: 0.9822302878777734, 32: 1.4550545788255063, 33: 1.9339299359263888, 34: 1.4950876629778216, 35: 1.4569124231318846, 36: 1.9575080749765854, 37: 1.4559515632807298, 38: 0.9579264653917303, 39: 1.4874506282106852, 40: 0.42650887028475104, 41: 3.9637790996455875, 42: 1.4557144657436893, 43: 0.4415883845973676, 44: 0.4833608129586327, 45: 0.968426829081506, 46: 0.964300962388168, 47: 0.4608183524996876, 48: 1.4560241702983867, 49: 0.47116609885673455, 50: 0.9466959018232896, 51: 0.47011361187206235, 52: 1.9690008851106717, 53: 1.965923137386362, 54: 2.4628390095584143, 55: 0.975178722276438, 56: 0.9749223230733963, 57: 0.962514691383789, 58: 0.44973966596157217, 59: 0.47843731939314305, 60: 1.4468110633144655, 61: 0.4603467606429925, 62: 0.45862072978657853, 63: 0.4837177760521989, 64: 0.46830045289144895, 65: 1.9460160368533468, 66: 3.447837936218805, 67: 1.440852205746984, 68: 0.9383655750658262, 69: 0.4486815529660839, 70: 1.4265400641955268, 71: 1.4472132401909774, 72: 3.48179429761902, 73: 0.47180841604940804, 74: 0.44385682739279025, 75: 2.974569925463364, 76: 0.9668735372692165, 77: 1.4763607898730935, 78: 0.9513575020952378, 79: 1.4677284194692057, 80: 0.4669692393725835, 81: 0.4650413307890322, 82: 1.468032356420883, 83: 0.44848344263318163, 84: 0.9606982761884562, 85: 1.9544937431345089, 86: 2.4793619475018547, 87: 3.959648166503153, 88: 0.45396730211785474, 89: 2.9863648595420433, 90: 0.9610659824582295, 91: 0.9561602893727126, 92: 0.9508388667647485, 93: 2.9593385262943523, 94: 0.961990888105593, 95: 2.4621880551322852, 96: 2.4439529547249115, 97: 3.935295181692227, 98: 1.4831439554796977, 99: 1.9437838876885927}
2025-01-27 09:35:17 - WARNING  - Sum of s_i: 151.029262266554
2025-01-27 09:35:40 - WARNING  - Epoch:   246. Accuracy: Top-1: 75.43 | Loss: value: 0.70
2025-01-27 09:35:40 - WARNING  - Epoch 246
2025-01-27 09:35:40 - WARNING  - s_i: {0: 2.454057160058231, 1: 3.9809935864301997, 2: 0.4515236226949124, 3: 0.9643130153226939, 4: 1.9442575585872088, 5: 1.9597229686401294, 6: 1.4564646139744077, 7: 1.9661224385073923, 8: 2.4783281443026284, 9: 1.4660472692731523, 10: 2.4553442039763214, 11: 2.486650137836895, 12: 2.445448208681606, 13: 1.9678695962650563, 14: 1.4507400562206856, 15: 0.954458296316699, 16: 0.46270312111615564, 17: 1.4505341662543896, 18: 4.421879171496315, 19: 1.9418019380792784, 20: 0.46124387999786154, 21: 1.972649776340042, 22: 0.9694903967583166, 23: 0.45554853845516363, 24: 0.4449900013443724, 25: 0.9762283780231922, 26: 1.9577737721955317, 27: 0.47650172903354093, 28: 2.9299367836833428, 29: 3.455309839103948, 30: 0.48781355043536045, 31: 0.9822302878777734, 32: 1.4550545788255063, 33: 1.9339299359263888, 34: 1.4950876629778216, 35: 1.4569124231318846, 36: 1.9575080749765854, 37: 1.4559515632807298, 38: 0.9579264653917303, 39: 1.4874506282106852, 40: 0.42650887028475104, 41: 3.9637790996455875, 42: 1.4557144657436893, 43: 0.4415883845973676, 44: 0.4833608129586327, 45: 0.968426829081506, 46: 0.964300962388168, 47: 0.4608183524996876, 48: 1.4560241702983867, 49: 0.47116609885673455, 50: 0.9466959018232896, 51: 0.47011361187206235, 52: 1.9690008851106717, 53: 1.965923137386362, 54: 2.4628390095584143, 55: 0.975178722276438, 56: 0.9749223230733963, 57: 0.962514691383789, 58: 0.44973966596157217, 59: 0.47843731939314305, 60: 1.4468110633144655, 61: 0.4603467606429925, 62: 0.45862072978657853, 63: 0.4837177760521989, 64: 0.46830045289144895, 65: 1.9460160368533468, 66: 3.447837936218805, 67: 1.440852205746984, 68: 0.9383655750658262, 69: 0.4486815529660839, 70: 1.4265400641955268, 71: 1.4472132401909774, 72: 3.48179429761902, 73: 0.47180841604940804, 74: 0.44385682739279025, 75: 2.974569925463364, 76: 0.9668735372692165, 77: 1.4763607898730935, 78: 0.9513575020952378, 79: 1.4677284194692057, 80: 0.4669692393725835, 81: 0.4650413307890322, 82: 1.468032356420883, 83: 0.44848344263318163, 84: 0.9606982761884562, 85: 1.9544937431345089, 86: 2.4793619475018547, 87: 3.959648166503153, 88: 0.45396730211785474, 89: 2.9863648595420433, 90: 0.9610659824582295, 91: 0.9561602893727126, 92: 0.9508388667647485, 93: 2.9593385262943523, 94: 0.961990888105593, 95: 2.4621880551322852, 96: 2.4439529547249115, 97: 3.935295181692227, 98: 1.4831439554796977, 99: 1.9437838876885927}
2025-01-27 09:35:40 - WARNING  - Sum of s_i: 151.02432321527127
2025-01-27 09:36:01 - WARNING  - Epoch:   247. Accuracy: Top-1: 76.20 | Loss: value: 0.67
2025-01-27 09:36:01 - WARNING  - Epoch 247
2025-01-27 09:36:01 - WARNING  - s_i: {0: 2.454057160058231, 1: 3.9809935864301997, 2: 0.4515236226949124, 3: 0.9643130153226939, 4: 1.9442575585872088, 5: 1.9597229686401294, 6: 1.4564646139744077, 7: 1.9661224385073923, 8: 2.4783281443026284, 9: 1.4660472692731523, 10: 2.4553442039763214, 11: 2.486650137836895, 12: 2.445448208681606, 13: 1.9678695962650563, 14: 1.4507400562206856, 15: 0.954458296316699, 16: 0.46270312111615564, 17: 1.4505341662543896, 18: 4.421879171496315, 19: 1.9418019380792784, 20: 0.46124387999786154, 21: 1.972649776340042, 22: 0.9694903967583166, 23: 0.45554853845516363, 24: 0.4449900013443724, 25: 0.9762283780231922, 26: 1.9577737721955317, 27: 0.47650172903354093, 28: 2.9299367836833428, 29: 3.455309839103948, 30: 0.48781355043536045, 31: 0.9822302878777734, 32: 1.4550545788255063, 33: 1.9339299359263888, 34: 1.4950876629778216, 35: 1.4569124231318846, 36: 1.9575080749765854, 37: 1.4559515632807298, 38: 0.9579264653917303, 39: 1.4874506282106852, 40: 0.42650887028475104, 41: 3.9637790996455875, 42: 1.4557144657436893, 43: 0.4415883845973676, 44: 0.4833608129586327, 45: 0.968426829081506, 46: 0.964300962388168, 47: 0.4608183524996876, 48: 1.4560241702983867, 49: 0.47116609885673455, 50: 0.9466959018232896, 51: 0.47011361187206235, 52: 1.9690008851106717, 53: 1.965923137386362, 54: 2.4628390095584143, 55: 0.975178722276438, 56: 0.9749223230733963, 57: 0.962514691383789, 58: 0.44973966596157217, 59: 0.47843731939314305, 60: 1.4468110633144655, 61: 0.4603467606429925, 62: 0.45862072978657853, 63: 0.4837177760521989, 64: 0.46830045289144895, 65: 1.9460160368533468, 66: 3.447837936218805, 67: 1.440852205746984, 68: 0.9383655750658262, 69: 0.4486815529660839, 70: 1.4265400641955268, 71: 1.4472132401909774, 72: 3.48179429761902, 73: 0.47180841604940804, 74: 0.44385682739279025, 75: 2.974569925463364, 76: 0.9668735372692165, 77: 1.4763607898730935, 78: 0.9513575020952378, 79: 1.4677284194692057, 80: 0.4669692393725835, 81: 0.4650413307890322, 82: 1.468032356420883, 83: 0.44848344263318163, 84: 0.9606982761884562, 85: 1.9544937431345089, 86: 2.4793619475018547, 87: 3.959648166503153, 88: 0.45396730211785474, 89: 2.9863648595420433, 90: 0.9610659824582295, 91: 0.9561602893727126, 92: 0.9508388667647485, 93: 2.9593385262943523, 94: 0.961990888105593, 95: 2.4621880551322852, 96: 2.4439529547249115, 97: 3.935295181692227, 98: 1.4831439554796977, 99: 1.9437838876885927}
2025-01-27 09:36:01 - WARNING  - Sum of s_i: 151.02432321527127
2025-01-27 09:36:21 - WARNING  - Epoch:   248. Accuracy: Top-1: 74.38 | Loss: value: 0.73
2025-01-27 09:36:21 - WARNING  - Epoch 248
2025-01-27 09:36:21 - WARNING  - s_i: {0: 2.454057160058231, 1: 3.9809935864301997, 2: 0.4515236226949124, 3: 0.9643130153226939, 4: 1.9442575585872088, 5: 1.9597229686401294, 6: 1.4564646139744077, 7: 3.9618877433208186, 8: 2.4783281443026284, 9: 1.4660472692731523, 10: 2.4553442039763214, 11: 2.486650137836895, 12: 2.445448208681606, 13: 1.9678695962650563, 14: 1.4507400562206856, 15: 0.954458296316699, 16: 0.46270312111615564, 17: 1.4505341662543896, 18: 4.421879171496315, 19: 1.9418019380792784, 20: 0.46124387999786154, 21: 1.972649776340042, 22: 0.9694903967583166, 23: 0.45554853845516363, 24: 0.4449900013443724, 25: 0.9762283780231922, 26: 1.9577737721955317, 27: 0.47650172903354093, 28: 2.9299367836833428, 29: 3.455309839103948, 30: 0.48781355043536045, 31: 0.9822302878777734, 32: 1.4550545788255063, 33: 1.9339299359263888, 34: 1.4950876629778216, 35: 1.4569124231318846, 36: 1.9575080749765854, 37: 1.4559515632807298, 38: 0.9579264653917303, 39: 1.4874506282106852, 40: 0.42650887028475104, 41: 3.9637790996455875, 42: 1.4557144657436893, 43: 0.4415883845973676, 44: 0.4833608129586327, 45: 0.968426829081506, 46: 0.964300962388168, 47: 0.4608183524996876, 48: 1.4560241702983867, 49: 0.47116609885673455, 50: 0.9466959018232896, 51: 0.47011361187206235, 52: 1.9690008851106717, 53: 1.965923137386362, 54: 2.4628390095584143, 55: 0.975178722276438, 56: 0.9749223230733963, 57: 0.962514691383789, 58: 0.44973966596157217, 59: 0.47843731939314305, 60: 1.4468110633144655, 61: 0.4603467606429925, 62: 0.45862072978657853, 63: 0.4837177760521989, 64: 0.46830045289144895, 65: 1.9460160368533468, 66: 3.447837936218805, 67: 1.440852205746984, 68: 0.9383655750658262, 69: 0.4486815529660839, 70: 1.4265400641955268, 71: 1.4472132401909774, 72: 3.48179429761902, 73: 0.47180841604940804, 74: 0.44385682739279025, 75: 0.4703315797072598, 76: 0.9668735372692165, 77: 1.4763607898730935, 78: 0.9513575020952378, 79: 1.4677284194692057, 80: 0.4669692393725835, 81: 0.9600472351874654, 82: 1.468032356420883, 83: 0.44848344263318163, 84: 0.9606982761884562, 85: 1.9544937431345089, 86: 2.4793619475018547, 87: 3.959648166503153, 88: 0.45396730211785474, 89: 2.9863648595420433, 90: 0.9610659824582295, 91: 0.9561602893727126, 92: 0.9508388667647485, 93: 2.9593385262943523, 94: 0.961990888105593, 95: 2.4621880551322852, 96: 2.4439529547249115, 97: 3.935295181692227, 98: 1.4831439554796977, 99: 1.9437838876885927}
2025-01-27 09:36:21 - WARNING  - Sum of s_i: 151.01085607872702
2025-01-27 09:36:42 - WARNING  - Epoch:   249. Accuracy: Top-1: 75.00 | Loss: value: 0.72
2025-01-27 09:36:42 - WARNING  - Epoch 249
2025-01-27 09:36:42 - WARNING  - s_i: {0: 2.454057160058231, 1: 3.9809935864301997, 2: 0.4515236226949124, 3: 0.9643130153226939, 4: 1.9442575585872088, 5: 1.9597229686401294, 6: 1.4564646139744077, 7: 3.9618877433208186, 8: 2.4783281443026284, 9: 1.4660472692731523, 10: 2.4553442039763214, 11: 2.486650137836895, 12: 2.445448208681606, 13: 1.9678695962650563, 14: 1.4507400562206856, 15: 0.954458296316699, 16: 0.46270312111615564, 17: 1.4505341662543896, 18: 4.421879171496315, 19: 1.9418019380792784, 20: 0.46124387999786154, 21: 1.972649776340042, 22: 0.9694903967583166, 23: 0.45554853845516363, 24: 0.4449900013443724, 25: 0.9762283780231922, 26: 1.9577737721955317, 27: 0.47650172903354093, 28: 2.9299367836833428, 29: 3.455309839103948, 30: 0.48781355043536045, 31: 0.9822302878777734, 32: 1.4550545788255063, 33: 1.9339299359263888, 34: 1.4950876629778216, 35: 1.4569124231318846, 36: 1.9575080749765854, 37: 1.4559515632807298, 38: 0.9579264653917303, 39: 1.4874506282106852, 40: 0.42650887028475104, 41: 3.9637790996455875, 42: 1.4557144657436893, 43: 0.4415883845973676, 44: 0.4833608129586327, 45: 0.968426829081506, 46: 2.9598385826866886, 47: 0.4608183524996876, 48: 1.4560241702983867, 49: 0.47116609885673455, 50: 0.9466959018232896, 51: 0.47011361187206235, 52: 1.9690008851106717, 53: 1.965923137386362, 54: 2.4628390095584143, 55: 0.975178722276438, 56: 0.9749223230733963, 57: 0.962514691383789, 58: 0.44973966596157217, 59: 0.47843731939314305, 60: 1.4468110633144655, 61: 0.4603467606429925, 62: 0.45862072978657853, 63: 0.4837177760521989, 64: 0.46830045289144895, 65: 1.9460160368533468, 66: 3.447837936218805, 67: 1.440852205746984, 68: 0.9383655750658262, 69: 0.4486815529660839, 70: 1.4265400641955268, 71: 1.4472132401909774, 72: 6.477242872023777, 73: 0.47180841604940804, 74: 0.44385682739279025, 75: 0.4703315797072598, 76: 0.9668735372692165, 77: 1.4763607898730935, 78: 0.9513575020952378, 79: 1.4677284194692057, 80: 0.4669692393725835, 81: 0.9600472351874654, 82: 1.468032356420883, 83: 0.44848344263318163, 84: 0.9606982761884562, 85: 1.9544937431345089, 86: 2.4793619475018547, 87: 3.959648166503153, 88: 0.45396730211785474, 89: 2.9863648595420433, 90: 0.9610659824582295, 91: 0.9561602893727126, 92: 0.9508388667647485, 93: 2.9593385262943523, 94: 0.961990888105593, 95: 2.4621880551322852, 96: 2.4439529547249115, 97: 3.935295181692227, 98: 1.4831439554796977, 99: 1.9437838876885927}
2025-01-27 09:36:42 - WARNING  - Sum of s_i: 156.0018422734303
2025-01-27 09:37:03 - WARNING  - Epoch:   250. Accuracy: Top-1: 76.18 | Loss: value: 0.68
2025-01-27 09:37:03 - WARNING  - Epoch 250
2025-01-27 09:37:03 - WARNING  - s_i: {0: 2.454057160058231, 1: 3.9809935864301997, 2: 0.4515236226949124, 3: 0.9643130153226939, 4: 1.9442575585872088, 5: 1.9597229686401294, 6: 1.4564646139744077, 7: 3.9618877433208186, 8: 2.4783281443026284, 9: 1.4660472692731523, 10: 2.4553442039763214, 11: 2.486650137836895, 12: 2.445448208681606, 13: 1.9678695962650563, 14: 1.4507400562206856, 15: 0.954458296316699, 16: 0.46270312111615564, 17: 1.4505341662543896, 18: 4.421879171496315, 19: 1.9418019380792784, 20: 0.46124387999786154, 21: 1.972649776340042, 22: 0.9694903967583166, 23: 0.45554853845516363, 24: 0.4449900013443724, 25: 0.9762283780231922, 26: 1.9577737721955317, 27: 0.47650172903354093, 28: 2.9299367836833428, 29: 3.455309839103948, 30: 0.48781355043536045, 31: 0.9822302878777734, 32: 1.4550545788255063, 33: 1.9339299359263888, 34: 1.4950876629778216, 35: 1.4569124231318846, 36: 1.9575080749765854, 37: 1.4559515632807298, 38: 0.9579264653917303, 39: 1.4874506282106852, 40: 0.42650887028475104, 41: 3.9637790996455875, 42: 1.4557144657436893, 43: 0.4415883845973676, 44: 0.4833608129586327, 45: 0.968426829081506, 46: 2.9598385826866886, 47: 0.4608183524996876, 48: 1.4560241702983867, 49: 0.47116609885673455, 50: 0.9466959018232896, 51: 0.47011361187206235, 52: 1.9690008851106717, 53: 1.965923137386362, 54: 2.4628390095584143, 55: 0.975178722276438, 56: 0.9749223230733963, 57: 0.962514691383789, 58: 0.44973966596157217, 59: 0.47843731939314305, 60: 1.4468110633144655, 61: 0.4603467606429925, 62: 0.45862072978657853, 63: 0.4837177760521989, 64: 0.46830045289144895, 65: 1.9460160368533468, 66: 3.447837936218805, 67: 1.440852205746984, 68: 0.9383655750658262, 69: 0.4486815529660839, 70: 1.4265400641955268, 71: 1.4472132401909774, 72: 6.477242872023777, 73: 0.47180841604940804, 74: 0.44385682739279025, 75: 0.4703315797072598, 76: 0.9668735372692165, 77: 1.4763607898730935, 78: 0.9513575020952378, 79: 1.4677284194692057, 80: 0.4669692393725835, 81: 0.9600472351874654, 82: 1.468032356420883, 83: 0.44848344263318163, 84: 0.9606982761884562, 85: 1.9544937431345089, 86: 2.4793619475018547, 87: 3.959648166503153, 88: 0.45396730211785474, 89: 2.9863648595420433, 90: 0.9610659824582295, 91: 0.9561602893727126, 92: 0.9508388667647485, 93: 2.9593385262943523, 94: 0.961990888105593, 95: 2.4621880551322852, 96: 2.4439529547249115, 97: 3.935295181692227, 98: 1.4831439554796977, 99: 1.9437838876885927}
2025-01-27 09:37:03 - WARNING  - Sum of s_i: 156.0018422734303
2025-01-27 09:37:08 - WARNING  - The sum of accs: 74.0
2025-01-27 09:37:08 - WARNING  - The welfare is 73.92986633389896
{49: -0.04999999999999949, 45: 5.551115123125783e-16, 63: -0.09999999999999953, 95: -0.14999999999999902, 67: 0.050000000000000044, 21: -0.14999999999999958, 30: -0.04999999999999949, 29: 0.10000000000000009, 42: -0.09999999999999953, 94: -0.19999999999999962}
Length of Loader 100
{33: -0.5999999999999994, 36: -0.44999999999999984, 37: -0.44999999999999984, 10: -0.8999999999999997, 93: -0.20000000000000018, 51: -0.20000000000000018, 38: -0.4500000000000004, 78: -0.4500000000000004, 11: -0.8499999999999996, 52: -1.0999999999999992}
Length of Loader 100
{15: -0.7000000000000001, 28: -0.4500000000000004, 41: -0.6, 14: -0.6999999999999995, 44: -0.5999999999999994, 56: -0.5499999999999999, 93: -0.6, 13: -0.7999999999999996, 81: -0.7499999999999996, 38: -1.0000000000000009}
Length of Loader 100
{74: -0.10000000000000009, 27: -0.10000000000000009, 26: -0.2999999999999997, 68: -0.14999999999999958, 71: -0.8499999999999996, 75: -0.3500000000000003, 11: -0.2999999999999997, 42: -0.8999999999999997, 94: -0.8999999999999997, 29: -0.8999999999999997}
Length of Loader 100
{35: -0.19999999999999962, 56: -0.24999999999999967, 28: -0.4999999999999999, 40: -0.30000000000000027, 11: -0.2999999999999997, 72: -0.5499999999999994, 18: -0.5999999999999994, 15: -0.7499999999999996, 84: -0.8999999999999997, 79: -0.6999999999999995}
Length of Loader 100
{5: -0.6999999999999995, 49: 0.10000000000000009, 40: 0.40000000000000036, 73: -0.5499999999999994, 94: -0.34999999999999976, 14: -0.19999999999999962, 69: -0.04999999999999949, 0: -0.44999999999999984, 33: -1.3999999999999995, 47: -1.3999999999999995}
Length of Loader 100
{86: -0.9999999999999998, 10: -1.5999999999999996, 71: -0.5499999999999999, 40: -0.44999999999999984, 2: -1.5499999999999998, 96: -2.0500000000000003, 94: -1.9500000000000002, 24: -1.5000000000000002, 47: -2.4, 75: -2.1999999999999997}
Length of Loader 100
{32: -0.2999999999999997, 12: -0.2999999999999997, 37: -0.34999999999999976, 9: -0.44999999999999984, 44: 0.0, 17: -0.14999999999999958, 56: -0.29999999999999916, 28: -0.4499999999999993, 48: -0.5999999999999994, 38: -0.5999999999999994}
Length of Loader 100
{83: -0.30000000000000027, 98: -0.34999999999999976, 23: -0.10000000000000009, 87: 0.10000000000000009, 34: -0.20000000000000018, 51: -0.2500000000000002, 12: -0.44999999999999984, 46: -0.5999999999999994, 36: -0.15000000000000013, 0: -0.6}
Length of Loader 100
{87: 0.24999999999999967, 37: -0.24999999999999967, 23: -0.2500000000000002, 27: -0.050000000000000044, 15: -0.6499999999999995, 47: 0.0, 64: 0.0, 80: -0.20000000000000018, 10: -0.34999999999999976, 68: -0.39999999999999925}
Length of Loader 100
{79: -0.15000000000000013, 39: -0.24999999999999967, 40: -0.8000000000000002, 71: -0.30000000000000027, 67: -0.3999999999999998, 64: -0.7499999999999996, 97: -1.1999999999999993, 90: -0.8999999999999997, 16: -1.3, 85: -0.9999999999999998}
Length of Loader 100
{86: -0.3999999999999998, 22: -0.3999999999999998, 85: -0.2999999999999997, 36: -0.7999999999999996, 76: -0.7499999999999996, 64: -0.30000000000000027, 69: -0.2500000000000002, 32: -0.44999999999999984, 20: -0.49999999999999933, 11: -0.7999999999999996}
Length of Loader 100
{61: -0.5499999999999999, 83: -0.65, 24: -0.34999999999999976, 11: -0.65, 96: -0.4999999999999999, 42: -0.2500000000000002, 20: -0.9999999999999998, 32: -0.49999999999999933, 67: -1.0999999999999999, 17: -1.25}
Length of Loader 100
{28: -0.34999999999999976, 87: -0.3999999999999998, 36: -0.6, 77: -0.4999999999999999, 66: -1.85, 19: -1.5999999999999992, 83: -1.6999999999999993, 9: -1.4999999999999996, 14: -2.0500000000000003, 18: -1.8999999999999995}
Length of Loader 100
{96: -0.15000000000000013, 70: -0.2500000000000002, 25: -0.15000000000000013, 27: -0.4500000000000004, 14: -0.15000000000000013, 62: -0.2500000000000002, 2: -0.6, 42: -0.6, 47: -0.7000000000000001, 51: -0.4500000000000004}
Length of Loader 100
{78: -0.4999999999999999, 28: -0.4999999999999999, 70: 0.10000000000000009, 9: -0.34999999999999976, 71: -0.8000000000000002, 66: -0.8000000000000002, 63: -0.8000000000000002, 32: -0.9499999999999997, 49: -0.7500000000000001, 5: -1.2}
Length of Loader 100
{89: -0.2999999999999997, 67: -0.34999999999999976, 50: -0.5499999999999999, 90: -1.0999999999999999, 24: -0.050000000000000044, 15: -0.3999999999999998, 7: -0.6, 31: -1.25, 30: -1.3, 14: -0.7999999999999996}
Length of Loader 100
{60: 0.10000000000000009, 33: -0.24999999999999967, 50: -0.10000000000000009, 70: 0.0, 94: 0.050000000000000044, 74: 0.0, 5: -0.4999999999999999, 45: -0.24999999999999967, 24: -0.30000000000000027, 22: -0.4999999999999999}
Length of Loader 100
{41: 0.2500000000000002, 97: 0.10000000000000009, 90: -0.20000000000000018, 57: -0.4999999999999999, 21: 0.10000000000000009, 76: -0.10000000000000009, 95: 0.20000000000000018, 80: -0.050000000000000044, 20: -0.15000000000000013, 66: -0.8499999999999996}
Length of Loader 100
{99: -0.5000000000000004, 69: -0.30000000000000027, 58: -0.4500000000000004, 38: -0.40000000000000036, 22: -0.3500000000000003, 64: -0.65, 59: -0.4500000000000004, 13: -0.30000000000000027, 45: -0.65, 23: -0.65}
Length of Loader 100
{40: -0.10000000000000009, 60: 0.0, 34: -0.30000000000000027, 0: -0.40000000000000036, 31: -0.20000000000000018, 46: -0.10000000000000009, 48: -0.20000000000000018, 38: -0.2500000000000002, 15: -0.20000000000000018, 2: -0.15000000000000013}
Length of Loader 100
{97: 0.10000000000000009, 48: 0.0, 30: -0.2999999999999997, 58: 0.0, 5: -0.2500000000000002, 64: -0.10000000000000009, 90: -0.09999999999999953, 76: -0.24999999999999967, 34: -0.6499999999999995, 59: -0.24999999999999967}
Length of Loader 100
{86: -0.8999999999999997, 93: 0.19999999999999962, 50: -0.5000000000000004, 14: -0.5499999999999999, 19: 0.10000000000000009, 95: -0.24999999999999967, 46: -0.9499999999999997, 16: -0.44999999999999984, 11: -0.7499999999999996, 90: -1.2999999999999994}
Length of Loader 100
{23: -0.3499999999999992, 73: -0.050000000000000044, 96: 0.15000000000000013, 72: 0.30000000000000027, 18: 0.10000000000000009, 50: -0.09999999999999953, 84: -0.24999999999999967, 48: 0.10000000000000009, 49: -0.10000000000000009, 9: -0.15000000000000013}
Length of Loader 100
{61: -0.10000000000000009, 76: -0.3999999999999998, 30: -0.8999999999999997, 85: -0.6, 60: -0.9999999999999998, 64: -1.15, 83: -1.0999999999999999, 40: -0.7000000000000001, 66: -0.9000000000000002, 74: -1.0500000000000003}
Length of Loader 100
{91: -0.20000000000000018, 4: -0.65, 31: -0.4999999999999999, 3: -0.10000000000000009, 55: -0.20000000000000018, 52: -0.65, 5: -0.8999999999999997, 94: -0.34999999999999976, 56: -0.2500000000000002, 74: -0.4999999999999999}
Length of Loader 100
{34: -0.3999999999999998, 23: 0.0, 22: -0.6, 18: -0.49999999999999933, 54: -0.24999999999999967, 92: -0.5999999999999994, 62: -0.39999999999999925, 73: -0.14999999999999958, 50: -0.34999999999999976, 4: -0.7999999999999996}
Length of Loader 100
{33: -0.24999999999999967, 54: -0.6499999999999995, 88: -0.2999999999999997, 45: -0.7999999999999996, 7: -1.2, 25: -0.9499999999999997, 57: -0.8500000000000002, 79: -0.6, 16: -1.2, 50: -0.5499999999999999}
Length of Loader 100
{81: 0.050000000000000044, 7: 0.20000000000000018, 75: -0.24999999999999967, 91: -1.0999999999999992, 54: -1.4999999999999996, 60: -0.2999999999999997, 41: -1.4999999999999991, 95: -1.5499999999999998, 83: -1.9499999999999995, 49: -0.9999999999999998}
Length of Loader 100
{80: -0.4500000000000004, 85: -0.24999999999999967, 68: -0.34999999999999976, 46: 0.20000000000000018, 72: 0.30000000000000027, 82: -0.3999999999999998, 36: -0.44999999999999984, 25: -0.3500000000000003, 97: -0.5000000000000004, 43: -0.7499999999999996}
Length of Loader 100
{32: -0.20000000000000018, 97: -1.25, 14: -0.6000000000000005, 90: -0.4500000000000004, 10: -0.7500000000000001, 66: -0.8499999999999996, 48: -0.5500000000000005, 64: -0.6, 8: -1.4500000000000002, 35: -1.2999999999999994}
Length of Loader 100
{97: -1.0000000000000004, 17: -0.10000000000000009, 92: 0.0, 28: 0.20000000000000018, 4: -0.7000000000000001, 9: -0.3500000000000003, 22: -0.15000000000000013, 2: -0.9000000000000002, 3: -0.40000000000000036, 98: -1.2000000000000006}
2025-01-27 09:37:30 - WARNING  - Epoch:   251. Accuracy: Top-1: 76.20 | Loss: value: 0.68
2025-01-27 09:37:30 - WARNING  - Epoch 251
2025-01-27 09:37:30 - WARNING  - s_i: {0: 2.454057160058231, 1: 3.9809935864301997, 2: 0.4515236226949124, 3: 0.9643130153226939, 4: 1.9442575585872088, 5: 1.9597229686401294, 6: 1.4564646139744077, 7: 3.9618877433208186, 8: 2.4783281443026284, 9: 1.4660472692731523, 10: 2.4553442039763214, 11: 2.486650137836895, 12: 2.445448208681606, 13: 1.9678695962650563, 14: 1.4507400562206856, 15: 0.954458296316699, 16: 0.46270312111615564, 17: 0.4464120134422538, 18: 4.421879171496315, 19: 1.9418019380792784, 20: 0.46124387999786154, 21: 1.972649776340042, 22: 0.9694903967583166, 23: 0.45554853845516363, 24: 0.4449900013443724, 25: 0.9762283780231922, 26: 1.9577737721955317, 27: 0.47650172903354093, 28: 4.925265902595567, 29: 3.455309839103948, 30: 0.48781355043536045, 31: 0.9822302878777734, 32: 1.4550545788255063, 33: 1.9339299359263888, 34: 1.4950876629778216, 35: 1.4569124231318846, 36: 1.9575080749765854, 37: 1.4559515632807298, 38: 0.9579264653917303, 39: 1.4874506282106852, 40: 0.42650887028475104, 41: 3.9637790996455875, 42: 1.4557144657436893, 43: 0.4415883845973676, 44: 0.4833608129586327, 45: 0.968426829081506, 46: 2.9598385826866886, 47: 0.4608183524996876, 48: 1.4560241702983867, 49: 0.47116609885673455, 50: 0.9466959018232896, 51: 0.47011361187206235, 52: 1.9690008851106717, 53: 1.965923137386362, 54: 2.4628390095584143, 55: 0.975178722276438, 56: 0.9749223230733963, 57: 0.962514691383789, 58: 0.44973966596157217, 59: 0.47843731939314305, 60: 1.4468110633144655, 61: 0.4603467606429925, 62: 0.45862072978657853, 63: 0.4837177760521989, 64: 0.46830045289144895, 65: 1.9460160368533468, 66: 3.447837936218805, 67: 1.440852205746984, 68: 0.9383655750658262, 69: 0.4486815529660839, 70: 1.4265400641955268, 71: 1.4472132401909774, 72: 6.477242872023777, 73: 0.47180841604940804, 74: 0.44385682739279025, 75: 0.4703315797072598, 76: 0.9668735372692165, 77: 1.4763607898730935, 78: 0.9513575020952378, 79: 1.4677284194692057, 80: 0.4669692393725835, 81: 0.9600472351874654, 82: 1.468032356420883, 83: 0.44848344263318163, 84: 0.9606982761884562, 85: 1.9544937431345089, 86: 2.4793619475018547, 87: 3.959648166503153, 88: 0.45396730211785474, 89: 2.9863648595420433, 90: 0.9610659824582295, 91: 0.9561602893727126, 92: 0.9459227534412236, 93: 2.9593385262943523, 94: 0.961990888105593, 95: 2.4621880551322852, 96: 2.4439529547249115, 97: 3.935295181692227, 98: 1.4831439554796977, 99: 1.9437838876885927}
2025-01-27 09:37:30 - WARNING  - Sum of s_i: 156.98813312620686
2025-01-27 09:37:52 - WARNING  - Epoch:   252. Accuracy: Top-1: 74.27 | Loss: value: 0.73
2025-01-27 09:37:52 - WARNING  - Epoch 252
2025-01-27 09:37:52 - WARNING  - s_i: {0: 2.454057160058231, 1: 3.9809935864301997, 2: 0.4515236226949124, 3: 0.9643130153226939, 4: 1.9442575585872088, 5: 1.9597229686401294, 6: 1.4564646139744077, 7: 3.9618877433208186, 8: 2.4783281443026284, 9: 1.4660472692731523, 10: 2.4553442039763214, 11: 2.486650137836895, 12: 2.445448208681606, 13: 1.9678695962650563, 14: 1.4507400562206856, 15: 0.954458296316699, 16: 0.46270312111615564, 17: 0.4464120134422538, 18: 4.421879171496315, 19: 1.9418019380792784, 20: 0.46124387999786154, 21: 1.972649776340042, 22: 0.9694903967583166, 23: 0.45554853845516363, 24: 0.4449900013443724, 25: 0.9762283780231922, 26: 1.9577737721955317, 27: 0.47650172903354093, 28: 4.925265902595567, 29: 3.455309839103948, 30: 0.48781355043536045, 31: 0.9822302878777734, 32: 1.4550545788255063, 33: 1.9339299359263888, 34: 1.4950876629778216, 35: 1.4569124231318846, 36: 1.9575080749765854, 37: 1.4559515632807298, 38: 0.9579264653917303, 39: 1.4874506282106852, 40: 0.42650887028475104, 41: 3.9637790996455875, 42: 1.4557144657436893, 43: 0.4415883845973676, 44: 0.4833608129586327, 45: 0.968426829081506, 46: 2.9598385826866886, 47: 0.4608183524996876, 48: 1.4560241702983867, 49: 0.47116609885673455, 50: 0.9466959018232896, 51: 0.47011361187206235, 52: 1.9690008851106717, 53: 1.965923137386362, 54: 2.4628390095584143, 55: 0.975178722276438, 56: 0.9749223230733963, 57: 0.962514691383789, 58: 0.44973966596157217, 59: 0.47843731939314305, 60: 1.4468110633144655, 61: 0.4603467606429925, 62: 0.45862072978657853, 63: 0.4837177760521989, 64: 0.46830045289144895, 65: 1.9460160368533468, 66: 3.447837936218805, 67: 1.440852205746984, 68: 0.9383655750658262, 69: 0.4486815529660839, 70: 1.4265400641955268, 71: 1.4472132401909774, 72: 6.477242872023777, 73: 0.47180841604940804, 74: 0.44385682739279025, 75: 0.4703315797072598, 76: 0.9668735372692165, 77: 1.4763607898730935, 78: 0.9513575020952378, 79: 1.4677284194692057, 80: 0.4669692393725835, 81: 0.9600472351874654, 82: 1.468032356420883, 83: 0.44848344263318163, 84: 0.9606982761884562, 85: 1.9544937431345089, 86: 2.4793619475018547, 87: 3.959648166503153, 88: 0.45396730211785474, 89: 2.9863648595420433, 90: 0.9610659824582295, 91: 0.9561602893727126, 92: 0.9459227534412236, 93: 2.9593385262943523, 94: 0.961990888105593, 95: 2.4621880551322852, 96: 2.4439529547249115, 97: 3.935295181692227, 98: 1.4831439554796977, 99: 1.9437838876885927}
2025-01-27 09:37:52 - WARNING  - Sum of s_i: 156.98813312620686
2025-01-27 09:38:14 - WARNING  - Epoch:   253. Accuracy: Top-1: 76.22 | Loss: value: 0.68
2025-01-27 09:38:14 - WARNING  - Epoch 253
2025-01-27 09:38:14 - WARNING  - s_i: {0: 2.454057160058231, 1: 3.9809935864301997, 2: 0.4515236226949124, 3: 0.9643130153226939, 4: 1.9442575585872088, 5: 1.9597229686401294, 6: 1.4564646139744077, 7: 3.9618877433208186, 8: 2.4783281443026284, 9: 1.4660472692731523, 10: 2.4553442039763214, 11: 2.486650137836895, 12: 2.445448208681606, 13: 1.9678695962650563, 14: 1.4507400562206856, 15: 0.954458296316699, 16: 0.46270312111615564, 17: 0.4464120134422538, 18: 4.421879171496315, 19: 1.9418019380792784, 20: 0.46124387999786154, 21: 1.972649776340042, 22: 0.9694903967583166, 23: 0.45554853845516363, 24: 0.4449900013443724, 25: 0.9762283780231922, 26: 1.9577737721955317, 27: 0.47650172903354093, 28: 4.925265902595567, 29: 3.455309839103948, 30: 0.48781355043536045, 31: 0.9822302878777734, 32: 1.4550545788255063, 33: 1.9339299359263888, 34: 1.4950876629778216, 35: 1.4569124231318846, 36: 1.9575080749765854, 37: 1.4559515632807298, 38: 0.9579264653917303, 39: 1.4874506282106852, 40: 0.42650887028475104, 41: 0.959251487101282, 42: 1.4557144657436893, 43: 0.4415883845973676, 44: 0.4833608129586327, 45: 0.968426829081506, 46: 2.9598385826866886, 47: 0.4608183524996876, 48: 1.4560241702983867, 49: 0.47116609885673455, 50: 0.9466959018232896, 51: 0.47011361187206235, 52: 1.9690008851106717, 53: 1.965923137386362, 54: 2.4628390095584143, 55: 0.975178722276438, 56: 0.9749223230733963, 57: 0.962514691383789, 58: 0.44973966596157217, 59: 0.47843731939314305, 60: 1.4468110633144655, 61: 0.4603467606429925, 62: 0.45862072978657853, 63: 0.4837177760521989, 64: 0.46830045289144895, 65: 1.9460160368533468, 66: 3.447837936218805, 67: 1.440852205746984, 68: 0.9383655750658262, 69: 0.4486815529660839, 70: 1.4265400641955268, 71: 1.4472132401909774, 72: 6.477242872023777, 73: 0.47180841604940804, 74: 0.44385682739279025, 75: 0.4703315797072598, 76: 0.9668735372692165, 77: 1.4763607898730935, 78: 0.9513575020952378, 79: 1.4677284194692057, 80: 0.4669692393725835, 81: 0.9600472351874654, 82: 1.468032356420883, 83: 0.44848344263318163, 84: 0.9606982761884562, 85: 1.9544937431345089, 86: 2.4793619475018547, 87: 3.959648166503153, 88: 0.45396730211785474, 89: 2.9863648595420433, 90: 0.9610659824582295, 91: 0.9561602893727126, 92: 0.9459227534412236, 93: 2.9593385262943523, 94: 0.961990888105593, 95: 2.4621880551322852, 96: 2.4439529547249115, 97: 3.935295181692227, 98: 1.4831439554796977, 99: 1.9437838876885927}
2025-01-27 09:38:14 - WARNING  - Sum of s_i: 153.98360551366255
2025-01-27 09:38:37 - WARNING  - Epoch:   254. Accuracy: Top-1: 76.32 | Loss: value: 0.68
2025-01-27 09:38:37 - WARNING  - Epoch 254
2025-01-27 09:38:37 - WARNING  - s_i: {0: 2.454057160058231, 1: 3.9809935864301997, 2: 0.4515236226949124, 3: 0.9643130153226939, 4: 1.9442575585872088, 5: 1.9597229686401294, 6: 1.4564646139744077, 7: 3.9618877433208186, 8: 2.4783281443026284, 9: 1.4660472692731523, 10: 2.4553442039763214, 11: 2.486650137836895, 12: 2.445448208681606, 13: 1.9678695962650563, 14: 1.4507400562206856, 15: 0.954458296316699, 16: 0.46270312111615564, 17: 0.4464120134422538, 18: 4.421879171496315, 19: 1.9418019380792784, 20: 0.46124387999786154, 21: 1.972649776340042, 22: 0.9694903967583166, 23: 0.45554853845516363, 24: 0.4449900013443724, 25: 0.9762283780231922, 26: 1.9577737721955317, 27: 0.47650172903354093, 28: 4.925265902595567, 29: 3.455309839103948, 30: 0.48781355043536045, 31: 0.9822302878777734, 32: 1.4550545788255063, 33: 1.9339299359263888, 34: 1.4950876629778216, 35: 1.4569124231318846, 36: 1.9575080749765854, 37: 1.4559515632807298, 38: 0.9579264653917303, 39: 1.4874506282106852, 40: 0.42650887028475104, 41: 0.959251487101282, 42: 1.4557144657436893, 43: 0.4415883845973676, 44: 0.4833608129586327, 45: 0.968426829081506, 46: 2.9598385826866886, 47: 0.4608183524996876, 48: 1.4560241702983867, 49: 0.47116609885673455, 50: 0.9466959018232896, 51: 0.47011361187206235, 52: 1.9690008851106717, 53: 1.965923137386362, 54: 2.4628390095584143, 55: 0.975178722276438, 56: 0.9749223230733963, 57: 0.962514691383789, 58: 0.44973966596157217, 59: 0.47843731939314305, 60: 1.4468110633144655, 61: 0.4603467606429925, 62: 0.45862072978657853, 63: 0.4837177760521989, 64: 0.46830045289144895, 65: 1.9460160368533468, 66: 3.447837936218805, 67: 1.440852205746984, 68: 0.9383655750658262, 69: 0.4486815529660839, 70: 1.4265400641955268, 71: 1.4472132401909774, 72: 6.477242872023777, 73: 0.47180841604940804, 74: 0.44385682739279025, 75: 0.4703315797072598, 76: 0.9668735372692165, 77: 1.4763607898730935, 78: 0.9513575020952378, 79: 1.4677284194692057, 80: 0.4669692393725835, 81: 0.9600472351874654, 82: 1.468032356420883, 83: 0.44848344263318163, 84: 0.9606982761884562, 85: 1.9544937431345089, 86: 2.4793619475018547, 87: 3.959648166503153, 88: 0.45396730211785474, 89: 2.9863648595420433, 90: 0.9610659824582295, 91: 0.9561602893727126, 92: 0.9459227534412236, 93: 2.9593385262943523, 94: 0.961990888105593, 95: 2.4621880551322852, 96: 2.4439529547249115, 97: 3.935295181692227, 98: 1.4831439554796977, 99: 1.9437838876885927}
2025-01-27 09:38:37 - WARNING  - Sum of s_i: 153.98360551366255
2025-01-27 09:38:57 - WARNING  - Epoch:   255. Accuracy: Top-1: 76.90 | Loss: value: 0.67
2025-01-27 09:38:57 - WARNING  - Epoch 255
2025-01-27 09:38:57 - WARNING  - s_i: {0: 2.454057160058231, 1: 3.9809935864301997, 2: 0.4515236226949124, 3: 0.9643130153226939, 4: 1.9442575585872088, 5: 1.9597229686401294, 6: 1.4564646139744077, 7: 3.9618877433208186, 8: 2.4783281443026284, 9: 1.4660472692731523, 10: 2.4553442039763214, 11: 2.486650137836895, 12: 2.445448208681606, 13: 1.9678695962650563, 14: 1.4507400562206856, 15: 0.954458296316699, 16: 0.46270312111615564, 17: 0.4464120134422538, 18: 0.4169966197148307, 19: 1.9418019380792784, 20: 0.46124387999786154, 21: 1.972649776340042, 22: 0.9694903967583166, 23: 0.45554853845516363, 24: 0.4449900013443724, 25: 0.9762283780231922, 26: 1.9577737721955317, 27: 0.47650172903354093, 28: 4.925265902595567, 29: 3.455309839103948, 30: 0.48781355043536045, 31: 0.9822302878777734, 32: 1.4550545788255063, 33: 1.9339299359263888, 34: 1.4950876629778216, 35: 1.4569124231318846, 36: 1.9575080749765854, 37: 1.4559515632807298, 38: 0.9579264653917303, 39: 1.4874506282106852, 40: 0.42650887028475104, 41: 0.959251487101282, 42: 1.4557144657436893, 43: 0.4415883845973676, 44: 0.4833608129586327, 45: 0.968426829081506, 46: 2.9598385826866886, 47: 0.4608183524996876, 48: 1.4560241702983867, 49: 0.47116609885673455, 50: 0.9466959018232896, 51: 0.47011361187206235, 52: 1.9690008851106717, 53: 1.965923137386362, 54: 2.4628390095584143, 55: 0.975178722276438, 56: 0.9749223230733963, 57: 0.962514691383789, 58: 0.44973966596157217, 59: 0.47843731939314305, 60: 1.4468110633144655, 61: 0.4603467606429925, 62: 0.45862072978657853, 63: 0.4837177760521989, 64: 0.46830045289144895, 65: 1.9460160368533468, 66: 3.447837936218805, 67: 1.440852205746984, 68: 0.9383655750658262, 69: 0.4486815529660839, 70: 1.4265400641955268, 71: 1.4472132401909774, 72: 6.477242872023777, 73: 0.47180841604940804, 74: 0.44385682739279025, 75: 0.4703315797072598, 76: 0.9668735372692165, 77: 1.4763607898730935, 78: 0.9513575020952378, 79: 1.4677284194692057, 80: 0.4669692393725835, 81: 0.9600472351874654, 82: 1.468032356420883, 83: 0.44848344263318163, 84: 0.9606982761884562, 85: 1.9544937431345089, 86: 2.4793619475018547, 87: 3.959648166503153, 88: 0.45396730211785474, 89: 2.9863648595420433, 90: 0.9610659824582295, 91: 0.9561602893727126, 92: 0.9459227534412236, 93: 2.9593385262943523, 94: 0.961990888105593, 95: 2.4621880551322852, 96: 2.4439529547249115, 97: 3.935295181692227, 98: 1.4831439554796977, 99: 1.9437838876885927}
2025-01-27 09:38:57 - WARNING  - Sum of s_i: 149.97872296188106
2025-01-27 09:39:18 - WARNING  - Epoch:   256. Accuracy: Top-1: 75.50 | Loss: value: 0.70
2025-01-27 09:39:18 - WARNING  - Epoch 256
2025-01-27 09:39:18 - WARNING  - s_i: {0: 2.454057160058231, 1: 2.9762419830377533, 2: 0.4515236226949124, 3: 0.9643130153226939, 4: 1.9442575585872088, 5: 1.9552477429334838, 6: 1.4564646139744077, 7: 3.9618877433208186, 8: 2.4783281443026284, 9: 1.4660472692731523, 10: 2.4553442039763214, 11: 2.486650137836895, 12: 2.445448208681606, 13: 1.9678695962650563, 14: 1.4507400562206856, 15: 0.954458296316699, 16: 0.46270312111615564, 17: 0.4464120134422538, 18: 0.4169966197148307, 19: 1.9418019380792784, 20: 0.46124387999786154, 21: 1.972649776340042, 22: 0.9694903967583166, 23: 0.45554853845516363, 24: 0.4449900013443724, 25: 0.9762283780231922, 26: 1.9577737721955317, 27: 0.47650172903354093, 28: 4.925265902595567, 29: 3.455309839103948, 30: 0.48781355043536045, 31: 0.9822302878777734, 32: 1.4550545788255063, 33: 1.9339299359263888, 34: 1.4950876629778216, 35: 1.4569124231318846, 36: 1.9575080749765854, 37: 1.4559515632807298, 38: 0.9579264653917303, 39: 1.4874506282106852, 40: 0.42650887028475104, 41: 0.959251487101282, 42: 1.4557144657436893, 43: 0.4415883845973676, 44: 0.4833608129586327, 45: 0.968426829081506, 46: 2.9598385826866886, 47: 0.4608183524996876, 48: 1.4560241702983867, 49: 0.47116609885673455, 50: 0.9466959018232896, 51: 0.47011361187206235, 52: 0.9645724401264866, 53: 1.965923137386362, 54: 2.4628390095584143, 55: 0.975178722276438, 56: 0.9749223230733963, 57: 0.962514691383789, 58: 0.44973966596157217, 59: 0.47843731939314305, 60: 1.4468110633144655, 61: 0.4603467606429925, 62: 0.45862072978657853, 63: 0.4837177760521989, 64: 0.46830045289144895, 65: 1.9460160368533468, 66: 3.447837936218805, 67: 1.440852205746984, 68: 0.9383655750658262, 69: 0.4486815529660839, 70: 1.4265400641955268, 71: 1.4472132401909774, 72: 6.477242872023777, 73: 0.47180841604940804, 74: 0.44385682739279025, 75: 0.4703315797072598, 76: 0.9668735372692165, 77: 1.4763607898730935, 78: 0.9513575020952378, 79: 1.4677284194692057, 80: 0.4669692393725835, 81: 0.9600472351874654, 82: 1.468032356420883, 83: 0.44848344263318163, 84: 0.9606982761884562, 85: 1.9544937431345089, 86: 2.4793619475018547, 87: 3.959648166503153, 88: 0.45396730211785474, 89: 2.9863648595420433, 90: 0.9610659824582295, 91: 0.9561602893727126, 92: 0.9459227534412236, 93: 2.9593385262943523, 94: 0.961990888105593, 95: 2.4621880551322852, 96: 2.4439529547249115, 97: 3.935295181692227, 98: 1.4831439554796977, 99: 1.9437838876885927}
2025-01-27 09:39:18 - WARNING  - Sum of s_i: 147.96506768779778
2025-01-27 09:39:39 - WARNING  - Epoch:   257. Accuracy: Top-1: 74.57 | Loss: value: 0.72
2025-01-27 09:39:39 - WARNING  - Epoch 257
2025-01-27 09:39:39 - WARNING  - s_i: {0: 2.454057160058231, 1: 2.9762419830377533, 2: 0.4515236226949124, 3: 0.9643130153226939, 4: 1.9442575585872088, 5: 1.9552477429334838, 6: 1.4564646139744077, 7: 3.9618877433208186, 8: 2.4783281443026284, 9: 1.4660472692731523, 10: 2.4553442039763214, 11: 2.486650137836895, 12: 2.445448208681606, 13: 1.9678695962650563, 14: 1.4507400562206856, 15: 0.954458296316699, 16: 0.46270312111615564, 17: 0.4464120134422538, 18: 0.4169966197148307, 19: 1.9418019380792784, 20: 0.46124387999786154, 21: 1.972649776340042, 22: 0.9694903967583166, 23: 0.45554853845516363, 24: 0.4449900013443724, 25: 0.9762283780231922, 26: 1.9577737721955317, 27: 0.47650172903354093, 28: 4.925265902595567, 29: 3.455309839103948, 30: 0.48781355043536045, 31: 0.9822302878777734, 32: 1.4550545788255063, 33: 1.9339299359263888, 34: 1.4950876629778216, 35: 1.4569124231318846, 36: 1.9575080749765854, 37: 2.4519471599426224, 38: 0.9579264653917303, 39: 1.4874506282106852, 40: 0.42650887028475104, 41: 0.959251487101282, 42: 1.4557144657436893, 43: 0.4415883845973676, 44: 0.4833608129586327, 45: 0.968426829081506, 46: 2.9598385826866886, 47: 0.4608183524996876, 48: 1.4560241702983867, 49: 0.47116609885673455, 50: 0.9466959018232896, 51: 0.47011361187206235, 52: 0.9645724401264866, 53: 1.965923137386362, 54: 2.4628390095584143, 55: 0.975178722276438, 56: 0.9749223230733963, 57: 0.962514691383789, 58: 0.44973966596157217, 59: 0.47843731939314305, 60: 1.4468110633144655, 61: 0.4603467606429925, 62: 0.45862072978657853, 63: 0.4837177760521989, 64: 0.46830045289144895, 65: 1.9460160368533468, 66: 3.447837936218805, 67: 1.440852205746984, 68: 0.9383655750658262, 69: 0.4486815529660839, 70: 1.4265400641955268, 71: 1.4472132401909774, 72: 6.477242872023777, 73: 0.47180841604940804, 74: 0.44385682739279025, 75: 0.4703315797072598, 76: 0.9668735372692165, 77: 1.4763607898730935, 78: 0.9513575020952378, 79: 1.4677284194692057, 80: 0.4669692393725835, 81: 6.455053139585903, 82: 1.468032356420883, 83: 0.44848344263318163, 84: 0.9606982761884562, 85: 1.9544937431345089, 86: 2.4793619475018547, 87: 3.959648166503153, 88: 0.45396730211785474, 89: 2.9863648595420433, 90: 0.9610659824582295, 91: 0.9561602893727126, 92: 0.9459227534412236, 93: 2.9593385262943523, 94: 0.9572397491187983, 95: 2.4621880551322852, 96: 2.4439529547249115, 97: 3.935295181692227, 98: 1.4831439554796977, 99: 1.9437838876885927}
2025-01-27 09:39:39 - WARNING  - Sum of s_i: 154.45131804987133
2025-01-27 09:40:01 - WARNING  - Epoch:   258. Accuracy: Top-1: 75.08 | Loss: value: 0.71
2025-01-27 09:40:01 - WARNING  - Epoch 258
2025-01-27 09:40:01 - WARNING  - s_i: {0: 2.454057160058231, 1: 2.9762419830377533, 2: 0.4515236226949124, 3: 0.9643130153226939, 4: 1.9442575585872088, 5: 1.9552477429334838, 6: 1.4564646139744077, 7: 3.9618877433208186, 8: 2.4783281443026284, 9: 1.4660472692731523, 10: 2.4553442039763214, 11: 2.486650137836895, 12: 2.445448208681606, 13: 1.9678695962650563, 14: 1.4507400562206856, 15: 0.954458296316699, 16: 0.46270312111615564, 17: 0.4464120134422538, 18: 0.4169966197148307, 19: 1.9418019380792784, 20: 0.46124387999786154, 21: 1.972649776340042, 22: 0.9694903967583166, 23: 0.45554853845516363, 24: 0.4449900013443724, 25: 0.9714740536278297, 26: 1.9577737721955317, 27: 0.47650172903354093, 28: 4.925265902595567, 29: 3.455309839103948, 30: 0.48781355043536045, 31: 0.9822302878777734, 32: 1.4550545788255063, 33: 1.9339299359263888, 34: 1.4950876629778216, 35: 1.4569124231318846, 36: 1.9575080749765854, 37: 2.4519471599426224, 38: 0.9579264653917303, 39: 1.4874506282106852, 40: 0.42650887028475104, 41: 0.959251487101282, 42: 1.4557144657436893, 43: 0.4415883845973676, 44: 0.4833608129586327, 45: 0.968426829081506, 46: 2.9598385826866886, 47: 0.4608183524996876, 48: 1.4560241702983867, 49: 0.47116609885673455, 50: 0.9466959018232896, 51: 0.47011361187206235, 52: 0.9645724401264866, 53: 1.965923137386362, 54: 2.4628390095584143, 55: 1.970214466731726, 56: 0.9749223230733963, 57: 0.962514691383789, 58: 0.44973966596157217, 59: 0.47843731939314305, 60: 1.4468110633144655, 61: 0.4603467606429925, 62: 0.45862072978657853, 63: 0.4837177760521989, 64: 0.46830045289144895, 65: 1.9460160368533468, 66: 3.447837936218805, 67: 1.440852205746984, 68: 0.9383655750658262, 69: 0.4486815529660839, 70: 1.4265400641955268, 71: 0.44241444384470086, 72: 6.477242872023777, 73: 0.47180841604940804, 74: 0.44385682739279025, 75: 0.4703315797072598, 76: 0.9668735372692165, 77: 3.471632947847715, 78: 0.9513575020952378, 79: 1.4677284194692057, 80: 0.4669692393725835, 81: 6.455053139585903, 82: 1.468032356420883, 83: 0.44848344263318163, 84: 0.9606982761884562, 85: 1.9544937431345089, 86: 2.4793619475018547, 87: 3.959648166503153, 88: 0.45396730211785474, 89: 2.9863648595420433, 90: 0.9610659824582295, 91: 0.9561602893727126, 92: 0.9459227534412236, 93: 2.9593385262943523, 94: 0.9572397491187983, 95: 2.4621880551322852, 96: 2.4439529547249115, 97: 3.935295181692227, 98: 1.4831439554796977, 99: 1.9437838876885927}
2025-01-27 09:40:01 - WARNING  - Sum of s_i: 156.4320728315596
2025-01-27 09:40:21 - WARNING  - Epoch:   259. Accuracy: Top-1: 75.09 | Loss: value: 0.71
2025-01-27 09:40:21 - WARNING  - Epoch 259
2025-01-27 09:40:21 - WARNING  - s_i: {0: 2.454057160058231, 1: 2.9762419830377533, 2: 0.4515236226949124, 3: 0.9643130153226939, 4: 1.9442575585872088, 5: 1.9552477429334838, 6: 1.4564646139744077, 7: 3.9618877433208186, 8: 2.4783281443026284, 9: 1.4660472692731523, 10: 2.4553442039763214, 11: 2.486650137836895, 12: 2.445448208681606, 13: 1.9638532957981882, 14: 1.4507400562206856, 15: 0.954458296316699, 16: 0.46270312111615564, 17: 0.4464120134422538, 18: 0.4169966197148307, 19: 1.9418019380792784, 20: 0.46124387999786154, 21: 2.4680914057300485, 22: 0.9694903967583166, 23: 0.45554853845516363, 24: 0.4449900013443724, 25: 0.9714740536278297, 26: 1.9577737721955317, 27: 0.47650172903354093, 28: 4.925265902595567, 29: 3.455309839103948, 30: 0.48781355043536045, 31: 0.9822302878777734, 32: 1.4550545788255063, 33: 1.9339299359263888, 34: 1.4950876629778216, 35: 1.4569124231318846, 36: 1.9575080749765854, 37: 2.447942756604508, 38: 0.9579264653917303, 39: 1.4874506282106852, 40: 0.42650887028475104, 41: 0.959251487101282, 42: 1.4557144657436893, 43: 0.4415883845973676, 44: 0.4833608129586327, 45: 0.968426829081506, 46: 2.9598385826866886, 47: 0.4608183524996876, 48: 1.4560241702983867, 49: 0.47116609885673455, 50: 0.9466959018232896, 51: 0.47011361187206235, 52: 0.4601439951422963, 53: 0.961663529559655, 54: 2.4628390095584143, 55: 1.970214466731726, 56: 0.9749223230733963, 57: 0.962514691383789, 58: 0.44973966596157217, 59: 0.47843731939314305, 60: 1.4468110633144655, 61: 0.4603467606429925, 62: 0.45862072978657853, 63: 0.4837177760521989, 64: 0.46830045289144895, 65: 1.9460160368533468, 66: 3.447837936218805, 67: 1.440852205746984, 68: 0.9383655750658262, 69: 0.4486815529660839, 70: 1.4265400641955268, 71: 0.44241444384470086, 72: 6.477242872023777, 73: 0.467781046913614, 74: 0.4395381218076263, 75: 0.4703315797072598, 76: 0.9668735372692165, 77: 3.471632947847715, 78: 0.9513575020952378, 79: 1.4677284194692057, 80: 0.4669692393725835, 81: 4.450059043984334, 82: 1.468032356420883, 83: 0.44848344263318163, 84: 0.9606982761884562, 85: 1.9544937431345089, 86: 2.4793619475018547, 87: 3.959648166503153, 88: 0.45396730211785474, 89: 2.9863648595420433, 90: 0.9610659824582295, 91: 0.9561602893727126, 92: 0.9459227534412236, 93: 2.9593385262943523, 94: 0.9572397491187983, 95: 2.4621880551322852, 96: 2.4439529547249115, 97: 3.935295181692227, 98: 1.4831439554796977, 99: 1.9437838876885927}
2025-01-27 09:40:21 - WARNING  - Sum of s_i: 153.3974655340112
2025-01-27 09:40:44 - WARNING  - Epoch:   260. Accuracy: Top-1: 75.75 | Loss: value: 0.70
2025-01-27 09:40:44 - WARNING  - Epoch 260
2025-01-27 09:40:44 - WARNING  - s_i: {0: 2.454057160058231, 1: 2.9762419830377533, 2: 0.4515236226949124, 3: 0.9643130153226939, 4: 1.9442575585872088, 5: 1.9552477429334838, 6: 1.4564646139744077, 7: 3.9618877433208186, 8: 2.4783281443026284, 9: 1.9618031779322957, 10: 2.4553442039763214, 11: 2.486650137836895, 12: 2.445448208681606, 13: 1.9638532957981882, 14: 1.4507400562206856, 15: 0.954458296316699, 16: 0.46270312111615564, 17: 0.4464120134422538, 18: 0.4169966197148307, 19: 1.9418019380792784, 20: 0.46124387999786154, 21: 2.4680914057300485, 22: 0.9694903967583166, 23: 0.45554853845516363, 24: 0.4449900013443724, 25: 0.9714740536278297, 26: 1.9577737721955317, 27: 0.47650172903354093, 28: 4.925265902595567, 29: 3.455309839103948, 30: 0.48781355043536045, 31: 0.9822302878777734, 32: 1.4550545788255063, 33: 1.9339299359263888, 34: 1.4950876629778216, 35: 1.4569124231318846, 36: 1.9575080749765854, 37: 2.447942756604508, 38: 0.9579264653917303, 39: 1.4874506282106852, 40: 0.42650887028475104, 41: 0.959251487101282, 42: 1.4557144657436893, 43: 0.4415883845973676, 44: 0.4833608129586327, 45: 0.968426829081506, 46: 2.9598385826866886, 47: 0.4608183524996876, 48: 1.4560241702983867, 49: 0.47116609885673455, 50: 0.9466959018232896, 51: 0.47011361187206235, 52: 0.4601439951422963, 53: 0.961663529559655, 54: 2.4628390095584143, 55: 1.970214466731726, 56: 0.9749223230733963, 57: 0.962514691383789, 58: 0.44973966596157217, 59: 0.47843731939314305, 60: 1.4468110633144655, 61: 0.4603467606429925, 62: 0.45862072978657853, 63: 0.4837177760521989, 64: 0.46830045289144895, 65: 1.9460160368533468, 66: 3.447837936218805, 67: 1.440852205746984, 68: 0.9383655750658262, 69: 0.4486815529660839, 70: 1.4265400641955268, 71: 0.44241444384470086, 72: 6.477242872023777, 73: 0.467781046913614, 74: 0.4395381218076263, 75: 0.4703315797072598, 76: 0.9668735372692165, 77: 3.471632947847715, 78: 0.9513575020952378, 79: 1.4677284194692057, 80: 0.4669692393725835, 81: 4.450059043984334, 82: 1.468032356420883, 83: 0.44848344263318163, 84: 0.9606982761884562, 85: 1.9544937431345089, 86: 2.4793619475018547, 87: 3.959648166503153, 88: 0.45396730211785474, 89: 2.9863648595420433, 90: 0.9610659824582295, 91: 0.9561602893727126, 92: 0.9459227534412236, 93: 2.9593385262943523, 94: 0.9572397491187983, 95: 2.4621880551322852, 96: 2.4439529547249115, 97: 3.935295181692227, 98: 1.4831439554796977, 99: 1.9437838876885927}
2025-01-27 09:40:44 - WARNING  - Sum of s_i: 153.89322144267032
2025-01-27 09:40:50 - WARNING  - The sum of accs: 75.0
2025-01-27 09:40:50 - WARNING  - The welfare is 74.93071987756416
2025-01-27 09:41:11 - WARNING  - Epoch:   261. Accuracy: Top-1: 76.66 | Loss: value: 0.66
2025-01-27 09:41:11 - WARNING  - Epoch 261
2025-01-27 09:41:11 - WARNING  - s_i: {0: 2.454057160058231, 1: 0.4714903796453003, 2: 0.4515236226949124, 3: 0.9643130153226939, 4: 1.9442575585872088, 5: 1.9552477429334838, 6: 1.4564646139744077, 7: 3.9618877433208186, 8: 2.4783281443026284, 9: 1.9618031779322957, 10: 2.4553442039763214, 11: 2.486650137836895, 12: 2.445448208681606, 13: 1.9638532957981882, 14: 1.4507400562206856, 15: 0.954458296316699, 16: 0.46270312111615564, 17: 0.4464120134422538, 18: 0.4169966197148307, 19: 1.9418019380792784, 20: 0.46124387999786154, 21: 2.4680914057300485, 22: 0.9694903967583166, 23: 0.45554853845516363, 24: 0.4449900013443724, 25: 0.9714740536278297, 26: 1.9577737721955317, 27: 0.47650172903354093, 28: 4.925265902595567, 29: 3.455309839103948, 30: 0.48781355043536045, 31: 0.9822302878777734, 32: 1.4550545788255063, 33: 1.9339299359263888, 34: 1.4950876629778216, 35: 1.4569124231318846, 36: 1.9575080749765854, 37: 2.447942756604508, 38: 0.9579264653917303, 39: 1.4874506282106852, 40: 0.42650887028475104, 41: 0.959251487101282, 42: 1.4557144657436893, 43: 0.4415883845973676, 44: 0.4833608129586327, 45: 0.968426829081506, 46: 2.9598385826866886, 47: 0.4608183524996876, 48: 1.4560241702983867, 49: 0.47116609885673455, 50: 0.9466959018232896, 51: 0.47011361187206235, 52: 0.4601439951422963, 53: 0.961663529559655, 54: 2.4628390095584143, 55: 1.970214466731726, 56: 0.9749223230733963, 57: 0.962514691383789, 58: 0.44973966596157217, 59: 0.47843731939314305, 60: 1.4468110633144655, 61: 0.4603467606429925, 62: 0.45862072978657853, 63: 0.4837177760521989, 64: 0.46830045289144895, 65: 1.9460160368533468, 66: 3.447837936218805, 67: 1.440852205746984, 68: 0.9383655750658262, 69: 0.4486815529660839, 70: 1.4265400641955268, 71: 0.44241444384470086, 72: 6.477242872023777, 73: 0.467781046913614, 74: 0.4395381218076263, 75: 0.4703315797072598, 76: 0.9668735372692165, 77: 3.471632947847715, 78: 0.9513575020952378, 79: 1.4677284194692057, 80: 0.4669692393725835, 81: 4.450059043984334, 82: 1.468032356420883, 83: 0.44848344263318163, 84: 0.9606982761884562, 85: 1.9544937431345089, 86: 2.4793619475018547, 87: 3.959648166503153, 88: 0.45396730211785474, 89: 2.9863648595420433, 90: 0.9610659824582295, 91: 0.9561602893727126, 92: 0.9459227534412236, 93: 2.9593385262943523, 94: 0.9572397491187983, 95: 2.4621880551322852, 96: 2.4439529547249115, 97: 3.935295181692227, 98: 1.4831439554796977, 99: 1.9437838876885927}
2025-01-27 09:41:11 - WARNING  - Sum of s_i: 151.3884698392779
2025-01-27 09:41:30 - WARNING  - Epoch:   262. Accuracy: Top-1: 77.48 | Loss: value: 0.64
2025-01-27 09:41:30 - WARNING  - Epoch 262
2025-01-27 09:41:30 - WARNING  - s_i: {0: 2.454057160058231, 1: 0.4714903796453003, 2: 0.4515236226949124, 3: 0.9643130153226939, 4: 1.9442575585872088, 5: 1.9552477429334838, 6: 1.4564646139744077, 7: 3.9618877433208186, 8: 2.4783281443026284, 9: 1.9618031779322957, 10: 2.4553442039763214, 11: 2.486650137836895, 12: 2.445448208681606, 13: 1.9638532957981882, 14: 1.4507400562206856, 15: 0.954458296316699, 16: 0.46270312111615564, 17: 0.4464120134422538, 18: 0.4169966197148307, 19: 1.9418019380792784, 20: 0.46124387999786154, 21: 2.4680914057300485, 22: 0.9694903967583166, 23: 0.45554853845516363, 24: 0.4449900013443724, 25: 0.9714740536278297, 26: 1.9577737721955317, 27: 0.47650172903354093, 28: 4.925265902595567, 29: 3.455309839103948, 30: 0.48781355043536045, 31: 0.9822302878777734, 32: 1.4550545788255063, 33: 1.9339299359263888, 34: 1.4950876629778216, 35: 1.4569124231318846, 36: 1.9575080749765854, 37: 2.447942756604508, 38: 0.9579264653917303, 39: 1.4874506282106852, 40: 0.42650887028475104, 41: 0.959251487101282, 42: 1.4557144657436893, 43: 0.4415883845973676, 44: 0.4833608129586327, 45: 0.968426829081506, 46: 2.9598385826866886, 47: 0.4608183524996876, 48: 1.4560241702983867, 49: 0.47116609885673455, 50: 0.9466959018232896, 51: 0.47011361187206235, 52: 0.4601439951422963, 53: 0.961663529559655, 54: 2.4628390095584143, 55: 1.970214466731726, 56: 0.9749223230733963, 57: 0.962514691383789, 58: 0.44973966596157217, 59: 0.47843731939314305, 60: 1.4468110633144655, 61: 0.4603467606429925, 62: 0.45862072978657853, 63: 0.4837177760521989, 64: 0.46830045289144895, 65: 1.9460160368533468, 66: 3.447837936218805, 67: 1.440852205746984, 68: 0.9383655750658262, 69: 0.4486815529660839, 70: 1.4265400641955268, 71: 0.44241444384470086, 72: 6.477242872023777, 73: 0.467781046913614, 74: 0.4395381218076263, 75: 0.4703315797072598, 76: 0.9668735372692165, 77: 3.471632947847715, 78: 0.9513575020952378, 79: 1.4677284194692057, 80: 0.4669692393725835, 81: 4.450059043984334, 82: 1.468032356420883, 83: 0.44848344263318163, 84: 0.9606982761884562, 85: 1.9544937431345089, 86: 2.4793619475018547, 87: 3.959648166503153, 88: 0.45396730211785474, 89: 2.9863648595420433, 90: 0.9610659824582295, 91: 0.9561602893727126, 92: 0.9459227534412236, 93: 2.9593385262943523, 94: 0.9572397491187983, 95: 2.4621880551322852, 96: 2.4439529547249115, 97: 3.935295181692227, 98: 1.4831439554796977, 99: 1.9437838876885927}
2025-01-27 09:41:30 - WARNING  - Sum of s_i: 151.3884698392779
2025-01-27 09:41:55 - WARNING  - Epoch:   263. Accuracy: Top-1: 76.25 | Loss: value: 0.67
2025-01-27 09:41:55 - WARNING  - Epoch 263
2025-01-27 09:41:55 - WARNING  - s_i: {0: 2.454057160058231, 1: 0.4714903796453003, 2: 0.4515236226949124, 3: 0.9643130153226939, 4: 1.9442575585872088, 5: 1.9552477429334838, 6: 1.4564646139744077, 7: 3.9618877433208186, 8: 2.4783281443026284, 9: 1.9618031779322957, 10: 2.4553442039763214, 11: 2.486650137836895, 12: 2.445448208681606, 13: 1.9638532957981882, 14: 1.4507400562206856, 15: 0.954458296316699, 16: 0.46270312111615564, 17: 0.4464120134422538, 18: 0.4169966197148307, 19: 1.9418019380792784, 20: 0.46124387999786154, 21: 2.4680914057300485, 22: 0.9694903967583166, 23: 0.45554853845516363, 24: 0.4449900013443724, 25: 0.9714740536278297, 26: 1.9577737721955317, 27: 0.47650172903354093, 28: 4.925265902595567, 29: 3.455309839103948, 30: 0.48781355043536045, 31: 0.9822302878777734, 32: 1.9500606431394527, 33: 1.9339299359263888, 34: 1.4950876629778216, 35: 1.4569124231318846, 36: 1.9575080749765854, 37: 2.447942756604508, 38: 0.9579264653917303, 39: 1.4874506282106852, 40: 0.42650887028475104, 41: 0.959251487101282, 42: 1.4557144657436893, 43: 0.4415883845973676, 44: 0.4833608129586327, 45: 0.968426829081506, 46: 2.9598385826866886, 47: 0.4608183524996876, 48: 1.4560241702983867, 49: 0.47116609885673455, 50: 0.9466959018232896, 51: 0.47011361187206235, 52: 0.4601439951422963, 53: 0.961663529559655, 54: 2.4628390095584143, 55: 1.970214466731726, 56: 0.9749223230733963, 57: 0.962514691383789, 58: 0.44973966596157217, 59: 0.47843731939314305, 60: 1.4468110633144655, 61: 0.4603467606429925, 62: 0.45862072978657853, 63: 0.4837177760521989, 64: 0.46830045289144895, 65: 1.9460160368533468, 66: 3.447837936218805, 67: 1.440852205746984, 68: 0.9383655750658262, 69: 0.4486815529660839, 70: 1.4265400641955268, 71: 0.44241444384470086, 72: 6.477242872023777, 73: 0.467781046913614, 74: 0.4395381218076263, 75: 0.4703315797072598, 76: 0.9668735372692165, 77: 3.471632947847715, 78: 0.9513575020952378, 79: 1.4677284194692057, 80: 0.4669692393725835, 81: 4.450059043984334, 82: 1.468032356420883, 83: 0.44848344263318163, 84: 0.9606982761884562, 85: 1.9544937431345089, 86: 2.4793619475018547, 87: 3.959648166503153, 88: 0.45396730211785474, 89: 2.9863648595420433, 90: 0.9610659824582295, 91: 0.9561602893727126, 92: 0.9459227534412236, 93: 2.9593385262943523, 94: 0.9572397491187983, 95: 2.4621880551322852, 96: 2.4439529547249115, 97: 3.935295181692227, 98: 1.4831439554796977, 99: 1.9437838876885927}
2025-01-27 09:41:55 - WARNING  - Sum of s_i: 151.88347590359183
2025-01-27 09:42:15 - WARNING  - Epoch:   264. Accuracy: Top-1: 75.62 | Loss: value: 0.70
2025-01-27 09:42:15 - WARNING  - Epoch 264
2025-01-27 09:42:15 - WARNING  - s_i: {0: 2.454057160058231, 1: 0.4714903796453003, 2: 0.4515236226949124, 3: 0.9643130153226939, 4: 4.939612355136146, 5: 1.9552477429334838, 6: 1.4564646139744077, 7: 3.9618877433208186, 8: 2.4783281443026284, 9: 1.9618031779322957, 10: 2.4553442039763214, 11: 2.486650137836895, 12: 2.445448208681606, 13: 1.9638532957981882, 14: 1.4507400562206856, 15: 2.449904125948372, 16: 0.46270312111615564, 17: 0.4464120134422538, 18: 0.4169966197148307, 19: 1.9418019380792784, 20: 0.46124387999786154, 21: 2.4680914057300485, 22: 0.9694903967583166, 23: 0.45554853845516363, 24: 0.4449900013443724, 25: 0.9714740536278297, 26: 1.9577737721955317, 27: 0.47650172903354093, 28: 4.925265902595567, 29: 3.455309839103948, 30: 0.48781355043536045, 31: 0.9822302878777734, 32: 1.9500606431394527, 33: 1.9339299359263888, 34: 1.4950876629778216, 35: 1.452603665445074, 36: 1.9575080749765854, 37: 2.447942756604508, 38: 0.9579264653917303, 39: 1.4874506282106852, 40: 0.42650887028475104, 41: 0.959251487101282, 42: 1.4557144657436893, 43: 0.4415883845973676, 44: 0.4833608129586327, 45: 0.968426829081506, 46: 2.9598385826866886, 47: 0.4608183524996876, 48: 1.4560241702983867, 49: 0.47116609885673455, 50: 0.9466959018232896, 51: 0.9658441278537865, 52: 0.4601439951422963, 53: 0.961663529559655, 54: 2.4628390095584143, 55: 1.970214466731726, 56: 0.9749223230733963, 57: 0.962514691383789, 58: 0.44973966596157217, 59: 0.47843731939314305, 60: 1.4468110633144655, 61: 0.4603467606429925, 62: 0.45862072978657853, 63: 0.4837177760521989, 64: 0.46830045289144895, 65: 1.9460160368533468, 66: 3.447837936218805, 67: 1.440852205746984, 68: 0.9383655750658262, 69: 0.4486815529660839, 70: 1.4265400641955268, 71: 0.44241444384470086, 72: 6.477242872023777, 73: 0.467781046913614, 74: 0.4395381218076263, 75: 0.4703315797072598, 76: 0.9668735372692165, 77: 3.471632947847715, 78: 0.9513575020952378, 79: 1.963694471902857, 80: 0.4669692393725835, 81: 4.450059043984334, 82: 1.468032356420883, 83: 0.44848344263318163, 84: 0.9606982761884562, 85: 1.9544937431345089, 86: 2.4793619475018547, 87: 3.959648166503153, 88: 0.45396730211785474, 89: 4.481819812722725, 90: 0.9610659824582295, 91: 0.9561602893727126, 92: 0.9459227534412236, 93: 2.9593385262943523, 94: 0.9572397491187983, 95: 2.4621880551322852, 96: 2.4439529547249115, 97: 3.935295181692227, 98: 1.4831439554796977, 99: 1.9437838876885927}
2025-01-27 09:42:15 - WARNING  - Sum of s_i: 158.85711929368168
2025-01-27 09:42:35 - WARNING  - Epoch:   265. Accuracy: Top-1: 76.34 | Loss: value: 0.67
2025-01-27 09:42:35 - WARNING  - Epoch 265
2025-01-27 09:42:35 - WARNING  - s_i: {0: 2.454057160058231, 1: 0.4714903796453003, 2: 0.4515236226949124, 3: 0.9643130153226939, 4: 4.939612355136146, 5: 1.9552477429334838, 6: 2.9521110753718545, 7: 3.9618877433208186, 8: 2.4783281443026284, 9: 1.9618031779322957, 10: 2.4553442039763214, 11: 2.486650137836895, 12: 2.445448208681606, 13: 1.9638532957981882, 14: 1.4507400562206856, 15: 2.449904125948372, 16: 0.46270312111615564, 17: 5.442289860630118, 18: 0.4169966197148307, 19: 1.9418019380792784, 20: 0.46124387999786154, 21: 2.9635330351200553, 22: 0.9694903967583166, 23: 0.45554853845516363, 24: 0.4449900013443724, 25: 0.9714740536278297, 26: 1.9577737721955317, 27: 0.47650172903354093, 28: 4.925265902595567, 29: 3.455309839103948, 30: 0.48781355043536045, 31: 0.9822302878777734, 32: 1.9500606431394527, 33: 1.9339299359263888, 34: 1.4950876629778216, 35: 1.452603665445074, 36: 1.9575080749765854, 37: 2.447942756604508, 38: 4.453719111930907, 39: 1.4874506282106852, 40: 4.421609461637077, 41: 0.959251487101282, 42: 1.4557144657436893, 43: 0.4415883845973676, 44: 0.4833608129586327, 45: 0.968426829081506, 46: 2.9598385826866886, 47: 0.4608183524996876, 48: 1.4560241702983867, 49: 0.47116609885673455, 50: 0.9466959018232896, 51: 0.9658441278537865, 52: 0.4601439951422963, 53: 0.961663529559655, 54: 2.4628390095584143, 55: 1.970214466731726, 56: 0.9749223230733963, 57: 0.962514691383789, 58: 0.44973966596157217, 59: 0.47843731939314305, 60: 1.4468110633144655, 61: 1.9559408451588813, 62: 0.45862072978657853, 63: 0.4837177760521989, 64: 0.46830045289144895, 65: 1.9460160368533468, 66: 3.447837936218805, 67: 1.440852205746984, 68: 5.934256613403552, 69: 0.4486815529660839, 70: 1.4265400641955268, 71: 0.44241444384470086, 72: 6.477242872023777, 73: 0.467781046913614, 74: 0.4395381218076263, 75: 5.466093233951157, 76: 0.9668735372692165, 77: 3.471632947847715, 78: 0.9513575020952378, 79: 1.963694471902857, 80: 0.4669692393725835, 81: 4.450059043984334, 82: 1.468032356420883, 83: 0.44848344263318163, 84: 0.9606982761884562, 85: 1.9544937431345089, 86: 7.475234337002219, 87: 3.959648166503153, 88: 0.45396730211785474, 89: 4.481819812722725, 90: 6.956199230265515, 91: 0.9561602893727126, 92: 0.9459227534412236, 93: 2.9593385262943523, 94: 0.9572397491187983, 95: 2.4621880551322852, 96: 2.4439529547249115, 97: 3.935295181692227, 98: 1.4831439554796977, 99: 1.9437838876885927}
2025-01-27 09:42:35 - WARNING  - Sum of s_i: 195.81323088395368
2025-01-27 09:42:54 - WARNING  - Epoch:   266. Accuracy: Top-1: 76.35 | Loss: value: 0.68
2025-01-27 09:42:54 - WARNING  - Epoch 266
2025-01-27 09:42:54 - WARNING  - s_i: {0: 2.454057160058231, 1: 0.4714903796453003, 2: 0.4515236226949124, 3: 0.9643130153226939, 4: 4.939612355136146, 5: 1.9552477429334838, 6: 2.9521110753718545, 7: 3.9618877433208186, 8: 2.4783281443026284, 9: 1.9618031779322957, 10: 2.4553442039763214, 11: 2.486650137836895, 12: 2.445448208681606, 13: 1.9638532957981882, 14: 1.4507400562206856, 15: 2.449904125948372, 16: 0.46270312111615564, 17: 5.442289860630118, 18: 0.4169966197148307, 19: 1.9418019380792784, 20: 0.46124387999786154, 21: 2.9635330351200553, 22: 0.9694903967583166, 23: 0.45554853845516363, 24: 0.4449900013443724, 25: 0.9714740536278297, 26: 1.9577737721955317, 27: 0.47650172903354093, 28: 4.925265902595567, 29: 3.455309839103948, 30: 0.48781355043536045, 31: 0.9822302878777734, 32: 1.9500606431394527, 33: 1.9339299359263888, 34: 1.4950876629778216, 35: 1.452603665445074, 36: 1.9575080749765854, 37: 2.447942756604508, 38: 4.453719111930907, 39: 1.4874506282106852, 40: 4.421609461637077, 41: 0.959251487101282, 42: 1.4557144657436893, 43: 0.4415883845973676, 44: 0.4833608129586327, 45: 0.968426829081506, 46: 2.9598385826866886, 47: 0.4608183524996876, 48: 1.4560241702983867, 49: 0.47116609885673455, 50: 0.9466959018232896, 51: 0.9658441278537865, 52: 0.4601439951422963, 53: 0.961663529559655, 54: 2.4628390095584143, 55: 1.970214466731726, 56: 0.9749223230733963, 57: 0.9583496570930987, 58: 0.44973966596157217, 59: 0.47843731939314305, 60: 1.4468110633144655, 61: 1.9559408451588813, 62: 0.45862072978657853, 63: 0.4837177760521989, 64: 0.46830045289144895, 65: 1.9460160368533468, 66: 3.447837936218805, 67: 1.440852205746984, 68: 5.934256613403552, 69: 0.4486815529660839, 70: 1.4265400641955268, 71: 0.44241444384470086, 72: 6.477242872023777, 73: 0.467781046913614, 74: 0.4395381218076263, 75: 5.466093233951157, 76: 0.9668735372692165, 77: 3.471632947847715, 78: 0.9513575020952378, 79: 1.963694471902857, 80: 0.4669692393725835, 81: 4.450059043984334, 82: 1.468032356420883, 83: 0.44848344263318163, 84: 0.9606982761884562, 85: 1.9499431174479585, 86: 7.475234337002219, 87: 3.959648166503153, 88: 0.45396730211785474, 89: 4.481819812722725, 90: 6.956199230265515, 91: 0.9561602893727126, 92: 0.9459227534412236, 93: 2.9593385262943523, 94: 0.9572397491187983, 95: 2.4621880551322852, 96: 2.4439529547249115, 97: 3.935295181692227, 98: 1.4831439554796977, 99: 1.9437838876885927}
2025-01-27 09:42:54 - WARNING  - Sum of s_i: 195.80451522397644
2025-01-27 09:43:16 - WARNING  - Epoch:   267. Accuracy: Top-1: 75.23 | Loss: value: 0.72
2025-01-27 09:43:16 - WARNING  - Epoch 267
2025-01-27 09:43:16 - WARNING  - s_i: {0: 2.454057160058231, 1: 0.4714903796453003, 2: 0.4515236226949124, 3: 0.9643130153226939, 4: 4.939612355136146, 5: 1.9552477429334838, 6: 2.9521110753718545, 7: 3.9618877433208186, 8: 2.4783281443026284, 9: 1.9618031779322957, 10: 2.4553442039763214, 11: 2.486650137836895, 12: 2.445448208681606, 13: 1.9638532957981882, 14: 1.4507400562206856, 15: 2.449904125948372, 16: 0.46270312111615564, 17: 5.442289860630118, 18: 0.4169966197148307, 19: 1.9418019380792784, 20: 0.46124387999786154, 21: 2.9635330351200553, 22: 0.9694903967583166, 23: 0.45554853845516363, 24: 0.4449900013443724, 25: 0.9714740536278297, 26: 1.9577737721955317, 27: 0.47650172903354093, 28: 4.925265902595567, 29: 3.455309839103948, 30: 0.48781355043536045, 31: 0.9822302878777734, 32: 1.9500606431394527, 33: 1.9339299359263888, 34: 1.4950876629778216, 35: 1.452603665445074, 36: 1.9575080749765854, 37: 2.447942756604508, 38: 4.453719111930907, 39: 1.4874506282106852, 40: 4.421609461637077, 41: 0.959251487101282, 42: 1.4557144657436893, 43: 0.4415883845973676, 44: 0.4833608129586327, 45: 0.968426829081506, 46: 2.9598385826866886, 47: 0.4608183524996876, 48: 1.4560241702983867, 49: 0.47116609885673455, 50: 0.9466959018232896, 51: 0.9658441278537865, 52: 0.4601439951422963, 53: 0.961663529559655, 54: 2.4628390095584143, 55: 1.970214466731726, 56: 0.9749223230733963, 57: 0.9583496570930987, 58: 0.44973966596157217, 59: 0.47843731939314305, 60: 1.4468110633144655, 61: 1.9559408451588813, 62: 0.45862072978657853, 63: 0.4837177760521989, 64: 0.46830045289144895, 65: 1.9460160368533468, 66: 3.447837936218805, 67: 1.440852205746984, 68: 5.934256613403552, 69: 0.4486815529660839, 70: 1.4265400641955268, 71: 0.44241444384470086, 72: 6.477242872023777, 73: 0.467781046913614, 74: 0.4395381218076263, 75: 5.466093233951157, 76: 0.9668735372692165, 77: 3.471632947847715, 78: 0.9513575020952378, 79: 1.963694471902857, 80: 0.4669692393725835, 81: 4.450059043984334, 82: 1.468032356420883, 83: 0.44848344263318163, 84: 0.9606982761884562, 85: 1.9499431174479585, 86: 7.475234337002219, 87: 3.959648166503153, 88: 0.45396730211785474, 89: 4.481819812722725, 90: 6.956199230265515, 91: 0.9561602893727126, 92: 0.9459227534412236, 93: 2.9593385262943523, 94: 0.9572397491187983, 95: 2.4621880551322852, 96: 2.4439529547249115, 97: 3.935295181692227, 98: 1.4831439554796977, 99: 1.9437838876885927}
2025-01-27 09:43:16 - WARNING  - Sum of s_i: 195.80451522397644
2025-01-27 09:43:38 - WARNING  - Epoch:   268. Accuracy: Top-1: 75.02 | Loss: value: 0.71
2025-01-27 09:43:38 - WARNING  - Epoch 268
2025-01-27 09:43:38 - WARNING  - s_i: {0: 2.454057160058231, 1: 0.4714903796453003, 2: 0.4515236226949124, 3: 0.9643130153226939, 4: 4.939612355136146, 5: 1.9552477429334838, 6: 2.9521110753718545, 7: 3.9618877433208186, 8: 2.4783281443026284, 9: 1.9618031779322957, 10: 2.4553442039763214, 11: 2.486650137836895, 12: 2.445448208681606, 13: 1.9638532957981882, 14: 1.4507400562206856, 15: 2.449904125948372, 16: 0.46270312111615564, 17: 5.442289860630118, 18: 0.4169966197148307, 19: 1.9418019380792784, 20: 0.46124387999786154, 21: 2.9635330351200553, 22: 0.9694903967583166, 23: 0.45554853845516363, 24: 0.4449900013443724, 25: 0.9714740536278297, 26: 1.9577737721955317, 27: 0.47650172903354093, 28: 4.925265902595567, 29: 3.455309839103948, 30: 0.48781355043536045, 31: 0.9822302878777734, 32: 1.9500606431394527, 33: 1.9339299359263888, 34: 1.4950876629778216, 35: 1.452603665445074, 36: 1.9575080749765854, 37: 2.447942756604508, 38: 4.453719111930907, 39: 1.4874506282106852, 40: 4.421609461637077, 41: 0.959251487101282, 42: 1.4557144657436893, 43: 0.4415883845973676, 44: 0.4833608129586327, 45: 0.968426829081506, 46: 2.9598385826866886, 47: 0.4608183524996876, 48: 1.4560241702983867, 49: 0.47116609885673455, 50: 0.9466959018232896, 51: 0.9658441278537865, 52: 0.4601439951422963, 53: 0.961663529559655, 54: 2.4628390095584143, 55: 1.970214466731726, 56: 0.9749223230733963, 57: 0.9583496570930987, 58: 0.44973966596157217, 59: 0.47843731939314305, 60: 1.4468110633144655, 61: 1.9559408451588813, 62: 0.45862072978657853, 63: 0.4837177760521989, 64: 0.46830045289144895, 65: 1.9460160368533468, 66: 3.447837936218805, 67: 1.440852205746984, 68: 5.934256613403552, 69: 0.4486815529660839, 70: 1.4265400641955268, 71: 0.44241444384470086, 72: 6.477242872023777, 73: 0.467781046913614, 74: 0.4395381218076263, 75: 5.466093233951157, 76: 0.9668735372692165, 77: 3.471632947847715, 78: 0.9513575020952378, 79: 1.963694471902857, 80: 0.4669692393725835, 81: 4.450059043984334, 82: 1.468032356420883, 83: 0.44848344263318163, 84: 0.9606982761884562, 85: 1.9499431174479585, 86: 5.971106726502595, 87: 3.959648166503153, 88: 0.45396730211785474, 89: 4.481819812722725, 90: 6.956199230265515, 91: 0.9561602893727126, 92: 0.9459227534412236, 93: 2.9593385262943523, 94: 0.9572397491187983, 95: 1.4579867279247603, 96: 2.4439529547249115, 97: 3.935295181692227, 98: 1.4831439554796977, 99: 1.9437838876885927}
2025-01-27 09:43:38 - WARNING  - Sum of s_i: 193.2961862862693
2025-01-27 09:43:59 - WARNING  - Epoch:   269. Accuracy: Top-1: 75.22 | Loss: value: 0.72
2025-01-27 09:43:59 - WARNING  - Epoch 269
2025-01-27 09:43:59 - WARNING  - s_i: {0: 2.454057160058231, 1: 0.4714903796453003, 2: 0.4515236226949124, 3: 0.9643130153226939, 4: 4.939612355136146, 5: 1.9552477429334838, 6: 2.9521110753718545, 7: 3.9618877433208186, 8: 2.4783281443026284, 9: 1.9618031779322957, 10: 2.4553442039763214, 11: 2.486650137836895, 12: 2.445448208681606, 13: 1.9638532957981882, 14: 1.4507400562206856, 15: 2.9453499555800438, 16: 0.46270312111615564, 17: 5.442289860630118, 18: 0.4169966197148307, 19: 1.9418019380792784, 20: 0.46124387999786154, 21: 2.9635330351200553, 22: 0.9694903967583166, 23: 0.45554853845516363, 24: 0.4449900013443724, 25: 0.9714740536278297, 26: 1.9577737721955317, 27: 0.47650172903354093, 28: 4.925265902595567, 29: 3.455309839103948, 30: 0.48781355043536045, 31: 0.9822302878777734, 32: 1.9500606431394527, 33: 1.9339299359263888, 34: 1.4950876629778216, 35: 1.452603665445074, 36: 1.9575080749765854, 37: 2.447942756604508, 38: 4.453719111930907, 39: 1.4874506282106852, 40: 4.421609461637077, 41: 0.959251487101282, 42: 1.4557144657436893, 43: 0.4415883845973676, 44: 0.4833608129586327, 45: 0.968426829081506, 46: 2.9598385826866886, 47: 0.9559206465621486, 48: 1.4560241702983867, 49: 0.47116609885673455, 50: 0.9466959018232896, 51: 0.9658441278537865, 52: 0.4601439951422963, 53: 0.961663529559655, 54: 2.4628390095584143, 55: 1.970214466731726, 56: 0.9749223230733963, 57: 0.9583496570930987, 58: 0.44973966596157217, 59: 0.47843731939314305, 60: 1.4468110633144655, 61: 1.9559408451588813, 62: 0.45862072978657853, 63: 0.4837177760521989, 64: 0.46830045289144895, 65: 1.9460160368533468, 66: 3.447837936218805, 67: 1.440852205746984, 68: 5.934256613403552, 69: 0.4486815529660839, 70: 0.9216427351418948, 71: 0.44241444384470086, 72: 6.477242872023777, 73: 0.467781046913614, 74: 0.4395381218076263, 75: 5.466093233951157, 76: 0.9668735372692165, 77: 3.471632947847715, 78: 0.9513575020952378, 79: 1.963694471902857, 80: 0.4669692393725835, 81: 4.450059043984334, 82: 1.468032356420883, 83: 0.44848344263318163, 84: 0.9606982761884562, 85: 1.9499431174479585, 86: 5.971106726502595, 87: 3.959648166503153, 88: 0.45396730211785474, 89: 4.481819812722725, 90: 5.951332478072794, 91: 0.9561602893727126, 92: 0.9459227534412236, 93: 2.9593385262943523, 94: 0.9572397491187983, 95: 1.4579867279247603, 96: 2.4439529547249115, 97: 3.935295181692227, 98: 1.4831439554796977, 99: 2.4397684510949214}
2025-01-27 09:43:59 - WARNING  - Sum of s_i: 193.27295489212338
2025-01-27 09:44:20 - WARNING  - Epoch:   270. Accuracy: Top-1: 75.40 | Loss: value: 0.71
2025-01-27 09:44:20 - WARNING  - Epoch 270
2025-01-27 09:44:20 - WARNING  - s_i: {0: 2.454057160058231, 1: 0.4714903796453003, 2: 0.4515236226949124, 3: 0.9643130153226939, 4: 4.939612355136146, 5: 1.9552477429334838, 6: 2.9521110753718545, 7: 3.9618877433208186, 8: 2.4783281443026284, 9: 1.9618031779322957, 10: 2.4553442039763214, 11: 2.486650137836895, 12: 2.445448208681606, 13: 1.9638532957981882, 14: 1.4507400562206856, 15: 2.9453499555800438, 16: 0.46270312111615564, 17: 5.442289860630118, 18: 0.4169966197148307, 19: 1.9418019380792784, 20: 0.46124387999786154, 21: 2.9635330351200553, 22: 0.9694903967583166, 23: 0.45554853845516363, 24: 0.4449900013443724, 25: 0.9714740536278297, 26: 1.9577737721955317, 27: 0.47650172903354093, 28: 0.4205950215077845, 29: 3.455309839103948, 30: 0.48781355043536045, 31: 0.9822302878777734, 32: 1.9500606431394527, 33: 1.9339299359263888, 34: 1.4950876629778216, 35: 1.452603665445074, 36: 1.9575080749765854, 37: 2.447942756604508, 38: 4.453719111930907, 39: 1.4874506282106852, 40: 4.421609461637077, 41: 0.959251487101282, 42: 1.4557144657436893, 43: 2.437095183412551, 44: 0.4833608129586327, 45: 0.968426829081506, 46: 2.9598385826866886, 47: 0.9559206465621486, 48: 1.4560241702983867, 49: 0.47116609885673455, 50: 0.9466959018232896, 51: 0.9658441278537865, 52: 0.4601439951422963, 53: 0.961663529559655, 54: 2.4628390095584143, 55: 1.970214466731726, 56: 0.9749223230733963, 57: 0.9583496570930987, 58: 0.44973966596157217, 59: 0.47843731939314305, 60: 1.4468110633144655, 61: 1.9559408451588813, 62: 0.45862072978657853, 63: 0.4837177760521989, 64: 0.46830045289144895, 65: 1.9460160368533468, 66: 3.447837936218805, 67: 1.440852205746984, 68: 5.934256613403552, 69: 0.4486815529660839, 70: 0.9216427351418948, 71: 0.44241444384470086, 72: 6.477242872023777, 73: 0.467781046913614, 74: 0.4395381218076263, 75: 5.466093233951157, 76: 0.9668735372692165, 77: 3.471632947847715, 78: 0.9513575020952378, 79: 1.963694471902857, 80: 0.4669692393725835, 81: 4.450059043984334, 82: 1.468032356420883, 83: 0.44848344263318163, 84: 0.9606982761884562, 85: 1.9499431174479585, 86: 5.971106726502595, 87: 3.959648166503153, 88: 0.45396730211785474, 89: 4.477274765903406, 90: 5.951332478072794, 91: 2.4512892104141257, 92: 0.9459227534412236, 93: 2.9593385262943523, 94: 0.9572397491187983, 95: 1.4579867279247603, 96: 2.4439529547249115, 97: 3.935295181692227, 98: 1.4831439554796977, 99: 2.4397684510949214}
2025-01-27 09:44:20 - WARNING  - Sum of s_i: 192.25437468407287
2025-01-27 09:44:26 - WARNING  - The sum of accs: 75.0
2025-01-27 09:44:26 - WARNING  - The welfare is 74.91392421338954
2025-01-27 09:44:47 - WARNING  - Epoch:   271. Accuracy: Top-1: 76.57 | Loss: value: 0.67
2025-01-27 09:44:47 - WARNING  - Epoch 271
2025-01-27 09:44:47 - WARNING  - s_i: {0: 2.454057160058231, 1: 0.4714903796453003, 2: 0.4515236226949124, 3: 0.9643130153226939, 4: 4.939612355136146, 5: 1.9552477429334838, 6: 2.9521110753718545, 7: 3.9618877433208186, 8: 2.4783281443026284, 9: 1.9618031779322957, 10: 2.4553442039763214, 11: 2.486650137836895, 12: 2.445448208681606, 13: 1.9638532957981882, 14: 1.4507400562206856, 15: 2.9453499555800438, 16: 0.46270312111615564, 17: 5.442289860630118, 18: 0.4169966197148307, 19: 1.9418019380792784, 20: 0.46124387999786154, 21: 2.9635330351200553, 22: 0.9694903967583166, 23: 0.45554853845516363, 24: 0.4449900013443724, 25: 0.9714740536278297, 26: 1.9577737721955317, 27: 0.47650172903354093, 28: 0.4205950215077845, 29: 3.451247097204307, 30: 0.48781355043536045, 31: 0.9822302878777734, 32: 1.9500606431394527, 33: 1.9339299359263888, 34: 1.4950876629778216, 35: 1.452603665445074, 36: 1.9575080749765854, 37: 2.447942756604508, 38: 4.453719111930907, 39: 1.4874506282106852, 40: 4.421609461637077, 41: 0.959251487101282, 42: 0.951285912318058, 43: 2.437095183412551, 44: 0.4833608129586327, 45: 0.968426829081506, 46: 2.9598385826866886, 47: 0.9559206465621486, 48: 1.4560241702983867, 49: 0.47116609885673455, 50: 0.9466959018232896, 51: 0.9658441278537865, 52: 0.4601439951422963, 53: 0.961663529559655, 54: 2.4628390095584143, 55: 1.970214466731726, 56: 0.9749223230733963, 57: 0.9583496570930987, 58: 0.44973966596157217, 59: 0.47843731939314305, 60: 1.4468110633144655, 61: 1.9559408451588813, 62: 0.45862072978657853, 63: 0.4837177760521989, 64: 0.46830045289144895, 65: 1.9460160368533468, 66: 3.447837936218805, 67: 1.440852205746984, 68: 5.934256613403552, 69: 0.4486815529660839, 70: 0.9216427351418948, 71: 0.44241444384470086, 72: 6.477242872023777, 73: 0.467781046913614, 74: 0.4395381218076263, 75: 5.466093233951157, 76: 0.9668735372692165, 77: 3.471632947847715, 78: 0.9513575020952378, 79: 1.963694471902857, 80: 0.4669692393725835, 81: 4.450059043984334, 82: 1.468032356420883, 83: 0.44848344263318163, 84: 0.9606982761884562, 85: 1.9499431174479585, 86: 5.971106726502595, 87: 3.959648166503153, 88: 0.45396730211785474, 89: 4.477274765903406, 90: 5.951332478072794, 91: 2.4512892104141257, 92: 0.9459227534412236, 93: 2.9593385262943523, 94: 0.9572397491187983, 95: 1.4579867279247603, 96: 2.4439529547249115, 97: 3.935295181692227, 98: 1.4831439554796977, 99: 2.4397684510949214}
2025-01-27 09:44:47 - WARNING  - Sum of s_i: 191.74588338874761
2025-01-27 09:45:08 - WARNING  - Epoch:   272. Accuracy: Top-1: 75.47 | Loss: value: 0.71
2025-01-27 09:45:08 - WARNING  - Epoch 272
2025-01-27 09:45:08 - WARNING  - s_i: {0: 2.454057160058231, 1: 0.4714903796453003, 2: 0.4515236226949124, 3: 0.9643130153226939, 4: 4.939612355136146, 5: 1.9552477429334838, 6: 2.9521110753718545, 7: 2.4576530481342473, 8: 2.4783281443026284, 9: 1.9618031779322957, 10: 2.4553442039763214, 11: 2.486650137836895, 12: 1.9404889549253932, 13: 1.9638532957981882, 14: 1.4507400562206856, 15: 2.9453499555800438, 16: 0.46270312111615564, 17: 5.442289860630118, 18: 0.4169966197148307, 19: 1.9418019380792784, 20: 0.46124387999786154, 21: 2.9635330351200553, 22: 0.9694903967583166, 23: 0.45554853845516363, 24: 0.4449900013443724, 25: 0.9714740536278297, 26: 1.9577737721955317, 27: 0.47650172903354093, 28: 0.4205950215077845, 29: 3.451247097204307, 30: 0.48781355043536045, 31: 0.9822302878777734, 32: 1.9500606431394527, 33: 1.9339299359263888, 34: 1.4950876629778216, 35: 1.452603665445074, 36: 1.9575080749765854, 37: 2.447942756604508, 38: 4.453719111930907, 39: 1.4874506282106852, 40: 4.421609461637077, 41: 0.959251487101282, 42: 0.951285912318058, 43: 2.437095183412551, 44: 0.4833608129586327, 45: 0.968426829081506, 46: 2.9598385826866886, 47: 0.9559206465621486, 48: 1.4560241702983867, 49: 0.47116609885673455, 50: 0.9466959018232896, 51: 0.9658441278537865, 52: 0.4601439951422963, 53: 0.961663529559655, 54: 2.4628390095584143, 55: 1.970214466731726, 56: 0.9749223230733963, 57: 0.9583496570930987, 58: 0.44973966596157217, 59: 0.47843731939314305, 60: 1.4468110633144655, 61: 1.9559408451588813, 62: 0.45862072978657853, 63: 0.4837177760521989, 64: 0.46830045289144895, 65: 1.9460160368533468, 66: 3.447837936218805, 67: 1.440852205746984, 68: 5.934256613403552, 69: 0.4486815529660839, 70: 0.9216427351418948, 71: 0.44241444384470086, 72: 6.477242872023777, 73: 0.467781046913614, 74: 0.4395381218076263, 75: 5.466093233951157, 76: 0.9668735372692165, 77: 3.471632947847715, 78: 0.9513575020952378, 79: 1.963694471902857, 80: 0.4669692393725835, 81: 4.450059043984334, 82: 1.468032356420883, 83: 0.44848344263318163, 84: 0.9606982761884562, 85: 1.9499431174479585, 86: 5.971106726502595, 87: 3.959648166503153, 88: 0.45396730211785474, 89: 4.477274765903406, 90: 5.951332478072794, 91: 2.4512892104141257, 92: 0.9459227534412236, 93: 2.9593385262943523, 94: 0.9572397491187983, 95: 1.4579867279247603, 96: 2.4439529547249115, 97: 1.9303178879762428, 98: 1.4831439554796977, 99: 2.4397684510949214}
2025-01-27 09:45:08 - WARNING  - Sum of s_i: 187.73171214608885
2025-01-27 09:45:28 - WARNING  - Epoch:   273. Accuracy: Top-1: 77.28 | Loss: value: 0.66
2025-01-27 09:45:28 - WARNING  - Epoch 273
2025-01-27 09:45:28 - WARNING  - s_i: {0: 5.949462876064057, 1: 0.4714903796453003, 2: 0.4515236226949124, 3: 0.9643130153226939, 4: 4.939612355136146, 5: 1.9552477429334838, 6: 2.9521110753718545, 7: 2.4576530481342473, 8: 2.4783281443026284, 9: 1.9618031779322957, 10: 2.4553442039763214, 11: 2.486650137836895, 12: 1.9404889549253932, 13: 1.9638532957981882, 14: 1.4507400562206856, 15: 2.9453499555800438, 16: 0.46270312111615564, 17: 5.442289860630118, 18: 0.4169966197148307, 19: 1.9418019380792784, 20: 0.46124387999786154, 21: 2.9635330351200553, 22: 0.9694903967583166, 23: 0.45554853845516363, 24: 0.4449900013443724, 25: 0.9714740536278297, 26: 1.9577737721955317, 27: 0.47650172903354093, 28: 0.4205950215077845, 29: 3.451247097204307, 30: 0.48781355043536045, 31: 0.9822302878777734, 32: 1.9500606431394527, 33: 0.4292106456354141, 34: 1.4950876629778216, 35: 1.452603665445074, 36: 1.9575080749765854, 37: 2.447942756604508, 38: 4.453719111930907, 39: 1.4874506282106852, 40: 4.421609461637077, 41: 0.959251487101282, 42: 0.951285912318058, 43: 2.437095183412551, 44: 0.4833608129586327, 45: 0.968426829081506, 46: 2.9598385826866886, 47: 0.9559206465621486, 48: 1.4560241702983867, 49: 0.47116609885673455, 50: 0.9466959018232896, 51: 0.9658441278537865, 52: 0.4601439951422963, 53: 0.961663529559655, 54: 3.458710010620469, 55: 1.970214466731726, 56: 0.9749223230733963, 57: 0.9583496570930987, 58: 0.44973966596157217, 59: 0.47843731939314305, 60: 1.4468110633144655, 61: 1.9559408451588813, 62: 0.45862072978657853, 63: 0.4837177760521989, 64: 0.46830045289144895, 65: 1.9460160368533468, 66: 3.447837936218805, 67: 1.440852205746984, 68: 5.934256613403552, 69: 0.4486815529660839, 70: 0.9216427351418948, 71: 0.44241444384470086, 72: 6.477242872023777, 73: 0.467781046913614, 74: 0.4395381218076263, 75: 5.466093233951157, 76: 0.9668735372692165, 77: 3.471632947847715, 78: 0.9513575020952378, 79: 1.963694471902857, 80: 0.4669692393725835, 81: 4.450059043984334, 82: 1.468032356420883, 83: 0.44848344263318163, 84: 0.9606982761884562, 85: 1.9499431174479585, 86: 5.971106726502595, 87: 3.959648166503153, 88: 0.9497825114013009, 89: 4.477274765903406, 90: 5.951332478072794, 91: 2.4512892104141257, 92: 0.9459227534412236, 93: 2.9593385262943523, 94: 0.9572397491187983, 95: 1.4579867279247603, 96: 2.4439529547249115, 97: 1.9303178879762428, 98: 1.4831439554796977, 99: 2.4397684510949214}
2025-01-27 09:45:28 - WARNING  - Sum of s_i: 191.2140847821492
2025-01-27 09:45:48 - WARNING  - Epoch:   274. Accuracy: Top-1: 77.28 | Loss: value: 0.67
2025-01-27 09:45:48 - WARNING  - Epoch 274
2025-01-27 09:45:48 - WARNING  - s_i: {0: 5.949462876064057, 1: 0.4714903796453003, 2: 0.4515236226949124, 3: 0.9643130153226939, 4: 0.4349671516850817, 5: 1.9552477429334838, 6: 2.9521110753718545, 7: 2.4576530481342473, 8: 2.4783281443026284, 9: 1.9618031779322957, 10: 2.4553442039763214, 11: 2.486650137836895, 12: 1.9404889549253932, 13: 1.9638532957981882, 14: 1.946635060905742, 15: 2.9453499555800438, 16: 0.46270312111615564, 17: 5.442289860630118, 18: 0.4169966197148307, 19: 1.9418019380792784, 20: 0.46124387999786154, 21: 2.9635330351200553, 22: 0.9694903967583166, 23: 0.45554853845516363, 24: 0.4449900013443724, 25: 0.9714740536278297, 26: 1.9577737721955317, 27: 0.47650172903354093, 28: 0.4205950215077845, 29: 3.451247097204307, 30: 0.48781355043536045, 31: 0.9822302878777734, 32: 1.9500606431394527, 33: 0.4292106456354141, 34: 1.4950876629778216, 35: 1.452603665445074, 36: 1.9575080749765854, 37: 2.447942756604508, 38: 4.453719111930907, 39: 1.4874506282106852, 40: 4.421609461637077, 41: 0.959251487101282, 42: 0.951285912318058, 43: 2.437095183412551, 44: 0.4833608129586327, 45: 0.968426829081506, 46: 2.9598385826866886, 47: 0.9559206465621486, 48: 1.4560241702983867, 49: 0.47116609885673455, 50: 0.9422538936418972, 51: 0.9658441278537865, 52: 1.4557155501581018, 53: 0.961663529559655, 54: 3.458710010620469, 55: 1.970214466731726, 56: 0.9749223230733963, 57: 0.9583496570930987, 58: 0.44973966596157217, 59: 0.47843731939314305, 60: 1.4468110633144655, 61: 1.9559408451588813, 62: 0.45862072978657853, 63: 0.4837177760521989, 64: 0.46830045289144895, 65: 1.9460160368533468, 66: 3.447837936218805, 67: 1.440852205746984, 68: 5.934256613403552, 69: 0.4486815529660839, 70: 0.9216427351418948, 71: 0.44241444384470086, 72: 6.477242872023777, 73: 0.467781046913614, 74: 0.4395381218076263, 75: 5.466093233951157, 76: 0.9668735372692165, 77: 3.471632947847715, 78: 0.9513575020952378, 79: 1.963694471902857, 80: 0.4669692393725835, 81: 4.450059043984334, 82: 1.468032356420883, 83: 0.44848344263318163, 84: 2.9563314179871756, 85: 1.9499431174479585, 86: 5.971106726502595, 87: 3.959648166503153, 88: 0.9497825114013009, 89: 4.477274765903406, 90: 5.951332478072794, 91: 2.4512892104141257, 92: 0.9459227534412236, 93: 2.9593385262943523, 94: 0.9572397491187983, 95: 1.4579867279247603, 96: 2.4439529547249115, 97: 1.9303178879762428, 98: 1.4831439554796977, 99: 2.4397684510949214}
2025-01-27 09:45:48 - WARNING  - Sum of s_i: 190.19209727201633
2025-01-27 09:46:13 - WARNING  - Epoch:   275. Accuracy: Top-1: 75.70 | Loss: value: 0.69
2025-01-27 09:46:13 - WARNING  - Epoch 275
2025-01-27 09:46:13 - WARNING  - s_i: {0: 5.949462876064057, 1: 0.4714903796453003, 2: 0.4515236226949124, 3: 0.9643130153226939, 4: 0.4349671516850817, 5: 1.9552477429334838, 6: 2.9521110753718545, 7: 2.4576530481342473, 8: 2.4783281443026284, 9: 1.9618031779322957, 10: 2.4553442039763214, 11: 2.486650137836895, 12: 1.9404889549253932, 13: 1.9638532957981882, 14: 1.946635060905742, 15: 2.9453499555800438, 16: 0.46270312111615564, 17: 5.442289860630118, 18: 0.4169966197148307, 19: 1.9418019380792784, 20: 0.46124387999786154, 21: 2.9635330351200553, 22: 0.9694903967583166, 23: 0.45554853845516363, 24: 0.4449900013443724, 25: 0.9714740536278297, 26: 1.9577737721955317, 27: 0.47650172903354093, 28: 0.4205950215077845, 29: 3.451247097204307, 30: 0.48781355043536045, 31: 0.9822302878777734, 32: 1.9500606431394527, 33: 0.4292106456354141, 34: 1.4950876629778216, 35: 1.452603665445074, 36: 1.9575080749765854, 37: 2.447942756604508, 38: 4.453719111930907, 39: 1.4874506282106852, 40: 4.421609461637077, 41: 0.959251487101282, 42: 0.951285912318058, 43: 2.437095183412551, 44: 0.4833608129586327, 45: 0.968426829081506, 46: 2.9598385826866886, 47: 0.9559206465621486, 48: 1.4560241702983867, 49: 0.47116609885673455, 50: 0.9422538936418972, 51: 0.9658441278537865, 52: 1.4557155501581018, 53: 0.961663529559655, 54: 3.458710010620469, 55: 1.970214466731726, 56: 0.9749223230733963, 57: 0.9583496570930987, 58: 0.44973966596157217, 59: 0.47843731939314305, 60: 1.4468110633144655, 61: 1.9559408451588813, 62: 0.45862072978657853, 63: 0.4837177760521989, 64: 0.46830045289144895, 65: 1.9460160368533468, 66: 3.447837936218805, 67: 1.440852205746984, 68: 5.934256613403552, 69: 0.4486815529660839, 70: 0.9216427351418948, 71: 0.44241444384470086, 72: 6.477242872023777, 73: 0.467781046913614, 74: 0.4395381218076263, 75: 5.466093233951157, 76: 0.9668735372692165, 77: 3.471632947847715, 78: 0.9513575020952378, 79: 1.963694471902857, 80: 0.4669692393725835, 81: 4.450059043984334, 82: 1.468032356420883, 83: 0.44848344263318163, 84: 2.9563314179871756, 85: 1.9499431174479585, 86: 5.971106726502595, 87: 3.959648166503153, 88: 0.9497825114013009, 89: 4.477274765903406, 90: 5.951332478072794, 91: 2.4512892104141257, 92: 0.9459227534412236, 93: 2.9593385262943523, 94: 0.9572397491187983, 95: 1.4579867279247603, 96: 2.4439529547249115, 97: 1.9303178879762428, 98: 1.4831439554796977, 99: 2.4397684510949214}
2025-01-27 09:46:13 - WARNING  - Sum of s_i: 190.19209727201633
2025-01-27 09:46:33 - WARNING  - Epoch:   276. Accuracy: Top-1: 77.05 | Loss: value: 0.66
2025-01-27 09:46:33 - WARNING  - Epoch 276
2025-01-27 09:46:33 - WARNING  - s_i: {0: 5.949462876064057, 1: 0.4714903796453003, 2: 0.4515236226949124, 3: 0.9643130153226939, 4: 0.4349671516850817, 5: 1.9552477429334838, 6: 2.9521110753718545, 7: 2.4576530481342473, 8: 1.4739937731631494, 9: 1.9618031779322957, 10: 2.4553442039763214, 11: 2.486650137836895, 12: 1.9404889549253932, 13: 1.9638532957981882, 14: 1.946635060905742, 15: 2.9453499555800438, 16: 0.46270312111615564, 17: 5.442289860630118, 18: 0.9121140679333506, 19: 1.9418019380792784, 20: 0.46124387999786154, 21: 2.9635330351200553, 22: 0.9694903967583166, 23: 0.45554853845516363, 24: 0.4449900013443724, 25: 0.9714740536278297, 26: 1.9577737721955317, 27: 0.47650172903354093, 28: 0.4159241404200064, 29: 3.451247097204307, 30: 0.48781355043536045, 31: 0.9822302878777734, 32: 1.9500606431394527, 33: 0.4292106456354141, 34: 1.4950876629778216, 35: 1.452603665445074, 36: 1.9575080749765854, 37: 2.447942756604508, 38: 4.453719111930907, 39: 1.4874506282106852, 40: 4.421609461637077, 41: 0.959251487101282, 42: 0.951285912318058, 43: 2.437095183412551, 44: 0.4833608129586327, 45: 1.4639163760931497, 46: 2.9598385826866886, 47: 0.9559206465621486, 48: 1.4560241702983867, 49: 0.47116609885673455, 50: 0.9422538936418972, 51: 0.9658441278537865, 52: 1.4557155501581018, 53: 0.961663529559655, 54: 3.458710010620469, 55: 1.970214466731726, 56: 0.9749223230733963, 57: 0.9583496570930987, 58: 0.44973966596157217, 59: 0.4741247832717734, 60: 1.4468110633144655, 61: 1.9559408451588813, 62: 0.45862072978657853, 63: 0.4837177760521989, 64: 0.46830045289144895, 65: 1.9460160368533468, 66: 3.447837936218805, 67: 1.440852205746984, 68: 5.934256613403552, 69: 0.4486815529660839, 70: 0.9216427351418948, 71: 0.44241444384470086, 72: 6.477242872023777, 73: 0.467781046913614, 74: 0.4395381218076263, 75: 5.466093233951157, 76: 0.9668735372692165, 77: 3.471632947847715, 78: 0.9513575020952378, 79: 1.963694471902857, 80: 0.4669692393725835, 81: 4.450059043984334, 82: 1.468032356420883, 83: 0.44848344263318163, 84: 2.9563314179871756, 85: 1.9499431174479585, 86: 5.971106726502595, 87: 3.959648166503153, 88: 0.9497825114013009, 89: 4.477274765903406, 90: 5.951332478072794, 91: 2.4512892104141257, 92: 1.441006640117699, 93: 2.955272378923788, 94: 0.9572397491187983, 95: 1.4579867279247603, 96: 2.4439529547249115, 97: 1.9303178879762428, 98: 1.4831439554796977, 99: 2.4397684510949214}
2025-01-27 09:46:33 - WARNING  - Sum of s_i: 190.66040421820375
2025-01-27 09:46:53 - WARNING  - Epoch:   277. Accuracy: Top-1: 75.93 | Loss: value: 0.69
2025-01-27 09:46:53 - WARNING  - Epoch 277
2025-01-27 09:46:53 - WARNING  - s_i: {0: 5.949462876064057, 1: 0.4714903796453003, 2: 0.4515236226949124, 3: 0.9643130153226939, 4: 0.4349671516850817, 5: 1.9552477429334838, 6: 2.9521110753718545, 7: 2.4576530481342473, 8: 1.4739937731631494, 9: 1.9618031779322957, 10: 2.4553442039763214, 11: 2.486650137836895, 12: 1.9404889549253932, 13: 1.9638532957981882, 14: 1.946635060905742, 15: 2.9453499555800438, 16: 0.46270312111615564, 17: 5.442289860630118, 18: 0.9121140679333506, 19: 1.9418019380792784, 20: 0.46124387999786154, 21: 2.9635330351200553, 22: 0.9694903967583166, 23: 0.45554853845516363, 24: 0.4449900013443724, 25: 0.9714740536278297, 26: 1.9577737721955317, 27: 0.47650172903354093, 28: 0.4159241404200064, 29: 3.451247097204307, 30: 0.48781355043536045, 31: 0.9822302878777734, 32: 1.9500606431394527, 33: 0.4292106456354141, 34: 1.4950876629778216, 35: 1.452603665445074, 36: 1.9575080749765854, 37: 2.447942756604508, 38: 4.453719111930907, 39: 1.4874506282106852, 40: 4.421609461637077, 41: 0.959251487101282, 42: 0.951285912318058, 43: 2.437095183412551, 44: 0.4833608129586327, 45: 1.4639163760931497, 46: 2.9598385826866886, 47: 0.9559206465621486, 48: 1.4560241702983867, 49: 0.47116609885673455, 50: 0.9422538936418972, 51: 0.9658441278537865, 52: 1.4557155501581018, 53: 0.961663529559655, 54: 3.458710010620469, 55: 1.970214466731726, 56: 0.9749223230733963, 57: 0.9583496570930987, 58: 0.44973966596157217, 59: 0.4741247832717734, 60: 1.4468110633144655, 61: 1.9559408451588813, 62: 0.45862072978657853, 63: 0.4837177760521989, 64: 0.46830045289144895, 65: 1.9460160368533468, 66: 3.447837936218805, 67: 1.440852205746984, 68: 5.934256613403552, 69: 0.4486815529660839, 70: 0.9216427351418948, 71: 0.44241444384470086, 72: 1.4726914464285281, 73: 0.467781046913614, 74: 0.4395381218076263, 75: 5.466093233951157, 76: 0.9668735372692165, 77: 3.471632947847715, 78: 0.9513575020952378, 79: 1.963694471902857, 80: 0.4669692393725835, 81: 4.450059043984334, 82: 1.468032356420883, 83: 0.44848344263318163, 84: 2.9563314179871756, 85: 1.9499431174479585, 86: 5.971106726502595, 87: 3.959648166503153, 88: 0.9497825114013009, 89: 4.477274765903406, 90: 5.951332478072794, 91: 2.4512892104141257, 92: 1.441006640117699, 93: 2.955272378923788, 94: 0.9572397491187983, 95: 1.4579867279247603, 96: 2.4439529547249115, 97: 1.9303178879762428, 98: 1.4831439554796977, 99: 2.4397684510949214}
2025-01-27 09:46:53 - WARNING  - Sum of s_i: 185.65585279260853
2025-01-27 09:47:14 - WARNING  - Epoch:   278. Accuracy: Top-1: 76.24 | Loss: value: 0.67
2025-01-27 09:47:14 - WARNING  - Epoch 278
2025-01-27 09:47:14 - WARNING  - s_i: {0: 5.949462876064057, 1: 0.4714903796453003, 2: 0.4515236226949124, 3: 0.9643130153226939, 4: 0.4349671516850817, 5: 1.9552477429334838, 6: 2.9521110753718545, 7: 2.4576530481342473, 8: 1.4739937731631494, 9: 1.9618031779322957, 10: 2.4553442039763214, 11: 2.486650137836895, 12: 1.9404889549253932, 13: 1.9638532957981882, 14: 1.946635060905742, 15: 2.9453499555800438, 16: 0.46270312111615564, 17: 5.442289860630118, 18: 0.9121140679333506, 19: 1.9418019380792784, 20: 0.46124387999786154, 21: 2.9635330351200553, 22: 0.9694903967583166, 23: 0.45554853845516363, 24: 0.4449900013443724, 25: 0.9714740536278297, 26: 1.9577737721955317, 27: 0.47650172903354093, 28: 0.4159241404200064, 29: 3.451247097204307, 30: 0.48781355043536045, 31: 0.9822302878777734, 32: 1.9500606431394527, 33: 0.4292106456354141, 34: 1.4950876629778216, 35: 1.452603665445074, 36: 1.9575080749765854, 37: 2.447942756604508, 38: 4.453719111930907, 39: 1.4874506282106852, 40: 4.421609461637077, 41: 0.959251487101282, 42: 0.951285912318058, 43: 2.437095183412551, 44: 0.4833608129586327, 45: 1.4639163760931497, 46: 2.9598385826866886, 47: 0.9559206465621486, 48: 1.4560241702983867, 49: 0.47116609885673455, 50: 0.9422538936418972, 51: 0.9658441278537865, 52: 1.4557155501581018, 53: 0.961663529559655, 54: 3.458710010620469, 55: 1.970214466731726, 56: 0.9749223230733963, 57: 0.9583496570930987, 58: 0.44973966596157217, 59: 0.4741247832717734, 60: 1.4468110633144655, 61: 1.9559408451588813, 62: 0.45862072978657853, 63: 0.4837177760521989, 64: 0.46830045289144895, 65: 1.9460160368533468, 66: 3.447837936218805, 67: 1.440852205746984, 68: 5.934256613403552, 69: 0.4486815529660839, 70: 0.9216427351418948, 71: 0.44241444384470086, 72: 1.4726914464285281, 73: 0.467781046913614, 74: 0.4395381218076263, 75: 5.466093233951157, 76: 0.9668735372692165, 77: 3.471632947847715, 78: 0.9513575020952378, 79: 1.963694471902857, 80: 0.4669692393725835, 81: 4.450059043984334, 82: 1.468032356420883, 83: 0.44848344263318163, 84: 2.9563314179871756, 85: 1.9499431174479585, 86: 5.971106726502595, 87: 3.959648166503153, 88: 0.9497825114013009, 89: 4.477274765903406, 90: 5.951332478072794, 91: 2.4512892104141257, 92: 1.441006640117699, 93: 2.955272378923788, 94: 0.9572397491187983, 95: 1.4579867279247603, 96: 2.4439529547249115, 97: 1.9303178879762428, 98: 1.4831439554796977, 99: 2.4397684510949214}
2025-01-27 09:47:14 - WARNING  - Sum of s_i: 185.65585279260853
2025-01-27 09:47:35 - WARNING  - Epoch:   279. Accuracy: Top-1: 75.84 | Loss: value: 0.69
2025-01-27 09:47:35 - WARNING  - Epoch 279
2025-01-27 09:47:35 - WARNING  - s_i: {0: 5.949462876064057, 1: 0.4714903796453003, 2: 0.4515236226949124, 3: 0.9643130153226939, 4: 2.4303219482340177, 5: 1.9552477429334838, 6: 2.9521110753718545, 7: 2.4576530481342473, 8: 1.4739937731631494, 9: 1.9618031779322957, 10: 2.4553442039763214, 11: 2.486650137836895, 12: 1.9404889549253932, 13: 1.9638532957981882, 14: 1.946635060905742, 15: 2.9453499555800438, 16: 0.46270312111615564, 17: 5.442289860630118, 18: 0.9121140679333506, 19: 1.9418019380792784, 20: 0.46124387999786154, 21: 2.9635330351200553, 22: 0.9694903967583166, 23: 0.45554853845516363, 24: 0.4449900013443724, 25: 0.9714740536278297, 26: 1.9577737721955317, 27: 0.47650172903354093, 28: 0.4159241404200064, 29: 3.451247097204307, 30: 0.48781355043536045, 31: 0.9822302878777734, 32: 1.9500606431394527, 33: 0.4292106456354141, 34: 1.4950876629778216, 35: 1.452603665445074, 36: 1.9575080749765854, 37: 2.447942756604508, 38: 4.453719111930907, 39: 1.4874506282106852, 40: 4.421609461637077, 41: 0.959251487101282, 42: 0.951285912318058, 43: 2.437095183412551, 44: 0.4833608129586327, 45: 1.4639163760931497, 46: 2.9598385826866886, 47: 0.9559206465621486, 48: 1.4560241702983867, 49: 0.47116609885673455, 50: 0.9422538936418972, 51: 0.9658441278537865, 52: 1.4557155501581018, 53: 1.4574039217329495, 54: 3.458710010620469, 55: 1.970214466731726, 56: 0.9749223230733963, 57: 0.9583496570930987, 58: 0.44973966596157217, 59: 0.4741247832717734, 60: 1.4468110633144655, 61: 2.4515349296747635, 62: 0.45862072978657853, 63: 0.4796472200652488, 64: 0.46830045289144895, 65: 1.9460160368533468, 66: 3.447837936218805, 67: 1.440852205746984, 68: 5.934256613403552, 69: 0.4486815529660839, 70: 0.9216427351418948, 71: 0.44241444384470086, 72: 2.4681400208332835, 73: 0.467781046913614, 74: 0.4395381218076263, 75: 5.466093233951157, 76: 0.9668735372692165, 77: 3.471632947847715, 78: 0.9513575020952378, 79: 1.963694471902857, 80: 0.4669692393725835, 81: 4.4450649483827664, 82: 1.468032356420883, 83: 0.44848344263318163, 84: 2.9563314179871756, 85: 1.9499431174479585, 86: 5.971106726502595, 87: 3.959648166503153, 88: 0.9497825114013009, 89: 4.477274765903406, 90: 5.951332478072794, 91: 3.946418131455539, 92: 1.441006640117699, 93: 2.955272378923788, 94: 0.9572397491187983, 95: 1.4579867279247603, 96: 2.4439529547249115, 97: 1.9303178879762428, 98: 1.4831439554796977, 99: 2.4397684510949214}
2025-01-27 09:47:35 - WARNING  - Sum of s_i: 191.12405490970428
2025-01-27 09:47:56 - WARNING  - Epoch:   280. Accuracy: Top-1: 75.49 | Loss: value: 0.70
2025-01-27 09:47:56 - WARNING  - Epoch 280
2025-01-27 09:47:56 - WARNING  - s_i: {0: 3.4448685920698834, 1: 0.4714903796453003, 2: 0.4515236226949124, 3: 0.9643130153226939, 4: 2.4303219482340177, 5: 1.9552477429334838, 6: 2.9521110753718545, 7: 2.4576530481342473, 8: 1.4739937731631494, 9: 1.9618031779322957, 10: 2.4553442039763214, 11: 2.486650137836895, 12: 1.9404889549253932, 13: 1.9638532957981882, 14: 1.946635060905742, 15: 2.9453499555800438, 16: 0.46270312111615564, 17: 5.442289860630118, 18: 0.9121140679333506, 19: 1.9418019380792784, 20: 3.456399364997597, 21: 2.9635330351200553, 22: 0.9694903967583166, 23: 0.45554853845516363, 24: 0.4449900013443724, 25: 0.9714740536278297, 26: 1.9577737721955317, 27: 0.47650172903354093, 28: 0.4159241404200064, 29: 3.451247097204307, 30: 0.48781355043536045, 31: 0.9822302878777734, 32: 1.9500606431394527, 33: 0.4292106456354141, 34: 1.4950876629778216, 35: 2.44829490775827, 36: 1.9575080749765854, 37: 2.447942756604508, 38: 4.453719111930907, 39: 1.4874506282106852, 40: 4.421609461637077, 41: 0.959251487101282, 42: 0.951285912318058, 43: 2.437095183412551, 44: 0.4833608129586327, 45: 1.4639163760931497, 46: 2.9598385826866886, 47: 0.9559206465621486, 48: 1.4560241702983867, 49: 0.47116609885673455, 50: 1.4378118854605053, 51: 0.9658441278537865, 52: 1.4557155501581018, 53: 1.4574039217329495, 54: 3.458710010620469, 55: 1.970214466731726, 56: 0.9749223230733963, 57: 0.9583496570930987, 58: 0.44973966596157217, 59: 0.4741247832717734, 60: 1.4468110633144655, 61: 2.4515349296747635, 62: 0.45862072978657853, 63: 0.4796472200652488, 64: 0.46830045289144895, 65: 1.9460160368533468, 66: 3.447837936218805, 67: 3.9363023754198254, 68: 5.934256613403552, 69: 2.9444050157132606, 70: 0.9216427351418948, 71: 0.44241444384470086, 72: 2.4681400208332835, 73: 0.467781046913614, 74: 0.4395381218076263, 75: 5.466093233951157, 76: 2.9627327294278647, 77: 3.471632947847715, 78: 0.9513575020952378, 79: 1.963694471902857, 80: 0.4669692393725835, 81: 4.4450649483827664, 82: 1.468032356420883, 83: 0.44848344263318163, 84: 2.9563314179871756, 85: 1.9499431174479585, 86: 5.971106726502595, 87: 3.959648166503153, 88: 0.9497825114013009, 89: 4.477274765903406, 90: 5.951332478072794, 91: 3.946418131455539, 92: 1.441006640117699, 93: 2.955272378923788, 94: 0.9572397491187983, 95: 1.4579867279247603, 96: 2.4439529547249115, 97: 1.9303178879762428, 98: 1.4831439554796977, 99: 2.935753014501256}
2025-01-27 09:47:56 - WARNING  - Sum of s_i: 200.58888273282665
2025-01-27 09:48:01 - WARNING  - The sum of accs: 71.0
2025-01-27 09:48:01 - WARNING  - The welfare is 70.9103975072001
2025-01-27 09:48:22 - WARNING  - Epoch:   281. Accuracy: Top-1: 77.13 | Loss: value: 0.67
2025-01-27 09:48:22 - WARNING  - Epoch 281
2025-01-27 09:48:22 - WARNING  - s_i: {0: 3.4448685920698834, 1: 0.4714903796453003, 2: 0.4515236226949124, 3: 0.9643130153226939, 4: 2.4303219482340177, 5: 1.9552477429334838, 6: 2.9521110753718545, 7: 2.4576530481342473, 8: 1.4739937731631494, 9: 3.45755908659144, 10: 2.4553442039763214, 11: 2.486650137836895, 12: 1.9404889549253932, 13: 1.9638532957981882, 14: 1.946635060905742, 15: 2.9453499555800438, 16: 0.46270312111615564, 17: 5.442289860630118, 18: 0.9121140679333506, 19: 1.9418019380792784, 20: 3.456399364997597, 21: 2.9635330351200553, 22: 0.9694903967583166, 23: 0.45554853845516363, 24: 0.4449900013443724, 25: 0.9714740536278297, 26: 1.9577737721955317, 27: 0.47650172903354093, 28: 0.4159241404200064, 29: 3.451247097204307, 30: 0.48781355043536045, 31: 0.9822302878777734, 32: 1.9500606431394527, 33: 0.4292106456354141, 34: 1.4950876629778216, 35: 2.44829490775827, 36: 1.9575080749765854, 37: 2.447942756604508, 38: 4.453719111930907, 39: 1.4874506282106852, 40: 4.421609461637077, 41: 0.959251487101282, 42: 0.951285912318058, 43: 2.437095183412551, 44: 0.4833608129586327, 45: 1.4639163760931497, 46: 2.9598385826866886, 47: 0.9559206465621486, 48: 1.4560241702983867, 49: 0.47116609885673455, 50: 1.4378118854605053, 51: 0.9658441278537865, 52: 1.4557155501581018, 53: 1.4574039217329495, 54: 3.458710010620469, 55: 1.970214466731726, 56: 0.9749223230733963, 57: 0.9583496570930987, 58: 0.44973966596157217, 59: 0.4741247832717734, 60: 1.4468110633144655, 61: 2.4515349296747635, 62: 0.45862072978657853, 63: 0.4796472200652488, 64: 0.46830045289144895, 65: 1.9460160368533468, 66: 3.447837936218805, 67: 3.9363023754198254, 68: 5.934256613403552, 69: 2.9444050157132606, 70: 0.9216427351418948, 71: 0.44241444384470086, 72: 2.4681400208332835, 73: 0.467781046913614, 74: 0.4395381218076263, 75: 5.466093233951157, 76: 2.9627327294278647, 77: 3.471632947847715, 78: 0.9513575020952378, 79: 1.963694471902857, 80: 0.4669692393725835, 81: 4.4450649483827664, 82: 1.468032356420883, 83: 0.44848344263318163, 84: 2.9563314179871756, 85: 1.9499431174479585, 86: 5.971106726502595, 87: 4.455164629447949, 88: 0.9497825114013009, 89: 4.477274765903406, 90: 5.951332478072794, 91: 3.946418131455539, 92: 1.441006640117699, 93: 2.955272378923788, 94: 0.9572397491187983, 95: 1.4579867279247603, 96: 2.4439529547249115, 97: 1.9303178879762428, 98: 1.4831439554796977, 99: 2.935753014501256}
2025-01-27 09:48:22 - WARNING  - Sum of s_i: 202.5801551044306
2025-01-27 09:48:45 - WARNING  - Epoch:   282. Accuracy: Top-1: 74.57 | Loss: value: 0.73
2025-01-27 09:48:45 - WARNING  - Epoch 282
2025-01-27 09:48:45 - WARNING  - s_i: {0: 3.4448685920698834, 1: 0.4714903796453003, 2: 0.4515236226949124, 3: 0.9643130153226939, 4: 2.4303219482340177, 5: 1.9552477429334838, 6: 1.4477575367692985, 7: 2.4576530481342473, 8: 1.4739937731631494, 9: 3.45755908659144, 10: 2.4553442039763214, 11: 2.486650137836895, 12: 1.9404889549253932, 13: 1.9638532957981882, 14: 1.946635060905742, 15: 2.9453499555800438, 16: 0.46270312111615564, 17: 5.442289860630118, 18: 0.9121140679333506, 19: 1.9418019380792784, 20: 3.456399364997597, 21: 2.9635330351200553, 22: 0.9694903967583166, 23: 0.45554853845516363, 24: 0.4449900013443724, 25: 0.9714740536278297, 26: 1.9577737721955317, 27: 0.47650172903354093, 28: 0.4159241404200064, 29: 3.451247097204307, 30: 0.48781355043536045, 31: 0.9822302878777734, 32: 1.9500606431394527, 33: 0.4292106456354141, 34: 1.4950876629778216, 35: 2.44829490775827, 36: 1.9575080749765854, 37: 2.447942756604508, 38: 4.453719111930907, 39: 1.4874506282106852, 40: 4.421609461637077, 41: 0.959251487101282, 42: 0.951285912318058, 43: 2.437095183412551, 44: 0.4833608129586327, 45: 1.4639163760931497, 46: 2.9598385826866886, 47: 0.9559206465621486, 48: 1.4560241702983867, 49: 0.47116609885673455, 50: 1.4378118854605053, 51: 0.9658441278537865, 52: 1.4557155501581018, 53: 1.4574039217329495, 54: 3.458710010620469, 55: 1.970214466731726, 56: 0.9749223230733963, 57: 0.9583496570930987, 58: 0.44973966596157217, 59: 0.4741247832717734, 60: 1.4468110633144655, 61: 2.4515349296747635, 62: 0.45862072978657853, 63: 0.4796472200652488, 64: 0.46830045289144895, 65: 1.9460160368533468, 66: 3.447837936218805, 67: 3.9363023754198254, 68: 1.9301476517412768, 69: 2.9444050157132606, 70: 0.9216427351418948, 71: 0.44241444384470086, 72: 2.4681400208332835, 73: 0.467781046913614, 74: 0.4395381218076263, 75: 5.466093233951157, 76: 2.9627327294278647, 77: 3.471632947847715, 78: 0.9513575020952378, 79: 1.963694471902857, 80: 0.4669692393725835, 81: 4.4450649483827664, 82: 1.468032356420883, 83: 0.44848344263318163, 84: 2.9563314179871756, 85: 1.9499431174479585, 86: 5.971106726502595, 87: 4.455164629447949, 88: 0.9497825114013009, 89: 4.477274765903406, 90: 5.951332478072794, 91: 3.946418131455539, 92: 1.441006640117699, 93: 2.955272378923788, 94: 0.9572397491187983, 95: 1.4579867279247603, 96: 2.4439529547249115, 97: 1.9303178879762428, 98: 1.4831439554796977, 99: 2.935753014501256}
2025-01-27 09:48:45 - WARNING  - Sum of s_i: 197.07169260416575
2025-01-27 09:49:07 - WARNING  - Epoch:   283. Accuracy: Top-1: 76.13 | Loss: value: 0.69
2025-01-27 09:49:07 - WARNING  - Epoch 283
2025-01-27 09:49:07 - WARNING  - s_i: {0: 3.4448685920698834, 1: 0.4714903796453003, 2: 0.4515236226949124, 3: 0.9643130153226939, 4: 2.4303219482340177, 5: 1.9552477429334838, 6: 1.4477575367692985, 7: 2.4576530481342473, 8: 1.4739937731631494, 9: 2.4533149952505875, 10: 2.4553442039763214, 11: 2.482200183782526, 12: 1.9404889549253932, 13: 1.9638532957981882, 14: 1.946635060905742, 15: 2.9453499555800438, 16: 0.46270312111615564, 17: 5.442289860630118, 18: 0.9121140679333506, 19: 1.9418019380792784, 20: 3.456399364997597, 21: 2.9635330351200553, 22: 0.9694903967583166, 23: 0.45554853845516363, 24: 0.4449900013443724, 25: 0.9667197292324727, 26: 1.9577737721955317, 27: 0.47650172903354093, 28: 0.4159241404200064, 29: 3.451247097204307, 30: 0.48781355043536045, 31: 0.9822302878777734, 32: 1.9500606431394527, 33: 0.4292106456354141, 34: 1.4950876629778216, 35: 0.4439861500714577, 36: 1.9575080749765854, 37: 6.943938353266398, 38: 4.453719111930907, 39: 1.4874506282106852, 40: 4.421609461637077, 41: 5.954723874556984, 42: 0.951285912318058, 43: 2.437095183412551, 44: 0.4833608129586327, 45: 1.4639163760931497, 46: 2.9598385826866886, 47: 0.9559206465621486, 48: 1.4560241702983867, 49: 5.466360448666196, 50: 1.4378118854605053, 51: 0.9658441278537865, 52: 1.4557155501581018, 53: 1.4574039217329495, 54: 3.458710010620469, 55: 1.970214466731726, 56: 0.9749223230733963, 57: 0.9583496570930987, 58: 0.44973966596157217, 59: 0.4741247832717734, 60: 1.4468110633144655, 61: 2.4515349296747635, 62: 0.45862072978657853, 63: 0.4796472200652488, 64: 0.46830045289144895, 65: 1.9460160368533468, 66: 3.447837936218805, 67: 3.9363023754198254, 68: 1.9301476517412768, 69: 2.9444050157132606, 70: 0.9216427351418948, 71: 0.44241444384470086, 72: 2.4681400208332835, 73: 0.467781046913614, 74: 0.4395381218076263, 75: 5.466093233951157, 76: 2.9627327294278647, 77: 3.471632947847715, 78: 0.9513575020952378, 79: 4.45966052433651, 80: 0.4669692393725835, 81: 4.4450649483827664, 82: 1.468032356420883, 83: 0.44848344263318163, 84: 2.9563314179871756, 85: 1.9499431174479585, 86: 5.971106726502595, 87: 4.455164629447949, 88: 0.9497825114013009, 89: 4.477274765903406, 90: 5.951332478072794, 91: 3.946418131455539, 92: 3.9360905267941764, 93: 2.955272378923788, 94: 0.9572397491187983, 95: 1.4579867279247603, 96: 2.4439529547249115, 97: 1.9303178879762428, 98: 1.4831439554796977, 99: 2.935753014501256}
2025-01-27 09:49:07 - WARNING  - Sum of s_i: 213.53164774972555
Length of Loader 100
{39: -0.3500000000000003, 8: -1.1000000000000005, 7: -0.7500000000000001, 59: -1.1000000000000005, 11: -0.8000000000000002, 66: -1.7000000000000002, 2: -1.7000000000000004, 44: -2.1500000000000004, 28: -2.0, 94: -2.1999999999999997}
Length of Loader 100
{12: -0.5500000000000005, 41: -0.30000000000000027, 37: -0.7500000000000001, 92: -0.4500000000000004, 32: -0.8500000000000002, 62: -0.6, 71: -0.65, 48: -0.65, 13: -0.9500000000000003, 47: -0.7500000000000001}
Length of Loader 100
{91: -1.0999999999999999, 30: -0.40000000000000036, 73: -1.0000000000000004, 66: -0.6500000000000006, 4: -0.8000000000000007, 10: -0.65, 14: -1.4999999999999996, 69: -1.1000000000000005, 87: -1.4000000000000001, 28: -1.4500000000000002}
Length of Loader 100
{48: -0.15000000000000013, 50: -0.7500000000000001, 18: -0.40000000000000036, 24: -1.25, 52: -0.8999999999999997, 54: -1.15, 61: -1.0500000000000003, 68: -1.35, 69: -1.1500000000000004, 26: -1.15}
Length of Loader 100
{37: -0.30000000000000027, 25: -0.3500000000000003, 10: -0.44999999999999984, 1: -0.09999999999999953, 92: -0.19999999999999962, 91: -0.14999999999999958, 52: -0.09999999999999953, 41: -0.34999999999999976, 5: 5.551115123125783e-16, 32: -0.34999999999999976}
Length of Loader 100
{81: 0.5500000000000005, 72: 0.2500000000000002, 1: -0.44999999999999984, 69: -0.09999999999999953, 91: -0.3499999999999992, 80: -0.10000000000000009, 37: 0.10000000000000064, 27: -0.4499999999999993, 20: -0.34999999999999976, 94: 5.551115123125783e-16}
Length of Loader 100
{55: 0.10000000000000009, 77: 0.20000000000000018, 52: -0.19999999999999962, 71: -0.10000000000000009, 61: -0.2999999999999997, 25: 0.0, 28: -0.6999999999999995, 73: -0.34999999999999976, 58: -0.44999999999999984, 82: -0.3999999999999998}
Length of Loader 100
{25: -0.29999999999999916, 52: -0.050000000000000044, 53: -0.10000000000000009, 13: 0.0, 37: 0.0, 27: -0.15000000000000013, 81: -0.20000000000000018, 21: 0.050000000000000044, 74: 5.551115123125783e-16, 73: 5.551115123125783e-16}
Length of Loader 100
{82: -0.3999999999999998, 66: -0.3500000000000003, 9: 0.050000000000000044, 94: -0.6, 68: -0.40000000000000036, 87: -0.7000000000000001, 5: -0.8999999999999997, 39: -0.34999999999999976, 74: -1.0999999999999999, 67: -0.8999999999999997}
Length of Loader 100
{13: -0.44999999999999984, 96: -0.40000000000000036, 16: -0.3500000000000003, 92: -0.3500000000000003, 57: -0.20000000000000018, 58: -0.40000000000000036, 47: -0.30000000000000027, 1: -0.2500000000000002, 55: -0.9000000000000002, 31: -0.44999999999999984}
Length of Loader 100
{42: -0.3500000000000003, 64: -0.3500000000000003, 84: -0.4500000000000004, 67: -0.5000000000000004, 45: -0.5500000000000005, 49: -0.5500000000000005, 30: -0.3500000000000003, 59: -0.7500000000000007, 5: -0.7500000000000007, 74: -0.2500000000000002}
Length of Loader 100
{32: 0.050000000000000044, 81: -1.0500000000000003, 86: -1.0500000000000003, 24: -1.35, 54: -1.15, 91: -0.40000000000000036, 78: -1.1000000000000005, 29: -1.8499999999999994, 21: -0.7499999999999996, 95: -1.25}
Length of Loader 100
{51: 0.050000000000000044, 15: 0.15000000000000013, 23: -0.10000000000000009, 48: -0.24999999999999967, 4: 0.30000000000000027, 35: 0.0, 89: 0.15000000000000013, 79: 0.050000000000000044, 54: -0.39999999999999925, 91: -0.44999999999999984}
Length of Loader 100
{86: 0.49999999999999933, 17: 0.4999999999999999, 6: 0.1500000000000007, 68: 0.5000000000000004, 38: 0.3500000000000003, 90: 0.6000000000000005, 21: 0.050000000000000044, 75: 0.5000000000000004, 61: 0.15000000000000013, 40: 0.4000000000000009}
Length of Loader 100
{67: -0.6999999999999995, 85: 0.0, 92: -0.7500000000000001, 57: 0.0, 35: -0.8500000000000002, 7: -0.6499999999999995, 1: -0.44999999999999984, 43: -0.5499999999999994, 6: -0.65, 71: -1.0499999999999998}
Length of Loader 100
{41: -0.4999999999999999, 17: -0.8499999999999996, 93: -0.5999999999999994, 38: -0.65, 83: -1.0499999999999998, 0: -1.25, 13: -2.1999999999999997, 22: -1.0000000000000004, 32: -1.4999999999999996, 26: -1.0999999999999999}
Length of Loader 100
{95: -0.10000000000000009, 74: -0.24999999999999967, 62: -0.19999999999999962, 86: -0.14999999999999958, 42: -0.24999999999999967, 19: -0.5999999999999994, 79: -0.7999999999999996, 98: -0.8499999999999996, 45: -0.4999999999999999, 51: -0.6999999999999995}
Length of Loader 100
{99: 0.050000000000000044, 70: -0.050000000000000044, 47: 0.050000000000000044, 15: 0.050000000000000044, 90: -0.10000000000000009, 51: -0.30000000000000027, 6: -0.5499999999999994, 49: -0.34999999999999976, 38: -0.7999999999999996, 73: -0.40000000000000036}
Length of Loader 100
{89: 0.0, 43: 0.20000000000000018, 69: -0.4999999999999999, 91: 0.15000000000000013, 46: -0.4999999999999999, 42: -0.30000000000000027, 45: -0.7000000000000001, 23: -0.050000000000000044, 10: -0.6, 28: -0.4500000000000004}
Length of Loader 100
{29: 0.0, 62: -0.20000000000000018, 83: -0.4500000000000004, 42: -0.050000000000000044, 91: -0.6000000000000005, 18: -0.15000000000000013, 78: -0.15000000000000013, 2: -0.2500000000000002, 3: -0.6000000000000005, 22: -0.4500000000000004}
Length of Loader 100
{60: -0.3999999999999998, 91: -0.3999999999999998, 88: -0.40000000000000036, 85: -0.3500000000000003, 45: -0.7999999999999996, 97: -0.20000000000000018, 7: -0.14999999999999958, 62: -0.19999999999999962, 31: -0.49999999999999933, 12: -0.04999999999999949}
Length of Loader 100
{0: 0.3500000000000003, 15: -0.2999999999999997, 54: 0.10000000000000064, 67: -0.2500000000000002, 92: -0.5999999999999994, 88: 0.0500000000000006, 23: -0.29999999999999916, 33: -0.15000000000000013, 84: -0.2500000000000002, 2: -0.2500000000000002}
Length of Loader 100
{32: -0.44999999999999984, 64: -0.04999999999999949, 20: -0.14999999999999902, 14: 0.050000000000000044, 52: 0.09999999999999953, 50: 0.0, 84: 0.20000000000000018, 4: -0.44999999999999984, 5: -0.44999999999999984, 8: -0.9999999999999998}
Length of Loader 100
{11: -0.7500000000000001, 79: -1.0499999999999998, 54: -1.1999999999999993, 96: -0.44999999999999984, 87: -1.9, 0: -0.9000000000000002, 47: -0.65, 48: -2.3, 92: -1.9499999999999995, 77: -2.2}
Length of Loader 100
{45: 0.050000000000000044, 93: 0.0, 8: -0.10000000000000009, 92: 0.050000000000000044, 59: 0.0, 18: 0.050000000000000044, 27: -0.34999999999999976, 28: 0.0, 62: -0.24999999999999967, 43: -0.5000000000000004}
Length of Loader 100
{66: -0.5500000000000005, 23: -0.8000000000000002, 56: -0.3500000000000003, 73: -0.4500000000000004, 7: -0.3500000000000003, 72: -0.5000000000000004, 80: -0.6000000000000005, 98: -1.0999999999999999, 57: -0.8500000000000002, 60: -0.9500000000000003}
Length of Loader 100
{33: -0.3500000000000003, 55: -0.2500000000000002, 34: -0.4500000000000004, 65: -0.5500000000000005, 81: -0.4500000000000004, 46: -0.7499999999999996, 44: -0.6, 51: -0.65, 8: -0.6, 73: -0.5499999999999999}
Length of Loader 100
{72: 0.10000000000000009, 45: -0.2500000000000002, 61: 0.04999999999999949, 53: 0.050000000000000044, 4: 0.20000000000000018, 58: -0.050000000000000044, 56: -0.24999999999999967, 91: 0.15000000000000013, 63: 0.0, 81: 0.0}
Length of Loader 100
{67: 0.24999999999999967, 76: 0.19999999999999962, 50: 0.050000000000000044, 99: 0.0500000000000006, 35: 0.10000000000000064, 20: 0.30000000000000027, 52: -0.2999999999999997, 69: 0.2500000000000002, 0: -0.24999999999999967, 94: -0.34999999999999976}
Length of Loader 100
{33: -0.5499999999999999, 2: -0.050000000000000044, 9: 0.15000000000000013, 87: 0.050000000000000044, 72: -0.49999999999999933, 71: -0.050000000000000044, 29: -0.3999999999999998, 4: -1.0499999999999998, 22: -0.5499999999999999, 76: -0.7000000000000001}
Length of Loader 100
{6: -0.14999999999999958, 0: -0.6, 92: -0.7500000000000001, 57: -0.4999999999999999, 31: -0.5999999999999994, 96: -0.4999999999999999, 30: -1.2, 66: -1.0000000000000004, 68: -0.3999999999999998, 32: -0.6999999999999995}
Length of Loader 100
{19: -0.34999999999999976, 25: 5.551115123125783e-16, 35: -0.20000000000000018, 92: 0.2500000000000002, 37: 0.4500000000000004, 49: 0.5000000000000004, 41: 0.5000000000000004, 79: 0.2500000000000002, 11: 0.0, 9: -0.09999999999999953}
Length of Loader 100
2025-01-27 09:49:28 - WARNING  - Epoch:   284. Accuracy: Top-1: 77.56 | Loss: value: 0.64
2025-01-27 09:49:28 - WARNING  - Epoch 284
2025-01-27 09:49:28 - WARNING  - s_i: {0: 3.4448685920698834, 1: 0.4714903796453003, 2: 0.4515236226949124, 3: 0.9643130153226939, 4: 2.4303219482340177, 5: 1.9552477429334838, 6: 1.4477575367692985, 7: 2.4576530481342473, 8: 1.4739937731631494, 9: 2.4533149952505875, 10: 2.4553442039763214, 11: 4.477750229728159, 12: 1.9404889549253932, 13: 1.9638532957981882, 14: 0.9425300655907969, 15: 2.9453499555800438, 16: 0.46270312111615564, 17: 5.442289860630118, 18: 0.9121140679333506, 19: 1.9418019380792784, 20: 3.456399364997597, 21: 2.9635330351200553, 22: 0.9694903967583166, 23: 0.45554853845516363, 24: 0.4449900013443724, 25: 0.9667197292324727, 26: 1.9577737721955317, 27: 0.47650172903354093, 28: 0.4159241404200064, 29: 3.451247097204307, 30: 0.48781355043536045, 31: 0.9822302878777734, 32: 1.9500606431394527, 33: 0.4292106456354141, 34: 1.4950876629778216, 35: 0.4439861500714577, 36: 1.9575080749765854, 37: 6.943938353266398, 38: 4.453719111930907, 39: 1.4874506282106852, 40: 4.421609461637077, 41: 5.954723874556984, 42: 0.951285912318058, 43: 2.437095183412551, 44: 0.4833608129586327, 45: 1.4639163760931497, 46: 2.9598385826866886, 47: 0.9559206465621486, 48: 1.4560241702983867, 49: 5.466360448666196, 50: 1.4378118854605053, 51: 0.9658441278537865, 52: 1.4557155501581018, 53: 1.4574039217329495, 54: 3.458710010620469, 55: 1.970214466731726, 56: 0.9749223230733963, 57: 0.9541846228024085, 58: 0.44973966596157217, 59: 0.4741247832717734, 60: 1.4468110633144655, 61: 2.4515349296747635, 62: 0.45862072978657853, 63: 0.4796472200652488, 64: 0.46830045289144895, 65: 1.9460160368533468, 66: 3.447837936218805, 67: 3.9363023754198254, 68: 1.9301476517412768, 69: 2.9444050157132606, 70: 0.9216427351418948, 71: 0.44241444384470086, 72: 2.4681400208332835, 73: 0.467781046913614, 74: 0.4395381218076263, 75: 5.466093233951157, 76: 2.9627327294278647, 77: 3.471632947847715, 78: 0.9513575020952378, 79: 4.45966052433651, 80: 0.4669692393725835, 81: 4.4450649483827664, 82: 1.468032356420883, 83: 0.44848344263318163, 84: 1.9519645597858923, 85: 1.9499431174479585, 86: 5.971106726502595, 87: 4.455164629447949, 88: 0.9497825114013009, 89: 4.477274765903406, 90: 5.951332478072794, 91: 3.946418131455539, 92: 3.9360905267941764, 93: 2.955272378923788, 94: 0.9572397491187983, 95: 1.4579867279247603, 96: 2.4439529547249115, 97: 1.9303178879762428, 98: 1.4831439554796977, 99: 2.935753014501256}
2025-01-27 09:49:28 - WARNING  - Sum of s_i: 213.51456090786425
2025-01-27 09:49:49 - WARNING  - Epoch:   285. Accuracy: Top-1: 76.91 | Loss: value: 0.67
2025-01-27 09:49:49 - WARNING  - Epoch 285
2025-01-27 09:49:49 - WARNING  - s_i: {0: 3.4448685920698834, 1: 0.4714903796453003, 2: 0.4515236226949124, 3: 0.9643130153226939, 4: 2.4303219482340177, 5: 1.9552477429334838, 6: 1.4477575367692985, 7: 2.4576530481342473, 8: 1.4739937731631494, 9: 2.4533149952505875, 10: 2.4553442039763214, 11: 4.477750229728159, 12: 1.9404889549253932, 13: 1.9638532957981882, 14: 0.9425300655907969, 15: 2.9453499555800438, 16: 0.46270312111615564, 17: 5.442289860630118, 18: 0.9121140679333506, 19: 1.9418019380792784, 20: 3.456399364997597, 21: 2.9635330351200553, 22: 0.9694903967583166, 23: 0.45554853845516363, 24: 0.4449900013443724, 25: 0.9667197292324727, 26: 1.9577737721955317, 27: 0.47650172903354093, 28: 0.4159241404200064, 29: 3.451247097204307, 30: 0.48781355043536045, 31: 0.9822302878777734, 32: 1.9500606431394527, 33: 0.4292106456354141, 34: 1.4950876629778216, 35: 0.4439861500714577, 36: 1.9575080749765854, 37: 6.943938353266398, 38: 4.453719111930907, 39: 1.4874506282106852, 40: 4.421609461637077, 41: 5.954723874556984, 42: 0.951285912318058, 43: 2.437095183412551, 44: 0.4833608129586327, 45: 1.4639163760931497, 46: 2.9598385826866886, 47: 0.9559206465621486, 48: 1.4560241702983867, 49: 5.466360448666196, 50: 1.4378118854605053, 51: 0.9658441278537865, 52: 1.4557155501581018, 53: 1.4574039217329495, 54: 3.458710010620469, 55: 1.970214466731726, 56: 0.9749223230733963, 57: 0.9541846228024085, 58: 0.44973966596157217, 59: 0.4741247832717734, 60: 1.4468110633144655, 61: 2.4515349296747635, 62: 0.45862072978657853, 63: 0.4796472200652488, 64: 0.46830045289144895, 65: 1.9460160368533468, 66: 3.447837936218805, 67: 3.9363023754198254, 68: 1.9301476517412768, 69: 2.9444050157132606, 70: 0.9216427351418948, 71: 0.44241444384470086, 72: 2.4681400208332835, 73: 0.467781046913614, 74: 0.4395381218076263, 75: 5.466093233951157, 76: 2.9627327294278647, 77: 3.471632947847715, 78: 0.9513575020952378, 79: 4.45966052433651, 80: 0.4669692393725835, 81: 2.9400708527812034, 82: 1.468032356420883, 83: 0.44848344263318163, 84: 1.9519645597858923, 85: 1.9499431174479585, 86: 5.971106726502595, 87: 4.455164629447949, 88: 0.9497825114013009, 89: 4.477274765903406, 90: 5.951332478072794, 91: 3.946418131455539, 92: 3.9360905267941764, 93: 2.955272378923788, 94: 0.9572397491187983, 95: 1.4579867279247603, 96: 2.4439529547249115, 97: 1.9303178879762428, 98: 1.4831439554796977, 99: 2.935753014501256}
2025-01-27 09:49:49 - WARNING  - Sum of s_i: 212.0095668122627
2025-01-27 09:50:09 - WARNING  - Epoch:   286. Accuracy: Top-1: 76.99 | Loss: value: 0.66
2025-01-27 09:50:09 - WARNING  - Epoch 286
2025-01-27 09:50:09 - WARNING  - s_i: {0: 3.4448685920698834, 1: 0.4714903796453003, 2: 0.4515236226949124, 3: 0.9643130153226939, 4: 2.4303219482340177, 5: 1.9552477429334838, 6: 1.4477575367692985, 7: 2.4576530481342473, 8: 2.469659402023672, 9: 2.4533149952505875, 10: 2.4553442039763214, 11: 4.477750229728159, 12: 1.9404889549253932, 13: 1.9638532957981882, 14: 0.9425300655907969, 15: 2.9453499555800438, 16: 0.46270312111615564, 17: 5.442289860630118, 18: 0.9121140679333506, 19: 1.9418019380792784, 20: 3.456399364997597, 21: 2.9635330351200553, 22: 0.9694903967583166, 23: 0.45554853845516363, 24: 0.4449900013443724, 25: 0.9667197292324727, 26: 1.9577737721955317, 27: 0.47650172903354093, 28: 0.4159241404200064, 29: 3.451247097204307, 30: 0.48781355043536045, 31: 0.9822302878777734, 32: 1.9500606431394527, 33: 0.4292106456354141, 34: 1.4950876629778216, 35: 0.4439861500714577, 36: 1.9575080749765854, 37: 6.943938353266398, 38: 4.453719111930907, 39: 1.4874506282106852, 40: 4.421609461637077, 41: 5.954723874556984, 42: 0.951285912318058, 43: 2.437095183412551, 44: 0.4833608129586327, 45: 1.459405923104793, 46: 2.9598385826866886, 47: 0.9559206465621486, 48: 1.9511379669982076, 49: 5.466360448666196, 50: 1.4378118854605053, 51: 0.9658441278537865, 52: 1.4557155501581018, 53: 1.4574039217329495, 54: 3.458710010620469, 55: 1.970214466731726, 56: 2.9707427102522965, 57: 0.9541846228024085, 58: 0.44973966596157217, 59: 0.4741247832717734, 60: 1.4468110633144655, 61: 2.4515349296747635, 62: 1.454023033096198, 63: 0.4796472200652488, 64: 0.46830045289144895, 65: 1.9460160368533468, 66: 3.447837936218805, 67: 3.9363023754198254, 68: 1.9301476517412768, 69: 2.9444050157132606, 70: 0.9216427351418948, 71: 0.44241444384470086, 72: 2.4681400208332835, 73: 0.467781046913614, 74: 0.4395381218076263, 75: 5.466093233951157, 76: 2.9627327294278647, 77: 3.471632947847715, 78: 0.9513575020952378, 79: 4.45966052433651, 80: 0.4669692393725835, 81: 1.9350767571796352, 82: 1.468032356420883, 83: 0.44848344263318163, 84: 1.9519645597858923, 85: 1.9499431174479585, 86: 5.971106726502595, 87: 4.455164629447949, 88: 0.9497825114013009, 89: 4.477274765903406, 90: 5.951332478072794, 91: 3.946418131455539, 92: 3.9360905267941764, 93: 2.955272378923788, 94: 0.9572397491187983, 95: 1.4579867279247603, 96: 2.4439529547249115, 97: 1.9303178879762428, 98: 1.4831439554796977, 99: 2.935753014501256}
2025-01-27 09:50:09 - WARNING  - Sum of s_i: 215.48206437972163
2025-01-27 09:50:32 - WARNING  - Epoch:   287. Accuracy: Top-1: 76.24 | Loss: value: 0.70
2025-01-27 09:50:32 - WARNING  - Epoch 287
2025-01-27 09:50:32 - WARNING  - s_i: {0: 3.4448685920698834, 1: 0.4714903796453003, 2: 0.4515236226949124, 3: 0.9643130153226939, 4: 2.4303219482340177, 5: 1.9552477429334838, 6: 1.4477575367692985, 7: 2.4576530481342473, 8: 2.469659402023672, 9: 2.4533149952505875, 10: 2.4553442039763214, 11: 4.477750229728159, 12: 1.9404889549253932, 13: 1.9638532957981882, 14: 0.9425300655907969, 15: 2.9453499555800438, 16: 0.46270312111615564, 17: 5.442289860630118, 18: 0.9121140679333506, 19: 1.9418019380792784, 20: 3.456399364997597, 21: 2.9635330351200553, 22: 0.9694903967583166, 23: 0.45554853845516363, 24: 0.4449900013443724, 25: 0.9667197292324727, 26: 1.9577737721955317, 27: 0.47650172903354093, 28: 0.4159241404200064, 29: 3.451247097204307, 30: 0.48781355043536045, 31: 0.9822302878777734, 32: 1.9500606431394527, 33: 0.4292106456354141, 34: 1.4950876629778216, 35: 0.4439861500714577, 36: 1.9575080749765854, 37: 6.943938353266398, 38: 4.453719111930907, 39: 1.4874506282106852, 40: 4.421609461637077, 41: 5.954723874556984, 42: 0.951285912318058, 43: 2.437095183412551, 44: 0.4833608129586327, 45: 1.459405923104793, 46: 2.9598385826866886, 47: 0.9559206465621486, 48: 1.9511379669982076, 49: 5.466360448666196, 50: 1.4378118854605053, 51: 0.9658441278537865, 52: 1.4557155501581018, 53: 1.4574039217329495, 54: 3.458710010620469, 55: 1.970214466731726, 56: 2.9707427102522965, 57: 0.9541846228024085, 58: 0.44973966596157217, 59: 0.4741247832717734, 60: 1.4468110633144655, 61: 2.4515349296747635, 62: 1.454023033096198, 63: 0.4796472200652488, 64: 0.46830045289144895, 65: 1.9460160368533468, 66: 3.447837936218805, 67: 3.9363023754198254, 68: 1.9301476517412768, 69: 2.9444050157132606, 70: 0.9216427351418948, 71: 0.44241444384470086, 72: 2.4681400208332835, 73: 0.467781046913614, 74: 0.4395381218076263, 75: 4.461854888195049, 76: 2.9627327294278647, 77: 3.471632947847715, 78: 0.9513575020952378, 79: 4.45966052433651, 80: 0.4669692393725835, 81: 1.9350767571796352, 82: 1.468032356420883, 83: 0.44848344263318163, 84: 1.9519645597858923, 85: 0.9453924917614127, 86: 5.971106726502595, 87: 4.455164629447949, 88: 0.9497825114013009, 89: 4.477274765903406, 90: 5.951332478072794, 91: 3.946418131455539, 92: 3.9360905267941764, 93: 2.955272378923788, 94: 0.9572397491187983, 95: 1.4579867279247603, 96: 2.4439529547249115, 97: 1.9303178879762428, 98: 1.4831439554796977, 99: 2.935753014501256}
2025-01-27 09:50:32 - WARNING  - Sum of s_i: 213.473275408279
2025-01-27 09:50:52 - WARNING  - Epoch:   288. Accuracy: Top-1: 76.01 | Loss: value: 0.72
2025-01-27 09:50:52 - WARNING  - Epoch 288
2025-01-27 09:50:52 - WARNING  - s_i: {0: 3.4448685920698834, 1: 0.4714903796453003, 2: 0.4515236226949124, 3: 0.9643130153226939, 4: 2.4303219482340177, 5: 1.9552477429334838, 6: 1.4477575367692985, 7: 2.4576530481342473, 8: 2.469659402023672, 9: 2.4533149952505875, 10: 2.4553442039763214, 11: 4.477750229728159, 12: 1.9404889549253932, 13: 1.9638532957981882, 14: 0.9425300655907969, 15: 2.9453499555800438, 16: 0.46270312111615564, 17: 1.9381677078179909, 18: 0.9121140679333506, 19: 1.9418019380792784, 20: 3.456399364997597, 21: 2.9635330351200553, 22: 0.9694903967583166, 23: 0.45554853845516363, 24: 0.4449900013443724, 25: 0.9667197292324727, 26: 1.9577737721955317, 27: 0.47650172903354093, 28: 0.4159241404200064, 29: 3.451247097204307, 30: 0.48781355043536045, 31: 0.9822302878777734, 32: 1.9500606431394527, 33: 0.4292106456354141, 34: 1.4950876629778216, 35: 0.4439861500714577, 36: 1.9575080749765854, 37: 6.943938353266398, 38: 4.453719111930907, 39: 1.4874506282106852, 40: 4.421609461637077, 41: 5.954723874556984, 42: 0.951285912318058, 43: 2.437095183412551, 44: 0.4833608129586327, 45: 1.459405923104793, 46: 2.9598385826866886, 47: 0.9559206465621486, 48: 1.9511379669982076, 49: 5.466360448666196, 50: 1.4378118854605053, 51: 0.9658441278537865, 52: 1.4557155501581018, 53: 1.4574039217329495, 54: 3.458710010620469, 55: 1.970214466731726, 56: 2.9707427102522965, 57: 0.9541846228024085, 58: 0.44973966596157217, 59: 0.4741247832717734, 60: 1.4468110633144655, 61: 2.4515349296747635, 62: 1.454023033096198, 63: 0.4796472200652488, 64: 0.46830045289144895, 65: 1.9460160368533468, 66: 3.447837936218805, 67: 3.9363023754198254, 68: 1.9301476517412768, 69: 2.9444050157132606, 70: 0.9216427351418948, 71: 0.44241444384470086, 72: 2.4681400208332835, 73: 0.467781046913614, 74: 0.4395381218076263, 75: 4.461854888195049, 76: 2.9627327294278647, 77: 3.471632947847715, 78: 0.9513575020952378, 79: 4.45966052433651, 80: 0.4669692393725835, 81: 1.9350767571796352, 82: 1.468032356420883, 83: 0.44848344263318163, 84: 1.9519645597858923, 85: 0.9453924917614127, 86: 5.971106726502595, 87: 4.455164629447949, 88: 0.9497825114013009, 89: 4.477274765903406, 90: 5.951332478072794, 91: 3.946418131455539, 92: 3.9360905267941764, 93: 2.955272378923788, 94: 0.9572397491187983, 95: 1.4579867279247603, 96: 0.4392823676186586, 97: 1.9303178879762428, 98: 1.4831439554796977, 99: 2.935753014501256}
2025-01-27 09:50:52 - WARNING  - Sum of s_i: 207.9644826683606
2025-01-27 09:51:13 - WARNING  - Epoch:   289. Accuracy: Top-1: 76.20 | Loss: value: 0.68
2025-01-27 09:51:13 - WARNING  - Epoch 289
2025-01-27 09:51:13 - WARNING  - s_i: {0: 3.4448685920698834, 1: 0.4714903796453003, 2: 0.4515236226949124, 3: 0.9643130153226939, 4: 2.4303219482340177, 5: 1.9552477429334838, 6: 1.4477575367692985, 7: 2.4576530481342473, 8: 2.469659402023672, 9: 2.4533149952505875, 10: 2.4553442039763214, 11: 4.477750229728159, 12: 1.9404889549253932, 13: 1.9638532957981882, 14: 0.9425300655907969, 15: 2.9453499555800438, 16: 0.46270312111615564, 17: 1.9381677078179909, 18: 0.9121140679333506, 19: 1.9418019380792784, 20: 3.456399364997597, 21: 2.9635330351200553, 22: 0.9694903967583166, 23: 0.45554853845516363, 24: 0.4449900013443724, 25: 0.9667197292324727, 26: 1.9577737721955317, 27: 0.47650172903354093, 28: 0.4159241404200064, 29: 3.451247097204307, 30: 0.48781355043536045, 31: 0.9822302878777734, 32: 1.9500606431394527, 33: 0.4292106456354141, 34: 1.4950876629778216, 35: 0.4439861500714577, 36: 1.9575080749765854, 37: 6.943938353266398, 38: 4.453719111930907, 39: 1.4874506282106852, 40: 4.421609461637077, 41: 5.954723874556984, 42: 0.951285912318058, 43: 2.437095183412551, 44: 0.4833608129586327, 45: 1.459405923104793, 46: 2.9598385826866886, 47: 0.9559206465621486, 48: 1.9511379669982076, 49: 5.466360448666196, 50: 1.4378118854605053, 51: 0.9658441278537865, 52: 1.4557155501581018, 53: 1.4574039217329495, 54: 3.458710010620469, 55: 1.970214466731726, 56: 2.9707427102522965, 57: 0.9541846228024085, 58: 0.44973966596157217, 59: 0.4741247832717734, 60: 1.4468110633144655, 61: 2.4515349296747635, 62: 1.454023033096198, 63: 0.4796472200652488, 64: 0.46830045289144895, 65: 1.9460160368533468, 66: 3.447837936218805, 67: 3.9363023754198254, 68: 1.9301476517412768, 69: 2.9444050157132606, 70: 0.9216427351418948, 71: 0.44241444384470086, 72: 2.4681400208332835, 73: 0.467781046913614, 74: 0.4395381218076263, 75: 4.461854888195049, 76: 2.9627327294278647, 77: 3.471632947847715, 78: 0.9513575020952378, 79: 4.45966052433651, 80: 0.4669692393725835, 81: 1.9350767571796352, 82: 1.468032356420883, 83: 0.44848344263318163, 84: 1.9519645597858923, 85: 0.9453924917614127, 86: 5.971106726502595, 87: 4.455164629447949, 88: 0.9497825114013009, 89: 4.477274765903406, 90: 5.951332478072794, 91: 3.946418131455539, 92: 3.9360905267941764, 93: 2.955272378923788, 94: 0.9572397491187983, 95: 1.4579867279247603, 96: 0.4392823676186586, 97: 1.9303178879762428, 98: 1.4831439554796977, 99: 2.935753014501256}
2025-01-27 09:51:13 - WARNING  - Sum of s_i: 207.9644826683606
2025-01-27 09:51:34 - WARNING  - Epoch:   290. Accuracy: Top-1: 76.65 | Loss: value: 0.66
2025-01-27 09:51:34 - WARNING  - Epoch 290
2025-01-27 09:51:34 - WARNING  - s_i: {0: 3.4448685920698834, 1: 0.4714903796453003, 2: 0.4515236226949124, 3: 0.9643130153226939, 4: 2.4303219482340177, 5: 1.9552477429334838, 6: 1.4477575367692985, 7: 2.4576530481342473, 8: 2.469659402023672, 9: 2.4533149952505875, 10: 2.4553442039763214, 11: 4.477750229728159, 12: 1.9404889549253932, 13: 1.9638532957981882, 14: 0.9425300655907969, 15: 2.9453499555800438, 16: 0.46270312111615564, 17: 1.9381677078179909, 18: 0.9121140679333506, 19: 1.9418019380792784, 20: 3.456399364997597, 21: 2.9635330351200553, 22: 0.9694903967583166, 23: 0.45554853845516363, 24: 0.4449900013443724, 25: 0.9667197292324727, 26: 1.9577737721955317, 27: 0.47650172903354093, 28: 0.4159241404200064, 29: 3.451247097204307, 30: 0.48781355043536045, 31: 0.9822302878777734, 32: 1.9500606431394527, 33: 0.4292106456354141, 34: 1.4950876629778216, 35: 0.4439861500714577, 36: 1.9575080749765854, 37: 6.943938353266398, 38: 4.453719111930907, 39: 1.4874506282106852, 40: 4.421609461637077, 41: 5.954723874556984, 42: 0.951285912318058, 43: 2.437095183412551, 44: 0.4833608129586327, 45: 1.459405923104793, 46: 2.9598385826866886, 47: 0.9559206465621486, 48: 1.9511379669982076, 49: 0.9615547984756487, 50: 1.4378118854605053, 51: 0.9658441278537865, 52: 1.4557155501581018, 53: 1.4574039217329495, 54: 3.458710010620469, 55: 1.970214466731726, 56: 2.9707427102522965, 57: 0.9541846228024085, 58: 0.44973966596157217, 59: 1.4698122471504045, 60: 1.4468110633144655, 61: 2.4515349296747635, 62: 1.454023033096198, 63: 0.4796472200652488, 64: 0.46830045289144895, 65: 1.9460160368533468, 66: 3.447837936218805, 67: 3.9363023754198254, 68: 1.9301476517412768, 69: 2.9444050157132606, 70: 0.9216427351418948, 71: 0.44241444384470086, 72: 2.4681400208332835, 73: 0.467781046913614, 74: 0.4395381218076263, 75: 4.461854888195049, 76: 2.9627327294278647, 77: 3.471632947847715, 78: 0.9513575020952378, 79: 4.45966052433651, 80: 0.4669692393725835, 81: 1.9350767571796352, 82: 1.468032356420883, 83: 0.44848344263318163, 84: 1.9519645597858923, 85: 0.9453924917614127, 86: 5.971106726502595, 87: 4.455164629447949, 88: 0.9497825114013009, 89: 4.477274765903406, 90: 5.951332478072794, 91: 3.946418131455539, 92: 3.9360905267941764, 93: 2.955272378923788, 94: 0.9572397491187983, 95: 1.4579867279247603, 96: 0.4392823676186586, 97: 1.9303178879762428, 98: 1.4831439554796977, 99: 2.935753014501256}
2025-01-27 09:51:34 - WARNING  - Sum of s_i: 204.45536448204868
2025-01-27 09:51:39 - WARNING  - The sum of accs: 73.0
2025-01-27 09:51:39 - WARNING  - The welfare is 72.90869237471853
2025-01-27 09:52:00 - WARNING  - Epoch:   291. Accuracy: Top-1: 77.31 | Loss: value: 0.65
2025-01-27 09:52:00 - WARNING  - Epoch 291
2025-01-27 09:52:00 - WARNING  - s_i: {0: 3.4448685920698834, 1: 0.4714903796453003, 2: 0.4515236226949124, 3: 0.9643130153226939, 4: 2.4303219482340177, 5: 1.9552477429334838, 6: 1.4477575367692985, 7: 2.453418352947672, 8: 2.469659402023672, 9: 2.4533149952505875, 10: 2.4553442039763214, 11: 5.973300275673791, 12: 1.9404889549253932, 13: 1.9638532957981882, 14: 0.9425300655907969, 15: 2.9453499555800438, 16: 0.46270312111615564, 17: 1.9381677078179909, 18: 0.9121140679333506, 19: 1.9418019380792784, 20: 3.456399364997597, 21: 2.9635330351200553, 22: 0.9694903967583166, 23: 0.45554853845516363, 24: 0.4449900013443724, 25: 0.9667197292324727, 26: 1.9577737721955317, 27: 0.47650172903354093, 28: 0.4159241404200064, 29: 3.451247097204307, 30: 0.48781355043536045, 31: 0.9822302878777734, 32: 1.9500606431394527, 33: 0.4292106456354141, 34: 1.4950876629778216, 35: 0.4439861500714577, 36: 1.9575080749765854, 37: 6.943938353266398, 38: 4.453719111930907, 39: 1.4874506282106852, 40: 4.421609461637077, 41: 5.954723874556984, 42: 0.951285912318058, 43: 2.437095183412551, 44: 0.4833608129586327, 45: 1.459405923104793, 46: 2.9598385826866886, 47: 0.9559206465621486, 48: 1.9511379669982076, 49: 0.9615547984756487, 50: 1.4378118854605053, 51: 0.9658441278537865, 52: 1.4557155501581018, 53: 1.4574039217329495, 54: 3.458710010620469, 55: 1.970214466731726, 56: 2.9707427102522965, 57: 0.9541846228024085, 58: 0.44973966596157217, 59: 1.4698122471504045, 60: 1.4468110633144655, 61: 2.4515349296747635, 62: 1.454023033096198, 63: 0.4796472200652488, 64: 0.46830045289144895, 65: 1.9460160368533468, 66: 3.447837936218805, 67: 3.9363023754198254, 68: 0.9260386900789979, 69: 2.9444050157132606, 70: 0.9216427351418948, 71: 0.44241444384470086, 72: 2.4681400208332835, 73: 0.467781046913614, 74: 0.4395381218076263, 75: 4.461854888195049, 76: 2.9627327294278647, 77: 3.471632947847715, 78: 0.9513575020952378, 79: 4.45966052433651, 80: 0.4669692393725835, 81: 1.9350767571796352, 82: 1.468032356420883, 83: 0.44848344263318163, 84: 1.9519645597858923, 85: 0.9453924917614127, 86: 5.971106726502595, 87: 4.455164629447949, 88: 0.9497825114013009, 89: 4.477274765903406, 90: 5.951332478072794, 91: 3.946418131455539, 92: 3.9360905267941764, 93: 2.955272378923788, 94: 0.9572397491187983, 95: 1.4579867279247603, 96: 0.4392823676186586, 97: 1.9303178879762428, 98: 1.4831439554796977, 99: 2.935753014501256}
2025-01-27 09:52:00 - WARNING  - Sum of s_i: 204.94257087114548
2025-01-27 09:52:20 - WARNING  - Epoch:   292. Accuracy: Top-1: 77.47 | Loss: value: 0.63
2025-01-27 09:52:20 - WARNING  - Epoch 292
2025-01-27 09:52:20 - WARNING  - s_i: {0: 3.4448685920698834, 1: 0.4714903796453003, 2: 0.4515236226949124, 3: 0.9643130153226939, 4: 2.4303219482340177, 5: 1.9552477429334838, 6: 1.4477575367692985, 7: 2.453418352947672, 8: 2.469659402023672, 9: 2.4533149952505875, 10: 2.4553442039763214, 11: 5.973300275673791, 12: 1.9404889549253932, 13: 1.9638532957981882, 14: 0.9425300655907969, 15: 1.4407957852117141, 16: 0.46270312111615564, 17: 1.4340455550058555, 18: 0.90723151615187, 19: 1.9418019380792784, 20: 3.456399364997597, 21: 2.9635330351200553, 22: 0.9694903967583166, 23: 0.45554853845516363, 24: 0.4449900013443724, 25: 0.9667197292324727, 26: 1.9577737721955317, 27: 0.47650172903354093, 28: 0.4159241404200064, 29: 3.451247097204307, 30: 1.4837514005804826, 31: 0.9822302878777734, 32: 1.9500606431394527, 33: 0.4292106456354141, 34: 1.4950876629778216, 35: 0.4439861500714577, 36: 1.9575080749765854, 37: 6.943938353266398, 38: 4.453719111930907, 39: 1.4874506282106852, 40: 4.421609461637077, 41: 5.954723874556984, 42: 0.951285912318058, 43: 2.437095183412551, 44: 0.4833608129586327, 45: 1.459405923104793, 46: 2.9598385826866886, 47: 0.9559206465621486, 48: 1.9511379669982076, 49: 1.4567491482851058, 50: 0.9333698772791125, 51: 0.9658441278537865, 52: 1.4557155501581018, 53: 1.4574039217329495, 54: 3.458710010620469, 55: 1.970214466731726, 56: 2.9707427102522965, 57: 0.9541846228024085, 58: 0.44973966596157217, 59: 1.4698122471504045, 60: 1.4468110633144655, 61: 2.4515349296747635, 62: 1.454023033096198, 63: 0.4796472200652488, 64: 0.46830045289144895, 65: 1.9460160368533468, 66: 3.447837936218805, 67: 3.9363023754198254, 68: 0.9260386900789979, 69: 2.9444050157132606, 70: 0.9216427351418948, 71: 0.44241444384470086, 72: 2.4681400208332835, 73: 0.467781046913614, 74: 0.4395381218076263, 75: 4.461854888195049, 76: 2.9627327294278647, 77: 3.471632947847715, 78: 0.9513575020952378, 79: 4.45966052433651, 80: 0.4669692393725835, 81: 1.9350767571796352, 82: 1.468032356420883, 83: 0.44848344263318163, 84: 1.9519645597858923, 85: 0.9453924917614127, 86: 5.971106726502595, 87: 4.455164629447949, 88: 0.9497825114013009, 89: 4.477274765903406, 90: 5.951332478072794, 91: 3.946418131455539, 92: 3.9360905267941764, 93: 2.955272378923788, 94: 0.9572397491187983, 95: 1.4579867279247603, 96: 0.4392823676186586, 97: 1.9303178879762428, 98: 1.4831439554796977, 99: 2.935753014501256}
2025-01-27 09:52:20 - WARNING  - Sum of s_i: 203.9157021879567
2025-01-27 09:52:43 - WARNING  - Epoch:   293. Accuracy: Top-1: 76.50 | Loss: value: 0.69
2025-01-27 09:52:43 - WARNING  - Epoch 293
2025-01-27 09:52:43 - WARNING  - s_i: {0: 3.4448685920698834, 1: 0.4714903796453003, 2: 0.4515236226949124, 3: 0.9643130153226939, 4: 2.4303219482340177, 5: 1.9552477429334838, 6: 1.4477575367692985, 7: 2.453418352947672, 8: 2.469659402023672, 9: 2.4533149952505875, 10: 2.4553442039763214, 11: 5.973300275673791, 12: 1.9404889549253932, 13: 1.9638532957981882, 14: 0.9425300655907969, 15: 1.4407957852117141, 16: 0.46270312111615564, 17: 1.4340455550058555, 18: 0.90723151615187, 19: 1.9418019380792784, 20: 3.456399364997597, 21: 2.9635330351200553, 22: 0.9694903967583166, 23: 0.45554853845516363, 24: 0.4449900013443724, 25: 0.9667197292324727, 26: 1.9577737721955317, 27: 0.47650172903354093, 28: 0.4159241404200064, 29: 3.451247097204307, 30: 1.4837514005804826, 31: 0.9822302878777734, 32: 1.9500606431394527, 33: 0.4292106456354141, 34: 1.4950876629778216, 35: 0.4439861500714577, 36: 1.9575080749765854, 37: 6.943938353266398, 38: 4.453719111930907, 39: 1.4874506282106852, 40: 4.421609461637077, 41: 5.954723874556984, 42: 0.951285912318058, 43: 2.437095183412551, 44: 0.4833608129586327, 45: 1.459405923104793, 46: 2.9598385826866886, 47: 0.9559206465621486, 48: 1.9511379669982076, 49: 1.951943498094563, 50: 0.9333698772791125, 51: 0.9658441278537865, 52: 1.4557155501581018, 53: 1.4574039217329495, 54: 3.458710010620469, 55: 1.970214466731726, 56: 2.9707427102522965, 57: 0.9541846228024085, 58: 0.44973966596157217, 59: 1.4698122471504045, 60: 1.4468110633144655, 61: 2.4515349296747635, 62: 1.454023033096198, 63: 0.4796472200652488, 64: 0.46830045289144895, 65: 1.9460160368533468, 66: 3.447837936218805, 67: 3.9363023754198254, 68: 0.9260386900789979, 69: 2.9444050157132606, 70: 0.9216427351418948, 71: 0.9376156474984255, 72: 2.4681400208332835, 73: 0.467781046913614, 74: 0.4395381218076263, 75: 4.461854888195049, 76: 2.9627327294278647, 77: 3.471632947847715, 78: 0.9513575020952378, 79: 4.45966052433651, 80: 0.4669692393725835, 81: 1.9350767571796352, 82: 1.468032356420883, 83: 0.44848344263318163, 84: 1.9519645597858923, 85: 0.9453924917614127, 86: 5.971106726502595, 87: 4.455164629447949, 88: 0.9497825114013009, 89: 4.477274765903406, 90: 5.951332478072794, 91: 3.946418131455539, 92: 3.9360905267941764, 93: 2.955272378923788, 94: 0.9572397491187983, 95: 1.4579867279247603, 96: 0.4392823676186586, 97: 1.9303178879762428, 98: 1.4831439554796977, 99: 2.935753014501256}
2025-01-27 09:52:43 - WARNING  - Sum of s_i: 204.9060977414199
2025-01-27 09:53:04 - WARNING  - Epoch:   294. Accuracy: Top-1: 76.07 | Loss: value: 0.67
2025-01-27 09:53:04 - WARNING  - Epoch 294
2025-01-27 09:53:04 - WARNING  - s_i: {0: 3.4448685920698834, 1: 0.4714903796453003, 2: 0.4515236226949124, 3: 0.9643130153226939, 4: 2.4303219482340177, 5: 1.9552477429334838, 6: 1.4477575367692985, 7: 2.453418352947672, 8: 2.469659402023672, 9: 2.4533149952505875, 10: 2.4553442039763214, 11: 5.973300275673791, 12: 1.9404889549253932, 13: 1.9638532957981882, 14: 0.9425300655907969, 15: 1.4407957852117141, 16: 0.46270312111615564, 17: 1.4340455550058555, 18: 0.90723151615187, 19: 1.9418019380792784, 20: 3.456399364997597, 21: 1.9589746645100605, 22: 0.9694903967583166, 23: 0.45554853845516363, 24: 0.4449900013443724, 25: 0.9667197292324727, 26: 1.9577737721955317, 27: 0.47650172903354093, 28: 0.4159241404200064, 29: 3.451247097204307, 30: 1.4837514005804826, 31: 0.9822302878777734, 32: 1.9500606431394527, 33: 0.4292106456354141, 34: 1.4950876629778216, 35: 0.4439861500714577, 36: 1.9575080749765854, 37: 6.943938353266398, 38: 4.453719111930907, 39: 1.4874506282106852, 40: 4.421609461637077, 41: 5.954723874556984, 42: 0.951285912318058, 43: 2.437095183412551, 44: 0.4833608129586327, 45: 1.459405923104793, 46: 2.9598385826866886, 47: 0.9559206465621486, 48: 1.9511379669982076, 49: 0.4471378479040182, 50: 0.9333698772791125, 51: 0.9658441278537865, 52: 1.4557155501581018, 53: 1.4574039217329495, 54: 3.458710010620469, 55: 1.970214466731726, 56: 2.9707427102522965, 57: 0.9541846228024085, 58: 0.44973966596157217, 59: 1.4698122471504045, 60: 1.4468110633144655, 61: 2.4515349296747635, 62: 1.454023033096198, 63: 0.4796472200652488, 64: 0.46830045289144895, 65: 1.9460160368533468, 66: 3.447837936218805, 67: 3.9363023754198254, 68: 0.9260386900789979, 69: 2.9444050157132606, 70: 0.9216427351418948, 71: 0.9376156474984255, 72: 2.4681400208332835, 73: 0.467781046913614, 74: 0.4395381218076263, 75: 4.461854888195049, 76: 2.9627327294278647, 77: 3.471632947847715, 78: 0.9513575020952378, 79: 4.45966052433651, 80: 0.9622505592829547, 81: 1.9350767571796352, 82: 1.468032356420883, 83: 0.44848344263318163, 84: 1.9519645597858923, 85: 0.9453924917614127, 86: 5.971106726502595, 87: 4.455164629447949, 88: 0.9497825114013009, 89: 4.477274765903406, 90: 5.951332478072794, 91: 3.946418131455539, 92: 3.9360905267941764, 93: 1.9512062315532221, 94: 0.9572397491187983, 95: 1.4579867279247603, 96: 0.4392823676186586, 97: 1.9303178879762428, 98: 1.4831439554796977, 99: 2.935753014501256}
2025-01-27 09:53:04 - WARNING  - Sum of s_i: 201.88794889315915
2025-01-27 09:53:24 - WARNING  - Epoch:   295. Accuracy: Top-1: 77.39 | Loss: value: 0.64
2025-01-27 09:53:24 - WARNING  - Epoch 295
2025-01-27 09:53:24 - WARNING  - s_i: {0: 3.4448685920698834, 1: 0.4714903796453003, 2: 0.4515236226949124, 3: 0.9643130153226939, 4: 2.4303219482340177, 5: 1.9552477429334838, 6: 1.4477575367692985, 7: 2.453418352947672, 8: 2.469659402023672, 9: 2.4533149952505875, 10: 2.4553442039763214, 11: 5.973300275673791, 12: 1.9404889549253932, 13: 1.9638532957981882, 14: 0.9425300655907969, 15: 1.4407957852117141, 16: 0.46270312111615564, 17: 1.4340455550058555, 18: 0.90723151615187, 19: 1.9418019380792784, 20: 3.456399364997597, 21: 1.9589746645100605, 22: 0.9694903967583166, 23: 0.45554853845516363, 24: 0.4449900013443724, 25: 0.9667197292324727, 26: 1.9577737721955317, 27: 0.47650172903354093, 28: 0.4159241404200064, 29: 3.451247097204307, 30: 1.4837514005804826, 31: 0.9822302878777734, 32: 1.9500606431394527, 33: 0.4292106456354141, 34: 1.4950876629778216, 35: 0.4439861500714577, 36: 1.9575080749765854, 37: 6.943938353266398, 38: 4.453719111930907, 39: 1.4874506282106852, 40: 4.421609461637077, 41: 5.954723874556984, 42: 0.951285912318058, 43: 2.437095183412551, 44: 0.4833608129586327, 45: 1.459405923104793, 46: 2.9598385826866886, 47: 0.9559206465621486, 48: 1.9511379669982076, 49: 0.4471378479040182, 50: 0.9333698772791125, 51: 0.9658441278537865, 52: 1.9512871051739125, 53: 1.4574039217329495, 54: 3.458710010620469, 55: 1.970214466731726, 56: 2.9707427102522965, 57: 0.9541846228024085, 58: 0.44973966596157217, 59: 1.4698122471504045, 60: 3.4419757054339635, 61: 2.4515349296747635, 62: 1.454023033096198, 63: 0.4796472200652488, 64: 0.46830045289144895, 65: 1.9460160368533468, 66: 3.447837936218805, 67: 3.9363023754198254, 68: 0.9260386900789979, 69: 2.9444050157132606, 70: 0.9216427351418948, 71: 0.9376156474984255, 72: 2.4681400208332835, 73: 0.467781046913614, 74: 0.4395381218076263, 75: 4.461854888195049, 76: 2.9627327294278647, 77: 3.471632947847715, 78: 0.9513575020952378, 79: 4.45966052433651, 80: 1.9575318791933263, 81: 1.9350767571796352, 82: 1.468032356420883, 83: 0.44848344263318163, 84: 1.9519645597858923, 85: 0.9453924917614127, 86: 2.9669791160029635, 87: 4.455164629447949, 88: 0.9497825114013009, 89: 4.477274765903406, 90: 5.951332478072794, 91: 3.946418131455539, 92: 3.9360905267941764, 93: 1.9512062315532221, 94: 0.9572397491187983, 95: 0.4537854007172353, 96: 0.4392823676186586, 97: 1.9303178879762428, 98: 1.4831439554796977, 99: 2.935753014501256}
2025-01-27 09:53:24 - WARNING  - Sum of s_i: 201.36563747249767
2025-01-27 09:53:45 - WARNING  - Epoch:   296. Accuracy: Top-1: 77.76 | Loss: value: 0.64
2025-01-27 09:53:45 - WARNING  - Epoch 296
2025-01-27 09:53:45 - WARNING  - s_i: {0: 3.4448685920698834, 1: 0.4714903796453003, 2: 0.4515236226949124, 3: 0.9643130153226939, 4: 2.4303219482340177, 5: 1.9552477429334838, 6: 1.4477575367692985, 7: 2.453418352947672, 8: 2.469659402023672, 9: 0.4490709039097287, 10: 2.4553442039763214, 11: 5.973300275673791, 12: 1.9404889549253932, 13: 1.9638532957981882, 14: 0.9425300655907969, 15: 1.4407957852117141, 16: 0.46270312111615564, 17: 1.4340455550058555, 18: 0.90723151615187, 19: 1.9418019380792784, 20: 3.456399364997597, 21: 1.9589746645100605, 22: 0.9694903967583166, 23: 0.45554853845516363, 24: 0.4449900013443724, 25: 0.9667197292324727, 26: 1.9577737721955317, 27: 0.47650172903354093, 28: 0.4159241404200064, 29: 3.451247097204307, 30: 1.4837514005804826, 31: 0.9822302878777734, 32: 1.9450667074533987, 33: 0.4292106456354141, 34: 1.4950876629778216, 35: 0.4439861500714577, 36: 1.9575080749765854, 37: 6.943938353266398, 38: 4.453719111930907, 39: 1.4874506282106852, 40: 4.421609461637077, 41: 5.954723874556984, 42: 0.951285912318058, 43: 2.437095183412551, 44: 0.4833608129586327, 45: 1.459405923104793, 46: 2.9598385826866886, 47: 0.9559206465621486, 48: 0.9462517636980272, 49: 0.4471378479040182, 50: 0.9333698772791125, 51: 0.9658441278537865, 52: 1.9512871051739125, 53: 1.4574039217329495, 54: 3.458710010620469, 55: 1.970214466731726, 56: 2.9707427102522965, 57: 0.9541846228024085, 58: 0.44973966596157217, 59: 1.4698122471504045, 60: 3.4419757054339635, 61: 2.4515349296747635, 62: 1.454023033096198, 63: 0.4796472200652488, 64: 0.46830045289144895, 65: 1.9460160368533468, 66: 3.447837936218805, 67: 3.9363023754198254, 68: 0.9260386900789979, 69: 2.9444050157132606, 70: 0.9216427351418948, 71: 0.9376156474984255, 72: 2.4681400208332835, 73: 0.467781046913614, 74: 0.4395381218076263, 75: 4.461854888195049, 76: 2.9627327294278647, 77: 3.471632947847715, 78: 0.9513575020952378, 79: 4.45966052433651, 80: 1.9575318791933263, 81: 2.4300826615780684, 82: 1.468032356420883, 83: 0.44848344263318163, 84: 1.9519645597858923, 85: 0.9453924917614127, 86: 2.9669791160029635, 87: 4.455164629447949, 88: 0.9497825114013009, 89: 4.477274765903406, 90: 5.951332478072794, 91: 3.946418131455539, 92: 3.9360905267941764, 93: 1.9512062315532221, 94: 0.9572397491187983, 95: 0.4537854007172353, 96: 0.4392823676186586, 97: 1.9303178879762428, 98: 1.4831439554796977, 99: 2.935753014501256}
2025-01-27 09:53:45 - WARNING  - Sum of s_i: 198.84651914656902
2025-01-27 09:54:06 - WARNING  - Epoch:   297. Accuracy: Top-1: 78.30 | Loss: value: 0.61
2025-01-27 09:54:06 - WARNING  - Epoch 297
2025-01-27 09:54:06 - WARNING  - s_i: {0: 3.4448685920698834, 1: 0.4714903796453003, 2: 0.4515236226949124, 3: 0.9643130153226939, 4: 2.4303219482340177, 5: 1.9552477429334838, 6: 1.4477575367692985, 7: 2.453418352947672, 8: 2.469659402023672, 9: 0.4490709039097287, 10: 2.4553442039763214, 11: 5.973300275673791, 12: 1.9404889549253932, 13: 1.9638532957981882, 14: 0.9425300655907969, 15: 1.4407957852117141, 16: 0.46270312111615564, 17: 1.4340455550058555, 18: 0.90723151615187, 19: 1.9418019380792784, 20: 3.456399364997597, 21: 1.9589746645100605, 22: 0.9694903967583166, 23: 0.45554853845516363, 24: 0.4449900013443724, 25: 0.9667197292324727, 26: 1.9577737721955317, 27: 0.47650172903354093, 28: 0.4159241404200064, 29: 3.451247097204307, 30: 1.4837514005804826, 31: 0.9822302878777734, 32: 1.9450667074533987, 33: 0.4292106456354141, 34: 1.4950876629778216, 35: 0.4439861500714577, 36: 1.9575080749765854, 37: 6.943938353266398, 38: 4.453719111930907, 39: 1.4874506282106852, 40: 4.421609461637077, 41: 5.954723874556984, 42: 0.951285912318058, 43: 2.437095183412551, 44: 0.4833608129586327, 45: 1.459405923104793, 46: 2.9598385826866886, 47: 0.9559206465621486, 48: 0.9462517636980272, 49: 0.4471378479040182, 50: 0.9333698772791125, 51: 0.9658441278537865, 52: 1.9512871051739125, 53: 1.4574039217329495, 54: 3.458710010620469, 55: 1.970214466731726, 56: 2.9707427102522965, 57: 0.9541846228024085, 58: 0.44973966596157217, 59: 1.4698122471504045, 60: 3.4419757054339635, 61: 2.4515349296747635, 62: 1.454023033096198, 63: 0.4796472200652488, 64: 0.46830045289144895, 65: 1.9460160368533468, 66: 3.447837936218805, 67: 3.9363023754198254, 68: 0.9260386900789979, 69: 2.9444050157132606, 70: 0.9216427351418948, 71: 0.9376156474984255, 72: 2.4681400208332835, 73: 0.467781046913614, 74: 0.4395381218076263, 75: 4.461854888195049, 76: 2.9627327294278647, 77: 3.471632947847715, 78: 0.9513575020952378, 79: 4.45966052433651, 80: 1.9575318791933263, 81: 2.4300826615780684, 82: 1.468032356420883, 83: 0.44848344263318163, 84: 1.9519645597858923, 85: 0.9453924917614127, 86: 2.9669791160029635, 87: 4.455164629447949, 88: 0.9497825114013009, 89: 4.477274765903406, 90: 5.951332478072794, 91: 3.946418131455539, 92: 3.9360905267941764, 93: 1.9512062315532221, 94: 0.9572397491187983, 95: 0.4537854007172353, 96: 0.4392823676186586, 97: 1.9303178879762428, 98: 1.4831439554796977, 99: 2.935753014501256}
2025-01-27 09:54:06 - WARNING  - Sum of s_i: 198.84651914656902
2025-01-27 09:54:27 - WARNING  - Epoch:   298. Accuracy: Top-1: 78.48 | Loss: value: 0.62
2025-01-27 09:54:27 - WARNING  - Epoch 298
2025-01-27 09:54:27 - WARNING  - s_i: {0: 3.4448685920698834, 1: 0.4714903796453003, 2: 0.4515236226949124, 3: 0.9643130153226939, 4: 2.4303219482340177, 5: 1.9552477429334838, 6: 1.4477575367692985, 7: 2.453418352947672, 8: 2.469659402023672, 9: 0.4490709039097287, 10: 2.4553442039763214, 11: 5.973300275673791, 12: 1.9404889549253932, 13: 1.9638532957981882, 14: 0.9425300655907969, 15: 1.4407957852117141, 16: 0.46270312111615564, 17: 1.4340455550058555, 18: 0.90723151615187, 19: 1.9418019380792784, 20: 3.456399364997597, 21: 1.9589746645100605, 22: 0.9694903967583166, 23: 0.45554853845516363, 24: 0.4449900013443724, 25: 0.9667197292324727, 26: 1.9577737721955317, 27: 0.47650172903354093, 28: 0.4159241404200064, 29: 3.451247097204307, 30: 1.4837514005804826, 31: 0.9822302878777734, 32: 1.9450667074533987, 33: 0.4292106456354141, 34: 1.4950876629778216, 35: 0.4439861500714577, 36: 1.9575080749765854, 37: 6.943938353266398, 38: 4.453719111930907, 39: 1.4874506282106852, 40: 4.421609461637077, 41: 5.954723874556984, 42: 0.4468573588924267, 43: 2.437095183412551, 44: 0.4833608129586327, 45: 1.459405923104793, 46: 2.9598385826866886, 47: 0.9559206465621486, 48: 0.9462517636980272, 49: 0.4471378479040182, 50: 0.9333698772791125, 51: 0.9658441278537865, 52: 1.9512871051739125, 53: 1.4574039217329495, 54: 3.458710010620469, 55: 1.970214466731726, 56: 2.9707427102522965, 57: 0.9541846228024085, 58: 0.44973966596157217, 59: 1.4698122471504045, 60: 3.4419757054339635, 61: 2.4515349296747635, 62: 1.454023033096198, 63: 0.4796472200652488, 64: 0.46830045289144895, 65: 1.9460160368533468, 66: 3.447837936218805, 67: 3.9363023754198254, 68: 0.9260386900789979, 69: 2.9444050157132606, 70: 0.9216427351418948, 71: 0.4328168511521493, 72: 2.4681400208332835, 73: 0.467781046913614, 74: 0.4395381218076263, 75: 4.461854888195049, 76: 2.9627327294278647, 77: 3.471632947847715, 78: 0.9513575020952378, 79: 4.45966052433651, 80: 1.9575318791933263, 81: 2.4300826615780684, 82: 1.468032356420883, 83: 0.44848344263318163, 84: 1.9519645597858923, 85: 0.9453924917614127, 86: 2.9669791160029635, 87: 4.455164629447949, 88: 0.9497825114013009, 89: 4.477274765903406, 90: 5.951332478072794, 91: 3.946418131455539, 92: 3.9360905267941764, 93: 1.9512062315532221, 94: 0.9572397491187983, 95: 0.4537854007172353, 96: 0.4392823676186586, 97: 1.9303178879762428, 98: 1.4831439554796977, 99: 2.935753014501256}
2025-01-27 09:54:27 - WARNING  - Sum of s_i: 197.8372917967971
2025-01-27 09:54:49 - WARNING  - Epoch:   299. Accuracy: Top-1: 76.27 | Loss: value: 0.68
2025-01-27 09:54:49 - WARNING  - Epoch 299
2025-01-27 09:54:49 - WARNING  - s_i: {0: 3.4448685920698834, 1: 0.4714903796453003, 2: 0.4515236226949124, 3: 0.9643130153226939, 4: 0.4256767447829497, 5: 1.9552477429334838, 6: 1.4477575367692985, 7: 2.453418352947672, 8: 2.469659402023672, 9: 0.4490709039097287, 10: 2.4553442039763214, 11: 5.973300275673791, 12: 1.9404889549253932, 13: 1.9638532957981882, 14: 0.9425300655907969, 15: 1.4407957852117141, 16: 0.46270312111615564, 17: 1.4340455550058555, 18: 0.90723151615187, 19: 1.9418019380792784, 20: 3.456399364997597, 21: 1.9589746645100605, 22: 0.9694903967583166, 23: 0.45554853845516363, 24: 0.4449900013443724, 25: 0.9667197292324727, 26: 1.9577737721955317, 27: 0.47650172903354093, 28: 0.4159241404200064, 29: 3.451247097204307, 30: 1.4837514005804826, 31: 0.9822302878777734, 32: 1.9450667074533987, 33: 0.4292106456354141, 34: 1.4950876629778216, 35: 0.4439861500714577, 36: 1.9575080749765854, 37: 0.9399339499282791, 38: 4.453719111930907, 39: 1.4874506282106852, 40: 4.421609461637077, 41: 5.954723874556984, 42: 0.4468573588924267, 43: 2.437095183412551, 44: 0.4833608129586327, 45: 1.459405923104793, 46: 2.9598385826866886, 47: 0.9559206465621486, 48: 0.9462517636980272, 49: 0.4471378479040182, 50: 0.9333698772791125, 51: 0.9658441278537865, 52: 1.9512871051739125, 53: 1.4574039217329495, 54: 3.458710010620469, 55: 1.970214466731726, 56: 2.9707427102522965, 57: 0.9541846228024085, 58: 0.44973966596157217, 59: 1.4698122471504045, 60: 3.4419757054339635, 61: 2.4515349296747635, 62: 1.454023033096198, 63: 0.4796472200652488, 64: 0.46830045289144895, 65: 1.9460160368533468, 66: 3.447837936218805, 67: 3.9363023754198254, 68: 0.9260386900789979, 69: 2.9444050157132606, 70: 0.9216427351418948, 71: 0.4328168511521493, 72: 2.4681400208332835, 73: 0.467781046913614, 74: 0.4395381218076263, 75: 4.461854888195049, 76: 2.9627327294278647, 77: 3.471632947847715, 78: 0.9513575020952378, 79: 4.45966052433651, 80: 1.9575318791933263, 81: 2.4300826615780684, 82: 1.468032356420883, 83: 0.44848344263318163, 84: 1.9519645597858923, 85: 0.9453924917614127, 86: 2.9669791160029635, 87: 4.455164629447949, 88: 0.9497825114013009, 89: 4.477274765903406, 90: 5.951332478072794, 91: 3.946418131455539, 92: 3.9360905267941764, 93: 1.9512062315532221, 94: 0.9572397491187983, 95: 0.4537854007172353, 96: 0.4392823676186586, 97: 1.42534059426026, 98: 1.4831439554796977, 99: 2.935753014501256}
2025-01-27 09:54:49 - WARNING  - Sum of s_i: 189.32366489629194
2025-01-27 09:55:12 - WARNING  - Epoch:   300. Accuracy: Top-1: 76.66 | Loss: value: 0.68
2025-01-27 09:55:12 - WARNING  - Epoch 300
2025-01-27 09:55:12 - WARNING  - s_i: {0: 3.4448685920698834, 1: 0.4714903796453003, 2: 0.4515236226949124, 3: 0.9643130153226939, 4: 0.4256767447829497, 5: 1.9552477429334838, 6: 1.4477575367692985, 7: 2.453418352947672, 8: 2.469659402023672, 9: 0.4490709039097287, 10: 2.4553442039763214, 11: 5.973300275673791, 12: 1.9404889549253932, 13: 1.9638532957981882, 14: 0.9425300655907969, 15: 1.4407957852117141, 16: 0.46270312111615564, 17: 1.4340455550058555, 18: 0.90723151615187, 19: 1.9418019380792784, 20: 3.456399364997597, 21: 1.9589746645100605, 22: 0.9694903967583166, 23: 0.45554853845516363, 24: 0.4449900013443724, 25: 0.9667197292324727, 26: 1.9577737721955317, 27: 0.47650172903354093, 28: 0.4159241404200064, 29: 3.451247097204307, 30: 1.4837514005804826, 31: 0.9822302878777734, 32: 1.9450667074533987, 33: 0.4292106456354141, 34: 1.4950876629778216, 35: 0.4439861500714577, 36: 1.9575080749765854, 37: 0.9399339499282791, 38: 4.453719111930907, 39: 1.4874506282106852, 40: 4.421609461637077, 41: 1.4501962620126774, 42: 0.4468573588924267, 43: 2.437095183412551, 44: 0.4833608129586327, 45: 1.459405923104793, 46: 2.9598385826866886, 47: 0.9559206465621486, 48: 0.9462517636980272, 49: 0.4471378479040182, 50: 0.9333698772791125, 51: 0.9658441278537865, 52: 1.9512871051739125, 53: 1.4574039217329495, 54: 3.458710010620469, 55: 1.970214466731726, 56: 2.9707427102522965, 57: 0.9541846228024085, 58: 0.44973966596157217, 59: 1.4698122471504045, 60: 3.4419757054339635, 61: 2.4515349296747635, 62: 1.454023033096198, 63: 0.4796472200652488, 64: 0.46830045289144895, 65: 1.9460160368533468, 66: 3.447837936218805, 67: 3.9363023754198254, 68: 0.9260386900789979, 69: 2.9444050157132606, 70: 0.9216427351418948, 71: 0.4328168511521493, 72: 2.4681400208332835, 73: 0.467781046913614, 74: 0.4395381218076263, 75: 4.461854888195049, 76: 2.9627327294278647, 77: 3.471632947847715, 78: 0.9513575020952378, 79: 4.45966052433651, 80: 1.9575318791933263, 81: 2.4300826615780684, 82: 1.468032356420883, 83: 0.44848344263318163, 84: 1.9519645597858923, 85: 0.9453924917614127, 86: 2.9669791160029635, 87: 4.455164629447949, 88: 0.9497825114013009, 89: 4.477274765903406, 90: 0.9464657258800742, 91: 3.946418131455539, 92: 3.9360905267941764, 93: 1.9512062315532221, 94: 0.9572397491187983, 95: 0.4537854007172353, 96: 0.4392823676186586, 97: 1.42534059426026, 98: 1.4831439554796977, 99: 2.935753014501256}
2025-01-27 09:55:12 - WARNING  - Sum of s_i: 179.8142705315549
2025-01-27 09:55:17 - WARNING  - The sum of accs: 75.0
2025-01-27 09:55:17 - WARNING  - The welfare is 74.91943078511271
2025-01-27 09:55:39 - WARNING  - Epoch:   301. Accuracy: Top-1: 76.87 | Loss: value: 0.65
2025-01-27 09:55:39 - WARNING  - Epoch 301
2025-01-27 09:55:39 - WARNING  - s_i: {0: 3.4448685920698834, 1: 0.4714903796453003, 2: 1.4466759849644046, 3: 0.9643130153226939, 4: 0.4256767447829497, 5: 1.9552477429334838, 6: 1.4477575367692985, 7: 2.453418352947672, 8: 2.469659402023672, 9: 0.4490709039097287, 10: 2.4553442039763214, 11: 6.468850321619423, 12: 1.9404889549253932, 13: 1.4598369953313197, 14: 1.9384250702758536, 15: 1.4362416148433859, 16: 0.46270312111615564, 17: 1.4340455550058555, 18: 0.90723151615187, 19: 1.9418019380792784, 20: 3.456399364997597, 21: 1.9544162939000667, 22: 0.9694903967583166, 23: 0.45554853845516363, 24: 0.4449900013443724, 25: 0.9667197292324727, 26: 1.9577737721955317, 27: 0.47650172903354093, 28: 0.4159241404200064, 29: 3.451247097204307, 30: 1.4837514005804826, 31: 1.47778785984722, 32: 1.9450667074533987, 33: 0.4292106456354141, 34: 1.4950876629778216, 35: 0.4439861500714577, 36: 1.9575080749765854, 37: 0.9399339499282791, 38: 4.453719111930907, 39: 1.4874506282106852, 40: 4.421609461637077, 41: 1.4501962620126774, 42: 0.4468573588924267, 43: 2.437095183412551, 44: 0.4833608129586327, 45: 1.459405923104793, 46: 2.9598385826866886, 47: 0.9559206465621486, 48: 0.9462517636980272, 49: 0.4471378479040182, 50: 0.9333698772791125, 51: 0.9658441278537865, 52: 1.9512871051739125, 53: 1.4574039217329495, 54: 3.458710010620469, 55: 1.970214466731726, 56: 2.9707427102522965, 57: 0.9541846228024085, 58: 0.44973966596157217, 59: 1.4698122471504045, 60: 3.4419757054339635, 61: 2.4515349296747635, 62: 1.454023033096198, 63: 0.4796472200652488, 64: 0.46830045289144895, 65: 1.9460160368533468, 66: 3.447837936218805, 67: 3.9363023754198254, 68: 0.9260386900789979, 69: 2.9444050157132606, 70: 0.9216427351418948, 71: 0.4328168511521493, 72: 2.4681400208332835, 73: 0.467781046913614, 74: 0.4395381218076263, 75: 4.461854888195049, 76: 3.4585919215865175, 77: 3.471632947847715, 78: 0.9513575020952378, 79: 4.45966052433651, 80: 1.9575318791933263, 81: 3.4250885659765022, 82: 1.468032356420883, 83: 0.44848344263318163, 84: 1.9519645597858923, 85: 0.9453924917614127, 86: 2.9669791160029635, 87: 4.455164629447949, 88: 0.9497825114013009, 89: 4.477274765903406, 90: 0.9464657258800742, 91: 3.946418131455539, 92: 3.9360905267941764, 93: 1.9512062315532221, 94: 0.9572397491187983, 95: 0.4537854007172353, 96: 0.4392823676186586, 97: 1.42534059426026, 98: 1.4831439554796977, 99: 2.935753014501256}
2025-01-27 09:55:39 - WARNING  - Sum of s_i: 183.77416177153643
2025-01-27 09:56:00 - WARNING  - Epoch:   302. Accuracy: Top-1: 77.60 | Loss: value: 0.65
2025-01-27 09:56:00 - WARNING  - Epoch 302
2025-01-27 09:56:00 - WARNING  - s_i: {0: 3.4448685920698834, 1: 0.4714903796453003, 2: 1.4466759849644046, 3: 0.9643130153226939, 4: 0.4256767447829497, 5: 1.9552477429334838, 6: 1.4477575367692985, 7: 2.453418352947672, 8: 2.469659402023672, 9: 0.4490709039097287, 10: 2.4553442039763214, 11: 6.468850321619423, 12: 1.9404889549253932, 13: 1.4598369953313197, 14: 1.9384250702758536, 15: 1.4362416148433859, 16: 0.46270312111615564, 17: 1.4340455550058555, 18: 0.90723151615187, 19: 1.9418019380792784, 20: 3.456399364997597, 21: 1.9544162939000667, 22: 0.9694903967583166, 23: 0.45554853845516363, 24: 0.4449900013443724, 25: 0.9667197292324727, 26: 1.9577737721955317, 27: 0.47650172903354093, 28: 0.4159241404200064, 29: 3.451247097204307, 30: 1.4837514005804826, 31: 1.47778785984722, 32: 1.9450667074533987, 33: 0.4292106456354141, 34: 1.4950876629778216, 35: 0.4439861500714577, 36: 1.9575080749765854, 37: 0.9399339499282791, 38: 4.453719111930907, 39: 1.4874506282106852, 40: 0.4167100529893908, 41: 1.4501962620126774, 42: 0.4468573588924267, 43: 2.437095183412551, 44: 0.4833608129586327, 45: 1.459405923104793, 46: 2.9598385826866886, 47: 0.9559206465621486, 48: 0.9462517636980272, 49: 0.4471378479040182, 50: 0.9333698772791125, 51: 0.9658441278537865, 52: 1.9512871051739125, 53: 1.4574039217329495, 54: 3.458710010620469, 55: 1.970214466731726, 56: 2.9707427102522965, 57: 0.9541846228024085, 58: 0.44973966596157217, 59: 1.4698122471504045, 60: 3.4419757054339635, 61: 2.4515349296747635, 62: 1.454023033096198, 63: 0.4796472200652488, 64: 0.46830045289144895, 65: 1.9460160368533468, 66: 3.447837936218805, 67: 3.9363023754198254, 68: 0.9260386900789979, 69: 2.9444050157132606, 70: 0.9216427351418948, 71: 0.4328168511521493, 72: 2.4681400208332835, 73: 0.467781046913614, 74: 0.4395381218076263, 75: 4.461854888195049, 76: 3.4585919215865175, 77: 3.471632947847715, 78: 0.9513575020952378, 79: 4.45966052433651, 80: 1.9575318791933263, 81: 3.4250885659765022, 82: 1.468032356420883, 83: 0.44848344263318163, 84: 1.9519645597858923, 85: 0.9453924917614127, 86: 2.9669791160029635, 87: 4.455164629447949, 88: 0.9497825114013009, 89: 4.477274765903406, 90: 0.9464657258800742, 91: 3.946418131455539, 92: 3.9360905267941764, 93: 1.9512062315532221, 94: 0.9572397491187983, 95: 0.4537854007172353, 96: 0.4392823676186586, 97: 1.42534059426026, 98: 1.4831439554796977, 99: 2.935753014501256}
2025-01-27 09:56:00 - WARNING  - Sum of s_i: 179.76926236288875
2025-01-27 09:56:20 - WARNING  - Epoch:   303. Accuracy: Top-1: 77.69 | Loss: value: 0.64
2025-01-27 09:56:20 - WARNING  - Epoch 303
2025-01-27 09:56:20 - WARNING  - s_i: {0: 3.4448685920698834, 1: 0.4714903796453003, 2: 1.4466759849644046, 3: 0.9643130153226939, 4: 0.4256767447829497, 5: 1.9552477429334838, 6: 1.4477575367692985, 7: 2.453418352947672, 8: 2.469659402023672, 9: 0.4490709039097287, 10: 2.4553442039763214, 11: 6.468850321619423, 12: 1.9404889549253932, 13: 1.4598369953313197, 14: 1.9384250702758536, 15: 1.4362416148433859, 16: 0.46270312111615564, 17: 1.4340455550058555, 18: 0.90723151615187, 19: 1.9418019380792784, 20: 3.456399364997597, 21: 1.9544162939000667, 22: 0.9694903967583166, 23: 0.45554853845516363, 24: 0.4449900013443724, 25: 0.9667197292324727, 26: 1.9577737721955317, 27: 0.47650172903354093, 28: 0.4159241404200064, 29: 3.451247097204307, 30: 1.4837514005804826, 31: 1.47778785984722, 32: 1.9450667074533987, 33: 0.4292106456354141, 34: 1.4950876629778216, 35: 0.4439861500714577, 36: 1.9575080749765854, 37: 0.9399339499282791, 38: 4.453719111930907, 39: 1.4874506282106852, 40: 0.4167100529893908, 41: 1.4501962620126774, 42: 0.4468573588924267, 43: 2.437095183412551, 44: 0.4833608129586327, 45: 1.459405923104793, 46: 2.9598385826866886, 47: 0.9559206465621486, 48: 0.9462517636980272, 49: 0.4471378479040182, 50: 0.9333698772791125, 51: 0.9658441278537865, 52: 1.9512871051739125, 53: 1.4574039217329495, 54: 3.458710010620469, 55: 1.970214466731726, 56: 2.9707427102522965, 57: 0.9541846228024085, 58: 0.44973966596157217, 59: 1.4698122471504045, 60: 3.4419757054339635, 61: 2.4515349296747635, 62: 1.454023033096198, 63: 0.4796472200652488, 64: 0.46830045289144895, 65: 1.9460160368533468, 66: 3.447837936218805, 67: 3.9363023754198254, 68: 0.9260386900789979, 69: 2.9444050157132606, 70: 0.9216427351418948, 71: 0.4328168511521493, 72: 2.4681400208332835, 73: 0.467781046913614, 74: 0.4395381218076263, 75: 4.461854888195049, 76: 3.4585919215865175, 77: 3.471632947847715, 78: 0.9513575020952378, 79: 4.45966052433651, 80: 1.9575318791933263, 81: 3.4250885659765022, 82: 1.468032356420883, 83: 0.44848344263318163, 84: 1.9519645597858923, 85: 0.9453924917614127, 86: 2.9669791160029635, 87: 4.455164629447949, 88: 0.9497825114013009, 89: 4.477274765903406, 90: 0.9464657258800742, 91: 3.946418131455539, 92: 3.9360905267941764, 93: 1.9512062315532221, 94: 0.9572397491187983, 95: 0.4537854007172353, 96: 0.4392823676186586, 97: 1.42534059426026, 98: 1.4831439554796977, 99: 2.935753014501256}
2025-01-27 09:56:20 - WARNING  - Sum of s_i: 179.76926236288875
2025-01-27 09:56:43 - WARNING  - Epoch:   304. Accuracy: Top-1: 76.76 | Loss: value: 0.68
2025-01-27 09:56:43 - WARNING  - Epoch 304
2025-01-27 09:56:43 - WARNING  - s_i: {0: 3.4448685920698834, 1: 0.4714903796453003, 2: 1.4466759849644046, 3: 0.9643130153226939, 4: 0.4256767447829497, 5: 1.9552477429334838, 6: 1.4477575367692985, 7: 2.453418352947672, 8: 2.469659402023672, 9: 0.4490709039097287, 10: 2.4553442039763214, 11: 6.468850321619423, 12: 1.9404889549253932, 13: 1.4598369953313197, 14: 1.9384250702758536, 15: 1.4362416148433859, 16: 0.46270312111615564, 17: 1.4340455550058555, 18: 0.90723151615187, 19: 1.9418019380792784, 20: 3.456399364997597, 21: 1.9544162939000667, 22: 0.9694903967583166, 23: 0.45554853845516363, 24: 0.4449900013443724, 25: 0.9667197292324727, 26: 1.9577737721955317, 27: 0.47650172903354093, 28: 0.4159241404200064, 29: 3.451247097204307, 30: 1.4837514005804826, 31: 1.47778785984722, 32: 1.9450667074533987, 33: 0.4292106456354141, 34: 1.4950876629778216, 35: 0.4439861500714577, 36: 1.9575080749765854, 37: 0.9399339499282791, 38: 4.453719111930907, 39: 1.4874506282106852, 40: 0.4167100529893908, 41: 1.4501962620126774, 42: 0.4468573588924267, 43: 2.437095183412551, 44: 0.4833608129586327, 45: 1.459405923104793, 46: 2.9598385826866886, 47: 0.9559206465621486, 48: 0.9462517636980272, 49: 0.4471378479040182, 50: 0.9333698772791125, 51: 0.9658441278537865, 52: 1.9512871051739125, 53: 1.4574039217329495, 54: 3.458710010620469, 55: 1.970214466731726, 56: 2.9707427102522965, 57: 0.9541846228024085, 58: 0.44973966596157217, 59: 1.4698122471504045, 60: 3.4419757054339635, 61: 2.4515349296747635, 62: 1.454023033096198, 63: 0.4796472200652488, 64: 0.46830045289144895, 65: 1.9460160368533468, 66: 3.447837936218805, 67: 3.9363023754198254, 68: 0.9260386900789979, 69: 2.9444050157132606, 70: 0.9216427351418948, 71: 0.4328168511521493, 72: 2.4681400208332835, 73: 0.467781046913614, 74: 0.4395381218076263, 75: 4.461854888195049, 76: 3.4585919215865175, 77: 3.471632947847715, 78: 0.9513575020952378, 79: 4.45966052433651, 80: 1.9575318791933263, 81: 3.4250885659765022, 82: 1.468032356420883, 83: 0.44848344263318163, 84: 1.9519645597858923, 85: 0.9453924917614127, 86: 2.9669791160029635, 87: 4.455164629447949, 88: 0.9497825114013009, 89: 4.477274765903406, 90: 0.9464657258800742, 91: 3.946418131455539, 92: 3.9360905267941764, 93: 1.9512062315532221, 94: 0.9572397491187983, 95: 0.4537854007172353, 96: 0.4392823676186586, 97: 1.42534059426026, 98: 1.4831439554796977, 99: 2.935753014501256}
2025-01-27 09:56:43 - WARNING  - Sum of s_i: 179.76926236288875
2025-01-27 09:57:04 - WARNING  - Epoch:   305. Accuracy: Top-1: 77.92 | Loss: value: 0.64
2025-01-27 09:57:04 - WARNING  - Epoch 305
2025-01-27 09:57:04 - WARNING  - s_i: {0: 3.4448685920698834, 1: 0.4714903796453003, 2: 1.4466759849644046, 3: 0.9643130153226939, 4: 0.4256767447829497, 5: 1.9552477429334838, 6: 1.4477575367692985, 7: 2.453418352947672, 8: 2.469659402023672, 9: 0.4490709039097287, 10: 2.4553442039763214, 11: 6.468850321619423, 12: 1.9404889549253932, 13: 1.4598369953313197, 14: 1.9384250702758536, 15: 1.4362416148433859, 16: 0.46270312111615564, 17: 1.4340455550058555, 18: 0.90723151615187, 19: 1.9418019380792784, 20: 3.456399364997597, 21: 1.9544162939000667, 22: 0.9694903967583166, 23: 0.45554853845516363, 24: 0.4449900013443724, 25: 3.4619654048371125, 26: 1.9577737721955317, 27: 0.47650172903354093, 28: 0.4159241404200064, 29: 3.451247097204307, 30: 1.4837514005804826, 31: 1.9733454318166666, 32: 1.9450667074533987, 33: 0.4292106456354141, 34: 1.4950876629778216, 35: 0.4439861500714577, 36: 1.9575080749765854, 37: 0.9399339499282791, 38: 4.453719111930907, 39: 1.4874506282106852, 40: 0.4167100529893908, 41: 1.4501962620126774, 42: 0.4468573588924267, 43: 2.437095183412551, 44: 0.4833608129586327, 45: 1.459405923104793, 46: 2.9598385826866886, 47: 0.9559206465621486, 48: 0.9462517636980272, 49: 0.4471378479040182, 50: 0.9333698772791125, 51: 0.9658441278537865, 52: 0.9468586601897218, 53: 1.4574039217329495, 54: 3.458710010620469, 55: 1.970214466731726, 56: 2.9707427102522965, 57: 0.9541846228024085, 58: 0.44973966596157217, 59: 1.4698122471504045, 60: 3.4419757054339635, 61: 2.4515349296747635, 62: 1.454023033096198, 63: 0.4796472200652488, 64: 0.46830045289144895, 65: 1.9460160368533468, 66: 3.447837936218805, 67: 3.9363023754198254, 68: 0.9260386900789979, 69: 2.9444050157132606, 70: 0.9216427351418948, 71: 0.4328168511521493, 72: 2.4681400208332835, 73: 0.467781046913614, 74: 0.4395381218076263, 75: 4.461854888195049, 76: 3.4585919215865175, 77: 3.471632947847715, 78: 0.9513575020952378, 79: 4.45966052433651, 80: 1.9575318791933263, 81: 3.4250885659765022, 82: 1.468032356420883, 83: 0.44848344263318163, 84: 1.9519645597858923, 85: 0.9453924917614127, 86: 2.9669791160029635, 87: 4.455164629447949, 88: 0.9497825114013009, 89: 1.9727297190840902, 90: 0.9464657258800742, 91: 3.946418131455539, 92: 3.9360905267941764, 93: 1.9512062315532221, 94: 0.9572397491187983, 95: 0.4537854007172353, 96: 0.4392823676186586, 97: 1.42534059426026, 98: 1.4831439554796977, 99: 2.935753014501256}
2025-01-27 09:57:04 - WARNING  - Sum of s_i: 179.25109211865933
2025-01-27 09:57:25 - WARNING  - Epoch:   306. Accuracy: Top-1: 77.64 | Loss: value: 0.64
2025-01-27 09:57:25 - WARNING  - Epoch 306
2025-01-27 09:57:25 - WARNING  - s_i: {0: 3.4448685920698834, 1: 0.4714903796453003, 2: 1.4466759849644046, 3: 0.9643130153226939, 4: 1.921031541331885, 5: 1.9552477429334838, 6: 1.4477575367692985, 7: 2.453418352947672, 8: 3.4653250308841947, 9: 0.4490709039097287, 10: 2.4553442039763214, 11: 6.468850321619423, 12: 1.9404889549253932, 13: 1.4598369953313197, 14: 5.9343200749609135, 15: 1.4362416148433859, 16: 0.46270312111615564, 17: 1.4340455550058555, 18: 0.90723151615187, 19: 1.9418019380792784, 20: 3.456399364997597, 21: 1.9544162939000667, 22: 0.9694903967583166, 23: 0.45554853845516363, 24: 0.4449900013443724, 25: 3.4619654048371125, 26: 1.9577737721955317, 27: 0.47650172903354093, 28: 0.4159241404200064, 29: 3.451247097204307, 30: 1.4837514005804826, 31: 1.9733454318166666, 32: 1.9450667074533987, 33: 0.4292106456354141, 34: 1.4950876629778216, 35: 2.9396773923846493, 36: 1.9575080749765854, 37: 0.9399339499282791, 38: 4.453719111930907, 39: 1.4874506282106852, 40: 0.4167100529893908, 41: 1.4501962620126774, 42: 0.4468573588924267, 43: 2.437095183412551, 44: 0.4833608129586327, 45: 1.459405923104793, 46: 2.9598385826866886, 47: 0.9559206465621486, 48: 0.9462517636980272, 49: 0.4471378479040182, 50: 0.9333698772791125, 51: 0.9658441278537865, 52: 0.9468586601897218, 53: 1.4574039217329495, 54: 3.458710010620469, 55: 1.970214466731726, 56: 2.9707427102522965, 57: 0.9541846228024085, 58: 0.44973966596157217, 59: 1.4698122471504045, 60: 3.4419757054339635, 61: 5.447129014190653, 62: 1.454023033096198, 63: 0.4796472200652488, 64: 0.46830045289144895, 65: 2.9411084038400146, 66: 3.447837936218805, 67: 3.9363023754198254, 68: 0.9260386900789979, 69: 5.440128478460437, 70: 0.9216427351418948, 71: 0.4328168511521493, 72: 2.4681400208332835, 73: 0.467781046913614, 74: 0.4395381218076263, 75: 4.461854888195049, 76: 4.45445111374517, 77: 3.471632947847715, 78: 0.9513575020952378, 79: 4.45966052433651, 80: 1.9575318791933263, 81: 3.4250885659765022, 82: 1.468032356420883, 83: 0.44848344263318163, 84: 1.9519645597858923, 85: 0.9453924917614127, 86: 2.9669791160029635, 87: 4.455164629447949, 88: 0.9497825114013009, 89: 1.9727297190840902, 90: 0.9464657258800742, 91: 3.946418131455539, 92: 3.9360905267941764, 93: 2.447140084182658, 94: 0.9572397491187983, 95: 0.4537854007172353, 96: 0.4392823676186586, 97: 1.42534059426026, 98: 2.9789299443496247, 99: 2.935753014501256}
2025-01-27 09:57:25 - WARNING  - Sum of s_i: 197.70768773897478
2025-01-27 09:57:45 - WARNING  - Epoch:   307. Accuracy: Top-1: 78.28 | Loss: value: 0.63
2025-01-27 09:57:45 - WARNING  - Epoch 307
2025-01-27 09:57:45 - WARNING  - s_i: {0: 3.4448685920698834, 1: 0.4714903796453003, 2: 1.4466759849644046, 3: 0.9643130153226939, 4: 4.416386337880821, 5: 1.9552477429334838, 6: 1.4477575367692985, 7: 2.453418352947672, 8: 3.4653250308841947, 9: 0.4490709039097287, 10: 2.4553442039763214, 11: 6.468850321619423, 12: 5.4355297011691786, 13: 1.4598369953313197, 14: 5.9343200749609135, 15: 2.9316874444750587, 16: 0.46270312111615564, 17: 1.4340455550058555, 18: 0.90723151615187, 19: 1.9418019380792784, 20: 3.456399364997597, 21: 1.9544162939000667, 22: 0.9694903967583166, 23: 0.45554853845516363, 24: 0.4449900013443724, 25: 3.4619654048371125, 26: 1.9577737721955317, 27: 0.47650172903354093, 28: 2.9112532593322307, 29: 3.451247097204307, 30: 1.4837514005804826, 31: 1.9733454318166666, 32: 1.9450667074533987, 33: 0.4292106456354141, 34: 1.4950876629778216, 35: 2.9396773923846493, 36: 1.9575080749765854, 37: 0.9399339499282791, 38: 4.453719111930907, 39: 1.4874506282106852, 40: 0.4167100529893908, 41: 1.4501962620126774, 42: 0.4468573588924267, 43: 2.437095183412551, 44: 0.4833608129586327, 45: 1.459405923104793, 46: 2.9598385826866886, 47: 0.9559206465621486, 48: 3.9413655603978506, 49: 4.442332197713479, 50: 0.9333698772791125, 51: 0.9658441278537865, 52: 0.9468586601897218, 53: 1.4574039217329495, 54: 3.458710010620469, 55: 1.970214466731726, 56: 2.9707427102522965, 57: 0.9541846228024085, 58: 0.44973966596157217, 59: 1.4698122471504045, 60: 3.4419757054339635, 61: 5.447129014190653, 62: 1.454023033096198, 63: 0.4796472200652488, 64: 0.46830045289144895, 65: 2.9411084038400146, 66: 3.447837936218805, 67: 3.9363023754198254, 68: 0.9260386900789979, 69: 5.440128478460437, 70: 0.9216427351418948, 71: 0.4328168511521493, 72: 3.463588595238039, 73: 3.463753677777817, 74: 0.4395381218076263, 75: 4.461854888195049, 76: 4.45445111374517, 77: 3.471632947847715, 78: 0.4469354568311734, 79: 4.45966052433651, 80: 1.9575318791933263, 81: 3.4250885659765022, 82: 1.468032356420883, 83: 0.44848344263318163, 84: 1.9519645597858923, 85: 0.9453924917614127, 86: 2.962851505503335, 87: 4.455164629447949, 88: 0.9497825114013009, 89: 1.9727297190840902, 90: 0.9464657258800742, 91: 3.946418131455539, 92: 3.9360905267941764, 93: 2.447140084182658, 94: 0.9572397491187983, 95: 0.4537854007172353, 96: 0.4392823676186586, 97: 1.42534059426026, 98: 2.9789299443496247, 99: 2.935753014501256}
2025-01-27 09:57:45 - WARNING  - Sum of s_i: 218.16203792632595
2025-01-27 09:58:07 - WARNING  - Epoch:   308. Accuracy: Top-1: 77.68 | Loss: value: 0.63
2025-01-27 09:58:07 - WARNING  - Epoch 308
2025-01-27 09:58:07 - WARNING  - s_i: {0: 3.4448685920698834, 1: 0.4714903796453003, 2: 1.4466759849644046, 3: 0.9643130153226939, 4: 4.416386337880821, 5: 1.9552477429334838, 6: 1.4477575367692985, 7: 2.453418352947672, 8: 3.4653250308841947, 9: 0.4490709039097287, 10: 2.4553442039763214, 11: 6.468850321619423, 12: 5.4355297011691786, 13: 1.4598369953313197, 14: 5.9343200749609135, 15: 3.4271332741067306, 16: 1.4585590234623949, 17: 1.4340455550058555, 18: 0.90723151615187, 19: 1.9418019380792784, 20: 3.456399364997597, 21: 1.9544162939000667, 22: 0.9694903967583166, 23: 0.45554853845516363, 24: 0.4449900013443724, 25: 3.4619654048371125, 26: 1.9577737721955317, 27: 0.47650172903354093, 28: 2.9112532593322307, 29: 3.451247097204307, 30: 1.4796892507256094, 31: 1.9733454318166666, 32: 1.9450667074533987, 33: 0.4292106456354141, 34: 1.4950876629778216, 35: 2.9396773923846493, 36: 1.9575080749765854, 37: 0.9399339499282791, 38: 4.453719111930907, 39: 1.4874506282106852, 40: 0.4167100529893908, 41: 1.4501962620126774, 42: 1.9424288054667973, 43: 2.437095183412551, 44: 0.4833608129586327, 45: 1.459405923104793, 46: 2.9598385826866886, 47: 0.9559206465621486, 48: 3.9413655603978506, 49: 4.442332197713479, 50: 0.9333698772791125, 51: 0.9615746438355157, 52: 0.9468586601897218, 53: 1.4574039217329495, 54: 3.458710010620469, 55: 1.970214466731726, 56: 2.9707427102522965, 57: 0.9541846228024085, 58: 0.44973966596157217, 59: 1.4698122471504045, 60: 3.4419757054339635, 61: 1.4427230987065434, 62: 1.454023033096198, 63: 0.4796472200652488, 64: 0.46830045289144895, 65: 2.9411084038400146, 66: 3.447837936218805, 67: 3.9363023754198254, 68: 0.9219297284167198, 69: 5.440128478460437, 70: 0.9216427351418948, 71: 0.4328168511521493, 72: 3.463588595238039, 73: 3.463753677777817, 74: 0.4395381218076263, 75: 4.461854888195049, 76: 4.45445111374517, 77: 3.471632947847715, 78: 0.4469354568311734, 79: 4.45966052433651, 80: 1.452813199103702, 81: 3.4250885659765022, 82: 1.468032356420883, 83: 0.44848344263318163, 84: 1.9519645597858923, 85: 0.9453924917614127, 86: 5.4587238950037085, 87: 4.455164629447949, 88: 0.9497825114013009, 89: 1.9727297190840902, 90: 0.9464657258800742, 91: 3.946418131455539, 92: 3.9360905267941764, 93: 2.447140084182658, 94: 0.9572397491187983, 95: 0.4537854007172353, 96: 0.4392823676186586, 97: 1.42534059426026, 98: 2.9789299443496247, 99: 2.935753014501256}
2025-01-27 09:58:07 - WARNING  - Sum of s_i: 219.12321830326945
2025-01-27 09:58:29 - WARNING  - Epoch:   309. Accuracy: Top-1: 77.89 | Loss: value: 0.64
2025-01-27 09:58:29 - WARNING  - Epoch 309
2025-01-27 09:58:29 - WARNING  - s_i: {0: 3.4448685920698834, 1: 0.4714903796453003, 2: 1.4466759849644046, 3: 0.9643130153226939, 4: 4.416386337880821, 5: 1.9552477429334838, 6: 1.4477575367692985, 7: 2.453418352947672, 8: 3.4653250308841947, 9: 0.4490709039097287, 10: 2.4553442039763214, 11: 6.468850321619423, 12: 5.4355297011691786, 13: 1.4598369953313197, 14: 5.9343200749609135, 15: 3.4271332741067306, 16: 1.4585590234623949, 17: 1.4340455550058555, 18: 0.90723151615187, 19: 1.9418019380792784, 20: 3.456399364997597, 21: 1.9544162939000667, 22: 0.9694903967583166, 23: 0.45554853845516363, 24: 0.4449900013443724, 25: 3.4619654048371125, 26: 1.9577737721955317, 27: 0.47650172903354093, 28: 2.9112532593322307, 29: 3.451247097204307, 30: 1.4796892507256094, 31: 1.9733454318166666, 32: 1.9450667074533987, 33: 0.4292106456354141, 34: 1.4950876629778216, 35: 2.9396773923846493, 36: 1.9575080749765854, 37: 0.9399339499282791, 38: 1.4495117584700772, 39: 1.4874506282106852, 40: 0.4167100529893908, 41: 1.4501962620126774, 42: 1.9424288054667973, 43: 2.437095183412551, 44: 0.4833608129586327, 45: 1.459405923104793, 46: 2.9598385826866886, 47: 0.9559206465621486, 48: 3.9413655603978506, 49: 4.442332197713479, 50: 0.9333698772791125, 51: 0.9615746438355157, 52: 0.9468586601897218, 53: 1.4574039217329495, 54: 3.458710010620469, 55: 1.970214466731726, 56: 2.9707427102522965, 57: 0.9541846228024085, 58: 0.44973966596157217, 59: 1.4698122471504045, 60: 3.4419757054339635, 61: 1.4427230987065434, 62: 1.454023033096198, 63: 0.4796472200652488, 64: 0.46830045289144895, 65: 2.9411084038400146, 66: 3.447837936218805, 67: 3.9363023754198254, 68: 0.9219297284167198, 69: 5.440128478460437, 70: 0.9216427351418948, 71: 0.4328168511521493, 72: 3.463588595238039, 73: 3.463753677777817, 74: 0.4395381218076263, 75: 4.461854888195049, 76: 4.45445111374517, 77: 3.471632947847715, 78: 0.4469354568311734, 79: 4.45966052433651, 80: 1.452813199103702, 81: 3.4250885659765022, 82: 1.468032356420883, 83: 0.44848344263318163, 84: 1.9519645597858923, 85: 0.9453924917614127, 86: 5.4587238950037085, 87: 4.455164629447949, 88: 0.9497825114013009, 89: 1.9727297190840902, 90: 0.9464657258800742, 91: 3.946418131455539, 92: 3.9360905267941764, 93: 2.447140084182658, 94: 0.9572397491187983, 95: 0.4537854007172353, 96: 0.4392823676186586, 97: 1.42534059426026, 98: 0.9747159332195485, 99: 2.935753014501256}
2025-01-27 09:58:29 - WARNING  - Sum of s_i: 214.11479693867855
2025-01-27 09:58:51 - WARNING  - Epoch:   310. Accuracy: Top-1: 76.23 | Loss: value: 0.68
2025-01-27 09:58:51 - WARNING  - Epoch 310
2025-01-27 09:58:51 - WARNING  - s_i: {0: 3.4448685920698834, 1: 0.4714903796453003, 2: 1.4466759849644046, 3: 0.9643130153226939, 4: 4.416386337880821, 5: 1.9552477429334838, 6: 1.4477575367692985, 7: 2.453418352947672, 8: 3.4653250308841947, 9: 0.4490709039097287, 10: 2.4553442039763214, 11: 6.468850321619423, 12: 5.4355297011691786, 13: 1.4598369953313197, 14: 5.9343200749609135, 15: 3.4271332741067306, 16: 1.4585590234623949, 17: 1.4340455550058555, 18: 0.90723151615187, 19: 1.9418019380792784, 20: 3.456399364997597, 21: 1.9544162939000667, 22: 0.9694903967583166, 23: 0.45554853845516363, 24: 0.4449900013443724, 25: 3.4619654048371125, 26: 1.9577737721955317, 27: 0.47650172903354093, 28: 2.9112532593322307, 29: 3.451247097204307, 30: 1.4796892507256094, 31: 1.9733454318166666, 32: 1.9450667074533987, 33: 0.4292106456354141, 34: 1.4950876629778216, 35: 2.9396773923846493, 36: 1.9575080749765854, 37: 0.9399339499282791, 38: 1.4495117584700772, 39: 1.4874506282106852, 40: 0.4167100529893908, 41: 1.4501962620126774, 42: 1.9424288054667973, 43: 2.437095183412551, 44: 0.4833608129586327, 45: 1.459405923104793, 46: 2.9598385826866886, 47: 0.9559206465621486, 48: 3.9413655603978506, 49: 2.937526547522934, 50: 0.9333698772791125, 51: 0.9615746438355157, 52: 0.9468586601897218, 53: 1.4574039217329495, 54: 3.458710010620469, 55: 1.970214466731726, 56: 2.9707427102522965, 57: 0.9541846228024085, 58: 0.44973966596157217, 59: 1.4698122471504045, 60: 3.4419757054339635, 61: 1.4427230987065434, 62: 1.454023033096198, 63: 0.4796472200652488, 64: 0.46830045289144895, 65: 2.9411084038400146, 66: 3.447837936218805, 67: 3.9363023754198254, 68: 0.9219297284167198, 69: 5.440128478460437, 70: 0.9216427351418948, 71: 0.4328168511521493, 72: 3.463588595238039, 73: 3.463753677777817, 74: 0.4395381218076263, 75: 4.461854888195049, 76: 4.45445111374517, 77: 3.471632947847715, 78: 0.4469354568311734, 79: 4.45966052433651, 80: 1.452813199103702, 81: 3.4250885659765022, 82: 1.468032356420883, 83: 0.44848344263318163, 84: 1.9519645597858923, 85: 0.9453924917614127, 86: 5.4587238950037085, 87: 4.455164629447949, 88: 0.9497825114013009, 89: 1.9727297190840902, 90: 0.9464657258800742, 91: 3.946418131455539, 92: 3.9360905267941764, 93: 2.447140084182658, 94: 0.9572397491187983, 95: 0.4537854007172353, 96: 0.4392823676186586, 97: 1.42534059426026, 98: 0.9747159332195485, 99: 0.931737577907588}
2025-01-27 09:58:51 - WARNING  - Sum of s_i: 210.60597585189433
2025-01-27 09:58:56 - WARNING  - The sum of accs: 70.0
2025-01-27 09:58:56 - WARNING  - The welfare is 69.90553624935549
2025-01-27 09:59:18 - WARNING  - Epoch:   311. Accuracy: Top-1: 76.05 | Loss: value: 0.69
2025-01-27 09:59:18 - WARNING  - Epoch 311
2025-01-27 09:59:18 - WARNING  - s_i: {0: 3.4448685920698834, 1: 0.4714903796453003, 2: 1.4466759849644046, 3: 0.9643130153226939, 4: 4.416386337880821, 5: 2.9507725172268335, 6: 0.943403998166738, 7: 2.453418352947672, 8: 3.4653250308841947, 9: 0.4490709039097287, 10: 2.4553442039763214, 11: 6.468850321619423, 12: 5.4355297011691786, 13: 1.4598369953313197, 14: 4.9302150796459685, 15: 3.4271332741067306, 16: 1.4585590234623949, 17: 1.4340455550058555, 18: 0.90723151615187, 19: 1.9418019380792784, 20: 3.456399364997597, 21: 1.9544162939000667, 22: 0.9694903967583166, 23: 0.45554853845516363, 24: 0.4449900013443724, 25: 3.4619654048371125, 26: 1.9577737721955317, 27: 0.47650172903354093, 28: 2.9112532593322307, 29: 3.451247097204307, 30: 1.4796892507256094, 31: 1.9733454318166666, 32: 1.9450667074533987, 33: 0.4292106456354141, 34: 1.4950876629778216, 35: 2.9396773923846493, 36: 2.9527867499739857, 37: 0.9399339499282791, 38: 1.4495117584700772, 39: 1.4874506282106852, 40: 0.4167100529893908, 41: 0.4456686494683739, 42: 1.9424288054667973, 43: 2.437095183412551, 44: 0.4833608129586327, 45: 1.459405923104793, 46: 2.9598385826866886, 47: 0.9559206465621486, 48: 3.9413655603978506, 49: 2.937526547522934, 50: 0.9333698772791125, 51: 0.9615746438355157, 52: 0.9468586601897218, 53: 1.4574039217329495, 54: 3.458710010620469, 55: 1.970214466731726, 56: 2.9707427102522965, 57: 0.9541846228024085, 58: 0.44973966596157217, 59: 1.4698122471504045, 60: 3.4419757054339635, 61: 1.4427230987065434, 62: 1.454023033096198, 63: 0.4796472200652488, 64: 0.46830045289144895, 65: 2.9411084038400146, 66: 3.447837936218805, 67: 3.9363023754198254, 68: 0.9219297284167198, 69: 5.440128478460437, 70: 0.9216427351418948, 71: 0.4328168511521493, 72: 3.463588595238039, 73: 3.463753677777817, 74: 0.4395381218076263, 75: 4.461854888195049, 76: 4.45445111374517, 77: 3.471632947847715, 78: 0.4469354568311734, 79: 4.45966052433651, 80: 1.452813199103702, 81: 3.4250885659765022, 82: 1.468032356420883, 83: 0.44848344263318163, 84: 1.9519645597858923, 85: 0.9453924917614127, 86: 5.454596284504079, 87: 4.455164629447949, 88: 0.9497825114013009, 89: 1.9727297190840902, 90: 0.9464657258800742, 91: 3.946418131455539, 92: 3.9360905267941764, 93: 2.447140084182658, 94: 0.9572397491187983, 95: 0.4537854007172353, 96: 0.4392823676186586, 97: 1.42534059426026, 98: 0.9747159332195485, 99: 0.931737577907588}
2025-01-27 09:59:18 - WARNING  - Sum of s_i: 210.07966554422364
2025-01-27 09:59:40 - WARNING  - Epoch:   312. Accuracy: Top-1: 77.86 | Loss: value: 0.64
2025-01-27 09:59:40 - WARNING  - Epoch 312
2025-01-27 09:59:40 - WARNING  - s_i: {0: 3.4448685920698834, 1: 0.4714903796453003, 2: 1.4466759849644046, 3: 0.9643130153226939, 4: 4.416386337880821, 5: 2.9507725172268335, 6: 2.939050459564174, 7: 2.453418352947672, 8: 3.4653250308841947, 9: 0.4490709039097287, 10: 2.4553442039763214, 11: 6.468850321619423, 12: 5.4355297011691786, 13: 1.4598369953313197, 14: 4.9302150796459685, 15: 3.4271332741067306, 16: 1.4585590234623949, 17: 1.4340455550058555, 18: 0.90723151615187, 19: 1.9418019380792784, 20: 5.451554849997331, 21: 1.9544162939000667, 22: 0.9694903967583166, 23: 1.950609487172405, 24: 0.4449900013443724, 25: 1.9572110804417484, 26: 1.9577737721955317, 27: 0.47650172903354093, 28: 2.9112532593322307, 29: 3.451247097204307, 30: 1.4796892507256094, 31: 1.9733454318166666, 32: 4.940072771767348, 33: 0.4292106456354141, 34: 1.4950876629778216, 35: 2.9396773923846493, 36: 2.948065424971385, 37: 0.9399339499282791, 38: 1.4495117584700772, 39: 1.4874506282106852, 40: 0.4167100529893908, 41: 0.4456686494683739, 42: 1.9424288054667973, 43: 2.437095183412551, 44: 0.4833608129586327, 45: 1.459405923104793, 46: 2.9598385826866886, 47: 0.9559206465621486, 48: 3.9413655603978506, 49: 2.937526547522934, 50: 0.9333698772791125, 51: 0.9615746438355157, 52: 0.9468586601897218, 53: 1.4574039217329495, 54: 3.458710010620469, 55: 5.9652502111870165, 56: 2.9707427102522965, 57: 0.9541846228024085, 58: 0.44973966596157217, 59: 1.4654997110290349, 60: 3.4419757054339635, 61: 1.4427230987065434, 62: 1.454023033096198, 63: 0.4796472200652488, 64: 0.46830045289144895, 65: 2.9411084038400146, 66: 3.447837936218805, 67: 3.9363023754198254, 68: 0.9219297284167198, 69: 5.440128478460437, 70: 0.9216427351418948, 71: 0.4328168511521493, 72: 3.463588595238039, 73: 3.463753677777817, 74: 0.4395381218076263, 75: 4.461854888195049, 76: 4.45445111374517, 77: 3.471632947847715, 78: 0.4469354568311734, 79: 4.45966052433651, 80: 1.452813199103702, 81: 4.420094470374936, 82: 1.468032356420883, 83: 0.44848344263318163, 84: 1.9519645597858923, 85: 0.9453924917614127, 86: 5.454596284504079, 87: 4.455164629447949, 88: 0.9497825114013009, 89: 1.9727297190840902, 90: 0.9464657258800742, 91: 3.946418131455539, 92: 3.9360905267941764, 93: 2.447140084182658, 94: 0.9572397491187983, 95: 0.4537854007172353, 96: 0.4392823676186586, 97: 1.42534059426026, 98: 2.9705019220894706, 99: 0.931737577907588}
2025-01-27 09:59:40 - WARNING  - Sum of s_i: 224.03257395585632
2025-01-27 10:00:03 - WARNING  - Epoch:   313. Accuracy: Top-1: 77.59 | Loss: value: 0.64
2025-01-27 10:00:03 - WARNING  - Epoch 313
2025-01-27 10:00:03 - WARNING  - s_i: {0: 3.4448685920698834, 1: 0.4714903796453003, 2: 1.4466759849644046, 3: 0.9643130153226939, 4: 4.416386337880821, 5: 2.9507725172268335, 6: 2.939050459564174, 7: 2.453418352947672, 8: 3.4653250308841947, 9: 0.4490709039097287, 10: 2.4553442039763214, 11: 6.468850321619423, 12: 5.4355297011691786, 13: 1.4598369953313197, 14: 4.9302150796459685, 15: 3.4271332741067306, 16: 1.4585590234623949, 17: 1.4340455550058555, 18: 0.90723151615187, 19: 1.9418019380792784, 20: 5.451554849997331, 21: 1.9544162939000667, 22: 0.9694903967583166, 23: 1.950609487172405, 24: 0.4449900013443724, 25: 1.9572110804417484, 26: 1.9577737721955317, 27: 0.47650172903354093, 28: 2.9112532593322307, 29: 3.451247097204307, 30: 1.4796892507256094, 31: 1.9733454318166666, 32: 4.940072771767348, 33: 0.4292106456354141, 34: 1.4950876629778216, 35: 2.9396773923846493, 36: 2.948065424971385, 37: 0.9399339499282791, 38: 1.4495117584700772, 39: 1.4874506282106852, 40: 0.4167100529893908, 41: 0.4456686494683739, 42: 1.9424288054667973, 43: 2.437095183412551, 44: 0.4833608129586327, 45: 1.459405923104793, 46: 2.9598385826866886, 47: 0.9559206465621486, 48: 3.9413655603978506, 49: 2.937526547522934, 50: 0.9333698772791125, 51: 0.9615746438355157, 52: 0.9468586601897218, 53: 1.4574039217329495, 54: 3.458710010620469, 55: 5.9652502111870165, 56: 2.9707427102522965, 57: 0.9541846228024085, 58: 0.44973966596157217, 59: 1.4654997110290349, 60: 3.4419757054339635, 61: 1.4427230987065434, 62: 1.454023033096198, 63: 0.4796472200652488, 64: 0.46830045289144895, 65: 2.9411084038400146, 66: 3.447837936218805, 67: 3.9363023754198254, 68: 0.9219297284167198, 69: 5.440128478460437, 70: 0.9216427351418948, 71: 0.4328168511521493, 72: 0.45903716964279084, 73: 3.463753677777817, 74: 0.4395381218076263, 75: 4.461854888195049, 76: 4.45445111374517, 77: 3.471632947847715, 78: 0.4469354568311734, 79: 4.45966052433651, 80: 1.452813199103702, 81: 4.420094470374936, 82: 1.468032356420883, 83: 0.44848344263318163, 84: 1.9519645597858923, 85: 0.9453924917614127, 86: 5.454596284504079, 87: 4.455164629447949, 88: 0.9497825114013009, 89: 1.9727297190840902, 90: 0.9464657258800742, 91: 3.946418131455539, 92: 3.9360905267941764, 93: 2.447140084182658, 94: 0.9572397491187983, 95: 0.4537854007172353, 96: 0.4392823676186586, 97: 1.42534059426026, 98: 2.9705019220894706, 99: 0.931737577907588}
2025-01-27 10:00:03 - WARNING  - Sum of s_i: 221.02802253026107
2025-01-27 10:00:25 - WARNING  - Epoch:   314. Accuracy: Top-1: 78.26 | Loss: value: 0.62
2025-01-27 10:00:25 - WARNING  - Epoch 314
2025-01-27 10:00:25 - WARNING  - s_i: {0: 3.4448685920698834, 1: 0.4714903796453003, 2: 1.4466759849644046, 3: 0.9643130153226939, 4: 4.416386337880821, 5: 2.9507725172268335, 6: 2.939050459564174, 7: 2.453418352947672, 8: 3.4653250308841947, 9: 0.4490709039097287, 10: 2.4553442039763214, 11: 6.468850321619423, 12: 5.4355297011691786, 13: 1.4598369953313197, 14: 4.9302150796459685, 15: 3.4271332741067306, 16: 1.4585590234623949, 17: 1.4340455550058555, 18: 0.90723151615187, 19: 1.9418019380792784, 20: 5.451554849997331, 21: 1.9544162939000667, 22: 0.9694903967583166, 23: 1.950609487172405, 24: 0.4449900013443724, 25: 1.9572110804417484, 26: 1.9577737721955317, 27: 0.47650172903354093, 28: 2.9112532593322307, 29: 3.451247097204307, 30: 1.4796892507256094, 31: 1.9733454318166666, 32: 4.940072771767348, 33: 0.4292106456354141, 34: 1.4950876629778216, 35: 2.9396773923846493, 36: 2.948065424971385, 37: 0.9399339499282791, 38: 1.4495117584700772, 39: 1.4874506282106852, 40: 0.4167100529893908, 41: 0.4456686494683739, 42: 1.9424288054667973, 43: 2.437095183412551, 44: 0.4833608129586327, 45: 1.459405923104793, 46: 2.9598385826866886, 47: 0.9559206465621486, 48: 3.9413655603978506, 49: 2.937526547522934, 50: 0.9333698772791125, 51: 0.9615746438355157, 52: 0.9468586601897218, 53: 1.4574039217329495, 54: 3.458710010620469, 55: 5.9652502111870165, 56: 2.9707427102522965, 57: 0.9541846228024085, 58: 0.44973966596157217, 59: 1.4654997110290349, 60: 3.4419757054339635, 61: 1.4427230987065434, 62: 1.454023033096198, 63: 0.4796472200652488, 64: 0.46830045289144895, 65: 2.9411084038400146, 66: 3.447837936218805, 67: 3.9363023754198254, 68: 0.9219297284167198, 69: 5.440128478460437, 70: 0.9216427351418948, 71: 0.4328168511521493, 72: 0.45903716964279084, 73: 3.463753677777817, 74: 0.4395381218076263, 75: 4.461854888195049, 76: 4.45445111374517, 77: 3.471632947847715, 78: 0.4469354568311734, 79: 4.45966052433651, 80: 1.452813199103702, 81: 4.420094470374936, 82: 1.468032356420883, 83: 0.44848344263318163, 84: 1.9519645597858923, 85: 0.9453924917614127, 86: 5.454596284504079, 87: 4.455164629447949, 88: 0.9497825114013009, 89: 1.9727297190840902, 90: 0.9464657258800742, 91: 3.946418131455539, 92: 3.9360905267941764, 93: 2.447140084182658, 94: 0.9572397491187983, 95: 0.4537854007172353, 96: 0.4392823676186586, 97: 1.42534059426026, 98: 2.9705019220894706, 99: 0.931737577907588}
2025-01-27 10:00:25 - WARNING  - Sum of s_i: 221.02802253026107
2025-01-27 10:00:48 - WARNING  - Epoch:   315. Accuracy: Top-1: 76.41 | Loss: value: 0.68
2025-01-27 10:00:48 - WARNING  - Epoch 315
2025-01-27 10:00:48 - WARNING  - s_i: {0: 3.4448685920698834, 1: 0.4714903796453003, 2: 1.4466759849644046, 3: 0.9643130153226939, 4: 4.416386337880821, 5: 2.9507725172268335, 6: 2.939050459564174, 7: 2.453418352947672, 8: 3.4653250308841947, 9: 0.4490709039097287, 10: 2.4553442039763214, 11: 6.468850321619423, 12: 5.4355297011691786, 13: 1.4598369953313197, 14: 4.9302150796459685, 15: 3.4271332741067306, 16: 1.4585590234623949, 17: 1.4340455550058555, 18: 0.90723151615187, 19: 1.9418019380792784, 20: 5.451554849997331, 21: 1.9544162939000667, 22: 0.9694903967583166, 23: 1.950609487172405, 24: 0.4449900013443724, 25: 1.9572110804417484, 26: 1.9577737721955317, 27: 0.47650172903354093, 28: 2.9112532593322307, 29: 3.451247097204307, 30: 1.4796892507256094, 31: 1.9733454318166666, 32: 4.940072771767348, 33: 0.4292106456354141, 34: 1.4950876629778216, 35: 2.9396773923846493, 36: 2.948065424971385, 37: 0.9399339499282791, 38: 1.4495117584700772, 39: 1.4874506282106852, 40: 0.4167100529893908, 41: 0.4456686494683739, 42: 1.9424288054667973, 43: 2.437095183412551, 44: 0.4833608129586327, 45: 1.459405923104793, 46: 2.9598385826866886, 47: 0.9559206465621486, 48: 0.4364793570976677, 49: 2.937526547522934, 50: 0.9333698772791125, 51: 0.9615746438355157, 52: 0.9468586601897218, 53: 1.4574039217329495, 54: 3.458710010620469, 55: 5.9652502111870165, 56: 2.9707427102522965, 57: 0.9541846228024085, 58: 0.44973966596157217, 59: 1.4654997110290349, 60: 3.4419757054339635, 61: 1.4427230987065434, 62: 1.454023033096198, 63: 0.4796472200652488, 64: 0.46830045289144895, 65: 2.9411084038400146, 66: 3.447837936218805, 67: 3.9363023754198254, 68: 0.9219297284167198, 69: 7.435851941207614, 70: 0.9216427351418948, 71: 0.4328168511521493, 72: 0.45903716964279084, 73: 3.463753677777817, 74: 0.4395381218076263, 75: 4.461854888195049, 76: 4.45445111374517, 77: 1.9669051058223335, 78: 0.4469354568311734, 79: 4.45966052433651, 80: 1.452813199103702, 81: 4.420094470374936, 82: 1.468032356420883, 83: 0.44848344263318163, 84: 1.9519645597858923, 85: 0.9453924917614127, 86: 5.454596284504079, 87: 4.455164629447949, 88: 0.9497825114013009, 89: 1.9727297190840902, 90: 0.9464657258800742, 91: 3.946418131455539, 92: 3.9360905267941764, 93: 2.447140084182658, 94: 0.9572397491187983, 95: 0.4537854007172353, 96: 0.4392823676186586, 97: 1.42534059426026, 98: 2.9705019220894706, 99: 0.931737577907588}
2025-01-27 10:00:48 - WARNING  - Sum of s_i: 218.0141319476827
{57: 0.0, 1: -0.10000000000000009, 11: 0.20000000000000018, 84: -0.10000000000000009, 14: -0.10000000000000009, 59: -0.2500000000000002, 24: -0.30000000000000027, 10: -0.2500000000000002, 3: -0.5000000000000004, 49: -0.7999999999999996}
Length of Loader 100
{15: -0.30000000000000027, 3: -0.3999999999999998, 94: -0.5499999999999999, 81: -0.14999999999999958, 96: -0.49999999999999933, 16: -0.6499999999999995, 79: -0.4999999999999999, 71: -0.6499999999999995, 14: -0.44999999999999984, 39: -0.4999999999999999}
Length of Loader 100
{48: 0.050000000000000044, 8: 0.10000000000000009, 56: 0.20000000000000018, 81: -0.10000000000000009, 27: -0.15000000000000013, 18: -0.2999999999999997, 33: -0.050000000000000044, 71: -0.050000000000000044, 45: 0.0, 62: 0.10000000000000009}
Length of Loader 100
{75: -0.10000000000000009, 72: -0.34999999999999976, 85: -0.09999999999999953, 40: -0.8999999999999997, 27: -0.24999999999999967, 1: -0.24999999999999967, 28: -0.4999999999999999, 29: -0.44999999999999984, 81: -0.3999999999999998, 64: -0.4999999999999999}
Length of Loader 100
{96: -0.19999999999999962, 17: -0.3499999999999992, 1: -0.44999999999999984, 57: -0.39999999999999925, 48: -0.2999999999999997, 88: -0.3499999999999992, 39: -0.24999999999999967, 99: -0.7999999999999996, 33: -0.3999999999999998, 3: -0.34999999999999976}
Length of Loader 100
{76: -0.40000000000000036, 52: -1.0500000000000003, 3: -0.9500000000000003, 15: -0.5500000000000005, 41: -1.0499999999999998, 62: -0.65, 98: -0.6, 66: -0.9999999999999998, 51: -1.35, 26: -0.9000000000000002}
Length of Loader 100
{59: 0.10000000000000009, 85: -0.40000000000000036, 48: -0.3500000000000003, 49: -0.4500000000000004, 78: -0.3500000000000003, 36: -0.20000000000000018, 3: -0.3500000000000003, 71: -0.20000000000000018, 18: -0.40000000000000036, 65: -0.20000000000000018}
Length of Loader 100
{11: 0.15000000000000013, 7: 0.0, 68: -0.10000000000000009, 84: -0.24999999999999967, 34: -0.3999999999999998, 99: -0.6, 83: -0.44999999999999984, 52: -0.44999999999999984, 35: -0.65, 92: -0.49999999999999933}
Length of Loader 100
{50: -0.050000000000000044, 10: -0.2500000000000002, 16: -0.10000000000000009, 30: 0.10000000000000009, 49: 0.050000000000000044, 15: -0.15000000000000013, 18: 0.0, 8: -0.2500000000000002, 17: -0.050000000000000044, 2: -0.10000000000000009}
Length of Loader 100
{53: -0.30000000000000027, 49: 0.050000000000000044, 11: -0.65, 71: 0.050000000000000044, 66: -0.8499999999999996, 87: -0.44999999999999984, 23: -1.0999999999999999, 13: -0.7000000000000001, 45: -0.9999999999999998, 79: -0.5499999999999999}
Length of Loader 100
{80: 0.050000000000000044, 44: -0.10000000000000009, 21: -0.10000000000000009, 87: -0.6, 56: -0.4999999999999999, 30: -0.4999999999999999, 70: -0.6, 93: -0.10000000000000009, 49: -0.15000000000000013, 35: -0.6}
Length of Loader 100
{94: -0.3500000000000003, 80: 0.10000000000000009, 57: -0.4500000000000004, 60: 0.20000000000000018, 52: 0.050000000000000044, 95: -0.10000000000000009, 86: -0.30000000000000027, 17: -0.5000000000000004, 28: -0.40000000000000036, 84: -0.6}
Length of Loader 100
{9: -0.20000000000000018, 81: 0.050000000000000044, 55: -0.30000000000000027, 32: 0.0, 62: -0.20000000000000018, 50: -0.20000000000000018, 17: -0.30000000000000027, 48: -0.10000000000000009, 77: -0.40000000000000036, 64: -0.3500000000000003}
Length of Loader 100
{42: -0.10000000000000009, 55: -0.3500000000000003, 60: -0.8000000000000002, 84: -0.3500000000000003, 3: -0.7500000000000007, 38: -0.65, 62: -0.5500000000000005, 95: -0.6000000000000005, 51: -0.6000000000000005, 88: -0.7500000000000001}
Length of Loader 100
{58: -0.7000000000000001, 42: -0.050000000000000044, 86: -0.4500000000000004, 71: -0.050000000000000044, 15: -0.6000000000000005, 52: -0.3500000000000003, 54: -1.2, 14: -1.0999999999999999, 22: -1.0499999999999998, 51: -0.8000000000000002}
Length of Loader 100
{15: -0.3500000000000003, 97: -0.050000000000000044, 38: -0.6, 4: -0.20000000000000018, 37: -0.6000000000000005, 78: -0.7999999999999996, 47: -0.7999999999999996, 14: -0.6, 99: -0.4999999999999999, 18: -0.3999999999999998}
Length of Loader 100
{90: -0.4999999999999999, 86: -0.65, 75: -0.5499999999999999, 41: -0.4500000000000004, 27: -0.050000000000000044, 46: -0.6, 2: -0.6999999999999995, 94: -0.6, 77: -0.7000000000000001, 31: -0.19999999999999962}
Length of Loader 100
{21: 0.0, 2: 0.10000000000000009, 14: 0.10000000000000009, 81: 0.10000000000000009, 11: 0.050000000000000044, 13: -0.050000000000000044, 15: 0.0, 31: 0.050000000000000044, 95: -0.050000000000000044, 76: 0.050000000000000044}
Length of Loader 100
{7: -0.3500000000000003, 49: -0.5500000000000005, 26: -0.20000000000000018, 18: -0.30000000000000027, 40: -0.40000000000000036, 4: -0.6000000000000005, 33: -0.24999999999999967, 44: -0.2500000000000002, 61: -0.30000000000000027, 53: -0.7500000000000007}
Length of Loader 100
{22: -0.4999999999999999, 85: -0.5500000000000005, 74: -0.6, 16: -0.40000000000000036, 40: -0.5499999999999999, 54: -0.40000000000000036, 98: -0.40000000000000036, 26: -0.5499999999999999, 32: -0.44999999999999984, 67: -0.65}
Length of Loader 100
{2: -0.65, 13: -0.4999999999999999, 92: -0.6, 10: -0.65, 27: -0.30000000000000027, 66: -0.5000000000000004, 6: -0.6499999999999995, 91: -0.9000000000000002, 87: -1.2, 55: -0.9500000000000003}
Length of Loader 100
{52: -0.10000000000000009, 89: -0.24999999999999967, 31: 0.050000000000000044, 25: 0.2500000000000002, 8: -0.7499999999999996, 22: -0.6999999999999995, 4: -0.3999999999999998, 59: -0.4999999999999999, 43: -0.65, 62: -1.2}
Length of Loader 100
{8: 0.10000000000000009, 14: 0.40000000000000036, 93: 0.050000000000000044, 35: 0.2500000000000002, 98: 0.15000000000000013, 69: 0.2500000000000002, 61: 0.30000000000000027, 4: 0.15000000000000013, 76: 0.10000000000000009, 65: 0.10000000000000009}
Length of Loader 100
{4: 0.2500000000000002, 73: 0.30000000000000027, 15: 0.15000000000000013, 49: 0.40000000000000036, 78: -0.04999999999999949, 12: 0.3500000000000003, 48: 0.30000000000000027, 72: 0.10000000000000009, 86: 0.0, 28: 0.2500000000000002}
Length of Loader 100
{16: 0.10000000000000009, 68: 0.0, 36: -0.19999999999999962, 86: 0.2500000000000002, 51: 5.551115123125783e-16, 42: 0.15000000000000013, 30: 5.551115123125783e-16, 61: -0.3999999999999998, 15: 0.050000000000000044, 80: -0.04999999999999949}
Length of Loader 100
{12: -1.15, 98: -0.20000000000000018, 38: -0.30000000000000027, 23: -0.5499999999999999, 24: -0.44999999999999984, 50: -0.6999999999999995, 28: -2.0500000000000003, 77: -1.8999999999999995, 9: -1.0499999999999998, 54: -1.5499999999999998}
Length of Loader 100
{68: -0.19999999999999962, 94: -0.20000000000000018, 99: -0.19999999999999962, 49: -0.15000000000000013, 65: -0.40000000000000036, 15: -0.6499999999999995, 12: -0.5999999999999994, 2: -0.9499999999999997, 3: -0.6499999999999995, 96: -0.7999999999999996}
Length of Loader 100
{5: 0.10000000000000009, 93: -0.2999999999999997, 6: -0.050000000000000044, 86: 0.0, 36: 0.10000000000000009, 9: -0.34999999999999976, 14: -0.10000000000000009, 27: -0.04999999999999949, 41: -0.10000000000000009, 99: -0.10000000000000009}
Length of Loader 100
{6: 0.19999999999999962, 32: 0.30000000000000027, 81: 0.10000000000000009, 25: -0.15000000000000013, 23: 0.15000000000000013, 59: 0.0, 20: 0.20000000000000018, 98: 0.19999999999999962, 55: 0.40000000000000036, 36: 0.0}
Length of Loader 100
{56: -0.40000000000000036, 72: -0.30000000000000027, 59: -0.34999999999999976, 15: -1.15, 75: -1.5999999999999996, 99: -0.9000000000000002, 45: -0.8999999999999997, 38: -1.0499999999999998, 3: -1.0499999999999994, 4: -1.0499999999999998}
Length of Loader 100
{99: -0.20000000000000018, 62: -0.30000000000000027, 28: -0.30000000000000027, 42: -0.2500000000000002, 65: -0.4999999999999999, 63: -0.3500000000000003, 27: -0.4500000000000004, 6: -0.5000000000000004, 16: -0.20000000000000018, 48: -0.7000000000000001}
Length of Loader 100
{39: -0.3999999999999998, 98: -0.5000000000000004, 77: -0.15000000000000013, 69: 0.20000000000000018, 48: -0.3500000000000003, 13: -0.6000000000000005, 95: -0.5500000000000005, 93: -0.6, 20: -0.7000000000000001, 19: -0.4500000000000004}
Length of Loader 100
2025-01-27 10:01:11 - WARNING  - Epoch:   316. Accuracy: Top-1: 76.34 | Loss: value: 0.70
2025-01-27 10:01:11 - WARNING  - Epoch 316
2025-01-27 10:01:11 - WARNING  - s_i: {0: 4.940274308075708, 1: 0.4714903796453003, 2: 1.4466759849644046, 3: 0.9643130153226939, 4: 4.416386337880821, 5: 2.9507725172268335, 6: 2.939050459564174, 7: 2.453418352947672, 8: 3.4653250308841947, 9: 0.4490709039097287, 10: 2.4553442039763214, 11: 6.468850321619423, 12: 5.4355297011691786, 13: 1.4598369953313197, 14: 5.426110084331024, 15: 3.4271332741067306, 16: 1.4585590234623949, 17: 1.4340455550058555, 18: 0.90723151615187, 19: 1.9418019380792784, 20: 5.451554849997331, 21: 1.9544162939000667, 22: 0.9694903967583166, 23: 1.950609487172405, 24: 0.4449900013443724, 25: 1.9572110804417484, 26: 1.9577737721955317, 27: 0.47650172903354093, 28: 2.9112532593322307, 29: 3.451247097204307, 30: 4.975627100870728, 31: 1.9733454318166666, 32: 4.940072771767348, 33: 0.4292106456354141, 34: 1.4950876629778216, 35: 2.9396773923846493, 36: 7.943344099968783, 37: 0.9399339499282791, 38: 1.4495117584700772, 39: 1.4874506282106852, 40: 0.4167100529893908, 41: 0.4456686494683739, 42: 1.9424288054667973, 43: 2.437095183412551, 44: 0.4833608129586327, 45: 1.459405923104793, 46: 2.9598385826866886, 47: 0.9559206465621486, 48: 0.4364793570976677, 49: 2.937526547522934, 50: 0.9333698772791125, 51: 0.9615746438355157, 52: 0.9468586601897218, 53: 1.4574039217329495, 54: 3.458710010620469, 55: 5.9652502111870165, 56: 2.9707427102522965, 57: 0.9541846228024085, 58: 0.44973966596157217, 59: 1.4654997110290349, 60: 3.4419757054339635, 61: 1.4427230987065434, 62: 1.454023033096198, 63: 0.4796472200652488, 64: 4.463771946161649, 65: 2.9411084038400146, 66: 0.9430959304205175, 67: 3.9363023754198254, 68: 0.9219297284167198, 69: 7.435851941207614, 70: 0.9216427351418948, 71: 0.4328168511521493, 72: 0.45903716964279084, 73: 3.463753677777817, 74: 0.4395381218076263, 75: 4.461854888195049, 76: 4.45445111374517, 77: 1.9669051058223335, 78: 0.4469354568311734, 79: 4.45966052433651, 80: 1.452813199103702, 81: 4.420094470374936, 82: 1.468032356420883, 83: 0.44848344263318163, 84: 2.947597701584616, 85: 0.9453924917614127, 86: 5.454596284504079, 87: 4.455164629447949, 88: 0.9497825114013009, 89: 1.9727297190840902, 90: 0.9464657258800742, 91: 3.946418131455539, 92: 3.9360905267941764, 93: 2.447140084182658, 94: 0.9572397491187983, 95: 0.4537854007172353, 96: 4.9346117805124, 97: 1.42534059426026, 98: 7.4662879109594, 99: 0.931737577907588}
2025-01-27 10:01:11 - WARNING  - Sum of s_i: 239.9741272245504
2025-01-27 10:01:33 - WARNING  - Epoch:   317. Accuracy: Top-1: 76.67 | Loss: value: 0.69
2025-01-27 10:01:33 - WARNING  - Epoch 317
2025-01-27 10:01:33 - WARNING  - s_i: {0: 4.940274308075708, 1: 0.4714903796453003, 2: 1.4466759849644046, 3: 0.9643130153226939, 4: 4.416386337880821, 5: 2.9507725172268335, 6: 2.939050459564174, 7: 2.453418352947672, 8: 3.4653250308841947, 9: 0.4490709039097287, 10: 2.4553442039763214, 11: 6.468850321619423, 12: 5.4355297011691786, 13: 1.4598369953313197, 14: 5.426110084331024, 15: 3.4271332741067306, 16: 1.4585590234623949, 17: 1.4340455550058555, 18: 0.90723151615187, 19: 1.9418019380792784, 20: 3.9467103349970625, 21: 1.9544162939000667, 22: 0.9694903967583166, 23: 1.950609487172405, 24: 0.4449900013443724, 25: 1.9572110804417484, 26: 1.9577737721955317, 27: 0.47650172903354093, 28: 2.9112532593322307, 29: 3.451247097204307, 30: 2.4715649510158526, 31: 1.9733454318166666, 32: 4.940072771767348, 33: 0.4292106456354141, 34: 1.4950876629778216, 35: 2.9396773923846493, 36: 7.943344099968783, 37: 0.9399339499282791, 38: 1.4495117584700772, 39: 1.4874506282106852, 40: 0.4167100529893908, 41: 0.4456686494683739, 42: 1.9424288054667973, 43: 2.437095183412551, 44: 0.4833608129586327, 45: 1.459405923104793, 46: 2.9598385826866886, 47: 0.9559206465621486, 48: 0.4364793570976677, 49: 2.937526547522934, 50: 0.9333698772791125, 51: 0.9615746438355157, 52: 0.9468586601897218, 53: 1.4574039217329495, 54: 3.458710010620469, 55: 5.9652502111870165, 56: 1.4665630974311938, 57: 0.9541846228024085, 58: 0.44973966596157217, 59: 1.4654997110290349, 60: 3.4419757054339635, 61: 1.4427230987065434, 62: 1.454023033096198, 63: 0.4796472200652488, 64: 4.463771946161649, 65: 2.9411084038400146, 66: 0.9430959304205175, 67: 3.9363023754198254, 68: 0.9219297284167198, 69: 7.435851941207614, 70: 0.9216427351418948, 71: 0.4328168511521493, 72: 0.45903716964279084, 73: 3.463753677777817, 74: 0.4395381218076263, 75: 4.461854888195049, 76: 4.45445111374517, 77: 1.9669051058223335, 78: 0.4469354568311734, 79: 4.45966052433651, 80: 1.452813199103702, 81: 4.420094470374936, 82: 1.468032356420883, 83: 0.44848344263318163, 84: 2.947597701584616, 85: 0.9453924917614127, 86: 5.454596284504079, 87: 4.455164629447949, 88: 0.9497825114013009, 89: 1.9727297190840902, 90: 0.9464657258800742, 91: 3.946418131455539, 92: 3.9360905267941764, 93: 2.447140084182658, 94: 0.9572397491187983, 95: 0.4537854007172353, 96: 4.9346117805124, 97: 1.42534059426026, 98: 7.4662879109594, 99: 0.931737577907588}
2025-01-27 10:01:33 - WARNING  - Sum of s_i: 234.46104094687414
2025-01-27 10:01:57 - WARNING  - Epoch:   318. Accuracy: Top-1: 77.67 | Loss: value: 0.66
2025-01-27 10:01:57 - WARNING  - Epoch 318
2025-01-27 10:01:57 - WARNING  - s_i: {0: 4.940274308075708, 1: 0.4714903796453003, 2: 1.4466759849644046, 3: 0.9643130153226939, 4: 4.416386337880821, 5: 5.446297291520184, 6: 4.434696920961615, 7: 2.453418352947672, 8: 3.4653250308841947, 9: 0.4490709039097287, 10: 2.4553442039763214, 11: 6.468850321619423, 12: 5.4355297011691786, 13: 1.4598369953313197, 14: 5.426110084331024, 15: 3.4271332741067306, 16: 1.4585590234623949, 17: 1.4340455550058555, 18: 0.90723151615187, 19: 1.9418019380792784, 20: 3.9467103349970625, 21: 1.9544162939000667, 22: 0.9694903967583166, 23: 1.950609487172405, 24: 0.4449900013443724, 25: 1.9572110804417484, 26: 1.9577737721955317, 27: 0.47650172903354093, 28: 2.9112532593322307, 29: 3.451247097204307, 30: 2.4715649510158526, 31: 1.9733454318166666, 32: 4.940072771767348, 33: 0.4292106456354141, 34: 1.4950876629778216, 35: 2.9396773923846493, 36: 7.943344099968783, 37: 0.9399339499282791, 38: 1.4495117584700772, 39: 1.4874506282106852, 40: 1.4118106443417089, 41: 0.4456686494683739, 42: 1.9424288054667973, 43: 6.9326019822277365, 44: 7.479201016198299, 45: 1.459405923104793, 46: 2.9598385826866886, 47: 0.9559206465621486, 48: 0.4364793570976677, 49: 2.937526547522934, 50: 0.9333698772791125, 51: 0.9615746438355157, 52: 0.9468586601897218, 53: 1.4574039217329495, 54: 3.458710010620469, 55: 5.9652502111870165, 56: 1.4665630974311938, 57: 4.950019588511722, 58: 0.44973966596157217, 59: 1.4654997110290349, 60: 3.4419757054339635, 61: 1.4427230987065434, 62: 1.454023033096198, 63: 0.4796472200652488, 64: 4.463771946161649, 65: 2.9411084038400146, 66: 0.9430959304205175, 67: 3.9363023754198254, 68: 0.9219297284167198, 69: 7.435851941207614, 70: 0.9216427351418948, 71: 0.4328168511521493, 72: 0.45903716964279084, 73: 3.463753677777817, 74: 0.4395381218076263, 75: 4.461854888195049, 76: 4.45445111374517, 77: 1.9669051058223335, 78: 0.4469354568311734, 79: 1.9556265767701637, 80: 1.452813199103702, 81: 4.420094470374936, 82: 1.468032356420883, 83: 0.44848344263318163, 84: 2.947597701584616, 85: 0.9453924917614127, 86: 5.454596284504079, 87: 4.455164629447949, 88: 0.9497825114013009, 89: 1.9727297190840902, 90: 0.9464657258800742, 91: 3.946418131455539, 92: 3.9360905267941764, 93: 2.447140084182658, 94: 0.9572397491187983, 95: 0.4537854007172353, 96: 4.9346117805124, 97: 1.42534059426026, 98: 7.4662879109594, 99: 0.931737577907588}
2025-01-27 10:01:57 - WARNING  - Sum of s_i: 252.43046079411508
2025-01-27 10:02:22 - WARNING  - Epoch:   319. Accuracy: Top-1: 76.40 | Loss: value: 0.69
2025-01-27 10:02:22 - WARNING  - Epoch 319
2025-01-27 10:02:22 - WARNING  - s_i: {0: 4.940274308075708, 1: 0.4714903796453003, 2: 1.4466759849644046, 3: 0.9643130153226939, 4: 4.416386337880821, 5: 5.446297291520184, 6: 4.434696920961615, 7: 2.453418352947672, 8: 3.4653250308841947, 9: 0.4490709039097287, 10: 2.4553442039763214, 11: 6.468850321619423, 12: 5.4355297011691786, 13: 1.4598369953313197, 14: 5.426110084331024, 15: 3.4271332741067306, 16: 1.4585590234623949, 17: 1.929923402193721, 18: 0.90723151615187, 19: 1.9418019380792784, 20: 3.9467103349970625, 21: 1.9544162939000667, 22: 0.9694903967583166, 23: 1.950609487172405, 24: 0.4449900013443724, 25: 1.9572110804417484, 26: 1.9577737721955317, 27: 0.47650172903354093, 28: 2.9112532593322307, 29: 3.451247097204307, 30: 2.4715649510158526, 31: 1.9733454318166666, 32: 1.9350788360812912, 33: 0.4292106456354141, 34: 1.4950876629778216, 35: 2.9396773923846493, 36: 7.943344099968783, 37: 0.9399339499282791, 38: 1.4495117584700772, 39: 1.4874506282106852, 40: 1.4118106443417089, 41: 0.4456686494683739, 42: 1.9424288054667973, 43: 4.428108781042916, 44: 7.479201016198299, 45: 1.459405923104793, 46: 2.9598385826866886, 47: 0.9559206465621486, 48: 0.4364793570976677, 49: 2.937526547522934, 50: 0.9333698772791125, 51: 0.9615746438355157, 52: 0.9468586601897218, 53: 1.4574039217329495, 54: 3.458710010620469, 55: 5.9652502111870165, 56: 1.4665630974311938, 57: 4.950019588511722, 58: 0.44973966596157217, 59: 2.961187174907667, 60: 3.4419757054339635, 61: 1.4427230987065434, 62: 1.454023033096198, 63: 0.4796472200652488, 64: 4.463771946161649, 65: 2.9411084038400146, 66: 0.9430959304205175, 67: 3.9363023754198254, 68: 0.9219297284167198, 69: 7.435851941207614, 70: 0.9216427351418948, 71: 0.4328168511521493, 72: 0.45903716964279084, 73: 3.463753677777817, 74: 0.4395381218076263, 75: 4.461854888195049, 76: 4.45445111374517, 77: 1.9669051058223335, 78: 0.4469354568311734, 79: 1.9556265767701637, 80: 1.452813199103702, 81: 4.420094470374936, 82: 1.468032356420883, 83: 0.44848344263318163, 84: 2.947597701584616, 85: 0.9453924917614127, 86: 5.454596284504079, 87: 3.450681092392743, 88: 0.9497825114013009, 89: 1.9727297190840902, 90: 0.9464657258800742, 91: 3.946418131455539, 92: 3.9360905267941764, 93: 2.447140084182658, 94: 0.952488610131998, 95: 0.4537854007172353, 96: 4.9346117805124, 97: 1.42534059426026, 98: 7.4662879109594, 99: 0.931737577907588}
2025-01-27 10:02:22 - WARNING  - Sum of s_i: 247.9033042922687
2025-01-27 10:02:45 - WARNING  - Epoch:   320. Accuracy: Top-1: 77.42 | Loss: value: 0.64
2025-01-27 10:02:45 - WARNING  - Epoch 320
2025-01-27 10:02:45 - WARNING  - s_i: {0: 4.940274308075708, 1: 0.4714903796453003, 2: 1.4466759849644046, 3: 0.9643130153226939, 4: 4.416386337880821, 5: 5.446297291520184, 6: 4.434696920961615, 7: 2.453418352947672, 8: 3.4653250308841947, 9: 0.4490709039097287, 10: 2.4553442039763214, 11: 6.468850321619423, 12: 5.4355297011691786, 13: 1.4598369953313197, 14: 5.426110084331024, 15: 3.4271332741067306, 16: 1.4544149258086332, 17: 1.929923402193721, 18: 0.90723151615187, 19: 1.9418019380792784, 20: 3.9467103349970625, 21: 1.9544162939000667, 22: 0.9694903967583166, 23: 1.950609487172405, 24: 0.4449900013443724, 25: 1.9572110804417484, 26: 1.9577737721955317, 27: 0.47650172903354093, 28: 2.9112532593322307, 29: 3.451247097204307, 30: 2.4715649510158526, 31: 1.9733454318166666, 32: 1.9350788360812912, 33: 0.4292106456354141, 34: 1.4950876629778216, 35: 2.9396773923846493, 36: 7.943344099968783, 37: 0.9399339499282791, 38: 1.4495117584700772, 39: 1.4874506282106852, 40: 1.4118106443417089, 41: 0.4456686494683739, 42: 1.9424288054667973, 43: 4.428108781042916, 44: 3.9750412194379616, 45: 1.459405923104793, 46: 2.9598385826866886, 47: 0.9559206465621486, 48: 0.4364793570976677, 49: 2.937526547522934, 50: 0.9333698772791125, 51: 0.9615746438355157, 52: 0.9468586601897218, 53: 1.4574039217329495, 54: 3.458710010620469, 55: 5.9652502111870165, 56: 1.4665630974311938, 57: 4.950019588511722, 58: 0.44973966596157217, 59: 2.961187174907667, 60: 3.4419757054339635, 61: 1.4427230987065434, 62: 1.454023033096198, 63: 0.4796472200652488, 64: 4.463771946161649, 65: 2.9411084038400146, 66: 0.9430959304205175, 67: 3.9363023754198254, 68: 0.9219297284167198, 69: 7.435851941207614, 70: 0.9216427351418948, 71: 0.4328168511521493, 72: 0.45903716964279084, 73: 3.463753677777817, 74: 0.4395381218076263, 75: 4.461854888195049, 76: 4.45445111374517, 77: 1.9669051058223335, 78: 0.4469354568311734, 79: 1.9556265767701637, 80: 1.452813199103702, 81: 4.420094470374936, 82: 1.468032356420883, 83: 0.44848344263318163, 84: 2.947597701584616, 85: 0.9453924917614127, 86: 5.454596284504079, 87: 3.450681092392743, 88: 0.9497825114013009, 89: 1.9727297190840902, 90: 0.9464657258800742, 91: 3.946418131455539, 92: 3.9360905267941764, 93: 2.447140084182658, 94: 0.952488610131998, 95: 0.4537854007172353, 96: 4.9346117805124, 97: 1.42534059426026, 98: 7.4662879109594, 99: 0.931737577907588}
2025-01-27 10:02:45 - WARNING  - Sum of s_i: 244.3950003978546
2025-01-27 10:02:50 - WARNING  - The sum of accs: 73.0
2025-01-27 10:02:50 - WARNING  - The welfare is 72.89048007837064
2025-01-27 10:03:13 - WARNING  - Epoch:   321. Accuracy: Top-1: 78.24 | Loss: value: 0.62
2025-01-27 10:03:13 - WARNING  - Epoch 321
2025-01-27 10:03:13 - WARNING  - s_i: {0: 4.940274308075708, 1: 0.4714903796453003, 2: 1.4466759849644046, 3: 0.9643130153226939, 4: 4.416386337880821, 5: 5.446297291520184, 6: 4.434696920961615, 7: 2.453418352947672, 8: 3.4653250308841947, 9: 0.4490709039097287, 10: 2.4553442039763214, 11: 6.468850321619423, 12: 5.4355297011691786, 13: 1.4598369953313197, 14: 1.922005089016083, 15: 3.4271332741067306, 16: 1.4544149258086332, 17: 1.929923402193721, 18: 0.90723151615187, 19: 1.9418019380792784, 20: 1.941865819996793, 21: 1.9544162939000667, 22: 0.9694903967583166, 23: 1.950609487172405, 24: 0.4449900013443724, 25: 1.9572110804417484, 26: 1.9577737721955317, 27: 0.47650172903354093, 28: 1.9065823782444518, 29: 3.451247097204307, 30: 2.4715649510158526, 31: 1.9733454318166666, 32: 1.9350788360812912, 33: 0.4292106456354141, 34: 1.4950876629778216, 35: 2.9396773923846493, 36: 7.943344099968783, 37: 0.9399339499282791, 38: 1.4495117584700772, 39: 1.4874506282106852, 40: 1.4118106443417089, 41: 0.4456686494683739, 42: 1.9424288054667973, 43: 4.428108781042916, 44: 3.9750412194379616, 45: 1.459405923104793, 46: 2.9598385826866886, 47: 0.9559206465621486, 48: 0.4315931537974882, 49: 2.937526547522934, 50: 0.9333698772791125, 51: 0.9615746438355157, 52: 0.9468586601897218, 53: 1.4574039217329495, 54: 3.458710010620469, 55: 5.9652502111870165, 56: 1.4665630974311938, 57: 4.950019588511722, 58: 0.44973966596157217, 59: 2.961187174907667, 60: 3.4419757054339635, 61: 1.4427230987065434, 62: 1.454023033096198, 63: 0.4796472200652488, 64: 4.463771946161649, 65: 2.9411084038400146, 66: 0.9430959304205175, 67: 3.9363023754198254, 68: 0.9219297284167198, 69: 7.435851941207614, 70: 0.9216427351418948, 71: 0.4328168511521493, 72: 0.45903716964279084, 73: 3.463753677777817, 74: 0.4395381218076263, 75: 4.461854888195049, 76: 3.4503103059038214, 77: 1.9669051058223335, 78: 0.9425134115671043, 79: 1.9556265767701637, 80: 1.452813199103702, 81: 4.420094470374936, 82: 1.468032356420883, 83: 0.44848344263318163, 84: 2.947597701584616, 85: 0.9453924917614127, 86: 5.454596284504079, 87: 3.450681092392743, 88: 0.9497825114013009, 89: 1.9727297190840902, 90: 0.9415989736873535, 91: 3.946418131455539, 92: 3.9360905267941764, 93: 2.447140084182658, 94: 0.952488610131998, 95: 0.4537854007172353, 96: 4.9346117805124, 97: 1.42534059426026, 98: 7.4662879109594, 99: 0.931737577907588}
2025-01-27 10:03:13 - WARNING  - Sum of s_i: 237.36306419785328
2025-01-27 10:03:37 - WARNING  - Epoch:   322. Accuracy: Top-1: 75.95 | Loss: value: 0.69
2025-01-27 10:03:37 - WARNING  - Epoch 322
2025-01-27 10:03:37 - WARNING  - s_i: {0: 4.940274308075708, 1: 0.4714903796453003, 2: 1.4466759849644046, 3: 0.9643130153226939, 4: 4.416386337880821, 5: 5.446297291520184, 6: 4.434696920961615, 7: 0.44918365776109503, 8: 3.4653250308841947, 9: 0.4490709039097287, 10: 2.4553442039763214, 11: 6.468850321619423, 12: 5.4355297011691786, 13: 1.4598369953313197, 14: 1.922005089016083, 15: 2.9225791037384017, 16: 1.4544149258086332, 17: 1.929923402193721, 18: 0.90723151615187, 19: 1.9418019380792784, 20: 1.941865819996793, 21: 1.9544162939000667, 22: 0.9694903967583166, 23: 1.950609487172405, 24: 0.4449900013443724, 25: 1.9572110804417484, 26: 1.9577737721955317, 27: 0.47650172903354093, 28: 1.9065823782444518, 29: 3.451247097204307, 30: 2.4715649510158526, 31: 1.9733454318166666, 32: 1.9350788360812912, 33: 1.4244913553444416, 34: 1.4950876629778216, 35: 2.9396773923846493, 36: 3.938622774966184, 37: 0.9399339499282791, 38: 1.4495117584700772, 39: 1.4874506282106852, 40: 1.4118106443417089, 41: 0.4456686494683739, 42: 1.9424288054667973, 43: 4.428108781042916, 44: 3.9750412194379616, 45: 1.459405923104793, 46: 2.9598385826866886, 47: 0.9559206465621486, 48: 0.4315931537974882, 49: 2.937526547522934, 50: 0.9333698772791125, 51: 0.9615746438355157, 52: 0.9468586601897218, 53: 1.4574039217329495, 54: 3.458710010620469, 55: 5.9652502111870165, 56: 1.4665630974311938, 57: 4.4458545542210315, 58: 0.44973966596157217, 59: 2.961187174907667, 60: 1.9371403475534583, 61: 1.4427230987065434, 62: 1.454023033096198, 63: 0.4796472200652488, 64: 4.463771946161649, 65: 2.9411084038400146, 66: 0.9430959304205175, 67: 3.9363023754198254, 68: 0.9219297284167198, 69: 7.435851941207614, 70: 0.9216427351418948, 71: 0.4328168511521493, 72: 0.45903716964279084, 73: 3.463753677777817, 74: 0.4395381218076263, 75: 4.461854888195049, 76: 3.4503103059038214, 77: 1.9669051058223335, 78: 0.9425134115671043, 79: 1.9556265767701637, 80: 1.452813199103702, 81: 4.420094470374936, 82: 4.963465550195298, 83: 0.44848344263318163, 84: 2.947597701584616, 85: 0.9453924917614127, 86: 5.454596284504079, 87: 3.450681092392743, 88: 0.9497825114013009, 89: 1.9727297190840902, 90: 0.9415989736873535, 91: 3.946418131455539, 92: 3.9360905267941764, 93: 2.447140084182658, 94: 0.952488610131998, 95: 0.4537854007172353, 96: 5.429941193406144, 97: 1.42534059426026, 98: 7.4662879109594, 99: 0.931737577907588}
2025-01-27 10:03:37 - WARNING  - Sum of s_i: 233.82659693150177
2025-01-27 10:03:59 - WARNING  - Epoch:   323. Accuracy: Top-1: 77.96 | Loss: value: 0.65
2025-01-27 10:03:59 - WARNING  - Epoch 323
2025-01-27 10:03:59 - WARNING  - s_i: {0: 4.940274308075708, 1: 0.4714903796453003, 2: 1.4466759849644046, 3: 0.9643130153226939, 4: 4.416386337880821, 5: 5.446297291520184, 6: 4.434696920961615, 7: 0.44918365776109503, 8: 3.4653250308841947, 9: 0.4490709039097287, 10: 2.4553442039763214, 11: 6.468850321619423, 12: 5.4355297011691786, 13: 1.4598369953313197, 14: 1.922005089016083, 15: 2.9225791037384017, 16: 1.4544149258086332, 17: 1.929923402193721, 18: 0.90723151615187, 19: 1.9418019380792784, 20: 1.941865819996793, 21: 1.9544162939000667, 22: 0.9694903967583166, 23: 1.950609487172405, 24: 0.4449900013443724, 25: 1.9572110804417484, 26: 1.9577737721955317, 27: 0.47650172903354093, 28: 0.4019114971566724, 29: 3.451247097204307, 30: 2.4715649510158526, 31: 3.9689030037861146, 32: 1.9350788360812912, 33: 1.4244913553444416, 34: 1.4950876629778216, 35: 2.9396773923846493, 36: 3.938622774966184, 37: 0.9399339499282791, 38: 1.4495117584700772, 39: 1.4874506282106852, 40: 1.4118106443417089, 41: 0.4456686494683739, 42: 1.9424288054667973, 43: 4.428108781042916, 44: 3.9750412194379616, 45: 1.459405923104793, 46: 2.9598385826866886, 47: 0.9559206465621486, 48: 0.4315931537974882, 49: 2.937526547522934, 50: 0.9333698772791125, 51: 0.9615746438355157, 52: 0.9468586601897218, 53: 1.4574039217329495, 54: 0.9545810116825204, 55: 5.9652502111870165, 56: 1.4665630974311938, 57: 4.4458545542210315, 58: 0.44973966596157217, 59: 2.961187174907667, 60: 1.9371403475534583, 61: 1.4427230987065434, 62: 1.454023033096198, 63: 0.4796472200652488, 64: 4.463771946161649, 65: 2.9411084038400146, 66: 0.9430959304205175, 67: 3.9363023754198254, 68: 0.9219297284167198, 69: 7.435851941207614, 70: 0.9216427351418948, 71: 2.428018054805875, 72: 0.45903716964279084, 73: 3.463753677777817, 74: 0.4395381218076263, 75: 4.461854888195049, 76: 3.4503103059038214, 77: 1.9669051058223335, 78: 0.9425134115671043, 79: 1.9556265767701637, 80: 1.452813199103702, 81: 3.4151003747733677, 82: 4.963465550195298, 83: 0.44848344263318163, 84: 2.947597701584616, 85: 0.9453924917614127, 86: 5.454596284504079, 87: 3.450681092392743, 88: 0.9497825114013009, 89: 1.9727297190840902, 90: 0.9415989736873535, 91: 3.946418131455539, 92: 3.9360905267941764, 93: 2.447140084182658, 94: 0.952488610131998, 95: 0.4537854007172353, 96: 5.429941193406144, 97: 1.920363300544278, 98: 7.4662879109594, 99: 0.931737577907588}
2025-01-27 10:03:59 - WARNING  - Sum of s_i: 233.29858443778167
2025-01-27 10:04:21 - WARNING  - Epoch:   324. Accuracy: Top-1: 78.27 | Loss: value: 0.63
2025-01-27 10:04:21 - WARNING  - Epoch 324
2025-01-27 10:04:21 - WARNING  - s_i: {0: 4.940274308075708, 1: 0.4714903796453003, 2: 1.4466759849644046, 3: 0.9643130153226939, 4: 4.416386337880821, 5: 5.446297291520184, 6: 4.434696920961615, 7: 0.44918365776109503, 8: 3.4653250308841947, 9: 0.4490709039097287, 10: 2.4553442039763214, 11: 6.468850321619423, 12: 5.4355297011691786, 13: 1.4598369953313197, 14: 1.922005089016083, 15: 2.9225791037384017, 16: 1.4544149258086332, 17: 1.929923402193721, 18: 0.90723151615187, 19: 1.9418019380792784, 20: 1.941865819996793, 21: 1.9544162939000667, 22: 0.9694903967583166, 23: 1.950609487172405, 24: 0.4449900013443724, 25: 1.9572110804417484, 26: 1.9577737721955317, 27: 0.47650172903354093, 28: 0.4019114971566724, 29: 3.451247097204307, 30: 2.4715649510158526, 31: 3.4644605757555604, 32: 1.9350788360812912, 33: 1.4244913553444416, 34: 1.4950876629778216, 35: 2.9396773923846493, 36: 3.938622774966184, 37: 0.9399339499282791, 38: 1.4495117584700772, 39: 1.4874506282106852, 40: 1.4118106443417089, 41: 0.4456686494683739, 42: 0.9380002520411657, 43: 4.428108781042916, 44: 2.9708814226776203, 45: 2.454895470116437, 46: 2.9598385826866886, 47: 0.9559206465621486, 48: 0.4315931537974882, 49: 2.937526547522934, 50: 0.9333698772791125, 51: 0.9615746438355157, 52: 0.9468586601897218, 53: 1.4574039217329495, 54: 0.9545810116825204, 55: 5.9652502111870165, 56: 1.4665630974311938, 57: 4.4458545542210315, 58: 0.44973966596157217, 59: 2.961187174907667, 60: 1.9371403475534583, 61: 1.4427230987065434, 62: 1.454023033096198, 63: 0.4796472200652488, 64: 4.463771946161649, 65: 2.9411084038400146, 66: 1.938353924622228, 67: 3.9363023754198254, 68: 0.9219297284167198, 69: 7.435851941207614, 70: 0.9216427351418948, 71: 2.9232192584596, 72: 0.45903716964279084, 73: 3.463753677777817, 74: 0.4395381218076263, 75: 4.461854888195049, 76: 3.4461694980624737, 77: 1.9669051058223335, 78: 0.9425134115671043, 79: 1.9556265767701637, 80: 1.452813199103702, 81: 3.4151003747733677, 82: 4.963465550195298, 83: 0.44848344263318163, 84: 2.947597701584616, 85: 0.9453924917614127, 86: 5.454596284504079, 87: 3.450681092392743, 88: 0.9497825114013009, 89: 1.9727297190840902, 90: 0.9415989736873535, 91: 3.946418131455539, 92: 3.9360905267941764, 93: 2.447140084182658, 94: 0.952488610131998, 95: 0.4537854007172353, 96: 5.429941193406144, 97: 1.920363300544278, 98: 7.4662879109594, 99: 0.931737577907588}
2025-01-27 10:04:21 - WARNING  - Sum of s_i: 233.26736159659086
2025-01-27 10:04:43 - WARNING  - Epoch:   325. Accuracy: Top-1: 79.13 | Loss: value: 0.60
2025-01-27 10:04:43 - WARNING  - Epoch 325
2025-01-27 10:04:43 - WARNING  - s_i: {0: 4.940274308075708, 1: 0.4714903796453003, 2: 1.4466759849644046, 3: 0.9643130153226939, 4: 4.416386337880821, 5: 5.446297291520184, 6: 4.434696920961615, 7: 0.44918365776109503, 8: 3.4653250308841947, 9: 0.4490709039097287, 10: 2.4553442039763214, 11: 6.468850321619423, 12: 5.4355297011691786, 13: 1.4598369953313197, 14: 1.922005089016083, 15: 2.9225791037384017, 16: 1.4544149258086332, 17: 1.929923402193721, 18: 0.90723151615187, 19: 1.9418019380792784, 20: 1.941865819996793, 21: 1.9544162939000667, 22: 0.9694903967583166, 23: 1.950609487172405, 24: 0.4449900013443724, 25: 1.9572110804417484, 26: 1.9577737721955317, 27: 0.47650172903354093, 28: 0.4019114971566724, 29: 3.451247097204307, 30: 2.4715649510158526, 31: 3.4644605757555604, 32: 1.9350788360812912, 33: 1.4244913553444416, 34: 1.4950876629778216, 35: 2.9396773923846493, 36: 3.938622774966184, 37: 0.9399339499282791, 38: 1.4495117584700772, 39: 1.4874506282106852, 40: 1.4118106443417089, 41: 0.4456686494683739, 42: 0.9380002520411657, 43: 4.428108781042916, 44: 2.9708814226776203, 45: 2.454895470116437, 46: 2.9598385826866886, 47: 0.9559206465621486, 48: 0.4315931537974882, 49: 2.937526547522934, 50: 0.9333698772791125, 51: 0.9615746438355157, 52: 0.9468586601897218, 53: 1.4574039217329495, 54: 0.9545810116825204, 55: 5.9652502111870165, 56: 1.4665630974311938, 57: 1.941689519930339, 58: 0.44973966596157217, 59: 2.961187174907667, 60: 1.9371403475534583, 61: 1.4427230987065434, 62: 1.454023033096198, 63: 0.4796472200652488, 64: 4.463771946161649, 65: 2.9411084038400146, 66: 1.938353924622228, 67: 3.9363023754198254, 68: 0.9219297284167198, 69: 7.435851941207614, 70: 0.9216427351418948, 71: 2.9232192584596, 72: 0.45903716964279084, 73: 3.463753677777817, 74: 0.4395381218076263, 75: 4.461854888195049, 76: 3.4461694980624737, 77: 1.9669051058223335, 78: 0.9425134115671043, 79: 1.9556265767701637, 80: 1.452813199103702, 81: 3.4151003747733677, 82: 4.963465550195298, 83: 0.44848344263318163, 84: 2.947597701584616, 85: 0.9453924917614127, 86: 5.454596284504079, 87: 3.450681092392743, 88: 0.9497825114013009, 89: 1.9727297190840902, 90: 0.9415989736873535, 91: 3.946418131455539, 92: 3.9360905267941764, 93: 2.447140084182658, 94: 0.952488610131998, 95: 0.4537854007172353, 96: 5.429941193406144, 97: 1.920363300544278, 98: 7.4662879109594, 99: 0.931737577907588}
2025-01-27 10:04:43 - WARNING  - Sum of s_i: 230.76319656230018
2025-01-27 10:05:04 - WARNING  - Epoch:   326. Accuracy: Top-1: 78.79 | Loss: value: 0.62
2025-01-27 10:05:04 - WARNING  - Epoch 326
2025-01-27 10:05:04 - WARNING  - s_i: {0: 4.940274308075708, 1: 0.4714903796453003, 2: 1.4466759849644046, 3: 0.9643130153226939, 4: 4.416386337880821, 5: 5.446297291520184, 6: 4.434696920961615, 7: 0.44918365776109503, 8: 3.4653250308841947, 9: 0.4490709039097287, 10: 2.4553442039763214, 11: 6.468850321619423, 12: 5.4355297011691786, 13: 1.4598369953313197, 14: 1.922005089016083, 15: 2.9225791037384017, 16: 1.4544149258086332, 17: 1.929923402193721, 18: 0.90723151615187, 19: 1.9418019380792784, 20: 1.941865819996793, 21: 1.9544162939000667, 22: 0.9694903967583166, 23: 1.950609487172405, 24: 0.4449900013443724, 25: 1.9572110804417484, 26: 1.9577737721955317, 27: 0.47650172903354093, 28: 0.4019114971566724, 29: 3.451247097204307, 30: 2.4715649510158526, 31: 3.4644605757555604, 32: 1.9350788360812912, 33: 1.4244913553444416, 34: 1.4950876629778216, 35: 2.9396773923846493, 36: 3.938622774966184, 37: 0.9399339499282791, 38: 1.4495117584700772, 39: 1.4874506282106852, 40: 1.4118106443417089, 41: 0.4456686494683739, 42: 0.9380002520411657, 43: 4.428108781042916, 44: 2.9708814226776203, 45: 2.454895470116437, 46: 2.9598385826866886, 47: 0.9559206465621486, 48: 0.4315931537974882, 49: 2.937526547522934, 50: 0.9333698772791125, 51: 0.9615746438355157, 52: 0.9468586601897218, 53: 1.4574039217329495, 54: 0.9545810116825204, 55: 5.9652502111870165, 56: 1.4665630974311938, 57: 1.941689519930339, 58: 0.44973966596157217, 59: 2.961187174907667, 60: 1.9371403475534583, 61: 1.4427230987065434, 62: 1.454023033096198, 63: 0.4796472200652488, 64: 4.463771946161649, 65: 2.9411084038400146, 66: 1.938353924622228, 67: 3.9363023754198254, 68: 0.9219297284167198, 69: 7.435851941207614, 70: 0.9216427351418948, 71: 2.9232192584596, 72: 0.45903716964279084, 73: 3.463753677777817, 74: 0.4395381218076263, 75: 4.461854888195049, 76: 3.4461694980624737, 77: 1.9669051058223335, 78: 0.9425134115671043, 79: 1.9556265767701637, 80: 1.452813199103702, 81: 3.4151003747733677, 82: 4.963465550195298, 83: 0.44848344263318163, 84: 2.947597701584616, 85: 0.9453924917614127, 86: 5.454596284504079, 87: 3.450681092392743, 88: 0.9497825114013009, 89: 1.9727297190840902, 90: 0.9415989736873535, 91: 3.946418131455539, 92: 3.9360905267941764, 93: 2.447140084182658, 94: 0.952488610131998, 95: 0.4537854007172353, 96: 5.429941193406144, 97: 1.920363300544278, 98: 7.4662879109594, 99: 0.931737577907588}
2025-01-27 10:05:04 - WARNING  - Sum of s_i: 230.76319656230018
2025-01-27 10:05:26 - WARNING  - Epoch:   327. Accuracy: Top-1: 78.27 | Loss: value: 0.62
2025-01-27 10:05:26 - WARNING  - Epoch 327
2025-01-27 10:05:26 - WARNING  - s_i: {0: 4.940274308075708, 1: 0.4714903796453003, 2: 1.4466759849644046, 3: 0.9643130153226939, 4: 3.4117411344297546, 5: 2.441822065813531, 6: 4.434696920961615, 7: 0.44918365776109503, 8: 3.4653250308841947, 9: 0.4490709039097287, 10: 2.4553442039763214, 11: 6.468850321619423, 12: 5.4355297011691786, 13: 1.4598369953313197, 14: 1.922005089016083, 15: 2.9225791037384017, 16: 1.4544149258086332, 17: 1.929923402193721, 18: 0.90723151615187, 19: 1.4369520995858855, 20: 1.941865819996793, 21: 1.9544162939000667, 22: 0.9694903967583166, 23: 1.950609487172405, 24: 0.4449900013443724, 25: 1.9572110804417484, 26: 1.9577737721955317, 27: 0.47650172903354093, 28: 0.4019114971566724, 29: 3.451247097204307, 30: 2.4715649510158526, 31: 3.4644605757555604, 32: 1.9350788360812912, 33: 0.4197720650534673, 34: 1.4950876629778216, 35: 2.9396773923846493, 36: 3.938622774966184, 37: 0.9399339499282791, 38: 1.4495117584700772, 39: 1.4874506282106852, 40: 1.4118106443417089, 41: 0.4456686494683739, 42: 0.9380002520411657, 43: 4.428108781042916, 44: 2.9708814226776203, 45: 2.454895470116437, 46: 2.9598385826866886, 47: 0.9559206465621486, 48: 0.4315931537974882, 49: 2.937526547522934, 50: 0.9333698772791125, 51: 0.9615746438355157, 52: 0.9468586601897218, 53: 1.4574039217329495, 54: 0.9545810116825204, 55: 5.9652502111870165, 56: 1.4665630974311938, 57: 1.941689519930339, 58: 0.44973966596157217, 59: 2.961187174907667, 60: 1.9371403475534583, 61: 1.4427230987065434, 62: 1.454023033096198, 63: 0.4796472200652488, 64: 4.463771946161649, 65: 2.9411084038400146, 66: 1.938353924622228, 67: 3.9363023754198254, 68: 0.9219297284167198, 69: 7.435851941207614, 70: 0.9216427351418948, 71: 2.9232192584596, 72: 0.45903716964279084, 73: 3.463753677777817, 74: 0.4395381218076263, 75: 4.461854888195049, 76: 3.4461694980624737, 77: 1.9669051058223335, 78: 0.9425134115671043, 79: 1.9556265767701637, 80: 1.452813199103702, 81: 3.4151003747733677, 82: 4.963465550195298, 83: 0.44848344263318163, 84: 2.947597701584616, 85: 0.9453924917614127, 86: 5.454596284504079, 87: 3.450681092392743, 88: 0.9497825114013009, 89: 1.9727297190840902, 90: 0.9415989736873535, 91: 3.946418131455539, 92: 3.9360905267941764, 93: 2.447140084182658, 94: 0.952488610131998, 95: 0.4537854007172353, 96: 5.429941193406144, 97: 1.920363300544278, 98: 7.4662879109594, 99: 0.931737577907588}
2025-01-27 10:05:26 - WARNING  - Sum of s_i: 225.2445070043581
2025-01-27 10:05:49 - WARNING  - Epoch:   328. Accuracy: Top-1: 77.55 | Loss: value: 0.64
2025-01-27 10:05:49 - WARNING  - Epoch 328
2025-01-27 10:05:49 - WARNING  - s_i: {0: 4.940274308075708, 1: 0.4714903796453003, 2: 1.4466759849644046, 3: 0.9643130153226939, 4: 3.4117411344297546, 5: 2.441822065813531, 6: 4.434696920961615, 7: 0.44918365776109503, 8: 3.4653250308841947, 9: 0.4490709039097287, 10: 2.4553442039763214, 11: 6.468850321619423, 12: 5.4355297011691786, 13: 1.4598369953313197, 14: 1.922005089016083, 15: 2.9225791037384017, 16: 1.4544149258086332, 17: 1.929923402193721, 18: 0.90723151615187, 19: 1.4369520995858855, 20: 1.941865819996793, 21: 1.9544162939000667, 22: 0.9694903967583166, 23: 1.950609487172405, 24: 0.4449900013443724, 25: 1.9572110804417484, 26: 1.9577737721955317, 27: 0.47650172903354093, 28: 0.4019114971566724, 29: 3.451247097204307, 30: 2.4715649510158526, 31: 3.4644605757555604, 32: 1.9350788360812912, 33: 0.4197720650534673, 34: 1.4950876629778216, 35: 3.9353686346978396, 36: 3.938622774966184, 37: 0.9399339499282791, 38: 1.4495117584700772, 39: 1.4874506282106852, 40: 1.4118106443417089, 41: 0.4456686494683739, 42: 0.9380002520411657, 43: 4.428108781042916, 44: 2.9708814226776203, 45: 2.454895470116437, 46: 2.9598385826866886, 47: 0.9559206465621486, 48: 0.4315931537974882, 49: 2.937526547522934, 50: 0.9333698772791125, 51: 0.9615746438355157, 52: 0.9468586601897218, 53: 1.4574039217329495, 54: 0.9545810116825204, 55: 5.9652502111870165, 56: 1.4665630974311938, 57: 1.941689519930339, 58: 0.44973966596157217, 59: 2.961187174907667, 60: 1.9371403475534583, 61: 1.4427230987065434, 62: 1.454023033096198, 63: 0.4796472200652488, 64: 4.463771946161649, 65: 2.9411084038400146, 66: 1.938353924622228, 67: 3.9363023754198254, 68: 0.9219297284167198, 69: 2.931575403954784, 70: 0.9216427351418948, 71: 2.9232192584596, 72: 0.45903716964279084, 73: 3.463753677777817, 74: 0.4395381218076263, 75: 4.461854888195049, 76: 3.4461694980624737, 77: 1.9669051058223335, 78: 0.9425134115671043, 79: 1.9556265767701637, 80: 1.452813199103702, 81: 3.4151003747733677, 82: 4.963465550195298, 83: 0.44848344263318163, 84: 2.947597701584616, 85: 0.9453924917614127, 86: 5.454596284504079, 87: 3.450681092392743, 88: 0.945597720684741, 89: 1.9727297190840902, 90: 0.9415989736873535, 91: 3.946418131455539, 92: 3.9360905267941764, 93: 2.447140084182658, 94: 0.952488610131998, 95: 0.4537854007172353, 96: 5.429941193406144, 97: 1.920363300544278, 98: 7.4662879109594, 99: 0.931737577907588}
2025-01-27 10:05:49 - WARNING  - Sum of s_i: 221.7317369187019
2025-01-27 10:06:12 - WARNING  - Epoch:   329. Accuracy: Top-1: 76.47 | Loss: value: 0.68
2025-01-27 10:06:12 - WARNING  - Epoch 329
2025-01-27 10:06:12 - WARNING  - s_i: {0: 4.940274308075708, 1: 0.9667387762528499, 2: 1.4466759849644046, 3: 0.9643130153226939, 4: 3.4117411344297546, 5: 2.441822065813531, 6: 4.434696920961615, 7: 0.44918365776109503, 8: 3.4653250308841947, 9: 0.4490709039097287, 10: 2.4553442039763214, 11: 0.9644003675650499, 12: 5.4355297011691786, 13: 1.4598369953313197, 14: 1.922005089016083, 15: 2.9225791037384017, 16: 1.4544149258086332, 17: 1.929923402193721, 18: 0.90723151615187, 19: 1.4369520995858855, 20: 1.941865819996793, 21: 1.9544162939000667, 22: 0.9694903967583166, 23: 1.950609487172405, 24: 0.4449900013443724, 25: 1.9572110804417484, 26: 1.9577737721955317, 27: 0.47650172903354093, 28: 0.4019114971566724, 29: 3.451247097204307, 30: 2.4715649510158526, 31: 3.4644605757555604, 32: 1.9350788360812912, 33: 0.4197720650534673, 34: 1.4950876629778216, 35: 3.9353686346978396, 36: 3.938622774966184, 37: 0.9399339499282791, 38: 1.4495117584700772, 39: 1.4874506282106852, 40: 1.4118106443417089, 41: 0.4456686494683739, 42: 0.9380002520411657, 43: 4.428108781042916, 44: 2.9708814226776203, 45: 2.454895470116437, 46: 2.9598385826866886, 47: 0.9559206465621486, 48: 0.4315931537974882, 49: 2.937526547522934, 50: 0.9333698772791125, 51: 0.9615746438355157, 52: 0.9468586601897218, 53: 1.4574039217329495, 54: 0.9545810116825204, 55: 5.9652502111870165, 56: 1.4665630974311938, 57: 1.941689519930339, 58: 0.44973966596157217, 59: 2.961187174907667, 60: 1.9371403475534583, 61: 2.4383171832224315, 62: 1.454023033096198, 63: 0.4796472200652488, 64: 4.463771946161649, 65: 2.9411084038400146, 66: 1.938353924622228, 67: 3.9363023754198254, 68: 0.9219297284167198, 69: 2.931575403954784, 70: 0.9216427351418948, 71: 2.9232192584596, 72: 0.45903716964279084, 73: 3.463753677777817, 74: 0.4395381218076263, 75: 4.461854888195049, 76: 3.4461694980624737, 77: 1.9669051058223335, 78: 0.9425134115671043, 79: 1.9556265767701637, 80: 1.452813199103702, 81: 3.4151003747733677, 82: 4.963465550195298, 83: 0.44848344263318163, 84: 2.947597701584616, 85: 0.9453924917614127, 86: 5.454596284504079, 87: 3.450681092392743, 88: 0.945597720684741, 89: 1.9727297190840902, 90: 0.9415989736873535, 91: 3.946418131455539, 92: 3.431174413470651, 93: 2.447140084182658, 94: 0.952488610131998, 95: 0.4537854007172353, 96: 5.429941193406144, 97: 1.920363300544278, 98: 7.4662879109594, 99: 0.931737577907588}
2025-01-27 10:06:12 - WARNING  - Sum of s_i: 217.21321333244742
2025-01-27 10:06:32 - WARNING  - Epoch:   330. Accuracy: Top-1: 76.68 | Loss: value: 0.66
2025-01-27 10:06:32 - WARNING  - Epoch 330
2025-01-27 10:06:32 - WARNING  - s_i: {0: 4.43568002408153, 1: 0.9667387762528499, 2: 1.4466759849644046, 3: 0.9643130153226939, 4: 3.4117411344297546, 5: 2.441822065813531, 6: 4.434696920961615, 7: 0.44918365776109503, 8: 3.4653250308841947, 9: 2.4448268125688735, 10: 5.451284586155991, 11: 0.9644003675650499, 12: 5.4355297011691786, 13: 1.4598369953313197, 14: 1.922005089016083, 15: 2.9225791037384017, 16: 1.4544149258086332, 17: 1.929923402193721, 18: 0.90723151615187, 19: 1.4369520995858855, 20: 1.941865819996793, 21: 1.9544162939000667, 22: 2.9651318820095063, 23: 1.950609487172405, 24: 0.4449900013443724, 25: 1.9572110804417484, 26: 1.9577737721955317, 27: 0.47650172903354093, 28: 0.4019114971566724, 29: 3.451247097204307, 30: 2.4715649510158526, 31: 3.4644605757555604, 32: 1.9350788360812912, 33: 1.9150527747624952, 34: 1.4950876629778216, 35: 3.9353686346978396, 36: 3.938622774966184, 37: 0.9399339499282791, 38: 1.4495117584700772, 39: 1.4874506282106852, 40: 1.4118106443417089, 41: 0.4456686494683739, 42: 0.9380002520411657, 43: 4.428108781042916, 44: 2.9708814226776203, 45: 2.454895470116437, 46: 2.9598385826866886, 47: 0.9559206465621486, 48: 0.4315931537974882, 49: 2.937526547522934, 50: 0.9333698772791125, 51: 0.9615746438355157, 52: 0.9424302152055319, 53: 1.4574039217329495, 54: 0.9545810116825204, 55: 5.9652502111870165, 56: 1.4665630974311938, 57: 2.437524485639649, 58: 0.44973966596157217, 59: 2.961187174907667, 60: 1.9371403475534583, 61: 2.4383171832224315, 62: 1.454023033096198, 63: 0.4796472200652488, 64: 4.463771946161649, 65: 2.9411084038400146, 66: 1.938353924622228, 67: 3.9363023754198254, 68: 0.9219297284167198, 69: 2.931575403954784, 70: 0.9216427351418948, 71: 2.9232192584596, 72: 0.45903716964279084, 73: 3.463753677777817, 74: 0.4395381218076263, 75: 4.461854888195049, 76: 3.4461694980624737, 77: 1.9669051058223335, 78: 0.9425134115671043, 79: 1.9556265767701637, 80: 1.452813199103702, 81: 3.4151003747733677, 82: 4.963465550195298, 83: 0.44848344263318163, 84: 2.947597701584616, 85: 1.9408418660748632, 86: 5.454596284504079, 87: 3.450681092392743, 88: 1.9414129299681822, 89: 1.9727297190840902, 90: 0.9415989736873535, 91: 3.946418131455539, 92: 3.431174413470651, 93: 2.447140084182658, 94: 0.952488610131998, 95: 0.4537854007172353, 96: 5.429941193406144, 97: 1.920363300544278, 98: 7.4662879109594, 99: 0.931737577907588}
2025-01-27 10:06:32 - WARNING  - Sum of s_i: 227.6739086385743
2025-01-27 10:06:37 - WARNING  - The sum of accs: 74.0
2025-01-27 10:06:37 - WARNING  - The welfare is 73.89786281970095
2025-01-27 10:07:01 - WARNING  - Epoch:   331. Accuracy: Top-1: 77.06 | Loss: value: 0.65
2025-01-27 10:07:01 - WARNING  - Epoch 331
2025-01-27 10:07:01 - WARNING  - s_i: {0: 4.43568002408153, 1: 0.9667387762528499, 2: 1.4466759849644046, 3: 0.9643130153226939, 4: 3.4117411344297546, 5: 2.441822065813531, 6: 4.434696920961615, 7: 0.44918365776109503, 8: 3.4653250308841947, 9: 2.4448268125688735, 10: 5.451284586155991, 11: 0.9644003675650499, 12: 5.4355297011691786, 13: 1.4598369953313197, 14: 1.922005089016083, 15: 2.9225791037384017, 16: 1.4544149258086332, 17: 5.925801249381589, 18: 0.90723151615187, 19: 1.4369520995858855, 20: 1.941865819996793, 21: 1.9544162939000667, 22: 2.9651318820095063, 23: 1.950609487172405, 24: 0.4449900013443724, 25: 1.9572110804417484, 26: 1.9577737721955317, 27: 0.47650172903354093, 28: 0.4019114971566724, 29: 7.447184355304664, 30: 2.4715649510158526, 31: 3.4644605757555604, 32: 1.9350788360812912, 33: 1.9150527747624952, 34: 4.490175325955645, 35: 3.9353686346978396, 36: 3.938622774966184, 37: 0.9399339499282791, 38: 1.4495117584700772, 39: 1.4874506282106852, 40: 1.4118106443417089, 41: 0.4456686494683739, 42: 0.9380002520411657, 43: 4.428108781042916, 44: 2.9708814226776203, 45: 2.454895470116437, 46: 2.9598385826866886, 47: 0.9559206465621486, 48: 0.4315931537974882, 49: 2.932720897332391, 50: 0.9333698772791125, 51: 0.9615746438355157, 52: 0.9424302152055319, 53: 1.4574039217329495, 54: 0.9545810116825204, 55: 5.9652502111870165, 56: 1.4665630974311938, 57: 4.933359451348961, 58: 0.44973966596157217, 59: 2.961187174907667, 60: 1.9371403475534583, 61: 2.4383171832224315, 62: 1.454023033096198, 63: 0.4796472200652488, 64: 4.463771946161649, 65: 2.9411084038400146, 66: 1.938353924622228, 67: 3.9363023754198254, 68: 0.9219297284167198, 69: 2.931575403954784, 70: 0.9216427351418948, 71: 5.9184204621133265, 72: 1.4544857440475465, 73: 3.463753677777817, 74: 0.4395381218076263, 75: 4.461854888195049, 76: 3.4461694980624737, 77: 1.9669051058223335, 78: 0.9425134115671043, 79: 1.9556265767701637, 80: 1.452813199103702, 81: 3.4151003747733677, 82: 4.963465550195298, 83: 0.44848344263318163, 84: 2.947597701584616, 85: 1.9408418660748632, 86: 5.454596284504079, 87: 5.946197555337541, 88: 1.9414129299681822, 89: 1.9727297190840902, 90: 0.9415989736873535, 91: 3.946418131455539, 92: 3.431174413470651, 93: 6.943073936812091, 94: 0.952488610131998, 95: 0.4537854007172353, 96: 5.429941193406144, 97: 1.920363300544278, 98: 7.4662879109594, 99: 0.931737577907588}
2025-01-27 10:07:01 - WARNING  - Sum of s_i: 252.13394081599182
2025-01-27 10:07:23 - WARNING  - Epoch:   332. Accuracy: Top-1: 79.34 | Loss: value: 0.59
2025-01-27 10:07:23 - WARNING  - Epoch 332
2025-01-27 10:07:23 - WARNING  - s_i: {0: 4.43568002408153, 1: 0.9667387762528499, 2: 1.4466759849644046, 3: 0.9643130153226939, 4: 3.4117411344297546, 5: 2.441822065813531, 6: 4.434696920961615, 7: 0.44918365776109503, 8: 3.4653250308841947, 9: 0.9405827212280151, 10: 5.451284586155991, 11: 0.9644003675650499, 12: 5.4355297011691786, 13: 1.4598369953313197, 14: 1.922005089016083, 15: 2.9225791037384017, 16: 1.4544149258086332, 17: 3.921679096569452, 18: 0.90723151615187, 19: 1.4369520995858855, 20: 1.941865819996793, 21: 1.9544162939000667, 22: 2.9651318820095063, 23: 1.950609487172405, 24: 0.4449900013443724, 25: 1.9572110804417484, 26: 1.9577737721955317, 27: 0.47650172903354093, 28: 0.4019114971566724, 29: 7.447184355304664, 30: 2.4715649510158526, 31: 3.4644605757555604, 32: 1.9350788360812912, 33: 1.9150527747624952, 34: 4.490175325955645, 35: 3.9353686346978396, 36: 3.938622774966184, 37: 0.9399339499282791, 38: 0.94530440500925, 39: 1.4832675042809134, 40: 1.4118106443417089, 41: 0.4456686494683739, 42: 0.9380002520411657, 43: 4.428108781042916, 44: 2.9708814226776203, 45: 2.454895470116437, 46: 2.9598385826866886, 47: 0.9559206465621486, 48: 0.4315931537974882, 49: 2.932720897332391, 50: 0.9333698772791125, 51: 0.9615746438355157, 52: 0.9424302152055319, 53: 1.4574039217329495, 54: 0.9545810116825204, 55: 5.9652502111870165, 56: 1.4665630974311938, 57: 4.933359451348961, 58: 0.44973966596157217, 59: 2.961187174907667, 60: 1.9371403475534583, 61: 2.4383171832224315, 62: 1.454023033096198, 63: 0.4796472200652488, 64: 4.463771946161649, 65: 2.9411084038400146, 66: 1.938353924622228, 67: 3.9363023754198254, 68: 0.9219297284167198, 69: 2.931575403954784, 70: 0.9216427351418948, 71: 5.9184204621133265, 72: 1.4544857440475465, 73: 3.463753677777817, 74: 0.4395381218076263, 75: 4.461854888195049, 76: 3.4461694980624737, 77: 1.9669051058223335, 78: 0.9425134115671043, 79: 1.9556265767701637, 80: 1.452813199103702, 81: 3.4151003747733677, 82: 4.963465550195298, 83: 0.44848344263318163, 84: 2.947597701584616, 85: 1.9408418660748632, 86: 5.454596284504079, 87: 5.946197555337541, 88: 1.9414129299681822, 89: 1.9727297190840902, 90: 0.9415989736873535, 91: 3.946418131455539, 92: 3.431174413470651, 93: 6.943073936812091, 94: 0.952488610131998, 95: 0.4537854007172353, 96: 5.429941193406144, 97: 1.920363300544278, 98: 7.4662879109594, 99: 0.931737577907588}
2025-01-27 10:07:23 - WARNING  - Sum of s_i: 248.11718409444822
2025-01-27 10:07:47 - WARNING  - Epoch:   333. Accuracy: Top-1: 78.94 | Loss: value: 0.62
2025-01-27 10:07:47 - WARNING  - Epoch 333
2025-01-27 10:07:47 - WARNING  - s_i: {0: 4.43568002408153, 1: 0.9667387762528499, 2: 1.4466759849644046, 3: 0.9643130153226939, 4: 3.4117411344297546, 5: 2.441822065813531, 6: 4.434696920961615, 7: 0.44918365776109503, 8: 3.4653250308841947, 9: 0.9405827212280151, 10: 5.451284586155991, 11: 0.9644003675650499, 12: 5.4355297011691786, 13: 1.4598369953313197, 14: 1.922005089016083, 15: 2.9225791037384017, 16: 1.4544149258086332, 17: 3.921679096569452, 18: 0.90723151615187, 19: 1.4369520995858855, 20: 1.941865819996793, 21: 1.9544162939000667, 22: 2.9651318820095063, 23: 1.950609487172405, 24: 0.4449900013443724, 25: 1.9572110804417484, 26: 1.9577737721955317, 27: 0.47650172903354093, 28: 0.4019114971566724, 29: 7.447184355304664, 30: 2.4715649510158526, 31: 3.4644605757555604, 32: 1.9350788360812912, 33: 1.9150527747624952, 34: 4.490175325955645, 35: 6.431059877011031, 36: 3.938622774966184, 37: 0.9399339499282791, 38: 0.94530440500925, 39: 1.4832675042809134, 40: 1.4118106443417089, 41: 0.4456686494683739, 42: 0.9380002520411657, 43: 4.428108781042916, 44: 2.9708814226776203, 45: 2.454895470116437, 46: 2.9598385826866886, 47: 0.9559206465621486, 48: 0.4315931537974882, 49: 2.932720897332391, 50: 0.9333698772791125, 51: 0.9615746438355157, 52: 0.9424302152055319, 53: 1.4574039217329495, 54: 0.9545810116825204, 55: 5.9652502111870165, 56: 1.4665630974311938, 57: 4.933359451348961, 58: 0.44973966596157217, 59: 2.961187174907667, 60: 1.9371403475534583, 61: 2.4383171832224315, 62: 1.454023033096198, 63: 0.4796472200652488, 64: 4.463771946161649, 65: 2.9411084038400146, 66: 1.938353924622228, 67: 3.9363023754198254, 68: 0.9219297284167198, 69: 2.931575403954784, 70: 0.9216427351418948, 71: 5.9184204621133265, 72: 1.4544857440475465, 73: 3.463753677777817, 74: 0.4395381218076263, 75: 4.461854888195049, 76: 3.4461694980624737, 77: 1.9669051058223335, 78: 0.9425134115671043, 79: 1.9556265767701637, 80: 1.452813199103702, 81: 3.4151003747733677, 82: 4.963465550195298, 83: 0.44848344263318163, 84: 2.947597701584616, 85: 1.9408418660748632, 86: 5.454596284504079, 87: 5.946197555337541, 88: 1.9414129299681822, 89: 1.9727297190840902, 90: 0.9415989736873535, 91: 3.946418131455539, 92: 3.431174413470651, 93: 6.943073936812091, 94: 0.952488610131998, 95: 0.4537854007172353, 96: 5.429941193406144, 97: 1.920363300544278, 98: 7.4662879109594, 99: 0.931737577907588}
2025-01-27 10:07:47 - WARNING  - Sum of s_i: 250.61287533676142
2025-01-27 10:08:11 - WARNING  - Epoch:   334. Accuracy: Top-1: 76.71 | Loss: value: 0.67
2025-01-27 10:08:11 - WARNING  - Epoch 334
2025-01-27 10:08:11 - WARNING  - s_i: {0: 0.43108574008735534, 1: 0.9667387762528499, 2: 1.4466759849644046, 3: 0.9643130153226939, 4: 3.4117411344297546, 5: 1.9373468401068792, 6: 4.434696920961615, 7: 0.44918365776109503, 8: 3.4653250308841947, 9: 0.9405827212280151, 10: 5.451284586155991, 11: 0.9644003675650499, 12: 5.4355297011691786, 13: 1.4598369953313197, 14: 1.922005089016083, 15: 2.9225791037384017, 16: 1.4544149258086332, 17: 3.921679096569452, 18: 0.90723151615187, 19: 1.4369520995858855, 20: 1.941865819996793, 21: 1.9544162939000667, 22: 2.9651318820095063, 23: 1.950609487172405, 24: 0.4449900013443724, 25: 1.9572110804417484, 26: 1.9577737721955317, 27: 0.47650172903354093, 28: 0.4019114971566724, 29: 7.447184355304664, 30: 2.4715649510158526, 31: 3.4644605757555604, 32: 1.9350788360812912, 33: 1.9150527747624952, 34: 4.490175325955645, 35: 1.426751119324222, 36: 3.938622774966184, 37: 0.9399339499282791, 38: 0.94530440500925, 39: 1.4832675042809134, 40: 1.4118106443417089, 41: 0.4456686494683739, 42: 0.9380002520411657, 43: 4.428108781042916, 44: 2.9708814226776203, 45: 2.454895470116437, 46: 2.9598385826866886, 47: 0.9559206465621486, 48: 1.4267069504973096, 49: 2.932720897332391, 50: 0.9333698772791125, 51: 0.9615746438355157, 52: 0.9424302152055319, 53: 1.4574039217329495, 54: 0.9545810116825204, 55: 5.9652502111870165, 56: 1.4665630974311938, 57: 4.933359451348961, 58: 0.44973966596157217, 59: 2.961187174907667, 60: 1.9371403475534583, 61: 2.4383171832224315, 62: 1.454023033096198, 63: 0.4796472200652488, 64: 4.463771946161649, 65: 2.9411084038400146, 66: 1.938353924622228, 67: 3.9363023754198254, 68: 0.9219297284167198, 69: 3.9272988667019595, 70: 0.9216427351418948, 71: 5.9184204621133265, 72: 1.4544857440475465, 73: 3.463753677777817, 74: 0.4395381218076263, 75: 4.461854888195049, 76: 3.4461694980624737, 77: 1.9669051058223335, 78: 0.9425134115671043, 79: 1.9556265767701637, 80: 1.452813199103702, 81: 3.4151003747733677, 82: 4.963465550195298, 83: 0.44848344263318163, 84: 2.947597701584616, 85: 1.9408418660748632, 86: 5.454596284504079, 87: 5.946197555337541, 88: 1.9414129299681822, 89: 1.9727297190840902, 90: 0.9415989736873535, 91: 3.946418131455539, 92: 3.431174413470651, 93: 5.939007789441526, 94: 0.952488610131998, 95: 0.4537854007172353, 96: 5.429941193406144, 97: 1.920363300544278, 98: 5.962073899829324, 99: 0.931737577907588}
2025-01-27 10:08:11 - WARNING  - Sum of s_i: 240.58205417032013
2025-01-27 10:08:36 - WARNING  - Epoch:   335. Accuracy: Top-1: 76.05 | Loss: value: 0.71
2025-01-27 10:08:36 - WARNING  - Epoch 335
2025-01-27 10:08:36 - WARNING  - s_i: {0: 0.43108574008735534, 1: 0.9667387762528499, 2: 1.4466759849644046, 3: 0.9643130153226939, 4: 3.4117411344297546, 5: 1.9373468401068792, 6: 4.434696920961615, 7: 0.44918365776109503, 8: 3.4653250308841947, 9: 0.9405827212280151, 10: 5.451284586155991, 11: 0.9644003675650499, 12: 5.4355297011691786, 13: 1.4598369953313197, 14: 1.922005089016083, 15: 2.9225791037384017, 16: 1.4544149258086332, 17: 3.921679096569452, 18: 0.90723151615187, 19: 1.4369520995858855, 20: 1.941865819996793, 21: 1.9544162939000667, 22: 2.9651318820095063, 23: 1.950609487172405, 24: 0.4449900013443724, 25: 1.9572110804417484, 26: 1.9577737721955317, 27: 0.47650172903354093, 28: 0.4019114971566724, 29: 7.447184355304664, 30: 2.4715649510158526, 31: 3.4644605757555604, 32: 1.9350788360812912, 33: 1.9150527747624952, 34: 4.490175325955645, 35: 1.426751119324222, 36: 3.938622774966184, 37: 0.9399339499282791, 38: 0.94530440500925, 39: 1.4832675042809134, 40: 1.4118106443417089, 41: 0.4456686494683739, 42: 0.9380002520411657, 43: 4.428108781042916, 44: 2.9708814226776203, 45: 2.454895470116437, 46: 2.9598385826866886, 47: 0.9559206465621486, 48: 1.4267069504973096, 49: 2.932720897332391, 50: 0.9333698772791125, 51: 0.9615746438355157, 52: 0.9424302152055319, 53: 1.4574039217329495, 54: 0.9545810116825204, 55: 5.9652502111870165, 56: 1.4665630974311938, 57: 4.933359451348961, 58: 0.44973966596157217, 59: 2.961187174907667, 60: 1.9371403475534583, 61: 2.4383171832224315, 62: 1.454023033096198, 63: 0.4796472200652488, 64: 4.463771946161649, 65: 2.9411084038400146, 66: 1.938353924622228, 67: 3.9363023754198254, 68: 0.9219297284167198, 69: 3.9272988667019595, 70: 0.9216427351418948, 71: 3.413621665767054, 72: 1.4544857440475465, 73: 3.463753677777817, 74: 0.4395381218076263, 75: 0.9576165424389438, 76: 3.4461694980624737, 77: 1.9669051058223335, 78: 0.9425134115671043, 79: 1.9556265767701637, 80: 1.452813199103702, 81: 3.4151003747733677, 82: 4.963465550195298, 83: 0.44848344263318163, 84: 2.947597701584616, 85: 1.9408418660748632, 86: 5.454596284504079, 87: 5.946197555337541, 88: 1.9414129299681822, 89: 1.9727297190840902, 90: 0.9415989736873535, 91: 3.946418131455539, 92: 3.431174413470651, 93: 5.939007789441526, 94: 0.952488610131998, 95: 0.4537854007172353, 96: 5.429941193406144, 97: 1.920363300544278, 98: 5.962073899829324, 99: 0.931737577907588}
2025-01-27 10:08:36 - WARNING  - Sum of s_i: 234.57301702821778
2025-01-27 10:08:57 - WARNING  - Epoch:   336. Accuracy: Top-1: 78.86 | Loss: value: 0.62
2025-01-27 10:08:57 - WARNING  - Epoch 336
2025-01-27 10:08:57 - WARNING  - s_i: {0: 0.43108574008735534, 1: 0.9667387762528499, 2: 1.4466759849644046, 3: 0.9643130153226939, 4: 3.4117411344297546, 5: 1.9373468401068792, 6: 4.434696920961615, 7: 0.44918365776109503, 8: 3.4653250308841947, 9: 0.9405827212280151, 10: 5.451284586155991, 11: 0.9644003675650499, 12: 5.4355297011691786, 13: 1.4598369953313197, 14: 1.922005089016083, 15: 2.9225791037384017, 16: 1.4544149258086332, 17: 3.921679096569452, 18: 0.90723151615187, 19: 1.4369520995858855, 20: 0.43702130499652436, 21: 1.9544162939000667, 22: 2.9651318820095063, 23: 1.950609487172405, 24: 0.4449900013443724, 25: 1.9572110804417484, 26: 1.9577737721955317, 27: 0.47650172903354093, 28: 0.4019114971566724, 29: 7.447184355304664, 30: 2.4715649510158526, 31: 3.4644605757555604, 32: 1.9350788360812912, 33: 1.9150527747624952, 34: 4.490175325955645, 35: 1.426751119324222, 36: 3.938622774966184, 37: 0.9399339499282791, 38: 0.94530440500925, 39: 1.979084380351142, 40: 1.4118106443417089, 41: 0.4456686494683739, 42: 0.9380002520411657, 43: 4.428108781042916, 44: 0.9667216259172782, 45: 3.9503850171280814, 46: 2.9598385826866886, 47: 0.9559206465621486, 48: 1.4267069504973096, 49: 3.427915247141848, 50: 0.9333698772791125, 51: 0.9615746438355157, 52: 0.9424302152055319, 53: 1.4574039217329495, 54: 0.9545810116825204, 55: 5.9652502111870165, 56: 1.4665630974311938, 57: 4.933359451348961, 58: 0.44973966596157217, 59: 2.961187174907667, 60: 1.9371403475534583, 61: 2.4383171832224315, 62: 1.454023033096198, 63: 0.4796472200652488, 64: 4.463771946161649, 65: 2.9411084038400146, 66: 1.938353924622228, 67: 3.9363023754198254, 68: 0.9219297284167198, 69: 3.9272988667019595, 70: 0.9216427351418948, 71: 3.413621665767054, 72: 1.4544857440475465, 73: 3.463753677777817, 74: 0.4395381218076263, 75: 0.9576165424389438, 76: 3.4461694980624737, 77: 1.9669051058223335, 78: 0.9425134115671043, 79: 1.9556265767701637, 80: 1.452813199103702, 81: 3.4151003747733677, 82: 4.963465550195298, 83: 0.44848344263318163, 84: 2.947597701584616, 85: 1.9408418660748632, 86: 5.454596284504079, 87: 5.946197555337541, 88: 1.9414129299681822, 89: 1.9727297190840902, 90: 0.9415989736873535, 91: 3.946418131455539, 92: 3.431174413470651, 93: 5.939007789441526, 94: 0.952488610131998, 95: 0.4537854007172353, 96: 4.925270606299887, 97: 1.920363300544278, 98: 5.962073899829324, 99: 0.931737577907588}
2025-01-27 10:08:57 - WARNING  - Sum of s_i: 233.0458429022422
2025-01-27 10:09:21 - WARNING  - Epoch:   337. Accuracy: Top-1: 78.02 | Loss: value: 0.64
2025-01-27 10:09:21 - WARNING  - Epoch 337
2025-01-27 10:09:21 - WARNING  - s_i: {0: 0.43108574008735534, 1: 0.9667387762528499, 2: 1.4466759849644046, 3: 0.9643130153226939, 4: 3.4117411344297546, 5: 1.9373468401068792, 6: 4.434696920961615, 7: 0.44918365776109503, 8: 3.4653250308841947, 9: 0.9405827212280151, 10: 5.451284586155991, 11: 0.9644003675650499, 12: 2.430570447412958, 13: 1.4598369953313197, 14: 1.922005089016083, 15: 2.9225791037384017, 16: 1.4544149258086332, 17: 2.417556943757316, 18: 0.90723151615187, 19: 1.4369520995858855, 20: 0.43702130499652436, 21: 1.9544162939000667, 22: 2.9651318820095063, 23: 1.950609487172405, 24: 0.4449900013443724, 25: 1.9572110804417484, 26: 1.9577737721955317, 27: 0.47650172903354093, 28: 0.4019114971566724, 29: 6.443121613405028, 30: 2.4715649510158526, 31: 3.4644605757555604, 32: 1.9350788360812912, 33: 1.9150527747624952, 34: 4.490175325955645, 35: 1.426751119324222, 36: 3.938622774966184, 37: 0.9399339499282791, 38: 0.94530440500925, 39: 1.979084380351142, 40: 1.4118106443417089, 41: 0.4456686494683739, 42: 0.9380002520411657, 43: 4.428108781042916, 44: 0.9667216259172782, 45: 3.9503850171280814, 46: 2.9598385826866886, 47: 0.9559206465621486, 48: 1.4267069504973096, 49: 3.427915247141848, 50: 0.9333698772791125, 51: 0.9615746438355157, 52: 0.9424302152055319, 53: 1.4574039217329495, 54: 0.9545810116825204, 55: 5.9652502111870165, 56: 1.4665630974311938, 57: 4.933359451348961, 58: 0.44973966596157217, 59: 2.961187174907667, 60: 1.9371403475534583, 61: 2.4383171832224315, 62: 1.454023033096198, 63: 0.4796472200652488, 64: 4.463771946161649, 65: 2.9411084038400146, 66: 1.938353924622228, 67: 1.931752545092674, 68: 0.9219297284167198, 69: 3.9272988667019595, 70: 0.9216427351418948, 71: 3.413621665767054, 72: 1.4544857440475465, 73: 3.463753677777817, 74: 0.4395381218076263, 75: 0.9576165424389438, 76: 3.4461694980624737, 77: 1.9669051058223335, 78: 0.9425134115671043, 79: 1.9556265767701637, 80: 1.452813199103702, 81: 3.4151003747733677, 82: 4.963465550195298, 83: 0.44848344263318163, 84: 2.947597701584616, 85: 1.9408418660748632, 86: 1.9504686740044477, 87: 5.946197555337541, 88: 1.9414129299681822, 89: 1.9727297190840902, 90: 0.9415989736873535, 91: 3.946418131455539, 92: 3.431174413470651, 93: 5.939007789441526, 94: 0.952488610131998, 95: 0.4537854007172353, 96: 4.925270606299887, 97: 1.920363300544278, 98: 5.962073899829324, 99: 0.931737577907588}
2025-01-27 10:09:21 - WARNING  - Sum of s_i: 222.02402131294744
2025-01-27 10:09:41 - WARNING  - Epoch:   338. Accuracy: Top-1: 79.31 | Loss: value: 0.59
2025-01-27 10:09:41 - WARNING  - Epoch 338
2025-01-27 10:09:41 - WARNING  - s_i: {0: 0.43108574008735534, 1: 0.9667387762528499, 2: 1.4466759849644046, 3: 0.9643130153226939, 4: 3.4117411344297546, 5: 1.9373468401068792, 6: 4.434696920961615, 7: 0.44918365776109503, 8: 3.4653250308841947, 9: 0.9405827212280151, 10: 5.451284586155991, 11: 0.9644003675650499, 12: 2.430570447412958, 13: 1.4598369953313197, 14: 5.417900093701142, 15: 2.9225791037384017, 16: 1.4544149258086332, 17: 2.417556943757316, 18: 0.90723151615187, 19: 5.932102261092497, 20: 0.43702130499652436, 21: 3.9498579232900743, 22: 2.9651318820095063, 23: 1.950609487172405, 24: 0.4449900013443724, 25: 1.9572110804417484, 26: 1.9577737721955317, 27: 0.47650172903354093, 28: 0.4019114971566724, 29: 6.443121613405028, 30: 2.4715649510158526, 31: 3.4644605757555604, 32: 1.9350788360812912, 33: 1.9150527747624952, 34: 4.490175325955645, 35: 1.426751119324222, 36: 3.938622774966184, 37: 6.935929546590171, 38: 0.94530440500925, 39: 1.979084380351142, 40: 1.4118106443417089, 41: 0.4456686494683739, 42: 4.433571698615538, 43: 4.428108781042916, 44: 0.9667216259172782, 45: 3.9503850171280814, 46: 2.9598385826866886, 47: 0.9559206465621486, 48: 1.4267069504973096, 49: 3.427915247141848, 50: 0.9333698772791125, 51: 0.9615746438355157, 52: 0.9424302152055319, 53: 1.4574039217329495, 54: 0.9545810116825204, 55: 5.9652502111870165, 56: 4.962383484610095, 57: 4.933359451348961, 58: 0.44973966596157217, 59: 2.961187174907667, 60: 1.9371403475534583, 61: 2.4383171832224315, 62: 1.454023033096198, 63: 0.4796472200652488, 64: 4.463771946161649, 65: 7.936200770826686, 66: 1.938353924622228, 67: 1.931752545092674, 68: 0.9219297284167198, 69: 3.9272988667019595, 70: 0.9216427351418948, 71: 3.413621665767054, 72: 1.4544857440475465, 73: 3.463753677777817, 74: 0.4395381218076263, 75: 0.9576165424389438, 76: 3.4461694980624737, 77: 1.9669051058223335, 78: 0.9425134115671043, 79: 1.9556265767701637, 80: 1.452813199103702, 81: 3.4151003747733677, 82: 4.963465550195298, 83: 0.44848344263318163, 84: 2.947597701584616, 85: 1.9408418660748632, 86: 1.9504686740044477, 87: 5.946197555337541, 88: 7.437228139251626, 89: 1.9727297190840902, 90: 1.4367322214946332, 91: 3.946418131455539, 92: 3.431174413470651, 93: 5.939007789441526, 94: 0.952488610131998, 95: 0.4537854007172353, 96: 4.925270606299887, 97: 1.920363300544278, 98: 5.962073899829324, 99: 0.931737577907588}
2025-01-27 10:09:41 - WARNING  - Sum of s_i: 255.98393636302168
2025-01-27 10:10:03 - WARNING  - Epoch:   339. Accuracy: Top-1: 79.97 | Loss: value: 0.58
2025-01-27 10:10:03 - WARNING  - Epoch 339
2025-01-27 10:10:03 - WARNING  - s_i: {0: 0.43108574008735534, 1: 0.9667387762528499, 2: 1.4466759849644046, 3: 0.9643130153226939, 4: 3.4117411344297546, 5: 1.9373468401068792, 6: 4.434696920961615, 7: 0.44918365776109503, 8: 3.4653250308841947, 9: 0.9405827212280151, 10: 5.451284586155991, 11: 2.4599504135106827, 12: 2.430570447412958, 13: 1.4598369953313197, 14: 5.417900093701142, 15: 2.9225791037384017, 16: 1.4544149258086332, 17: 2.417556943757316, 18: 0.90723151615187, 19: 5.932102261092497, 20: 0.43702130499652436, 21: 3.9498579232900743, 22: 2.9651318820095063, 23: 2.9456704358896455, 24: 4.440758462986249, 25: 1.9572110804417484, 26: 1.9577737721955317, 27: 0.47650172903354093, 28: 0.4019114971566724, 29: 6.443121613405028, 30: 2.4715649510158526, 31: 3.4644605757555604, 32: 1.9350788360812912, 33: 1.9150527747624952, 34: 4.490175325955645, 35: 1.426751119324222, 36: 4.933901449963584, 37: 6.935929546590171, 38: 0.94530440500925, 39: 1.979084380351142, 40: 1.4118106443417089, 41: 0.4456686494683739, 42: 4.433571698615538, 43: 4.428108781042916, 44: 0.9667216259172782, 45: 3.9503850171280814, 46: 2.9598385826866886, 47: 3.4510229406246116, 48: 1.4267069504973096, 49: 5.423109596951306, 50: 0.9333698772791125, 51: 0.9615746438355157, 52: 4.938001770221346, 53: 1.4574039217329495, 54: 0.9545810116825204, 55: 5.9652502111870165, 56: 4.962383484610095, 57: 4.933359451348961, 58: 0.44973966596157217, 59: 2.961187174907667, 60: 1.9371403475534583, 61: 2.4383171832224315, 62: 1.454023033096198, 63: 0.4796472200652488, 64: 4.463771946161649, 65: 7.936200770826686, 66: 1.938353924622228, 67: 1.931752545092674, 68: 0.9219297284167198, 69: 3.9272988667019595, 70: 0.9216427351418948, 71: 3.413621665767054, 72: 1.4544857440475465, 73: 3.463753677777817, 74: 0.4395381218076263, 75: 0.9576165424389438, 76: 3.4461694980624737, 77: 1.9669051058223335, 78: 0.9425134115671043, 79: 1.9556265767701637, 80: 1.452813199103702, 81: 3.4151003747733677, 82: 3.958898743969708, 83: 0.44848344263318163, 84: 2.947597701584616, 85: 1.9408418660748632, 86: 1.946341063504819, 87: 5.946197555337541, 88: 7.437228139251626, 89: 1.9727297190840902, 90: 1.4367322214946332, 91: 6.4415470524969525, 92: 3.431174413470651, 93: 5.939007789441526, 94: 0.952488610131998, 95: 0.4537854007172353, 96: 4.925270606299887, 97: 1.920363300544278, 98: 5.962073899829324, 99: 0.931737577907588}
2025-01-27 10:10:03 - WARNING  - Sum of s_i: 273.4378971975278
2025-01-27 10:10:27 - WARNING  - Epoch:   340. Accuracy: Top-1: 78.08 | Loss: value: 0.63
2025-01-27 10:10:27 - WARNING  - Epoch 340
2025-01-27 10:10:27 - WARNING  - s_i: {0: 0.43108574008735534, 1: 0.9667387762528499, 2: 1.4466759849644046, 3: 0.9643130153226939, 4: 3.4117411344297546, 5: 1.9373468401068792, 6: 4.434696920961615, 7: 0.44918365776109503, 8: 3.4653250308841947, 9: 0.9405827212280151, 10: 5.451284586155991, 11: 2.4599504135106827, 12: 2.430570447412958, 13: 1.4598369953313197, 14: 5.417900093701142, 15: 2.9225791037384017, 16: 1.4544149258086332, 17: 2.417556943757316, 18: 0.90723151615187, 19: 5.932102261092497, 20: 0.43702130499652436, 21: 3.9498579232900743, 22: 2.9651318820095063, 23: 2.9456704358896455, 24: 4.440758462986249, 25: 1.9572110804417484, 26: 1.9577737721955317, 27: 0.47650172903354093, 28: 0.4019114971566724, 29: 6.443121613405028, 30: 2.4715649510158526, 31: 3.4644605757555604, 32: 1.9350788360812912, 33: 1.9150527747624952, 34: 4.490175325955645, 35: 1.426751119324222, 36: 4.933901449963584, 37: 6.935929546590171, 38: 0.94530440500925, 39: 1.979084380351142, 40: 1.4118106443417089, 41: 0.4456686494683739, 42: 4.433571698615538, 43: 4.428108781042916, 44: 0.9667216259172782, 45: 3.9503850171280814, 46: 2.9598385826866886, 47: 3.4510229406246116, 48: 1.4267069504973096, 49: 5.423109596951306, 50: 0.9333698772791125, 51: 0.9615746438355157, 52: 4.938001770221346, 53: 1.4574039217329495, 54: 0.9545810116825204, 55: 5.9652502111870165, 56: 4.962383484610095, 57: 4.933359451348961, 58: 0.44973966596157217, 59: 2.961187174907667, 60: 1.9371403475534583, 61: 2.4383171832224315, 62: 1.454023033096198, 63: 0.4796472200652488, 64: 4.463771946161649, 65: 7.936200770826686, 66: 1.938353924622228, 67: 1.931752545092674, 68: 0.9219297284167198, 69: 3.9272988667019595, 70: 0.9216427351418948, 71: 3.413621665767054, 72: 1.4544857440475465, 73: 3.463753677777817, 74: 0.4395381218076263, 75: 0.9576165424389438, 76: 0.9420286902211235, 77: 0.4621772637969519, 78: 0.9425134115671043, 79: 1.9556265767701637, 80: 1.452813199103702, 81: 3.4151003747733677, 82: 3.958898743969708, 83: 0.44848344263318163, 84: 1.4432308433833325, 85: 1.9408418660748632, 86: 1.946341063504819, 87: 5.946197555337541, 88: 3.4330433485350627, 89: 1.9727297190840902, 90: 1.4367322214946332, 91: 6.436675973538364, 92: 3.431174413470651, 93: 5.939007789441526, 94: 0.952488610131998, 95: 0.4537854007172353, 96: 4.925270606299887, 97: 1.920363300544278, 98: 5.962073899829324, 99: 0.931737577907588}
2025-01-27 10:10:27 - WARNING  - Sum of s_i: 263.9156058197846
2025-01-27 10:10:32 - WARNING  - The sum of accs: 79.0
2025-01-27 10:10:32 - WARNING  - The welfare is 78.88157686438521
2025-01-27 10:10:53 - WARNING  - Epoch:   341. Accuracy: Top-1: 78.26 | Loss: value: 0.62
2025-01-27 10:10:53 - WARNING  - Epoch 341
2025-01-27 10:10:53 - WARNING  - s_i: {0: 0.43108574008735534, 1: 0.9667387762528499, 2: 1.4466759849644046, 3: 0.9643130153226939, 4: 3.4117411344297546, 5: 1.9373468401068792, 6: 4.434696920961615, 7: 0.44918365776109503, 8: 3.4653250308841947, 9: 0.9405827212280151, 10: 5.451284586155991, 11: 2.4599504135106827, 12: 2.430570447412958, 13: 1.4598369953313197, 14: 5.417900093701142, 15: 2.9225791037384017, 16: 1.4544149258086332, 17: 2.417556943757316, 18: 0.90723151615187, 19: 5.932102261092497, 20: 0.43702130499652436, 21: 3.9498579232900743, 22: 2.9651318820095063, 23: 2.9456704358896455, 24: 4.440758462986249, 25: 1.9572110804417484, 26: 1.9577737721955317, 27: 0.47650172903354093, 28: 0.4019114971566724, 29: 1.4390588715053827, 30: 2.4715649510158526, 31: 3.4644605757555604, 32: 1.9350788360812912, 33: 1.9150527747624952, 34: 4.490175325955645, 35: 1.426751119324222, 36: 4.933901449963584, 37: 6.935929546590171, 38: 0.94530440500925, 39: 1.979084380351142, 40: 1.4118106443417089, 41: 0.4456686494683739, 42: 4.433571698615538, 43: 4.428108781042916, 44: 0.9667216259172782, 45: 3.9503850171280814, 46: 2.9598385826866886, 47: 3.4510229406246116, 48: 1.4267069504973096, 49: 5.423109596951306, 50: 0.9333698772791125, 51: 0.9615746438355157, 52: 4.938001770221346, 53: 1.4574039217329495, 54: 0.9545810116825204, 55: 5.9652502111870165, 56: 4.962383484610095, 57: 4.933359451348961, 58: 0.44973966596157217, 59: 2.961187174907667, 60: 1.9371403475534583, 61: 2.4383171832224315, 62: 1.454023033096198, 63: 0.4796472200652488, 64: 4.463771946161649, 65: 7.936200770826686, 66: 1.938353924622228, 67: 1.931752545092674, 68: 0.9219297284167198, 69: 3.9272988667019595, 70: 0.9216427351418948, 71: 3.413621665767054, 72: 1.4544857440475465, 73: 3.463753677777817, 74: 0.4395381218076263, 75: 0.9576165424389438, 76: 0.9420286902211235, 77: 0.4621772637969519, 78: 0.9425134115671043, 79: 1.9556265767701637, 80: 1.452813199103702, 81: 3.4151003747733677, 82: 3.958898743969708, 83: 0.44848344263318163, 84: 1.4432308433833325, 85: 1.9408418660748632, 86: 1.946341063504819, 87: 5.946197555337541, 88: 3.4330433485350627, 89: 1.9727297190840902, 90: 1.4367322214946332, 91: 6.436675973538364, 92: 3.431174413470651, 93: 5.939007789441526, 94: 0.952488610131998, 95: 0.4537854007172353, 96: 4.925270606299887, 97: 1.920363300544278, 98: 5.962073899829324, 99: 0.931737577907588}
2025-01-27 10:10:53 - WARNING  - Sum of s_i: 258.91154307788497
2025-01-27 10:11:16 - WARNING  - Epoch:   342. Accuracy: Top-1: 79.79 | Loss: value: 0.59
2025-01-27 10:11:16 - WARNING  - Epoch 342
2025-01-27 10:11:16 - WARNING  - s_i: {0: 0.43108574008735534, 1: 0.9667387762528499, 2: 1.4466759849644046, 3: 0.9643130153226939, 4: 3.4117411344297546, 5: 1.9373468401068792, 6: 4.434696920961615, 7: 0.44918365776109503, 8: 3.4653250308841947, 9: 0.9405827212280151, 10: 5.451284586155991, 11: 2.4599504135106827, 12: 2.430570447412958, 13: 1.4598369953313197, 14: 5.417900093701142, 15: 2.4180249333700727, 16: 4.450270828154874, 17: 2.417556943757316, 18: 0.90723151615187, 19: 5.932102261092497, 20: 0.43702130499652436, 21: 5.9452995526800825, 22: 2.9651318820095063, 23: 2.9456704358896455, 24: 4.440758462986249, 25: 1.9572110804417484, 26: 1.9577737721955317, 27: 0.47650172903354093, 28: 0.4019114971566724, 29: 1.4390588715053827, 30: 3.4675028011609745, 31: 3.4644605757555604, 32: 1.9350788360812912, 33: 1.9150527747624952, 34: 4.490175325955645, 35: 1.426751119324222, 36: 4.933901449963584, 37: 6.935929546590171, 38: 0.94530440500925, 39: 1.979084380351142, 40: 1.4118106443417089, 41: 0.4456686494683739, 42: 4.433571698615538, 43: 4.428108781042916, 44: 0.9667216259172782, 45: 3.9503850171280814, 46: 2.9598385826866886, 47: 3.4510229406246116, 48: 1.4267069504973096, 49: 5.423109596951306, 50: 0.9333698772791125, 51: 2.957305159817241, 52: 4.938001770221346, 53: 1.4574039217329495, 54: 0.9545810116825204, 55: 6.960285955642305, 56: 4.962383484610095, 57: 4.933359451348961, 58: 0.44973966596157217, 59: 2.961187174907667, 60: 1.9371403475534583, 61: 2.4383171832224315, 62: 1.454023033096198, 63: 0.4796472200652488, 64: 4.959243439431857, 65: 7.936200770826686, 66: 2.4336119188239382, 67: 1.931752545092674, 68: 0.9219297284167198, 69: 3.9272988667019595, 70: 0.9216427351418948, 71: 3.413621665767054, 72: 1.4544857440475465, 73: 3.463753677777817, 74: 0.4395381218076263, 75: 0.9576165424389438, 76: 0.9420286902211235, 77: 0.4621772637969519, 78: 0.9425134115671043, 79: 4.451592629203817, 80: 1.452813199103702, 81: 3.4151003747733677, 82: 3.958898743969708, 83: 0.44848344263318163, 84: 2.438863985182051, 85: 1.9408418660748632, 86: 1.946341063504819, 87: 5.946197555337541, 88: 3.4330433485350627, 89: 1.9727297190840902, 90: 1.4367322214946332, 91: 6.436675973538364, 92: 3.431174413470651, 93: 5.939007789441526, 94: 0.952488610131998, 95: 0.4537854007172353, 96: 4.925270606299887, 97: 1.920363300544278, 98: 5.962073899829324, 99: 0.931737577907588}
2025-01-27 10:11:16 - WARNING  - Sum of s_i: 271.8673192315393
2025-01-27 10:11:39 - WARNING  - Epoch:   343. Accuracy: Top-1: 79.96 | Loss: value: 0.58
2025-01-27 10:11:39 - WARNING  - Epoch 343
2025-01-27 10:11:39 - WARNING  - s_i: {0: 0.43108574008735534, 1: 0.9667387762528499, 2: 1.4466759849644046, 3: 0.9643130153226939, 4: 3.4117411344297546, 5: 1.9373468401068792, 6: 4.434696920961615, 7: 0.44918365776109503, 8: 3.4653250308841947, 9: 0.9405827212280151, 10: 5.451284586155991, 11: 2.4599504135106827, 12: 2.430570447412958, 13: 1.4598369953313197, 14: 5.417900093701142, 15: 2.4180249333700727, 16: 4.450270828154874, 17: 2.417556943757316, 18: 0.90723151615187, 19: 0.9272524225991061, 20: 0.43702130499652436, 21: 5.9452995526800825, 22: 2.9651318820095063, 23: 2.9456704358896455, 24: 4.440758462986249, 25: 1.9572110804417484, 26: 1.9577737721955317, 27: 0.47180207484024655, 28: 0.4019114971566724, 29: 1.4390588715053827, 30: 3.4675028011609745, 31: 3.4644605757555604, 32: 1.9350788360812912, 33: 1.9150527747624952, 34: 4.490175325955645, 35: 1.426751119324222, 36: 4.933901449963584, 37: 6.935929546590171, 38: 0.94530440500925, 39: 1.979084380351142, 40: 1.4118106443417089, 41: 0.4456686494683739, 42: 4.433571698615538, 43: 4.428108781042916, 44: 0.9667216259172782, 45: 3.9503850171280814, 46: 2.9598385826866886, 47: 3.4510229406246116, 48: 1.4267069504973096, 49: 1.4183039467607594, 50: 0.9333698772791125, 51: 2.957305159817241, 52: 4.938001770221346, 53: 1.4574039217329495, 54: 0.9545810116825204, 55: 6.960285955642305, 56: 4.962383484610095, 57: 4.933359451348961, 58: 0.44973966596157217, 59: 2.961187174907667, 60: 1.9371403475534583, 61: 2.4383171832224315, 62: 1.454023033096198, 63: 0.4796472200652488, 64: 4.959243439431857, 65: 7.936200770826686, 66: 1.9288699130256475, 67: 1.931752545092674, 68: 0.9219297284167198, 69: 3.9272988667019595, 70: 0.9216427351418948, 71: 3.413621665767054, 72: 1.4544857440475465, 73: 3.463753677777817, 74: 0.4395381218076263, 75: 0.9576165424389438, 76: 0.9420286902211235, 77: 0.4621772637969519, 78: 0.9425134115671043, 79: 4.451592629203817, 80: 1.452813199103702, 81: 3.910106279171801, 82: 3.958898743969708, 83: 0.44848344263318163, 84: 2.438863985182051, 85: 1.9408418660748632, 86: 1.946341063504819, 87: 5.946197555337541, 88: 3.4330433485350627, 89: 1.9727297190840902, 90: 1.4367322214946332, 91: 6.436675973538364, 92: 3.431174413470651, 93: 5.939007789441526, 94: 0.952488610131998, 95: 0.4537854007172353, 96: 4.925270606299887, 97: 1.920363300544278, 98: 5.962073899829324, 99: 0.931737577907588}
2025-01-27 10:11:39 - WARNING  - Sum of s_i: 262.8432279872622
2025-01-27 10:12:02 - WARNING  - Epoch:   344. Accuracy: Top-1: 79.54 | Loss: value: 0.59
2025-01-27 10:12:02 - WARNING  - Epoch 344
2025-01-27 10:12:02 - WARNING  - s_i: {0: 0.43108574008735534, 1: 0.9667387762528499, 2: 1.4466759849644046, 3: 0.9643130153226939, 4: 3.4117411344297546, 5: 1.9373468401068792, 6: 4.434696920961615, 7: 0.44918365776109503, 8: 3.4653250308841947, 9: 0.9405827212280151, 10: 4.947224968335656, 11: 2.4599504135106827, 12: 2.430570447412958, 13: 1.4598369953313197, 14: 5.417900093701142, 15: 2.4180249333700727, 16: 4.450270828154874, 17: 1.9134347909451808, 18: 0.90723151615187, 19: 0.9272524225991061, 20: 0.43702130499652436, 21: 5.9452995526800825, 22: 2.9651318820095063, 23: 2.9456704358896455, 24: 4.440758462986249, 25: 2.952456756046387, 26: 1.9577737721955317, 27: 0.47180207484024655, 28: 0.4019114971566724, 29: 1.4390588715053827, 30: 3.4675028011609745, 31: 3.4644605757555604, 32: 1.9350788360812912, 33: 1.4103334844715216, 34: 3.4852629889334654, 35: 1.426751119324222, 36: 4.933901449963584, 37: 6.935929546590171, 38: 0.94530440500925, 39: 1.979084380351142, 40: 1.4118106443417089, 41: 0.4456686494683739, 42: 4.433571698615538, 43: 4.428108781042916, 44: 0.9667216259172782, 45: 3.9503850171280814, 46: 2.9598385826866886, 47: 3.4510229406246116, 48: 1.4267069504973096, 49: 1.4183039467607594, 50: 0.9333698772791125, 51: 2.957305159817241, 52: 4.938001770221346, 53: 1.4574039217329495, 54: 0.9545810116825204, 55: 6.960285955642305, 56: 7.458203871788996, 57: 4.933359451348961, 58: 1.9451705446853542, 59: 2.961187174907667, 60: 1.9371403475534583, 61: 2.4383171832224315, 62: 1.454023033096198, 63: 0.4796472200652488, 64: 4.959243439431857, 65: 7.936200770826686, 66: 1.9288699130256475, 67: 1.931752545092674, 68: 0.9219297284167198, 69: 3.9272988667019595, 70: 0.9216427351418948, 71: 3.413621665767054, 72: 1.4544857440475465, 73: 3.463753677777817, 74: 0.4395381218076263, 75: 0.9576165424389438, 76: 0.9420286902211235, 77: 0.4621772637969519, 78: 0.9425134115671043, 79: 4.451592629203817, 80: 1.452813199103702, 81: 3.910106279171801, 82: 3.958898743969708, 83: 0.44848344263318163, 84: 2.438863985182051, 85: 1.9408418660748632, 86: 1.946341063504819, 87: 5.946197555337541, 88: 3.4330433485350627, 89: 1.9727297190840902, 90: 1.4367322214946332, 91: 6.436675973538364, 92: 3.431174413470651, 93: 5.939007789441526, 94: 0.952488610131998, 95: 0.4537854007172353, 96: 4.925270606299887, 97: 1.920363300544278, 98: 4.457859888699248, 99: 0.931737577907588}
2025-01-27 10:12:02 - WARNING  - Sum of s_i: 263.8076975196938
2025-01-27 10:12:23 - WARNING  - Epoch:   345. Accuracy: Top-1: 79.87 | Loss: value: 0.59
2025-01-27 10:12:23 - WARNING  - Epoch 345
2025-01-27 10:12:23 - WARNING  - s_i: {0: 0.43108574008735534, 1: 0.9667387762528499, 2: 1.441828347233896, 3: 0.9643130153226939, 4: 3.4117411344297546, 5: 1.9373468401068792, 6: 4.434696920961615, 7: 0.44918365776109503, 8: 3.4653250308841947, 9: 0.9405827212280151, 10: 4.947224968335656, 11: 3.4555004594563146, 12: 2.430570447412958, 13: 1.4598369953313197, 14: 5.417900093701142, 15: 2.4180249333700727, 16: 4.450270828154874, 17: 4.4093126381330485, 18: 0.90723151615187, 19: 0.9272524225991061, 20: 0.43702130499652436, 21: 5.9452995526800825, 22: 4.460773367260695, 23: 2.9456704358896455, 24: 4.440758462986249, 25: 2.952456756046387, 26: 1.9577737721955317, 27: 0.47180207484024655, 28: 0.4019114971566724, 29: 6.9349961296057465, 30: 3.4675028011609745, 31: 2.460018147725006, 32: 1.9350788360812912, 33: 3.9056141941805502, 34: 3.4852629889334654, 35: 1.426751119324222, 36: 4.933901449963584, 37: 6.935929546590171, 38: 0.94530440500925, 39: 1.979084380351142, 40: 1.4118106443417089, 41: 0.4456686494683739, 42: 4.433571698615538, 43: 4.428108781042916, 44: 0.9667216259172782, 45: 3.9503850171280814, 46: 2.9598385826866886, 47: 3.4510229406246116, 48: 1.4267069504973096, 49: 1.4183039467607594, 50: 0.9333698772791125, 51: 2.957305159817241, 52: 4.938001770221346, 53: 1.4574039217329495, 54: 0.9545810116825204, 55: 6.960285955642305, 56: 7.458203871788996, 57: 4.933359451348961, 58: 1.9451705446853542, 59: 2.961187174907667, 60: 1.9371403475534583, 61: 2.4383171832224315, 62: 1.454023033096198, 63: 1.4755766640782995, 64: 4.959243439431857, 65: 7.936200770826686, 66: 1.9288699130256475, 67: 1.931752545092674, 68: 0.9219297284167198, 69: 3.9272988667019595, 70: 0.9216427351418948, 71: 3.413621665767054, 72: 1.4544857440475465, 73: 3.463753677777817, 74: 0.4395381218076263, 75: 0.9576165424389438, 76: 0.9420286902211235, 77: 0.4621772637969519, 78: 0.9425134115671043, 79: 4.451592629203817, 80: 1.452813199103702, 81: 3.910106279171801, 82: 3.958898743969708, 83: 2.9438001192362018, 84: 1.9344971269807683, 85: 1.9408418660748632, 86: 1.946341063504819, 87: 5.946197555337541, 88: 3.4330433485350627, 89: 1.9727297190840902, 90: 1.4367322214946332, 91: 6.436675973538364, 92: 3.431174413470651, 93: 5.939007789441526, 94: 0.952488610131998, 95: 0.4537854007172353, 96: 4.925270606299887, 97: 1.920363300544278, 98: 4.457859888699248, 99: 0.931737577907588}
2025-01-27 10:12:23 - WARNING  - Sum of s_i: 278.76357406254164
2025-01-27 10:12:46 - WARNING  - Epoch:   346. Accuracy: Top-1: 78.87 | Loss: value: 0.61
2025-01-27 10:12:46 - WARNING  - Epoch 346
2025-01-27 10:12:46 - WARNING  - s_i: {0: 0.43108574008735534, 1: 0.9667387762528499, 2: 1.441828347233896, 3: 0.9643130153226939, 4: 3.4117411344297546, 5: 1.9373468401068792, 6: 4.434696920961615, 7: 0.44918365776109503, 8: 3.4653250308841947, 9: 0.9405827212280151, 10: 4.947224968335656, 11: 3.4555004594563146, 12: 2.430570447412958, 13: 1.4598369953313197, 14: 5.417900093701142, 15: 2.4180249333700727, 16: 4.450270828154874, 17: 4.4093126381330485, 18: 0.90723151615187, 19: 0.9272524225991061, 20: 0.43702130499652436, 21: 5.9452995526800825, 22: 4.460773367260695, 23: 2.9456704358896455, 24: 4.440758462986249, 25: 2.952456756046387, 26: 1.9577737721955317, 27: 0.47180207484024655, 28: 0.4019114971566724, 29: 6.9349961296057465, 30: 3.4675028011609745, 31: 2.460018147725006, 32: 1.9350788360812912, 33: 3.9056141941805502, 34: 3.4852629889334654, 35: 1.426751119324222, 36: 2.4291801249609812, 37: 6.935929546590171, 38: 0.94530440500925, 39: 1.979084380351142, 40: 1.4118106443417089, 41: 0.4456686494683739, 42: 4.433571698615538, 43: 5.923615579858098, 44: 0.9667216259172782, 45: 3.9503850171280814, 46: 2.9598385826866886, 47: 3.4510229406246116, 48: 1.9218207471971305, 49: 1.4183039467607594, 50: 0.9333698772791125, 51: 2.957305159817241, 52: 4.938001770221346, 53: 1.4574039217329495, 54: 2.95045201274457, 55: 7.455321700097592, 56: 7.458203871788996, 57: 4.933359451348961, 58: 1.9451705446853542, 59: 2.961187174907667, 60: 1.9371403475534583, 61: 2.4383171832224315, 62: 1.454023033096198, 63: 1.4755766640782995, 64: 4.959243439431857, 65: 7.936200770826686, 66: 1.9288699130256475, 67: 1.931752545092674, 68: 0.9219297284167198, 69: 3.9272988667019595, 70: 0.9216427351418948, 71: 3.413621665767054, 72: 1.4544857440475465, 73: 3.463753677777817, 74: 0.4395381218076263, 75: 0.9576165424389438, 76: 1.437887882379776, 77: 0.4621772637969519, 78: 0.9425134115671043, 79: 4.451592629203817, 80: 1.452813199103702, 81: 3.910106279171801, 82: 3.958898743969708, 83: 2.9438001192362018, 84: 1.9344971269807683, 85: 1.9408418660748632, 86: 1.946341063504819, 87: 5.946197555337541, 88: 3.4330433485350627, 89: 1.9727297190840902, 90: 1.4367322214946332, 91: 4.4318048945797734, 92: 3.431174413470651, 93: 5.939007789441526, 94: 0.952488610131998, 95: 0.4537854007172353, 96: 4.925270606299887, 97: 1.920363300544278, 98: 4.457859888699248, 99: 0.931737577907588}
2025-01-27 10:12:46 - WARNING  - Sum of s_i: 279.2313681917714
{64: 0.39999999999999925, 30: 0.34999999999999976, 36: 0.4999999999999999, 96: 0.44999999999999984, 14: 0.050000000000000044, 0: 0.15000000000000013, 66: -0.24999999999999967, 98: 0.4500000000000004, 84: 0.10000000000000064, 75: -0.4999999999999999}
Length of Loader 100
{56: -0.15000000000000013, 43: -0.5499999999999999, 16: -0.30000000000000027, 20: -0.15000000000000013, 26: -0.4500000000000004, 89: -0.40000000000000036, 30: -0.24999999999999967, 23: -0.2999999999999997, 9: -0.8999999999999997, 29: -0.7499999999999996}
Length of Loader 100
{40: 0.10000000000000009, 43: 0.4500000000000004, 44: 0.7000000000000006, 6: 0.15000000000000013, 57: 0.40000000000000036, 5: 0.2500000000000002, 86: -0.9499999999999997, 79: -0.24999999999999967, 4: -0.5499999999999999, 75: -1.2}
Length of Loader 100
{32: -0.30000000000000027, 94: 0.0, 87: -0.10000000000000009, 17: 0.050000000000000044, 59: 0.15000000000000013, 43: -0.2500000000000002, 52: -0.10000000000000009, 64: -0.6999999999999995, 0: -0.7000000000000001, 39: -0.14999999999999958}
Length of Loader 100
{16: 0.0, 44: -0.34999999999999976, 29: -0.6, 57: -1.0999999999999999, 33: -0.6, 41: -1.25, 20: -0.5499999999999999, 8: -0.4999999999999999, 61: -1.4000000000000001, 10: -0.65}
Length of Loader 100
{14: -0.34999999999999976, 78: 0.050000000000000044, 48: 0.0, 76: -0.10000000000000009, 90: 0.0, 7: -0.2500000000000002, 28: -0.10000000000000009, 20: -0.20000000000000018, 58: -0.20000000000000018, 13: -0.24999999999999967}
Length of Loader 100
{7: -0.20000000000000018, 33: 0.10000000000000009, 82: 0.3500000000000003, 96: 0.050000000000000044, 60: -0.15000000000000013, 57: -0.050000000000000044, 15: -0.050000000000000044, 52: -0.3999999999999998, 36: -0.3999999999999998, 46: -0.7999999999999996}
Length of Loader 100
{63: -0.10000000000000009, 54: -0.24999999999999967, 71: 0.20000000000000018, 21: -0.2999999999999997, 97: 0.050000000000000044, 31: 0.20000000000000018, 81: -0.10000000000000009, 28: -0.15000000000000013, 98: -0.8999999999999997, 48: -0.34999999999999976}
Length of Loader 100
{31: -0.050000000000000044, 47: -0.20000000000000018, 63: -0.10000000000000009, 28: -0.050000000000000044, 42: -0.10000000000000009, 44: -0.10000000000000009, 71: 0.050000000000000044, 76: 0.0, 45: 0.10000000000000009, 66: 0.10000000000000009}
Length of Loader 100
{90: -0.20000000000000018, 57: -0.2500000000000002, 53: -0.3500000000000003, 44: -0.5499999999999999, 15: -0.4500000000000004, 72: -0.2500000000000002, 31: -0.5000000000000004, 49: -0.8000000000000002, 65: -0.40000000000000036, 94: -0.4999999999999999}
Length of Loader 100
{78: -0.40000000000000036, 98: -0.8500000000000008, 53: -0.8500000000000002, 28: -1.3000000000000007, 75: -1.050000000000001, 80: -1.550000000000001, 70: -1.0000000000000004, 41: -1.6500000000000004, 29: -1.5500000000000003, 27: -1.3500000000000005}
Length of Loader 100
{50: -0.10000000000000009, 20: -0.30000000000000027, 51: -0.3500000000000003, 58: -0.4500000000000004, 5: -0.30000000000000027, 19: -0.050000000000000044, 72: -0.40000000000000036, 33: -0.10000000000000009, 4: -0.10000000000000009, 88: -0.2500000000000002}
Length of Loader 100
{35: 0.10000000000000009, 88: 0.0, 46: -0.3500000000000003, 59: -0.5500000000000005, 5: -0.8000000000000002, 19: -0.30000000000000027, 53: -0.65, 69: -0.4500000000000004, 70: -0.65, 33: -0.9999999999999998}
Length of Loader 100
{11: -0.5500000000000005, 42: -0.20000000000000018, 45: -0.5500000000000005, 88: -0.15000000000000013, 85: -0.15000000000000013, 92: -0.050000000000000044, 1: 0.050000000000000044, 61: 0.10000000000000009, 98: -1.5499999999999998, 6: -1.2499999999999996}
Length of Loader 100
{57: 0.050000000000000044, 10: 0.30000000000000027, 85: 0.10000000000000009, 88: 0.10000000000000009, 33: 0.15000000000000013, 38: -0.30000000000000027, 52: 0.0, 22: 0.20000000000000018, 9: 0.20000000000000018, 0: -0.050000000000000044}
Length of Loader 100
{72: 0.10000000000000009, 49: 0.0, 57: 0.2500000000000002, 93: 0.44999999999999984, 29: 0.3999999999999998, 12: 0.30000000000000027, 87: 0.2500000000000002, 71: 0.30000000000000027, 34: 0.30000000000000027, 17: 0.40000000000000036}
Length of Loader 100
{22: -0.30000000000000027, 53: -0.2500000000000002, 17: -0.20000000000000018, 58: -0.15000000000000013, 38: -0.050000000000000044, 39: 0.0, 83: -0.2500000000000002, 9: -0.15000000000000013, 99: -0.20000000000000018, 56: -0.20000000000000018}
Length of Loader 100
{80: -0.7000000000000001, 35: 0.2500000000000002, 87: -0.8000000000000002, 65: -0.9500000000000003, 5: -1.0000000000000004, 59: -0.2999999999999997, 46: -0.6, 74: -1.2, 86: -1.0500000000000003, 96: -1.4500000000000002}
Length of Loader 100
{5: -0.050000000000000044, 54: -0.10000000000000009, 98: -0.15000000000000013, 93: -0.10000000000000009, 69: 0.10000000000000009, 35: -0.4999999999999999, 48: 0.10000000000000009, 0: -0.3999999999999998, 12: -0.5500000000000005, 84: -0.40000000000000036}
Length of Loader 100
{16: -0.34999999999999976, 86: -0.6, 75: -0.34999999999999976, 27: -0.3500000000000003, 6: -0.7499999999999996, 73: -0.49999999999999933, 71: -0.24999999999999967, 83: -0.5499999999999999, 67: -0.4999999999999999, 26: -0.34999999999999976}
Length of Loader 100
{20: -0.15000000000000013, 44: -0.20000000000000018, 78: -0.2500000000000002, 38: -0.4500000000000004, 96: -0.050000000000000044, 45: 0.15000000000000013, 58: -0.050000000000000044, 39: 0.050000000000000044, 49: 0.050000000000000044, 23: -0.20000000000000018}
Length of Loader 100
{67: -0.19999999999999962, 86: -0.3500000000000003, 58: -0.30000000000000027, 12: -0.30000000000000027, 29: -0.09999999999999953, 95: -0.10000000000000009, 90: -0.2499999999999991, 17: -0.15000000000000013, 80: -0.3499999999999992, 45: -0.44999999999999984}
Length of Loader 100
{90: 0.050000000000000044, 56: 0.3500000000000003, 14: 0.3500000000000003, 92: 0.5500000000000005, 37: 0.6000000000000005, 21: 0.20000000000000018, 42: 0.3500000000000003, 88: 0.5500000000000005, 65: 0.5000000000000004, 19: 0.4500000000000004}
Length of Loader 100
{24: 0.40000000000000036, 52: 0.40000000000000036, 91: 0.2500000000000002, 86: 0.0, 82: -0.10000000000000009, 47: 0.2500000000000002, 23: 0.10000000000000009, 11: 0.15000000000000013, 49: 0.20000000000000018, 36: 0.10000000000000009}
Length of Loader 100
{77: -0.15000000000000013, 20: -0.050000000000000044, 60: -0.30000000000000027, 84: -0.15000000000000013, 88: -0.40000000000000036, 91: 0.0, 76: -0.2500000000000002, 68: -0.20000000000000018, 81: -0.4500000000000004, 75: -0.3500000000000003}
Length of Loader 100
{75: -0.5500000000000005, 95: -0.050000000000000044, 40: -0.4500000000000004, 94: -0.6000000000000005, 61: -0.6500000000000006, 85: -0.8500000000000002, 38: -0.7500000000000007, 29: -0.5000000000000004, 64: -0.4999999999999999, 51: -0.44999999999999984}
Length of Loader 100
{64: 0.050000000000000044, 84: 0.10000000000000009, 30: 0.10000000000000009, 21: 0.20000000000000018, 51: 0.20000000000000018, 16: 0.30000000000000027, 79: 0.2500000000000002, 55: 0.10000000000000009, 15: -0.050000000000000044, 66: 0.050000000000000044}
Length of Loader 100
{27: 0.0, 81: 0.050000000000000044, 66: -0.050000000000000044, 15: -0.65, 49: -0.40000000000000036, 19: -0.4999999999999999, 75: -0.4500000000000004, 64: -1.0500000000000003, 7: -0.4999999999999999, 84: -0.6}
Length of Loader 100
{98: -0.15000000000000013, 17: -0.050000000000000044, 34: -0.10000000000000009, 33: -0.050000000000000044, 56: 0.2500000000000002, 58: 0.15000000000000013, 10: -0.050000000000000044, 46: -0.3500000000000003, 3: -0.10000000000000009, 25: 0.10000000000000009}
Length of Loader 100
{22: 0.15000000000000013, 11: 0.10000000000000009, 2: 0.0, 63: 0.10000000000000009, 83: 0.2500000000000002, 17: 0.2500000000000002, 29: 0.5500000000000005, 33: 0.2500000000000002, 31: -0.10000000000000009, 84: -0.050000000000000044}
Length of Loader 100
{43: 0.15000000000000013, 55: 0.050000000000000044, 77: -0.44999999999999984, 54: 0.20000000000000018, 35: -0.40000000000000036, 48: 0.050000000000000044, 76: 0.050000000000000044, 91: -0.20000000000000018, 36: -0.2500000000000002, 57: -0.7500000000000001}
Length of Loader 100
2025-01-27 10:13:09 - WARNING  - Epoch:   347. Accuracy: Top-1: 78.58 | Loss: value: 0.63
2025-01-27 10:13:09 - WARNING  - Epoch 347
2025-01-27 10:13:09 - WARNING  - s_i: {0: 0.43108574008735534, 1: 0.9667387762528499, 2: 1.441828347233896, 3: 0.9643130153226939, 4: 3.4117411344297546, 5: 1.9373468401068792, 6: 4.434696920961615, 7: 0.44918365776109503, 8: 7.46099065974472, 9: 0.9405827212280151, 10: 4.947224968335656, 11: 3.4555004594563146, 12: 2.430570447412958, 13: 1.4598369953313197, 14: 5.417900093701142, 15: 2.4180249333700727, 16: 4.450270828154874, 17: 4.4093126381330485, 18: 4.402348964370393, 19: 0.9272524225991061, 20: 0.43702130499652436, 21: 5.9452995526800825, 22: 4.460773367260695, 23: 2.9456704358896455, 24: 4.440758462986249, 25: 2.952456756046387, 26: 1.9577737721955317, 27: 0.47180207484024655, 28: 0.4019114971566724, 29: 6.9349961296057465, 30: 3.4675028011609745, 31: 2.460018147725006, 32: 1.9350788360812912, 33: 3.9056141941805502, 34: 3.4852629889334654, 35: 1.426751119324222, 36: 2.4291801249609812, 37: 6.935929546590171, 38: 0.94530440500925, 39: 1.979084380351142, 40: 1.4118106443417089, 41: 0.4456686494683739, 42: 7.42914314518991, 43: 5.923615579858098, 44: 0.9667216259172782, 45: 3.9503850171280814, 46: 2.9598385826866886, 47: 3.4510229406246116, 48: 1.9218207471971305, 49: 5.9134982965702205, 50: 0.9333698772791125, 51: 2.957305159817241, 52: 4.938001770221346, 53: 1.4574039217329495, 54: 2.95045201274457, 55: 7.455321700097592, 56: 7.458203871788996, 57: 4.933359451348961, 58: 1.9451705446853542, 59: 2.961187174907667, 60: 1.9371403475534583, 61: 2.4383171832224315, 62: 1.454023033096198, 63: 1.4755766640782995, 64: 4.959243439431857, 65: 7.936200770826686, 66: 1.9288699130256475, 67: 1.931752545092674, 68: 0.9219297284167198, 69: 3.9272988667019595, 70: 0.9216427351418948, 71: 3.413621665767054, 72: 1.4544857440475465, 73: 3.463753677777817, 74: 3.93521941622246, 75: 0.9576165424389438, 76: 1.437887882379776, 77: 3.457449421771574, 78: 0.9425134115671043, 79: 4.451592629203817, 80: 1.452813199103702, 81: 3.910106279171801, 82: 3.958898743969708, 83: 2.9438001192362018, 84: 1.9344971269807683, 85: 1.9408418660748632, 86: 7.942213453005195, 87: 5.946197555337541, 88: 3.4330433485350627, 89: 1.9727297190840902, 90: 1.4367322214946332, 91: 4.4318048945797734, 92: 3.431174413470651, 93: 5.939007789441526, 94: 0.952488610131998, 95: 0.4537854007172353, 96: 4.925270606299887, 97: 1.920363300544278, 98: 4.457859888699248, 99: 0.931737577907588}
2025-01-27 10:13:09 - WARNING  - Sum of s_i: 306.6997429071242
2025-01-27 10:13:32 - WARNING  - Epoch:   348. Accuracy: Top-1: 78.87 | Loss: value: 0.63
2025-01-27 10:13:32 - WARNING  - Epoch 348
2025-01-27 10:13:32 - WARNING  - s_i: {0: 3.426491456093181, 1: 0.9667387762528499, 2: 1.441828347233896, 3: 0.9643130153226939, 4: 3.4117411344297546, 5: 1.9373468401068792, 6: 4.434696920961615, 7: 0.44918365776109503, 8: 7.46099065974472, 9: 0.9405827212280151, 10: 4.947224968335656, 11: 3.4555004594563146, 12: 2.430570447412958, 13: 1.4598369953313197, 14: 5.417900093701142, 15: 2.4180249333700727, 16: 4.450270828154874, 17: 4.4093126381330485, 18: 4.402348964370393, 19: 0.9272524225991061, 20: 0.43702130499652436, 21: 5.9452995526800825, 22: 4.460773367260695, 23: 1.440731384606884, 24: 4.440758462986249, 25: 2.952456756046387, 26: 1.9577737721955317, 27: 0.47180207484024655, 28: 0.4019114971566724, 29: 6.9349961296057465, 30: 3.4675028011609745, 31: 2.460018147725006, 32: 1.9350788360812912, 33: 3.9056141941805502, 34: 3.4852629889334654, 35: 1.426751119324222, 36: 2.4291801249609812, 37: 6.935929546590171, 38: 0.94530440500925, 39: 1.979084380351142, 40: 1.4118106443417089, 41: 0.4456686494683739, 42: 7.42914314518991, 43: 5.923615579858098, 44: 0.9667216259172782, 45: 1.9458745641397228, 46: 2.9598385826866886, 47: 3.4510229406246116, 48: 1.9218207471971305, 49: 5.9134982965702205, 50: 0.9333698772791125, 51: 2.957305159817241, 52: 4.938001770221346, 53: 1.4574039217329495, 54: 0.4463230138066163, 55: 6.450357444552884, 56: 7.458203871788996, 57: 4.933359451348961, 58: 1.9451705446853542, 59: 2.961187174907667, 60: 1.9371403475534583, 61: 2.4383171832224315, 62: 1.454023033096198, 63: 1.4755766640782995, 64: 6.454714932702066, 65: 7.936200770826686, 66: 1.9288699130256475, 67: 1.931752545092674, 68: 0.9219297284167198, 69: 3.9272988667019595, 70: 0.9216427351418948, 71: 3.413621665767054, 72: 1.4544857440475465, 73: 3.463753677777817, 74: 3.93521941622246, 75: 0.9576165424389438, 76: 3.43374707453843, 77: 3.457449421771574, 78: 0.9425134115671043, 79: 4.451592629203817, 80: 1.452813199103702, 81: 3.910106279171801, 82: 3.958898743969708, 83: 2.9438001192362018, 84: 1.9344971269807683, 85: 1.9408418660748632, 86: 7.942213453005195, 87: 5.946197555337541, 88: 3.4330433485350627, 89: 1.9727297190840902, 90: 1.4367322214946332, 91: 4.4318048945797734, 92: 3.426258300147126, 93: 5.939007789441526, 94: 0.952488610131998, 95: 0.4537854007172353, 96: 4.925270606299887, 97: 2.9153860068282964, 98: 4.457859888699248, 99: 0.931737577907588}
2025-01-27 10:13:32 - WARNING  - Sum of s_i: 307.15804314276556
2025-01-27 10:13:56 - WARNING  - Epoch:   349. Accuracy: Top-1: 78.73 | Loss: value: 0.62
2025-01-27 10:13:56 - WARNING  - Epoch 349
2025-01-27 10:13:56 - WARNING  - s_i: {0: 3.426491456093181, 1: 0.9667387762528499, 2: 1.441828347233896, 3: 0.9643130153226939, 4: 3.4117411344297546, 5: 1.9373468401068792, 6: 4.434696920961615, 7: 0.44918365776109503, 8: 4.95665628860524, 9: 0.9405827212280151, 10: 4.947224968335656, 11: 3.4555004594563146, 12: 2.430570447412958, 13: 1.4598369953313197, 14: 5.417900093701142, 15: 2.4180249333700727, 16: 4.450270828154874, 17: 4.4093126381330485, 18: 4.402348964370393, 19: 0.9272524225991061, 20: 0.43702130499652436, 21: 5.9452995526800825, 22: 4.460773367260695, 23: 1.440731384606884, 24: 4.440758462986249, 25: 2.952456756046387, 26: 1.9577737721955317, 27: 0.47180207484024655, 28: 0.4019114971566724, 29: 6.9349961296057465, 30: 3.4675028011609745, 31: 2.460018147725006, 32: 3.4300849003952383, 33: 3.9056141941805502, 34: 3.4852629889334654, 35: 1.426751119324222, 36: 2.4291801249609812, 37: 6.935929546590171, 38: 0.94530440500925, 39: 1.979084380351142, 40: 1.4118106443417089, 41: 0.4456686494683739, 42: 7.42914314518991, 43: 5.923615579858098, 44: 0.9667216259172782, 45: 1.9458745641397228, 46: 2.9598385826866886, 47: 2.446125234687071, 48: 1.9218207471971305, 49: 5.9134982965702205, 50: 0.9333698772791125, 51: 2.957305159817241, 52: 4.938001770221346, 53: 1.4574039217329495, 54: 0.4463230138066163, 55: 6.450357444552884, 56: 7.458203871788996, 57: 4.933359451348961, 58: 1.9451705446853542, 59: 2.961187174907667, 60: 1.9371403475534583, 61: 2.4383171832224315, 62: 1.454023033096198, 63: 1.4755766640782995, 64: 6.454714932702066, 65: 7.936200770826686, 66: 1.9288699130256475, 67: 1.931752545092674, 68: 0.9219297284167198, 69: 3.9272988667019595, 70: 0.9216427351418948, 71: 3.413621665767054, 72: 1.4544857440475465, 73: 3.463753677777817, 74: 3.93521941622246, 75: 0.45337819668283597, 76: 3.43374707453843, 77: 3.457449421771574, 78: 0.9425134115671043, 79: 4.451592629203817, 80: 1.452813199103702, 81: 3.910106279171801, 82: 3.958898743969708, 83: 2.9438001192362018, 84: 1.9344971269807683, 85: 1.9408418660748632, 86: 7.942213453005195, 87: 5.946197555337541, 88: 1.4288585578185011, 89: 1.9727297190840902, 90: 1.4367322214946332, 91: 4.4318048945797734, 92: 3.426258300147126, 93: 5.939007789441526, 94: 0.952488610131998, 95: 0.4537854007172353, 96: 4.925270606299887, 97: 2.9153860068282964, 98: 4.457859888699248, 99: 0.931737577907588}
2025-01-27 10:13:56 - WARNING  - Sum of s_i: 302.6353939935298
2025-01-27 10:14:19 - WARNING  - Epoch:   350. Accuracy: Top-1: 78.83 | Loss: value: 0.62
2025-01-27 10:14:19 - WARNING  - Epoch 350
2025-01-27 10:14:19 - WARNING  - s_i: {0: 3.426491456093181, 1: 0.9667387762528499, 2: 1.441828347233896, 3: 0.9643130153226939, 4: 3.4117411344297546, 5: 3.432871614400229, 6: 4.434696920961615, 7: 0.44918365776109503, 8: 4.95665628860524, 9: 0.9405827212280151, 10: 4.947224968335656, 11: 3.4555004594563146, 12: 2.430570447412958, 13: 1.4598369953313197, 14: 5.417900093701142, 15: 2.4180249333700727, 16: 4.450270828154874, 17: 5.405190485320914, 18: 4.402348964370393, 19: 0.9272524225991061, 20: 0.43702130499652436, 21: 5.9452995526800825, 22: 4.460773367260695, 23: 1.440731384606884, 24: 4.440758462986249, 25: 2.952456756046387, 26: 1.9577737721955317, 27: 0.47180207484024655, 28: 2.3972406160688964, 29: 6.9349961296057465, 30: 3.4675028011609745, 31: 2.460018147725006, 32: 5.925090964709186, 33: 3.9056141941805502, 34: 3.4852629889334654, 35: 1.426751119324222, 36: 2.4244587999583804, 37: 6.935929546590171, 38: 0.94530440500925, 39: 1.979084380351142, 40: 1.4118106443417089, 41: 2.9411410369240736, 42: 7.42914314518991, 43: 5.923615579858098, 44: 0.9667216259172782, 45: 1.9458745641397228, 46: 2.9598385826866886, 47: 2.446125234687071, 48: 1.9218207471971305, 49: 5.9134982965702205, 50: 0.9333698772791125, 51: 2.957305159817241, 52: 4.938001770221346, 53: 1.4574039217329495, 54: 0.4463230138066163, 55: 6.450357444552884, 56: 7.458203871788996, 57: 4.933359451348961, 58: 1.9451705446853542, 59: 2.961187174907667, 60: 1.9371403475534583, 61: 2.4383171832224315, 62: 1.454023033096198, 63: 1.4755766640782995, 64: 6.454714932702066, 65: 7.936200770826686, 66: 1.9288699130256475, 67: 1.931752545092674, 68: 0.9219297284167198, 69: 3.9272988667019595, 70: 0.9216427351418948, 71: 3.413621665767054, 72: 3.9499343184523035, 73: 3.463753677777817, 74: 3.93521941622246, 75: 0.45337819668283597, 76: 4.929606266697084, 77: 3.457449421771574, 78: 0.9425134115671043, 79: 4.451592629203817, 80: 1.452813199103702, 81: 3.910106279171801, 82: 3.958898743969708, 83: 2.9438001192362018, 84: 1.9344971269807683, 85: 1.9408418660748632, 86: 7.942213453005195, 87: 6.441714018282337, 88: 1.4288585578185011, 89: 1.9727297190840902, 90: 1.4367322214946332, 91: 4.4318048945797734, 92: 3.426258300147126, 93: 5.939007789441526, 94: 0.952488610131998, 95: 0.4537854007172353, 96: 4.925270606299887, 97: 2.9153860068282964, 98: 4.457859888699248, 99: 0.931737577907588}
2025-01-27 10:14:19 - WARNING  - Sum of s_i: 316.5947070901985
2025-01-27 10:14:25 - WARNING  - The sum of accs: 72.0
2025-01-27 10:14:25 - WARNING  - The welfare is 71.85849492715475
{8: 0.40000000000000036, 77: 0.30000000000000027, 74: 0.3500000000000003, 55: 0.6000000000000005, 18: 0.3500000000000003, 73: 0.6500000000000006, 49: 0.4500000000000004, 86: 0.6000000000000005, 42: 0.30000000000000027, 96: 0.5500000000000005}
Length of Loader 100
{97: 0.10000000000000009, 0: 0.30000000000000027, 76: 0.20000000000000018, 55: -0.09999999999999953, 45: -0.20000000000000018, 23: -0.15000000000000013, 54: -0.2500000000000002, 68: -0.10000000000000009, 92: 0.0, 64: 0.15000000000000013}
Length of Loader 100
{62: -0.4999999999999999, 88: -0.20000000000000018, 47: -0.10000000000000009, 75: -0.050000000000000044, 32: 0.15000000000000013, 67: -0.3999999999999998, 29: -0.8999999999999997, 36: -0.7999999999999996, 59: -0.5000000000000004, 8: -0.2500000000000002}
Length of Loader 100
{36: 0.0, 87: 0.050000000000000044, 32: 0.2500000000000002, 17: 0.10000000000000009, 28: 0.20000000000000018, 49: 0.3500000000000003, 72: 0.2500000000000002, 41: 0.2500000000000002, 5: 0.15000000000000013, 76: 0.15000000000000013}
Length of Loader 100
